Reading No,Reading Type,Duration,Main,Low,High,Light,Time,User,Sigma Value,Units,Description,FO #,Heat #,Material #,PO #,Report #,S/O #,Weld #,Mode,Pass/Fail,Pass/Fail Criteria,Batch,Heat,Lot,Note,Sample,Match 1,Match Number 1,Match 2,Match Number 2,Ag,Ag 2-Sigma/LOD,Ag CPS/uA,Al,Al 2-Sigma/LOD,Al CPS/uA,Au,Au 2-Sigma/LOD,Au CPS/uA,Bi,Bi 2-Sigma/LOD,Bi CPS/uA,Cd,Cd 2-Sigma/LOD,Cd CPS/uA,Co,Co 2-Sigma/LOD,Co CPS/uA,Cr,Cr 2-Sigma/LOD,Cr CPS/uA,Cu,Cu 2-Sigma/LOD,Cu CPS/uA,Fe,Fe 2-Sigma/LOD,Fe CPS/uA,Hf,Hf 2-Sigma/LOD,Hf CPS/uA,Mg,Mg 2-Sigma/LOD,Mg CPS/uA,Mn,Mn 2-Sigma/LOD,Mn CPS/uA,Mo,Mo 2-Sigma/LOD,Mo CPS/uA,Nb,Nb 2-Sigma/LOD,Nb CPS/uA,Ni,Ni 2-Sigma/LOD,Ni CPS/uA,P,P 2-Sigma/LOD,P CPS/uA,Pb,Pb 2-Sigma/LOD,Pb CPS/uA,Pd,Pd 2-Sigma/LOD,Pd CPS/uA,Re,Re 2-Sigma/LOD,Re CPS/uA,Ru,Ru 2-Sigma/LOD,Ru CPS/uA,S,S 2-Sigma/LOD,S CPS/uA,Sb,Sb 2-Sigma/LOD,Sb CPS/uA,Se,Se 2-Sigma/LOD,Se CPS/uA,Si,Si 2-Sigma/LOD,Si CPS/uA,Sn,Sn 2-Sigma/LOD,Sn CPS/uA,Ta,Ta 2-Sigma/LOD,Ta CPS/uA,Te,Te 2-Sigma/LOD,Te CPS/uA,Ti,Ti 2-Sigma/LOD,Ti CPS/uA,V,V 2-Sigma/LOD,V CPS/uA,W,W 2-Sigma/LOD,W CPS/uA,Y,Y 2-Sigma/LOD,Y CPS/uA,Zn,Zn 2-Sigma/LOD,Zn CPS/uA,Zr,Zr 2-Sigma/LOD,Zr CPS/uA,As,As 2-Sigma/LOD,As CPS/uA,Bal,Bal 2-Sigma/LOD,Hg,Hg 2-Sigma/LOD,Hg CPS/uA,Rb,Rb 2-Sigma/LOD,Rb CPS/uA,Sr,Sr 2-Sigma/LOD,Sr CPS/uA,Th,Th 2-Sigma/LOD,Th CPS/uA,U,U 2-Sigma/LOD,U CPS/uA,Ba,Ba 2-Sigma/LOD,Ba CPS/uA,Ca,Ca 2-Sigma/LOD,Ca CPS/uA,Cl,Cl 2-Sigma/LOD,Cl CPS/uA,K,K 2-Sigma/LOD,K CPS/uA,Cs,Cs 2-Sigma/LOD,Cs CPS/uA,Sc,Sc 2-Sigma/LOD,Sc CPS/uA,Satellites,Altitude,Latitude,Longitude,Grid,Easting,Northing,
2,General Metals,19.11,19.11,,,,"Tue Jan 6, 2026 - 17:27:55",User,2,%,h,o,o,p,n,h,o,o,General Metals,,,,,,,,1.25Cr(P11),0.53,Ni-Hard 1,3.39,0.0093 , 0.0066,16.9568,<LOD,0.1497,0.0552,<LOD,0.0114,0.2562,<LOD,0.0062,-0.3719,<LOD,0.0102,5.5821,<LOD,0.2057,309.5099,1.1616 , 0.0267,33.1137,0.1530 , 0.0155,1.8425,96.9297 , 0.1517,2105.7153,<LOD,0.0000,0.0000,<LOD,0.0000,0.0237,0.4638 , 0.0344,20.7665,0.5615 , 0.0074,81.6482,<LOD,0.0023,1.1098,<LOD,0.1682,0.8481,0.0274 , 0.0096,0.2030,0.0145 , 0.0103,0.6998,<LOD,0.0183,7.9143,<LOD,0.0000,0.0000,<LOD,0.0033,3.3765,0.0425 , 0.0119,1.4797,<LOD,0.0186,6.4314,<LOD,0.0029,0.2410,0.5290 , 0.0373,0.3765,0.0096 , 0.0054,8.6398,<LOD,0.0000,0.0000,<LOD,0.0000,8.0624,0.0486 , 0.0244,2.8389,<LOD,0.0724,2.5684,<LOD,0.0000,0.1652,<LOD,0.0009,0.1312,<LOD,0.0085,0.2592,<LOD,0.0021,0.6157,,,,,,,,,,,,,,,,,,,,,,,,,,,,,,,,,,,,,,,,,,,,,
3,General Metals,15.88,15.88,,,,"Tue Jan 6, 2026 - 17:28:30",User,2,%,h,o,o,p,n,h,o,o,General Metals,,,,,,,,AlloyC-276,1.99,No Match,4.32,<LOD,0.0415,8.2469,<LOD,0.9312,0.0649,<LOD,0.0000,8.4137,<LOD,0.0136,0.2253,<LOD,0.0470,7.7833,0.1102 , 0.0515,6.5753,15.9654 , 0.1559,52.8490,<LOD,0.1321,28.0790,6.1437 , 0.0999,31.8919,<LOD,0.0000,0.0000,<LOD,0.0000,0.0242,0.4363 , 0.0730,12.0579,14.6822 , 0.1782,528.4729,0.0317 , 0.0055,5.2351,59.4210 , 0.5597,354.2711,<LOD,0.2136,0.5970,<LOD,0.0156,0.2369,<LOD,0.0539,9.8408,<LOD,0.0000,0.0000,<LOD,0.0211,16.6148,<LOD,0.3761,7.5483,<LOD,0.0548,5.6412,<LOD,0.0402,1.9173,<LOD,0.4962,0.4613,<LOD,0.0433,5.0247,<LOD,0.0000,0.0000,<LOD,0.0000,6.5552,<LOD,0.2673,0.8287,<LOD,0.1491,0.8759,3.1296 , 0.4330,39.9753,<LOD,0.0060,0.3111,0.0801 , 0.0500,2.3472,<LOD,0.0065,1.4574,,,,,,,,,,,,,,,,,,,,,,,,,,,,,,,,,,,,,,,,,,,,,
4,General Metals,12.83,12.83,,,,"Tue Jan 6, 2026 - 17:28:53",User,2,%,h,o,o,p,n,h,o,o,General Metals,,,,,,,,AlloyC-276,3.93,No Match,4.79,0.0216 , 0.0157,9.9321,<LOD,0.9839,0.0841,<LOD,0.0000,16.8783,<LOD,0.0111,0.3368,<LOD,0.0274,3.4261,0.6813 , 0.0576,21.6712,13.0685 , 0.1460,100.1604,<LOD,0.1748,71.2801,5.3289 , 0.0913,69.2287,<LOD,0.0000,0.0000,<LOD,0.0000,0.0601,0.4583 , 0.0676,23.8220,16.2867 , 0.1995,1344.5624,0.0269 , 0.0052,10.7213,61.3333 , 0.5781,903.0536,<LOD,0.3505,1.8896,<LOD,0.0139,0.3803,<LOD,0.0301,4.2608,<LOD,0.0000,0.0000,0.0124 , 0.0105,37.9413,<LOD,0.3772,8.7121,<LOD,0.0331,3.4983,<LOD,0.0417,4.3271,<LOD,0.5057,0.5519,<LOD,0.0262,3.6955,<LOD,0.0000,0.0000,<LOD,0.0000,4.3490,<LOD,0.2241,1.4307,<LOD,0.1671,1.7112,2.6693 , 0.4555,97.7835,<LOD,0.0042,-0.1668,0.1127 , 0.0513,5.2452,<LOD,0.0054,2.2813,,,,,,,,,,,,,,,,,,,,,,,,,,,,,,,,,,,,,,,,,,,,,
5,General Metals,14.97,14.97,,,,"Tue Jan 6, 2026 - 17:29:16",User,2,%,h,o,o,p,n,h,o,o,General Metals,,,,,,,,No Match,4.97,No Match,4.99,<LOD,0.0216,13.9829,<LOD,0.5268,0.1714,<LOD,0.0000,29.7763,<LOD,0.0101,0.6358,<LOD,0.0218,4.6295,0.2362 , 0.0479,28.0679,16.0599 , 0.1417,217.9070,0.0829 , 0.0529,117.0592,5.8180 , 0.0897,123.9152,<LOD,0.0000,0.0000,<LOD,0.0000,0.0786,0.3922 , 0.0667,47.5992,14.3330 , 0.1290,2239.9788,0.0208 , 0.0043,17.3566,56.7820 , 0.4215,1433.1328,3.2250 , 0.1090,7.8786,<LOD,0.0115,0.5930,<LOD,0.0240,6.2776,<LOD,0.0000,0.0000,0.0127 , 0.0088,63.3409,<LOD,0.1978,23.1236,<LOD,0.0264,5.2478,<LOD,0.0351,7.4553,0.2559 , 0.1288,1.5033,<LOD,0.0215,6.1357,<LOD,0.0000,0.0000,<LOD,0.0000,6.6130,<LOD,0.2649,2.5861,<LOD,0.1498,3.1071,2.7297 , 0.3854,159.9946,<LOD,0.0043,0.3635,0.0516 , 0.0430,8.2401,<LOD,0.0045,3.6490,,,,,,,,,,,,,,,,,,,,,,,,,,,,,,,,,,,,,,,,,,,,,
8,Health Check,152.13,,,,,"Mon Apr 27, 2026 - 15:59:00",User,,,,,,,,,,,Health Check,Pass,Detector Quality: 1.35 — Pass; Fault Free: Pass; Battery Health  95%: Pass; C#1 Voltage  3952 mV: Pass; C#2 Voltage  3951 mV: Pass; Tube Health: Pass; System Check: Reading #7 - Pass; Filter Wheel Check: Pass; XRay LED Test: Pass; Wi-Fi: Pass; Bluetooth: Pass; GPS: Pass; ,,,,,,,,,,,,,,,,,,,,,,,,,,,,,,,,,,,,,,,,,,,,,,,,,,,,,,,,,,,,,,,,,,,,,,,,,,,,,,,,,,,,,,,,,,,,,,,,,,,,,,,,,,,,,,,,,,,,,,,,,,,,,,,,,,,,,,,,,,,,,,,,,,,,,,,,,
9,Mining,30.26,28.88,,,,"Mon Apr 27, 2026 - 16:01:30",User,1.5,%,,,,,,,,,Mining,,,,,,,,,,,,0.0473 , 0.0422,10.9557,,,,<LOD,0.0025,0.0509,<LOD,0.0012,0.0906,<LOD,0.0035,4.6511,0.0525 , 0.0308,218.8533,0.9704 , 0.0112,23.5826,0.1255 , 0.0053,1.1950,88.3385 , 0.0558,1492.7128,<LOD,0.0000,0.0000,,,,0.3938 , 0.0139,14.8244,0.5019 , 0.0027,53.7825,<LOD,0.0006,0.8154,0.0422 , 0.0059,0.4622,,,,0.0020 , 0.0009,0.2563,<LOD,0.0035,5.5893,<LOD,0.0000,0.0000,,,,,,,<LOD,0.0064,5.3756,<LOD,0.0007,0.1219,,,,0.0134 , 0.0031,6.2361,<LOD,0.0000,0.0000,,,,0.0150 , 0.0083,1.3716,0.0097 , 0.0051,1.5666,<LOD,0.0075,0.1506,<LOD,0.0004,0.2720,<LOD,0.0022,0.1590,<LOD,0.0003,0.4249,0.0027 , 0.0009,0.2056,9.4821 , 1.5148,0.0032 , 0.0017,0.1771,<LOD,0.0002,-0.0211,<LOD,0.0002,0.1279,<LOD,0.0021,-1.2505,<LOD,0.0004,-0.0419,,,,,,,,,,,,,,,,,,,,,,,,,
10,Mining,30.18,30.18,,,,"Mon Apr 27, 2026 - 16:04:05",User,1.5,%,,,,,,,,,Mining,,,,,,,,,,,,0.0513 , 0.0457,11.3252,,,,<LOD,0.0040,0.0693,<LOD,0.0014,0.1160,<LOD,0.0038,4.6572,<LOD,0.0710,218.2676,0.9669 , 0.0109,23.4229,0.1251 , 0.0053,1.1768,89.0776 , 0.0612,1492.0057,<LOD,0.0000,0.0000,,,,0.3894 , 0.0136,14.6876,0.5098 , 0.0027,53.7671,<LOD,0.0006,0.8082,0.0425 , 0.0136,0.5107,,,,0.0067 , 0.0011,0.3306,<LOD,0.0035,5.5282,<LOD,0.0000,0.0000,,,,,,,<LOD,0.0063,5.2740,<LOD,0.0007,0.1218,,,,0.0147 , 0.0031,6.2731,<LOD,0.0000,0.0000,,,,0.0340 , 0.0084,1.5001,<LOD,0.0273,1.5076,<LOD,0.0069,0.1427,<LOD,0.0004,0.2574,<LOD,0.0022,0.1524,<LOD,0.0004,0.4309,<LOD,0.0023,0.2156,8.7820 , 1.5063,<LOD,0.0029,0.1459,<LOD,0.0003,-0.0470,<LOD,0.0003,0.1410,<LOD,0.0020,-1.2814,<LOD,0.0004,-0.0342,,,,,,,,,,,,,,,,,,,,,,,,,
11,Mining,30.22,30.22,,,,"Mon Apr 27, 2026 - 16:06:13",User,1.5,ppm,,,,,,,,,Mining,,,,,,,,,,,,530.2454 , 472.3818,11.0798,,,,<LOD,25.4039,0.0516,<LOD,12.8545,0.0996,<LOD,50.3343,4.5930,730.8765 , 302.9352,217.1097,9661.3809 , 107.4679,23.1844,1297.8165 , 53.3068,1.1709,906726.8125 , 586.7844,1481.1643,<LOD,0.0000,0.0000,,,,4122.4600 , 135.9626,14.8218,5295.4458 , 27.0715,53.4814,<LOD,7.0113,0.8166,470.1707 , 60.2707,0.4825,,,,26.3347 , 9.3947,0.2579,<LOD,50.3219,5.5110,<LOD,0.0000,0.0000,,,,,,,48.4045 , 42.6489,5.4662,<LOD,6.5018,0.0890,,,,167.7822 , 31.1528,6.1412,<LOD,0.0000,0.0000,,,,299.4977 , 82.0222,1.4596,<LOD,210.4861,1.4554,<LOD,94.7217,0.1589,<LOD,3.9443,0.2678,<LOD,22.0914,0.1516,<LOD,4.8919,0.4386,18.6367 , 9.0147,0.1838,70604.0156 , 15509.8848,<LOD,31.6122,0.1523,<LOD,4.0120,-0.1084,<LOD,2.1253,0.1183,<LOD,21.9012,-1.3880,<LOD,2.7469,-0.0186,,,,,,,,,,,,,,,,,,,,,,,,,
12,Mining,120.42,30.02,30.15,30.05,29.29,"Mon Apr 27, 2026 - 16:29:35",User,1.5,ppm,,,,,,,,,Mining,,,,,,,,,,,,<LOD,1.6455,0.7539,109689.2812 , 1689.0031,1.7673,<LOD,3.2858,0.0925,<LOD,1.3965,0.1228,<LOD,2.4735,1.3863,<LOD,54.4946,10.5507,74.5799 , 5.2700,2.4936,<LOD,4.0075,0.2587,32468.2910 , 148.0723,68.6046,<LOD,0.0000,0.0000,13009.8223 , 4738.4473,0.0710,250.8696 , 24.1592,0.8743,<LOD,1.1403,4.4174,4.6193 , 0.6188,2.7730,15.0209 , 4.9118,0.2231,589.1654 , 201.9409,0.2168,8.3340 , 1.0172,0.3057,<LOD,1.4406,0.5315,<LOD,0.0000,0.0000,,,,9126.5996 , 108.0639,2.5209,<LOD,4.7193,4.0954,<LOD,0.8878,0.1811,335346.7188 , 824.2930,23.5522,17.5910 , 2.5739,3.4418,<LOD,0.0000,0.0000,,,,6605.7573 , 41.4708,16.6486,133.0023 , 11.5158,2.8596,<LOD,7.3637,0.1783,10.7839 , 0.6748,2.0518,9.8897 , 2.1748,0.3165,121.1277 , 1.3887,12.3705,<LOD,1.5948,0.2423,456806.6875 , 5870.8843,4.9047 , 1.9682,0.2438,37.8140 , 1.0727,1.8113,270.7225 , 1.5441,14.8154,3.9463 , 0.8156,0.2986,3.0100 , 1.0921,0.5430,393.5220 , 23.7297,16.9442,25664.2422 , 166.5807,24.7559,<LOD,54.9025,0.8114,9333.7012 , 117.3323,4.1505,,,,,,,,,,,,,
13,Mining,120.58,30.24,30.07,30.10,28.34,"Mon Apr 27, 2026 - 16:33:18",User,1.5,ppm,,,,,,,,,Mining,,,,,,,,,,,,<LOD,1.7506,0.7669,81644.0312 , 1402.2046,1.3643,<LOD,3.4477,0.0962,<LOD,1.3910,0.1150,<LOD,2.5900,1.3555,<LOD,69.6257,21.0145,56.2327 , 6.8162,3.1873,12.1941 , 3.0524,0.3269,62616.6992 , 215.7029,143.5265,<LOD,0.0000,0.0000,6013.0273 , 4833.2803,0.0669,229.6201 , 24.7888,1.1427,<LOD,1.1803,4.3608,4.4917 , 0.6346,2.6841,58.2872 , 5.9381,0.2315,1983.8052 , 319.6865,0.6364,8.3618 , 1.0455,0.3035,<LOD,1.5511,0.5565,<LOD,0.0000,0.0000,,,,31628.8145 , 191.6868,8.7074,<LOD,5.0236,4.1541,<LOD,0.8936,0.1704,279856.4375 , 769.1091,20.5991,13.7408 , 2.6994,3.3511,<LOD,0.0000,0.0000,,,,4632.5430 , 42.7746,13.0416,162.8043 , 12.9878,2.6738,<LOD,7.0370,0.1541,9.9005 , 0.6812,1.9315,13.5154 , 2.3010,0.3400,119.4783 , 1.3920,11.5254,1.4784 , 1.0700,0.2685,506162.0625 , 5483.1367,17.0823 , 2.2634,0.3239,38.8162 , 1.0902,1.7438,262.2858 , 1.5252,13.6078,3.1222 , 0.8007,0.2627,1.9099 , 1.1083,0.5173,437.0629 , 25.2794,17.0274,16276.2764 , 161.2633,17.0591,<LOD,51.1074,0.7590,7735.8784 , 130.7670,3.6985,,,,,,,,,,,,,
14,Mining,127.99,37.39,30.16,30.24,30.20,"Mon Apr 27, 2026 - 16:36:09",User,1.5,ppm,,,,,,,,,Mining,,,,,,,,,,,,<LOD,1.5661,0.7858,95025.5234 , 1499.4564,1.9171,<LOD,3.1485,0.1205,<LOD,1.2335,0.1348,<LOD,2.3579,1.4446,<LOD,51.5785,14.1955,48.7621 , 5.0437,2.5114,19.1278 , 2.7049,0.3773,40337.4102 , 157.7254,91.6454,<LOD,0.0000,0.0000,11735.6416 , 4253.3853,0.0718,230.3723 , 20.8485,0.9737,<LOD,1.4894,4.8359,5.9300 , 0.5352,3.0042,16.5088 , 4.5638,0.2557,1149.2152 , 204.8883,0.2970,12.4258 , 0.9412,0.3684,<LOD,1.4104,0.5899,<LOD,0.0000,0.0000,,,,11192.6016 , 115.3806,3.7085,<LOD,4.5508,4.3805,<LOD,0.7796,0.1891,290423.0000 , 791.9835,27.6743,11.4649 , 2.4515,3.5554,<LOD,0.0000,0.0000,,,,5411.0762 , 42.0129,18.9833,102.9855 , 11.5064,3.1681,<LOD,6.1435,0.1744,9.2662 , 0.5793,2.1057,16.3342 , 1.9933,0.3758,118.5790 , 1.2156,12.9292,<LOD,1.4042,0.2905,516683.8125 , 5096.1572,26.1530 , 2.1629,0.4480,36.8817 , 0.9390,1.9487,214.1735 , 1.2407,13.1234,4.3037 , 0.7236,0.3303,<LOD,2.1397,0.5452,551.4304 , 295.2465,17.5629,18860.3926 , 154.9089,23.4109,<LOD,47.0138,0.7672,7756.6113 , 115.0908,4.4197,,,,,,,,,,,,,
15,Mining,120.77,30.19,30.11,30.17,29.06,"Mon Apr 27, 2026 - 16:39:15",User,1.5,ppm,,,,,,,,,Mining,,,,,,,,,,,,<LOD,1.7513,0.7340,116288.1406 , 1990.6193,1.8947,<LOD,3.6858,0.1025,<LOD,1.3817,0.1050,<LOD,2.5800,1.2836,<LOD,58.3436,10.7966,71.4577 , 5.5109,2.4042,5.9138 , 2.8975,0.2674,34863.4922 , 167.0525,68.9464,<LOD,0.0000,0.0000,27465.3965 , 5440.9146,0.0869,522.0801 , 29.8764,1.1969,<LOD,1.8268,4.1368,5.9136 , 0.6390,2.5827,9.2097 , 5.1871,0.2117,555.6901 , 209.8779,0.2143,7.7633 , 1.0323,0.2744,<LOD,1.6222,0.5855,<LOD,0.0000,0.0000,,,,9859.6074 , 113.6437,2.5074,<LOD,5.0084,3.9454,<LOD,0.9331,0.1693,408614.8438 , 906.7267,28.7753,10.1652 , 2.7008,3.2227,<LOD,0.0000,0.0000,,,,5677.9116 , 40.2627,13.3932,124.6705 , 11.2407,2.3719,<LOD,7.8091,0.1754,8.0332 , 0.6616,1.7090,22.9276 , 2.5825,0.3911,110.6369 , 1.3818,10.5487,<LOD,1.8306,0.2228,358743.2188 , 6972.6406,<LOD,4.9049,0.2129,35.8855 , 1.0822,1.6034,248.3389 , 1.5454,12.5914,4.8292 , 0.8300,0.2770,3.2597 , 1.1001,0.4828,424.1033 , 25.3685,16.6045,27848.3359 , 181.7323,25.3789,<LOD,52.9336,0.6675,8468.2383 , 117.2096,3.5988,,,,,,,,,,,,,
16,Mining,126.17,35.78,30.28,30.03,30.08,"Mon Apr 27, 2026 - 16:42:02",User,1.5,ppm,,,,,,,,,Mining,,,,,,,,,,,,<LOD,3.6645,0.7267,285027.7812 , 2268.7832,1.9996,<LOD,0.1126,0.0001,<LOD,0.0543,0.0001,<LOD,5.4732,1.3155,34.3296 , 3.4602,0.0526,171.1747 , 16.6601,2.7017,<LOD,1.2945,0.0194,<LOD,12.3993,0.1173,<LOD,0.0000,0.0000,76349.7891 , 9401.0928,0.0933,591.5525 , 32.9898,0.5545,<LOD,0.0042,0.0000,<LOD,0.0035,-0.0000,10.8605 , 1.8131,0.0343,1639.1241 , 482.9097,0.2399,<LOD,0.0575,0.0004,<LOD,3.2831,0.5381,<LOD,0.0000,0.0000,,,,27598.9297 , 697.7732,3.6456,<LOD,10.5047,3.9473,<LOD,0.0586,0.0003,517189.2188 , 6020.2490,26.8008,33.4258 , 5.7090,3.2967,<LOD,0.0000,0.0000,,,,13726.0928 , 417.3396,16.8914,253.1716 , 33.5478,2.8534,<LOD,2.0894,0.0102,<LOD,0.0117,0.0001,<LOD,0.7863,0.0131,<LOD,0.0031,-0.0000,<LOD,0.0785,0.0006,1205.4443,,<LOD,0.3853,0.0010,<LOD,0.0092,-0.0000,<LOD,0.0030,-0.0000,<LOD,0.0320,0.0001,<LOD,0.0349,0.0001,1324.5266 , 66.7129,16.4096,55633.6406 , 1439.0073,25.8765,<LOD,120.9350,0.7149,19210.9375 , 540.9471,4.2815,,,,,,,,,,,,,
17,Mining,130.43,39.88,30.11,30.20,30.24,"Mon Apr 27, 2026 - 16:45:00",User,1.5,ppm,,,,,,,,,Mining,,,,,,,,,,,,<LOD,1.6591,0.6954,142350.7188 , 2157.0598,2.3169,<LOD,3.0040,0.0970,<LOD,1.2237,0.1183,<LOD,2.4556,1.2248,<LOD,52.8157,13.4658,69.6114 , 6.1968,2.7463,5.6562 , 2.4267,0.2710,42319.4570 , 196.9044,87.1569,<LOD,0.0000,0.0000,47147.8398 , 5568.1987,0.1072,555.8792 , 25.7284,1.3505,<LOD,0.9947,4.1492,5.3980 , 0.5446,2.6547,10.3521 , 4.5023,0.2076,1230.4933 , 215.1368,0.2818,9.3701 , 0.8929,0.2943,<LOD,1.5222,0.5439,<LOD,0.0000,0.0000,,,,8122.4175 , 105.4796,2.5877,<LOD,4.8120,3.8466,<LOD,0.8037,0.1851,296115.1562 , 896.5959,26.4337,13.8420 , 2.6066,3.1796,<LOD,0.0000,0.0000,,,,5545.4922 , 49.7347,17.7319,132.8698 , 13.4810,3.1129,<LOD,6.6721,0.1846,11.1269 , 0.5980,1.9902,36.4339 , 2.3461,0.4654,106.0096 , 1.2283,11.1213,<LOD,1.5587,0.2342,417740.5625 , 6925.3589,3.0547 , 1.6884,0.2198,38.4065 , 0.9786,1.8501,259.5529 , 1.4927,14.1290,3.1216 , 0.7046,0.2731,4.5767 , 0.9742,0.5391,653.0481 , 349.6190,16.2994,28717.0293 , 217.8425,32.8905,<LOD,51.1303,0.7576,8792.5469 , 138.2760,4.7368,,,,,,,,,,,,,
18,Mining,125.96,35.61,30.10,30.09,30.16,"Mon Apr 27, 2026 - 16:47:52",User,1.5,ppm,,,,,,,,,Mining,,,,,,,,,,,,<LOD,4.2092,0.7382,328536.2188 , 2298.0061,2.3877,<LOD,0.1045,-0.0001,<LOD,0.1327,0.0009,<LOD,4.8757,1.2326,44.5703 , 3.7315,0.0687,162.5092 , 14.4873,2.5650,<LOD,1.3501,0.0242,<LOD,14.1510,0.1134,<LOD,0.0000,0.0000,82601.2891 , 9129.2891,0.1019,476.0525 , 28.3602,0.5020,<LOD,0.0029,0.0000,<LOD,0.0065,0.0001,16.3125 , 1.9806,0.0461,1669.2744 , 399.7131,0.1909,<LOD,0.0082,-0.0000,<LOD,2.9233,0.5039,<LOD,0.0000,0.0000,,,,9701.3799 , 283.8156,1.5860,<LOD,9.5057,3.8828,<LOD,0.0301,-0.0002,472065.0938 , 5706.6997,25.0192,32.1393 , 5.1180,3.1279,<LOD,0.0000,0.0000,,,,12453.7842 , 373.5204,16.4333,321.0471 , 30.7076,2.9201,<LOD,2.0295,0.0109,<LOD,0.0076,-0.0000,<LOD,0.7069,0.0121,<LOD,0.0065,-0.0000,<LOD,0.0599,0.0005,1102.2949,,<LOD,0.4097,0.0018,<LOD,0.0029,-0.0000,<LOD,0.0073,0.0001,<LOD,0.0647,-0.0001,<LOD,0.0234,-0.0000,1251.8318 , 60.6624,15.7700,71031.8125 , 1749.1779,36.6420,<LOD,115.0736,0.7572,18534.3691 , 495.9209,4.6565,,,,,,,,,,,,,
19,Mining,120.86,30.22,30.16,30.25,29.93,"Mon Apr 27, 2026 - 16:51:20",User,1.5,ppm,,,,,,,,,Mining,,,,,,,,,,,,<LOD,1.6245,0.7491,163536.6250 , 2356.8660,2.5347,<LOD,3.2870,0.0976,<LOD,1.3809,0.1260,<LOD,2.3722,1.2857,<LOD,63.1731,10.7793,88.6018 , 5.8515,2.7136,<LOD,5.5722,0.2585,32735.9102 , 179.1389,68.2000,<LOD,0.0000,0.0000,33953.2812 , 5666.9878,0.1042,529.7900 , 28.0845,1.2439,<LOD,1.0742,4.0783,5.6803 , 0.5970,2.7035,<LOD,11.7396,0.2229,603.0908 , 204.5536,0.2267,8.7750 , 0.9839,0.2994,<LOD,1.4294,0.5340,<LOD,0.0000,0.0000,,,,5320.8730 , 87.0886,1.5978,<LOD,4.6066,3.9649,<LOD,0.8551,0.1731,352744.1875 , 942.3121,25.5336,9.1600 , 2.4767,3.2009,<LOD,0.0000,0.0000,,,,6978.7114 , 47.9929,17.3634,179.9989 , 12.7950,3.1275,<LOD,7.0176,0.1703,11.2142 , 0.6516,1.9965,30.3580 , 2.5466,0.4568,105.7716 , 1.3305,11.2141,<LOD,1.4399,0.2215,353298.4062 , 7299.3721,<LOD,3.3079,0.1984,37.2998 , 1.0373,1.7510,287.5988 , 1.6870,15.4084,3.4284 , 0.7924,0.2895,2.6457 , 1.0434,0.5219,375.9263 , 23.2069,16.2596,39214.6055 , 229.5655,38.2509,<LOD,53.7101,0.7517,9938.0811 , 129.0135,4.5642,,,,,,,,,,,,,
20,Mining,120.89,30.21,30.17,30.29,29.91,"Mon Apr 27, 2026 - 16:54:12",User,1.5,ppm,,,,,,,,,Mining,,,,,,,,,,,,<LOD,1.6565,0.6956,147066.8438 , 2100.9685,2.2988,<LOD,3.1808,0.0838,<LOD,1.3026,0.1033,<LOD,2.4708,1.2487,<LOD,64.1008,16.4326,87.1136 , 6.0317,2.9084,6.8148 , 2.8195,0.2836,50360.3086 , 225.5295,109.5650,<LOD,0.0000,0.0000,23238.5078 , 5377.9111,0.0901,330.8340 , 25.8880,1.1426,<LOD,1.1707,4.1629,5.2182 , 0.6194,2.6399,33.1465 , 5.4417,0.2186,972.0943 , 231.4648,0.3196,6.8358 , 0.9829,0.2746,<LOD,1.5156,0.5412,<LOD,0.0000,0.0000,,,,10053.5000 , 111.6660,2.8449,<LOD,4.7985,3.8227,<LOD,0.8467,0.1572,335355.9062 , 870.9346,24.7399,14.5598 , 2.6131,3.2039,<LOD,0.0000,0.0000,,,,6242.0283 , 44.8154,16.3480,174.3542 , 12.6237,3.0252,<LOD,7.3522,0.1728,11.1588 , 0.6742,1.9495,26.2406 , 2.5366,0.4213,107.2349 , 1.3630,10.9660,<LOD,1.4456,0.2087,385263.0000 , 6739.0142,<LOD,4.2239,0.2022,38.0188 , 1.0747,1.7257,289.8094 , 1.6852,14.9947,4.9969 , 0.7959,0.2833,3.2174 , 1.0901,0.5208,376.4944 , 24.2388,15.7874,31255.4727 , 202.4740,31.6552,<LOD,51.1039,0.7365,8676.2900 , 123.9092,4.1185,,,,,,,,,,,,,
21,Mining,126.03,35.61,30.07,30.20,30.15,"Mon Apr 27, 2026 - 16:57:17",User,1.5,ppm,,,,,,,,,Mining,,,,,,,,,,,,<LOD,1.6922,0.7021,177360.7031 , 2365.9978,2.7468,<LOD,3.5455,0.1026,<LOD,1.4826,0.1319,<LOD,2.5267,1.2608,<LOD,60.8323,13.4978,83.0750 , 5.9106,2.7493,6.5521 , 2.8147,0.2766,41057.4102 , 214.7882,86.1881,<LOD,0.0000,0.0000,29326.5039 , 5488.7383,0.1024,509.1055 , 28.8786,1.2868,<LOD,1.1399,4.1105,5.6074 , 0.6226,2.6232,14.4113 , 5.3483,0.2354,1015.4569 , 230.2515,0.3216,8.6999 , 1.0358,0.3003,<LOD,1.5377,0.5380,<LOD,0.0000,0.0000,,,,9848.5303 , 109.5963,2.7120,<LOD,4.9277,3.8969,<LOD,0.9398,0.1915,378331.4375 , 939.4617,28.2169,14.6237 , 2.6918,3.3056,<LOD,0.0000,0.0000,,,,6927.0366 , 48.0139,17.3953,155.6754 , 12.7106,3.0470,<LOD,7.6886,0.1858,11.1711 , 0.6824,1.9681,31.1119 , 2.6752,0.4594,113.0900 , 1.4212,11.4651,<LOD,1.5284,0.2301,310255.4375 , 7281.5029,4.5010 , 1.9878,0.2334,40.3859 , 1.1182,1.8357,298.7632 , 1.7867,15.5307,4.5613 , 0.8600,0.3115,3.9498 , 1.1261,0.5464,427.2466 , 25.2612,16.8052,34487.0195 , 216.2222,33.8387,<LOD,50.8013,0.7256,9658.0000 , 128.4703,4.4332,,,,,,,,,,,,,
22,Mining,120.77,30.25,30.05,30.23,30.24,"Mon Apr 27, 2026 - 17:00:07",User,1.5,ppm,,,,,,,,,Mining,,,,,,,,,,,,<LOD,1.5884,0.7311,157323.6719 , 1999.7269,2.4440,<LOD,3.0465,0.0877,<LOD,1.2253,0.1043,<LOD,2.3775,1.3281,<LOD,57.4894,13.9302,89.2382 , 5.8883,2.9080,7.8435 , 2.7008,0.2953,40483.8242 , 187.3423,89.6133,<LOD,0.0000,0.0000,15646.7666 , 4921.3569,0.0850,431.5182 , 26.3129,1.2351,<LOD,1.0761,4.3138,4.1818 , 0.5825,2.6887,11.5976 , 4.9516,0.2261,1183.3052 , 238.4591,0.3683,8.5061 , 0.9733,0.3085,<LOD,1.3991,0.5228,<LOD,0.0000,0.0000,,,,13315.0371 , 124.0973,3.7612,<LOD,4.5640,3.9685,<LOD,0.8234,0.1719,331315.2812 , 844.3703,24.8360,16.0133 , 2.4894,3.3339,<LOD,0.0000,0.0000,,,,6778.8647 , 45.9620,18.0053,161.9306 , 12.6487,3.2019,<LOD,6.7751,0.1666,9.4998 , 0.6348,1.9815,29.5838 , 2.4952,0.4638,107.0261 , 1.2972,11.4633,<LOD,1.4232,0.2283,392479.1250 , 6226.3496,4.7714 , 1.8248,0.2322,39.7309 , 1.0420,1.8785,271.2832 , 1.5543,14.9529,4.9634 , 0.7574,0.2974,1.9947 , 1.0241,0.5243,361.3320 , 22.9473,16.2459,31022.4297 , 198.2267,31.8069,<LOD,49.2066,0.7344,8890.6758 , 122.9141,4.2642,,,,,,,,,,,,,
23,Mining,120.81,30.29,30.11,30.27,27.72,"Mon Apr 27, 2026 - 17:08:08",User,1.5,ppm,,,,,,,,,Mining,,,,,,,,,,,,<LOD,1.2675,0.9769,29703.8906 , 661.9562,0.7724,<LOD,2.4932,0.1135,<LOD,1.0383,0.1427,<LOD,1.9694,1.9438,<LOD,30.9927,5.9741,15.7813 , 3.3758,1.8915,<LOD,2.9562,0.2899,13499.1982 , 75.5069,38.1285,<LOD,0.0000,0.0000,<LOD,4271.9810,0.0435,<LOD,19.1584,0.4099,<LOD,0.9265,6.5909,4.5287 , 0.4814,3.7653,<LOD,4.6206,0.2127,353.2885 , 171.4368,0.2353,9.3946 , 0.8173,0.4203,<LOD,1.1320,0.7174,<LOD,0.0000,0.0000,,,,8902.3281 , 94.8431,2.9690,<LOD,3.7170,5.6631,<LOD,0.6253,0.1823,425963.7188 , 751.4668,40.1503,4.9983 , 1.9778,4.4101,<LOD,0.0000,0.0000,,,,8547.1504 , 36.5942,27.8733,100.1920 , 9.7648,4.1992,<LOD,5.3494,0.1961,<LOD,1.0193,1.9949,<LOD,1.8136,0.1996,172.4702 , 1.1832,19.8395,<LOD,1.7949,0.3636,506902.0938 , 3074.7957,<LOD,2.3129,0.2659,36.4163 , 0.8315,2.4608,21.6540 , 0.3885,2.3054,3.1819 , 0.6122,0.3640,1.5842 , 0.6970,0.4744,258.2528 , 18.0960,21.3723,393.0605 , 22.4864,0.6328,628.9116 , 34.4396,1.1503,4477.9463 , 66.5256,2.4183,,,,,,,,,,,,,
24,Mining,120.61,30.17,30.01,30.22,29.59,"Mon Apr 27, 2026 - 17:11:03",User,1.5,ppm,,,,,,,,,Mining,,,,,,,,,,,,<LOD,1.4357,1.2834,33114.0000 , 682.4075,0.8784,<LOD,2.5817,0.1239,<LOD,1.0432,0.1470,<LOD,2.1736,2.4150,<LOD,33.2433,7.1746,19.2684 , 3.4477,2.0079,<LOD,3.1268,0.3323,15487.8691 , 81.7502,45.2499,<LOD,0.0000,0.0000,<LOD,4216.1631,0.0448,<LOD,20.3983,0.4867,<LOD,0.9551,7.1313,6.9848 , 0.4972,4.0837,<LOD,4.9933,0.2546,278.5940 , 169.3873,0.2474,16.7071 , 0.9502,0.5814,<LOD,1.2543,0.8980,<LOD,0.0000,0.0000,,,,8201.9893 , 89.8936,2.8478,<LOD,4.0897,6.9889,<LOD,0.6707,0.2186,467609.2812 , 770.3065,47.5623,<LOD,5.1693,5.3410,<LOD,0.0000,0.0000,,,,9152.5049 , 38.4022,30.8561,92.1297 , 10.0676,4.5389,<LOD,5.5219,0.2137,0.7623 , 0.4745,2.1606,<LOD,1.8035,0.2016,199.9213 , 1.2812,23.1750,<LOD,1.6168,0.4637,459588.5938 , 3077.0979,<LOD,2.5851,0.2811,41.8880 , 0.8839,2.8490,23.4678 , 0.4014,2.5040,4.6027 , 0.6444,0.4273,2.1162 , 0.7154,0.5092,253.9005 , 19.6783,25.0696,426.7755 , 23.4386,0.7065,821.3414 , 34.8084,1.2612,4657.3037 , 68.1680,2.6071,,,,,,,,,,,,,
25,Mining,120.66,30.05,30.19,30.20,30.22,"Mon Apr 27, 2026 - 17:14:05",User,1.5,ppm,,,,,,,,,Mining,,,,,,,,,,,,<LOD,1.3053,0.9629,66007.0625 , 828.5667,1.2203,<LOD,2.5652,0.1071,<LOD,1.1196,0.1496,<LOD,2.0150,1.8854,<LOD,36.9543,8.0608,48.2541 , 4.0502,2.4734,6.7807 , 2.3674,0.3810,18720.1289 , 91.9292,52.5741,<LOD,0.0000,0.0000,<LOD,4251.4058,0.0462,<LOD,22.3350,0.5326,<LOD,0.9431,6.1772,5.5004 , 0.5087,3.8299,<LOD,5.9178,0.2377,614.1765 , 172.8649,0.2754,9.8817 , 0.8870,0.4441,<LOD,1.1870,0.7362,<LOD,0.0000,0.0000,,,,9040.2402 , 90.6335,3.0278,<LOD,3.8097,5.4866,<LOD,0.7134,0.2256,360850.4375 , 703.9399,32.2768,<LOD,4.1034,4.2560,<LOD,0.0000,0.0000,,,,7488.7471 , 36.9575,24.5210,157.7764 , 10.4065,4.1041,<LOD,5.5303,0.1892,3.1063 , 0.5428,2.4862,<LOD,2.0885,0.2407,143.6072 , 1.1349,16.5048,<LOD,1.9907,0.3710,526605.8125 , 3244.3330,3.8630 , 1.5705,0.2995,60.7035 , 1.0620,3.6987,26.5925 , 0.4384,2.6297,6.9478 , 0.7200,0.4867,<LOD,1.1113,0.4763,306.4579 , 18.8281,21.7366,903.9294 , 34.8154,1.3289,<LOD,44.3194,0.9261,8989.9424 , 98.1121,4.6915,,,,,,,,,,,,,
26,Mining,120.65,30.13,30.22,30.16,29.52,"Mon Apr 27, 2026 - 17:16:52",User,1.5,ppm,,,,,,,,,Mining,,,,,,,,,,,,<LOD,1.2193,1.0032,63914.9297 , 848.5760,1.2731,<LOD,2.3642,0.1093,<LOD,1.0525,0.1582,<LOD,1.8764,1.9585,<LOD,24.1150,3.7031,32.0753 , 3.3970,2.0052,<LOD,3.1150,0.3325,7823.1377 , 57.4750,22.2546,<LOD,0.0000,0.0000,<LOD,4392.3530,0.0484,<LOD,19.1383,0.4161,<LOD,0.8738,6.4569,6.3875 , 0.4709,3.9891,<LOD,4.3094,0.2237,273.4292 , 156.3067,0.1995,7.4086 , 0.7712,0.4018,<LOD,1.1155,0.7757,<LOD,0.0000,0.0000,,,,4443.9395 , 69.6508,1.5902,<LOD,3.5248,5.6599,<LOD,0.6420,0.2159,452969.2188 , 802.1575,43.6349,6.8309 , 1.8815,4.4428,<LOD,0.0000,0.0000,,,,7247.0635 , 34.2021,23.6664,117.0838 , 9.1474,3.7719,<LOD,5.1687,0.1966,3.1012 , 0.4924,2.4783,<LOD,1.8764,0.2301,137.2495 , 1.0460,16.6911,<LOD,1.4232,0.3309,453081.0312 , 3318.8105,2.2511 , 1.4221,0.2897,54.9569 , 0.9530,3.5757,18.0708 , 0.3545,2.0740,5.8560 , 0.6559,0.4757,<LOD,0.9959,0.4607,265.9895 , 17.1887,21.6054,738.4285 , 29.6588,1.1036,53.3468 , 29.7019,0.8469,8798.2520 , 89.1705,4.5672,,,,,,,,,,,,,
27,Mining,120.60,30.04,30.17,30.15,29.64,"Mon Apr 27, 2026 - 17:19:58",User,1.5,ppm,,,,,,,,,Mining,,,,,,,,,,,,<LOD,1.5987,0.7426,164185.0781 , 2199.9287,2.5350,<LOD,3.1032,0.0900,<LOD,1.4158,0.1381,<LOD,2.3776,1.3298,<LOD,54.1397,11.5582,72.1820 , 5.4054,2.5224,14.0424 , 2.8651,0.3282,33872.3164 , 178.7152,73.6767,<LOD,0.0000,0.0000,30222.4727 , 5343.9897,0.0985,582.7338 , 28.8116,1.3823,<LOD,1.0832,4.3335,5.6739 , 0.6017,2.8566,11.7565 , 4.8683,0.2390,776.5334 , 202.9321,0.2478,8.2697 , 0.9759,0.3071,<LOD,1.3987,0.5229,<LOD,0.0000,0.0000,,,,2928.8811 , 67.2413,1.0225,<LOD,4.5643,3.9747,<LOD,0.8511,0.1830,332959.2188 , 904.8711,24.6468,13.2505 , 2.4818,3.3143,<LOD,0.0000,0.0000,,,,6168.2041 , 43.8186,16.1065,148.7243 , 11.7915,2.8827,<LOD,7.0616,0.1792,16.3636 , 0.7047,2.4397,32.5124 , 2.5862,0.4917,107.2400 , 1.3296,11.7461,<LOD,1.7556,0.2486,376861.6562 , 6817.1255,6.6532 , 1.9176,0.2548,43.3807 , 1.0921,2.0457,288.1266 , 1.6664,16.0275,2.8441 , 0.7986,0.3008,1.8428 , 1.0487,0.5452,371.8714 , 23.0730,16.5303,37972.0586 , 220.4397,38.5601,<LOD,53.4856,0.8204,12326.1113 , 137.7668,5.7466,,,,,,,,,,,,,
28,Mining,120.57,30.10,30.14,30.17,29.85,"Mon Apr 27, 2026 - 17:22:33",User,1.5,ppm,,,,,,,,,Mining,,,,,,,,,,,,<LOD,1.4561,0.7416,179130.5000 , 2171.2563,2.7611,<LOD,3.0506,0.1017,<LOD,1.2298,0.1210,<LOD,2.2037,1.3793,<LOD,46.4831,9.2164,103.3038 , 5.1979,2.7855,13.8830 , 2.7018,0.3375,25949.8086 , 153.9677,58.5612,<LOD,0.0000,0.0000,35855.5039 , 5231.3027,0.1085,417.9097 , 25.0257,1.1204,<LOD,1.0133,4.4483,3.5500 , 0.5523,2.8072,<LOD,7.7717,0.2130,710.4955 , 185.8720,0.2239,8.0674 , 0.9199,0.3175,<LOD,1.2731,0.5211,<LOD,0.0000,0.0000,,,,2238.0774 , 60.4160,0.8754,<LOD,4.2674,4.2360,<LOD,0.8134,0.1925,346370.9375 , 954.9834,26.8357,11.5524 , 2.3058,3.4586,<LOD,0.0000,0.0000,,,,6947.3364 , 45.0511,18.5829,156.3725 , 11.3826,3.2227,<LOD,6.5006,0.1768,11.7581 , 0.6313,2.2795,22.4516 , 2.2511,0.4306,101.0075 , 1.2592,12.1472,<LOD,1.3620,0.2438,351282.6562 , 6607.4663,<LOD,3.7628,0.2197,41.3794 , 1.0316,2.1174,285.5511 , 1.6411,17.1114,4.0883 , 0.7359,0.3168,2.3689 , 0.9938,0.5763,328.7205 , 21.3302,16.9774,38236.3320 , 216.6697,40.2210,<LOD,50.2458,0.7640,11766.4561 , 127.1931,5.6854,,,,,,,,,,,,,
29,Mining,127.90,37.37,30.08,30.20,30.25,"Mon Apr 27, 2026 - 17:25:56",User,1.5,ppm,,,,,,,,,Mining,,,,,,,,,,,,<LOD,1.2615,1.0540,31879.9766 , 750.8525,1.1232,<LOD,2.3159,0.1243,<LOD,0.9561,0.1544,<LOD,1.9380,2.0485,<LOD,26.3111,5.4049,37.2307 , 3.5959,2.2890,3.3374 , 1.9597,0.3669,12455.8174 , 66.2296,35.3766,<LOD,0.0000,0.0000,<LOD,4103.3650,0.0465,<LOD,18.3159,0.4680,<LOD,0.8139,6.5499,5.6894 , 0.4341,3.9701,<LOD,4.1507,0.2285,598.1106 , 150.9266,0.2152,8.7732 , 0.7257,0.4210,<LOD,1.1479,0.8060,<LOD,0.0000,0.0000,,,,4252.8247 , 68.7353,1.7646,<LOD,3.6449,5.9260,<LOD,0.6159,0.2337,361486.5000 , 742.2534,43.0104,7.1884 , 1.9422,4.6329,<LOD,0.0000,0.0000,,,,6118.4482 , 35.3030,26.0399,105.3202 , 9.5645,4.1454,<LOD,4.7965,0.2010,1.6273 , 0.4419,2.3414,<LOD,1.7309,0.2324,130.0432 , 0.9796,17.1921,1.2253 , 0.7502,0.3725,575176.9375 , 3022.9941,2.3833 , 1.3254,0.2981,49.0889 , 0.8624,3.4314,47.1684 , 0.4902,4.6178,5.1099 , 0.5928,0.4559,<LOD,0.9482,0.4931,430.3777 , 230.4603,22.5080,507.7484 , 27.6627,0.9455,<LOD,37.9798,0.6892,6689.0366 , 85.5530,4.2461,,,,,,,,,,,,,
30,Mining,126.12,35.60,30.20,30.09,30.23,"Mon Apr 27, 2026 - 17:28:34",User,1.5,ppm,,,,,,,,,Mining,,,,,,,,,,,,<LOD,1.1817,0.9958,47053.0977 , 731.9299,1.0434,<LOD,2.3718,0.1135,<LOD,1.0190,0.1532,<LOD,1.8659,2.0551,<LOD,20.1484,2.6036,20.7481 , 3.1793,1.8147,<LOD,3.1805,0.3458,5294.5181 , 48.6829,15.4746,<LOD,0.0000,0.0000,<LOD,6020.4005,0.0480,<LOD,18.8075,0.4030,<LOD,0.8846,6.6976,5.6179 , 0.4739,4.0631,<LOD,4.2110,0.2340,364.5280 , 138.6331,0.1837,6.7346 , 0.7621,0.4053,<LOD,1.1155,0.8251,<LOD,0.0000,0.0000,,,,2400.8916 , 51.9873,0.9849,<LOD,3.5001,5.8879,<LOD,0.6529,0.2319,455971.3125 , 932.5551,44.5464,4.2682 , 1.8704,4.6643,<LOD,0.0000,0.0000,,,,7337.5024 , 36.0832,24.3759,111.4789 , 8.9765,3.8394,<LOD,5.3207,0.2151,2.6070 , 0.4847,2.4853,<LOD,1.8166,0.2217,139.9426 , 1.1007,18.1219,<LOD,1.1450,0.3202,469640.2812 , 4001.6973,<LOD,2.0220,0.2600,52.1058 , 0.9474,3.5766,54.7689 , 0.5607,5.2062,7.0769 , 0.6603,0.5146,1.8151 , 0.7171,0.5634,314.1945 , 17.4143,23.8837,616.1027 , 26.8077,0.9498,<LOD,37.5784,0.6814,7470.7754 , 81.8565,3.9545,,,,,,,,,,,,,
31,Mining,126.22,35.82,30.03,30.15,30.22,"Mon Apr 27, 2026 - 17:32:26",User,1.5,ppm,,,,,,,,,Mining,,,,,,,,,,,,<LOD,6.0527,0.8184,63578.7539 , 2339.2788,0.7010,<LOD,0.3671,0.0003,<LOD,0.1817,0.0006,<LOD,9.5552,1.6733,21.8479 , 4.2586,0.0319,91.8575 , 24.1059,2.3031,<LOD,1.7825,0.0150,29.3565 , 13.3489,0.1413,<LOD,0.0000,0.0000,<LOD,20708.4009,0.0428,1096.9779 , 68.0231,0.6058,<LOD,0.0058,0.0000,<LOD,0.0052,0.0000,12.7218 , 2.5527,0.0279,4911.7329 , 873.5263,0.2858,<LOD,0.0276,-0.0001,<LOD,5.6511,0.6649,<LOD,0.0000,0.0000,,,,26569.5801 , 1033.3644,2.1672,<LOD,18.5655,5.1902,<LOD,0.0960,0.0006,847454.4375 , 10751.0469,44.0399,32.6710 , 9.7735,4.0539,<LOD,0.0000,0.0000,,,,41040.4219 , 1715.8212,33.2052,687.9924 , 71.6966,5.1736,<LOD,0.0000,0.0022,<LOD,0.0038,-0.0000,<LOD,0.8552,0.0065,<LOD,0.0091,-0.0000,<LOD,0.1237,0.0008,3455.2764,,<LOD,0.5638,0.0031,<LOD,0.0340,0.0002,<LOD,0.0160,0.0002,<LOD,0.0895,-0.0000,<LOD,0.0474,0.0001,2115.1182 , 133.1784,19.7733,1642.5216 , 132.8727,0.6166,1470.5089 , 160.1785,0.9383,5788.1846 , 319.8104,0.9171,,,,,,,,,,,,,
32,Mining,132.35,41.83,30.23,30.14,30.15,"Mon Apr 27, 2026 - 17:35:52",User,1.5,ppm,,,,,,,,,Mining,,,,,,,,,,,,<LOD,1.4582,0.9384,16327.4727 , 689.4089,0.7219,<LOD,2.5025,0.1129,<LOD,1.0464,0.1443,<LOD,2.2607,1.8561,<LOD,56.3172,16.2607,22.9094 , 4.9918,2.6850,<LOD,4.9717,0.3220,38825.2461 , 157.2964,102.7754,<LOD,0.0000,0.0000,<LOD,7702.5447,0.0493,<LOD,21.0899,0.6302,<LOD,0.9042,6.0611,7.0921 , 0.4748,3.5649,<LOD,5.7048,0.2396,990.7693 , 198.3704,0.3339,24.0041 , 0.9722,0.5894,<LOD,1.3080,0.6978,<LOD,0.0000,0.0000,,,,9433.2676 , 103.0173,3.4404,<LOD,4.2337,5.2441,<LOD,0.6630,0.2109,378423.0938 , 961.8060,43.6127,5.3855 , 2.2556,4.1086,<LOD,0.0000,0.0000,,,,8321.0078 , 53.5570,33.4371,145.1660 , 13.7899,5.2706,<LOD,5.1708,0.1846,<LOD,0.8432,1.4828,<LOD,1.7699,0.1930,190.0204 , 1.3043,19.2699,4.5009 , 1.0296,0.5715,544925.1250 , 4721.6543,1.9057 , 1.4012,0.2598,10.4385 , 0.5442,0.9098,22.1126 , 0.3755,2.0700,5.6502 , 0.6274,0.3786,3.4515 , 0.6669,0.4231,391.1737 , 209.4754,19.3209,319.7150 , 25.5738,0.5972,204.0374 , 30.3844,0.9048,1396.4546 , 56.4100,1.0346,,,,,,,,,,,,,
33,Mining,126.41,35.89,30.09,30.16,30.27,"Mon Apr 27, 2026 - 17:38:49",User,1.5,ppm,,,,,,,,,Mining,,,,,,,,,,,,<LOD,1.4602,0.8580,17597.6309 , 712.7005,0.7273,<LOD,2.6554,0.1079,<LOD,1.1323,0.1432,<LOD,2.2486,1.6602,49.0836 , 29.6227,12.3254,22.6686 , 4.5290,2.3475,7.8367 , 2.3002,0.3407,30986.1562 , 111.2021,76.7449,<LOD,0.0000,0.0000,4366.3345 , 3166.1348,0.0466,<LOD,22.5093,0.5646,<LOD,0.9697,5.9533,7.4604 , 0.5079,3.4792,<LOD,5.6843,0.2374,1026.9520 , 193.3023,0.2824,27.2389 , 1.0762,0.6155,<LOD,1.3499,0.6815,<LOD,0.0000,0.0000,,,,5733.6001 , 83.2864,2.0467,<LOD,4.3408,5.0636,<LOD,0.7079,0.2041,401990.5000 , 763.5894,44.2240,11.6522 , 2.3365,4.0914,<LOD,0.0000,0.0000,,,,8798.1006 , 47.3390,32.9966,143.3934 , 13.0426,5.1229,<LOD,5.5860,0.1822,1.6346 , 0.4359,1.5320,<LOD,1.9958,0.2072,194.3974 , 1.2921,19.2149,3.2212 , 1.1182,0.5561,526643.4375 , 3400.2268,<LOD,2.9608,0.2421,10.1720 , 0.5776,0.8719,32.0464 , 0.4596,2.6760,5.4227 , 0.6750,0.3713,3.4690 , 0.7140,0.4160,499.6822 , 267.5532,19.7680,313.4798 , 23.5271,0.5523,275.1643 , 31.8793,0.8822,1249.2618 , 50.1910,0.8920,,,,,,,,,,,,,
34,Mining,144.35,54.08,30.08,30.07,30.12,"Mon Apr 27, 2026 - 17:47:55",User,1.5,ppm,,,,,,,,,Mining,,,,,,,,,,,,<LOD,1.5572,0.7333,141327.3281 , 2057.6782,2.3614,<LOD,2.2820,0.0929,<LOD,0.9948,0.1297,<LOD,2.3312,1.3367,<LOD,39.2506,11.5195,60.9508 , 5.5255,2.7438,10.2460 , 2.0285,0.3125,33942.0586 , 164.5058,74.5569,<LOD,0.0000,0.0000,62184.5977 , 5484.1138,0.1240,1188.6519 , 27.2117,2.2926,<LOD,0.8987,4.3795,4.9580 , 0.4374,2.8937,10.2282 , 3.4767,0.2271,1021.2428 , 181.0629,0.2224,10.2718 , 0.7250,0.3227,<LOD,1.3655,0.5189,<LOD,0.0000,0.0000,,,,742.0333 , 45.7339,0.5053,<LOD,4.4178,3.8659,<LOD,0.6146,0.1795,272257.0000 , 903.4679,24.8514,19.4659 , 2.4304,3.3309,<LOD,0.0000,0.0000,,,,4903.5293 , 44.4779,16.7585,124.1142 , 11.8431,3.0120,<LOD,5.3521,0.1961,17.3466 , 0.5064,2.4024,63.8265 , 2.2236,0.6860,89.7641 , 0.9528,10.6840,<LOD,1.0496,0.2298,442557.4375 , 6511.3188,<LOD,2.7625,0.2114,22.8761 , 0.6554,1.3306,230.3977 , 1.2188,13.8413,3.4329 , 0.5686,0.2944,2.8672 , 0.7316,0.5087,595.9344 , 319.0606,16.4948,32722.1348 , 222.1394,40.0958,<LOD,47.9813,0.7353,5887.2935 , 108.9412,3.5781,,,,,,,,,,,,,
35,Mining,120.57,30.05,30.14,30.22,30.16,"Mon Apr 27, 2026 - 17:50:55",User,1.5,ppm,,,,,,,,,Mining,,,,,,,,,,,,<LOD,1.5929,0.7342,156739.2188 , 2206.3884,2.4321,<LOD,3.2002,0.0918,<LOD,1.4506,0.1389,<LOD,2.3337,1.2696,<LOD,56.4070,12.3513,83.6464 , 6.0888,2.8828,19.1836 , 3.0152,0.3490,36779.1289 , 194.8448,79.7117,<LOD,0.0000,0.0000,49682.8125 , 5633.6675,0.1182,1259.3324 , 37.9127,2.3600,<LOD,1.6826,4.2988,5.7296 , 0.6067,2.7864,17.5126 , 5.0731,0.2453,1017.3818 , 206.0411,0.2736,14.3207 , 1.1030,0.3768,<LOD,1.4282,0.5457,<LOD,0.0000,0.0000,,,,1527.7910 , 53.9787,0.6680,<LOD,4.5453,3.9504,<LOD,0.8772,0.1856,339627.5625 , 916.3393,24.9030,15.7270 , 2.4634,3.2604,<LOD,0.0000,0.0000,,,,7125.7417 , 50.0168,18.5842,164.8877 , 13.2735,3.2951,<LOD,7.5170,0.1951,17.1360 , 0.6941,2.2828,50.1156 , 2.9572,0.6160,103.1329 , 1.3238,11.0857,<LOD,1.9325,0.2999,360645.4062 , 7169.9971,<LOD,3.7137,0.2094,26.5188 , 0.9248,1.3524,277.6089 , 1.6633,15.0994,3.1071 , 0.8122,0.2946,2.1607 , 1.0244,0.5009,431.3561 , 23.1705,16.7655,36406.5039 , 224.3684,36.8221,<LOD,50.3071,0.7536,7956.9517 , 120.6398,3.8651,,,,,,,,,,,,,
36,Mining,120.88,30.28,30.24,30.23,30.13,"Mon Apr 27, 2026 - 17:53:59",User,1.5,ppm,,,,,,,,,Mining,,,,,,,,,,,,<LOD,1.8282,0.7206,156717.0625 , 2639.6499,2.4227,<LOD,3.6235,0.0962,<LOD,1.5076,0.1222,<LOD,2.6653,1.2291,<LOD,64.4834,13.3500,94.4320 , 6.7143,2.8195,31.8517 , 3.4688,0.3790,42862.3867 , 230.1195,85.0079,<LOD,0.0000,0.0000,63089.5664 , 6477.7505,0.1322,437.2812 , 28.4089,1.1416,<LOD,1.7062,3.9399,6.5109 , 0.6496,2.5694,14.2691 , 5.5687,0.2275,<LOD,433.3720,0.2953,26.0407 , 1.3832,0.4836,<LOD,1.6679,0.5566,<LOD,0.0000,0.0000,,,,1097.8057 , 61.7386,0.6551,<LOD,5.1492,3.6953,<LOD,0.9623,0.1794,349835.5938 , 956.3027,23.8361,15.3717 , 2.8246,3.1884,<LOD,0.0000,0.0000,,,,6945.5571 , 52.5751,16.6166,174.6778 , 14.1924,3.0072,<LOD,13.8172,0.2047,16.9549 , 0.7420,2.1071,55.0187 , 3.2402,0.6053,114.3157 , 1.4727,10.9131,<LOD,2.9354,0.3876,331979.6875 , 8603.8711,3.5708 , 2.0780,0.2239,29.7753 , 1.0268,1.3505,311.0704 , 1.8965,15.1054,5.2350 , 0.8935,0.3067,3.5041 , 1.1396,0.5015,517.2001 , 27.0052,16.9666,38657.1758 , 244.8413,35.9949,<LOD,53.3533,0.7130,6958.0801 , 123.2943,3.2271,,,,,,,,,,,,,
37,Mining,135.85,45.40,30.14,30.12,30.19,"Mon Apr 27, 2026 - 17:57:03",User,1.5,ppm,,,,,,,,,Mining,,,,,,,,,,,,<LOD,1.6445,0.7428,134294.7344 , 2026.2748,2.3255,<LOD,2.7377,0.1033,<LOD,1.1241,0.1274,<LOD,2.4120,1.2869,<LOD,47.4811,13.8243,66.7579 , 5.9455,2.9148,25.8219 , 2.5600,0.3859,41164.6016 , 180.8607,88.5997,<LOD,0.0000,0.0000,37076.2148 , 5215.0088,0.0978,679.3312 , 24.6782,1.5745,<LOD,0.8875,4.2429,5.1298 , 0.4934,2.8071,13.4078 , 4.1821,0.2429,2038.1189 , 217.3199,0.3161,16.8311 , 0.9155,0.3968,<LOD,1.4560,0.5372,<LOD,0.0000,0.0000,,,,1238.4829 , 53.4101,0.6561,<LOD,4.6515,3.8735,<LOD,0.7181,0.1872,284028.8438 , 875.4628,25.7542,14.5563 , 2.5366,3.2659,<LOD,0.0000,0.0000,,,,5987.1519 , 49.5407,20.0962,152.8049 , 13.3625,3.5659,<LOD,5.9334,0.1858,16.6824 , 0.5787,2.4036,54.3621 , 2.3648,0.6030,110.8148 , 1.1387,12.0093,2.0074 , 0.9349,0.3456,456872.5938 , 6341.8843,<LOD,3.6249,0.2137,34.1592 , 0.8398,1.7388,258.3542 , 1.3652,14.7465,4.3532 , 0.6619,0.3148,2.5171 , 0.8441,0.5196,634.3025 , 339.5896,16.6312,27443.5996 , 202.4012,32.9155,<LOD,50.4191,0.7756,7763.4688 , 124.3257,4.3966,,,,,,,,,,,,,
38,Mining,150.51,59.44,30.16,30.04,30.26,"Mon Apr 27, 2026 - 18:00:39",User,1.5,ppm,,,,,,,,,Mining,,,,,,,,,,,,<LOD,1.7311,0.7630,149920.4688 , 2236.7920,2.4534,<LOD,2.5225,0.1066,<LOD,1.1152,0.1526,<LOD,2.5691,1.3606,<LOD,42.7831,13.9083,92.6111 , 6.2288,3.0831,63.3744 , 2.8108,0.5675,43128.4414 , 186.2381,90.6344,<LOD,0.0000,0.0000,39389.2852 , 5500.5088,0.1040,1444.0636 , 28.8779,2.6392,<LOD,0.8055,4.2087,5.2993 , 0.4465,2.7645,24.5758 , 3.8598,0.2599,2609.3652 , 272.4601,0.4798,39.1327 , 1.0590,0.6448,<LOD,1.5320,0.5515,<LOD,0.0000,0.0000,,,,13303.9248 , 133.1518,4.1511,<LOD,4.9338,4.0697,<LOD,0.6637,0.1951,251247.8438 , 835.3160,21.8438,13.6684 , 2.6621,3.3256,<LOD,0.0000,0.0000,,,,5702.8145 , 49.2139,18.7532,145.3839 , 13.2990,3.3535,<LOD,5.5550,0.1991,18.8146 , 0.5330,2.4649,69.8427 , 2.3079,0.6989,108.9311 , 1.0456,11.7682,8.9626 , 1.1377,0.6663,456791.8438 , 6765.1655,13.7240 , 1.5776,0.3131,29.9968 , 0.7288,1.5384,293.2951 , 1.3972,16.0619,3.2634 , 0.6271,0.3259,3.5685 , 0.7991,0.5617,666.5132 , 356.8230,16.9794,27797.3008 , 206.2118,32.4372,<LOD,50.5841,0.7524,7063.7354 , 121.1360,3.9599,,,,,,,,,,,,,
39,Mining,132.52,42.26,30.10,30.11,30.05,"Mon Apr 27, 2026 - 18:03:41",User,1.5,ppm,,,,,,,,,Mining,,,,,,,,,,,,<LOD,1.6949,0.6962,150096.5000 , 2428.3755,2.3661,<LOD,3.2300,0.1194,<LOD,1.4959,0.1861,<LOD,2.5672,1.3004,<LOD,49.4148,12.2322,80.9200 , 6.4815,2.9571,97.1730 , 3.8229,0.7120,39427.8320 , 181.0009,79.2302,<LOD,0.0000,0.0000,36858.4531 , 5892.2100,0.1035,1541.2091 , 35.2972,2.6278,<LOD,0.9608,4.1117,6.0410 , 0.5366,2.7400,22.3496 , 4.5363,0.2544,4776.5342 , 365.3232,0.7685,92.4284 , 1.7715,1.2182,<LOD,1.5157,0.5148,<LOD,0.0000,0.0000,,,,24347.1816 , 190.3725,7.1377,<LOD,4.9147,3.8660,<LOD,0.8184,0.1988,228278.5000 , 828.3177,18.8067,18.1999 , 2.6699,3.2136,<LOD,0.0000,0.0000,,,,5909.4810 , 52.8957,18.9246,132.9116 , 14.1153,3.3595,<LOD,6.4907,0.1842,17.4499 , 0.6410,2.4335,75.7279 , 2.8363,0.7188,103.9960 , 1.1882,11.0036,20.4255 , 1.9187,1.3047,473600.6250 , 7464.9868,6.4809 , 1.7175,0.2448,30.5344 , 0.8683,1.5129,282.3470 , 1.5211,15.0257,2.2562 , 0.8261,0.3731,3.1359 , 0.9332,0.5228,628.6429 , 336.5615,15.9313,24809.8906 , 199.9007,27.4846,<LOD,55.9446,0.7910,8732.7656 , 136.2495,4.5212,,,,,,,,,,,,,
40,Mining,120.65,30.23,30.20,30.06,28.64,"Mon Apr 27, 2026 - 18:06:21",User,1.5,ppm,,,,,,,,,Mining,,,,,,,,,,,,<LOD,1.7916,0.7039,162833.0000 , 2575.6846,2.5055,<LOD,3.7162,0.1022,<LOD,1.4837,0.1192,<LOD,2.6916,1.2868,<LOD,63.0780,13.4053,102.8648 , 6.7468,2.9607,35.4261 , 3.5740,0.4054,43448.3945 , 219.0308,87.8098,<LOD,0.0000,0.0000,34151.5352 , 6005.7505,0.1019,1027.2325 , 36.8945,1.9557,<LOD,1.1864,4.0059,6.3019 , 0.6582,2.6462,30.4045 , 5.6719,0.2446,1335.8683 , 245.3179,0.3137,15.1132 , 1.1974,0.3640,<LOD,1.6459,0.5523,<LOD,0.0000,0.0000,,,,6326.9399 , 96.3540,1.7951,<LOD,5.1656,3.8191,<LOD,0.9519,0.1741,341000.0938 , 923.4006,23.5164,16.8932 , 2.8275,3.2599,<LOD,0.0000,0.0000,,,,7628.0088 , 53.8063,18.5571,192.1750 , 14.6143,3.3309,<LOD,8.1646,0.1895,18.8523 , 0.7629,2.2455,56.7619 , 3.2809,0.6257,117.3577 , 1.4782,11.2598,2.2198 , 1.2307,0.3246,358725.9062 , 7982.5581,12.8357 , 2.2917,0.2900,32.4532 , 1.0669,1.4728,310.6039 , 1.8504,15.2907,5.7792 , 0.8866,0.3071,4.1205 , 1.1783,0.5380,448.1981 , 26.4944,16.4873,34931.5547 , 227.8183,33.0670,<LOD,55.1205,0.7305,7183.0630 , 122.8776,3.3246,,,,,,,,,,,,,
41,Mining,120.25,30.08,30.00,30.00,29.87,"Mon Apr 27, 2026 - 18:10:26",User,1.5,ppm,,,,,,,,,Mining,,,,,,,,,,,,<LOD,1.6254,0.6698,135351.1562 , 2091.8516,2.1211,<LOD,3.5011,0.1024,<LOD,1.3396,0.1096,<LOD,2.4860,1.2777,<LOD,59.3955,13.1160,88.8819 , 5.9552,2.7296,27.6159 , 3.2522,0.3776,40787.6211 , 184.7321,84.5627,<LOD,0.0000,0.0000,18875.5469 , 5376.0127,0.0841,356.9563 , 25.9222,1.0579,<LOD,1.0986,4.0545,4.2025 , 0.5937,2.5376,20.0704 , 5.2734,0.2365,771.3697 , 235.8485,0.2859,10.2455 , 1.0449,0.3128,<LOD,1.4358,0.4821,<LOD,0.0000,0.0000,,,,14506.9160 , 136.9664,3.8643,<LOD,4.7882,3.8683,<LOD,0.8867,0.1702,324490.1562 , 854.5928,22.6756,13.7877 , 2.5774,3.1310,<LOD,0.0000,0.0000,,,,6988.1987 , 46.6435,17.3907,152.7573 , 12.8371,3.0322,<LOD,7.3575,0.1733,9.7997 , 0.6474,1.8210,25.1022 , 2.5425,0.4231,105.3935 , 1.3257,10.6477,<LOD,2.3026,0.2655,417215.3750 , 6759.5298,31.5041 , 2.5979,0.4468,31.6798 , 0.9978,1.4664,273.5914 , 1.5891,14.1286,4.2555 , 0.7897,0.2722,<LOD,2.5291,0.5194,408.7224 , 24.0933,15.9194,32240.4863 , 201.8886,31.1981,<LOD,53.9020,0.7384,7208.6084 , 114.5344,3.3639,,,,,,,,,,,,,
42,Mining,120.68,30.20,30.19,30.03,30.26,"Mon Apr 27, 2026 - 18:13:31",User,1.5,ppm,,,,,,,,,Mining,,,,,,,,,,,,<LOD,1.5573,0.7861,150272.8438 , 1957.4353,2.3600,<LOD,3.1346,0.1023,<LOD,1.2989,0.1284,<LOD,2.3149,1.4092,<LOD,50.5324,10.7872,86.1817 , 5.3071,2.7521,14.9385 , 2.7794,0.3402,30483.4609 , 161.0131,68.3328,<LOD,0.0000,0.0000,29400.4629 , 5101.0098,0.0984,336.7527 , 24.0380,1.0262,<LOD,1.0324,4.3777,3.5918 , 0.5624,2.7688,<LOD,6.5791,0.2055,973.8396 , 216.6245,0.2988,8.1408 , 0.9321,0.3099,<LOD,1.3824,0.5712,<LOD,0.0000,0.0000,,,,8879.3701 , 104.6612,2.6393,<LOD,4.4397,4.2241,<LOD,0.8075,0.1767,349521.0625 , 905.4147,26.8132,14.3601 , 2.4093,3.4878,<LOD,0.0000,0.0000,,,,6650.8066 , 43.5743,17.8047,152.2756 , 11.5487,3.1300,<LOD,6.8103,0.1848,10.3679 , 0.6074,2.0169,26.6881 , 2.3877,0.4612,100.1368 , 1.2504,11.6508,<LOD,1.3807,0.2384,380441.2188 , 6306.5269,<LOD,4.2471,0.2280,27.7422 , 0.9046,1.5054,273.1112 , 1.5615,15.9625,3.1915 , 0.7422,0.2920,2.5915 , 0.9923,0.5445,323.6574 , 22.0750,16.7002,35152.6445 , 203.0288,36.6539,<LOD,50.5341,0.7693,6840.6035 , 103.5830,3.4713,,,,,,,,,,,,,
43,Mining,120.80,30.07,30.23,30.27,30.23,"Mon Apr 27, 2026 - 18:17:09",User,1.5,ppm,,,,,,,,,Mining,,,,,,,,,,,,<LOD,1.5258,0.7386,148227.3438 , 1906.2885,2.3162,<LOD,3.1101,0.0991,<LOD,1.2077,0.1092,<LOD,2.2931,1.3581,<LOD,52.7683,11.9030,72.1313 , 5.6113,2.7524,6.3580 , 2.6032,0.2942,33692.2734 , 171.6644,76.8116,<LOD,0.0000,0.0000,32850.8984 , 5088.6533,0.1028,388.4456 , 25.1808,1.1448,<LOD,1.0407,4.3822,3.8781 , 0.5705,2.8071,<LOD,8.6010,0.1987,872.9117 , 216.0963,0.3098,7.4157 , 0.9266,0.3012,<LOD,1.3465,0.5300,<LOD,0.0000,0.0000,,,,13498.4980 , 124.5980,3.9565,<LOD,4.3391,3.9101,<LOD,0.8040,0.1729,321550.3438 , 860.4358,24.6089,11.9587 , 2.3654,3.2830,<LOD,0.0000,0.0000,,,,6958.9399 , 46.7630,18.9794,167.5791 , 12.6103,3.3614,<LOD,6.6662,0.1744,9.0934 , 0.6056,1.9634,23.2377 , 2.3221,0.4303,98.9301 , 1.2494,11.4813,<LOD,1.3729,0.2326,399861.1875 , 6226.9385,<LOD,4.0833,0.2205,30.2995 , 0.9421,1.6180,262.6288 , 1.5317,15.3859,4.5564 , 0.7341,0.2979,3.3154 , 1.0088,0.5536,326.3052 , 21.8365,16.1104,33125.1875 , 206.0848,35.1604,<LOD,47.9421,0.7362,7946.2803 , 116.4479,3.9887,,,,,,,,,,,,,
44,Mining,120.42,30.01,30.12,30.01,30.28,"Mon Apr 27, 2026 - 18:21:16",User,1.5,ppm,,,,,,,,,Mining,,,,,,,,,,,,<LOD,1.6415,0.6905,171549.3438 , 2479.3967,2.6398,<LOD,3.3755,0.0929,<LOD,1.5069,0.1360,<LOD,2.5035,1.3068,<LOD,59.5763,12.7756,93.1028 , 6.6052,2.8958,20.1872 , 3.1133,0.3386,39666.6562 , 207.9320,81.9191,<LOD,0.0000,0.0000,25853.7812 , 5771.7144,0.1011,429.0513 , 27.3771,1.1425,<LOD,1.8188,4.1736,4.6710 , 0.6153,2.5665,12.1303 , 5.1844,0.2189,1683.8826 , 287.6708,0.4596,12.4223 , 1.0988,0.3389,<LOD,1.5035,0.5381,<LOD,0.0000,0.0000,,,,20784.2832 , 165.9802,5.4685,<LOD,4.7972,3.8756,<LOD,0.8908,0.1715,336153.0938 , 914.3668,24.1362,14.6043 , 2.6141,3.2559,<LOD,0.0000,0.0000,,,,6926.2471 , 51.6904,17.2590,167.5179 , 14.0074,3.0999,<LOD,7.3301,0.1684,11.7067 , 0.6753,1.9378,26.3002 , 2.5645,0.4217,106.5265 , 1.3797,10.8991,3.0727 , 1.1593,0.3278,351476.5938 , 7548.5928,5.6724 , 1.9717,0.2332,33.8289 , 1.0427,1.5753,294.2404 , 1.7579,15.1562,3.3893 , 0.8464,0.2911,3.6835 , 1.1090,0.5297,380.8374 , 24.2749,16.0556,35398.7227 , 232.6816,34.1204,<LOD,54.3869,0.7522,8884.4014 , 134.5256,4.0872,,,,,,,,,,,,,
45,Mining,120.63,30.04,30.24,30.18,27.44,"Mon Apr 27, 2026 - 18:24:06",User,1.5,ppm,,,,,,,,,Mining,,,,,,,,,,,,<LOD,1.6602,0.7204,168597.5312 , 2432.0889,2.5916,<LOD,3.2385,0.0924,<LOD,1.4193,0.1305,<LOD,2.3978,1.2024,<LOD,57.7221,12.8875,84.5430 , 6.0498,2.7420,12.6178 , 2.8787,0.3123,38968.4648 , 207.6624,82.9686,<LOD,0.0000,0.0000,29729.7246 , 5841.1860,0.1041,409.2076 , 26.5325,1.1502,1.1979 , 0.7416,4.2912,4.6672 , 0.5982,2.6337,16.1543 , 5.0841,0.2323,1571.1846 , 283.3537,0.4376,8.6187 , 0.9960,0.3003,<LOD,1.4712,0.5219,<LOD,0.0000,0.0000,,,,21876.0703 , 173.7852,5.9196,<LOD,4.6917,3.7619,<LOD,0.8628,0.1741,321115.5938 , 924.4328,23.3892,13.1698 , 2.5522,3.1462,<LOD,0.0000,0.0000,,,,6547.4448 , 48.4047,16.8093,153.0411 , 12.9354,2.9911,<LOD,7.3794,0.1847,11.1120 , 0.6503,1.9451,27.1866 , 2.5167,0.4383,103.9977 , 1.3422,11.0852,<LOD,1.4696,0.2294,367061.2812 , 7461.6484,3.3412 , 1.8824,0.2249,32.3858 , 0.9969,1.5569,292.6832 , 1.7352,15.5875,3.7461 , 0.8107,0.2945,2.5104 , 1.0569,0.5201,416.2884 , 24.0301,16.2244,35688.2812 , 227.3407,35.6347,<LOD,53.0622,0.7090,7247.9336 , 118.4207,3.5156,,,,,,,,,,,,,
46,Mining,120.92,30.24,30.25,30.19,29.35,"Mon Apr 27, 2026 - 18:29:35",User,1.5,ppm,,,,,,,,,Mining,,,,,,,,,,,,<LOD,1.1159,1.0592,25791.9238 , 584.2303,0.7561,<LOD,2.5267,0.1544,<LOD,0.9888,0.1710,<LOD,1.7383,2.1288,<LOD,13.6816,1.3966,51.8593 , 3.4566,2.3727,<LOD,2.7035,0.3178,2355.2751 , 30.7665,7.7402,<LOD,0.0000,0.0000,8369.6768 , 2650.2561,0.0523,<LOD,17.6427,0.4080,<LOD,0.8693,7.7133,7.4930 , 0.4659,4.7149,<LOD,3.7194,0.2318,527.1818 , 160.6909,0.2598,18.1808 , 0.9075,0.6890,<LOD,1.0172,0.8119,<LOD,0.0000,0.0000,,,,4701.5698 , 68.7312,1.8610,<LOD,3.2452,6.0847,<LOD,0.6290,0.2520,433218.8750 , 745.0482,45.4847,6.0047 , 1.7304,4.7247,<LOD,0.0000,0.0000,,,,14187.7119 , 47.0881,51.5235,145.4449 , 11.5138,7.5171,<LOD,0.0000,0.2155,1.4783 , 0.4125,2.1873,<LOD,1.7741,0.2579,191.5666 , 1.1962,26.4897,<LOD,1.3651,0.5405,506653.0625 , 2812.3389,19.5141 , 1.7138,0.6035,19.4889 , 0.6449,1.8074,75.5666 , 0.6209,7.6821,6.4472 , 0.6205,0.5256,3.1483 , 0.7263,0.6782,135.3467 , 15.3031,20.5884,941.7575 , 26.9719,1.4313,<LOD,62.7748,0.7872,2571.4041 , 48.8045,1.6389,,,,,,,,,,,,,
47,Mining,120.31,30.02,30.24,30.02,29.41,"Mon Apr 27, 2026 - 18:32:09",User,1.5,ppm,,,,,,,,,Mining,,,,,,,,,,,,<LOD,1.1120,1.0906,26256.5488 , 601.0195,0.7867,<LOD,2.4006,0.1374,<LOD,0.9703,0.1631,<LOD,1.7104,2.1235,<LOD,18.9235,1.4142,46.7389 , 3.1882,2.1344,<LOD,2.6982,0.3130,2175.4626 , 29.8618,7.2006,<LOD,0.0000,0.0000,6009.2163 , 2643.0613,0.0505,<LOD,17.5850,0.3999,<LOD,0.8708,7.7222,7.1847 , 0.4633,4.6445,<LOD,3.6534,0.2186,877.7776 , 186.1779,0.3443,11.6291 , 0.8074,0.5386,<LOD,1.0066,0.8234,<LOD,0.0000,0.0000,,,,5842.1177 , 76.9577,2.2432,<LOD,3.2360,6.2585,<LOD,0.6251,0.2453,455531.4688 , 766.5334,48.7447,<LOD,4.1239,4.8191,<LOD,0.0000,0.0000,,,,11895.1318 , 41.6570,42.9263,106.1334 , 10.2543,6.1645,<LOD,4.8648,0.2110,1.7541 , 0.4059,2.1116,<LOD,1.8793,0.2798,183.2613 , 1.1689,25.1945,<LOD,1.5441,0.4476,487626.3125 , 2842.3662,11.8821 , 1.5949,0.4668,16.2368 , 0.6034,1.5645,52.3951 , 0.5276,5.5511,5.7511 , 0.5990,0.4803,2.4364 , 0.6853,0.5983,139.3258 , 15.3112,21.4109,1576.5684 , 32.2119,2.2359,157.5518 , 26.7630,0.8017,1467.1456 , 38.7692,1.0286,,,,,,,,,,,,,
48,Mining,131.21,40.69,30.10,30.21,30.21,"Mon Apr 27, 2026 - 18:35:07",User,1.5,ppm,,,,,,,,,Mining,,,,,,,,,,,,<LOD,1.1318,1.0631,14514.4307 , 576.9716,0.7385,<LOD,2.2651,0.1538,<LOD,0.9015,0.1767,<LOD,1.7654,2.1445,<LOD,15.0330,2.1140,41.9213 , 3.3561,2.2452,<LOD,2.5004,0.3388,4132.1118 , 35.3476,12.6820,<LOD,0.0000,0.0000,5305.8789 , 2614.7422,0.0506,<LOD,15.6898,0.4046,<LOD,0.7743,7.6179,7.8893 , 0.4163,4.6867,<LOD,3.2776,0.2136,911.1431 , 167.1971,0.2820,19.2064 , 0.7983,0.6626,<LOD,1.0126,0.7825,<LOD,0.0000,0.0000,,,,4724.9619 , 72.2702,2.0694,<LOD,3.2796,6.0443,<LOD,0.5748,0.2645,348443.3125 , 721.7780,43.0609,4.2227 , 1.7421,4.6528,<LOD,0.0000,0.0000,,,,10247.0908 , 43.7262,45.9157,104.1585 , 10.8926,6.6458,<LOD,0.0000,0.2042,1.7606 , 0.3650,2.1342,<LOD,1.6268,0.2698,180.5452 , 1.0586,25.3381,<LOD,1.2513,0.5303,608640.0625 , 2700.3831,33.2038 , 1.7467,0.7817,16.6295 , 0.5478,1.6018,57.9114 , 0.4977,6.1380,5.3916 , 0.5456,0.4897,1.5763 , 0.6327,0.6318,240.8584 , 129.0002,20.8625,883.8835 , 27.3577,1.5008,58.4682 , 26.6318,0.8298,1423.4019 , 41.2699,1.1247,,,,,,,,,,,,,
49,Mining,128.50,38.01,30.20,30.18,30.11,"Mon Apr 27, 2026 - 18:37:59",User,1.5,ppm,,,,,,,,,Mining,,,,,,,,,,,,<LOD,1.1366,1.0455,20959.7559 , 648.3503,0.9222,<LOD,2.1181,0.1223,<LOD,0.9200,0.1683,<LOD,1.7607,2.0645,<LOD,16.7388,2.4116,22.5496 , 3.1566,1.9041,<LOD,2.6060,0.3357,4632.8579 , 38.7382,14.0379,<LOD,0.0000,0.0000,<LOD,3674.6019,0.0401,<LOD,16.2431,0.3989,<LOD,0.7780,7.1710,6.3987 , 0.4155,4.3606,<LOD,3.5824,0.2299,438.0396 , 134.5936,0.1712,16.7610 , 0.7967,0.6033,<LOD,1.0549,0.8342,<LOD,0.0000,0.0000,,,,2088.4438 , 52.5195,1.0172,<LOD,3.3536,6.1832,<LOD,0.5761,0.2432,375377.2812 , 729.8174,46.7142,4.2829 , 1.7818,4.7728,<LOD,0.0000,0.0000,,,,7289.6587 , 36.5574,32.2155,87.4421 , 9.5966,4.8035,<LOD,4.5774,0.2146,2.2740 , 0.4118,2.4450,<LOD,1.6939,0.2608,149.0024 , 0.9933,21.0488,<LOD,1.5851,0.4926,586125.6250 , 2696.2424,7.0931 , 1.3682,0.3843,37.5166 , 0.7363,2.9373,46.9321 , 0.4683,5.0155,4.4289 , 0.5592,0.4723,<LOD,0.8813,0.5025,296.2700 , 158.6691,22.0656,416.1773 , 21.3839,0.7734,<LOD,37.4446,0.6863,1991.2065 , 47.9693,1.4484,,,,,,,,,,,,,
50,Mining,120.71,30.17,30.27,30.23,30.04,"Mon Apr 27, 2026 - 18:40:32",User,1.5,ppm,,,,,,,,,Mining,,,,,,,,,,,,<LOD,1.1529,1.0501,38836.1719 , 662.0454,0.9488,<LOD,2.5244,0.1459,<LOD,0.9855,0.1602,<LOD,1.7800,2.0604,<LOD,18.2739,2.3761,26.4490 , 3.1142,1.9626,<LOD,2.8934,0.3439,4632.3804 , 42.9806,14.3693,<LOD,0.0000,0.0000,7379.8228 , 2634.6113,0.0509,<LOD,17.8242,0.4022,<LOD,0.8401,6.9303,6.3558 , 0.4530,4.3055,<LOD,3.9357,0.2326,250.0166 , 135.1154,0.1755,15.9429 , 0.8770,0.6065,<LOD,1.0517,0.8066,<LOD,0.0000,0.0000,,,,2228.9575 , 50.7213,0.9693,<LOD,3.3567,5.9963,<LOD,0.6226,0.2317,460384.1875 , 756.4447,47.5242,<LOD,4.2664,4.6927,<LOD,0.0000,0.0000,,,,9954.1416 , 37.8903,34.9585,113.9659 , 9.6711,5.2176,<LOD,0.0000,0.2085,1.9391 , 0.4489,2.4059,<LOD,1.7990,0.2506,155.0664 , 1.0795,20.7014,<LOD,1.6034,0.4932,472659.3125 , 2905.4148,3.1631 , 1.3495,0.3492,40.0748 , 0.8146,2.9809,41.5537 , 0.4778,4.3487,4.1958 , 0.6007,0.4529,<LOD,1.1021,0.5172,181.5678 , 16.1327,21.6919,473.1880 , 20.7441,0.7668,<LOD,37.7081,0.7140,2611.5706 , 48.6794,1.5952,,,,,,,,,,,,,
51,Mining,120.49,30.11,30.11,30.14,29.54,"Mon Apr 27, 2026 - 18:43:05",User,1.5,ppm,,,,,,,,,Mining,,,,,,,,,,,,<LOD,1.1406,1.0715,35534.2070 , 660.2996,0.9093,<LOD,2.2876,0.1225,<LOD,1.0157,0.1751,<LOD,1.7372,2.0429,<LOD,16.5202,1.9913,21.2833 , 3.0153,1.8661,<LOD,2.7007,0.3076,3635.7573 , 37.8183,11.3991,<LOD,0.0000,0.0000,<LOD,3917.4639,0.0434,<LOD,17.4083,0.3911,<LOD,0.8358,7.0838,6.5472 , 0.4497,4.3782,<LOD,3.7851,0.2233,489.8473 , 158.9638,0.2310,22.8272 , 0.9667,0.7610,<LOD,1.0083,0.7680,<LOD,0.0000,0.0000,,,,2839.7227 , 58.0591,1.1758,<LOD,3.2882,6.0381,<LOD,0.5911,0.2134,464281.3438 , 770.3972,48.1963,6.3436 , 1.7534,4.7031,<LOD,0.0000,0.0000,,,,9794.5693 , 37.1671,34.4720,96.9920 , 9.4334,5.0700,<LOD,4.7429,0.1965,2.0407 , 0.4427,2.4150,<LOD,1.7836,0.2470,161.7852 , 1.0862,21.5564,<LOD,1.8357,0.6133,480082.4062 , 2853.0493,6.0276 , 1.4359,0.3625,37.0486 , 0.7836,2.8202,35.7372 , 0.4435,3.8679,4.5138 , 0.6158,0.4874,<LOD,1.5492,0.5372,197.7644 , 15.7507,21.7134,614.9507 , 21.9957,0.9362,153.8963 , 27.9100,0.8195,1974.3987 , 43.1186,1.2602,,,,,,,,,,,,,
52,Mining,120.83,30.27,30.15,30.25,30.16,"Mon Apr 27, 2026 - 18:45:42",User,1.5,ppm,,,,,,,,,Mining,,,,,,,,,,,,<LOD,1.0765,1.0779,35239.7500 , 614.7189,0.9150,<LOD,2.2855,0.1334,<LOD,0.9922,0.1822,<LOD,1.6746,2.1574,<LOD,18.2561,2.6774,25.0041 , 3.1244,2.0225,<LOD,2.7391,0.3464,4921.9902 , 43.1443,16.1579,<LOD,0.0000,0.0000,9809.6836 , 2627.4834,0.0569,<LOD,18.0115,0.4574,<LOD,0.8431,7.8834,7.2587 , 0.4459,4.6839,<LOD,3.7311,0.2297,375.5427 , 145.0008,0.2292,27.6372 , 1.0133,0.9127,<LOD,0.9953,0.8526,<LOD,0.0000,0.0000,,,,6053.6377 , 73.6654,2.3817,<LOD,3.1323,6.1796,<LOD,0.5952,0.2373,448329.5312 , 746.8824,49.0299,4.0815 , 1.6665,4.7762,<LOD,0.0000,0.0000,,,,11064.2090 , 40.6829,41.1574,99.5494 , 10.1036,5.9442,<LOD,4.6841,0.2097,2.5280 , 0.4458,2.6637,<LOD,1.7323,0.2546,176.5788 , 1.1234,24.6262,<LOD,2.4719,0.7500,479626.2500 , 2805.0112,5.5466 , 1.4016,0.3759,40.2261 , 0.7961,3.1786,48.0683 , 0.4951,5.2161,5.2936 , 0.6177,0.5459,<LOD,1.4911,0.5812,143.7722 , 14.8461,21.2456,1488.9489 , 32.7011,2.2334,76.0306 , 24.8238,0.7902,2428.8950 , 47.9334,1.6054,,,,,,,,,,,,,
53,Mining,120.44,30.19,30.02,30.22,30.01,"Mon Apr 27, 2026 - 18:48:15",User,1.5,ppm,,,,,,,,,Mining,,,,,,,,,,,,<LOD,1.1121,1.0105,43171.7539 , 688.7230,1.0239,<LOD,2.4317,0.1345,<LOD,0.9814,0.1586,<LOD,1.7125,1.9777,<LOD,21.1712,3.2434,25.5611 , 3.2433,2.0024,<LOD,2.8098,0.3241,6378.0449 , 50.4321,19.7389,<LOD,0.0000,0.0000,8421.9736 , 2723.2891,0.0547,<LOD,24.9086,0.4559,<LOD,0.8748,7.4240,7.6077 , 0.4679,4.4832,<LOD,4.0064,0.2290,377.0698 , 139.1282,0.1945,14.6533 , 0.8604,0.5819,<LOD,0.9974,0.7478,<LOD,0.0000,0.0000,,,,3260.6179 , 58.3407,1.3233,<LOD,3.2228,5.7737,<LOD,0.6102,0.2168,467709.3438 , 774.2654,49.1558,4.8341 , 1.7072,4.3985,<LOD,0.0000,0.0000,,,,10346.6133 , 40.1538,36.5832,107.3191 , 10.1329,5.3915,<LOD,5.0659,0.2181,3.9633 , 0.4846,2.7887,<LOD,1.9061,0.2744,185.1430 , 1.1753,23.8505,1.3215 , 0.8868,0.5050,455857.9375 , 2965.3284,2.0371 , 1.3792,0.3135,52.9206 , 0.9165,3.8040,28.4788 , 0.4084,3.1751,5.7346 , 0.6257,0.5083,1.1215 , 0.6718,0.5468,144.8135 , 15.1928,19.5371,476.3201 , 22.2369,0.8019,<LOD,37.1603,0.6997,3414.8279 , 56.4632,2.0517,,,,,,,,,,,,,
54,Mining,120.79,30.28,30.03,30.24,29.94,"Mon Apr 27, 2026 - 18:50:48",User,1.5,ppm,,,,,,,,,Mining,,,,,,,,,,,,<LOD,1.0881,1.0262,43546.6953 , 673.9331,1.0312,<LOD,2.2893,0.1284,<LOD,0.8842,0.1387,<LOD,1.6952,2.0678,<LOD,20.5714,3.3072,25.9616 , 3.1343,2.0586,<LOD,2.6608,0.3137,6148.0122 , 48.4775,19.6506,<LOD,0.0000,0.0000,6092.5112 , 2614.7156,0.0521,<LOD,18.0545,0.4538,<LOD,0.8445,7.4624,7.0456 , 0.4543,4.5653,<LOD,3.8372,0.2272,229.7771 , 135.5491,0.1852,13.4757 , 0.8232,0.5746,<LOD,0.9590,0.7310,<LOD,0.0000,0.0000,,,,2726.0349 , 54.2807,1.1769,<LOD,3.1186,5.6752,<LOD,0.5965,0.2352,459724.5312 , 760.7819,49.4700,4.0691 , 1.6648,4.4276,<LOD,0.0000,0.0000,,,,10609.3564 , 39.5125,38.7444,111.6293 , 9.9147,5.7133,<LOD,0.0000,0.1919,3.6966 , 0.4668,2.7993,<LOD,1.8257,0.2788,178.6921 , 1.1256,23.7252,1.9640 , 0.8609,0.5231,466484.1875 , 2831.9480,2.7443 , 1.2874,0.3439,50.0659 , 0.8754,3.7402,18.2195 , 0.3369,2.3420,6.5800 , 0.5952,0.5158,1.4870 , 0.6516,0.5575,120.7865 , 14.7464,19.3080,448.0936 , 21.2005,0.7983,<LOD,37.3490,0.7355,3444.3462 , 54.6657,2.1284,,,,,,,,,,,,,
55,Mining,120.48,30.14,30.11,30.09,29.21,"Mon Apr 27, 2026 - 18:53:42",User,1.5,ppm,,,,,,,,,Mining,,,,,,,,,,,,<LOD,1.0681,1.0926,32189.9922 , 612.5089,0.8399,<LOD,2.3573,0.1384,<LOD,0.9614,0.1666,<LOD,1.6398,2.1253,<LOD,15.2412,1.7910,19.8702 , 2.9063,1.9138,<LOD,2.6764,0.3207,2985.9248 , 34.6722,10.0506,<LOD,0.0000,0.0000,13186.7979 , 2840.2705,0.0630,188.0744 , 16.2589,0.8286,<LOD,0.8406,7.6186,5.9524 , 0.4474,4.5958,<LOD,3.6156,0.2195,478.3040 , 169.8204,0.2847,14.0389 , 0.8352,0.6006,<LOD,0.9767,0.8431,<LOD,0.0000,0.0000,,,,14372.1816 , 113.8237,5.3418,<LOD,3.0712,6.1197,<LOD,0.6050,0.2438,414390.4062 , 763.8584,44.1419,5.4568 , 1.6347,4.7524,<LOD,0.0000,0.0000,,,,9576.5361 , 37.0132,35.7035,97.6349 , 9.1472,5.2810,<LOD,0.0000,0.1982,3.3647 , 0.4470,2.6367,<LOD,1.7735,0.2658,167.9966 , 1.1332,24.3787,<LOD,1.2594,0.4753,508620.9062 , 2936.9878,2.4413 , 1.3028,0.3559,34.2110 , 0.7642,2.8082,80.7046 , 0.6404,8.3506,3.6991 , 0.5796,0.4571,<LOD,1.5956,0.6094,233.4361 , 14.8873,23.0111,1645.3120 , 32.2597,2.4028,<LOD,38.0499,0.7667,1696.7450 , 39.9793,1.1785,,,,,,,,,,,,,
56,Mining,132.70,42.22,30.16,30.09,30.23,"Mon Apr 27, 2026 - 18:56:35",User,1.5,ppm,,,,,,,,,Mining,,,,,,,,,,,,<LOD,1.0962,1.0662,16079.9082 , 591.3983,0.7892,<LOD,1.8716,0.1188,<LOD,0.8056,0.1611,<LOD,1.6840,2.0711,<LOD,14.8840,2.3741,13.9277 , 3.0523,1.8798,<LOD,2.3510,0.3419,4465.2588 , 35.6880,14.2494,<LOD,0.0000,0.0000,16300.8926 , 2973.4678,0.0731,185.9857 , 13.7208,0.8232,<LOD,0.7243,7.6008,6.1457 , 0.3869,4.5916,<LOD,3.0984,0.2134,731.9442 , 171.3826,0.3058,17.0432 , 0.7302,0.6334,<LOD,0.9909,0.8025,<LOD,0.0000,0.0000,,,,14283.9834 , 117.6741,5.9929,<LOD,3.1649,5.9825,<LOD,0.5109,0.2398,341519.6875 , 761.1185,43.8946,<LOD,2.5183,4.5627,<LOD,0.0000,0.0000,,,,7957.3066 , 39.6558,36.9267,87.2274 , 9.7973,5.4401,<LOD,3.9949,0.2043,4.3141 , 0.3843,2.6896,<LOD,1.5146,0.2607,172.2145 , 1.0180,25.5103,<LOD,1.7757,0.5314,594232.4375 , 2914.8186,18.3862 , 1.4357,0.5546,31.4264 , 0.6440,2.6997,78.7273 , 0.5514,8.3392,4.3772 , 0.4962,0.4695,1.3565 , 0.6000,0.6544,264.9099 , 141.8785,21.4368,1488.3079 , 34.6136,2.4947,728.9250 , 30.3532,1.1909,1325.2994 , 40.7554,1.0949,,,,,,,,,,,,,
57,Mining,120.53,30.04,30.17,30.21,28.02,"Mon Apr 27, 2026 - 18:59:09",User,1.5,ppm,,,,,,,,,Mining,,,,,,,,,,,,<LOD,1.1143,1.0833,29220.9980 , 629.9629,0.8050,<LOD,2.1940,0.1157,<LOD,0.9607,0.1621,<LOD,1.7087,2.1009,<LOD,17.6164,2.3479,23.1170 , 3.0042,1.9366,<LOD,2.7458,0.3296,4388.0273 , 41.7067,14.2106,<LOD,0.0000,0.0000,9543.7920 , 2917.5996,0.0588,173.0563 , 15.9612,0.7914,<LOD,0.8472,7.5258,6.4111 , 0.4507,4.5365,<LOD,3.6859,0.2139,405.7867 , 175.7997,0.2719,13.3170 , 0.8283,0.5755,<LOD,1.0007,0.8036,<LOD,0.0000,0.0000,,,,13774.4336 , 116.4970,5.0440,<LOD,3.1952,6.0129,<LOD,0.5948,0.2285,425503.9062 , 790.2089,44.9587,<LOD,3.6770,4.5998,<LOD,0.0000,0.0000,,,,10076.3926 , 38.5037,36.6424,91.3290 , 9.4523,5.3169,<LOD,4.7628,0.2055,4.0314 , 0.4493,2.6020,<LOD,1.7403,0.2430,175.7367 , 1.1578,24.5713,<LOD,2.0103,0.4924,502152.1250 , 2991.4705,15.1434 , 1.6397,0.5064,32.1885 , 0.7431,2.5675,78.1160 , 0.6313,7.8972,4.8707 , 0.5921,0.4733,<LOD,1.0147,0.5874,200.9972 , 15.3745,21.9458,1744.7676 , 33.9065,2.5010,568.9926 , 31.7279,1.1034,1802.4476 , 41.7600,1.2156,,,,,,,,,,,,,
58,Mining,30.26,29.66,,,,"Mon Apr 27, 2026 - 19:27:35",User,1.5,ppm,,,,,,,,,Mining,,,,,,,,,,,,509.4720 , 453.8909,11.2064,,,,<LOD,35.3165,0.0615,<LOD,12.2794,0.0939,<LOD,34.2945,4.5411,<LOD,731.0810,220.4915,8883.7539 , 104.7844,21.7985,1638.3036 , 59.3866,1.4896,894595.3125 , 615.2401,1499.2419,<LOD,0.0000,0.0000,,,,2806.0520 , 126.8180,12.8482,4366.6196 , 24.5602,45.8147,<LOD,4.9941,0.7448,982.9284 , 142.6422,0.8166,,,,<LOD,11.6401,0.2038,<LOD,34.7220,5.4544,<LOD,0.0000,0.0000,,,,,,,<LOD,72.3848,5.3541,<LOD,6.7580,0.1036,,,,89.3521 , 30.4446,6.0585,<LOD,0.0000,0.0000,,,,167.7746 , 80.4527,1.3801,<LOD,261.7752,1.4745,<LOD,0.0000,0.1747,<LOD,3.7754,0.2589,<LOD,25.0072,0.2076,<LOD,3.2407,0.4124,61.2439 , 9.1446,0.2434,85899.2031 , 15023.2275,<LOD,18.8300,0.1181,<LOD,4.1476,-0.1067,<LOD,2.1482,0.1260,<LOD,20.4544,-1.2541,<LOD,4.6256,-0.0426,,,,,,,,,,,,,,,,,,,,,,,,,
61,Health Check,154.41,,,,,"Tue Apr 28, 2026 - 11:25:33",User,,,,,,,,,,,Health Check,Pass,Detector Quality: 1.07 — Pass; Fault Free: Pass; Battery Health  94%: Pass; C#1 Voltage  4037 mV: Pass; C#2 Voltage  4035 mV: Pass; Tube Health: Pass; System Check: Reading #60 - Pass; Filter Wheel Check: Pass; XRay LED Test: Pass; Wi-Fi: Pass; Bluetooth: Pass; GPS: Pass; ,,,,,,,,,,,,,,,,,,,,,,,,,,,,,,,,,,,,,,,,,,,,,,,,,,,,,,,,,,,,,,,,,,,,,,,,,,,,,,,,,,,,,,,,,,,,,,,,,,,,,,,,,,,,,,,,,,,,,,,,,,,,,,,,,,,,,,,,,,,,,,,,,,7,432.100006,39.000793,-122.663055,10.000000,529176.250000,4316918.500000,
62,Mining,30.19,29.70,,,,"Tue Apr 28, 2026 - 11:28:56",User,1.5,ppm,,,,,,,,,Mining,,,,,,,,,,,,492.6427 , 438.9099,11.1593,,,,24.9236 , 18.8570,0.0653,<LOD,13.0555,0.1064,<LOD,41.9689,4.7322,<LOD,652.6640,218.6293,9758.3301 , 111.1925,23.7042,1373.6749 , 55.1415,1.2851,887058.1250 , 610.2766,1495.5306,<LOD,0.0000,0.0000,,,,3905.3604 , 137.2402,14.7997,5022.0933 , 26.5578,53.5150,<LOD,5.0528,0.7716,475.9143 , 136.9748,0.5213,,,,<LOD,11.7451,0.2059,<LOD,35.0775,5.5436,<LOD,0.0000,0.0000,,,,,,,<LOD,65.7839,5.4064,<LOD,6.9445,0.0995,,,,94.3840 , 30.7099,6.1232,<LOD,0.0000,0.0000,,,,254.0112 , 83.5966,1.4450,<LOD,293.1134,1.5136,<LOD,67.0227,0.1335,<LOD,3.8658,0.2770,<LOD,23.1352,0.1722,<LOD,3.3940,0.4232,34.1773 , 8.1463,0.1725,91506.5000 , 15055.8291,<LOD,39.4474,0.1566,<LOD,6.0451,-0.2206,<LOD,3.9215,0.1608,<LOD,19.3202,-1.1478,<LOD,7.0662,-0.0974,,,,,,,,,,,,,,,,,,4,429.799988,39.000740,-122.662956,10.000000,529184.625000,4316912.500000,
63,Mining,126.13,35.76,30.21,30.15,30.01,"Tue Apr 28, 2026 - 13:24:21",User,1.5,ppm,,,,,,,,,Mining,,,,,,,,,,,,<LOD,1.4236,0.8372,119678.1719 , 1331.8667,1.9484,<LOD,2.9201,0.1070,<LOD,1.2881,0.1518,<LOD,2.1677,1.5857,<LOD,48.3633,11.9292,82.0229 , 5.5727,3.1509,16.6346 , 2.7191,0.3920,30211.3301 , 134.0355,75.7617,<LOD,0.0000,0.0000,9061.5615 , 3778.2676,0.0688,83.5562 , 18.5632,0.7289,<LOD,1.0640,5.7850,8.6287 , 0.5750,3.5933,<LOD,6.2814,0.2236,946.3799 , 204.1584,0.3269,9.3429 , 0.9439,0.3845,<LOD,1.3102,0.6581,<LOD,0.0000,0.0000,,,,13771.1797 , 116.5194,4.1549,<LOD,4.1279,4.6732,<LOD,0.7693,0.1958,362109.6875 , 787.1323,29.8014,15.5594 , 2.2447,3.8916,<LOD,0.0000,0.0000,,,,12265.6807 , 57.2811,36.5405,277.9064 , 15.2998,6.1378,<LOD,6.3540,0.1937,7.7385 , 0.6210,2.4945,7.7394 , 1.8687,0.3395,198.6330 , 1.4681,19.2319,21.3312 , 1.3493,0.8572,440141.7188 , 4574.8496,4.0313 , 1.7281,0.2757,63.1342 , 1.1626,3.2930,95.6746 , 0.8179,6.6322,10.2594 , 0.8302,0.4933,2.6084 , 0.8896,0.5251,375.9481 , 20.7492,19.3552,3208.4553 , 63.5632,3.7864,<LOD,43.4093,0.7257,7325.1040 , 103.1809,3.6057,,,,,,7,412.700012,39.003750,-122.665680,10.000000,528947.687500,4317246.000000,
64,Mining,120.33,30.18,30.16,30.02,29.97,"Tue Apr 28, 2026 - 13:27:05",User,1.5,ppm,,,,,,,,,Mining,,,,,,,,,,,,<LOD,1.3387,0.9580,170034.9219 , 1439.3370,2.6440,<LOD,2.8201,0.1270,<LOD,1.2043,0.1682,<LOD,2.0261,1.8001,<LOD,37.6586,8.2216,69.8068 , 4.1605,2.7244,6.9248 , 2.3458,0.3643,19007.0898 , 102.6458,51.8301,<LOD,0.0000,0.0000,8302.2080 , 3487.4343,0.0726,53.3849 , 16.2792,0.6302,<LOD,0.9783,6.3411,7.8125 , 0.5290,3.9296,<LOD,5.7903,0.2530,706.9202 , 165.6340,0.2413,8.6693 , 0.8585,0.4042,<LOD,1.2361,0.7565,<LOD,0.0000,0.0000,,,,5210.5098 , 73.1634,1.8135,<LOD,3.8130,5.2015,<LOD,0.7211,0.2161,349917.8750 , 811.1376,29.9226,10.1204 , 2.0468,4.1526,<LOD,0.0000,0.0000,,,,10503.2744 , 46.7414,33.6490,215.7407 , 11.6070,5.5406,<LOD,5.6373,0.1910,7.1451 , 0.5572,2.5896,6.3996 , 1.6881,0.3475,169.7768 , 1.2962,19.0685,14.1401 , 1.1422,0.7449,429454.7500 , 4429.6606,3.3250 , 1.5650,0.2869,50.3383 , 0.9989,3.0795,74.9627 , 0.6924,6.0877,7.2041 , 0.7373,0.4776,2.0904 , 0.7960,0.5372,287.7324 , 18.7257,20.0680,846.5762 , 30.2452,1.1935,<LOD,40.6121,0.7004,5020.3071 , 72.1577,2.6535,,,,,,9,412.399994,39.003750,-122.665688,10.000000,528947.437500,4317246.000000,
65,Mining,120.40,30.09,30.05,30.05,30.21,"Tue Apr 28, 2026 - 13:30:57",User,1.5,ppm,,,,,,,,,Mining,,,,,,,,,,,,<LOD,1.3889,0.8123,102475.7266 , 1224.8307,1.7253,<LOD,2.6629,0.0962,<LOD,1.1981,0.1417,<LOD,2.1313,1.5703,<LOD,61.5756,9.0796,72.6113 , 4.8659,2.8159,4.7886 , 2.3717,0.3189,22551.3555 , 110.1269,56.4990,<LOD,0.0000,0.0000,13665.4424 , 3698.5737,0.0687,218.5315 , 20.3336,0.8802,<LOD,0.9806,5.5189,6.9482 , 0.5322,3.4696,<LOD,5.6733,0.2132,490.4807 , 165.8085,0.2058,8.1705 , 0.8714,0.3551,<LOD,1.2641,0.6224,<LOD,0.0000,0.0000,,,,4153.3496 , 69.1664,1.4107,<LOD,4.0147,4.5213,<LOD,0.7193,0.1868,393001.9375 , 811.4354,32.3028,10.7882 , 2.1706,3.6908,<LOD,0.0000,0.0000,,,,10034.7305 , 47.8003,29.6202,178.7101 , 12.6089,4.8010,<LOD,6.0914,0.1913,6.4851 , 0.5585,2.2199,14.5223 , 1.9536,0.3989,145.2708 , 1.2209,15.1292,22.5864 , 1.3131,0.8963,443241.9688 , 4389.0767,<LOD,2.6584,0.2353,43.9918 , 0.9617,2.4413,78.4091 , 0.7230,5.7123,6.7047 , 0.7275,0.3924,<LOD,1.4948,0.4382,280.1700 , 19.8006,17.7185,3197.6294 , 58.5926,3.7345,<LOD,44.8862,0.7605,6088.7109 , 88.6488,2.9997,,,,,,9,412.200012,39.003750,-122.665680,10.000000,528948.125000,4317246.000000,
66,Mining,11.22,11.22,,,,"Tue Apr 28, 2026 - 13:31:51",User,1.5,ppm,,,,,,,,,Mining,,,,,,,,,,,,<LOD,12.6848,31.3478,,,,<LOD,6.6673,0.1129,<LOD,2.8736,0.1520,<LOD,13.8101,31.7088,<LOD,110.4766,11.3202,95.3864 , 54.1337,0.5406,<LOD,9.2326,0.2808,35046.6562 , 209.4790,71.4800,<LOD,0.0000,0.0000,,,,382.4668 , 48.7692,1.0853,<LOD,2.1369,4.7553,5.8820 , 1.1649,3.0301,<LOD,13.6426,0.2117,,,,10.2401 , 1.9400,0.3261,<LOD,14.0173,35.2439,<LOD,0.0000,0.0000,,,,,,,<LOD,24.0746,32.9072,<LOD,1.6642,0.1797,,,,<LOD,16.5957,27.0563,<LOD,0.0000,0.0000,,,,11391.1279 , 382.9747,4.1056,180.0003 , 124.4167,1.1736,<LOD,13.3236,0.1704,8.5461 , 1.2524,2.0662,29.2750 , 4.7155,0.4358,138.6885 , 2.5244,12.9352,22.1191 , 2.7175,0.6929,952469.1875 , 649.9711,<LOD,6.7100,0.2265,44.9980 , 2.0831,2.1077,169.3860 , 2.1270,9.5635,6.0376 , 1.6590,0.3590,<LOD,3.3616,0.4604,,,,,,,,,,,,,,,,,,9,412.299988,39.003746,-122.665672,10.000000,528948.312500,4317245.500000,
67,Mining,120.11,30.26,30.24,30.28,29.33,"Tue Apr 28, 2026 - 13:34:06",User,1.5,ppm,,,,,,,,,Mining,,,,,,,,,,,,<LOD,1.4008,0.7507,96651.0781 , 1354.0723,1.6397,<LOD,2.7860,0.0939,<LOD,1.2307,0.1338,<LOD,2.1605,1.4656,<LOD,48.1003,11.4346,92.3855 , 5.4334,3.0094,<LOD,4.4365,0.2822,30993.1523 , 137.6886,74.0652,<LOD,0.0000,0.0000,20995.2969 , 4280.0420,0.0764,325.1429 , 22.8092,1.0797,<LOD,0.9997,4.9089,5.5573 , 0.5464,3.1185,<LOD,10.4337,0.2179,425.3585 , 173.5445,0.1956,9.5864 , 0.9199,0.3530,<LOD,1.2500,0.5517,<LOD,0.0000,0.0000,,,,6085.6074 , 85.0439,1.8919,<LOD,4.0863,4.2522,<LOD,0.7465,0.1792,394211.8125 , 853.9141,31.5212,12.5597 , 2.2104,3.4793,<LOD,0.0000,0.0000,,,,10035.4131 , 51.2253,28.5159,168.6483 , 13.4678,4.6049,<LOD,6.2348,0.1796,7.7623 , 0.5757,2.0970,24.0377 , 2.1967,0.4543,126.0292 , 1.2145,13.1643,16.0708 , 1.2406,0.6774,425217.6562 , 4950.9619,<LOD,2.3131,0.2028,40.1055 , 0.9643,2.1187,154.9198 , 1.0400,9.8521,6.2575 , 0.7436,0.3618,2.9367 , 0.8834,0.5044,311.1623 , 20.2693,16.8701,7871.8638 , 93.5809,8.5308,<LOD,47.8976,0.7593,6209.5962 , 95.9541,3.0043,,,,,,9,412.500000,39.003742,-122.665672,10.000000,528948.312500,4317245.000000,
68,Mining,125.77,35.62,30.07,30.05,30.03,"Tue Apr 28, 2026 - 13:38:48",User,1.5,ppm,,,,,,,,,Mining,,,,,,,,,,,,<LOD,1.6813,0.7408,83187.6875 , 1225.5372,1.4078,<LOD,3.2012,0.0852,<LOD,1.4391,0.1267,<LOD,2.5111,1.3387,<LOD,72.3310,24.0469,75.9143 , 7.5124,3.7026,12.9556 , 2.9872,0.3226,64847.9492 , 204.2751,154.0885,<LOD,0.0000,0.0000,<LOD,6070.5374,0.0548,<LOD,36.0258,0.8374,<LOD,1.1723,4.6417,7.3307 , 0.6338,2.9110,<LOD,13.2900,0.2244,1197.1179 , 242.7653,0.4274,7.4854 , 1.0301,0.3028,<LOD,1.4250,0.4876,<LOD,0.0000,0.0000,,,,22562.4609 , 148.5839,6.4446,<LOD,4.8104,3.9585,<LOD,0.8779,0.1727,319784.4375 , 722.5068,24.5804,13.1409 , 2.6046,3.2636,<LOD,0.0000,0.0000,,,,12705.3906 , 67.6560,36.5719,295.1164 , 19.4195,6.2367,<LOD,7.0764,0.1615,7.7656 , 0.6886,2.0092,3.3816 , 2.0088,0.2659,185.4513 , 1.5518,14.7190,9.6290 , 1.2413,0.4378,485468.4375 , 4646.5454,<LOD,2.6634,0.1874,56.8227 , 1.2181,2.3975,101.7410 , 0.9286,5.6862,7.1343 , 0.8820,0.3490,<LOD,1.3805,0.3697,371.2935 , 24.1294,16.0890,2389.5994 , 68.5611,2.7824,<LOD,46.5229,0.7863,6701.8022 , 122.3434,3.2294,,,,,,9,412.299988,39.003746,-122.665680,10.000000,528947.875000,4317245.500000,
69,Mining,120.75,30.22,30.25,30.29,29.99,"Tue Apr 28, 2026 - 13:41:06",User,1.5,ppm,,,,,,,,,Mining,,,,,,,,,,,,<LOD,1.7856,0.6568,125893.2266 , 1742.9843,1.9892,<LOD,3.6549,0.0956,<LOD,1.4652,0.1120,<LOD,2.6595,1.1764,<LOD,104.2840,24.6268,95.7231 , 8.2120,3.8155,20.7093 , 3.2680,0.3310,70491.9062 , 231.1898,156.6925,<LOD,0.0000,0.0000,<LOD,6726.8745,0.0557,<LOD,55.3147,0.8609,<LOD,1.2543,4.5330,10.0460 , 0.6768,2.8278,<LOD,9.5954,0.1970,1473.9509 , 252.0559,0.4000,8.4794 , 1.0932,0.2909,<LOD,1.5666,0.4667,<LOD,0.0000,0.0000,,,,15994.0254 , 132.9491,4.3284,<LOD,5.1110,3.4856,<LOD,0.9238,0.1578,327741.6562 , 767.3665,23.4395,12.9964 , 2.7832,2.9321,<LOD,0.0000,0.0000,,,,12355.2422 , 70.0174,33.1883,302.4393 , 20.1859,5.7295,<LOD,7.1499,0.1405,8.3050 , 0.7256,1.8938,6.7792 , 2.2081,0.2755,207.7536 , 1.6970,14.5465,12.9077 , 1.3760,0.4745,437986.5938 , 5649.2295,<LOD,4.0078,0.1917,60.8196 , 1.3054,2.3394,75.9631 , 0.8401,3.9774,8.3334 , 0.9225,0.3325,<LOD,2.1203,0.3534,412.7207 , 26.0529,14.9332,1221.4052 , 55.7185,1.4681,<LOD,49.7059,0.7517,5598.0034 , 119.1529,2.5711,,,,,,9,412.200012,39.003750,-122.665680,10.000000,528948.000000,4317246.000000,
70,Mining,51.02,30.19,20.83,,,"Tue Apr 28, 2026 - 13:43:30",User,1.5,ppm,,,,,,,,,Mining,,,,,,,,,,,,<LOD,6.3925,36.9966,,,,<LOD,2.9486,0.1018,<LOD,1.3259,0.1507,<LOD,6.9790,38.3835,<LOD,45.5029,5.7468,57.1846 , 5.7929,2.3684,<LOD,3.7159,0.2963,15646.0586 , 80.7769,35.2274,<LOD,0.0000,0.0000,,,,<LOD,24.9949,0.4638,<LOD,1.1324,6.4849,10.0643 , 0.6127,4.0536,<LOD,5.7538,0.2169,,,,13.6349 , 1.0375,0.4385,<LOD,7.2011,45.6679,<LOD,0.0000,0.0000,,,,,,,<LOD,12.0922,39.1569,<LOD,0.8276,0.2185,,,,<LOD,8.3385,32.3603,<LOD,0.0000,0.0000,,,,10461.2031 , 52.8854,28.4392,218.8490 , 15.9228,4.7096,<LOD,6.6197,0.1941,8.3752 , 0.6481,2.6132,<LOD,2.6564,0.2778,204.4501 , 1.4260,20.0842,3.3494 , 1.1039,0.4247,967563.1250 , 225.2640,<LOD,2.5111,0.2329,54.9962 , 1.1267,3.0069,54.0963 , 0.6433,4.1329,6.6366 , 0.8192,0.4409,<LOD,1.9470,0.4706,,,,1224.8167 , 46.4600,1.3297,,,,4473.2256 , 95.5854,2.0977,,,,,,10,411.899994,39.003750,-122.665680,10.000000,528947.875000,4317246.000000,
71,Mining,120.70,30.21,30.16,30.19,29.24,"Tue Apr 28, 2026 - 13:46:47",User,1.5,ppm,,,,,,,,,Mining,,,,,,,,,,,,<LOD,1.4298,0.8539,71807.9844 , 1182.0431,1.3236,<LOD,2.8190,0.1033,<LOD,1.1887,0.1342,<LOD,2.1223,1.5336,<LOD,38.2583,6.8479,50.2026 , 4.6132,2.4528,<LOD,3.4569,0.2860,17868.5820 , 105.5837,42.8096,<LOD,0.0000,0.0000,<LOD,7884.4937,0.0523,<LOD,34.7578,0.4862,<LOD,1.0394,5.8830,9.6357 , 0.5651,3.6948,<LOD,5.5907,0.2180,555.4092 , 189.7994,0.2157,10.5491 , 0.9326,0.3906,<LOD,1.5602,0.6806,<LOD,0.0000,0.0000,,,,9468.8936 , 107.4920,2.7750,<LOD,4.0012,4.4270,<LOD,0.7622,0.2021,439109.2812 , 999.1672,35.8760,7.0537 , 2.1523,3.5669,<LOD,0.0000,0.0000,,,,9579.8818 , 49.2528,27.0462,196.4251 , 12.3472,4.5154,<LOD,6.1031,0.1835,7.3216 , 0.5777,2.2852,<LOD,2.4155,0.2566,179.8644 , 1.3949,17.4518,2.0931 , 0.9765,0.3619,441826.5938 , 5586.5015,<LOD,2.3328,0.2236,45.7274 , 0.9951,2.4972,49.8936 , 0.5977,3.7624,6.5717 , 0.7427,0.4028,1.6489 , 0.7914,0.4370,295.7582 , 19.8641,17.7052,1256.7181 , 38.7144,1.4979,<LOD,47.0984,0.6978,4553.1787 , 77.1047,2.1761,,,,,,9,411.600006,39.003757,-122.665680,10.000000,528947.687500,4317246.500000,
72,Mining,126.28,35.65,30.12,30.25,30.26,"Tue Apr 28, 2026 - 13:51:05",User,1.5,ppm,,,,,,,,,Mining,,,,,,,,,,,,<LOD,1.2488,0.9256,66772.6406 , 886.8358,1.2880,<LOD,2.5035,0.1094,<LOD,1.0674,0.1449,<LOD,1.8975,1.7587,<LOD,29.0863,4.9666,38.1007 , 3.7966,2.2418,<LOD,2.9693,0.2802,11286.6475 , 71.5352,30.4425,<LOD,0.0000,0.0000,<LOD,5075.9454,0.0487,<LOD,20.1669,0.4266,<LOD,0.9303,6.4908,8.2263 , 0.5018,4.0305,<LOD,4.7228,0.2271,429.9540 , 152.4754,0.1894,8.7395 , 0.8204,0.4054,<LOD,1.1527,0.7295,<LOD,0.0000,0.0000,,,,4903.4224 , 72.1930,1.6920,<LOD,3.5456,5.0121,<LOD,0.6769,0.2131,446877.0625 , 824.3341,40.6563,6.5987 , 1.8937,3.9335,<LOD,0.0000,0.0000,,,,9102.1250 , 40.6503,28.5609,166.0756 , 10.6408,4.6324,<LOD,5.5389,0.2016,6.0961 , 0.5178,2.4741,<LOD,2.1450,0.2693,171.7825 , 1.2106,19.2009,1.7225 , 0.8597,0.3745,454518.6562 , 3751.8542,<LOD,2.0657,0.2318,43.9158 , 0.8966,2.7714,30.7654 , 0.4464,2.9060,6.4186 , 0.6716,0.4466,<LOD,1.5915,0.4537,231.5849 , 17.1903,18.7176,895.9121 , 29.9120,1.2161,<LOD,41.1323,0.7124,3578.0149 , 61.8044,1.9121,,,,,,10,411.200012,39.003765,-122.665680,10.000000,528947.562500,4317247.500000,
73,Mining,120.69,30.16,30.08,30.20,30.25,"Tue Apr 28, 2026 - 13:53:56",User,1.5,ppm,,,,,,,,,Mining,,,,,,,,,,,,<LOD,1.5810,0.7731,135201.7031 , 1935.1820,2.1113,<LOD,3.2483,0.1024,<LOD,1.4132,0.1423,<LOD,2.3763,1.4227,<LOD,60.8822,16.9831,82.4264 , 5.9814,3.1580,9.1634 , 2.7709,0.3192,46886.7812 , 229.4094,110.1833,<LOD,0.0000,0.0000,<LOD,9323.3870,0.0677,178.2579 , 22.2777,0.9605,<LOD,1.0855,4.4626,4.5236 , 0.5939,2.8655,12.8941 , 5.1267,0.2263,1532.8536 , 245.5080,0.4283,7.7940 , 0.9694,0.3129,<LOD,1.3731,0.5361,<LOD,0.0000,0.0000,,,,16284.6172 , 136.4278,4.8119,<LOD,4.5169,4.1600,<LOD,0.8579,0.1895,289405.9062 , 849.4633,21.6827,14.6457 , 2.4441,3.4119,<LOD,0.0000,0.0000,,,,8300.7861 , 52.7114,23.4383,197.5617 , 13.8222,4.0997,<LOD,6.9047,0.1777,6.6517 , 0.6039,1.8310,17.7044 , 2.2576,0.3889,118.8576 , 1.3731,12.6034,1.5817 , 1.0004,0.2827,473227.8750 , 7202.8081,3.1666 , 1.8261,0.2362,31.9404 , 0.9772,1.6468,262.3229 , 1.5833,14.9366,2.6973 , 0.7863,0.2952,2.8722 , 1.0339,0.5468,360.9647 , 22.6474,16.7160,18873.4238 , 158.0310,20.5256,<LOD,46.8855,0.7592,5730.5781 , 102.6463,2.9548,,,,,,9,410.799988,39.003761,-122.665688,10.000000,528947.250000,4317247.000000,
74,Mining,120.87,30.14,30.18,30.23,30.32,"Tue Apr 28, 2026 - 13:56:53",User,1.5,ppm,,,,,,,,,Mining,,,,,,,,,,,,<LOD,1.5395,0.7628,99930.2891 , 1535.8326,1.6112,<LOD,3.0559,0.0969,<LOD,1.2363,0.1159,<LOD,2.2956,1.3792,<LOD,46.8658,8.8880,72.3898 , 5.0123,2.4984,<LOD,4.3599,0.2719,26505.0977 , 131.1080,58.0971,<LOD,0.0000,0.0000,<LOD,7793.5598,0.0588,260.7574 , 22.6809,0.8755,<LOD,1.0398,4.4721,3.5923 , 0.5718,2.8858,<LOD,8.1001,0.1901,1495.1891 , 246.9483,0.3726,6.4601 , 0.9007,0.2888,<LOD,1.3276,0.5197,<LOD,0.0000,0.0000,,,,14148.6885 , 129.6727,3.9822,<LOD,4.3979,4.1449,<LOD,0.7976,0.1732,292227.8750 , 792.5421,20.5098,11.6405 , 2.3665,3.3342,<LOD,0.0000,0.0000,,,,5831.0483 , 38.6772,15.3428,174.2791 , 10.9780,2.8891,<LOD,6.6358,0.1743,7.6308 , 0.5920,1.9115,22.4970 , 2.2989,0.4250,101.2945 , 1.2318,11.7439,<LOD,1.9079,0.2465,523707.6875 , 6004.8984,<LOD,3.1539,0.2129,30.4466 , 0.9388,1.6378,268.1683 , 1.4684,15.6613,3.4036 , 0.7238,0.2851,3.9143 , 1.0198,0.5768,297.5646 , 21.6234,15.9637,27226.7383 , 168.9128,27.4166,<LOD,50.3453,0.7643,5868.2959 , 95.2586,2.8706,,,,,,8,410.200012,39.003761,-122.665688,10.000000,528947.125000,4317247.000000,
75,Mining,120.25,30.10,30.05,30.23,29.87,"Tue Apr 28, 2026 - 14:02:36",User,1.5,ppm,,,,,,,,,Mining,,,,,,,,,,,,<LOD,1.1003,1.0819,153689.3594 , 1061.7772,2.4365,<LOD,2.1713,0.1128,<LOD,0.9319,0.1513,<LOD,1.6951,2.1217,<LOD,19.4288,2.8492,46.2660 , 3.2870,2.3667,<LOD,2.7379,0.3238,5240.8765 , 46.4340,17.0439,<LOD,0.0000,0.0000,<LOD,4150.3795,0.0610,<LOD,16.6213,0.3671,<LOD,0.8395,7.3663,6.7351 , 0.4528,4.6008,<LOD,3.7754,0.2160,374.1388 , 132.1399,0.1904,<LOD,0.8356,0.2874,<LOD,0.9836,0.7945,<LOD,0.0000,0.0000,,,,4661.9302 , 65.1682,1.8810,<LOD,3.1655,6.0663,<LOD,0.5861,0.2200,337367.9062 , 736.3354,32.7062,3.9190 , 1.6799,4.6634,<LOD,0.0000,0.0000,,,,9427.7080 , 38.8930,34.8869,149.6216 , 9.6605,5.4628,<LOD,4.6119,0.1901,0.8945 , 0.3676,1.7762,<LOD,1.5984,0.2023,158.3376 , 1.1009,21.8798,2.9040 , 0.6491,0.3259,488033.2188 , 3371.4697,<LOD,1.8919,0.2764,4.0078 , 0.4146,0.6659,24.4685 , 0.3836,2.9632,2.3913 , 0.5163,0.3238,<LOD,0.8549,0.4202,188.5731 , 15.1659,21.7948,188.9311 , 13.4508,0.3562,<LOD,35.3620,0.6982,427.8064 , 27.3007,0.4439,,,,,,9,410.100006,39.003761,-122.665726,10.000000,528943.812500,4317247.000000,
76,Mining,120.48,30.05,30.03,30.25,30.15,"Tue Apr 28, 2026 - 14:04:54",User,1.5,ppm,,,,,,,,,Mining,,,,,,,,,,,,<LOD,1.0862,1.0510,153396.5625 , 1029.6300,2.4319,<LOD,2.2772,0.1322,<LOD,0.9230,0.1576,<LOD,1.6844,2.0884,<LOD,18.4853,2.7312,46.3827 , 3.2385,2.3723,<LOD,2.5905,0.3074,5002.5522 , 44.0398,16.3427,<LOD,0.0000,0.0000,<LOD,3955.2206,0.0580,<LOD,16.6416,0.3903,<LOD,0.8254,7.6049,7.7150 , 0.4446,4.7338,<LOD,3.9006,0.2518,413.3312 , 128.2838,0.1882,<LOD,0.8207,0.2939,<LOD,0.9746,0.7783,<LOD,0.0000,0.0000,,,,4592.3057 , 63.5736,1.8706,<LOD,3.1739,6.1173,<LOD,0.5942,0.2374,335984.5625 , 711.8656,32.6181,5.5925 , 1.6861,4.7086,<LOD,0.0000,0.0000,,,,9374.6797 , 37.8694,34.7820,145.3593 , 9.4798,5.4282,<LOD,4.4192,0.1849,<LOD,0.8169,1.7365,<LOD,1.5846,0.2114,158.1943 , 1.0700,22.0435,2.8155 , 0.6325,0.3262,490070.5625 , 3228.0815,<LOD,2.6766,0.2959,3.8880 , 0.3989,0.6534,28.8409 , 0.3983,3.3882,2.8996 , 0.5162,0.3475,<LOD,0.8241,0.4141,181.2614 , 15.1335,21.6411,195.2473 , 13.3194,0.3631,<LOD,34.5758,0.6985,387.2142 , 26.3900,0.4215,,,,,,8,410.100006,39.003754,-122.665733,10.000000,528943.500000,4317246.500000,
77,Mining,120.35,30.22,30.25,30.24,29.64,"Tue Apr 28, 2026 - 14:09:21",User,1.5,ppm,,,,,,,,,Mining,,,,,,,,,,,,<LOD,1.4755,1.0432,181291.8125 , 1320.2195,2.8101,<LOD,2.4749,0.1360,<LOD,0.9857,0.1561,<LOD,1.8176,1.9873,<LOD,20.8230,3.0334,53.9658 , 3.4713,2.4499,<LOD,2.6574,0.2811,6041.5586 , 51.8873,18.5963,<LOD,0.0000,0.0000,<LOD,5024.6221,0.0673,<LOD,17.7194,0.3883,<LOD,0.8708,7.2864,8.4502 , 0.4708,4.5630,<LOD,4.1070,0.2389,320.6778 , 138.0966,0.1781,<LOD,0.8903,0.3011,<LOD,1.0023,0.7368,<LOD,0.0000,0.0000,,,,4475.3213 , 67.7583,1.7358,<LOD,3.1930,5.5050,<LOD,0.6014,0.2088,338653.2188 , 836.0033,31.2124,4.1659 , 1.6967,4.2359,<LOD,0.0000,0.0000,,,,9574.7900 , 42.4264,33.6400,151.8460 , 9.9012,5.2736,<LOD,0.0000,0.1917,1.2452 , 0.3764,1.7140,<LOD,1.6024,0.1925,163.8096 , 1.1690,21.4041,<LOD,1.3960,0.2498,457985.8125 , 4090.5762,21.7803 , 1.7969,0.6071,2.9276 , 0.4228,0.5858,30.8228 , 0.4309,3.3986,2.8844 , 0.5472,0.3354,<LOD,1.1173,0.4825,146.0892 , 15.1331,18.9774,181.9136 , 13.4873,0.3306,<LOD,38.1735,0.6903,356.7594 , 27.1490,0.3960,,,,,,8,410.000000,39.003754,-122.665733,10.000000,528943.250000,4317246.500000,
78,Mining,120.86,30.24,30.12,30.27,30.23,"Tue Apr 28, 2026 - 14:11:41",User,1.5,ppm,,,,,,,,,Mining,,,,,,,,,,,,<LOD,1.0958,0.9853,180063.2031 , 1224.4680,2.7998,<LOD,2.2097,0.1135,<LOD,0.9466,0.1523,<LOD,1.6864,1.9320,<LOD,20.9336,3.2630,51.3312 , 3.4045,2.4418,<LOD,2.6035,0.2858,6294.3296 , 51.2557,19.6548,<LOD,0.0000,0.0000,<LOD,4480.8461,0.0659,<LOD,16.9388,0.3780,<LOD,0.8390,7.1637,7.9168 , 0.4556,4.5354,<LOD,3.8819,0.2190,326.8968 , 131.9066,0.1765,2.5068 , 0.6200,0.3089,<LOD,0.9857,0.7335,<LOD,0.0000,0.0000,,,,4342.7261 , 64.4817,1.7102,<LOD,3.1155,5.3707,<LOD,0.5865,0.2139,342997.0938 , 783.4734,32.2253,4.1752 , 1.6593,4.1691,<LOD,0.0000,0.0000,,,,9531.9346 , 40.5713,34.0531,124.6436 , 9.6706,5.2004,<LOD,4.5172,0.1779,<LOD,0.8532,1.6488,<LOD,1.6481,0.2102,154.8371 , 1.0982,20.6602,<LOD,1.1942,0.2822,455377.8438 , 3697.2773,26.3873 , 1.8471,0.6393,2.7183 , 0.4150,0.5855,31.5253 , 0.4250,3.5107,2.5144 , 0.5245,0.3253,<LOD,1.4881,0.5144,170.2407 , 14.9251,19.2872,185.1757 , 13.4387,0.3441,<LOD,36.0239,0.6646,301.9967 , 25.9566,0.3703,,,,,,8,409.799988,39.003750,-122.665733,10.000000,528942.937500,4317246.000000,
79,Mining,120.24,30.19,30.03,30.18,29.84,"Tue Apr 28, 2026 - 14:15:24",User,1.5,ppm,,,,,,,,,Mining,,,,,,,,,,,,<LOD,1.1046,1.1058,169285.2188 , 1282.1591,2.6614,<LOD,2.1722,0.1235,<LOD,0.9356,0.1660,<LOD,1.6843,2.1207,<LOD,14.6495,1.7330,55.2827 , 3.1925,2.4019,<LOD,2.5468,0.3040,2888.7009 , 34.8720,9.6983,<LOD,0.0000,0.0000,<LOD,6224.4001,0.0685,<LOD,16.8039,0.4004,<LOD,0.8304,7.8919,8.3804 , 0.4471,4.8938,<LOD,3.7001,0.2424,321.3242 , 133.1876,0.1898,8.4232 , 0.7173,0.4647,<LOD,0.9970,0.8289,<LOD,0.0000,0.0000,,,,5329.3774 , 70.7665,2.1312,<LOD,3.1247,5.9454,<LOD,0.5633,0.2167,342745.8125 , 956.1407,33.7407,<LOD,2.9646,4.5746,<LOD,0.0000,0.0000,,,,9946.8203 , 46.8089,37.1005,140.1308 , 9.4748,5.6875,<LOD,4.4858,0.1954,1.1809 , 0.3649,1.9020,<LOD,1.5843,0.2162,184.0576 , 1.2643,25.9684,<LOD,1.0941,0.3827,464693.0312 , 4593.7461,<LOD,1.8081,0.2726,4.5195 , 0.4190,0.7391,47.3052 , 0.5001,5.2074,3.9101 , 0.5455,0.4147,<LOD,0.9425,0.4723,171.9432 , 15.0266,21.5179,180.7238 , 13.2207,0.3631,<LOD,34.3198,0.6448,639.9239 , 28.9104,0.5652,,,,,,8,409.799988,39.003750,-122.665733,10.000000,528942.937500,4317246.000000,
80,Mining,120.47,30.01,30.11,30.25,30.10,"Tue Apr 28, 2026 - 14:17:58",User,1.5,ppm,,,,,,,,,Mining,,,,,,,,,,,,<LOD,1.0673,1.0823,166731.7031 , 1097.0497,2.6284,<LOD,2.2139,0.1226,<LOD,0.9782,0.1740,<LOD,1.6325,2.0854,<LOD,15.2247,1.7934,51.2333 , 3.2224,2.3789,<LOD,2.6376,0.3129,3125.2378 , 35.3903,10.3335,<LOD,0.0000,0.0000,<LOD,4116.1534,0.0612,<LOD,16.3863,0.3645,<LOD,0.8421,7.7598,9.0211 , 0.4569,4.9130,<LOD,3.6866,0.2287,370.7707 , 136.3858,0.2028,7.6098 , 0.7161,0.4437,<LOD,0.9788,0.8402,<LOD,0.0000,0.0000,,,,5439.5957 , 69.4596,2.1504,<LOD,3.0763,6.1052,<LOD,0.5903,0.2308,347991.5312 , 751.4261,34.0783,7.6627 , 1.6461,4.7951,<LOD,0.0000,0.0000,,,,10232.2021 , 40.5565,37.8746,143.7240 , 9.6887,5.8178,<LOD,4.8007,0.2152,1.2287 , 0.3715,1.8897,<LOD,1.6487,0.2244,188.5701 , 1.1975,26.1872,<LOD,1.6729,0.3926,464652.0312 , 3390.2466,<LOD,1.8475,0.2681,4.7192 , 0.4247,0.7351,47.0922 , 0.4970,5.1215,3.8425 , 0.5621,0.4162,<LOD,0.8672,0.4525,178.7237 , 14.6876,21.6818,183.8811 , 13.1711,0.3550,<LOD,33.8904,0.6376,629.6389 , 28.9559,0.5558,,,,,,8,409.700012,39.003750,-122.665733,10.000000,528943.375000,4317246.000000,
81,Mining,120.51,30.07,30.08,30.10,30.26,"Tue Apr 28, 2026 - 14:20:29",User,1.5,ppm,,,,,,,,,Mining,,,,,,,,,,,,<LOD,1.0415,1.1101,157099.6250 , 1045.5449,2.4645,<LOD,2.1447,0.1306,<LOD,0.8236,0.1390,<LOD,1.6052,2.1872,<LOD,11.7688,1.1989,66.2915 , 3.2578,2.5946,<LOD,2.4556,0.3059,1866.5906 , 26.5005,6.5546,<LOD,0.0000,0.0000,<LOD,4075.7955,0.0619,<LOD,15.0352,0.3408,<LOD,0.7957,7.7303,6.2533 , 0.4313,4.8352,<LOD,3.2895,0.2121,470.1088 , 133.2219,0.2024,9.9054 , 0.7216,0.5105,<LOD,0.9007,0.7574,<LOD,0.0000,0.0000,,,,3559.1382 , 58.6132,1.5523,<LOD,2.9646,6.1113,<LOD,0.5473,0.2265,309093.0938 , 713.5401,30.0118,<LOD,3.0006,4.5815,<LOD,0.0000,0.0000,,,,9619.1875 , 38.7572,36.9412,128.2301 , 9.3762,5.6927,<LOD,0.0000,0.1956,1.4869 , 0.3576,1.9859,<LOD,1.5160,0.2203,152.2881 , 1.0415,23.0718,1.0264 , 0.7530,0.4585,516949.5625 , 3249.6899,<LOD,1.7435,0.3215,3.3674 , 0.4119,0.7320,69.5821 , 0.5711,7.5351,4.7129 , 0.5121,0.4191,2.1470 , 0.6135,0.5797,120.4768 , 13.9076,20.4013,262.1994 , 14.7127,0.4830,<LOD,35.0838,0.7041,514.7069 , 27.5625,0.4975,,,,,,8,409.600006,39.003750,-122.665726,10.000000,528943.812500,4317246.000000,
82,Mining,120.05,30.16,30.15,30.15,29.59,"Tue Apr 28, 2026 - 14:23:08",User,1.5,ppm,,,,,,,,,Mining,,,,,,,,,,,,<LOD,1.0455,1.1009,171124.8750 , 1155.5469,2.6597,<LOD,2.0760,0.1229,<LOD,0.8548,0.1509,<LOD,1.6032,2.1405,<LOD,11.7756,1.2107,70.8898 , 3.3098,2.6681,<LOD,2.4470,0.3058,1848.9192 , 26.6357,6.5375,<LOD,0.0000,0.0000,<LOD,4951.8384,0.0662,<LOD,15.2143,0.3514,<LOD,0.7846,7.7100,6.1368 , 0.4232,4.7939,<LOD,3.2224,0.2028,413.8805 , 133.2307,0.2026,10.5901 , 0.7316,0.5286,<LOD,0.9318,0.8024,<LOD,0.0000,0.0000,,,,3620.3323 , 59.0278,1.5769,<LOD,2.9794,6.0618,<LOD,0.5383,0.2167,307618.9688 , 789.4426,30.0359,3.9429 , 1.5843,4.6645,<LOD,0.0000,0.0000,,,,9774.7227 , 42.0793,37.6442,142.0580 , 9.5160,5.8430,<LOD,4.1171,0.1794,1.7756 , 0.3596,2.0248,<LOD,1.4958,0.2102,152.5570 , 1.0726,23.2810,0.9653 , 0.7615,0.4709,502875.4062 , 3802.4407,1.6350 , 1.2121,0.3108,3.9220 , 0.4068,0.7335,72.2373 , 0.5884,7.8456,4.2191 , 0.5164,0.4189,<LOD,1.1275,0.5338,118.0458 , 14.0133,20.3593,278.5193 , 14.9154,0.4986,<LOD,35.0479,0.7058,452.7075 , 27.0161,0.4664,,,,,,8,409.200012,39.003750,-122.665726,10.000000,528943.937500,4317246.000000,
83,Mining,126.04,35.52,30.17,30.11,30.24,"Tue Apr 28, 2026 - 14:25:37",User,1.5,ppm,,,,,,,,,Mining,,,,,,,,,,,,<LOD,1.1460,1.0553,103284.3125 , 901.1238,1.7687,<LOD,2.6728,0.1568,<LOD,1.0566,0.1780,<LOD,1.7948,2.1444,<LOD,15.3705,1.6038,44.0119 , 3.3345,2.2303,<LOD,2.8746,0.3271,2945.4651 , 35.3165,9.2509,<LOD,0.0000,0.0000,<LOD,3958.5505,0.0516,<LOD,17.9668,0.3860,<LOD,0.8932,7.3400,7.2147 , 0.4867,4.6218,<LOD,3.9101,0.2302,483.0591 , 142.8871,0.2105,6.0994 , 0.7457,0.4198,<LOD,1.0446,0.8089,<LOD,0.0000,0.0000,,,,3631.2620 , 60.2030,1.4735,<LOD,3.3592,6.1588,<LOD,0.6791,0.2709,384825.0312 , 730.1856,36.9262,<LOD,3.7766,4.6967,<LOD,0.0000,0.0000,,,,10398.0586 , 40.1343,36.4027,167.4651 , 10.2035,5.7071,<LOD,0.0000,0.2323,3.5415 , 0.4796,2.6526,<LOD,1.9598,0.2862,166.3817 , 1.1340,21.7908,5.4515 , 0.8746,0.5447,490659.9375 , 3183.7815,48.4821 , 2.3027,0.9963,45.6068 , 0.9084,3.4759,19.3470 , 0.3660,2.4773,6.1525 , 0.6469,0.5124,5.7643 , 0.8313,0.8005,163.8824 , 15.9660,21.4542,298.9737 , 18.7525,0.5687,<LOD,38.6753,0.7934,2784.5034 , 50.5991,1.6877,,,,,,8,408.899994,39.003750,-122.665726,10.000000,528944.125000,4317246.000000,
84,Mining,120.58,30.12,30.09,30.27,30.10,"Tue Apr 28, 2026 - 14:28:07",User,1.5,ppm,,,,,,,,,Mining,,,,,,,,,,,,<LOD,1.1378,1.1257,109987.4375 , 906.0450,1.8734,<LOD,2.5261,0.1545,<LOD,0.9827,0.1696,<LOD,1.7364,2.1622,<LOD,14.6186,1.5966,43.2441 , 3.2408,2.2164,<LOD,2.7479,0.3293,2855.5503 , 33.6951,9.2265,<LOD,0.0000,0.0000,<LOD,3905.7854,0.0525,<LOD,17.2383,0.3916,<LOD,0.8535,7.4022,5.6539 , 0.4585,4.5031,<LOD,3.7907,0.2393,431.1573 , 140.0134,0.2095,6.2474 , 0.7146,0.4254,<LOD,1.0263,0.8428,<LOD,0.0000,0.0000,,,,3697.5300 , 59.7531,1.5150,<LOD,3.2319,6.1166,<LOD,0.6270,0.2515,389851.1875 , 736.1183,38.6023,4.5104 , 1.7242,4.7763,<LOD,0.0000,0.0000,,,,10131.0254 , 39.3421,36.4230,154.7498 , 9.9145,5.6604,<LOD,0.0000,0.2076,3.2310 , 0.4562,2.6455,<LOD,1.9070,0.2986,159.2022 , 1.0758,21.4962,4.4526 , 0.8223,0.5215,479274.5312 , 3107.9949,53.6137 , 2.2976,1.0932,43.8081 , 0.8623,3.4373,17.5048 , 0.3417,2.3777,5.6106 , 0.6037,0.4930,5.2969 , 0.7985,0.8114,183.3828 , 15.4893,21.9756,289.6527 , 18.3601,0.5699,<LOD,36.5740,0.7344,2791.4241 , 50.0548,1.7322,,,,,,7,408.700012,39.003750,-122.665718,10.000000,528944.250000,4317246.000000,
85,Mining,120.44,30.24,30.03,30.13,28.24,"Tue Apr 28, 2026 - 15:13:52",User,1.5,ppm,,,,,,,,,Mining,,,,,,,,,,,,<LOD,1.6729,0.7693,73311.5703 , 1281.2480,1.2987,<LOD,3.3975,0.0996,<LOD,1.5311,0.1482,<LOD,2.5138,1.4061,<LOD,68.5739,21.2386,94.7144 , 7.3499,3.6978,28.3118 , 3.3096,0.4105,58919.4688 , 209.8297,139.1425,<LOD,0.0000,0.0000,12682.4990 , 4668.2471,0.0700,249.3005 , 24.8436,1.1845,<LOD,1.1726,4.8055,6.1463 , 0.6169,2.8333,29.2222 , 5.8541,0.2488,1114.7313 , 240.7303,0.3489,10.2469 , 1.0728,0.3418,<LOD,1.4638,0.5430,<LOD,0.0000,0.0000,,,,24335.4688 , 168.2350,7.0215,<LOD,4.8927,4.3505,<LOD,0.9126,0.1929,354677.7500 , 816.0388,28.1180,15.5958 , 2.6378,3.5378,<LOD,0.0000,0.0000,,,,8929.6484 , 57.4496,25.4594,202.4050 , 16.3969,4.4265,<LOD,7.2052,0.1729,6.4119 , 0.6762,1.9966,19.7377 , 2.4181,0.4008,166.1323 , 1.4890,13.8255,36.4642 , 1.7552,1.0644,448248.0312 , 5195.8618,17.8871 , 2.2928,0.3540,61.5105 , 1.2667,2.6519,117.9678 , 0.9976,6.6645,4.9946 , 0.8643,0.3209,<LOD,2.3935,0.4559,405.5748 , 24.4813,17.4895,5963.8154 , 103.2266,6.6068,<LOD,48.5887,0.7340,10344.4092 , 147.3308,4.8577,,,,,,7,405.299988,39.004299,-122.661140,10.000000,529341.000000,4317308.500000,
86,Mining,120.62,30.18,30.06,30.31,30.07,"Tue Apr 28, 2026 - 15:16:14",User,1.5,ppm,,,,,,,,,Mining,,,,,,,,,,,,<LOD,1.6499,0.7459,72217.1875 , 1226.7899,1.2829,<LOD,3.4476,0.1038,<LOD,1.5510,0.1538,<LOD,2.5000,1.3888,<LOD,68.5454,21.4597,99.8061 , 7.3043,3.7284,30.5275 , 3.3337,0.4210,58882.5273 , 204.4627,139.6273,<LOD,0.0000,0.0000,11224.9824 , 4480.1392,0.0682,251.9203 , 24.7331,1.1875,<LOD,1.1762,4.7577,6.0077 , 0.6277,2.8744,19.7319 , 5.7650,0.2351,1197.2168 , 237.7788,0.3646,10.6780 , 1.0824,0.3515,<LOD,1.4889,0.5634,<LOD,0.0000,0.0000,,,,24347.2188 , 163.4639,7.0439,<LOD,4.9027,4.4021,<LOD,0.9105,0.1926,352922.2500 , 790.3152,28.0361,16.3122 , 2.6256,3.5055,<LOD,0.0000,0.0000,,,,8884.4297 , 56.5644,25.3999,211.5856 , 16.2799,4.4525,<LOD,7.1632,0.1728,6.4061 , 0.6760,2.0148,19.1071 , 2.3946,0.3972,165.7634 , 1.4777,13.8603,35.6141 , 1.7425,1.0547,452828.2188 , 5004.3418,15.2151 , 2.2231,0.3342,62.1178 , 1.2782,2.7206,116.1702 , 0.9844,6.5965,6.5223 , 0.8959,0.3574,3.9665 , 1.0462,0.4979,424.2257 , 24.4426,17.5556,5737.7627 , 100.8743,6.4086,<LOD,46.9022,0.7254,10256.5586 , 145.5252,4.8274,,,,,,8,405.000000,39.004322,-122.661140,10.000000,529340.562500,4317311.000000,
87,Mining,120.25,30.09,30.17,30.02,29.97,"Tue Apr 28, 2026 - 15:20:00",User,1.5,ppm,,,,,,,,,Mining,,,,,,,,,,,,<LOD,1.4971,0.7304,136995.5312 , 1869.5438,2.1658,<LOD,2.9899,0.0946,<LOD,1.3045,0.1317,<LOD,2.2864,1.3923,46.5840 , 32.1943,9.8670,90.3001 , 5.4321,2.8199,14.9703 , 2.7564,0.3401,27840.0605 , 143.1250,61.4179,<LOD,0.0000,0.0000,22969.7344 , 4966.0469,0.0898,303.7496 , 23.2648,0.9533,<LOD,1.0360,4.5037,4.1117 , 0.5648,2.8469,<LOD,6.3521,0.2195,1289.6431 , 238.3574,0.3352,7.5043 , 0.9183,0.3066,<LOD,1.3304,0.5318,<LOD,0.0000,0.0000,,,,13944.6035 , 132.1790,3.9602,<LOD,4.3611,4.1238,<LOD,0.7867,0.1722,343871.4688 , 875.4252,25.5228,12.6140 , 2.3567,3.3694,<LOD,0.0000,0.0000,,,,7375.3237 , 45.9220,19.6348,184.0998 , 12.3106,3.5155,<LOD,6.8465,0.1903,6.9576 , 0.5931,1.9341,17.0899 , 2.1628,0.3847,110.4503 , 1.2597,12.1758,11.5790 , 1.1724,0.5114,410375.5938 , 6124.8188,2.5383 , 1.7568,0.2350,40.5905 , 1.0384,2.0788,249.5668 , 1.4339,14.5874,6.1409 , 0.7847,0.3512,6.4852 , 1.0472,0.6182,346.3691 , 21.7873,16.6741,23199.0273 , 162.7337,23.7925,<LOD,51.8448,0.7700,10677.2939 , 124.0132,4.9122,,,,,,8,404.100006,39.004311,-122.661163,10.000000,529338.687500,4317309.500000,
88,Mining,120.44,30.06,30.21,30.15,27.89,"Tue Apr 28, 2026 - 15:22:52",User,1.5,ppm,,,,,,,,,Mining,,,,,,,,,,,,<LOD,1.5786,0.7616,130908.2734 , 1835.9456,2.0703,<LOD,3.2693,0.1040,<LOD,1.3791,0.1352,<LOD,2.3820,1.4161,<LOD,57.3351,11.2200,99.8694 , 5.8522,2.9470,15.2783 , 2.8764,0.3414,32118.7656 , 153.9386,70.9005,<LOD,0.0000,0.0000,12068.5771 , 4858.3003,0.0759,251.5950 , 23.2697,0.9116,<LOD,1.0563,4.4102,5.2264 , 0.5790,2.8534,<LOD,8.5586,0.2213,1170.8280 , 236.0680,0.3063,8.8753 , 0.9858,0.3245,<LOD,1.3775,0.5330,<LOD,0.0000,0.0000,,,,12340.6895 , 128.4305,3.5496,<LOD,4.4787,4.0238,<LOD,0.8610,0.1910,328303.2188 , 860.9182,24.1319,10.7180 , 2.4272,3.3221,<LOD,0.0000,0.0000,,,,7387.4136 , 46.9304,19.5465,188.7575 , 12.9737,3.5010,<LOD,6.7859,0.1715,6.8865 , 0.6187,1.9286,19.7937 , 2.3041,0.4027,114.7493 , 1.3190,12.3680,12.5438 , 1.2587,0.5423,438861.8438 , 5981.0693,6.5009 , 1.9045,0.2620,42.2027 , 1.0659,2.0432,260.7937 , 1.4946,14.9431,4.8747 , 0.8046,0.3282,<LOD,2.3461,0.5331,331.7839 , 22.4109,16.3384,24515.5566 , 173.4113,25.0335,<LOD,53.1421,0.7585,10944.3760 , 131.7530,5.0439,,,,,,8,403.700012,39.004303,-122.661171,10.000000,529338.000000,4317308.500000,
89,Mining,126.16,35.52,30.10,30.26,30.28,"Tue Apr 28, 2026 - 15:28:24",User,1.5,ppm,,,,,,,,,Mining,,,,,,,,,,,,<LOD,1.6360,0.7310,131589.7656 , 1857.4536,2.0860,<LOD,3.2643,0.0926,<LOD,1.4682,0.1370,<LOD,2.4577,1.3452,<LOD,59.3374,13.6797,99.3708 , 6.1423,3.0455,24.7580 , 3.1742,0.3755,40875.7070 , 180.2719,88.2484,<LOD,0.0000,0.0000,15074.7490 , 4931.7290,0.0806,225.4989 , 23.7438,0.9224,<LOD,1.1187,4.2662,4.5165 , 0.6063,2.6712,12.4955 , 5.1033,0.2191,1314.9568 , 247.3489,0.3623,8.0940 , 1.0119,0.3055,<LOD,1.4402,0.5220,<LOD,0.0000,0.0000,,,,16803.8574 , 141.7824,4.6243,<LOD,4.6535,3.8976,<LOD,0.8748,0.1777,339793.4375 , 833.1638,24.8471,17.0376 , 2.5319,3.2496,<LOD,0.0000,0.0000,,,,7713.2642 , 48.8828,20.0733,197.5051 , 13.5939,3.6000,<LOD,7.0222,0.1645,7.8253 , 0.6513,1.9019,22.1385 , 2.4316,0.4044,119.4330 , 1.3772,11.9871,30.2079 , 1.6105,0.8892,411809.1562 , 6153.2373,4.8987 , 1.9071,0.2335,45.4792 , 1.1342,2.0673,264.7429 , 1.5419,14.2397,8.0919 , 0.8826,0.3625,3.1157 , 1.0804,0.5362,389.0732 , 23.4114,16.0805,22746.2676 , 170.4549,22.9050,<LOD,51.3205,0.7592,10794.5439 , 134.0057,4.8988,,,,,,7,404.200012,39.004307,-122.661179,10.000000,529337.250000,4317309.000000,
90,Mining,120.72,30.23,30.18,30.12,30.19,"Tue Apr 28, 2026 - 15:31:57",User,1.5,ppm,,,,,,,,,Mining,,,,,,,,,,,,<LOD,1.7324,0.7315,124793.5781 , 1955.7083,1.9954,<LOD,3.4413,0.0958,<LOD,1.5411,0.1411,<LOD,2.6199,1.3599,<LOD,59.5628,12.7150,102.0246 , 6.2493,2.8885,14.0394 , 3.0204,0.3162,39949.1758 , 183.7107,82.9969,<LOD,0.0000,0.0000,29284.3047 , 5352.3950,0.0924,456.5377 , 28.1279,1.2029,<LOD,1.2002,4.2677,5.2219 , 0.6237,2.6257,19.8413 , 5.2216,0.2219,1000.5355 , 217.7087,0.2635,9.6791 , 1.0565,0.3109,<LOD,1.5702,0.5570,<LOD,0.0000,0.0000,,,,12135.8799 , 122.8743,3.2987,<LOD,5.0390,4.0907,<LOD,0.9252,0.1856,360507.4375 , 867.0704,25.8036,15.4412 , 2.7281,3.3728,<LOD,0.0000,0.0000,,,,7225.5630 , 48.4497,18.0258,170.9974 , 13.4158,3.1887,<LOD,7.4777,0.1741,9.3377 , 0.6752,1.9093,30.6752 , 2.6746,0.4558,122.4355 , 1.4181,11.7510,12.9837 , 1.3418,0.5137,386756.1250 , 6731.7041,5.0037 , 1.9796,0.2320,44.1324 , 1.1471,1.9580,267.8946 , 1.5906,13.8980,3.2129 , 0.8547,0.2910,3.8053 , 1.1138,0.5309,429.0528 , 25.4572,17.0069,26993.7305 , 189.2224,26.0736,<LOD,52.1112,0.7424,9631.3877 , 130.9671,4.2840,,,,,,6,403.899994,39.004311,-122.661179,10.000000,529337.562500,4317309.500000,
91,Mining,68.77,30.07,30.22,8.48,,"Tue Apr 28, 2026 - 15:33:36",User,1.5,ppm,,,,,,,,,Mining,,,,,,,,,,,,<LOD,4.0307,0.7087,,,,<LOD,3.9362,0.1024,<LOD,1.6876,0.1377,<LOD,6.0370,1.2774,<LOD,65.3912,13.1582,93.5788 , 6.3882,2.8546,15.9888 , 3.4380,0.3345,43708.3828 , 133.6004,85.9500,<LOD,0.0000,0.0000,,,,476.1617 , 30.5438,1.2244,<LOD,1.3132,4.4478,5.0473 , 0.7093,2.7661,18.3313 , 5.8479,0.2255,,,,8.9394 , 1.1489,0.2985,<LOD,3.4935,0.4895,<LOD,0.0000,0.0000,,,,,,,<LOD,12.0252,4.1919,<LOD,1.0236,0.1820,,,,19.8816 , 6.5266,3.4837,<LOD,0.0000,0.0000,,,,7524.6572 , 46.5489,18.5652,163.1661 , 13.8620,3.2364,<LOD,8.2738,0.1736,9.4255 , 0.7606,1.9731,35.4277 , 2.9545,0.4543,128.7971 , 1.5393,12.2705,15.3202 , 1.4815,0.5169,907288.5000 , 543.6548,4.3453 , 2.1921,0.2317,45.8894 , 1.2788,2.0172,282.6870 , 1.6205,14.4342,5.4842 , 0.9791,0.3264,3.4197 , 1.2511,0.5446,412.1092 , 60.2265,16.9959,29736.4766 , 185.2265,27.1896,,,,9997.9951 , 134.2968,4.4968,,,,,,7,403.600006,39.004311,-122.661179,10.000000,529337.687500,4317309.500000,
92,Mining,120.43,30.03,30.13,30.22,28.22,"Tue Apr 28, 2026 - 15:36:22",User,1.5,ppm,,,,,,,,,Mining,,,,,,,,,,,,<LOD,1.6507,0.7711,117110.2734 , 1752.5494,1.8883,<LOD,3.1419,0.0947,<LOD,1.4104,0.1401,<LOD,2.5076,1.4518,<LOD,56.4563,13.4361,93.4047 , 5.9962,3.0259,10.7805 , 2.7852,0.3180,38700.1016 , 174.3142,86.4463,<LOD,0.0000,0.0000,19440.6992 , 5044.7583,0.0819,388.6244 , 25.6871,1.1752,<LOD,1.0826,4.4289,4.5998 , 0.5877,2.7829,14.3963 , 4.9636,0.2396,1260.9038 , 245.4929,0.3358,6.9511 , 0.9502,0.2977,<LOD,1.4867,0.5789,<LOD,0.0000,0.0000,,,,14982.3750 , 139.9352,4.2797,<LOD,4.7924,4.3120,<LOD,0.8428,0.1823,341358.0000 , 871.3190,25.5914,12.3658 , 2.5759,3.4775,<LOD,0.0000,0.0000,,,,6648.8218 , 45.5985,17.9301,157.3854 , 12.6646,3.2046,<LOD,6.8398,0.1720,7.8244 , 0.6297,1.9693,28.0777 , 2.4718,0.4610,118.8024 , 1.3365,12.4185,13.9780 , 1.2568,0.5482,427035.8750 , 6036.5327,5.6170 , 1.8667,0.2476,44.6453 , 1.0934,2.1210,261.8687 , 1.5010,14.7079,5.2400 , 0.8201,0.3355,2.8554 , 1.0431,0.5528,400.8407 , 24.0531,17.5991,22357.4277 , 169.3585,23.1066,<LOD,51.3977,0.7235,9527.2969 , 126.7411,4.4565,,,,,,7,403.399994,39.004311,-122.661179,10.000000,529337.687500,4317309.500000,
93,Mining,120.50,30.03,30.17,30.22,30.08,"Tue Apr 28, 2026 - 15:40:02",User,1.5,ppm,,,,,,,,,Mining,,,,,,,,,,,,<LOD,1.7902,0.6911,68492.7500 , 1347.4950,1.2243,<LOD,3.6120,0.0902,<LOD,1.7593,0.1568,<LOD,2.7193,1.2964,<LOD,76.4210,22.6241,81.9182 , 7.9957,3.5533,14.6986 , 3.2065,0.3096,67669.1641 , 223.1202,146.1158,<LOD,0.0000,0.0000,10185.8760 , 4985.5000,0.0694,365.4269 , 28.1067,1.3105,<LOD,1.2636,4.2925,5.5006 , 0.6597,2.4813,19.8094 , 6.5149,0.2301,1448.0559 , 271.6797,0.4098,6.9948 , 1.0732,0.2725,<LOD,1.6066,0.5162,<LOD,0.0000,0.0000,,,,34104.1367 , 197.8952,9.0507,23.4987 , 3.6199,4.4352,<LOD,0.9555,0.1671,359639.9375 , 796.7167,26.6554,15.2554 , 2.8202,3.1660,<LOD,0.0000,0.0000,,,,7767.1089 , 57.5762,20.5152,164.0180 , 16.6140,3.6136,<LOD,8.0528,0.1739,4.7639 , 0.6746,1.5881,20.4197 , 2.5907,0.3700,171.7617 , 1.6406,13.4971,45.1476 , 1.9482,1.0862,431309.4688 , 5662.0405,4.4931 , 2.1119,0.2258,46.8873 , 1.2114,1.8848,232.0309 , 1.4741,11.1502,5.5404 , 0.9627,0.3063,2.6394 , 1.1275,0.4586,460.2527 , 26.4417,16.1334,7601.5713 , 122.4885,7.6850,<LOD,51.4334,0.7564,10090.8506 , 155.6828,4.3933,,,,,,7,403.700012,39.004314,-122.661179,10.000000,529337.437500,4317310.000000,
94,Mining,126.23,35.68,30.13,30.21,30.21,"Tue Apr 28, 2026 - 15:42:33",User,1.5,ppm,,,,,,,,,Mining,,,,,,,,,,,,<LOD,1.7725,0.7278,63956.2188 , 1257.4786,1.1561,<LOD,3.5621,0.0932,<LOD,1.6091,0.1394,<LOD,2.5722,1.2290,<LOD,76.1960,24.4233,82.4943 , 7.7620,3.6122,15.8996 , 3.1660,0.3208,69853.4453 , 229.1648,157.4382,<LOD,0.0000,0.0000,15164.8281 , 4939.5732,0.0742,292.4574 , 26.5419,1.2674,<LOD,1.2152,4.3434,5.2994 , 0.6326,2.5176,18.2682 , 6.4872,0.2347,1418.7756 , 260.9680,0.4136,8.7234 , 1.0851,0.2966,<LOD,1.4823,0.4654,<LOD,0.0000,0.0000,,,,33377.9922 , 191.4765,9.1454,20.0048 , 3.4683,4.3268,<LOD,0.9538,0.1789,343979.0000 , 781.1480,25.9752,18.6924 , 2.7344,3.1923,<LOD,0.0000,0.0000,,,,6720.1597 , 52.6116,18.3868,172.0025 , 15.5265,3.3772,<LOD,7.4928,0.1591,3.4286 , 0.6449,1.5399,21.6208 , 2.5570,0.3833,172.4058 , 1.5951,13.5159,34.0047 , 1.7603,0.9099,449180.4062 , 5465.5894,5.6711 , 2.0556,0.2307,44.5192 , 1.1532,1.8287,180.3932 , 1.2767,9.0449,4.3123 , 0.8858,0.2769,<LOD,2.0363,0.4089,424.6227 , 25.3461,15.7657,6121.9985 , 109.4088,6.4274,<LOD,50.1659,0.7855,8702.3467 , 144.7315,3.9534,,,,,,6,403.899994,39.004318,-122.661179,10.000000,529337.687500,4317310.500000,
95,Mining,125.87,35.53,30.03,30.27,30.04,"Tue Apr 28, 2026 - 15:46:34",User,1.5,ppm,,,,,,,,,Mining,,,,,,,,,,,,<LOD,1.9026,0.7325,87763.2422 , 1529.3527,1.4930,<LOD,3.9351,0.1048,<LOD,1.9019,0.1784,<LOD,2.8424,1.3241,<LOD,80.7571,26.2623,49.5899 , 6.8376,3.0839,31.9128 , 3.6300,0.3896,76169.1016 , 269.0761,170.1752,<LOD,0.0000,0.0000,16654.6641 , 5255.8701,0.0802,231.4772 , 26.4296,1.2084,<LOD,1.2736,4.3316,5.6807 , 0.6563,2.4599,30.5738 , 6.9917,0.2512,1154.8037 , 253.7433,0.3862,9.9144 , 1.1510,0.3056,<LOD,1.6826,0.5299,<LOD,0.0000,0.0000,,,,31339.6699 , 188.6962,8.7144,7.2839 , 3.6995,4.2177,<LOD,0.9987,0.1748,344933.6875 , 806.0422,26.4739,16.5533 , 2.9525,3.2390,<LOD,0.0000,0.0000,,,,7605.4580 , 53.2576,20.7228,145.3172 , 14.9968,3.5451,<LOD,8.1807,0.1751,4.7310 , 0.6837,1.5827,17.6350 , 2.5654,0.3548,193.7345 , 1.7759,14.7407,63.1946 , 2.2736,1.4647,408222.8125 , 6010.2505,4.8370 , 2.1647,0.2315,45.7882 , 1.2118,1.8293,228.3059 , 1.5085,10.9730,3.9538 , 0.9882,0.2911,<LOD,2.2659,0.4289,441.1030 , 27.5314,16.1228,14673.8086 , 153.2117,15.2476,<LOD,50.1934,0.7809,9951.1396 , 144.2060,4.6129,,,,,,6,404.100006,39.004318,-122.661179,10.000000,529337.687500,4317310.500000,
96,Mining,120.28,30.27,30.20,30.10,29.71,"Tue Apr 28, 2026 - 15:48:46",User,1.5,ppm,,,,,,,,,Mining,,,,,,,,,,,,<LOD,1.7421,0.7283,88943.5234 , 1494.0597,1.5107,<LOD,3.6104,0.1047,<LOD,1.6303,0.1557,<LOD,2.5851,1.2963,<LOD,69.0857,19.6639,58.2679 , 6.8410,3.0859,17.3053 , 3.1040,0.3349,57289.7305 , 215.3055,127.3011,<LOD,0.0000,0.0000,12222.7881 , 5018.6182,0.0765,258.6505 , 25.0864,1.1046,<LOD,1.1998,4.5464,5.3509 , 0.6272,2.6291,17.9584 , 5.8256,0.2273,1362.9473 , 265.8597,0.4065,9.0241 , 1.0615,0.3100,<LOD,1.5451,0.5294,<LOD,0.0000,0.0000,,,,34301.4688 , 201.5126,9.4594,7.6955 , 3.3911,4.2285,<LOD,0.9486,0.1920,347105.4688 , 817.3806,26.5285,13.4648 , 2.6956,3.2055,<LOD,0.0000,0.0000,,,,7753.8848 , 53.6892,20.9064,150.7906 , 15.0818,3.5881,<LOD,7.3040,0.1652,5.6834 , 0.6517,1.7351,14.3608 , 2.3179,0.3418,169.7862 , 1.5861,14.3413,58.0920 , 2.0765,1.4494,424702.1875 , 5752.3809,6.0420 , 2.0241,0.2450,45.8671 , 1.1518,1.9775,225.4227 , 1.4207,11.6738,5.8245 , 0.8964,0.3110,1.9793 , 1.0648,0.4759,372.2880 , 24.9580,15.7437,15128.4590 , 155.1301,15.5257,<LOD,50.6676,0.7521,9745.6650 , 142.8542,4.4790,,,,,,6,403.799988,39.004318,-122.661179,10.000000,529337.687500,4317310.500000,
97,Mining,120.53,30.24,30.08,30.21,30.00,"Tue Apr 28, 2026 - 15:53:55",User,1.5,ppm,,,,,,,,,Mining,,,,,,,,,,,,<LOD,1.7988,0.7280,161135.3281 , 2834.3457,2.4929,<LOD,3.8052,0.1007,<LOD,1.6859,0.1447,<LOD,2.6487,1.2718,375.3879 , 40.6804,11.0814,93.3006 , 6.8758,3.0083,6.8666 , 3.0533,0.2745,33579.3438 , 191.8463,64.2044,<LOD,0.0000,0.0000,46667.0625 , 6495.6753,0.1154,1012.0803 , 37.8116,1.7698,<LOD,1.2350,4.0173,4.1413 , 0.6845,2.6385,49.1929 , 6.6322,0.4263,1125.2677 , 240.7345,0.2614,8.1229 , 1.0753,0.2753,<LOD,1.6304,0.5539,<LOD,0.0000,0.0000,,,,3374.4958 , 79.4639,1.0484,<LOD,5.1952,4.0411,<LOD,0.9864,0.1768,374682.0938 , 997.3381,24.8683,15.5705 , 2.7931,3.2602,<LOD,0.0000,0.0000,,,,5647.6460 , 55.1058,15.2831,72.8875 , 14.0494,2.8656,<LOD,9.7072,0.1951,19.4217 , 0.7687,2.1536,34.2985 , 2.9106,0.4603,111.8548 , 1.4862,10.7589,15.1735 , 1.4317,0.5149,328762.6562 , 8910.1406,7.6499 , 2.2264,0.2494,22.8527 , 1.0928,1.3337,305.1151 , 1.8909,14.8414,4.5319 , 0.9310,0.2957,22.1429 , 1.4663,0.7945,450.7416 , 26.2281,16.5598,37020.8047 , 237.5229,35.0255,<LOD,60.3731,0.7710,5374.0249 , 118.4730,2.9652,,,,,,9,407.200012,39.004238,-122.661217,10.000000,529334.125000,4317301.500000,
98,Mining,120.53,30.05,30.00,30.29,30.19,"Tue Apr 28, 2026 - 15:56:26",User,1.5,ppm,,,,,,,,,Mining,,,,,,,,,,,,<LOD,1.7867,0.7267,160181.8125 , 2618.3408,2.4734,<LOD,3.5221,0.0922,<LOD,1.5650,0.1332,<LOD,2.6206,1.2586,<LOD,59.0654,11.1752,84.8446 , 6.3828,2.6781,6.4897 , 2.9163,0.2696,36923.3711 , 196.3049,72.0910,<LOD,0.0000,0.0000,39637.9531 , 6092.6758,0.1072,534.1481 , 29.9173,1.2139,1.5826 , 0.7954,4.1282,6.2372 , 0.6503,2.6146,24.0356 , 5.4331,0.2401,1078.8009 , 224.3920,0.2522,11.4385 , 1.1099,0.3148,<LOD,1.6028,0.5409,<LOD,0.0000,0.0000,,,,4761.9385 , 86.4137,1.4010,<LOD,5.1645,4.0542,<LOD,0.9263,0.1680,355750.8750 , 936.5021,24.1489,17.6172 , 2.7739,3.2600,<LOD,0.0000,0.0000,,,,7359.5811 , 51.9787,17.2978,171.9892 , 13.9217,3.0641,<LOD,8.0334,0.1844,17.4814 , 0.7407,2.1417,35.3004 , 2.8416,0.4709,120.2756 , 1.4914,11.5429,17.0514 , 1.4757,0.5854,346111.8438 , 8196.2578,5.7050 , 2.0858,0.2346,30.1183 , 1.0344,1.3891,325.0745 , 1.8975,15.9588,3.6603 , 0.8669,0.2741,4.0552 , 1.1634,0.5312,489.0891 , 26.1884,16.8756,40187.5586 , 240.7753,37.1870,<LOD,55.5963,0.7244,6100.0308 , 113.6544,2.8703,,,,,,6,407.500000,39.004234,-122.661232,10.000000,529333.125000,4317301.000000,
99,Mining,126.12,35.66,30.14,30.07,30.25,"Tue Apr 28, 2026 - 16:00:20",User,1.5,ppm,,,,,,,,,Mining,,,,,,,,,,,,<LOD,1.5561,0.7706,182585.1406 , 2082.5515,2.7808,<LOD,3.3945,0.1189,<LOD,1.9656,0.2871,<LOD,2.3375,1.4114,<LOD,47.8752,9.2896,118.8755 , 5.7848,3.0444,<LOD,5.8809,0.2860,26818.4336 , 142.0185,59.1251,<LOD,0.0000,0.0000,6423.9438 , 4606.9463,0.0789,26.0555 , 18.1480,0.5514,<LOD,1.0809,4.6827,5.7390 , 0.5866,2.9535,<LOD,6.3461,0.2001,885.7655 , 217.6429,0.2906,9.6743 , 0.9877,0.3448,<LOD,1.4129,0.5884,<LOD,0.0000,0.0000,,,,13981.0332 , 128.7924,4.0395,78.4020 , 3.3992,6.2303,<LOD,0.8777,0.2148,309135.9375 , 826.0499,22.8661,12.1064 , 2.4339,3.5057,<LOD,0.0000,0.0000,,,,9721.0762 , 54.3219,25.7703,215.7671 , 13.9926,4.4094,<LOD,0.0000,0.1788,4.0521 , 0.5410,1.5740,<LOD,3.3044,0.2670,116.9333 , 1.3855,14.1676,193.3062 , 3.3217,4.8288,406160.7500 , 6082.1362,20.2488 , 2.1748,0.4213,17.1134 , 0.8318,1.1343,390.6348 , 1.9144,22.6600,4.8247 , 0.9142,0.3200,4.9769 , 1.1360,0.7029,408.7055 , 22.8362,17.9620,35130.5742 , 202.6906,36.5540,<LOD,47.7188,0.6850,7529.9536 , 109.3283,3.7721,,,,,,8,419.600006,39.004223,-122.661255,10.000000,529330.937500,4317300.000000,
100,Mining,120.58,30.15,30.08,30.19,28.66,"Tue Apr 28, 2026 - 16:02:33",User,1.5,ppm,,,,,,,,,Mining,,,,,,,,,,,,<LOD,1.5464,0.7887,185789.4375 , 2211.4937,2.8257,<LOD,3.7018,0.1351,<LOD,1.9942,0.2808,<LOD,2.3055,1.4238,<LOD,49.7581,9.6339,130.3550 , 6.1157,3.1299,<LOD,3.7873,0.2634,28023.3926 , 152.1573,61.7475,<LOD,0.0000,0.0000,6151.9365 , 4852.2456,0.0792,32.9052 , 18.6860,0.5635,<LOD,1.0965,4.5680,6.5470 , 0.6030,2.9765,<LOD,8.5013,0.2080,775.1675 , 218.2833,0.2624,8.9585 , 0.9929,0.3308,<LOD,1.3613,0.5628,<LOD,0.0000,0.0000,,,,14104.8594 , 135.6997,4.0872,85.5166 , 3.3631,6.3285,<LOD,0.9131,0.2160,309166.4375 , 866.7288,22.9069,11.4293 , 2.3794,3.4580,<LOD,0.0000,0.0000,,,,9871.3906 , 57.0541,26.0336,213.6344 , 14.6091,4.4123,<LOD,0.0000,0.1703,3.8436 , 0.5510,1.5502,<LOD,4.1180,0.2743,114.5256 , 1.4117,13.8995,196.0848 , 3.4254,4.8580,401246.5938 , 6390.5728,19.9310 , 2.2292,0.4201,17.3872 , 0.8456,1.1208,391.0620 , 1.9810,22.5403,4.4369 , 0.9200,0.3020,3.5608 , 1.1412,0.6729,409.6230 , 22.3855,17.7828,35687.0117 , 213.6204,37.0609,<LOD,49.7663,0.6781,7533.9780 , 114.1990,3.7811,,,,,,8,419.200012,39.004223,-122.661255,10.000000,529330.937500,4317300.000000,
101,Mining,121.00,30.18,30.26,30.28,30.28,"Tue Apr 28, 2026 - 16:36:32",User,1.5,ppm,,,,,,,,,Mining,,,,,,,,,,,,<LOD,1.7120,0.7802,159832.2031 , 2256.5388,2.4503,<LOD,4.2702,0.1633,<LOD,2.9263,0.5451,<LOD,2.5109,1.3516,<LOD,50.9641,9.2492,115.7678 , 6.1691,2.9750,5.2310 , 2.7575,0.2870,29021.1074 , 150.0578,59.8764,<LOD,0.0000,0.0000,19435.3359 , 5164.9077,0.0845,116.7827 , 21.0606,0.6608,<LOD,1.1564,4.5342,6.5251 , 0.6178,2.8159,9.3972 , 4.6032,0.2100,946.2809 , 204.7302,0.2143,10.6810 , 1.0542,0.3362,<LOD,1.5515,0.5933,<LOD,0.0000,0.0000,,,,7479.6309 , 103.4741,2.1841,72.8095 , 3.6293,5.8776,<LOD,1.0402,0.2522,319790.2500 , 859.2610,21.8957,12.2198 , 2.6347,3.4305,<LOD,0.0000,0.0000,,,,10307.7861 , 57.9804,25.7376,239.5995 , 15.1265,4.4570,<LOD,0.0000,0.1943,6.2978 , 0.5763,1.5453,18.0313 , 2.3331,0.3857,133.0741 , 1.4993,14.0847,543.1013 , 5.9051,12.0976,414072.8750 , 6884.1387,6.8961 , 2.0323,0.3135,11.0073 , 0.7788,0.8076,381.0411 , 1.9357,20.3681,4.3817 , 1.1863,0.2972,4.1590 , 1.1368,0.6040,509.5492 , 25.1918,18.4868,30765.4570 , 195.1267,30.1764,<LOD,52.0939,0.6905,6142.4863 , 105.2131,2.9528,,,,,,9,417.299988,39.004230,-122.661240,10.000000,529331.937500,4317300.500000,
102,Mining,120.49,30.11,30.01,30.08,30.29,"Tue Apr 28, 2026 - 16:39:06",User,1.5,ppm,,,,,,,,,Mining,,,,,,,,,,,,<LOD,1.6673,0.7803,166761.5469 , 2221.1985,2.5538,<LOD,4.3443,0.1687,<LOD,2.9658,0.5585,<LOD,2.4628,1.3770,<LOD,51.2666,9.3094,118.7244 , 6.0173,2.9823,<LOD,6.1036,0.2789,28769.1211 , 151.4599,60.4241,<LOD,0.0000,0.0000,19119.0098 , 5028.1968,0.0853,95.5783 , 20.7273,0.6362,<LOD,1.1582,4.6170,6.8596 , 0.6268,2.8967,<LOD,10.5071,0.1984,779.7420 , 188.3294,0.1928,9.6983 , 1.0494,0.3318,<LOD,1.5376,0.6162,<LOD,0.0000,0.0000,,,,6015.8467 , 91.9235,1.8255,62.0336 , 3.4844,5.6590,<LOD,1.0715,0.2687,326283.1562 , 860.5346,22.8338,12.2883 , 2.5612,3.4156,<LOD,0.0000,0.0000,,,,9670.7256 , 55.5853,24.6027,229.8820 , 14.5004,4.2917,<LOD,0.0000,0.1659,6.5411 , 0.5895,1.6100,18.9351 , 2.3639,0.3951,135.3798 , 1.5230,14.4688,554.4574 , 6.0409,12.5745,402384.5312 , 6740.6987,<LOD,4.4246,0.2769,14.1254 , 0.8309,0.9539,375.4136 , 1.9405,20.4605,5.7445 , 1.2128,0.3223,5.1621 , 1.1522,0.6233,482.4461 , 24.3803,18.2102,31429.4648 , 195.7436,31.4340,<LOD,51.4240,0.7144,6653.5884 , 107.0338,3.2223,,,,,,6,416.899994,39.004227,-122.661240,10.000000,529332.250000,4317300.000000,
103,Mining,120.60,30.29,30.24,30.08,29.99,"Tue Apr 28, 2026 - 16:42:37",User,1.5,ppm,,,,,,,,,Mining,,,,,,,,,,,,<LOD,1.7302,0.7851,168600.2969 , 2270.8118,2.5833,<LOD,4.2484,0.1667,<LOD,3.6054,0.5235,<LOD,2.5580,1.3845,<LOD,49.8217,8.9984,109.2421 , 5.9454,2.8733,<LOD,6.7858,0.2846,27797.3457 , 146.7698,57.6228,<LOD,0.0000,0.0000,15085.5000 , 5036.1753,0.0812,161.7602 , 21.7076,0.7149,<LOD,1.8093,4.7588,6.7793 , 0.6169,2.8834,11.4382 , 4.6443,0.2291,913.6315 , 195.0027,0.1996,10.0035 , 1.0343,0.3330,<LOD,1.5791,0.6062,<LOD,0.0000,0.0000,,,,6092.9365 , 94.4648,1.8341,51.3399 , 3.5886,5.5512,<LOD,1.0158,0.2449,334685.9062 , 875.0996,23.3483,14.9084 , 2.6945,3.5515,<LOD,0.0000,0.0000,,,,9106.7998 , 53.6888,22.8071,204.3767 , 14.0434,3.9466,<LOD,0.0000,0.1737,7.4834 , 0.6142,1.7872,22.6364 , 2.4043,0.4210,145.2162 , 1.5287,14.8983,441.2220 , 5.2304,9.9783,395888.7188 , 6780.0708,2.9760 , 1.8863,0.2767,28.4893 , 0.9841,1.5151,364.3794 , 1.8762,19.7223,2.6959 , 1.1765,0.3402,5.8432 , 1.1543,0.6439,504.1912 , 25.5927,18.8086,33559.6992 , 202.4354,33.0707,<LOD,53.1789,0.7296,6174.2324 , 104.7160,3.0254,,,,,,7,416.700012,39.004219,-122.661232,10.000000,529332.812500,4317299.500000,
104,Mining,120.45,30.13,30.20,30.12,30.00,"Tue Apr 28, 2026 - 16:45:54",User,1.5,ppm,,,,,,,,,Mining,,,,,,,,,,,,<LOD,1.6376,0.7383,157762.5781 , 2425.7939,2.4417,<LOD,3.4013,0.1000,<LOD,1.4491,0.1329,<LOD,2.4308,1.3171,<LOD,58.4639,13.0453,89.5548 , 6.1228,2.9227,19.9640 , 3.0724,0.3486,39275.7148 , 214.9856,83.8914,<LOD,0.0000,0.0000,55650.8984 , 6133.3765,0.1238,516.6109 , 28.4194,1.3030,<LOD,1.1994,4.1813,6.0026 , 0.6177,2.7566,22.2296 , 5.2785,0.2531,982.1012 , 211.5645,0.2486,10.4413 , 1.0436,0.3233,<LOD,1.4792,0.5578,<LOD,0.0000,0.0000,,,,1709.8865 , 60.3765,0.7263,<LOD,4.6961,4.0146,<LOD,0.8834,0.1771,340268.5938 , 975.8729,24.4433,14.5248 , 2.5350,3.2803,<LOD,0.0000,0.0000,,,,6358.0996 , 48.3846,16.6438,166.9890 , 12.8993,3.0731,<LOD,7.3761,0.1800,16.7482 , 0.6849,2.1392,46.8558 , 2.9375,0.5846,106.4058 , 1.3801,11.3540,11.5194 , 1.2949,0.5011,355365.4375 , 7813.6025,12.6764 , 2.1383,0.2982,18.3821 , 0.8535,1.0395,305.7223 , 1.8236,16.2541,4.8732 , 0.8250,0.2976,3.1835 , 1.0877,0.5378,446.6935 , 23.9899,17.0086,35286.4492 , 225.4347,35.8893,<LOD,52.7852,0.7190,5520.8545 , 105.9373,2.8381,,,,,,8,416.700012,39.004204,-122.661232,10.000000,529332.875000,4317297.500000,
105,Mining,125.98,35.55,30.18,30.24,30.01,"Tue Apr 28, 2026 - 16:48:18",User,1.5,ppm,,,,,,,,,Mining,,,,,,,,,,,,<LOD,1.6606,0.7165,153385.5312 , 2437.5161,2.3783,<LOD,3.4235,0.0922,<LOD,1.4830,0.1270,<LOD,2.4901,1.3088,<LOD,58.7469,11.7562,80.4039 , 6.1590,2.7577,21.3253 , 3.2059,0.3463,37075.6758 , 206.8714,76.3681,<LOD,0.0000,0.0000,61219.0039 , 6205.1523,0.1294,620.8681 , 30.9912,1.3864,<LOD,1.3802,4.1511,5.8011 , 0.6441,2.7293,20.8376 , 5.2623,0.2300,1245.6724 , 221.5337,0.2825,10.5419 , 1.0826,0.3174,<LOD,1.5342,0.5686,<LOD,0.0000,0.0000,,,,2122.5095 , 63.4366,0.8220,<LOD,4.8190,4.0253,<LOD,0.9179,0.1767,341128.0312 , 953.5635,24.0585,14.3012 , 2.5822,3.2151,<LOD,0.0000,0.0000,,,,7195.3086 , 51.9700,18.0693,158.4495 , 13.5205,3.1908,<LOD,7.8130,0.1848,22.0293 , 0.7699,2.4584,51.1250 , 3.1197,0.6015,113.8176 , 1.4487,11.4359,9.5921 , 1.2975,0.4475,347540.0625 , 8026.8013,7.8233 , 2.0916,0.2533,27.5193 , 0.9970,1.3584,294.7218 , 1.8146,15.2644,4.9643 , 0.8566,0.2973,4.3822 , 1.1387,0.5394,451.1896 , 24.4415,16.7090,41170.6133 , 244.6901,40.5382,<LOD,53.3369,0.7510,5997.9272 , 110.9436,3.0250,,,,,,8,416.500000,39.004204,-122.661232,10.000000,529333.000000,4317297.500000,
106,Mining,125.97,35.48,30.12,30.16,30.21,"Tue Apr 28, 2026 - 16:51:52",User,1.5,ppm,,,,,,,,,Mining,,,,,,,,,,,,<LOD,1.5193,0.8923,137906.4062 , 1454.4071,2.1710,<LOD,5.2627,0.3220,<LOD,2.2226,0.4214,<LOD,2.3331,1.7177,<LOD,51.5439,13.7484,29.3467 , 5.2684,2.7452,<LOD,0.0000,0.0000,35034.6250 , 149.2904,89.1403,<LOD,17.4884,0.4544,5816.2803 , 3869.3845,0.0693,<LOD,35.3310,0.6568,<LOD,1.1241,5.4691,5.5420 , 0.6051,3.3089,<LOD,6.6660,0.2306,1447.4595 , 206.0989,0.3123,<LOD,0.0000,0.0000,<LOD,1.3717,0.6747,112.8408 , 18.1439,1.2128,,,,17294.8965 , 135.4775,5.5242,577.9288 , 5.2083,19.6062,<LOD,1.0723,0.3324,314850.8750 , 760.1749,25.3836,21.2527 , 2.4262,4.3927,123.5438 , 6.5438,0.5505,,,,11236.5674 , 56.6658,34.8108,67.6935 , 14.2146,5.1214,<LOD,0.0000,0.1916,3.7040 , 0.5607,1.9056,<LOD,0.0000,0.0000,174.5075 , 1.3808,16.3340,223.0589 , 3.3518,6.1160,464772.1875 , 4735.0000,355.6189 , 14.0944,4.6500,37.6540 , 1.1169,2.1828,42.8218 , 0.6323,3.6381,6.0968 , 0.9791,0.3866,5.8299 , 1.7313,1.2061,1286.9355 , 27.0229,32.6582,526.6825 , 39.3343,1.1316,<LOD,43.7147,0.7345,8039.6841 , 109.1409,4.0072,,,,,,8,417.000000,39.004200,-122.661232,10.000000,529333.000000,4317297.000000,
107,Mining,120.15,30.11,30.19,30.24,29.61,"Tue Apr 28, 2026 - 16:54:47",User,1.5,ppm,,,,,,,,,Mining,,,,,,,,,,,,<LOD,1.6068,0.8871,127262.0234 , 1500.5276,2.0113,<LOD,5.5189,0.3271,<LOD,2.2378,0.3923,<LOD,2.4662,1.7062,<LOD,52.9533,13.4107,32.6697 , 5.4414,2.7189,<LOD,0.0000,0.0000,34975.9258 , 153.0626,86.4590,<LOD,18.4056,0.4691,13393.8018 , 4190.9360,0.0757,<LOD,26.5919,0.6163,<LOD,1.1740,5.4997,6.0852 , 0.6299,3.2935,<LOD,6.8644,0.2263,1360.2882 , 215.6007,0.3100,<LOD,0.0000,0.0000,<LOD,1.4067,0.6268,111.1960 , 19.0607,1.2353,,,,18173.9238 , 142.6141,5.6516,632.2090 , 5.6627,20.4290,<LOD,1.1125,0.3275,305403.2188 , 773.6625,23.7946,16.1262 , 2.5411,4.2408,135.0379 , 6.9614,0.5789,,,,11896.9453 , 59.4607,35.6095,86.2537 , 14.8975,5.2552,<LOD,0.0000,0.1812,3.7904 , 0.5792,1.8723,<LOD,0.0000,0.0000,174.8228 , 1.4230,15.9819,246.7625 , 3.6207,6.5468,475457.4062 , 5081.2002,372.8213 , 14.7752,4.6848,38.1897 , 1.1643,2.1670,49.2111 , 0.6852,3.9471,7.7316 , 0.9860,0.3619,7.2077 , 1.8232,1.2409,1166.2107 , 27.7587,30.3493,523.1128 , 41.7220,1.1795,<LOD,45.6406,0.7411,8467.0410 , 114.4498,4.1070,,,,,,7,416.899994,39.004200,-122.661232,10.000000,529333.125000,4317297.000000,
108,Mining,120.26,30.05,30.00,30.16,30.05,"Tue Apr 28, 2026 - 17:07:48",User,1.5,ppm,,,,,,,,,Mining,,,,,,,,,,,,<LOD,1.6712,0.6743,142473.2656 , 2206.5588,2.1987,<LOD,3.2321,0.0807,<LOD,1.3761,0.1080,<LOD,2.5568,1.2938,<LOD,59.2254,11.9547,104.9743 , 6.7830,3.0233,31.3981 , 3.4061,0.3867,38944.6680 , 179.4590,78.2024,<LOD,0.0000,0.0000,23579.6758 , 5429.5015,0.0888,613.4957 , 30.5769,1.3583,<LOD,1.1449,3.9958,4.0370 , 0.6311,2.5810,18.1293 , 5.1692,0.2089,1465.3103 , 235.5505,0.3044,7.2395 , 1.0135,0.2737,<LOD,1.4878,0.4936,<LOD,0.0000,0.0000,,,,9933.2617 , 115.0870,2.8095,<LOD,4.8537,3.7964,<LOD,0.9029,0.1715,294462.6250 , 809.1345,19.7254,21.5565 , 2.6361,3.1387,<LOD,0.0000,0.0000,,,,6172.6265 , 47.7607,15.1637,193.5642 , 13.7627,2.9306,<LOD,7.6213,0.1735,19.3059 , 0.7684,2.4044,55.6279 , 3.1763,0.6173,102.6261 , 1.3433,10.2654,<LOD,1.4874,0.2056,430660.9375 , 7036.7046,2.7140 , 1.9059,0.2016,45.8880 , 1.1679,1.9537,278.5055 , 1.6281,13.9834,5.5374 , 0.8421,0.2993,3.4124 , 1.1184,0.5138,405.9367 , 24.2621,15.3400,37334.1445 , 231.9010,35.8825,<LOD,53.3373,0.7540,13059.5566 , 156.8077,5.7125,,,,,,7,419.299988,39.004410,-122.662552,10.000000,529218.187500,4317320.000000,
109,Mining,120.23,30.04,30.10,30.04,29.13,"Tue Apr 28, 2026 - 17:10:05",User,1.5,ppm,,,,,,,,,Mining,,,,,,,,,,,,<LOD,2.0339,0.7227,136713.1406 , 2234.2122,2.1151,<LOD,3.4950,0.0944,<LOD,1.4615,0.1211,<LOD,2.5228,1.2497,<LOD,59.3252,11.9565,104.4668 , 6.7001,2.9960,29.0972 , 3.3712,0.3762,39449.7695 , 180.4323,78.7108,<LOD,0.0000,0.0000,22485.6738 , 5584.6064,0.0865,594.1162 , 30.3055,1.3308,<LOD,1.1541,4.0304,3.7497 , 0.6304,2.5496,23.5078 , 5.2346,0.2158,1374.1055 , 243.9856,0.3003,10.6478 , 1.0759,0.3072,<LOD,1.4596,0.4731,<LOD,0.0000,0.0000,,,,9896.8770 , 118.6949,2.7799,<LOD,4.7923,3.6277,<LOD,0.9195,0.1718,290574.6875 , 825.0956,19.2679,18.6640 , 2.6348,3.1225,<LOD,0.0000,0.0000,,,,6143.8745 , 47.5996,15.0969,185.7963 , 13.6234,2.9078,<LOD,8.0211,0.1913,17.9928 , 0.7571,2.3141,60.6482 , 3.2711,0.6497,104.6782 , 1.3508,10.2956,<LOD,1.5322,0.2065,441237.5625 , 7173.3892,<LOD,2.8143,0.1868,44.3683 , 1.1603,1.9043,278.9816 , 1.6279,13.8845,2.2734 , 0.8244,0.2623,4.7998 , 1.1345,0.5279,390.1041 , 24.2633,15.2332,37413.9531 , 229.1959,35.5995,<LOD,54.8714,0.7398,12836.5244 , 153.9171,5.5892,,,,,,8,420.200012,39.004414,-122.662544,10.000000,529219.312500,4317320.500000,
110,Mining,120.66,30.13,30.26,30.15,28.32,"Tue Apr 28, 2026 - 17:13:34",User,1.5,ppm,,,,,,,,,Mining,,,,,,,,,,,,<LOD,1.9580,0.6485,120409.4609 , 2235.2637,1.8679,<LOD,3.8114,0.0852,<LOD,1.6513,0.1176,<LOD,2.8755,1.1214,<LOD,81.2112,23.2744,52.8079 , 7.5620,3.1565,25.3987 , 3.6020,0.3339,77585.4844 , 282.6873,157.2883,<LOD,0.0000,0.0000,15578.5801 , 6126.9917,0.0823,587.1595 , 32.2632,1.5977,<LOD,1.2343,3.3726,2.3194 , 0.6749,2.1525,67.8657 , 7.0530,0.2207,3086.5718 , 347.0626,0.6144,12.6610 , 1.2268,0.3025,<LOD,1.6931,0.4467,<LOD,0.0000,0.0000,,,,29570.3730 , 200.5836,7.8623,<LOD,5.6246,3.4760,<LOD,0.9774,0.1463,240336.5469 , 769.6887,15.7074,16.3643 , 3.0559,2.9031,<LOD,0.0000,0.0000,,,,5152.9497 , 51.6821,13.7609,134.4489 , 14.7415,2.7343,<LOD,8.0096,0.1451,16.5787 , 0.8080,1.9593,61.0848 , 3.5240,0.5844,102.6865 , 1.4476,8.8460,<LOD,2.4889,0.2462,468126.5000 , 7575.3682,8.0443 , 2.1893,0.2088,44.4458 , 1.2408,1.6340,288.8104 , 1.7607,12.3873,1.9119 , 0.9093,0.2309,2.9532 , 1.2161,0.4503,464.0246 , 28.6499,14.6856,25079.8066 , 207.2676,24.1147,<LOD,55.3959,0.7416,13184.1982 , 172.0417,5.6955,,,,,,9,419.399994,39.004417,-122.662521,10.000000,529220.937500,4317321.000000,
111,Mining,125.78,35.77,30.00,30.01,30.00,"Tue Apr 28, 2026 - 17:16:06",User,1.5,ppm,,,,,,,,,Mining,,,,,,,,,,,,<LOD,4.4712,0.6923,336938.7188 , 2622.5054,1.8629,<LOD,0.2699,0.0003,<LOD,0.1433,0.0006,<LOD,6.6205,1.2301,42.9118 , 4.6301,0.0564,256.4969 , 36.5315,4.4008,<LOD,1.9015,0.0261,40.4708 , 10.9313,0.1440,<LOD,0.0000,0.0000,73360.7500 , 11900.8057,0.0939,769.0670 , 45.7970,0.5608,<LOD,0.0058,0.0000,<LOD,0.0050,0.0000,10.8992 , 2.1959,0.0312,15349.9434 , 1019.4315,0.7676,<LOD,0.0731,0.0003,<LOD,3.7903,0.4542,<LOD,0.0000,0.0000,,,,86107.1719 , 2334.1289,10.0360,<LOD,12.6891,3.6758,<LOD,0.0774,0.0004,381636.8125 , 5433.4116,15.4576,53.1771 , 7.0001,3.1293,<LOD,0.0000,0.0000,,,,13371.1895 , 523.6014,14.5252,562.8881 , 66.3176,3.2507,<LOD,2.3874,0.0082,<LOD,0.0099,-0.0000,<LOD,1.0013,0.0133,<LOD,0.0081,-0.0000,<LOD,0.1306,0.0012,1270.0653,,<LOD,0.5672,0.0027,<LOD,0.0282,0.0002,<LOD,0.0045,-0.0000,<LOD,0.0802,0.0002,<LOD,0.0474,0.0001,1507.2421 , 85.4955,15.0577,55656.4766 , 1830.4105,20.9215,<LOD,154.9962,0.7839,33065.7305 , 1115.4813,5.8900,,,,,,8,419.399994,39.004417,-122.662521,10.000000,529221.062500,4317321.000000,
112,Mining,120.13,30.24,30.19,30.27,29.43,"Tue Apr 28, 2026 - 17:19:20",User,1.5,ppm,,,,,,,,,Mining,,,,,,,,,,,,<LOD,1.8372,0.7444,141543.7969 , 2033.0710,2.2060,<LOD,3.7668,0.1020,<LOD,1.4837,0.1165,<LOD,2.7009,1.2958,<LOD,79.9825,29.8731,49.3737 , 8.1664,4.0141,40.5030 , 3.8340,0.4659,88594.5859 , 381.6306,216.7518,<LOD,0.0000,0.0000,36724.1914 , 5902.0493,0.1059,426.9615 , 29.1070,1.7388,<LOD,1.1794,3.7463,4.0419 , 0.6589,2.5188,157.9865 , 7.1041,0.2575,1375.5283 , 231.8907,0.3687,15.3149 , 1.2314,0.3728,<LOD,1.5529,0.4881,<LOD,0.0000,0.0000,,,,11484.5928 , 120.0008,3.7837,<LOD,5.2205,3.9043,<LOD,0.9554,0.1698,275975.0312 , 833.2214,21.8191,17.2914 , 2.8322,3.2364,<LOD,0.0000,0.0000,,,,5177.8149 , 54.9607,16.5962,169.6938 , 15.8506,3.4468,<LOD,8.1865,0.1872,16.1875 , 0.7722,2.1736,46.3872 , 3.1107,0.5575,98.7843 , 1.3987,9.7077,2.3075 , 1.2567,0.3298,399772.4062 , 6906.1289,<LOD,4.4686,0.1904,40.4839 , 1.1613,1.7286,266.5914 , 1.7301,13.1987,<LOD,1.5669,0.2196,2.7127 , 1.1333,0.4794,424.3476 , 26.4599,15.9995,25079.4297 , 222.3482,29.1989,<LOD,48.3205,0.7825,12493.6357 , 177.9926,6.5415,,,,,,9,419.100006,39.004421,-122.662521,10.000000,529221.187500,4317321.500000,
113,Mining,120.43,30.11,30.13,30.18,30.01,"Tue Apr 28, 2026 - 17:22:18",User,1.5,ppm,,,,,,,,,Mining,,,,,,,,,,,,<LOD,1.6292,0.6715,164817.3125 , 2493.0151,2.5428,<LOD,3.5845,0.1051,<LOD,1.4604,0.1280,<LOD,2.4656,1.2461,<LOD,60.0226,13.1562,75.7392 , 6.0958,2.7212,11.9213 , 2.9448,0.3036,41140.5312 , 225.2371,86.0527,<LOD,0.0000,0.0000,51580.2578 , 6120.8750,0.1209,652.6771 , 30.8316,1.4745,<LOD,1.2270,4.0986,6.3077 , 0.6310,2.6998,28.0119 , 5.3607,0.2422,944.0841 , 198.3321,0.2241,7.8921 , 1.0140,0.2876,<LOD,1.5243,0.5484,<LOD,0.0000,0.0000,,,,2402.8662 , 65.8880,0.9011,<LOD,4.7965,3.8495,<LOD,0.9408,0.1911,340352.6562 , 957.9056,24.5467,18.2645 , 2.6160,3.2401,<LOD,0.0000,0.0000,,,,6509.5215 , 49.3961,16.5894,144.0023 , 13.0020,2.9433,<LOD,7.7926,0.1909,15.7559 , 0.7321,2.2652,60.5408 , 3.2251,0.6672,109.8708 , 1.4052,11.0554,<LOD,1.6807,0.2267,338753.1250 , 7897.3057,4.7772 , 1.9826,0.2307,47.3442 , 1.1859,2.0775,285.6229 , 1.7681,14.7652,3.9733 , 0.8449,0.2997,4.1512 , 1.1258,0.5460,447.5926 , 24.5998,16.5216,38202.7969 , 239.7055,38.3001,<LOD,52.9167,0.7386,13372.3955 , 154.4187,6.1407,,,,,,8,419.299988,39.004417,-122.662521,10.000000,529220.937500,4317321.000000,
114,Mining,120.41,30.28,30.27,30.12,29.74,"Tue Apr 28, 2026 - 17:24:53",User,1.5,ppm,,,,,,,,,Mining,,,,,,,,,,,,<LOD,1.7715,0.7440,162919.0781 , 2561.5217,2.5160,<LOD,3.6607,0.1050,<LOD,1.4921,0.1278,<LOD,2.6116,1.3063,<LOD,61.0158,13.0745,86.9579 , 6.2796,2.8367,11.2888 , 2.9541,0.2924,41970.3789 , 228.8666,85.5534,<LOD,0.0000,0.0000,51038.3398 , 6248.5713,0.1200,647.4003 , 31.0752,1.4414,<LOD,1.3528,4.0044,5.7483 , 0.6335,2.5959,23.6147 , 5.3386,0.2220,1005.0428 , 205.3006,0.2328,9.1601 , 1.0499,0.2950,<LOD,1.5636,0.5346,<LOD,0.0000,0.0000,,,,2401.5820 , 66.7095,0.8918,<LOD,5.0055,3.8742,<LOD,0.9392,0.1805,344058.9375 , 956.0377,24.4980,19.0383 , 2.7444,3.3148,<LOD,0.0000,0.0000,,,,7006.0176 , 51.1302,17.3576,150.3267 , 13.3301,3.0451,<LOD,7.5077,0.1692,17.6336 , 0.7540,2.2994,54.5911 , 3.1478,0.6089,112.2946 , 1.4273,10.8780,<LOD,1.5365,0.2199,332730.4688 , 8119.9229,6.4507 , 2.0137,0.2323,46.4526 , 1.1817,1.9747,284.2828 , 1.7737,14.2785,3.7435 , 0.8566,0.2919,3.0191 , 1.1182,0.5140,445.6028 , 25.6640,16.5977,40664.8398 , 246.7448,40.0410,<LOD,54.8394,0.7718,14277.6953 , 158.3146,6.4235,,,,,,9,419.500000,39.004417,-122.662529,10.000000,529220.500000,4317321.000000,
115,Mining,120.80,30.27,30.23,30.11,30.19,"Tue Apr 28, 2026 - 17:28:16",User,1.5,ppm,,,,,,,,,Mining,,,,,,,,,,,,<LOD,1.6950,0.7008,157120.3281 , 2604.9314,2.4300,<LOD,3.4549,0.0878,<LOD,1.5556,0.1311,<LOD,2.5112,1.2419,<LOD,59.0533,10.6905,90.4755 , 6.3513,2.7059,14.6063 , 3.1128,0.3053,34637.5352 , 196.1611,67.9773,<LOD,0.0000,0.0000,46897.7305 , 6309.2314,0.1166,647.8711 , 31.9474,1.3462,<LOD,1.4356,4.0371,5.0476 , 0.6484,2.5744,10.5744 , 5.2580,0.2192,836.2992 , 217.7668,0.2312,8.4167 , 1.0582,0.2831,<LOD,1.5354,0.5327,<LOD,0.0000,0.0000,,,,5982.6143 , 96.7320,1.7830,<LOD,4.8546,3.7731,<LOD,0.9423,0.1740,338426.9688 , 942.0291,23.3522,15.9369 , 2.6467,3.1752,<LOD,0.0000,0.0000,,,,6948.4668 , 51.5543,16.6283,145.1416 , 13.5011,2.9152,<LOD,14.5763,0.2189,16.9843 , 0.7687,2.2667,90.3698 , 3.8528,0.8551,110.0667 , 1.4414,10.7205,<LOD,1.7935,0.2249,347813.4062 , 8291.9023,<LOD,2.8766,0.1795,47.0041 , 1.2258,2.0141,286.0232 , 1.7890,14.2856,4.0104 , 0.8929,0.3007,5.7009 , 1.1776,0.5441,428.4190 , 24.7875,16.0649,44529.2695 , 260.0053,42.4055,<LOD,56.2954,0.7570,14880.7178 , 163.3659,6.5113,,,,,,7,418.399994,39.004433,-122.662521,10.000000,529220.750000,4317322.500000,
116,Mining,120.12,30.02,30.18,30.21,29.71,"Tue Apr 28, 2026 - 17:30:42",User,1.5,ppm,,,,,,,,,Mining,,,,,,,,,,,,<LOD,1.6474,0.7282,153165.6250 , 2403.8684,2.3776,<LOD,3.4831,0.1028,<LOD,1.4344,0.1277,<LOD,2.4601,1.3180,<LOD,55.5344,10.9526,82.0287 , 5.9664,2.7409,11.6206 , 2.9195,0.3075,34330.1094 , 192.3185,71.8025,<LOD,0.0000,0.0000,37838.1797 , 6087.0249,0.1075,661.6066 , 30.9329,1.4416,<LOD,1.4889,4.2388,6.1934 , 0.6255,2.7830,21.0524 , 4.9917,0.2267,878.7365 , 223.4919,0.2488,8.3983 , 1.0125,0.2971,<LOD,1.4243,0.4997,<LOD,0.0000,0.0000,,,,6261.3916 , 100.4770,1.9528,<LOD,4.7049,3.9077,<LOD,0.9099,0.1839,322393.1875 , 950.6337,23.3212,17.0929 , 2.5688,3.2898,<LOD,0.0000,0.0000,,,,6782.1782 , 48.9141,17.1644,163.2363 , 12.9010,3.0739,<LOD,7.7576,0.1953,15.9330 , 0.7306,2.3498,80.4067 , 3.5380,0.8267,103.8096 , 1.3573,10.9259,<LOD,2.0403,0.2450,377824.5312 , 7630.5186,<LOD,3.4077,0.2008,47.2128 , 1.1657,2.1077,276.4605 , 1.7003,14.7513,3.5857 , 0.8287,0.2987,2.0307 , 1.0707,0.5146,367.9224 , 23.6951,15.9814,44018.9414 , 252.3661,44.3543,<LOD,57.5587,0.8065,14638.5605 , 156.4256,6.7726,,,,,,8,418.600006,39.004429,-122.662521,10.000000,529220.750000,4317322.000000,
117,Mining,120.61,30.02,30.16,30.22,29.30,"Tue Apr 28, 2026 - 17:34:54",User,1.5,ppm,,,,,,,,,Mining,,,,,,,,,,,,<LOD,1.8207,0.6987,162289.8906 , 2867.3462,2.5068,<LOD,3.4936,0.0858,<LOD,1.4735,0.1128,<LOD,2.6622,1.2039,<LOD,62.8110,12.7206,83.0541 , 6.6559,2.7387,13.6588 , 3.1002,0.2925,43829.9766 , 245.4440,84.7473,<LOD,0.0000,0.0000,55682.3438 , 6842.2490,0.1264,783.8861 , 33.6465,1.5563,<LOD,1.5512,3.8268,6.1101 , 0.6532,2.4878,38.6937 , 5.6172,0.2288,995.3729 , 221.8726,0.2334,9.5058 , 1.0860,0.2859,<LOD,1.6399,0.5248,<LOD,0.0000,0.0000,,,,5145.8535 , 92.7226,1.5407,<LOD,5.1329,3.6295,<LOD,0.9763,0.1827,351815.5938 , 986.0684,24.1180,17.3729 , 2.7975,3.0533,<LOD,0.0000,0.0000,,,,6805.1182 , 52.9194,16.0330,166.4264 , 14.0304,2.8992,<LOD,8.2631,0.1864,18.3755 , 0.7816,2.2298,77.5536 , 3.6250,0.7303,115.8040 , 1.4893,10.5649,<LOD,2.3477,0.2345,314654.7812 , 9046.4346,2.6905 , 1.9857,0.1957,49.1445 , 1.2407,1.9618,299.4957 , 1.8921,14.1160,4.1967 , 0.8645,0.2749,4.4323 , 1.1710,0.5113,473.0496 , 26.4366,15.7173,42013.3750 , 262.2069,39.3645,<LOD,58.7390,0.7774,14604.2109 , 167.7726,6.2534,,,,,,7,418.899994,39.004425,-122.662521,10.000000,529220.937500,4317322.000000,
118,Mining,125.91,35.56,30.17,30.15,30.03,"Tue Apr 28, 2026 - 17:37:31",User,1.5,ppm,,,,,,,,,Mining,,,,,,,,,,,,<LOD,1.7516,0.7115,162788.2500 , 2681.0925,2.5165,<LOD,3.6256,0.0965,<LOD,1.5477,0.1294,<LOD,2.5654,1.2298,<LOD,62.5630,12.9593,79.1755 , 6.5564,2.7852,18.5066 , 3.1949,0.3223,42155.2031 , 241.5043,84.9094,<LOD,0.0000,0.0000,59684.2461 , 6609.4126,0.1316,724.6403 , 32.9341,1.5260,<LOD,1.5217,3.9689,5.8236 , 0.6515,2.5783,27.2562 , 5.5334,0.2283,912.7784 , 217.8151,0.2442,9.0084 , 1.0755,0.2911,<LOD,1.5669,0.5265,<LOD,0.0000,0.0000,,,,5070.9688 , 89.7215,1.5746,<LOD,4.9207,3.6426,<LOD,0.9851,0.1907,344119.5625 , 985.6429,24.3483,16.3553 , 2.7001,3.1281,<LOD,0.0000,0.0000,,,,6749.8208 , 52.7911,16.5628,142.4357 , 13.7650,2.9161,<LOD,10.4160,0.2020,17.5387 , 0.7759,2.2839,68.3325 , 3.4797,0.6984,110.7983 , 1.4637,10.6783,<LOD,1.8181,0.2280,320323.2500 , 8584.6328,<LOD,2.9916,0.1909,49.0794 , 1.2491,2.0672,288.8524 , 1.8571,14.2996,4.2185 , 0.8938,0.3009,5.5229 , 1.1782,0.5410,430.2617 , 25.3471,15.8152,41723.8477 , 262.6686,40.6329,<LOD,56.0118,0.7719,14474.2842 , 167.2148,6.4641,,,,,,7,419.200012,39.004421,-122.662521,10.000000,529221.062500,4317321.500000,
119,Mining,0.33,0.33,,,,"Tue Apr 28, 2026 - 17:40:45",User,1.5,ppm,,,,,,,,,Mining,,,,,,,,,,,,<LOD,227.3096,26.4194,,,,<LOD,31.5216,-0.0003,<LOD,142.0496,0.6237,<LOD,279.0187,30.8857,<LOD,2532.3682,19.9438,<LOD,942.9916,0.2563,<LOD,8.0549,-0.0017,62216.9453 , 3997.3069,118.1254,<LOD,0.0000,0.0000,,,,<LOD,901.3736,0.6250,<LOD,35.9908,3.4361,<LOD,30.8082,2.4988,<LOD,212.1969,-0.0001,,,,<LOD,120.4689,0.9266,<LOD,263.9817,35.9590,<LOD,0.0000,0.0000,,,,,,,<LOD,438.5139,29.2210,<LOD,41.9999,0.3121,,,,<LOD,298.7734,23.2205,<LOD,0.0000,0.0000,,,,10576.4590 , 5531.4346,3.6893,<LOD,1740.5665,0.2818,<LOD,379.5668,0.3121,<LOD,57.5926,2.8117,<LOD,196.3765,0.6240,162.0874 , 46.7607,12.7737,<LOD,70.0717,0.3123,926734.0000 , 11306.5137,<LOD,195.5539,0.6239,<LOD,129.2080,3.4321,310.4997 , 47.6555,14.0581,<LOD,53.8403,-0.0072,<LOD,138.8865,1.5619,,,,,,,,,,,,,,,,,,8,419.899994,39.004410,-122.662666,10.000000,529208.375000,4317320.000000,
120,Mining,126.39,35.75,30.11,30.26,30.27,"Tue Apr 28, 2026 - 17:43:17",User,1.5,ppm,,,,,,,,,Mining,,,,,,,,,,,,<LOD,1.5504,0.7567,133093.7812 , 1548.2257,2.0653,<LOD,3.1243,0.0982,<LOD,1.3126,0.1274,<LOD,2.3159,1.3743,<LOD,59.7548,16.9914,56.1365 , 5.7220,2.9086,<LOD,4.3484,0.2757,47195.1133 , 175.7109,112.0227,<LOD,0.0000,0.0000,<LOD,6063.7064,0.0592,78.3158 , 20.2159,0.8186,<LOD,1.0739,4.5781,4.5291 , 0.5944,2.9908,14.3921 , 4.8909,0.2002,1747.7048 , 232.6898,0.3891,8.8229 , 0.9788,0.3314,<LOD,1.3578,0.5345,<LOD,0.0000,0.0000,,,,17152.1367 , 135.5953,5.2913,<LOD,4.3948,4.0003,<LOD,0.8355,0.1876,258595.9219 , 700.9452,19.2436,9.7374 , 2.3592,3.2143,<LOD,0.0000,0.0000,,,,7600.3657 , 47.8362,22.0829,160.6021 , 13.3573,3.8453,<LOD,6.5985,0.1683,14.7131 , 0.7039,2.5861,21.3994 , 2.2869,0.4148,128.4467 , 1.3208,12.9685,<LOD,1.4855,0.2570,503707.6562 , 4970.0063,<LOD,2.4929,0.1980,57.0869 , 1.1808,2.6638,217.7189 , 1.3020,12.5910,3.5800 , 0.7758,0.3175,2.5912 , 1.0053,0.5392,376.8215 , 22.0830,16.5045,16086.9375 , 143.2675,17.8835,<LOD,45.8062,0.7574,13665.4844 , 146.0985,6.5706,,,,,,7,419.399994,39.004414,-122.662674,10.000000,529207.937500,4317320.500000,
121,Mining,85.54,30.05,30.19,25.30,,"Tue Apr 28, 2026 - 17:45:08",User,1.5,ppm,,,,,,,,,Mining,,,,,,,,,,,,<LOD,1.9753,0.7759,,,,<LOD,3.5190,0.0952,<LOD,1.4172,0.1135,<LOD,2.9566,1.4126,<LOD,66.4965,17.0860,73.2354 , 6.0304,2.7957,<LOD,4.8958,0.2735,51629.9727 , 134.0130,111.6637,<LOD,0.0000,0.0000,,,,106.3727 , 22.7403,0.8452,<LOD,1.2389,4.6402,4.3147 , 0.6789,2.9637,<LOD,12.4084,0.1882,,,,12.1352 , 1.1543,0.3527,<LOD,1.7141,0.5375,<LOD,0.0000,0.0000,,,,,,,<LOD,5.6168,4.0981,<LOD,0.9485,0.1855,,,,13.6537 , 3.0390,3.3870,<LOD,0.0000,0.0000,,,,8340.0205 , 48.5599,22.8228,167.6304 , 14.3334,3.8800,<LOD,7.4886,0.1670,14.7472 , 0.7971,2.5320,28.9675 , 2.6546,0.4294,134.6454 , 1.4615,12.9402,<LOD,2.3721,0.2857,904313.0625 , 512.3488,<LOD,3.8329,0.2117,59.5663 , 1.3372,2.6506,230.8454 , 1.4046,12.6065,5.8082 , 0.8910,0.3376,3.2715 , 1.1617,0.5496,426.3018 , 28.4367,17.3315,19833.3281 , 156.5255,20.0639,,,,14602.1621 , 154.9855,6.8607,,,,,,8,419.200012,39.004417,-122.662674,10.000000,529207.625000,4317321.000000,
122,Mining,126.29,35.62,30.23,30.14,30.30,"Tue Apr 28, 2026 - 17:50:24",User,1.5,ppm,,,,,,,,,Mining,,,,,,,,,,,,<LOD,1.4255,0.7833,153552.1094 , 1672.5491,2.3798,<LOD,2.8777,0.0960,<LOD,1.2694,0.1366,<LOD,2.1390,1.4371,<LOD,44.7475,8.9114,80.5013 , 5.0122,2.7008,4.3994 , 2.4956,0.3040,24554.9258 , 125.5479,57.6602,<LOD,0.0000,0.0000,8986.4043 , 4137.4443,0.0747,157.5145 , 20.1542,0.7559,<LOD,1.0280,4.8707,5.3915 , 0.5780,3.2911,<LOD,6.2612,0.2000,1403.6849 , 216.7990,0.3431,9.2053 , 0.9465,0.3572,<LOD,1.2249,0.5295,<LOD,0.0000,0.0000,,,,7454.2505 , 93.8113,2.4402,<LOD,4.0823,4.2743,<LOD,0.7614,0.1773,306290.9375 , 781.3510,23.4825,13.9450 , 2.2108,3.5085,<LOD,0.0000,0.0000,,,,8420.7754 , 46.8557,23.8691,132.5154 , 12.1121,3.8967,<LOD,6.3170,0.1764,17.6447 , 0.7002,2.9893,27.6233 , 2.3361,0.4912,123.4523 , 1.3018,14.4137,<LOD,2.1993,0.3004,449227.2188 , 5218.6470,<LOD,2.3509,0.2004,55.4643 , 1.1481,2.8772,267.3387 , 1.4495,16.8775,5.5234 , 0.7808,0.3884,3.7939 , 1.0190,0.6445,349.2582 , 20.4066,17.4401,23157.9258 , 156.5994,25.6126,<LOD,46.8948,0.7727,15698.2080 , 140.9821,7.5617,,,,,,8,418.600006,39.004421,-122.662674,10.000000,529207.625000,4317321.500000,
123,Mining,120.57,30.09,30.22,30.26,30.00,"Tue Apr 28, 2026 - 17:52:49",User,1.5,ppm,,,,,,,,,Mining,,,,,,,,,,,,<LOD,1.5469,0.8197,148041.7656 , 1651.9868,2.2992,<LOD,2.7720,0.0932,<LOD,1.2040,0.1289,<LOD,2.1693,1.4690,<LOD,43.5692,8.8492,88.0875 , 5.1756,2.8479,5.8384 , 2.4750,0.3137,24487.7344 , 122.5899,57.6585,<LOD,0.0000,0.0000,6239.3916 , 4122.4922,0.0706,166.3526 , 19.8921,0.7721,<LOD,1.0086,4.9340,4.9737 , 0.5632,3.2787,<LOD,7.1775,0.2005,1381.9054 , 216.4758,0.3269,9.2107 , 0.9216,0.3557,<LOD,1.2577,0.5553,<LOD,0.0000,0.0000,,,,7505.7417 , 96.1177,2.4576,<LOD,4.1258,4.3393,<LOD,0.7483,0.1819,301170.2188 , 784.0346,22.9934,8.2487 , 2.2044,3.4283,<LOD,0.0000,0.0000,,,,8363.4551 , 47.1508,23.8954,162.2348 , 12.4307,4.0514,<LOD,6.0018,0.1668,17.9637 , 0.6892,3.0383,24.5684 , 2.2204,0.4655,125.7195 , 1.2780,14.5682,<LOD,1.8302,0.2908,463626.6250 , 5139.9810,<LOD,2.6589,0.2114,56.9820 , 1.1336,2.9486,261.7580 , 1.4003,16.5895,3.8208 , 0.7267,0.3468,3.6182 , 0.9943,0.6436,337.4427 , 20.5062,17.3929,22167.1621 , 154.3311,24.6196,<LOD,47.9430,0.7740,15739.1426 , 141.8500,7.5499,,,,,,8,418.600006,39.004421,-122.662674,10.000000,529207.750000,4317321.500000,
124,Mining,120.21,30.07,30.18,30.17,29.79,"Tue Apr 28, 2026 - 17:56:41",User,1.5,ppm,,,,,,,,,Mining,,,,,,,,,,,,<LOD,1.5037,0.7852,166272.2969 , 2154.5671,2.5335,<LOD,2.7151,0.0802,<LOD,1.2785,0.1316,<LOD,2.2587,1.4450,<LOD,49.7927,11.1145,99.4282 , 5.8354,3.1030,<LOD,5.8265,0.2910,30827.2285 , 170.5350,71.8847,<LOD,0.0000,0.0000,<LOD,8700.8042,0.0705,107.5613 , 19.6342,0.7217,<LOD,1.0409,4.7835,4.2835 , 0.5747,3.0946,<LOD,8.5799,0.2048,1804.2235 , 238.3573,0.3767,8.8048 , 0.9485,0.3401,<LOD,1.2912,0.5303,<LOD,0.0000,0.0000,,,,14521.4482 , 134.8509,4.4220,<LOD,4.2801,4.2055,<LOD,0.7842,0.1854,277978.1562 , 860.2389,20.5412,12.6008 , 2.3175,3.4558,<LOD,0.0000,0.0000,,,,9115.1543 , 55.8282,25.5743,200.0506 , 13.9806,4.3868,<LOD,6.3908,0.1716,15.5916 , 0.6957,2.7729,20.9295 , 2.2235,0.4228,130.4669 , 1.3429,13.4595,1.3550 , 0.9718,0.2973,465840.8750 , 7060.4980,<LOD,2.6345,0.2063,58.0162 , 1.1789,2.8531,176.9821 , 1.2205,10.9447,4.0908 , 0.7635,0.3419,3.1686 , 0.9649,0.5459,345.8211 , 21.4944,17.1346,14201.2275 , 137.7473,15.5872,<LOD,47.9947,0.7413,15693.3271 , 155.9554,7.3089,,,,,,8,418.100006,39.004421,-122.662682,10.000000,529207.500000,4317321.500000,
125,Mining,120.43,30.14,30.18,30.19,29.92,"Tue Apr 28, 2026 - 17:59:14",User,1.5,ppm,,,,,,,,,Mining,,,,,,,,,,,,<LOD,1.5615,0.8020,166447.4844 , 2234.6133,2.5406,<LOD,3.0655,0.1054,<LOD,1.2260,0.1228,<LOD,2.3141,1.4275,<LOD,51.7499,12.6387,104.4367 , 5.7354,3.1981,8.0085 , 2.5834,0.3157,34624.6836 , 190.1659,81.0043,<LOD,0.0000,0.0000,<LOD,9167.2742,0.0710,86.4662 , 19.1408,0.7213,<LOD,1.0363,4.7960,5.2614 , 0.5742,3.1299,<LOD,8.5128,0.2140,1588.1652 , 238.4631,0.3669,9.0417 , 0.9402,0.3388,<LOD,1.3504,0.5503,<LOD,0.0000,0.0000,,,,13329.8496 , 130.5998,4.0753,<LOD,4.4297,4.2473,<LOD,0.7744,0.1729,284480.6562 , 889.7318,21.0787,10.5074 , 2.3930,3.4721,<LOD,0.0000,0.0000,,,,8880.7119 , 54.7328,25.1149,191.4435 , 13.4662,4.3149,<LOD,6.4312,0.1767,14.9213 , 0.6830,2.6985,20.7696 , 2.2006,0.4209,132.4149 , 1.3452,13.3276,<LOD,1.9884,0.2805,458929.6875 , 7387.6714,<LOD,2.3985,0.2011,58.5574 , 1.1722,2.8410,168.5379 , 1.1863,10.2940,5.2689 , 0.7591,0.3534,3.3590 , 0.9506,0.5367,340.9158 , 22.2469,17.2176,12821.3799 , 127.7657,14.0681,<LOD,48.6507,0.7515,14787.2188 , 148.2292,6.8926,,,,,,8,417.799988,39.004425,-122.662674,10.000000,529207.750000,4317321.500000,
126,Mining,120.44,30.09,30.00,30.19,30.16,"Tue Apr 28, 2026 - 18:02:52",User,1.5,ppm,,,,,,,,,Mining,,,,,,,,,,,,<LOD,1.4446,0.7775,139157.5312 , 1686.4911,2.1707,<LOD,2.7479,0.0939,<LOD,1.1464,0.1193,<LOD,2.2258,1.5157,<LOD,42.9411,8.7494,84.8269 , 4.9970,2.7489,3.9748 , 2.3991,0.3004,24005.7129 , 123.2958,56.4512,<LOD,0.0000,0.0000,16666.7832 , 4454.5142,0.0807,205.0676 , 20.4176,0.8274,<LOD,0.9811,4.7844,3.8324 , 0.5462,3.1552,<LOD,5.7605,0.2002,1207.3717 , 217.6520,0.3059,7.5236 , 0.8728,0.3254,<LOD,1.2518,0.5353,<LOD,0.0000,0.0000,,,,8417.3779 , 103.6563,2.7190,<LOD,4.2102,4.4109,<LOD,0.7169,0.1673,295990.5000 , 807.1472,22.3314,4.8027 , 2.2374,3.4347,<LOD,0.0000,0.0000,,,,7473.1470 , 44.0764,21.2066,141.8810 , 11.5797,3.5927,<LOD,5.9911,0.1697,16.0294 , 0.6571,2.8256,21.3739 , 2.1294,0.4363,114.2945 , 1.2183,13.4947,<LOD,1.9860,0.2764,469812.6250 , 5429.3906,<LOD,2.2149,0.1898,50.5941 , 1.0686,2.6591,245.8822 , 1.3529,15.6234,4.4008 , 0.7055,0.3400,3.6094 , 0.9626,0.6167,313.0467 , 20.8380,17.3812,21922.2852 , 152.5041,24.1586,<LOD,49.1917,0.7775,14125.5381 , 134.2120,6.7673,,,,,,7,417.700012,39.004425,-122.662674,10.000000,529207.937500,4317322.000000,
127,Mining,120.16,30.05,30.27,30.22,29.62,"Tue Apr 28, 2026 - 18:05:23",User,1.5,ppm,,,,,,,,,Mining,,,,,,,,,,,,<LOD,1.9330,0.8340,138573.3438 , 1632.7620,2.1588,<LOD,2.9474,0.0990,<LOD,1.1789,0.1158,<LOD,2.1851,1.4341,<LOD,45.0776,8.8919,84.6247 , 5.1356,2.7681,7.0918 , 2.5821,0.3199,24376.2539 , 123.7994,57.0959,<LOD,0.0000,0.0000,8852.4229 , 4220.1030,0.0719,194.5003 , 21.0363,0.8100,<LOD,1.0329,4.8735,4.0216 , 0.5733,3.1885,<LOD,6.0470,0.2023,1338.5225 , 219.5646,0.3192,8.3557 , 0.9339,0.3419,<LOD,1.2672,0.5438,<LOD,0.0000,0.0000,,,,8363.8135 , 102.4342,2.6982,<LOD,4.1841,4.2982,<LOD,0.7836,0.1851,291115.6875 , 781.3473,21.8324,8.5613 , 2.2454,3.4403,<LOD,0.0000,0.0000,,,,7666.6279 , 44.7004,21.5946,145.6588 , 11.9342,3.6459,<LOD,6.6174,0.1907,16.4976 , 0.6907,2.8683,20.3972 , 2.2095,0.4313,113.7773 , 1.2599,13.4641,<LOD,1.5456,0.2703,482006.4062 , 5220.3262,<LOD,2.3549,0.1935,51.6832 , 1.1222,2.7029,251.5921 , 1.4004,15.8858,5.6972 , 0.7517,0.3646,4.0471 , 1.0151,0.6296,331.3773 , 20.8287,17.3102,22324.6836 , 155.5077,24.4882,<LOD,48.7632,0.7751,14134.3369 , 136.7068,6.7733,,,,,,6,417.899994,39.004425,-122.662674,10.000000,529207.937500,4317322.000000,
128,Mining,120.60,30.09,30.18,30.15,28.36,"Tue Apr 28, 2026 - 18:10:14",User,1.5,ppm,,,,,,,,,Mining,,,,,,,,,,,,<LOD,1.4587,0.7856,145544.8281 , 1692.6556,2.2280,<LOD,2.8955,0.0931,<LOD,1.2231,0.1216,<LOD,2.1742,1.4194,<LOD,52.7089,13.2557,96.9084 , 6.4498,3.5982,<LOD,3.5491,0.2624,36775.7305 , 157.9452,88.8969,<LOD,0.0000,0.0000,<LOD,6488.1519,0.0664,104.8670 , 19.9030,0.7928,<LOD,1.0468,4.8956,5.3657 , 0.5874,3.2836,14.7934 , 4.3787,0.1953,2038.7827 , 263.2012,0.4502,9.5131 , 0.9628,0.3542,<LOD,1.2606,0.5383,<LOD,0.0000,0.0000,,,,23492.8242 , 166.9129,7.1557,<LOD,4.1483,4.2039,<LOD,0.7632,0.1707,239789.6250 , 730.8639,17.6876,7.1411 , 2.2155,3.3247,<LOD,0.0000,0.0000,,,,8871.8984 , 55.7535,26.9270,230.8638 , 15.3281,4.9563,<LOD,6.2495,0.1655,16.5884 , 0.7065,2.8937,12.5920 , 2.0225,0.3541,141.5323 , 1.3134,13.9422,1.5412 , 0.9889,0.3126,521094.2812 , 5328.9868,<LOD,2.2795,0.1790,59.8562 , 1.1799,2.9598,130.9904 , 0.9888,8.2906,5.7459 , 0.7699,0.3665,4.0184 , 0.9494,0.5334,346.9781 , 20.7281,17.0471,7360.2695 , 102.7336,8.3864,<LOD,48.8340,0.7744,13842.4883 , 149.4673,6.5294,,,,,,8,417.600006,39.004429,-122.662674,10.000000,529207.937500,4317322.000000,
129,Mining,120.68,30.06,30.26,30.22,30.14,"Tue Apr 28, 2026 - 18:12:36",User,1.5,ppm,,,,,,,,,Mining,,,,,,,,,,,,<LOD,1.4518,0.7633,133260.7969 , 1520.7153,2.0440,<LOD,2.9001,0.0923,<LOD,1.1652,0.1090,<LOD,2.1962,1.4313,<LOD,53.9986,14.0491,90.2390 , 6.1154,3.4343,<LOD,3.5725,0.2633,38956.5195 , 152.3202,94.3548,<LOD,0.0000,0.0000,<LOD,5846.6847,0.0569,101.3972 , 19.8872,0.8018,<LOD,1.0649,5.0399,4.4682 , 0.5837,3.1998,14.7404 , 4.4289,0.1893,2220.8684 , 256.6742,0.4540,8.7289 , 0.9578,0.3461,<LOD,1.2208,0.4926,<LOD,0.0000,0.0000,,,,26094.2598 , 168.7256,7.9499,<LOD,4.1068,4.0293,<LOD,0.7699,0.1723,217237.3906 , 668.2316,15.7389,10.4821 , 2.2132,3.2647,<LOD,0.0000,0.0000,,,,8142.8545 , 51.3100,24.8277,194.8585 , 14.2704,4.5211,<LOD,6.2780,0.1652,16.0755 , 0.7072,2.8653,13.8985 , 2.0636,0.3650,143.6951 , 1.3104,14.0387,1.8778 , 0.9891,0.3115,553495.1875 , 4814.5806,<LOD,2.4167,0.2042,61.5978 , 1.1878,2.9920,133.1491 , 0.9880,8.3525,7.9249 , 0.7838,0.3943,2.7236 , 0.9386,0.5140,314.7527 , 20.4098,16.0964,6962.1812 , 96.8485,7.9187,<LOD,47.6390,0.7919,12509.3018 , 138.8792,5.9323,,,,,,6,417.600006,39.004425,-122.662674,10.000000,529207.625000,4317321.500000,
130,Mining,120.34,30.08,30.13,30.12,30.01,"Tue Apr 28, 2026 - 18:28:42",User,1.5,ppm,,,,,,,,,Mining,,,,,,,,,,,,<LOD,1.3234,0.8500,182902.0000 , 1620.7272,2.7797,<LOD,2.7149,0.1101,<LOD,1.0645,0.1232,<LOD,2.0394,1.6593,<LOD,38.9654,8.3580,91.2996 , 4.7664,3.1309,9.3126 , 2.4459,0.3723,20581.3887 , 110.1798,53.9637,<LOD,0.0000,0.0000,6680.9692 , 3783.3232,0.0765,25.1051 , 16.0256,0.5803,<LOD,0.9629,5.6356,5.7977 , 0.5400,3.7716,10.2425 , 3.8273,0.2652,1426.6167 , 210.8817,0.3724,9.1573 , 0.8777,0.3955,<LOD,1.1919,0.6365,<LOD,0.0000,0.0000,,,,7571.6929 , 91.4306,2.6442,<LOD,3.8354,4.7600,<LOD,0.7025,0.1915,281730.0000 , 763.0361,22.7492,7.4414 , 2.0595,3.8105,<LOD,0.0000,0.0000,,,,8476.0273 , 45.0113,26.7572,234.5988 , 11.8636,4.8392,<LOD,6.0823,0.2081,18.3118 , 0.6617,3.4511,35.4374 , 2.3240,0.6207,138.9053 , 1.2301,16.2803,1.5618 , 0.9069,0.3527,465909.3438 , 4812.9678,<LOD,2.1763,0.2162,57.5884 , 1.0817,3.3432,144.1715 , 0.9783,10.6475,6.9389 , 0.7067,0.4353,3.3957 , 0.8740,0.6110,264.1282 , 18.8690,18.4110,10119.3975 , 99.1213,12.3739,<LOD,43.7709,0.7685,13539.1680 , 123.4379,6.9217,,,,,,9,419.600006,39.004585,-122.661316,10.000000,529325.625000,4317340.000000,
131,Mining,126.16,35.66,30.17,30.21,30.12,"Tue Apr 28, 2026 - 18:31:25",User,1.5,ppm,,,,,,,,,Mining,,,,,,,,,,,,<LOD,1.2752,0.8539,196308.3281 , 1635.3159,2.9714,<LOD,2.4917,0.0933,<LOD,1.0715,0.1264,<LOD,1.9435,1.6249,<LOD,41.8830,10.1527,85.7977 , 4.5559,3.0524,8.1554 , 2.4096,0.3670,24698.6914 , 125.4874,66.8624,<LOD,0.0000,0.0000,8681.6914 , 3773.8740,0.0803,23.5487 , 16.1203,0.6212,<LOD,0.9536,5.5964,5.3635 , 0.5344,3.7342,15.9900 , 3.9285,0.2674,1245.9678 , 192.7977,0.3337,8.9480 , 0.8720,0.3951,<LOD,1.1667,0.6620,<LOD,0.0000,0.0000,,,,7042.2695 , 86.4076,2.5370,<LOD,3.6654,4.6861,<LOD,0.6790,0.1849,283015.5000 , 764.8710,23.6061,9.9969 , 1.9802,3.8192,<LOD,0.0000,0.0000,,,,8140.9116 , 43.4172,26.4410,226.8534 , 11.3904,4.7670,<LOD,6.0001,0.2053,17.4599 , 0.6518,3.3798,34.8775 , 2.3032,0.6187,129.9618 , 1.1974,15.5261,<LOD,1.9713,0.3295,446595.8750 , 4783.5293,<LOD,2.1838,0.2231,55.2842 , 1.0611,3.2456,136.2783 , 0.9550,10.2081,6.7255 , 0.7044,0.4336,2.8112 , 0.8552,0.5905,287.6344 , 18.1932,18.6221,10061.8057 , 97.0648,12.6023,<LOD,41.9351,0.7545,13153.2744 , 120.0915,6.9398,,,,,,9,419.100006,39.004585,-122.661316,10.000000,529325.625000,4317340.000000,
132,Mining,120.74,30.01,30.21,30.25,30.27,"Tue Apr 28, 2026 - 18:34:37",User,1.5,ppm,,,,,,,,,Mining,,,,,,,,,,,,<LOD,1.5720,0.7650,165194.5156 , 2167.4084,2.5486,<LOD,3.2829,0.1060,<LOD,1.3167,0.1245,<LOD,2.3385,1.3726,<LOD,44.9321,7.5172,92.4494 , 5.3797,2.6538,23.4969 , 3.0483,0.3848,23130.8184 , 131.6238,48.4401,<LOD,0.0000,0.0000,22070.2363 , 5004.0015,0.0897,285.1576 , 23.3818,0.8530,<LOD,1.5611,4.6549,6.9330 , 0.6040,3.0336,20.8184 , 4.5521,0.2551,1287.4937 , 216.9618,0.2745,10.9994 , 1.0159,0.3484,<LOD,1.4325,0.5882,<LOD,0.0000,0.0000,,,,6347.5239 , 93.7135,1.9240,<LOD,4.5186,4.2095,<LOD,0.8606,0.1902,345247.3750 , 882.4941,24.6523,14.2996 , 2.4406,3.4340,<LOD,0.0000,0.0000,,,,7615.0342 , 47.0629,19.2376,174.0936 , 12.2770,3.3761,<LOD,8.7552,0.2239,18.1327 , 0.7245,2.7040,79.7031 , 3.3683,0.8631,123.9282 , 1.3766,13.2827,<LOD,1.7640,0.2756,382776.8438 , 6626.6929,<LOD,2.5945,0.1958,54.0783 , 1.1755,2.5249,302.5907 , 1.6536,17.0513,4.9923 , 0.8005,0.3420,3.1502 , 1.0601,0.5898,381.2161 , 22.6307,17.1271,30233.9609 , 186.9590,29.9243,<LOD,51.5763,0.7335,14500.1533 , 141.1315,6.3871,,,,,,8,418.600006,39.004585,-122.661316,10.000000,529325.312500,4317340.000000,
133,Mining,120.55,30.14,30.20,30.02,29.24,"Tue Apr 28, 2026 - 18:37:19",User,1.5,ppm,,,,,,,,,Mining,,,,,,,,,,,,<LOD,1.5518,0.7652,162200.1875 , 2190.9436,2.5055,<LOD,3.2470,0.0984,<LOD,1.3792,0.1305,<LOD,2.3007,1.3603,<LOD,50.6986,9.6302,76.3509 , 5.4418,2.6706,26.8842 , 3.1873,0.4034,28982.8633 , 159.5632,62.9586,<LOD,0.0000,0.0000,26252.1367 , 5282.7026,0.0947,304.8914 , 24.4296,0.9431,<LOD,1.1048,4.5098,5.8294 , 0.6139,2.9715,18.3160 , 4.6930,0.2331,1289.6510 , 227.2929,0.2892,8.4468 , 0.9960,0.3187,<LOD,1.3758,0.5544,<LOD,0.0000,0.0000,,,,8242.9404 , 108.2316,2.4932,<LOD,4.4303,4.1033,<LOD,0.8881,0.1978,332009.8125 , 911.4960,24.2849,12.2501 , 2.4057,3.4077,<LOD,0.0000,0.0000,,,,7069.7422 , 46.6656,18.5513,152.6397 , 12.1853,3.2380,<LOD,7.5403,0.2030,17.0486 , 0.7327,2.6280,83.9504 , 3.5203,0.9020,118.0117 , 1.3889,12.8091,<LOD,1.8473,0.2556,389871.6875 , 6791.8994,<LOD,3.1606,0.2067,52.1247 , 1.1950,2.4722,286.8873 , 1.6648,16.3377,4.5601 , 0.8216,0.3366,3.7765 , 1.0907,0.5943,359.9153 , 22.3244,16.9201,29059.4395 , 189.7201,29.7806,<LOD,52.3344,0.7330,13489.6934 , 141.3629,6.1819,,,,,,8,418.200012,39.004581,-122.661324,10.000000,529325.062500,4317339.500000,
134,Mining,120.32,30.15,30.17,30.20,29.80,"Tue Apr 28, 2026 - 18:40:14",User,1.5,ppm,,,,,,,,,Mining,,,,,,,,,,,,<LOD,1.7354,0.7080,152579.5625 , 2555.8254,2.3656,<LOD,3.5242,0.1023,<LOD,1.4031,0.1187,<LOD,2.6154,1.3074,<LOD,54.7206,10.2742,97.1056 , 6.2002,2.6900,14.2630 , 2.9704,0.3089,33310.7578 , 188.0855,66.1279,<LOD,0.0000,0.0000,52570.2891 , 6334.5112,0.1207,660.3802 , 30.7033,1.3674,<LOD,1.1163,4.0096,5.3421 , 0.6171,2.6146,23.2317 , 5.1243,0.2448,911.0015 , 213.4288,0.2244,8.4072 , 1.0086,0.2864,<LOD,1.5273,0.5052,<LOD,0.0000,0.0000,,,,5248.2466 , 91.7875,1.5972,<LOD,4.9876,3.8383,<LOD,0.9224,0.1838,340633.6875 , 954.7316,23.5077,10.0418 , 2.6933,3.1505,<LOD,0.0000,0.0000,,,,6807.2393 , 49.9250,16.3207,153.4714 , 13.1398,2.8809,<LOD,7.9012,0.1969,18.0666 , 0.7431,2.3641,64.2277 , 3.2589,0.6817,109.7175 , 1.3801,10.8544,<LOD,1.4693,0.2092,351474.8438 , 8198.3936,<LOD,2.7703,0.1921,47.7085 , 1.1667,2.0432,282.7780 , 1.7202,14.3777,4.4658 , 0.8293,0.2978,3.1542 , 1.0839,0.5132,425.9803 , 25.4649,16.3782,40356.5664 , 244.6196,38.4397,<LOD,56.7014,0.7691,14179.4824 , 157.4806,6.1509,,,,,,8,417.899994,39.004581,-122.661316,10.000000,529325.187500,4317339.500000,
135,Mining,120.16,30.27,30.30,30.19,29.40,"Tue Apr 28, 2026 - 18:42:51",User,1.5,ppm,,,,,,,,,Mining,,,,,,,,,,,,<LOD,1.7019,0.7089,156339.9062 , 2584.8943,2.4235,<LOD,3.3601,0.0906,<LOD,1.4090,0.1172,<LOD,2.5492,1.2898,<LOD,56.0423,10.6258,93.3019 , 6.0457,2.6767,15.5764 , 3.0269,0.3144,34164.4844 , 193.2967,68.3324,<LOD,0.0000,0.0000,44908.7188 , 6305.0127,0.1138,659.9606 , 31.0756,1.3816,<LOD,1.1354,4.0531,5.1695 , 0.6270,2.6338,16.8494 , 5.0924,0.2275,1119.5088 , 233.1447,0.2646,7.7433 , 1.0040,0.2779,<LOD,1.5447,0.5412,<LOD,0.0000,0.0000,,,,4936.5879 , 91.4869,1.5306,<LOD,4.9023,3.8743,<LOD,0.9211,0.1832,344837.4062 , 971.3914,24.0767,17.3585 , 2.6739,3.2622,<LOD,0.0000,0.0000,,,,6888.8672 , 49.4935,16.6234,151.2906 , 12.9103,2.9159,<LOD,7.8545,0.1905,17.7741 , 0.7512,2.3614,68.6965 , 3.3705,0.7141,110.0733 , 1.3959,10.8783,<LOD,2.2875,0.2347,350496.0000 , 8152.0259,<LOD,2.7216,0.1806,48.4723 , 1.1984,2.1015,278.9618 , 1.7244,14.2434,3.0711 , 0.8121,0.2723,5.3216 , 1.1307,0.5475,433.1476 , 25.0136,16.4569,39919.7070 , 240.2937,38.2418,<LOD,57.9075,0.7762,14456.0205 , 156.3394,6.3277,,,,,,9,417.700012,39.004578,-122.661316,10.000000,529325.312500,4317339.000000,
136,Mining,120.53,30.26,30.08,30.00,28.08,"Tue Apr 28, 2026 - 18:48:30",User,1.5,ppm,,,,,,,,,Mining,,,,,,,,,,,,<LOD,1.6708,0.7233,137893.1562 , 2377.8752,2.1807,<LOD,3.2021,0.0853,<LOD,1.3718,0.1148,<LOD,2.4465,1.2482,<LOD,53.4396,9.7510,76.1867 , 5.7975,2.5984,14.5264 , 2.9891,0.3156,31454.4551 , 169.7506,62.9857,<LOD,0.0000,0.0000,35380.8789 , 6048.3550,0.1006,408.3595 , 26.8743,1.0391,1.8877 , 0.7620,4.3022,6.8018 , 0.6302,2.7858,17.2818 , 4.9291,0.2255,1667.3416 , 265.7864,0.3202,12.2723 , 1.0858,0.3384,<LOD,1.5182,0.5531,<LOD,0.0000,0.0000,,,,9925.7695 , 126.2486,2.6942,<LOD,4.7849,3.9330,<LOD,0.8637,0.1647,378627.4688 , 986.4852,26.2899,17.0030 , 2.5970,3.2584,<LOD,0.0000,0.0000,,,,5033.4453 , 40.9004,12.3128,112.9010 , 11.1781,2.2581,<LOD,7.8176,0.1946,16.0525 , 0.7248,2.2902,73.0944 , 3.4131,0.7558,108.3638 , 1.3526,10.8679,<LOD,1.5949,0.2524,361116.0312 , 7775.7417,<LOD,4.6780,0.2110,45.0160 , 1.1456,2.0020,266.5516 , 1.6172,13.8703,4.7975 , 0.8249,0.3042,4.7069 , 1.1033,0.5407,428.8554 , 24.2483,16.4921,26588.4492 , 188.0287,24.9649,<LOD,59.4331,0.7564,10698.3516 , 133.9467,4.5570,,,,,,9,417.399994,39.004574,-122.661316,10.000000,529325.500000,4317338.500000,
137,Mining,125.90,35.49,30.20,30.20,30.01,"Tue Apr 28, 2026 - 18:51:09",User,1.5,ppm,,,,,,,,,Mining,,,,,,,,,,,,<LOD,1.6219,0.7145,134347.4062 , 2026.0798,2.1325,<LOD,3.2643,0.0953,<LOD,1.4002,0.1287,<LOD,2.3823,1.2404,<LOD,52.7749,10.2421,86.9350 , 5.9598,2.7513,7.2975 , 2.7578,0.2890,31788.1445 , 163.2181,66.2672,<LOD,0.0000,0.0000,31701.7793 , 5373.1328,0.0952,502.9142 , 27.8094,1.2033,<LOD,1.1032,4.2788,6.2087 , 0.6149,2.8436,17.3912 , 4.8357,0.2321,1424.0510 , 235.3654,0.3135,10.9224 , 1.0392,0.3324,<LOD,1.4952,0.5640,<LOD,0.0000,0.0000,,,,7920.2705 , 104.4812,2.3204,<LOD,4.6490,3.8710,<LOD,0.8806,0.1845,364406.5000 , 905.1313,26.5901,14.3246 , 2.5270,3.2240,<LOD,0.0000,0.0000,,,,6006.9907 , 44.5293,15.1771,128.6044 , 12.1386,2.6955,<LOD,7.7233,0.2045,15.0913 , 0.7045,2.3201,74.6253 , 3.3643,0.7910,104.4738 , 1.3034,10.9900,<LOD,2.0733,0.2713,373449.1250 , 6756.2036,<LOD,2.9557,0.2023,45.7530 , 1.1350,2.1159,264.8716 , 1.5600,14.3062,3.6613 , 0.8111,0.3045,5.4761 , 1.0932,0.5703,397.3983 , 23.5501,16.3066,34924.1445 , 215.5020,34.4187,<LOD,53.0720,0.7599,12345.6465 , 143.8687,5.5547,,,,,,8,417.500000,39.004570,-122.661316,10.000000,529325.625000,4317338.500000,
138,Mining,120.47,30.02,30.11,30.16,28.06,"Tue Apr 28, 2026 - 18:55:10",User,1.5,ppm,,,,,,,,,Mining,,,,,,,,,,,,<LOD,1.7132,0.7701,170112.2656 , 2471.7344,2.6232,<LOD,3.5207,0.1006,<LOD,1.4484,0.1244,<LOD,2.4918,1.3093,<LOD,64.5032,7.6491,85.1257 , 5.7137,2.5347,12.5931 , 2.9957,0.3073,24349.4922 , 142.5811,47.8380,<LOD,0.0000,0.0000,14441.6914 , 5349.3745,0.0815,369.9630 , 26.5837,0.9227,1.2318 , 0.7825,4.4100,5.7000 , 0.6399,2.7783,<LOD,10.6852,0.2191,1186.0826 , 239.8859,0.2715,10.1753 , 1.0737,0.3206,<LOD,1.5473,0.5808,<LOD,0.0000,0.0000,,,,7106.4453 , 105.3877,2.0051,<LOD,4.8444,4.0491,<LOD,0.9166,0.1781,369076.7188 , 934.7679,25.6318,9.9836 , 2.6132,3.3105,<LOD,0.0000,0.0000,,,,8267.4453 , 51.6168,19.6437,178.9098 , 13.3381,3.4077,<LOD,7.8365,0.1904,19.8377 , 0.7903,2.6502,53.5403 , 3.1445,0.6231,124.2052 , 1.4687,12.4924,<LOD,1.5813,0.2414,354085.9375 , 7330.8325,<LOD,3.8698,0.2090,56.8645 , 1.2808,2.4706,311.1586 , 1.7801,16.3387,5.7729 , 0.8828,0.3437,3.7182 , 1.1538,0.5756,434.2433 , 24.6518,17.2628,33662.9805 , 205.6821,31.4034,<LOD,57.2252,0.7437,16027.9170 , 154.4161,6.6983,,,,,,8,417.200012,39.004574,-122.661308,10.000000,529325.750000,4317338.500000,
139,Mining,120.63,30.09,30.19,30.14,30.21,"Tue Apr 28, 2026 - 18:57:40",User,1.5,ppm,,,,,,,,,Mining,,,,,,,,,,,,<LOD,1.6551,0.7940,175984.5469 , 2450.2207,2.7106,<LOD,3.4001,0.1084,<LOD,1.4169,0.1377,<LOD,2.4386,1.3979,<LOD,43.5411,6.5961,74.3130 , 5.3486,2.4197,14.2308 , 2.8789,0.3268,20997.8047 , 130.8196,42.4813,<LOD,0.0000,0.0000,23344.6973 , 5404.6523,0.0938,201.3845 , 21.9553,0.6998,<LOD,1.7264,4.6198,7.1272 , 0.6178,3.0086,11.5000 , 4.3349,0.2187,1318.6611 , 235.5635,0.2832,10.0644 , 1.0136,0.3305,<LOD,1.4488,0.5589,<LOD,0.0000,0.0000,,,,7394.9390 , 105.4377,2.1249,<LOD,4.6502,4.1345,<LOD,0.8964,0.1985,369050.8750 , 960.9960,26.1177,14.6372 , 2.5254,3.4367,<LOD,0.0000,0.0000,,,,8177.3042 , 51.0143,19.9333,179.2647 , 12.8147,3.4522,<LOD,9.1540,0.2052,19.7134 , 0.7492,2.7541,42.8824 , 2.7942,0.5666,129.3537 , 1.4350,13.4348,<LOD,1.5862,0.2576,346505.8750 , 7306.2847,<LOD,2.7023,0.2095,56.3433 , 1.2282,2.5983,311.7453 , 1.7464,17.1484,4.2355 , 0.8304,0.3400,6.1543 , 1.1307,0.6418,421.0450 , 23.6176,17.5045,29863.4961 , 192.2583,28.6028,<LOD,55.7686,0.7487,15857.7852 , 150.1461,6.7100,,,,,,8,416.500000,39.004578,-122.661308,10.000000,529325.937500,4317339.000000,
140,Mining,30.16,29.87,,,,"Tue Apr 28, 2026 - 19:14:48",User,1.5,ppm,,,,,,,,,Mining,,,,,,,,,,,,496.5150 , 442.3569,11.2533,,,,<LOD,37.5407,0.0660,<LOD,11.6234,0.0858,<LOD,34.2726,4.6382,<LOD,497.8899,216.8717,9614.2783 , 109.2909,23.2846,1264.7917 , 52.9085,1.2037,882770.1875 , 556.9183,1487.2729,<LOD,0.0000,0.0000,,,,4038.0430 , 137.0454,14.8745,4975.4790 , 26.2191,53.2113,<LOD,6.0098,0.8215,501.4879 , 134.5867,0.4852,,,,<LOD,12.4732,0.2356,<LOD,34.5461,5.4606,<LOD,0.0000,0.0000,,,,,,,<LOD,63.9886,5.4019,<LOD,7.1903,0.1154,,,,111.9387 , 30.4569,6.2017,<LOD,0.0000,0.0000,,,,207.6007 , 82.3854,1.4055,85.0627 , 49.5205,1.5500,<LOD,92.1822,0.1615,<LOD,3.8080,0.2656,<LOD,22.8839,0.1711,<LOD,3.3289,0.4298,38.5359 , 8.7068,0.2026,95890.0469 , 14757.2227,<LOD,22.8368,0.1305,<LOD,3.8511,-0.0530,6.1279 , 1.6872,0.1807,<LOD,20.1791,-1.2366,<LOD,7.6329,-0.1144,,,,,,,,,,,,,,,,,,9,433.899994,39.000637,-122.662956,10.000000,529184.812500,4316901.500000,
142,Health Check,152.82,,,,,"Wed Apr 29, 2026 - 11:09:37",User,,,,,,,,,,,Health Check,Pass,Detector Quality: 1.39 — Pass; Fault Free: Pass; Battery Health  95%: Pass; C#1 Voltage  3935 mV: Pass; C#2 Voltage  3929 mV: Pass; Tube Health: Pass; System Check: Reading #141 - Pass; Filter Wheel Check: Pass; XRay LED Test: Pass; Wi-Fi: Pass; Bluetooth: Pass; GPS: Pass; ,,,,,,,,,,,,,,,,,,,,,,,,,,,,,,,,,,,,,,,,,,,,,,,,,,,,,,,,,,,,,,,,,,,,,,,,,,,,,,,,,,,,,,,,,,,,,,,,,,,,,,,,,,,,,,,,,,,,,,,,,,,,,,,,,,,,,,,,,,,,,,,,,,,,,,,,,
143,Mining,30.13,30.13,,,,"Wed Apr 29, 2026 - 11:29:27",User,1.5,ppm,,,,,,,,,Mining,,,,,,,,,,,,501.1282 , 446.4636,11.2364,,,,<LOD,27.8689,0.0583,<LOD,11.0732,0.0803,<LOD,33.6526,4.5393,<LOD,639.3446,218.9603,9702.2578 , 107.1458,23.6283,1310.1732 , 52.7122,1.2329,889656.4375 , 564.8470,1499.0649,<LOD,0.0000,0.0000,,,,4043.6492 , 134.3301,14.9950,5066.3125 , 25.9860,53.8021,<LOD,6.9769,0.8389,473.8773 , 133.6810,0.5195,,,,<LOD,12.2300,0.2375,<LOD,34.0635,5.4795,<LOD,0.0000,0.0000,,,,,,,<LOD,80.5428,5.4565,<LOD,6.4851,0.0957,,,,110.9475 , 29.9772,6.1760,<LOD,0.0000,0.0000,,,,303.7240 , 82.1254,1.4826,65.7676 , 48.1085,1.5477,<LOD,79.3407,0.1546,<LOD,3.8552,0.2832,<LOD,23.0849,0.1801,<LOD,2.9755,0.4084,32.2272 , 8.3352,0.1858,88706.5859 , 14722.5801,26.9265 , 16.4951,0.1729,<LOD,4.4836,-0.1293,<LOD,3.3804,0.1556,<LOD,21.7951,-1.4595,<LOD,5.0729,-0.0574,,,,,,,,,,,,,,,,,,7,423.600006,39.000748,-122.662979,10.000000,529183.000000,4316913.500000,
144,Mining,120.79,30.19,30.19,30.18,28.43,"Wed Apr 29, 2026 - 09:37:29",User,1.5,ppm,,,,,,,,,Mining,,,,,,,,,,,,<LOD,1.6505,0.7542,95709.8672 , 1728.3888,1.5685,<LOD,3.4259,0.1038,<LOD,1.4247,0.1317,<LOD,2.4273,1.3165,<LOD,51.7133,9.5972,92.4320 , 5.4008,2.5916,18.3540 , 3.0368,0.3456,30327.7285 , 144.6611,62.8416,<LOD,0.0000,0.0000,34168.7969 , 5336.4736,0.0883,419.9846 , 26.6370,1.0760,<LOD,1.1077,4.3177,6.0516 , 0.6190,2.8822,17.9401 , 4.7578,0.2226,1315.5042 , 228.8671,0.2747,9.3174 , 1.0202,0.3162,<LOD,1.4531,0.5382,<LOD,0.0000,0.0000,,,,4311.0615 , 83.1503,1.3459,<LOD,4.6778,3.9768,<LOD,0.9198,0.1995,343269.1562 , 865.0474,23.5901,11.1203 , 2.5347,3.2903,<LOD,0.0000,0.0000,,,,7309.6494 , 44.5176,18.2340,128.3484 , 11.9576,3.0554,<LOD,7.5990,0.1955,15.8322 , 0.7271,2.4520,30.3156 , 2.6010,0.4663,122.3419 , 1.3414,11.7755,<LOD,1.6107,0.2474,448159.7188 , 6430.0513,<LOD,3.0835,0.2084,53.7423 , 1.1978,2.3998,215.0313 , 1.3484,11.7211,4.5180 , 0.8378,0.3270,4.0597 , 1.0558,0.5261,394.3725 , 23.6562,16.7503,19696.3320 , 149.7875,19.1204,<LOD,53.7190,0.7212,14188.4707 , 140.2147,5.9625,,,,,,8,447.000000,39.006496,-122.662331,10.000000,529236.937500,4317551.500000,
145,Mining,120.21,30.09,30.24,30.25,29.63,"Wed Apr 29, 2026 - 09:39:56",User,1.5,ppm,,,,,,,,,Mining,,,,,,,,,,,,<LOD,1.6858,0.6917,106443.6797 , 1712.2740,1.6905,<LOD,3.1571,0.0807,<LOD,1.3796,0.1138,<LOD,2.5175,1.2476,<LOD,62.5210,15.0139,84.0656 , 6.6595,3.1001,17.1901 , 3.0813,0.3318,46569.8477 , 176.3625,98.3522,<LOD,0.0000,0.0000,16048.8809 , 4866.7593,0.0722,333.9684 , 25.8660,1.0912,<LOD,1.1468,4.2339,6.0061 , 0.6324,2.7480,26.2013 , 5.4581,0.2311,2943.3521 , 308.2646,0.5692,9.0259 , 1.0388,0.3022,<LOD,1.4969,0.5036,<LOD,0.0000,0.0000,,,,9606.8926 , 111.7279,2.7199,<LOD,4.8828,3.8293,<LOD,0.8781,0.1702,291827.7500 , 771.9763,19.5838,14.3218 , 2.6412,3.1474,<LOD,0.0000,0.0000,,,,6629.3662 , 47.8237,17.0958,220.3773 , 14.1582,3.3347,<LOD,7.1537,0.1596,14.3101 , 0.7297,2.2527,38.0816 , 2.7939,0.5019,127.7446 , 1.3672,11.3220,2.0183 , 1.0747,0.2750,490698.8438 , 6003.6357,3.3719 , 1.8666,0.2065,53.8030 , 1.2033,2.2416,197.2292 , 1.2900,10.1995,4.6505 , 0.8264,0.2958,1.9246 , 1.0345,0.4591,410.2882 , 24.6074,15.9154,14707.0156 , 147.4208,14.4944,<LOD,52.4797,0.7664,12959.7627 , 153.3127,5.5041,,,,,,8,446.899994,39.006489,-122.662331,10.000000,529236.687500,4317551.000000,
146,Mining,126.17,35.63,30.28,30.23,30.03,"Wed Apr 29, 2026 - 09:44:30",User,1.5,ppm,,,,,,,,,Mining,,,,,,,,,,,,<LOD,1.7480,0.6709,129858.5000 , 1795.2930,2.0034,<LOD,3.6238,0.0872,<LOD,1.6630,0.1356,<LOD,2.5949,1.1939,<LOD,79.8121,25.0026,63.9113 , 7.2015,3.4586,27.7149 , 3.5971,0.3765,73111.0156 , 248.8648,164.0222,<LOD,0.0000,0.0000,5242.8652 , 4786.4814,0.0714,66.8891 , 23.8115,0.9485,<LOD,1.2742,4.1634,6.1176 , 0.6975,2.6657,36.1803 , 6.8557,0.2342,3502.4282 , 323.0553,0.7404,10.5993 , 1.1789,0.3175,<LOD,1.5387,0.4803,<LOD,0.0000,0.0000,,,,29372.3203 , 177.1333,8.2305,<LOD,5.0248,3.6297,<LOD,0.9693,0.1671,243461.6875 , 693.5109,16.9756,21.4044 , 2.7457,3.0702,<LOD,0.0000,0.0000,,,,6670.2754 , 50.6368,18.4164,195.6565 , 14.9184,3.5052,<LOD,7.6867,0.1517,15.3955 , 0.8101,2.2340,5.3431 , 2.2605,0.2708,136.4481 , 1.5401,11.4861,<LOD,2.5371,0.2612,487656.5938 , 6011.8809,4.5447 , 2.0861,0.2147,55.6048 , 1.3299,2.2054,226.8418 , 1.5041,11.0505,2.7495 , 0.9310,0.2820,2.5144 , 1.1643,0.4703,458.1477 , 25.5683,15.4342,9864.0752 , 129.3636,10.4151,<LOD,47.7395,0.7508,9924.1445 , 144.2316,4.5218,,,,,,8,444.799988,39.006470,-122.662323,10.000000,529237.562500,4317549.000000,
147,Mining,125.81,35.67,30.07,30.00,30.07,"Wed Apr 29, 2026 - 09:47:20",User,1.5,ppm,,,,,,,,,Mining,,,,,,,,,,,,<LOD,2.2432,0.6442,110188.8047 , 1824.9033,1.7134,<LOD,4.3109,0.0825,<LOD,1.7629,0.1024,<LOD,3.2528,1.0770,<LOD,104.4659,42.4729,44.6320 , 8.0493,3.5707,45.0479 , 4.4628,0.3976,126227.9141 , 356.6757,278.7183,<LOD,0.0000,0.0000,<LOD,7947.4746,0.0608,<LOD,64.7676,1.2582,<LOD,1.4222,3.3689,4.0955 , 0.7704,2.1122,69.5541 , 9.9092,0.2539,3320.5071 , 311.8099,0.6591,7.7242 , 1.2758,0.2467,<LOD,1.9508,0.4506,<LOD,0.0000,0.0000,,,,35497.7812 , 193.4276,9.7462,<LOD,6.4009,3.3405,<LOD,1.1412,0.1534,217387.8438 , 659.4064,14.6261,19.5307 , 3.5109,2.8846,<LOD,0.0000,0.0000,,,,4443.2939 , 46.7386,12.3945,210.6092 , 14.8643,2.8149,<LOD,9.7834,0.1665,16.7657 , 0.8831,1.7549,<LOD,6.2438,0.2409,110.7780 , 1.5340,7.6087,2.9688 , 1.3218,0.2322,488057.2500 , 6475.9980,<LOD,5.8595,0.1890,38.5956 , 1.2737,1.3055,174.7274 , 1.4357,6.8982,<LOD,2.2156,0.1817,3.5194 , 1.2383,0.3507,563.2109 , 33.2012,14.8695,5903.3823 , 112.5073,6.2815,<LOD,46.7214,0.7016,7661.4775 , 142.4053,3.5262,,,,,,8,444.700012,39.006458,-122.662331,10.000000,529236.687500,4317547.500000,
148,Mining,120.56,30.06,30.21,30.11,29.28,"Wed Apr 29, 2026 - 09:50:22",User,1.5,ppm,,,,,,,,,Mining,,,,,,,,,,,,<LOD,1.6574,0.7309,101947.4688 , 1603.7229,1.6502,<LOD,3.2125,0.0903,<LOD,1.3940,0.1250,<LOD,2.4613,1.3021,<LOD,59.2168,13.6996,81.2486 , 5.8327,2.7888,23.2167 , 3.1594,0.3743,40677.1836 , 170.3674,88.8303,<LOD,0.0000,0.0000,14371.1279 , 4874.6968,0.0751,207.8300 , 23.4073,0.9022,<LOD,1.1227,4.3677,4.3510 , 0.6149,2.7862,13.9122 , 5.0973,0.2202,1561.3893 , 249.2132,0.3457,6.7389 , 0.9795,0.2883,<LOD,1.4540,0.5180,<LOD,0.0000,0.0000,,,,20766.3672 , 160.9540,5.8531,<LOD,4.7608,3.9638,<LOD,0.8745,0.1803,300600.7500 , 795.7647,21.6033,13.1247 , 2.5815,3.2843,<LOD,0.0000,0.0000,,,,7079.6318 , 46.3433,18.7627,140.9339 , 12.8339,3.2306,<LOD,6.8651,0.1581,14.0735 , 0.7175,2.3497,15.8747 , 2.2863,0.3594,115.8604 , 1.3390,11.6418,<LOD,1.9772,0.2369,476983.6562 , 5789.0576,<LOD,2.5993,0.1875,51.3666 , 1.1824,2.3082,238.5826 , 1.4326,13.0384,4.7025 , 0.8301,0.3202,2.4657 , 1.0524,0.5158,408.3964 , 24.1143,16.7577,21198.6777 , 164.3215,21.7090,<LOD,51.0365,0.7337,13471.1055 , 146.3511,6.0381,,,,,,8,444.200012,39.006454,-122.662323,10.000000,529237.125000,4317547.000000,
149,Mining,120.45,30.26,30.03,30.14,30.02,"Wed Apr 29, 2026 - 09:53:02",User,1.5,ppm,,,,,,,,,Mining,,,,,,,,,,,,<LOD,1.6498,0.7352,106808.5391 , 1667.2928,1.7209,<LOD,3.3617,0.1012,<LOD,1.3388,0.1175,<LOD,2.4907,1.3636,<LOD,59.0560,13.9160,75.1436 , 5.7454,2.7750,25.0709 , 3.1831,0.3876,40781.5273 , 176.8753,90.2438,<LOD,0.0000,0.0000,19940.5410 , 5057.7051,0.0823,199.5755 , 23.0615,0.8958,<LOD,1.1161,4.3828,4.5083 , 0.6135,2.8229,12.5370 , 5.0509,0.2178,1519.1844 , 250.6167,0.3499,7.1648 , 0.9801,0.2945,<LOD,1.4702,0.5393,<LOD,0.0000,0.0000,,,,20487.2305 , 161.2947,5.8608,<LOD,4.7486,4.0049,<LOD,0.8824,0.1841,301380.6875 , 813.2438,21.9465,12.0428 , 2.5697,3.2992,<LOD,0.0000,0.0000,,,,7053.4502 , 46.5489,18.9956,135.9435 , 12.7191,3.2597,<LOD,7.0731,0.1716,13.3791 , 0.7079,2.3290,16.3843 , 2.2943,0.3690,118.2170 , 1.3522,11.9780,1.9121 , 1.0180,0.2716,466081.6562 , 5992.9644,<LOD,2.7966,0.2012,50.5942 , 1.1784,2.3214,242.2986 , 1.4551,13.4013,4.2457 , 0.8005,0.3047,3.5005 , 1.0687,0.5425,397.4774 , 24.0141,16.8075,21283.3555 , 164.6748,22.1645,<LOD,51.6527,0.7568,13343.8154 , 145.1944,6.0802,,,,,,6,444.000000,39.006451,-122.662323,10.000000,529237.375000,4317546.500000,
150,Mining,126.23,35.67,30.16,30.15,30.25,"Wed Apr 29, 2026 - 09:55:45",User,1.5,ppm,,,,,,,,,Mining,,,,,,,,,,,,<LOD,1.8014,0.6722,28338.1504 , 920.4419,0.6093,<LOD,3.5465,0.0826,<LOD,1.6284,0.1289,<LOD,2.7736,1.2997,<LOD,85.4562,31.6377,21.0064 , 8.6059,3.8814,15.1593 , 3.4336,0.3430,90543.1484 , 321.9399,216.4664,<LOD,0.0000,0.0000,<LOD,9472.4121,0.0899,42.4154 , 24.3166,1.1097,<LOD,1.2874,4.1428,4.4899 , 0.7127,2.7220,88.2312 , 7.3934,0.2376,4013.0881 , 432.5155,1.1777,5.7368 , 1.0971,0.2711,<LOD,1.6108,0.4988,<LOD,0.0000,0.0000,,,,123841.2891 , 427.3014,39.1110,<LOD,5.2843,3.7732,<LOD,0.9524,0.1595,149370.5000 , 633.2778,11.6676,15.8393 , 2.8658,3.1269,<LOD,0.0000,0.0000,,,,2776.0725 , 43.7768,8.7144,143.8281 , 13.8163,2.2275,<LOD,7.9058,0.1598,15.6503 , 0.8119,2.2151,14.5761 , 2.5207,0.3371,116.2701 , 1.4859,10.4791,<LOD,2.0962,0.2195,579384.6250 , 6121.7354,2.8171 , 2.0476,0.2017,46.5928 , 1.2728,1.9422,240.4690 , 1.5827,11.7379,2.5547 , 0.9086,0.2632,4.9819 , 1.2275,0.5165,394.3923 , 26.5925,15.3089,7588.7080 , 137.1412,8.5046,<LOD,56.2105,0.8935,12969.4521 , 193.1902,6.1723,,,,,,8,442.700012,39.006451,-122.662315,10.000000,529238.000000,4317546.500000,
151,Mining,126.28,35.61,30.28,30.13,30.26,"Wed Apr 29, 2026 - 09:58:15",User,1.5,ppm,,,,,,,,,Mining,,,,,,,,,,,,<LOD,1.8677,0.7070,38938.0938 , 1075.0128,0.7669,<LOD,3.7435,0.0957,<LOD,1.5199,0.1164,<LOD,2.7725,1.2561,<LOD,83.1592,30.9153,16.0999 , 8.2492,3.6792,11.9111 , 3.2734,0.3227,89857.8906 , 335.2840,211.5080,<LOD,0.0000,0.0000,<LOD,10047.8247,0.0905,45.1961 , 23.6601,1.0846,<LOD,1.2407,4.0111,3.5326 , 0.6803,2.5756,94.1557 , 7.2882,0.2518,3495.1887 , 411.8575,1.0094,7.3990 , 1.1019,0.2835,<LOD,1.6343,0.5001,<LOD,0.0000,0.0000,,,,107425.9375 , 402.7061,33.0965,<LOD,5.3243,3.6993,<LOD,0.9921,0.1790,183862.4531 , 695.8503,14.2399,11.9235 , 2.8908,3.0843,<LOD,0.0000,0.0000,,,,2615.3467 , 41.3228,8.0263,135.7381 , 13.0858,2.0621,<LOD,7.9158,0.1664,15.7645 , 0.7890,2.1710,8.8741 , 2.3166,0.2943,108.8066 , 1.4161,9.7856,<LOD,1.6746,0.2179,549527.9375 , 6588.0210,<LOD,3.9663,0.1925,45.5528 , 1.2185,1.8533,230.0927 , 1.5285,11.0965,1.9959 , 0.8489,0.2382,2.9164 , 1.1424,0.4651,387.3688 , 26.9493,15.2377,9793.2383 , 150.2869,10.7283,<LOD,57.8906,0.9398,12822.4502 , 187.9124,6.0220,,,,,,8,441.700012,39.006447,-122.662308,10.000000,529238.562500,4317546.000000,
152,Mining,120.54,30.24,30.18,30.04,29.15,"Wed Apr 29, 2026 - 10:01:17",User,1.5,ppm,,,,,,,,,Mining,,,,,,,,,,,,<LOD,1.7612,0.7842,119412.1641 , 1421.2349,1.9140,<LOD,3.5091,0.1208,<LOD,1.4689,0.1550,<LOD,2.3224,1.4201,<LOD,67.7496,23.9250,64.8137 , 4.9123,2.9862,41.5095 , 3.5157,0.5243,61283.2266 , 226.3154,160.1721,<LOD,0.0000,0.0000,<LOD,6502.5505,0.0573,107.1539 , 21.9826,1.0699,<LOD,1.1728,5.2751,7.6687 , 0.6422,3.3681,40.9542 , 5.7171,0.2534,1118.1116 , 194.6764,0.3010,11.8970 , 1.0952,0.4022,<LOD,1.4129,0.5990,<LOD,0.0000,0.0000,,,,7165.6812 , 90.0277,2.4863,<LOD,4.4249,4.1851,<LOD,0.8965,0.2051,307678.7188 , 771.1143,25.5269,13.5167 , 2.3734,3.3450,<LOD,0.0000,0.0000,,,,8118.6836 , 44.6873,25.9525,170.1118 , 12.0361,4.4348,<LOD,7.0641,0.1878,15.8726 , 0.7587,2.8746,20.9582 , 2.3781,0.4381,161.9424 , 1.4842,15.2195,2.1913 , 1.1222,0.3570,471776.2500 , 5026.6372,<LOD,3.9032,0.2326,68.5660 , 1.3181,3.2327,153.9740 , 1.1328,9.3494,6.4152 , 0.8915,0.4147,2.9110 , 1.0232,0.5380,383.5289 , 22.1440,16.9168,7789.8882 , 92.2424,9.7763,<LOD,42.8123,0.7161,13650.8301 , 129.3660,7.0567,,,,,,7,440.700012,39.006447,-122.662308,10.000000,529238.687500,4317546.000000,
153,Mining,120.29,30.16,30.07,30.14,29.92,"Wed Apr 29, 2026 - 10:03:47",User,1.5,ppm,,,,,,,,,Mining,,,,,,,,,,,,<LOD,1.4947,0.8181,121075.5156 , 1418.6852,1.9392,<LOD,3.1442,0.1066,<LOD,1.3719,0.1490,<LOD,2.2646,1.5284,<LOD,55.3037,14.5225,73.7940 , 5.7581,3.1462,29.4798 , 3.1888,0.4686,39594.9688 , 163.7237,99.2818,<LOD,0.0000,0.0000,7855.9326 , 4013.5557,0.0679,86.3313 , 20.2489,0.8188,<LOD,1.5557,5.6394,8.1784 , 0.6199,3.5457,32.5580 , 4.7539,0.2347,1537.1992 , 228.6476,0.3870,9.7845 , 1.0139,0.3816,<LOD,1.3945,0.6631,<LOD,0.0000,0.0000,,,,12954.8896 , 119.6603,4.1123,<LOD,4.3585,4.6207,<LOD,0.8493,0.2081,317389.7812 , 774.3930,25.4841,11.7177 , 2.3424,3.7261,<LOD,0.0000,0.0000,,,,8792.0762 , 50.9461,26.6699,227.4030 , 14.2125,4.7469,<LOD,6.9207,0.1984,17.0881 , 0.7437,3.1019,9.5362 , 2.0411,0.3510,167.8477 , 1.4402,16.2146,2.5745 , 1.0588,0.3566,469665.3750 , 4857.1060,<LOD,4.3101,0.2477,69.6279 , 1.2815,3.4404,119.8596 , 0.9654,7.8218,7.1431 , 0.8552,0.4367,2.0457 , 0.9544,0.5214,400.7844 , 21.9329,19.1150,5964.3062 , 91.2233,7.1097,<LOD,45.0395,0.7378,13894.1465 , 145.1528,6.7610,,,,,,8,440.100006,39.006439,-122.662308,10.000000,529238.562500,4317545.500000,
154,Mining,120.84,30.28,30.15,30.14,30.27,"Wed Apr 29, 2026 - 10:08:52",User,1.5,ppm,,,,,,,,,Mining,,,,,,,,,,,,<LOD,1.6172,0.8306,101825.1953 , 1434.3357,1.6461,<LOD,3.3230,0.1103,<LOD,1.4202,0.1473,<LOD,2.4696,1.5707,<LOD,66.7315,23.7053,61.1349 , 6.3887,3.6097,43.9859 , 3.6200,0.5651,61667.6523 , 277.2181,164.9068,<LOD,0.0000,0.0000,<LOD,9077.5188,0.0745,245.7819 , 24.1356,1.3341,<LOD,1.1148,5.0071,5.1856 , 0.6031,3.1440,93.2028 , 6.1144,0.3491,3510.2456 , 314.9026,0.8352,22.9496 , 1.2724,0.5560,<LOD,1.4777,0.6450,<LOD,0.0000,0.0000,,,,45503.9922 , 236.8491,14.7865,<LOD,4.8059,4.8377,<LOD,0.8766,0.2011,242533.8438 , 765.4752,19.8690,10.9803 , 2.5817,3.9142,<LOD,0.0000,0.0000,,,,2779.5505 , 35.7551,9.6910,87.9748 , 10.4169,2.1132,<LOD,7.9058,0.2405,5.5998 , 0.6257,1.9917,46.4594 , 2.9003,0.6626,130.9782 , 1.3424,12.2376,8.1626 , 1.4094,0.6258,526427.8750 , 6462.1968,<LOD,2.7625,0.2314,39.6844 , 1.0372,2.0091,65.1399 , 0.7509,4.3214,4.3213 , 0.8248,0.3458,<LOD,1.8143,0.4004,460.7965 , 24.5742,20.4620,1377.3158 , 55.4204,1.9334,<LOD,42.6829,0.7316,9827.3848 , 139.1197,5.0350,,,,,,9,430.899994,39.006325,-122.662338,10.000000,529236.000000,4317532.500000,
155,Mining,120.38,30.28,30.21,30.01,29.88,"Wed Apr 29, 2026 - 10:11:51",User,1.5,ppm,,,,,,,,,Mining,,,,,,,,,,,,<LOD,1.6870,0.8214,96755.1484 , 1370.9993,1.5674,<LOD,3.5510,0.1088,<LOD,1.5726,0.1571,<LOD,2.5602,1.5270,<LOD,72.1051,25.1085,67.2819 , 6.5931,3.5698,45.7304 , 3.8321,0.5527,66560.0703 , 249.9094,172.5633,<LOD,0.0000,0.0000,21206.9727 , 4874.6636,0.0926,267.6898 , 25.8394,1.3870,<LOD,1.2204,5.0730,6.5648 , 0.6570,3.1379,94.9365 , 6.6623,0.3564,4847.5928 , 366.0201,1.1207,18.1738 , 1.2663,0.4774,<LOD,1.5675,0.6622,<LOD,0.0000,0.0000,,,,45727.2930 , 225.9432,14.5007,<LOD,5.0118,4.7484,<LOD,0.9615,0.2135,237331.5000 , 704.2689,18.9329,11.7706 , 2.7050,3.9091,<LOD,0.0000,0.0000,,,,3047.4607 , 36.5890,10.0975,101.7597 , 10.9079,2.1781,<LOD,8.2607,0.2280,8.9720 , 0.6924,2.1220,50.9442 , 3.1288,0.6737,155.4167 , 1.4788,13.4448,7.1601 , 1.3936,0.5288,510562.7500 , 5498.4365,2.9260 , 2.0097,0.2468,42.3650 , 1.1224,2.0482,73.1557 , 0.8183,4.5508,6.7061 , 0.9310,0.3903,2.8119 , 0.9810,0.4332,515.3928 , 25.8334,20.7715,2208.9805 , 67.3693,2.8480,<LOD,44.4387,0.7513,10272.4746 , 143.7121,5.1399,,,,,,8,431.000000,39.006329,-122.662338,10.000000,529235.875000,4317533.000000,
156,Mining,120.41,30.02,30.24,30.14,30.01,"Wed Apr 29, 2026 - 10:14:39",User,1.5,ppm,,,,,,,,,Mining,,,,,,,,,,,,<LOD,1.5641,0.9028,106077.5156 , 1264.5112,1.7160,<LOD,3.1234,0.1093,<LOD,1.3951,0.1602,<LOD,2.3910,1.7170,<LOD,62.7285,22.4655,113.3497 , 6.9849,4.4111,20.6747 , 3.0758,0.4570,55633.6172 , 213.3779,156.4323,<LOD,0.0000,0.0000,11944.3486 , 4324.0649,0.0858,191.8906 , 22.8333,1.2693,<LOD,1.0777,5.3141,4.2520 , 0.5911,3.4103,88.8988 , 5.8118,0.3748,3282.3604 , 309.7659,0.8379,25.0074 , 1.2756,0.6315,<LOD,1.3807,0.6494,<LOD,0.0000,0.0000,,,,44529.4570 , 219.6217,15.0483,<LOD,4.6065,5.1704,<LOD,0.8507,0.2177,248945.3750 , 708.5959,21.3024,14.2653 , 2.4891,4.2431,<LOD,0.0000,0.0000,,,,2406.5398 , 36.0015,9.2610,105.3861 , 10.7335,2.2539,<LOD,7.1302,0.2188,18.9135 , 0.7176,3.0323,28.9960 , 2.4635,0.5377,108.7495 , 1.1668,11.2628,5.8136 , 1.3632,0.6344,518097.8438 , 4828.5752,3.3904 , 1.8130,0.2652,37.5789 , 0.9842,2.0620,53.1640 , 0.6599,3.9069,6.2926 , 0.8388,0.4189,<LOD,1.6321,0.4170,422.2556 , 23.2808,21.3829,1050.6447 , 49.5597,1.5853,<LOD,43.6980,0.8039,6783.4058 , 119.1158,3.7042,,,,,,7,431.000000,39.006329,-122.662346,10.000000,529235.687500,4317533.000000,
157,Mining,126.24,35.63,30.12,30.23,30.26,"Wed Apr 29, 2026 - 10:17:52",User,1.5,ppm,,,,,,,,,Mining,,,,,,,,,,,,<LOD,1.6839,0.8543,103156.4922 , 1375.9889,1.6590,<LOD,3.4754,0.1090,<LOD,1.5034,0.1504,<LOD,2.5613,1.6000,<LOD,73.6731,29.5238,65.2208 , 7.4883,4.2216,23.2568 , 3.3469,0.4429,76021.7031 , 282.8662,205.7085,<LOD,0.0000,0.0000,13082.1230 , 4942.4541,0.0948,199.4601 , 24.5218,1.4124,<LOD,1.1692,4.9250,4.6073 , 0.6390,3.1428,119.6465 , 6.8284,0.3697,6351.8555 , 407.2236,1.5252,14.6380 , 1.1830,0.4350,<LOD,1.5210,0.6477,<LOD,0.0000,0.0000,,,,61035.2383 , 265.9034,20.2626,<LOD,4.9640,4.8423,<LOD,0.9404,0.2141,212615.6875 , 673.4224,17.6711,12.7421 , 2.6795,3.9988,<LOD,0.0000,0.0000,,,,2011.7728 , 37.0115,7.7010,96.2876 , 11.1657,2.0172,<LOD,7.8513,0.2159,22.9640 , 0.8072,3.0435,25.8992 , 2.5654,0.4752,125.3670 , 1.3202,11.2469,7.1400 , 1.3143,0.4980,514962.0938 , 5462.2388,12.4803 , 2.2058,0.3308,48.9625 , 1.1621,2.3032,64.1527 , 0.7591,4.0824,5.8555 , 0.8859,0.3666,<LOD,2.2753,0.4280,604.2382 , 26.0178,22.1221,980.7819 , 53.3783,1.4747,<LOD,43.7762,0.7647,8329.3389 , 140.3390,4.3858,,,,,,9,430.899994,39.006329,-122.662346,10.000000,529235.562500,4317533.000000,
158,Mining,120.78,30.25,30.09,30.12,30.32,"Wed Apr 29, 2026 - 10:20:32",User,1.5,ppm,,,,,,,,,Mining,,,,,,,,,,,,<LOD,1.6026,0.8988,106405.2969 , 1295.7601,1.7153,<LOD,3.1325,0.1028,<LOD,1.4475,0.1612,<LOD,2.4321,1.6775,<LOD,65.9653,24.5047,71.1400 , 6.5831,3.9111,39.0168 , 3.5066,0.5594,61980.0000 , 233.6876,173.3551,<LOD,0.0000,0.0000,14569.9902 , 4459.5630,0.0886,176.4511 , 23.0354,1.2821,<LOD,1.0906,5.0262,3.9205 , 0.6049,3.3123,102.2876 , 6.0025,0.3484,3767.3750 , 321.1823,0.9180,33.9974 , 1.4328,0.7459,<LOD,1.4706,0.7043,<LOD,0.0000,0.0000,,,,45474.5391 , 222.2077,15.3622,<LOD,4.7224,5.1396,<LOD,0.8505,0.2027,242697.2344 , 701.5396,20.6299,13.8993 , 2.5486,4.2091,<LOD,0.0000,0.0000,,,,2223.3716 , 34.8394,8.5884,84.5754 , 10.2573,2.0506,<LOD,7.4179,0.2223,21.3170 , 0.7487,3.0818,50.8539 , 2.9423,0.7209,101.0303 , 1.1525,10.2736,6.9685 , 1.5276,0.7454,513647.8438 , 4986.7783,3.4284 , 1.8514,0.2569,33.7825 , 0.9672,1.8381,53.8124 , 0.6761,3.8199,4.5152 , 0.8415,0.3790,<LOD,2.1668,0.4172,448.0794 , 23.9663,21.4413,1089.5408 , 49.7462,1.6116,<LOD,43.4767,0.7996,6895.7188 , 119.1155,3.7461,,,,,,6,429.200012,39.006386,-122.662376,10.000000,529232.812500,4317539.500000,
159,Mining,120.45,30.22,30.05,30.29,29.89,"Wed Apr 29, 2026 - 10:23:53",User,1.5,ppm,,,,,,,,,Mining,,,,,,,,,,,,<LOD,1.4321,0.9368,111907.3125 , 1265.9791,1.8213,<LOD,2.9736,0.1196,<LOD,1.2750,0.1606,<LOD,2.1745,1.7545,<LOD,50.2197,14.6853,70.1854 , 5.6975,3.4564,25.0519 , 2.9318,0.4915,38107.0664 , 161.3083,104.5819,<LOD,0.0000,0.0000,15039.1826 , 4113.8955,0.0865,143.4263 , 19.8856,0.9759,<LOD,0.9860,5.4069,4.5947 , 0.5358,3.4188,68.2814 , 4.7600,0.3372,3839.5703 , 324.4778,0.9306,11.0182 , 0.9479,0.4178,<LOD,1.3299,0.7517,<LOD,0.0000,0.0000,,,,38468.8086 , 202.8431,12.5639,<LOD,4.2001,5.3343,<LOD,0.7780,0.2147,295707.5625 , 757.6001,25.3023,7.2362 , 2.2503,4.2822,<LOD,0.0000,0.0000,,,,2155.3894 , 29.7691,7.8035,70.2217 , 8.7322,1.7704,<LOD,6.6260,0.2256,9.1857 , 0.5749,2.3443,25.8325 , 2.2416,0.5280,102.5567 , 1.0553,11.2009,3.8960 , 1.0306,0.4398,486935.8125 , 4702.7422,3.7006 , 1.7050,0.2818,32.5895 , 0.8666,1.9265,40.6417 , 0.5475,3.2816,4.3314 , 0.7325,0.3720,<LOD,1.3013,0.4079,425.4361 , 21.3319,22.5582,726.9337 , 38.8064,1.0966,<LOD,43.1523,0.7694,6064.2041 , 102.2743,3.1989,,,,,,10,429.500000,39.006374,-122.662369,10.000000,529233.250000,4317538.000000,
160,Mining,126.42,35.78,30.27,30.22,30.15,"Wed Apr 29, 2026 - 10:27:00",User,1.5,ppm,,,,,,,,,Mining,,,,,,,,,,,,<LOD,1.4900,0.9394,118932.5234 , 1327.5654,1.9011,<LOD,3.1115,0.1141,<LOD,1.3092,0.1486,<LOD,2.2743,1.7809,<LOD,58.5545,19.4042,74.3737 , 5.6659,3.5679,25.5083 , 3.1290,0.4958,49046.2969 , 200.8285,137.9716,<LOD,0.0000,0.0000,18786.3770 , 4327.0137,0.0938,123.0039 , 21.0113,1.0636,<LOD,1.0543,5.3652,4.9239 , 0.5753,3.4238,92.6650 , 5.5239,0.3780,4282.9590 , 333.2508,1.0441,13.1625 , 1.0562,0.4546,<LOD,1.3708,0.7394,<LOD,0.0000,0.0000,,,,41059.9727 , 210.0463,13.8202,<LOD,4.3674,5.3149,<LOD,0.8625,0.2385,261308.3594 , 727.4678,22.4743,8.7302 , 2.3469,4.3037,<LOD,0.0000,0.0000,,,,2420.4155 , 30.3123,8.8269,79.8891 , 8.9283,1.9512,<LOD,6.9478,0.2183,10.8670 , 0.6332,2.4756,21.5758 , 2.2763,0.4810,105.9962 , 1.1364,11.2453,5.8263 , 1.1705,0.5102,495806.8750 , 4940.1118,6.8173 , 1.8710,0.3043,36.7888 , 0.9612,2.0760,44.2800 , 0.6015,3.4417,5.2770 , 0.7772,0.3767,<LOD,1.4062,0.4163,418.8951 , 22.1544,22.2019,900.0801 , 41.5329,1.3545,<LOD,42.8351,0.7921,6377.5474 , 103.9537,3.4707,,,,,,10,429.500000,39.006371,-122.662369,10.000000,529233.375000,4317537.500000,
161,Mining,120.35,30.05,30.12,30.02,30.16,"Wed Apr 29, 2026 - 10:29:51",User,1.5,ppm,,,,,,,,,Mining,,,,,,,,,,,,<LOD,1.5183,0.9060,131735.7344 , 1387.5748,2.0866,<LOD,3.0886,0.1150,<LOD,1.2546,0.1392,<LOD,2.3345,1.7425,<LOD,56.4987,17.9105,98.8363 , 6.1898,3.8239,17.6023 , 2.8860,0.4291,45440.0859 , 180.9841,122.9049,<LOD,0.0000,0.0000,7549.8242 , 4005.2205,0.0769,127.8172 , 20.6793,1.0133,<LOD,1.0391,5.3193,7.8177 , 0.5957,3.7638,60.1616 , 5.1712,0.3302,2680.9016 , 274.9417,0.6397,13.4641 , 1.0473,0.4562,<LOD,1.3890,0.7045,<LOD,0.0000,0.0000,,,,31267.2832 , 180.1078,10.1455,<LOD,4.5330,5.3612,<LOD,0.8368,0.2267,292541.3125 , 744.1412,24.5598,9.2680 , 2.4241,4.2984,<LOD,0.0000,0.0000,,,,3143.1921 , 37.5987,11.6118,97.2633 , 10.7015,2.5130,<LOD,6.7760,0.2120,26.5420 , 0.7589,3.6692,17.5341 , 2.1508,0.4374,122.1692 , 1.1789,12.3301,3.5270 , 1.1075,0.4432,475469.2188 , 4768.3408,8.8273 , 1.9028,0.3261,48.6580 , 1.0509,2.5770,41.4539 , 0.5720,3.1975,8.2174 , 0.8034,0.4394,<LOD,1.2202,0.4164,543.6967 , 23.4347,23.8356,1416.5525 , 51.2198,1.9743,<LOD,42.9124,0.7585,7503.0620 , 114.4659,3.9123,,,,,,10,429.799988,39.006363,-122.662369,10.000000,529233.562500,4317537.000000,
162,Mining,120.55,30.02,30.10,30.25,30.18,"Wed Apr 29, 2026 - 10:32:28",User,1.5,ppm,,,,,,,,,Mining,,,,,,,,,,,,<LOD,1.5425,0.9523,138771.3594 , 1369.0961,2.1864,<LOD,3.4218,0.1312,<LOD,1.3721,0.1547,<LOD,2.3239,1.7516,<LOD,64.4849,24.2235,111.7030 , 6.1603,4.1659,18.5416 , 3.0310,0.4430,58066.0430 , 220.5861,166.1132,<LOD,0.0000,0.0000,7882.3477 , 4010.7542,0.0809,86.5695 , 21.2097,1.1110,<LOD,1.0758,5.2302,5.5085 , 0.6034,3.5296,72.7473 , 5.7781,0.3426,2634.1084 , 268.4033,0.6845,11.8387 , 1.0655,0.4365,<LOD,1.4081,0.7374,<LOD,0.0000,0.0000,,,,32899.4766 , 180.3610,11.2752,<LOD,4.5092,5.3771,<LOD,0.8926,0.2351,277740.7188 , 719.2036,24.3996,6.1902 , 2.3925,4.2022,<LOD,0.0000,0.0000,,,,3236.7229 , 36.7436,12.4853,100.6100 , 10.5104,2.6696,<LOD,7.2768,0.2281,22.5480 , 0.7539,3.3307,18.6299 , 2.2747,0.4566,105.7944 , 1.1551,10.9936,3.8723 , 1.1371,0.4395,470404.6250 , 4722.5000,20.5381 , 2.2967,0.4577,44.2376 , 1.0517,2.3612,45.5750 , 0.6217,3.4668,7.6105 , 0.8444,0.4332,<LOD,1.2859,0.4222,489.9173 , 23.0072,22.8249,440.0002 , 35.3078,0.8634,<LOD,40.3340,0.7516,6752.1763 , 107.2367,3.7470,,,,,,7,429.700012,39.006359,-122.662376,10.000000,529232.937500,4317536.500000,
163,Mining,125.96,35.48,30.03,30.17,30.28,"Wed Apr 29, 2026 - 10:35:14",User,1.5,ppm,,,,,,,,,Mining,,,,,,,,,,,,<LOD,1.8216,0.8954,115636.6641 , 1361.9274,1.8393,<LOD,4.0331,0.1351,<LOD,1.6353,0.1633,<LOD,2.7559,1.6530,<LOD,84.2486,42.7355,62.9679 , 8.5650,4.9947,23.1934 , 3.4838,0.4451,99929.9141 , 352.3699,290.4539,<LOD,0.0000,0.0000,12050.8838 , 4720.3169,0.0916,85.5098 , 24.1127,1.5186,<LOD,1.1773,4.4591,3.3019 , 0.6589,3.0051,117.5798 , 7.8378,0.3746,3321.1245 , 296.5406,0.8842,22.9479 , 1.3839,0.5454,<LOD,1.6292,0.6653,<LOD,0.0000,0.0000,,,,52033.8711 , 231.7391,18.5236,<LOD,5.3869,5.0964,<LOD,1.0405,0.2436,217628.1719 , 652.2105,19.2578,9.2281 , 2.8793,4.0917,<LOD,0.0000,0.0000,,,,2693.5425 , 45.1898,10.9527,119.0068 , 13.5757,2.7115,<LOD,0.0000,0.2229,25.5015 , 0.8505,3.0756,15.2648 , 2.4309,0.4030,90.5033 , 1.1828,8.3888,5.0613 , 1.4548,0.5307,486314.8750 , 5214.5557,30.2125 , 2.6635,0.5160,41.4540 , 1.1199,1.9280,51.9754 , 0.7177,3.3420,2.1369 , 0.8877,0.3026,<LOD,1.4617,0.3979,616.6294 , 28.0421,22.6100,586.9057 , 50.7994,1.1093,<LOD,40.2752,0.7860,8481.5146 , 153.5497,4.8460,,,,,,9,429.200012,39.006351,-122.662376,10.000000,529232.812500,4317535.500000,
164,Mining,125.93,35.65,30.11,30.14,30.03,"Wed Apr 29, 2026 - 10:38:41",User,1.5,ppm,,,,,,,,,Mining,,,,,,,,,,,,<LOD,1.6305,0.8058,167617.2031 , 2141.0818,2.5297,<LOD,3.2448,0.1020,<LOD,1.3179,0.1231,<LOD,2.4270,1.4397,<LOD,53.6989,11.7008,100.2827 , 5.7610,3.1408,19.2143 , 3.0419,0.3786,33474.3594 , 169.0442,75.8460,<LOD,0.0000,0.0000,40803.8125 , 5147.6055,0.1103,419.0618 , 26.4379,1.1965,<LOD,1.1079,4.9054,7.7131 , 0.6030,3.0918,40.2015 , 5.3190,0.3243,1087.6443 , 199.5967,0.2534,<LOD,1.2466,0.2545,<LOD,1.4298,0.5704,<LOD,0.0000,0.0000,,,,12082.2812 , 118.7424,3.5675,<LOD,4.7533,4.5303,<LOD,0.8440,0.1795,253675.9688 , 776.0638,17.5764,12.2475 , 2.5516,3.7142,<LOD,0.0000,0.0000,,,,4493.0835 , 39.4519,13.0707,153.3218 , 11.1323,2.7081,<LOD,7.5074,0.2073,6.9512 , 0.7236,2.5461,42.9289 , 2.8077,0.5938,163.3441 , 1.4504,13.8922,<LOD,1.8221,0.1813,452872.6875 , 6739.5181,2.8979 , 1.8644,0.2379,107.1452 , 1.5921,4.6929,43.5940 , 0.6148,2.9346,7.9892 , 0.8688,0.4223,<LOD,2.1521,0.4543,824.5212 , 26.3113,24.0877,896.2213 , 56.4438,1.5423,<LOD,47.8604,0.7302,31045.3105 , 211.7796,13.3782,,,,,,9,429.100006,39.006351,-122.662376,10.000000,529233.125000,4317535.500000,
165,Mining,126.05,35.79,30.12,30.07,30.07,"Wed Apr 29, 2026 - 10:41:52",User,1.5,ppm,,,,,,,,,Mining,,,,,,,,,,,,<LOD,4.0958,0.7849,391547.5938 , 2440.2251,2.3296,<LOD,0.2278,0.0003,<LOD,0.0977,0.0004,<LOD,6.2234,1.4743,12.8802 , 2.5182,0.0273,222.2623 , 18.8197,2.9963,<LOD,1.1085,0.0139,<LOD,12.4608,0.1206,<LOD,0.0000,0.0000,81986.1016 , 9630.6504,0.0947,673.2405 , 35.0237,0.5390,<LOD,0.0027,0.0000,<LOD,0.0026,0.0000,<LOD,2.4865,0.0165,4324.5122 , 533.5886,0.2520,<LOD,0.0510,0.0003,<LOD,3.6827,0.5865,<LOD,0.0000,0.0000,,,,28410.3652 , 756.4430,3.6279,<LOD,12.0426,4.5033,<LOD,0.0655,0.0005,410142.2812 , 5750.3975,16.8947,41.7341 , 6.4101,3.7331,<LOD,0.0000,0.0000,,,,10216.0742 , 330.7932,12.7042,415.0102 , 36.1891,2.7064,<LOD,1.7793,0.0073,<LOD,0.0070,-0.0000,<LOD,0.5167,0.0055,<LOD,0.0064,-0.0000,<LOD,0.1041,0.0012,983.2001,,<LOD,0.3682,0.0013,<LOD,0.0058,-0.0000,<LOD,0.0074,0.0001,<LOD,0.0609,0.0003,<LOD,0.0218,-0.0000,3313.9812 , 125.6645,23.9098,2332.7610 , 177.7053,1.5766,<LOD,128.0856,0.7123,65378.0430 , 1722.2891,12.1671,,,,,,5,429.200012,39.006351,-122.662376,10.000000,529232.937500,4317535.500000,
166,Mining,126.35,35.74,30.32,30.12,30.17,"Wed Apr 29, 2026 - 10:44:37",User,1.5,ppm,,,,,,,,,Mining,,,,,,,,,,,,<LOD,1.5750,0.7745,165687.1719 , 2105.2161,2.5042,<LOD,3.0927,0.0960,<LOD,1.2467,0.1147,<LOD,2.3939,1.4531,<LOD,53.3268,12.1855,81.1242 , 5.4695,2.9823,21.0209 , 3.0005,0.3840,34746.0156 , 168.4429,78.4024,<LOD,0.0000,0.0000,42396.7656 , 5065.1108,0.1107,426.2635 , 25.8928,1.2111,<LOD,1.0847,4.9056,8.1212 , 0.5896,3.0845,40.4043 , 5.2793,0.3310,1045.6526 , 192.8072,0.2454,3.7444 , 0.8793,0.2655,<LOD,1.4132,0.5767,<LOD,0.0000,0.0000,,,,10061.8066 , 106.7282,2.9864,<LOD,4.6208,4.3951,<LOD,0.8510,0.1958,261768.3750 , 768.6783,18.0045,12.7857 , 2.4934,3.6618,<LOD,0.0000,0.0000,,,,4525.6621 , 38.5078,13.1446,153.1595 , 10.8458,2.7194,<LOD,7.1945,0.1980,6.8239 , 0.6994,2.4789,46.5880 , 2.8007,0.6160,168.6493 , 1.4373,14.1211,<LOD,1.2789,0.1931,449521.4062 , 6637.9238,2.7597 , 1.7883,0.2282,102.7685 , 1.5194,4.4597,43.3278 , 0.5977,2.8881,7.5519 , 0.8287,0.4022,<LOD,1.9191,0.4372,814.3539 , 25.6457,23.6240,791.7796 , 53.1327,1.4883,<LOD,45.8941,0.6892,27515.8867 , 193.8655,11.8106,,,,,,6,429.100006,39.006355,-122.662376,10.000000,529232.937500,4317536.000000,
167,Mining,120.34,30.11,30.11,30.18,29.94,"Wed Apr 29, 2026 - 11:01:08",User,1.5,ppm,,,,,,,,,Mining,,,,,,,,,,,,<LOD,1.6989,0.7065,99763.8047 , 1752.8026,1.5616,<LOD,3.5305,0.0983,<LOD,1.3683,0.1080,<LOD,2.5691,1.3187,<LOD,58.5266,11.8324,48.9882 , 5.3703,2.3909,29.2125 , 3.3712,0.3829,37823.0039 , 153.4996,77.0795,<LOD,0.0000,0.0000,24155.0723 , 5071.6450,0.0777,254.4572 , 24.5145,0.8780,<LOD,1.1144,3.9845,2.5464 , 0.6011,2.4786,10.9442 , 5.0359,0.1946,1555.1610 , 241.1257,0.3118,17.0068 , 1.2047,0.3958,<LOD,1.5210,0.5232,<LOD,0.0000,0.0000,,,,5834.5522 , 91.8434,1.7221,<LOD,4.9080,3.9276,<LOD,0.9255,0.1793,243363.9375 , 735.7379,14.9807,14.1760 , 2.6357,3.1554,<LOD,0.0000,0.0000,,,,6194.4688 , 41.5786,15.4274,136.2105 , 11.7603,2.7511,<LOD,7.3034,0.1610,9.5780 , 0.6608,1.8112,43.9426 , 2.9922,0.5545,103.3682 , 1.3179,10.3822,7.2278 , 1.3515,0.4589,551703.6875 , 6271.0391,39.0003 , 2.7960,0.4978,28.6949 , 0.9832,1.3438,260.0457 , 1.5068,13.3897,4.6068 , 0.8115,0.2740,<LOD,2.2240,0.5117,403.8922 , 24.5032,15.9120,21962.5879 , 158.1076,21.0475,<LOD,55.4085,0.8068,6229.8335 , 102.2431,2.8001,,,,,,8,423.799988,39.006489,-122.663704,10.000000,529117.750000,4317550.500000,
168,Mining,120.71,30.25,30.26,30.00,27.02,"Wed Apr 29, 2026 - 11:03:49",User,1.5,ppm,,,,,,,,,Mining,,,,,,,,,,,,<LOD,1.7572,0.7059,134898.2344 , 2435.1243,2.0926,<LOD,3.3828,0.0896,<LOD,1.4962,0.1286,<LOD,2.6249,1.2767,<LOD,57.0837,10.8846,65.3850 , 5.6408,2.4712,16.7180 , 3.0894,0.3185,35193.1836 , 176.3296,69.9358,<LOD,0.0000,0.0000,41502.4297 , 6153.8940,0.1033,309.1513 , 25.5923,0.9213,<LOD,1.1496,4.0631,4.4917 , 0.6256,2.5613,10.6903 , 5.0521,0.2074,1301.1722 , 247.1752,0.2831,18.9106 , 1.2308,0.4102,<LOD,1.5518,0.5074,<LOD,0.0000,0.0000,,,,2837.4243 , 75.7387,0.9704,<LOD,5.0631,3.8747,<LOD,0.8889,0.1631,316887.6875 , 906.3719,20.5481,18.3690 , 2.7582,3.2481,<LOD,0.0000,0.0000,,,,6987.3311 , 46.6992,16.8087,143.8162 , 12.4738,2.9174,<LOD,7.6857,0.1774,12.6884 , 0.6926,1.9725,42.4608 , 2.9455,0.5323,115.4350 , 1.4082,11.1570,2.1097 , 1.2652,0.3625,423081.7500 , 7951.4141,18.3315 , 2.3551,0.3340,32.0777 , 1.0369,1.4896,279.7498 , 1.6640,14.1744,3.2433 , 0.8467,0.2826,4.2125 , 1.1444,0.5403,429.2640 , 25.6497,16.2656,29461.7637 , 191.4317,27.7466,<LOD,58.8832,0.7617,6321.9253 , 106.3742,2.8872,,,,,,8,423.600006,39.006493,-122.663696,10.000000,529118.187500,4317551.000000,
169,Mining,120.31,30.01,30.25,30.05,30.00,"Wed Apr 29, 2026 - 11:06:37",User,1.5,ppm,,,,,,,,,Mining,,,,,,,,,,,,<LOD,1.6146,0.6930,139554.1406 , 2212.1624,2.1578,<LOD,3.6078,0.1107,<LOD,1.4549,0.1318,<LOD,2.4352,1.2816,<LOD,57.8278,12.5528,46.0912 , 5.5642,2.5235,25.6812 , 3.2165,0.3759,39112.2539 , 183.6802,82.2524,<LOD,0.0000,0.0000,38839.0195 , 5629.4131,0.1009,282.1004 , 24.5287,0.9557,<LOD,1.2362,4.3438,5.4530 , 0.6201,2.7234,19.9381 , 5.0647,0.2178,1224.7195 , 220.5635,0.2683,20.8918 , 1.2478,0.4571,<LOD,1.4662,0.5297,<LOD,0.0000,0.0000,,,,1954.9166 , 63.0293,0.7852,<LOD,4.6443,3.7607,<LOD,0.9323,0.1946,307441.7812 , 858.8315,20.6518,14.0829 , 2.5302,3.1625,<LOD,0.0000,0.0000,,,,6796.9990 , 45.9433,17.3714,170.1989 , 12.5921,3.1455,<LOD,7.4178,0.1793,12.9856 , 0.6868,2.0963,45.5788 , 2.9445,0.5785,121.0060 , 1.4017,11.9452,6.4084 , 1.3618,0.4890,432839.4375 , 7225.8042,33.4955 , 2.6401,0.4717,35.0505 , 1.0466,1.6512,278.4758 , 1.6204,14.6707,4.4546 , 0.8427,0.3105,3.4825 , 1.1389,0.5760,413.8613 , 23.6988,16.1627,23339.3809 , 170.2783,23.0616,<LOD,52.8294,0.7222,7358.1172 , 111.9223,3.3718,,,,,,8,423.500000,39.006493,-122.663696,10.000000,529118.312500,4317551.000000,
170,Mining,125.81,35.56,30.07,30.18,30.00,"Wed Apr 29, 2026 - 11:10:16",User,1.5,ppm,,,,,,,,,Mining,,,,,,,,,,,,<LOD,1.6256,0.7376,91371.4375 , 1442.7960,1.4370,<LOD,3.2424,0.0921,<LOD,1.3760,0.1222,<LOD,2.4274,1.3386,<LOD,53.8419,10.6447,72.1458 , 5.7921,2.6004,<LOD,5.3937,0.2704,32858.8594 , 137.2783,69.2013,<LOD,0.0000,0.0000,16279.0850 , 4484.2441,0.0711,439.8116 , 27.1248,1.1448,<LOD,1.1159,4.3282,4.1265 , 0.6139,2.7995,8.0692 , 4.7314,0.2044,2663.4199 , 285.8834,0.5399,9.6019 , 1.0327,0.3230,<LOD,1.3665,0.4756,<LOD,0.0000,0.0000,,,,10561.4102 , 111.4745,3.0787,<LOD,4.5960,3.8754,<LOD,0.8907,0.1887,208581.4688 , 659.6431,13.3844,14.2445 , 2.5002,3.2302,<LOD,0.0000,0.0000,,,,6831.3418 , 45.3706,17.5542,124.8961 , 12.7210,3.0072,<LOD,7.1003,0.1697,10.0555 , 0.6533,1.9756,35.2831 , 2.7017,0.5034,106.4535 , 1.3114,11.5140,2.1353 , 1.0766,0.2995,589213.4375 , 5401.6162,5.0487 , 1.9183,0.2383,32.4311 , 1.0078,1.6061,292.0388 , 1.5476,15.8062,4.0995 , 0.8038,0.2968,3.6060 , 1.0984,0.5633,338.8913 , 22.9187,15.6406,35196.9141 , 203.3429,35.2941,<LOD,53.6534,0.9190,4939.7231 , 100.4291,2.5416,,,,,,8,422.399994,39.006496,-122.663696,10.000000,529118.750000,4317551.500000,
171,Mining,120.05,30.07,30.03,30.23,29.72,"Wed Apr 29, 2026 - 11:12:57",User,1.5,ppm,,,,,,,,,Mining,,,,,,,,,,,,<LOD,1.7937,0.7341,110595.7031 , 1592.7693,1.7317,<LOD,3.6730,0.0980,<LOD,1.6518,0.1459,<LOD,2.6584,1.3008,<LOD,79.7225,30.1503,44.5951 , 7.6599,3.8771,12.7020 , 3.2574,0.3410,85495.7969 , 288.6638,213.2662,<LOD,0.0000,0.0000,22096.3223 , 4915.5078,0.0789,605.5685 , 31.3365,2.0455,<LOD,1.2119,4.0440,3.5738 , 0.6640,2.6034,115.3669 , 6.9432,0.2382,1269.2961 , 215.0884,0.3480,25.2642 , 1.4303,0.5144,<LOD,1.5650,0.5159,<LOD,0.0000,0.0000,,,,3833.9863 , 71.7073,1.4574,<LOD,5.1563,3.9656,<LOD,0.9792,0.1863,231412.7344 , 704.6818,17.2162,14.3471 , 2.7764,3.2130,<LOD,0.0000,0.0000,,,,6056.7300 , 51.5739,18.6490,239.3518 , 15.7821,3.8700,<LOD,8.1458,0.1887,9.7919 , 0.7104,1.8757,31.7357 , 2.8419,0.4739,110.8668 , 1.4315,10.7762,26.1514 , 1.8752,0.9309,514243.4688 , 5734.1870,30.8149 , 2.7513,0.4395,31.8318 , 1.0763,1.4718,266.1261 , 1.6272,13.5248,3.5202 , 0.9081,0.2845,2.9067 , 1.1983,0.5377,377.2859 , 25.7473,15.6703,17367.3828 , 176.8215,20.3683,<LOD,48.0441,0.8613,5676.7832 , 123.2920,3.1513,,,,,,8,421.799988,39.006500,-122.663689,10.000000,529119.062500,4317551.500000,
172,Mining,120.18,30.35,30.04,30.24,29.55,"Wed Apr 29, 2026 - 11:15:37",User,1.5,ppm,,,,,,,,,Mining,,,,,,,,,,,,<LOD,1.6718,0.7004,94618.1406 , 1566.1036,1.4804,<LOD,3.3895,0.0915,<LOD,1.4220,0.1181,<LOD,2.5164,1.2892,<LOD,63.5777,15.4703,60.2419 , 10.9150,4.6258,8.4419 , 2.9903,0.3060,48392.4453 , 175.3369,105.6765,<LOD,0.0000,0.0000,14844.8076 , 4803.1411,0.0709,504.7592 , 29.0914,1.3905,<LOD,1.1385,4.1294,4.6384 , 0.6291,2.7281,45.2188 , 5.5413,0.2281,3184.7065 , 319.6140,0.6245,14.6620 , 1.1791,0.3825,<LOD,1.4443,0.4802,<LOD,0.0000,0.0000,,,,12483.9307 , 125.6796,3.5755,<LOD,4.8139,3.8136,<LOD,0.9100,0.1760,203993.2656 , 689.6680,13.0620,13.9544 , 2.6123,3.1633,<LOD,0.0000,0.0000,,,,6005.0308 , 63.3201,16.0404,319.0938 , 20.5349,3.7795,<LOD,7.6273,0.1784,10.1554 , 0.6841,1.9443,35.6439 , 2.8174,0.4997,111.7225 , 1.3823,11.4343,8.9287 , 1.3597,0.4832,592310.5625 , 5778.4785,12.9317 , 2.2262,0.2997,33.9081 , 1.0490,1.5777,292.7602 , 1.6094,15.2564,5.4537 , 0.8514,0.3065,<LOD,2.6043,0.5240,369.3428 , 24.1532,15.6052,16542.7461 , 210.3956,16.5254,<LOD,54.8651,0.8718,5772.4844 , 154.5194,2.7884,,,,,,6,421.399994,39.006500,-122.663689,10.000000,529118.875000,4317551.500000,
173,Mining,126.32,35.73,30.22,30.14,30.23,"Wed Apr 29, 2026 - 11:20:06",User,1.5,ppm,,,,,,,,,Mining,,,,,,,,,,,,<LOD,1.5957,0.7382,159375.8750 , 2179.2424,2.4614,<LOD,3.0241,0.0846,<LOD,1.3935,0.1325,<LOD,2.3997,1.3570,<LOD,57.9537,13.9970,75.8019 , 5.9347,2.8460,<LOD,5.8400,0.2708,40942.8086 , 208.9809,91.2847,<LOD,0.0000,0.0000,48539.3750 , 5557.6118,0.1160,355.6310 , 25.3101,1.1296,<LOD,1.0831,4.2702,5.6186 , 0.5979,2.7889,14.7752 , 4.9286,0.2137,1035.2841 , 194.9692,0.2518,6.7609 , 0.9432,0.2841,<LOD,1.4384,0.5553,<LOD,0.0000,0.0000,,,,693.7972 , 45.6598,0.4686,<LOD,4.5558,3.9279,<LOD,0.8420,0.1777,327569.5000 , 907.4056,24.2161,9.9086 , 2.4700,3.2564,<LOD,0.0000,0.0000,,,,6801.4629 , 49.0126,18.5094,162.0385 , 13.0749,3.3141,<LOD,7.5006,0.2016,11.2146 , 0.6391,1.9862,57.9782 , 3.0566,0.6823,106.1499 , 1.3296,11.5117,10.4206 , 1.1838,0.4552,374173.3125 , 7010.2578,3.1496 , 1.8578,0.2288,30.2573 , 0.9662,1.5342,281.4621 , 1.6655,15.5441,3.7049 , 0.7857,0.2879,3.4919 , 1.0499,0.5418,364.0977 , 23.0965,16.3925,34717.9531 , 219.4407,36.8451,<LOD,49.7867,0.7545,4648.1455 , 99.1569,2.5648,,,,,,8,421.700012,39.006508,-122.663681,10.000000,529119.750000,4317552.500000,
174,Mining,81.32,30.16,30.23,20.93,,"Wed Apr 29, 2026 - 11:21:53",User,1.5,ppm,,,,,,,,,Mining,,,,,,,,,,,,<LOD,2.2138,0.8002,,,,<LOD,3.5417,0.0995,<LOD,1.5700,0.1431,<LOD,3.1940,1.3884,<LOD,63.0432,14.9966,63.1294 , 6.0660,2.7998,<LOD,6.2400,0.2937,45516.9453 , 128.8923,98.2760,<LOD,0.0000,0.0000,,,,305.0898 , 25.9892,1.0845,<LOD,1.2135,4.5887,3.0037 , 0.6590,2.8814,18.6699 , 5.5679,0.2365,,,,8.6395 , 1.0695,0.3116,<LOD,1.8006,0.4972,<LOD,0.0000,0.0000,,,,,,,<LOD,6.1551,4.1995,<LOD,0.9343,0.1824,,,,17.8646 , 3.3436,3.4840,<LOD,0.0000,0.0000,,,,5593.2725 , 41.7537,15.2977,148.6080 , 12.5616,2.8474,<LOD,8.2702,0.2091,9.8003 , 0.6902,1.9838,51.2788 , 3.0628,0.5876,96.5567 , 1.3294,10.9347,25.7717 , 1.5844,0.7671,915163.8125 , 474.6425,4.4340 , 2.1223,0.2584,27.0099 , 1.0153,1.4460,264.6282 , 1.4934,14.7446,4.6212 , 0.8826,0.3083,3.7489 , 1.1580,0.5609,327.2515 , 30.4345,16.3586,28436.0000 , 183.8351,28.5729,,,,3909.8408 , 95.8393,2.1786,,,,,,8,421.600006,39.006512,-122.663681,10.000000,529119.750000,4317553.000000,
175,Mining,120.45,30.02,30.27,30.08,30.08,"Wed Apr 29, 2026 - 11:24:25",User,1.5,ppm,,,,,,,,,Mining,,,,,,,,,,,,<LOD,1.4884,0.7721,140017.7031 , 1752.5731,2.1820,<LOD,2.9590,0.0977,<LOD,1.3307,0.1441,<LOD,2.2129,1.3844,<LOD,54.2825,14.4994,81.0575 , 5.7382,2.9741,<LOD,5.6135,0.2897,39504.5625 , 182.2805,95.1801,<LOD,0.0000,0.0000,37125.8477 , 4873.0581,0.1005,274.1841 , 22.7369,1.0751,<LOD,1.0169,4.5514,3.4731 , 0.5546,2.8830,11.3094 , 4.5229,0.2081,866.9230 , 182.7914,0.2477,6.6817 , 0.8852,0.2996,<LOD,1.2867,0.5297,<LOD,0.0000,0.0000,,,,964.3976 , 47.1517,0.5823,<LOD,4.2194,4.0670,<LOD,0.7581,0.1664,295226.7500 , 816.5336,22.7503,11.8923 , 2.2925,3.3754,<LOD,0.0000,0.0000,,,,6230.3530 , 44.5758,18.1655,135.5845 , 12.1950,3.1924,<LOD,6.5638,0.1838,9.1269 , 0.5803,1.9677,39.8853 , 2.5797,0.5813,88.0777 , 1.1524,10.7521,23.0837 , 1.3618,0.8010,441790.3750 , 5858.2007,6.5790 , 1.8119,0.2713,24.7696 , 0.8536,1.4200,240.4299 , 1.4043,14.5242,3.5002 , 0.7328,0.2917,2.8888 , 0.9660,0.5480,297.6631 , 21.0231,16.1692,32852.0859 , 206.2994,37.3828,<LOD,47.5237,0.8057,4160.7739 , 93.5234,2.4844,,,,,,6,422.100006,39.006512,-122.663673,10.000000,529120.187500,4317553.000000,
176,Mining,120.73,30.21,30.15,30.28,30.09,"Wed Apr 29, 2026 - 11:27:39",User,1.5,ppm,,,,,,,,,Mining,,,,,,,,,,,,<LOD,1.5876,0.6828,105085.8984 , 1608.1798,1.6601,<LOD,3.5865,0.1103,<LOD,1.6571,0.1717,<LOD,2.3717,1.2292,<LOD,61.7331,15.3311,72.9852 , 7.2830,3.3098,9.0883 , 2.9075,0.3107,46127.7383 , 177.2634,101.6858,<LOD,0.0000,0.0000,16139.7354 , 4784.3062,0.0761,491.3687 , 28.2316,1.3692,<LOD,1.1453,4.3370,5.7008 , 0.6336,2.8522,28.2176 , 5.3562,0.2323,3611.1265 , 335.6263,0.7308,15.2692 , 1.1600,0.3975,<LOD,1.4581,0.5354,<LOD,0.0000,0.0000,,,,20373.7480 , 154.5783,5.7275,<LOD,5.0349,4.0217,<LOD,0.9279,0.1941,254893.3438 , 730.8951,17.4751,18.1437 , 2.5323,3.2454,<LOD,0.0000,0.0000,,,,6263.3447 , 50.6692,16.9311,169.8466 , 14.7890,3.1963,<LOD,7.5257,0.1867,10.8853 , 0.6717,2.0118,35.7731 , 2.7611,0.5153,115.9036 , 1.3861,12.1797,51.3610 , 2.0176,1.4168,520702.4688 , 5791.7876,25.0881 , 2.4917,0.4180,32.9336 , 1.0366,1.6169,318.5308 , 1.6734,16.9353,3.4346 , 0.8726,0.2985,4.1565 , 1.1711,0.6147,414.2978 , 23.4977,16.2611,18593.3750 , 175.6310,18.9660,<LOD,50.1166,0.7611,6386.2520 , 123.8059,3.0284,,,,,,8,422.299988,39.006508,-122.663666,10.000000,529120.937500,4317552.500000,
177,Mining,126.48,35.73,30.18,30.25,30.32,"Wed Apr 29, 2026 - 11:30:17",User,1.5,ppm,,,,,,,,,Mining,,,,,,,,,,,,<LOD,1.7379,0.7023,152138.5156 , 2276.9421,2.3666,<LOD,3.6912,0.1096,<LOD,1.8803,0.2061,<LOD,2.6273,1.2996,<LOD,64.4169,16.2134,74.1951 , 6.7687,3.1111,22.3574 , 3.2176,0.3580,50997.9531 , 227.5096,109.3294,<LOD,0.0000,0.0000,25076.1113 , 5586.0352,0.0929,333.0975 , 26.0021,1.1286,<LOD,1.1445,4.0342,4.0364 , 0.6159,2.4873,45.4884 , 5.5873,0.2329,1639.9716 , 255.4791,0.3542,34.3916 , 1.4818,0.6076,<LOD,1.5685,0.5305,<LOD,0.0000,0.0000,,,,9559.9834 , 116.0014,2.7509,<LOD,5.1425,4.0868,<LOD,0.9332,0.1873,344397.1875 , 896.6967,24.3792,10.5846 , 2.7459,3.2375,<LOD,0.0000,0.0000,,,,6005.8267 , 48.2730,15.7762,149.2206 , 13.5793,2.9211,<LOD,0.0000,0.1755,9.0701 , 0.6584,1.7940,26.5989 , 2.5964,0.4352,114.1101 , 1.4111,11.2577,93.8464 , 2.7197,2.3961,383512.4688 , 7180.1816,34.6584 , 2.6310,0.4835,29.4733 , 1.0057,1.3967,298.7958 , 1.7338,15.1622,3.4176 , 0.9475,0.3053,3.3706 , 1.1601,0.5615,419.0544 , 25.8427,16.5608,19717.2949 , 174.1712,19.6472,<LOD,54.6216,0.7738,5248.9346 , 109.7795,2.5364,,,,,,8,422.200012,39.006512,-122.663673,10.000000,529120.750000,4317553.000000,
178,Mining,120.71,30.04,30.23,30.25,30.19,"Wed Apr 29, 2026 - 11:32:54",User,1.5,ppm,,,,,,,,,Mining,,,,,,,,,,,,<LOD,1.7246,0.7626,120120.6562 , 1686.0286,1.8786,<LOD,3.7448,0.1161,<LOD,1.8074,0.1979,<LOD,2.5500,1.3471,<LOD,67.4494,19.4271,77.7286 , 7.0959,3.4281,21.2286 , 3.2401,0.3789,57309.1523 , 223.3621,133.1015,<LOD,0.0000,0.0000,17660.9180 , 4988.5537,0.0862,366.2976 , 26.9065,1.3293,<LOD,1.1724,4.3575,3.9414 , 0.6348,2.7213,59.1858 , 5.8333,0.2484,3834.8059 , 329.6915,0.7893,29.1445 , 1.4278,0.5850,<LOD,1.4955,0.5276,<LOD,0.0000,0.0000,,,,27453.5195 , 177.2370,8.2407,<LOD,7.5707,4.3003,<LOD,0.9883,0.2171,240880.1406 , 719.6730,17.6560,13.9499 , 2.6572,3.3273,<LOD,0.0000,0.0000,,,,7200.6899 , 53.5151,20.5600,164.1303 , 15.1189,3.6829,<LOD,7.3021,0.1709,9.3797 , 0.6709,1.9264,25.8285 , 2.6188,0.4528,113.3645 , 1.4080,11.9183,75.1888 , 2.4871,2.0800,494519.5000 , 5955.9121,56.2903 , 3.1372,0.6752,29.2408 , 1.0247,1.4800,305.8875 , 1.7053,16.3582,4.2093 , 0.9387,0.3247,4.0523 , 1.2328,0.6503,385.1109 , 24.6728,16.4575,22908.4258 , 190.5106,24.9007,<LOD,50.0693,0.8509,6368.0591 , 121.4702,3.2740,,,,,,7,422.299988,39.006508,-122.663666,10.000000,529121.062500,4317552.500000,
179,Mining,120.26,30.10,30.07,30.09,30.00,"Wed Apr 29, 2026 - 11:35:34",User,1.5,ppm,,,,,,,,,Mining,,,,,,,,,,,,<LOD,1.5123,0.7676,172467.5781 , 2227.3562,2.6611,<LOD,3.0206,0.0919,<LOD,1.3647,0.1372,<LOD,2.2470,1.3765,<LOD,48.5961,9.3596,87.4273 , 5.3728,2.7169,5.5530 , 2.6018,0.2880,26785.2207 , 159.9377,59.5906,<LOD,0.0000,0.0000,44791.8242 , 5426.4243,0.1145,392.4058 , 25.5239,1.0820,<LOD,1.0547,4.4271,4.3007 , 0.5775,2.8319,<LOD,6.4087,0.1954,876.9860 , 195.2091,0.2375,7.1038 , 0.9282,0.2980,<LOD,1.3605,0.5738,<LOD,0.0000,0.0000,,,,710.7260 , 46.4154,0.4611,<LOD,4.2736,4.0369,<LOD,0.7947,0.1672,352509.0312 , 979.2136,26.5477,17.0480 , 2.3421,3.4309,<LOD,0.0000,0.0000,,,,6710.3330 , 46.2845,18.0121,149.4589 , 11.8117,3.1602,<LOD,6.8593,0.1812,11.8055 , 0.6364,2.1472,43.0177 , 2.7449,0.5897,104.6556 , 1.3179,12.2601,8.5438 , 1.1313,0.4381,351944.8750 , 6948.0107,<LOD,2.8981,0.2058,31.4812 , 0.9706,1.6880,290.4403 , 1.7030,17.0874,4.4803 , 0.7873,0.3230,3.6273 , 1.0381,0.5802,347.1547 , 21.5393,16.6303,36725.0508 , 218.2015,38.7895,<LOD,51.1516,0.7543,4969.8696 , 94.4048,2.7085,,,,,,5,421.200012,39.006485,-122.663528,10.000000,529133.312500,4317550.000000,
180,Mining,120.32,30.06,30.21,30.05,28.20,"Wed Apr 29, 2026 - 11:38:07",User,1.5,ppm,,,,,,,,,Mining,,,,,,,,,,,,<LOD,1.4699,0.7869,162557.6719 , 2053.6365,2.5190,<LOD,2.8911,0.0999,<LOD,1.2591,0.1385,<LOD,2.1969,1.4312,<LOD,45.0097,9.4285,86.5222 , 5.2361,2.7949,<LOD,5.5180,0.2873,25601.5938 , 147.3889,59.9162,<LOD,0.0000,0.0000,36050.2812 , 5222.4087,0.1041,355.7196 , 23.3018,1.0592,<LOD,0.9870,4.6275,3.6061 , 0.5403,2.9539,<LOD,5.9559,0.2020,702.0873 , 196.0270,0.2305,6.9308 , 0.8676,0.3091,<LOD,1.2897,0.5569,<LOD,0.0000,0.0000,,,,1690.0579 , 58.6827,0.7626,<LOD,4.1757,4.2006,<LOD,0.7600,0.1822,332635.5625 , 957.3482,25.7959,11.4962 , 2.2605,3.4441,<LOD,0.0000,0.0000,,,,6560.9751 , 44.7899,18.5630,126.2765 , 11.4126,3.1826,<LOD,6.3274,0.1829,11.2303 , 0.5921,2.2134,29.3232 , 2.3223,0.5008,101.4364 , 1.2230,12.5970,10.9242 , 1.1116,0.5197,392601.0000 , 6402.9365,2.4151 , 1.6513,0.2358,29.4128 , 0.8929,1.6888,278.1553 , 1.5653,17.3454,3.8439 , 0.7192,0.3169,3.4238 , 0.9723,0.6017,304.4250 , 20.7894,16.7111,35381.3867 , 209.7286,39.2035,<LOD,51.9076,0.7809,4854.1958 , 91.9775,2.7615,,,,,,6,423.299988,39.006542,-122.663612,10.000000,529125.812500,4317556.500000,
181,Mining,18.12,18.12,,,,"Wed Apr 29, 2026 - 11:47:12",User,1.5,ppm,,,,,,,,,Mining,,,,,,,,,,,,<LOD,10.5343,28.3840,,,,<LOD,5.7725,0.1162,<LOD,2.4679,0.1564,<LOD,11.4613,28.4722,<LOD,99.5861,20.3865,<LOD,84.2264,0.5520,33.4489 , 5.2143,0.4139,68852.1328 , 199.1453,143.7136,<LOD,0.0000,0.0000,,,,189.2952 , 34.3765,1.0465,<LOD,1.7661,4.1293,4.4957 , 0.9589,2.5986,88.0454 , 8.9762,0.2337,,,,16.7876 , 1.7540,0.3700,<LOD,11.6727,32.6621,<LOD,0.0000,0.0000,,,,,,,<LOD,20.2128,30.9320,<LOD,1.4628,0.1957,,,,<LOD,13.9010,25.2016,<LOD,0.0000,0.0000,,,,4928.7246 , 202.1119,2.2078,187.6164 , 74.5524,0.8739,<LOD,11.6452,0.1836,7.8376 , 0.9726,1.6933,21.9719 , 3.7365,0.3872,112.1406 , 1.9856,10.6292,44.9668 , 2.7741,1.0697,925096.7500 , 601.2561,86.8125 , 5.3080,0.8243,31.4059 , 1.5502,1.4317,293.4378 , 2.2143,14.1360,<LOD,2.8144,0.2443,4.1426 , 1.8827,0.6311,,,,,,,,,,,,,,,,,,8,422.799988,39.006557,-122.663612,10.000000,529125.500000,4317558.000000,
182,Mining,125.95,35.53,30.25,30.08,30.09,"Wed Apr 29, 2026 - 11:50:56",User,1.5,ppm,,,,,,,,,Mining,,,,,,,,,,,,<LOD,1.6179,0.7862,159950.1094 , 2049.9548,2.4677,<LOD,3.3414,0.1026,<LOD,1.4503,0.1413,<LOD,2.3919,1.3877,<LOD,54.7387,11.5866,94.4666 , 5.9187,2.9221,10.8375 , 2.8696,0.3221,34214.1484 , 175.1326,76.3029,<LOD,0.0000,0.0000,34610.8164 , 5089.1978,0.1018,335.9530 , 25.4655,1.0595,<LOD,1.1198,4.5028,4.2472 , 0.6051,2.8029,19.3936 , 4.8577,0.2273,990.8740 , 200.6635,0.2619,9.6716 , 1.0320,0.3367,<LOD,1.4468,0.5807,<LOD,0.0000,0.0000,,,,4687.3613 , 79.2433,1.5536,<LOD,4.6314,4.2484,<LOD,0.8879,0.1931,324589.0312 , 864.0802,23.8846,15.4768 , 2.5183,3.5389,<LOD,0.0000,0.0000,,,,6565.2446 , 46.4890,17.7110,144.4191 , 12.5370,3.1155,<LOD,7.0905,0.1769,9.0850 , 0.6368,1.9473,25.3460 , 2.4878,0.4455,111.5259 , 1.3781,12.5180,25.7930 , 1.5551,0.8549,395410.0938 , 6571.4604,6.0679 , 1.9447,0.2572,30.9152 , 1.0097,1.6488,301.6984 , 1.7176,17.1819,5.6537 , 0.8361,0.3309,5.5077 , 1.1293,0.6222,382.0959 , 23.3313,17.4731,32809.1016 , 208.5315,34.6304,<LOD,49.4217,0.7690,4635.0664 , 97.4013,2.5156,,,,,,6,422.399994,39.006561,-122.663628,10.000000,529124.500000,4317558.500000,
183,Mining,120.08,30.07,30.28,30.15,29.58,"Wed Apr 29, 2026 - 11:53:40",User,1.5,ppm,,,,,,,,,Mining,,,,,,,,,,,,<LOD,1.5808,0.7491,117123.2969 , 1690.9945,1.8289,<LOD,3.3758,0.1046,<LOD,1.4937,0.1495,<LOD,2.4017,1.4160,<LOD,56.0230,12.4738,89.5883 , 5.9988,3.0276,4.9920 , 2.7571,0.2968,37688.2188 , 161.0669,84.0483,<LOD,0.0000,0.0000,14260.5996 , 4728.6416,0.0745,303.8654 , 24.8430,1.0413,<LOD,1.1025,4.3617,4.3219 , 0.6067,2.8346,26.2533 , 4.8817,0.2181,1576.5933 , 251.1034,0.3700,8.0770 , 0.9958,0.3123,<LOD,1.3801,0.5251,<LOD,0.0000,0.0000,,,,11731.2959 , 122.9317,3.5068,<LOD,4.5496,4.1353,<LOD,0.8754,0.1844,253970.7812 , 755.3814,17.6253,18.3398 , 2.4644,3.3888,<LOD,0.0000,0.0000,,,,6069.7900 , 43.1941,16.4269,163.7472 , 12.3860,3.0481,<LOD,7.3456,0.1901,6.9594 , 0.6152,1.8105,20.0985 , 2.3774,0.4058,105.3163 , 1.3164,11.8293,28.8715 , 1.5800,0.9011,522401.5938 , 5781.0737,9.5461 , 2.0774,0.2963,29.2387 , 0.9715,1.5296,291.9549 , 1.5899,16.3828,4.3826 , 0.8274,0.3088,3.0457 , 1.0890,0.5736,336.9677 , 22.4510,16.0635,28323.2910 , 187.2625,29.5816,<LOD,52.6456,0.8155,5399.0098 , 102.1986,2.7798,,,,,,9,408.799988,39.006523,-122.663589,10.000000,529127.562500,4317554.500000,
184,Mining,126.00,35.51,30.02,30.24,30.23,"Wed Apr 29, 2026 - 11:57:00",User,1.5,ppm,,,,,,,,,Mining,,,,,,,,,,,,<LOD,1.4297,0.8145,108628.0625 , 1345.0164,1.7916,<LOD,3.0176,0.1118,<LOD,1.3866,0.1712,<LOD,2.1619,1.5287,<LOD,43.9776,9.0794,59.4690 , 4.9932,2.6830,7.0657 , 2.4914,0.3186,24121.3457 , 116.2371,57.4902,<LOD,0.0000,0.0000,15245.6689 , 3915.8796,0.0715,223.3469 , 20.9573,0.8589,<LOD,1.0275,5.3072,5.9942 , 0.5520,3.2394,<LOD,5.8355,0.1985,1093.5908 , 194.3335,0.2632,12.1816 , 0.9742,0.4015,<LOD,1.2403,0.5619,<LOD,0.0000,0.0000,,,,8553.0596 , 97.7573,2.6176,12.6620 , 2.7703,4.7926,<LOD,0.7673,0.1878,382909.3438 , 808.6287,29.8105,12.3278 , 2.1835,3.5236,<LOD,0.0000,0.0000,,,,10275.2598 , 50.2795,29.3322,172.5328 , 13.1662,4.7758,<LOD,6.1146,0.1740,6.0911 , 0.5709,2.0849,11.1685 , 1.9540,0.3607,152.1653 , 1.2960,15.2706,39.7869 , 1.6551,1.3432,440510.0312 , 4745.9590,19.7524 , 2.0878,0.4188,42.6422 , 0.9961,2.2998,116.5894 , 0.9002,7.8021,5.5699 , 0.7783,0.3740,3.1005 , 0.9118,0.5368,296.0460 , 19.9252,16.9325,2769.1257 , 56.5025,3.2009,<LOD,45.9316,0.7412,4695.9971 , 80.9486,2.2682,,,,,,9,409.200012,39.006523,-122.663605,10.000000,529126.687500,4317554.500000,
185,Mining,120.25,30.09,30.14,30.12,29.90,"Wed Apr 29, 2026 - 11:59:50",User,1.5,ppm,,,,,,,,,Mining,,,,,,,,,,,,<LOD,1.5486,0.7991,119420.7266 , 1695.1543,1.9358,<LOD,3.0732,0.1062,<LOD,1.3511,0.1488,<LOD,2.2692,1.3886,<LOD,45.0176,8.7745,75.6240 , 5.2295,2.6921,5.6800 , 2.5040,0.2950,25172.9648 , 128.2249,56.0982,<LOD,0.0000,0.0000,27102.8066 , 4734.0103,0.0846,313.5887 , 22.8943,0.9503,<LOD,1.0237,4.7652,5.8691 , 0.5548,2.9735,<LOD,7.7367,0.2085,808.1994 , 182.5590,0.1944,12.0590 , 0.9787,0.3699,<LOD,1.3488,0.5564,<LOD,0.0000,0.0000,,,,2022.6654 , 61.4802,0.8123,6.1603 , 2.9564,4.5012,<LOD,0.7736,0.1788,389033.4062 , 903.9502,29.0107,11.6558 , 2.3551,3.4204,<LOD,0.0000,0.0000,,,,9058.5830 , 49.5371,24.2050,181.5668 , 12.8972,4.0871,<LOD,0.0000,0.1727,6.6054 , 0.5700,1.9061,21.1343 , 2.1947,0.4257,132.1309 , 1.2771,13.2206,25.0589 , 1.4498,0.8940,405971.4375 , 5778.4492,14.8125 , 1.9244,0.3569,36.0238 , 0.9445,1.8507,170.1033 , 1.1243,10.3396,4.1828 , 0.7548,0.3189,1.8157 , 0.9159,0.4967,340.0829 , 21.7418,16.9231,15929.8838 , 130.6696,16.4233,<LOD,51.1131,0.7436,4115.1611 , 81.7768,2.0740,,,,,,8,410.399994,39.006535,-122.663612,10.000000,529125.500000,4317555.500000,
186,Mining,125.95,35.56,30.09,30.18,30.12,"Wed Apr 29, 2026 - 12:09:40",User,1.5,ppm,,,,,,,,,Mining,,,,,,,,,,,,<LOD,1.0524,1.1500,148815.3438 , 1052.2865,2.3833,<LOD,2.1905,0.1289,<LOD,0.9033,0.1589,<LOD,1.6075,2.2092,<LOD,16.7756,2.3417,53.2718 , 3.0729,2.5451,8.5028 , 2.0716,0.4685,4079.5103 , 41.0846,14.1445,<LOD,0.0000,0.0000,<LOD,5278.8732,0.0633,<LOD,16.5827,0.4045,<LOD,0.7986,7.2102,3.7640 , 0.4340,4.5275,<LOD,3.6254,0.2304,613.5820 , 130.3213,0.2225,7.7199 , 0.7168,0.4769,<LOD,0.9326,0.8283,<LOD,0.0000,0.0000,,,,2205.1450 , 47.1410,1.0821,<LOD,3.0155,6.3746,<LOD,0.5751,0.2335,340850.6250 , 839.7897,34.7031,<LOD,3.8984,4.9349,<LOD,0.0000,0.0000,,,,6174.8140 , 31.6210,24.4419,114.2670 , 7.7174,4.0573,<LOD,4.7001,0.2211,1.5146 , 0.4085,2.3820,<LOD,1.7295,0.2656,110.6691 , 0.9739,18.8391,4.5388 , 0.8198,0.5714,492445.1562 , 3896.6514,<LOD,1.8187,0.2798,26.9579 , 0.7021,2.4737,114.0455 , 0.7700,12.0797,4.4861 , 0.5555,0.4639,2.5832 , 0.6959,0.7070,184.9581 , 14.5052,23.1474,393.5063 , 17.3885,0.6899,<LOD,33.7571,0.7261,1253.4026 , 35.0546,0.9459,,,,,,,,,,,,,
187,Mining,126.18,35.58,30.13,30.19,30.28,"Wed Apr 29, 2026 - 12:13:05",User,1.5,ppm,,,,,,,,,Mining,,,,,,,,,,,,<LOD,1.0828,1.1760,169190.7812 , 1057.0542,2.6815,<LOD,2.2478,0.1324,<LOD,0.9633,0.1769,<LOD,1.6585,2.2703,<LOD,17.5865,2.5284,56.5432 , 3.2610,2.6144,11.9001 , 2.1560,0.4971,4405.7485 , 42.2727,15.2895,<LOD,0.0000,0.0000,8704.9736 , 2734.7224,0.0732,<LOD,17.3285,0.4351,<LOD,0.8146,7.3249,4.0575 , 0.4393,4.5220,<LOD,3.7104,0.2347,711.2695 , 136.3761,0.2432,8.2705 , 0.7386,0.4952,<LOD,0.9918,0.9108,<LOD,0.0000,0.0000,,,,2337.9219 , 48.2872,1.1240,<LOD,3.1307,6.6554,<LOD,0.6029,0.2543,355170.9062 , 763.7745,36.8162,6.8775 , 1.6759,5.2510,<LOD,0.0000,0.0000,,,,6530.6216 , 32.1969,25.9443,117.0933 , 8.2845,4.2705,<LOD,4.6822,0.2147,2.4737 , 0.4238,2.5077,<LOD,1.7236,0.2581,118.8471 , 0.9935,19.7839,5.5218 , 0.8585,0.6226,450476.2188 , 3353.3655,<LOD,2.8508,0.3226,29.0909 , 0.7277,2.6280,108.7417 , 0.7460,11.5606,4.8333 , 0.5841,0.4958,2.6444 , 0.7060,0.7105,211.9317 , 15.1159,24.5234,467.6266 , 19.5298,0.8062,<LOD,33.5130,0.6955,1315.0677 , 37.1162,0.9884,,,,,,7,419.299988,39.006565,-122.663582,10.000000,529128.125000,4317559.000000,
188,Mining,120.29,30.11,30.29,30.26,29.63,"Wed Apr 29, 2026 - 12:15:51",User,1.5,ppm,,,,,,,,,Mining,,,,,,,,,,,,<LOD,1.3778,0.9122,155075.5781 , 1637.8766,2.4837,<LOD,2.9033,0.1193,<LOD,1.2951,0.1730,<LOD,2.0953,1.7287,29.3605 , 19.5837,4.0868,81.9101 , 4.4511,2.5531,23.4393 , 2.7583,0.4442,9943.6650 , 74.6144,24.2982,<LOD,0.0000,0.0000,15413.0029 , 4011.3643,0.0768,92.6720 , 17.0898,0.5603,<LOD,0.9717,5.5312,6.3626 , 0.5312,3.5149,<LOD,5.2549,0.2398,866.2402 , 185.7508,0.2247,9.2207 , 0.8805,0.3788,<LOD,1.2973,0.7513,<LOD,0.0000,0.0000,,,,1739.6204 , 55.5098,0.7170,<LOD,3.9834,5.1326,<LOD,0.7772,0.2282,449470.9062 , 1003.7695,36.7882,6.9379 , 2.1249,4.0407,<LOD,0.0000,0.0000,,,,7973.2676 , 43.5054,22.8451,168.7111 , 10.9474,3.8838,<LOD,6.1707,0.2027,12.2872 , 0.5828,2.5867,13.6286 , 1.9374,0.4044,128.2894 , 1.2007,14.8976,12.5156 , 1.1456,0.6547,354185.1875 , 5233.3750,3.1825 , 1.6375,0.2744,33.5950 , 0.8831,2.0712,139.3570 , 0.9771,10.1083,3.7206 , 0.7205,0.3717,2.9330 , 0.8496,0.5484,347.0655 , 19.8105,20.6658,2373.8357 , 47.3230,2.6627,<LOD,46.5075,0.6631,1843.4934 , 51.6363,1.0179,,,,,,7,411.399994,39.006565,-122.663628,10.000000,529124.187500,4317559.000000,
189,Mining,125.96,35.57,30.14,30.22,30.03,"Wed Apr 29, 2026 - 12:18:53",User,1.5,ppm,,,,,,,,,Mining,,,,,,,,,,,,<LOD,1.4082,1.0139,150548.8281 , 1468.9900,2.3867,<LOD,2.8012,0.1205,<LOD,1.2643,0.1781,<LOD,2.1318,1.9057,<LOD,36.2029,4.6216,90.5867 , 5.0300,3.1045,19.7775 , 2.6415,0.4407,10956.9990 , 76.6447,28.1049,<LOD,0.0000,0.0000,9354.6025 , 3834.5173,0.0803,79.9446 , 16.5928,0.5767,<LOD,1.1965,5.8967,6.5033 , 0.5235,3.7059,<LOD,5.1080,0.2396,2207.5149 , 257.8966,0.4963,9.2789 , 0.8629,0.3934,<LOD,1.2891,0.7853,<LOD,0.0000,0.0000,,,,27713.8457 , 175.6508,8.4285,<LOD,4.0422,5.6397,<LOD,0.7204,0.2071,364967.0000 , 857.0734,30.3058,10.5513 , 2.1595,4.4449,<LOD,0.0000,0.0000,,,,7160.0444 , 42.3000,21.5932,199.8155 , 11.4660,3.9416,<LOD,5.9364,0.2028,10.1493 , 0.5602,2.5700,10.4331 , 1.8188,0.3850,126.1131 , 1.1616,15.2569,13.1499 , 1.1378,0.7038,419604.5312 , 4800.9585,<LOD,2.2628,0.2462,35.3301 , 0.8781,2.2382,129.0576 , 0.9175,9.8256,3.6058 , 0.7050,0.3849,1.9778 , 0.8089,0.5399,334.1834 , 19.8823,21.8924,1865.5057 , 46.9139,2.2887,<LOD,44.1956,0.7161,4540.6611 , 78.6956,2.2882,,,,,,7,411.399994,39.006565,-122.663628,10.000000,529124.625000,4317559.000000,
190,Mining,126.00,35.63,30.22,30.01,30.14,"Wed Apr 29, 2026 - 12:22:03",User,1.5,ppm,,,,,,,,,Mining,,,,,,,,,,,,<LOD,1.7021,0.7733,142288.9844 , 2022.2144,2.2357,<LOD,3.5603,0.1069,<LOD,1.6176,0.1606,<LOD,2.5506,1.4062,<LOD,51.8508,9.0269,93.7495 , 5.7673,2.7891,22.2240 , 3.2151,0.3675,28159.1016 , 139.6190,57.6185,<LOD,0.0000,0.0000,15539.7549 , 4737.2256,0.0750,268.9757 , 24.6859,0.8551,<LOD,1.1668,4.5588,6.9291 , 0.6357,2.8940,10.6173 , 4.8631,0.2272,1083.6035 , 207.0237,0.2284,11.0216 , 1.0840,0.3408,<LOD,1.5562,0.5992,<LOD,0.0000,0.0000,,,,1991.5664 , 62.5944,0.7527,<LOD,4.9038,4.2128,<LOD,0.9440,0.1988,392780.0312 , 872.6661,26.7450,8.2934 , 2.6511,3.4756,<LOD,0.0000,0.0000,,,,7763.0137 , 46.9184,19.1026,220.5552 , 13.1019,3.5152,<LOD,9.8199,0.1995,10.7526 , 0.6763,2.0246,18.2530 , 2.4202,0.3826,140.9001 , 1.4605,13.2374,42.0490 , 1.8632,1.1775,392362.8750 , 6496.8740,<LOD,3.8467,0.2256,37.7075 , 1.0809,1.8075,234.6658 , 1.4439,12.7531,6.1948 , 0.9035,0.3442,5.0380 , 1.0963,0.5414,414.4623 , 24.8964,17.9303,13155.6289 , 123.9451,12.4146,<LOD,53.2187,0.7212,3323.0657 , 78.9823,1.5838,,,,,,7,411.799988,39.006565,-122.663620,10.000000,529124.937500,4317559.000000,
191,Mining,120.70,30.14,30.25,30.22,30.09,"Wed Apr 29, 2026 - 12:24:56",User,1.5,ppm,,,,,,,,,Mining,,,,,,,,,,,,<LOD,1.6284,0.8469,182086.7969 , 2262.8013,2.8160,<LOD,3.3057,0.1150,<LOD,1.5397,0.1816,<LOD,2.4087,1.4972,<LOD,59.2294,9.4444,98.2001 , 5.5305,2.8904,19.0546 , 2.8836,0.3684,26714.5039 , 157.7989,59.3006,<LOD,0.0000,0.0000,39029.5234 , 5250.1279,0.1083,249.9259 , 22.5197,0.8734,<LOD,1.0715,4.7881,6.0995 , 0.5797,2.9819,10.4845 , 4.5420,0.2527,947.4361 , 199.5411,0.2405,9.6496 , 0.9687,0.3389,<LOD,1.4955,0.6625,<LOD,0.0000,0.0000,,,,1181.1484 , 51.5768,0.5607,<LOD,4.6745,4.6254,<LOD,0.8707,0.2108,397387.0938 , 1036.4983,30.0316,13.5211 , 2.5258,3.7933,<LOD,0.0000,0.0000,,,,7874.5557 , 50.7180,21.1165,183.6609 , 12.6805,3.7129,<LOD,9.3875,0.2069,10.0785 , 0.6159,2.0859,17.5954 , 2.2034,0.3954,133.1006 , 1.3934,13.7025,40.7079 , 1.7088,1.2313,318287.3438 , 6957.0010,2.5712 , 1.8161,0.2472,35.6913 , 1.0047,1.9017,226.7125 , 1.4353,13.4494,3.6808 , 0.8174,0.3300,6.9115 , 1.0418,0.6072,435.9756 , 23.7877,19.4657,20759.9551 , 159.1358,21.5142,<LOD,51.4408,0.7393,4228.0225 , 85.5725,2.1700,,,,,,3,412.600006,39.006706,-122.663757,10.000000,529113.062500,4317574.500000,
192,Mining,120.89,30.25,30.20,30.27,30.17,"Wed Apr 29, 2026 - 12:49:27",User,1.5,ppm,,,,,,,,,Mining,,,,,,,,,,,,<LOD,2.3004,0.6160,48875.9805 , 1275.5427,0.8773,<LOD,6.4516,0.1599,<LOD,2.8037,0.2226,<LOD,3.3440,1.0360,<LOD,117.4184,55.6746,21.0118 , 11.2846,4.7720,41.5366 , 4.6650,0.3806,157264.1562 , 525.4157,363.0662,<LOD,0.0000,0.0000,<LOD,10938.0952,0.0683,<LOD,44.2972,1.4766,<LOD,1.5572,3.4491,4.2355 , 0.7955,1.9199,55.4742 , 11.5571,0.2480,3378.1519 , 335.3209,0.7642,185.6134 , 3.7553,1.8369,<LOD,1.9760,0.4200,<LOD,0.0000,0.0000,,,,61341.4805 , 270.6825,18.1957,<LOD,6.6311,3.2896,<LOD,1.4644,0.2097,201811.5312 , 675.3807,14.7453,24.1528 , 3.6151,2.7754,<LOD,0.0000,0.0000,,,,10949.2471 , 86.8608,32.0097,121.1629 , 24.1198,5.1342,<LOD,0.0000,0.1416,<LOD,1.2711,1.3071,<LOD,3.9696,0.2235,172.1764 , 1.9442,9.9288,17.1920 , 3.7970,1.6428,503598.5312 , 7392.4019,275.0840 , 7.3691,1.8340,33.3964 , 1.3436,1.0867,164.3302 , 1.5080,6.3807,<LOD,2.0188,0.2446,<LOD,2.6495,0.5616,558.1531 , 34.0046,13.9639,919.2277 , 69.3495,1.3761,<LOD,48.1735,0.7842,8451.2061 , 180.8659,4.1048,,,,,,8,423.100006,39.006756,-122.663910,10.000000,529099.750000,4317580.000000,
193,Mining,126.30,35.65,30.25,30.22,30.18,"Wed Apr 29, 2026 - 12:52:05",User,1.5,ppm,,,,,,,,,Mining,,,,,,,,,,,,<LOD,2.3365,0.6385,35983.0820 , 1016.7714,0.6958,<LOD,6.4898,0.1590,<LOD,2.6793,0.1993,<LOD,3.4000,1.0806,<LOD,118.4021,55.9241,<LOD,30.4606,4.7501,36.9035 , 4.7010,0.3800,158419.2344 , 423.4467,372.4346,<LOD,0.0000,0.0000,<LOD,8378.1218,0.0638,<LOD,58.0330,1.5758,<LOD,1.5779,3.4738,3.7877 , 0.8110,1.9553,117.3928 , 11.8028,0.2682,3431.4478 , 325.7780,0.7727,184.7860 , 3.7872,1.8543,<LOD,2.0208,0.4419,<LOD,0.0000,0.0000,,,,64148.6875 , 257.2272,19.4029,<LOD,6.6431,3.3045,<LOD,1.4687,0.2068,191974.7969 , 619.3610,14.2009,20.5309 , 3.6079,2.7603,<LOD,0.0000,0.0000,,,,10706.3076 , 82.6050,31.9852,113.8224 , 23.2481,5.1327,<LOD,0.0000,0.1417,1.8422 , 0.8878,1.4189,<LOD,4.1558,0.2410,179.6980 , 1.9627,10.3526,16.6891 , 3.8424,1.6502,524705.2500 , 5709.3564,269.5649 , 7.3817,1.8268,35.1390 , 1.3778,1.1414,152.9030 , 1.4532,6.0567,<LOD,1.9691,0.2375,<LOD,2.6635,0.5572,539.5645 , 33.9256,13.9504,875.8658 , 65.7318,1.3338,<LOD,46.5598,0.7907,8082.6997 , 171.6162,3.9884,,,,,,7,421.399994,39.006752,-122.663948,10.000000,529096.312500,4317579.500000,
194,Mining,120.75,30.12,30.24,30.20,30.19,"Wed Apr 29, 2026 - 12:55:00",User,1.5,ppm,,,,,,,,,Mining,,,,,,,,,,,,<LOD,1.8631,0.6682,79367.8984 , 1564.0765,1.3436,<LOD,3.7650,0.0883,<LOD,1.6460,0.1241,<LOD,2.7446,1.1651,<LOD,82.0574,25.1323,39.5478 , 7.3013,3.0511,20.0483 , 3.4620,0.3264,76194.5781 , 261.6750,164.5119,<LOD,0.0000,0.0000,18367.1621 , 5547.9292,0.0792,343.4962 , 28.8247,1.3346,<LOD,1.2585,3.7745,4.5510 , 0.6806,2.3623,41.1687 , 7.1566,0.2456,1974.9347 , 276.0655,0.4025,6.5615 , 1.0959,0.2555,<LOD,1.6163,0.4634,<LOD,0.0000,0.0000,,,,32494.3086 , 201.2475,8.8986,<LOD,5.3671,3.6226,<LOD,0.9899,0.1611,311210.4375 , 797.9370,22.3116,17.9865 , 2.9178,3.0180,<LOD,0.0000,0.0000,,,,7139.7314 , 54.0344,18.7375,148.4693 , 15.5497,3.2733,<LOD,8.2405,0.1636,6.4623 , 0.6955,1.5281,24.7365 , 2.7828,0.3856,120.6705 , 1.5033,10.2377,6.5806 , 1.2533,0.3202,449370.5625 , 6336.7646,<LOD,4.0530,0.1864,36.8835 , 1.1589,1.5069,253.7869 , 1.6176,11.7133,3.4571 , 0.9174,0.2547,3.8475 , 1.1832,0.4565,395.9042 , 26.9329,14.6338,12345.3291 , 151.6011,12.6118,<LOD,51.1990,0.7188,10060.9004 , 153.7685,4.4664,,,,,,11,421.500000,39.006748,-122.663940,10.000000,529097.125000,4317579.000000,
195,Mining,97.02,30.08,30.15,30.17,6.62,"Wed Apr 29, 2026 - 12:57:24",User,1.5,ppm,,,,,,,,,Mining,,,,,,,,,,,,<LOD,1.7955,0.6412,87587.5625 , 4152.7676,1.4625,<LOD,3.5910,0.0863,<LOD,1.5047,0.1116,<LOD,2.7087,1.1805,<LOD,78.4898,24.0239,50.1272 , 7.1346,3.0476,22.3855 , 3.3978,0.3375,72328.6797 , 575.6937,157.2234,<LOD,0.0000,0.0000,27748.5059 , 14216.5068,0.0888,343.0767 , 28.0147,1.3059,<LOD,1.1988,3.7935,4.7288 , 0.6467,2.3726,29.0482 , 6.6432,0.2161,1556.1506 , 655.9245,0.3735,7.7207 , 1.0871,0.2707,<LOD,1.6224,0.4862,<LOD,0.0000,0.0000,,,,27341.5781 , 460.2088,7.4934,<LOD,5.2540,3.5949,<LOD,0.9688,0.1686,320037.5625 , 2028.9302,23.2391,17.2992 , 2.8614,3.0064,<LOD,0.0000,0.0000,,,,7218.6396 , 66.4315,19.1649,152.2533 , 15.3937,3.3583,<LOD,7.8194,0.1586,6.5396 , 0.6793,1.5635,30.9069 , 2.8450,0.4308,119.1494 , 1.7087,10.4011,5.5181 , 1.2108,0.3133,429217.5312 , 15157.5615,2.9443 , 2.0154,0.1973,37.9461 , 1.1665,1.5476,258.4013 , 2.1724,12.1887,3.2403 , 0.8535,0.2421,<LOD,2.6577,0.4364,391.6742 , 27.0618,14.6717,14755.7773 , 177.1936,15.0702,<LOD,127.2531,0.7140,10725.0605 , 162.8351,4.7963,,,,,,9,422.000000,39.006744,-122.663948,10.000000,529096.875000,4317578.500000,
196,Mining,126.24,35.69,30.27,30.08,30.20,"Wed Apr 29, 2026 - 13:01:17",User,1.5,ppm,,,,,,,,,Mining,,,,,,,,,,,,<LOD,1.7674,0.7024,121334.6328 , 1968.2192,1.9495,<LOD,3.7310,0.1066,<LOD,1.5039,0.1270,<LOD,2.6555,1.2867,<LOD,63.9932,14.6233,68.6846 , 6.1151,2.6655,24.4699 , 3.3114,0.3606,46498.0156 , 206.1461,96.3943,<LOD,0.0000,0.0000,30689.4961 , 5521.7793,0.0944,471.2385 , 28.7712,1.2601,<LOD,1.4857,4.1410,6.1934 , 0.6429,2.6209,30.0851 , 5.5851,0.2298,1283.8130 , 231.2832,0.2919,6.3707 , 1.0138,0.2685,<LOD,1.6264,0.5530,<LOD,0.0000,0.0000,,,,15841.4766 , 141.2541,4.3133,<LOD,5.0797,3.7971,<LOD,0.9810,0.1948,359131.1562 , 865.6709,25.8879,12.4614 , 2.7535,3.1462,<LOD,0.0000,0.0000,,,,6589.5713 , 46.9720,16.4610,151.4217 , 13.0965,2.9163,<LOD,7.9119,0.1846,10.7203 , 0.7101,1.9811,34.3456 , 2.8056,0.4745,118.8301 , 1.4363,11.3186,1.9857 , 1.0499,0.2468,377917.8125 , 6885.6626,<LOD,4.9154,0.2136,50.9920 , 1.2299,2.1390,285.1004 , 1.6775,14.3059,4.6408 , 0.8779,0.3053,3.1446 , 1.1330,0.5191,401.8453 , 25.7080,15.8633,24865.4551 , 186.9037,24.2428,<LOD,52.1845,0.7436,14165.9746 , 157.3681,6.1129,,,,,,8,422.399994,39.006737,-122.663948,10.000000,529096.750000,4317578.000000,
197,Mining,126.10,35.58,30.15,30.22,30.15,"Wed Apr 29, 2026 - 13:03:49",User,1.5,ppm,,,,,,,,,Mining,,,,,,,,,,,,<LOD,1.7603,0.7052,99083.3203 , 1638.4185,1.5953,<LOD,3.5025,0.0936,<LOD,1.5267,0.1309,<LOD,2.5722,1.2090,<LOD,64.5054,15.1489,60.7895 , 5.5751,2.4398,17.1339 , 3.1661,0.3295,48276.0664 , 183.4000,100.6377,<LOD,0.0000,0.0000,24978.6895 , 4953.4131,0.0805,464.8751 , 28.5372,1.2680,<LOD,1.2678,4.1580,4.9149 , 0.6388,2.5901,35.9167 , 5.6599,0.2342,1337.1161 , 210.6449,0.2630,8.5171 , 1.0576,0.2932,<LOD,1.5444,0.5002,<LOD,0.0000,0.0000,,,,13831.8076 , 125.5773,3.7996,<LOD,5.0186,3.7538,<LOD,0.9481,0.1841,303752.6562 , 752.6061,20.6509,15.8941 , 2.7308,3.1423,<LOD,0.0000,0.0000,,,,5396.5259 , 40.5058,13.7411,132.3564 , 11.6484,2.5138,<LOD,7.7513,0.1767,11.3658 , 0.7135,2.0095,41.6561 , 2.9387,0.5216,112.5502 , 1.3857,10.8974,1.3526 , 1.0764,0.2537,466852.3750 , 6065.8877,<LOD,3.6042,0.1943,48.3299 , 1.1968,2.0358,284.5215 , 1.6059,14.2203,3.4964 , 0.8695,0.2916,2.9792 , 1.1258,0.5129,433.0869 , 25.4753,15.9550,23047.3867 , 169.7506,22.5383,<LOD,47.5282,0.6788,11764.3584 , 138.5107,5.1331,,,,,,8,423.200012,39.006729,-122.663940,10.000000,529097.187500,4317577.000000,
198,Mining,120.77,30.12,30.24,30.15,30.26,"Wed Apr 29, 2026 - 13:06:47",User,1.5,ppm,,,,,,,,,Mining,,,,,,,,,,,,<LOD,1.7837,0.7449,48052.6406 , 1116.3976,0.9558,<LOD,3.5733,0.0978,<LOD,1.5570,0.1370,<LOD,2.6356,1.3092,<LOD,71.8371,21.0401,45.2833 , 6.4438,2.9237,14.8180 , 3.1471,0.3303,61799.1484 , 215.7713,139.6135,<LOD,0.0000,0.0000,14689.8154 , 5006.3472,0.0741,352.7552 , 27.3698,1.3082,<LOD,1.2059,4.3348,4.7681 , 0.6457,2.6363,42.1238 , 6.1761,0.2474,2366.6606 , 290.5991,0.4924,12.9762 , 1.1698,0.3617,<LOD,1.6175,0.5686,<LOD,0.0000,0.0000,,,,37369.1289 , 212.0913,10.6895,<LOD,5.1284,4.0276,<LOD,0.9665,0.1931,356133.2812 , 812.2151,28.0588,15.2818 , 2.7818,3.3384,<LOD,0.0000,0.0000,,,,7324.7354 , 50.6074,20.1431,116.5154 , 14.1474,3.3599,<LOD,7.5883,0.1708,8.5155 , 0.7136,1.9850,26.8460 , 2.6637,0.4338,129.6898 , 1.4363,11.6634,4.6168 , 1.2567,0.3728,445312.0000 , 5335.5322,17.3210 , 2.3545,0.3302,56.8745 , 1.2873,2.3886,217.8202 , 1.4064,11.2830,3.6528 , 0.8900,0.3060,3.1774 , 1.1409,0.5208,403.2300 , 25.7965,16.4921,7622.2871 , 114.1160,8.2329,<LOD,50.5706,0.7607,17854.0566 , 180.7461,7.9338,,,,,,11,423.899994,39.006737,-122.663948,10.000000,529096.750000,4317578.000000,
199,Mining,120.55,30.07,30.11,30.21,29.26,"Wed Apr 29, 2026 - 13:09:14",User,1.5,ppm,,,,,,,,,Mining,,,,,,,,,,,,<LOD,1.7503,0.7565,46761.1602 , 1069.2915,0.9375,<LOD,3.8751,0.1175,<LOD,1.6122,0.1499,<LOD,2.5875,1.3365,<LOD,76.7577,27.1781,33.8771 , 6.7137,3.1242,16.7842 , 3.2053,0.3529,74475.7969 , 253.1228,180.4200,<LOD,0.0000,0.0000,12718.2559 , 4999.3833,0.0749,241.0522 , 25.7361,1.3134,<LOD,1.1903,4.3463,6.3790 , 0.6482,2.7777,50.9126 , 6.6318,0.2655,2191.4341 , 294.7489,0.5464,23.1342 , 1.3686,0.5066,<LOD,1.5475,0.5467,<LOD,0.0000,0.0000,,,,42172.2031 , 224.1872,12.8712,<LOD,4.9213,3.8560,<LOD,0.9937,0.2038,331437.5625 , 800.6987,27.5269,10.1477 , 2.6655,3.1919,<LOD,0.0000,0.0000,,,,7539.3408 , 53.4564,22.2847,97.4208 , 14.7858,3.6101,<LOD,7.7611,0.1833,7.2913 , 0.7135,2.0011,21.7324 , 2.6112,0.4276,135.6183 , 1.4743,12.3113,8.0029 , 1.5030,0.5596,458082.7812 , 5169.8262,81.1246 , 3.6542,0.8764,58.0783 , 1.3035,2.4462,225.0910 , 1.4452,11.9024,3.8740 , 0.9161,0.3257,<LOD,1.9261,0.5876,385.1094 , 24.9113,16.0493,5663.5137 , 104.4931,6.6221,<LOD,48.8197,0.7735,17552.3301 , 187.2503,8.3729,,,,,,11,425.799988,39.006748,-122.663971,10.000000,529094.437500,4317579.000000,
200,Mining,126.15,35.57,30.26,30.00,30.32,"Wed Apr 29, 2026 - 13:11:53",User,1.5,ppm,,,,,,,,,Mining,,,,,,,,,,,,<LOD,1.9049,0.6964,36416.0195 , 968.2643,0.7314,<LOD,4.1345,0.1088,<LOD,1.7697,0.1465,<LOD,2.8528,1.2645,<LOD,82.8227,27.3142,22.1764 , 6.5543,2.7657,19.0706 , 3.4920,0.3409,81666.9531 , 236.8043,183.6420,<LOD,0.0000,0.0000,8972.9277 , 4852.1138,0.0653,194.7332 , 26.5088,1.2077,<LOD,1.2615,3.9399,5.5416 , 0.6821,2.4801,62.7685 , 7.1428,0.2318,2714.6360 , 292.2776,0.5211,30.0231 , 1.5680,0.5398,<LOD,1.6960,0.5114,<LOD,0.0000,0.0000,,,,42614.0625 , 216.1114,12.0809,<LOD,5.4787,3.7505,<LOD,1.0202,0.1757,273263.1562 , 712.2783,19.8038,13.3061 , 2.9567,3.0677,<LOD,0.0000,0.0000,,,,6253.5962 , 48.8826,17.3043,73.1540 , 13.7397,2.8350,<LOD,0.0000,0.1582,5.3542 , 0.7395,1.7329,13.1290 , 2.5898,0.3485,129.3182 , 1.5081,10.7220,5.5489 , 1.6481,0.5210,528435.0625 , 5114.4658,90.8820 , 3.9622,0.8803,56.4325 , 1.3460,2.1243,225.1012 , 1.4860,10.7061,4.2128 , 1.0041,0.3154,<LOD,1.9001,0.5109,408.6781 , 27.5269,15.2480,3951.0935 , 90.1890,4.4148,<LOD,48.0437,0.7300,14353.0938 , 171.6918,6.3461,,,,,,11,425.799988,39.006748,-122.663971,10.000000,529094.562500,4317579.000000,
201,Mining,120.76,30.13,30.23,30.25,28.05,"Wed Apr 29, 2026 - 13:14:39",User,1.5,ppm,,,,,,,,,Mining,,,,,,,,,,,,<LOD,1.7187,0.7093,73971.4141 , 1374.6056,1.2815,<LOD,3.7540,0.1100,<LOD,1.5438,0.1370,<LOD,2.5786,1.2973,<LOD,73.1070,22.9812,42.3211 , 6.7832,3.1568,24.6635 , 3.3446,0.3810,65756.6562 , 237.3614,153.2757,<LOD,0.0000,0.0000,12154.8770 , 5133.1846,0.0738,325.5406 , 26.6707,1.3164,<LOD,1.1725,4.1165,3.4698 , 0.6353,2.5749,39.4126 , 6.1333,0.2238,1940.3220 , 283.7906,0.4464,13.5646 , 1.1817,0.3749,<LOD,1.4568,0.4671,<LOD,0.0000,0.0000,,,,30658.5645 , 199.3179,9.1053,<LOD,4.9322,3.8382,<LOD,0.9744,0.1961,304950.8125 , 812.2513,23.5165,15.8120 , 2.6692,3.1458,<LOD,0.0000,0.0000,,,,6821.5693 , 51.1640,19.4610,128.9770 , 14.4409,3.3764,<LOD,7.5830,0.1740,7.2204 , 0.6834,1.8534,21.2571 , 2.5569,0.4067,113.4409 , 1.3944,11.0819,4.8981 , 1.2751,0.3925,475755.8750 , 5627.3638,40.3116 , 2.8843,0.5276,46.1083 , 1.1906,2.0167,253.1141 , 1.5410,13.2154,4.1944 , 0.8853,0.3082,1.9354 , 1.1732,0.5534,332.2836 , 24.4456,14.9435,12438.4609 , 145.2411,13.6482,<LOD,52.6324,0.8020,14132.9219 , 168.9731,6.6180,,,,,,8,425.899994,39.006748,-122.663963,10.000000,529095.125000,4317579.000000,
202,Mining,120.64,30.07,30.07,30.23,30.27,"Wed Apr 29, 2026 - 13:17:01",User,1.5,ppm,,,,,,,,,Mining,,,,,,,,,,,,<LOD,2.1240,0.7390,56670.6719 , 1087.9019,1.0274,<LOD,3.2301,0.0864,<LOD,1.4456,0.1270,<LOD,2.3749,1.2869,<LOD,71.0448,22.5729,45.7575 , 6.4295,3.1194,16.8451 , 3.1390,0.3541,63544.0430 , 213.1347,152.8822,<LOD,0.0000,0.0000,11305.6289 , 4581.7695,0.0695,311.9695 , 26.2499,1.3261,<LOD,1.1432,4.1972,3.2779 , 0.6273,2.6986,44.9442 , 5.8879,0.2136,1874.5076 , 256.4948,0.4232,9.8768 , 1.0726,0.3274,<LOD,1.3625,0.4789,<LOD,0.0000,0.0000,,,,29386.9258 , 181.8129,9.0037,<LOD,4.5504,3.8342,<LOD,0.8259,0.1462,281042.0938 , 734.9366,21.7688,13.7685 , 2.4522,3.0992,<LOD,0.0000,0.0000,,,,6448.5664 , 47.9540,19.0043,116.2864 , 13.6017,3.2819,<LOD,7.4341,0.1769,6.1316 , 0.6608,1.8382,22.2648 , 2.5065,0.4131,107.5471 , 1.3258,10.8250,5.1964 , 1.1888,0.3706,522944.5000 , 4890.1069,10.6073 , 2.1372,0.2863,44.3255 , 1.1542,2.0347,219.5904 , 1.3906,11.9688,2.9000 , 0.8220,0.2790,3.3729 , 1.1044,0.5266,302.2397 , 22.3970,14.6425,11740.2578 , 136.2543,13.1838,<LOD,49.3076,0.8362,13755.9395 , 161.5764,6.6229,,,,,,9,425.399994,39.006744,-122.663948,10.000000,529096.312500,4317578.500000,
203,Mining,125.95,35.59,30.24,30.11,30.01,"Wed Apr 29, 2026 - 13:20:17",User,1.5,ppm,,,,,,,,,Mining,,,,,,,,,,,,<LOD,1.7238,0.7235,31611.9844 , 850.4899,0.6899,<LOD,3.4688,0.0963,<LOD,1.4850,0.1301,<LOD,2.5773,1.3108,<LOD,72.3395,23.0961,36.3630 , 7.0192,3.2284,23.1117 , 3.2982,0.3803,65942.4141 , 202.0516,153.6165,<LOD,0.0000,0.0000,<LOD,6597.9507,0.0569,286.9724 , 25.9634,1.2755,<LOD,1.1890,4.3958,4.8087 , 0.6450,2.7581,40.8652 , 6.1479,0.2394,2862.7983 , 305.1130,0.5867,12.0728 , 1.1370,0.3567,<LOD,1.5123,0.5139,<LOD,0.0000,0.0000,,,,52038.7109 , 238.5626,15.4339,<LOD,4.9493,3.9091,<LOD,0.9388,0.1901,283487.7188 , 715.0009,21.8845,10.2552 , 2.6584,3.1403,<LOD,0.0000,0.0000,,,,7648.4937 , 53.7781,21.7287,99.2278 , 15.1324,3.5495,<LOD,7.4386,0.1716,8.2401 , 0.6976,1.9848,24.2670 , 2.5650,0.4208,129.0220 , 1.4098,11.9270,4.7923 , 1.2274,0.3736,533716.9375 , 4538.3267,5.9194 , 2.0208,0.2430,52.1449 , 1.2249,2.2543,230.7220 , 1.4049,12.0716,3.5472 , 0.8553,0.2970,3.4113 , 1.1169,0.5234,307.5609 , 24.4170,14.9908,5573.8682 , 104.3485,6.2487,<LOD,51.2698,0.8699,15833.7314 , 180.3324,7.2528,,,,,,10,425.799988,39.006737,-122.663940,10.000000,529097.437500,4317578.000000,
204,Mining,120.24,30.12,30.12,30.07,29.93,"Wed Apr 29, 2026 - 13:24:27",User,1.5,ppm,,,,,,,,,Mining,,,,,,,,,,,,<LOD,1.6524,0.7631,127141.6875 , 1892.6603,2.0008,<LOD,3.2476,0.0948,<LOD,1.3694,0.1238,<LOD,2.3982,1.2908,<LOD,52.6426,10.2523,94.9284 , 5.6228,2.7273,<LOD,6.2888,0.2774,31780.5527 , 154.6936,68.0127,<LOD,0.0000,0.0000,31458.7383 , 5086.0596,0.0898,415.2636 , 26.6992,1.1162,<LOD,1.1103,4.3855,5.3081 , 0.6095,2.8279,19.3490 , 4.7277,0.2163,887.3813 , 182.1547,0.1962,6.8124 , 0.9666,0.2887,<LOD,1.4468,0.5380,<LOD,0.0000,0.0000,,,,946.2681 , 50.6316,0.5338,<LOD,4.6791,4.0302,<LOD,0.8776,0.1854,327910.5312 , 847.1389,23.0499,12.4171 , 2.5329,3.3165,<LOD,0.0000,0.0000,,,,7056.0962 , 46.0706,18.4069,152.0490 , 12.4629,3.2187,<LOD,7.3522,0.1865,9.7184 , 0.6415,1.9461,25.3360 , 2.4866,0.4348,119.0720 , 1.3695,12.3535,1.6164 , 1.0008,0.2624,434468.3750 , 6389.3726,4.8565 , 1.9303,0.2442,32.3195 , 1.0049,1.6318,267.4118 , 1.5470,14.8323,5.3922 , 0.8166,0.3206,4.1665 , 1.0805,0.5578,382.2013 , 23.5628,16.7037,30498.5371 , 190.3491,31.0229,<LOD,49.8931,0.6971,6293.6299 , 104.0247,3.0797,,,,,,10,426.000000,39.006741,-122.663948,10.000000,529096.312500,4317578.500000,
205,Mining,126.02,35.43,30.10,30.26,30.23,"Wed Apr 29, 2026 - 13:27:06",User,1.5,ppm,,,,,,,,,Mining,,,,,,,,,,,,<LOD,1.6319,0.7106,119597.0859 , 1783.6321,1.8859,<LOD,3.2123,0.0935,<LOD,1.3687,0.1246,<LOD,2.4823,1.3404,<LOD,53.2367,10.7889,78.6236 , 5.5868,2.6396,10.8926 , 2.8366,0.3100,33972.9727 , 147.5060,70.9547,<LOD,0.0000,0.0000,18334.1562 , 4712.5293,0.0737,418.1136 , 26.1850,1.1072,<LOD,1.1116,4.4307,4.5185 , 0.6012,2.7539,19.3298 , 4.7829,0.2208,945.3279 , 191.4057,0.2128,9.1268 , 0.9956,0.3093,<LOD,1.4554,0.5219,<LOD,0.0000,0.0000,,,,1127.3192 , 52.5133,0.5706,<LOD,4.7236,3.9183,<LOD,0.8645,0.1806,320995.7500 , 796.2570,21.7837,18.6227 , 2.5930,3.3596,<LOD,0.0000,0.0000,,,,7159.2075 , 45.2698,18.2408,146.9877 , 12.4881,3.1691,<LOD,7.3413,0.1874,11.4448 , 0.6487,2.0062,23.9674 , 2.4250,0.4166,120.8307 , 1.3384,12.0811,<LOD,2.1526,0.2592,462265.3125 , 5971.8545,<LOD,2.7700,0.2021,32.6118 , 0.9984,1.6185,269.0864 , 1.4883,14.4171,3.7497 , 0.7889,0.2908,6.2287 , 1.0878,0.5732,390.2124 , 23.8625,16.4528,27660.3320 , 178.0030,27.4630,<LOD,49.3489,0.6780,6378.1841 , 103.8689,3.0093,,,,,,9,426.100006,39.006744,-122.663956,10.000000,529096.000000,4317578.500000,
206,Mining,120.68,30.16,30.26,30.03,30.23,"Wed Apr 29, 2026 - 13:30:47",User,1.5,ppm,,,,,,,,,Mining,,,,,,,,,,,,<LOD,1.6032,0.7749,156303.3906 , 2110.7788,2.4443,<LOD,3.2596,0.1018,<LOD,1.3819,0.1342,<LOD,2.3771,1.3748,<LOD,48.6106,8.8776,75.5652 , 5.1028,2.4543,8.0528 , 2.7505,0.3060,26595.1582 , 148.3452,57.4461,<LOD,0.0000,0.0000,28440.6797 , 5131.9443,0.0925,331.8382 , 24.8160,0.9707,<LOD,1.1738,4.6665,5.4805 , 0.5973,2.8869,16.0877 , 4.6155,0.2386,871.8672 , 186.9140,0.2002,9.1105 , 0.9955,0.3268,<LOD,1.4528,0.5889,<LOD,0.0000,0.0000,,,,1092.9056 , 52.5344,0.5545,<LOD,4.5858,4.1495,<LOD,0.8736,0.1952,379179.1875 , 953.3932,28.0294,11.3282 , 2.4984,3.4995,<LOD,0.0000,0.0000,,,,6974.8408 , 45.3143,18.2710,132.8217 , 11.6647,3.1155,<LOD,7.1363,0.1862,9.8072 , 0.6302,2.0009,21.6657 , 2.3638,0.4164,124.3354 , 1.3931,13.2034,1.3944 , 1.0220,0.2876,363455.8438 , 6671.2471,3.6022 , 1.8555,0.2386,31.8907 , 0.9919,1.6828,272.9445 , 1.5944,15.6675,4.8664 , 0.8099,0.3309,4.9503 , 1.0751,0.5901,432.4289 , 23.5933,18.3057,29794.5723 , 186.0443,30.3693,<LOD,51.8993,0.7195,5793.3804 , 96.3431,2.8800,,,,,,9,427.200012,39.006737,-122.663956,10.000000,529096.000000,4317578.000000,
207,Mining,126.05,35.65,30.18,30.11,30.11,"Wed Apr 29, 2026 - 13:33:32",User,1.5,ppm,,,,,,,,,Mining,,,,,,,,,,,,<LOD,1.6317,0.8088,149000.0938 , 2000.6123,2.3553,<LOD,3.1080,0.0930,<LOD,1.3770,0.1343,<LOD,2.4254,1.4475,<LOD,48.5169,8.9312,81.2780 , 5.5403,2.6437,4.7737 , 2.6471,0.2856,26772.1602 , 145.1854,57.3833,<LOD,0.0000,0.0000,27439.7168 , 4978.1797,0.0907,336.3730 , 24.7212,0.9722,<LOD,1.0978,4.6103,5.8531 , 0.5955,2.8945,11.4852 , 4.5351,0.2284,989.4048 , 200.2774,0.2396,6.9138 , 0.9444,0.2959,<LOD,1.4790,0.6148,<LOD,0.0000,0.0000,,,,1582.7994 , 56.2872,0.6708,<LOD,4.6477,4.3106,<LOD,0.8451,0.1850,398167.8125 , 938.1960,29.7154,11.2030 , 2.5183,3.5726,<LOD,0.0000,0.0000,,,,7591.7520 , 48.2131,19.5577,158.2472 , 12.6599,3.3605,<LOD,6.9707,0.1791,10.4438 , 0.6279,2.0066,19.8679 , 2.3054,0.3994,126.3989 , 1.3839,13.1992,3.0807 , 1.0160,0.3028,352549.3750 , 6466.5566,5.8100 , 1.8885,0.2536,30.7485 , 0.9707,1.6203,268.3510 , 1.5538,15.2856,5.7522 , 0.8150,0.3413,4.8889 , 1.0648,0.5828,429.4033 , 23.7072,18.5100,28417.4043 , 186.5031,28.6953,<LOD,50.4472,0.7097,5968.6689 , 101.4330,2.9165,,,,,,10,427.500000,39.006737,-122.663940,10.000000,529097.437500,4317578.000000,
208,Mining,125.97,35.66,30.25,30.03,30.03,"Wed Apr 29, 2026 - 13:36:40",User,1.5,ppm,,,,,,,,,Mining,,,,,,,,,,,,<LOD,1.9002,0.7193,26901.3066 , 771.3695,0.5489,<LOD,4.1607,0.1116,<LOD,1.4929,0.1051,<LOD,2.8315,1.2811,<LOD,83.9054,31.4572,17.6866 , 8.5300,3.9322,25.5852 , 3.7772,0.4055,94911.7266 , 241.1803,227.4526,<LOD,0.0000,0.0000,<LOD,6510.5464,0.0530,111.3885 , 25.3803,1.2598,<LOD,1.3082,4.1101,4.0872 , 0.7046,2.5563,164.8700 , 7.5321,0.2500,2997.9067 , 292.0712,0.5946,7.3139 , 1.1412,0.2858,<LOD,1.6886,0.5268,<LOD,0.0000,0.0000,,,,43713.4688 , 208.8657,13.0064,6.8005 , 3.7907,4.3601,<LOD,1.0017,0.1688,186034.4375 , 606.1031,13.1310,13.4256 , 3.0103,3.3096,<LOD,0.0000,0.0000,,,,3492.0708 , 45.7318,10.6877,212.2149 , 14.9969,2.7576,<LOD,0.0000,0.1705,7.4957 , 0.6931,1.5728,9.5171 , 2.4953,0.3280,116.6641 , 1.4774,10.4148,6.3764 , 1.2931,0.3501,630247.8125 , 4480.6851,59.0502 , 3.4067,0.6578,21.6359 , 0.9971,1.0396,266.9987 , 1.6037,12.6378,3.0396 , 0.8356,0.2168,2.4452 , 1.2858,0.5384,492.3291 , 28.3921,17.0078,5234.3486 , 111.2202,5.8870,<LOD,45.5828,0.7541,4917.9858 , 125.8410,2.5232,,,,,,6,427.700012,39.006729,-122.663948,10.000000,529096.437500,4317577.000000,
209,Mining,126.14,35.48,30.08,30.26,30.32,"Wed Apr 29, 2026 - 13:39:27",User,1.5,ppm,,,,,,,,,Mining,,,,,,,,,,,,<LOD,1.7809,0.7036,87026.4062 , 1317.4594,1.4363,<LOD,3.9040,0.1058,<LOD,1.5524,0.1231,<LOD,2.7153,1.3240,<LOD,83.7647,34.0900,24.2046 , 8.0919,3.9381,30.7176 , 3.7498,0.4321,95310.9141 , 289.9170,240.6050,<LOD,0.0000,0.0000,14143.4756 , 4596.6392,0.0725,97.5473 , 24.6637,1.2901,<LOD,1.2649,4.1692,3.0539 , 0.6723,2.5080,140.5988 , 7.5151,0.2673,2040.0616 , 235.0454,0.4344,5.8518 , 1.0781,0.2756,<LOD,1.6250,0.5461,<LOD,0.0000,0.0000,,,,21369.0234 , 146.2249,6.7268,8.1268 , 3.5903,4.3741,<LOD,0.9777,0.1776,271335.0938 , 695.5972,21.0240,18.2818 , 2.8685,3.3728,<LOD,0.0000,0.0000,,,,4909.4326 , 49.8145,15.4364,212.2867 , 15.6201,3.3827,<LOD,0.0000,0.1654,8.3083 , 0.6727,1.6080,11.1236 , 2.4559,0.3436,108.7158 , 1.4204,10.1913,8.0321 , 1.2753,0.3819,492437.3125 , 5219.1167,58.5571 , 3.3212,0.6755,18.2240 , 0.9338,0.9650,243.9742 , 1.5540,12.1757,2.2613 , 0.8325,0.2208,3.1509 , 1.2436,0.5447,481.2140 , 26.9275,17.0845,5964.3467 , 114.1151,7.0948,<LOD,43.0232,0.7430,3979.6682 , 111.2042,2.2027,,,,,,8,427.399994,39.006737,-122.663956,10.000000,529096.000000,4317578.000000,
210,Mining,120.68,30.18,30.14,30.07,30.29,"Wed Apr 29, 2026 - 13:45:06",User,1.5,ppm,,,,,,,,,Mining,,,,,,,,,,,,<LOD,1.5128,0.8038,107321.7109 , 1297.8768,1.7416,<LOD,3.0303,0.1014,<LOD,1.3602,0.1497,<LOD,2.2812,1.4855,<LOD,53.7572,13.8454,71.1843 , 6.1792,3.2341,10.7702 , 2.7276,0.3494,37094.1406 , 146.0451,90.7139,<LOD,0.0000,0.0000,7844.4766 , 3698.4402,0.0597,92.7514 , 19.7070,0.7789,<LOD,1.0825,5.3737,7.3642 , 0.5803,3.3039,16.3556 , 4.6810,0.2407,1743.3817 , 225.8499,0.4024,9.4330 , 0.9704,0.3588,<LOD,1.3373,0.5790,<LOD,0.0000,0.0000,,,,2471.0015 , 59.4833,0.9798,<LOD,4.3796,4.4531,<LOD,0.8263,0.2033,332656.6250 , 748.2117,25.8435,10.1881 , 2.3601,3.6196,<LOD,0.0000,0.0000,,,,11291.6514 , 58.3083,33.2549,237.8274 , 16.1695,5.6015,<LOD,6.5443,0.1810,6.6555 , 0.5906,2.0125,6.0078 , 1.9027,0.3118,156.7573 , 1.3414,14.8871,15.6877 , 1.2952,0.6729,484765.3125 , 4502.4268,3.6048 , 1.7694,0.2543,36.4712 , 0.9566,1.9205,98.5039 , 0.8529,6.4238,5.1830 , 0.7845,0.3512,<LOD,1.9489,0.4349,362.7479 , 21.9485,18.2513,5540.0386 , 88.9260,6.3654,<LOD,43.3045,0.6974,8124.1538 , 117.8604,3.9526,,,,,,10,428.299988,39.006737,-122.663963,10.000000,529095.000000,4317578.000000,
211,Mining,120.22,30.03,30.20,30.17,29.82,"Wed Apr 29, 2026 - 13:47:41",User,1.5,ppm,,,,,,,,,Mining,,,,,,,,,,,,<LOD,1.4341,0.8488,121972.6016 , 1377.5934,1.9528,<LOD,2.8904,0.1004,<LOD,1.3128,0.1519,<LOD,2.1686,1.5868,<LOD,51.3125,13.4439,61.7484 , 5.7330,3.1851,11.1719 , 2.6580,0.3621,34292.7891 , 146.4252,87.1886,<LOD,0.0000,0.0000,14479.1113 , 3865.8713,0.0694,69.9482 , 18.8261,0.7515,<LOD,1.1211,6.1961,11.6183 , 0.6080,3.8815,7.3516 , 4.4109,0.2328,1314.2539 , 206.0038,0.3441,16.8514 , 1.0963,0.5019,<LOD,1.2674,0.6107,<LOD,0.0000,0.0000,,,,1163.7985 , 47.1936,0.6185,<LOD,4.1023,4.6068,<LOD,0.7952,0.2061,331794.9688 , 779.0728,26.8667,13.3730 , 2.2146,3.7504,<LOD,0.0000,0.0000,,,,16878.8809 , 69.9260,51.8300,303.7629 , 17.6746,8.2964,<LOD,6.2464,0.1797,8.3573 , 0.6462,2.5943,9.5626 , 1.9353,0.3525,251.1967 , 1.6814,23.3459,18.8045 , 1.4242,0.8732,466133.2188 , 4658.6470,5.3557 , 1.7589,0.2790,65.0044 , 1.1997,3.3658,93.2788 , 0.8219,6.4396,8.9168 , 0.8360,0.4750,3.2135 , 0.9210,0.5412,346.7072 , 20.4351,18.4809,1686.2058 , 51.4287,2.3186,<LOD,43.1454,0.7155,8977.9639 , 113.3493,4.5008,,,,,,7,428.399994,39.006741,-122.663971,10.000000,529094.687500,4317578.500000,
212,Mining,126.20,35.51,30.16,30.30,30.23,"Wed Apr 29, 2026 - 13:52:09",User,1.5,ppm,,,,,,,,,Mining,,,,,,,,,,,,<LOD,1.4391,0.7845,94564.6484 , 1254.8357,1.5829,<LOD,2.6753,0.0876,<LOD,1.1994,0.1292,<LOD,2.2006,1.5043,<LOD,45.5735,10.0600,61.4195 , 4.9991,2.7217,7.3367 , 2.4879,0.3194,27287.5684 , 119.7038,64.9294,<LOD,0.0000,0.0000,11472.1553 , 3788.3025,0.0625,169.1749 , 19.8486,0.7967,<LOD,1.0004,5.0350,5.0786 , 0.5449,3.1715,<LOD,6.9662,0.2058,926.0722 , 185.2161,0.2405,7.0521 , 0.8699,0.3199,<LOD,1.2275,0.5216,<LOD,0.0000,0.0000,,,,1172.9899 , 49.4291,0.6069,<LOD,4.1436,4.3185,<LOD,0.7342,0.1780,368050.3750 , 783.8892,28.2299,8.3401 , 2.2270,3.4719,<LOD,0.0000,0.0000,,,,9396.9531 , 47.2413,26.8923,178.1184 , 12.7885,4.4943,<LOD,5.9290,0.1640,9.4287 , 0.5850,2.2216,15.7813 , 2.0201,0.3880,136.0114 , 1.2315,14.0893,4.5976 , 0.9751,0.3687,473932.0625 , 4493.8569,<LOD,3.1068,0.2158,37.3865 , 0.9311,2.0154,146.4939 , 0.9947,9.4930,5.9980 , 0.7331,0.3618,1.9722 , 0.8620,0.4880,294.6310 , 20.4736,16.9899,6114.1016 , 80.8091,6.8134,<LOD,46.9367,0.7591,5994.2114 , 90.3634,2.8841,,,,,,7,429.000000,39.006741,-122.663971,10.000000,529094.437500,4317578.500000,
213,Mining,126.05,35.61,30.12,30.10,30.22,"Wed Apr 29, 2026 - 13:55:23",User,1.5,ppm,,,,,,,,,Mining,,,,,,,,,,,,<LOD,1.5545,0.8306,222110.3125 , 2727.7417,3.3265,<LOD,3.1266,0.1050,<LOD,1.4221,0.1591,<LOD,2.3373,1.5300,<LOD,58.2063,16.7715,70.0633 , 7.0531,3.6456,12.0585 , 2.7578,0.3491,43463.0234 , 277.0948,109.3162,<LOD,0.0000,0.0000,<LOD,10261.5059,0.0755,154.2447 , 21.3172,0.9454,<LOD,1.1002,5.2286,6.7285 , 0.5908,3.1966,13.4453 , 4.8924,0.2308,991.9169 , 175.5370,0.2524,11.4154 , 1.0283,0.3907,<LOD,1.3643,0.5892,<LOD,0.0000,0.0000,,,,1483.0470 , 49.1795,0.6997,<LOD,4.4590,4.5301,<LOD,0.8360,0.2009,312742.4062 , 1061.6772,24.4359,13.8408 , 2.4046,3.6682,<LOD,0.0000,0.0000,,,,13671.2285 , 87.0823,41.3817,286.5132 , 19.1635,6.8885,<LOD,6.4437,0.1706,6.7653 , 0.6178,2.1078,15.2650 , 2.1373,0.3848,174.0523 , 1.6937,16.6057,19.8072 , 1.4187,0.7931,389894.2188 , 8432.5469,2.9305 , 1.7396,0.2391,46.4220 , 1.1053,2.3730,142.1013 , 1.1733,9.0012,6.4766 , 0.8367,0.3937,2.4603 , 0.9392,0.5001,312.6320 , 22.1795,17.4331,2091.2917 , 64.4024,2.6668,<LOD,43.2272,0.7135,7312.1733 , 125.0539,3.6808,,,,,,8,429.600006,39.006737,-122.663979,10.000000,529094.250000,4317578.000000,
214,Mining,120.59,30.08,30.15,30.09,30.27,"Wed Apr 29, 2026 - 14:21:04",User,1.5,ppm,,,,,,,,,Mining,,,,,,,,,,,,<LOD,1.7695,0.6408,77344.4688 , 1570.0692,1.3384,<LOD,3.4223,0.0839,<LOD,1.5528,0.1271,<LOD,2.6400,1.1506,<LOD,70.0760,18.0334,50.7103 , 6.7460,2.8063,24.9229 , 3.3539,0.3496,57151.2383 , 213.4755,118.5342,<LOD,0.0000,0.0000,25704.2598 , 5532.6992,0.0833,542.0218 , 30.0595,1.4243,<LOD,1.1999,4.0423,5.1785 , 0.6459,2.4858,25.5375 , 5.9015,0.2079,1703.6156 , 256.7483,0.3377,17.3409 , 1.2405,0.3806,<LOD,1.5668,0.4642,<LOD,0.0000,0.0000,,,,21688.7852 , 167.1060,5.8229,<LOD,5.0844,3.4254,<LOD,0.9133,0.1585,359889.0000 , 842.0309,25.8709,11.1882 , 2.7725,2.8946,<LOD,0.0000,0.0000,,,,7131.4214 , 51.5634,17.9901,156.1608 , 14.6899,3.1748,<LOD,7.9782,0.1768,10.2057 , 0.7195,1.8988,41.4654 , 2.9806,0.5061,130.5154 , 1.4312,10.7192,4.5938 , 1.3215,0.3806,416033.7500 , 6372.6616,3.1071 , 2.0024,0.2063,51.6185 , 1.2357,2.0528,191.6807 , 1.3247,9.3122,3.8745 , 0.8921,0.2887,3.8435 , 1.0972,0.4525,388.7378 , 25.8873,14.6397,16459.7520 , 163.6539,16.0861,<LOD,53.5356,0.7504,15230.9990 , 173.2455,6.4187,,,,,,10,427.600006,39.007050,-122.663933,10.000000,529097.750000,4317612.500000,
215,Mining,120.73,30.23,30.12,30.12,28.75,"Wed Apr 29, 2026 - 14:23:46",User,1.5,ppm,,,,,,,,,Mining,,,,,,,,,,,,<LOD,1.8875,0.6677,76696.8672 , 1707.9689,1.3262,<LOD,3.5194,0.0778,<LOD,1.5900,0.1168,<LOD,2.8005,1.1882,<LOD,75.0361,18.9249,61.2781 , 7.1696,2.9237,27.6604 , 3.5664,0.3485,62553.8438 , 230.6136,125.0179,<LOD,0.0000,0.0000,23987.2832 , 5953.8149,0.0815,506.3548 , 30.7543,1.3671,<LOD,1.2373,3.8340,5.4504 , 0.6616,2.3471,36.8543 , 6.4179,0.2156,1706.0527 , 276.7985,0.3419,25.2711 , 1.4384,0.4500,<LOD,1.6890,0.4951,<LOD,0.0000,0.0000,,,,23387.0117 , 181.5613,6.0819,<LOD,5.3504,3.4753,<LOD,0.9497,0.1512,362409.2812 , 870.3937,25.3872,15.3510 , 2.9192,2.9391,<LOD,0.0000,0.0000,,,,7427.4219 , 54.2862,18.2099,151.8982 , 15.3702,3.1923,<LOD,8.2410,0.1657,10.9569 , 0.7658,1.8804,36.7044 , 3.0149,0.4560,139.8292 , 1.5315,10.6988,4.9781 , 1.5121,0.4320,406916.6875 , 6913.1265,7.9071 , 2.2174,0.2288,55.4316 , 1.3048,2.0245,200.1783 , 1.4051,9.1556,4.7241 , 0.9399,0.2881,<LOD,2.0086,0.3959,438.1216 , 27.2647,14.8426,17279.4062 , 170.3101,16.2507,<LOD,57.1430,0.7509,15907.1875 , 180.2520,6.4954,,,,,,10,428.000000,39.007050,-122.663925,10.000000,529098.187500,4317612.500000,
216,Mining,120.68,30.00,30.16,30.26,30.26,"Wed Apr 29, 2026 - 14:26:40",User,1.5,ppm,,,,,,,,,Mining,,,,,,,,,,,,<LOD,1.7566,0.7132,108768.7422 , 1858.2614,1.7404,<LOD,3.6389,0.0933,<LOD,1.6823,0.1470,<LOD,2.5870,1.2487,<LOD,71.0343,18.2816,71.8305 , 6.2773,2.8094,23.1264 , 3.3979,0.3541,57044.8164 , 231.0046,121.5894,<LOD,0.0000,0.0000,32405.3008 , 5592.8115,0.0928,616.1766 , 31.7648,1.5724,<LOD,1.2181,4.0499,5.3334 , 0.6623,2.5552,37.2888 , 6.0827,0.2263,1447.3339 , 226.1547,0.2885,28.2802 , 1.4646,0.5237,<LOD,1.5665,0.5246,<LOD,0.0000,0.0000,,,,14170.9326 , 134.1102,4.0519,<LOD,4.9653,3.7099,<LOD,0.9872,0.1846,303435.2812 , 811.4244,21.4175,14.0405 , 2.6964,3.0857,<LOD,0.0000,0.0000,,,,5908.1177 , 45.8822,15.4844,127.9608 , 12.8902,2.7712,<LOD,8.1798,0.1832,11.1829 , 0.7483,2.0244,45.0313 , 3.1063,0.5422,127.8561 , 1.5101,11.5725,3.5744 , 1.5048,0.4669,435350.4062 , 6759.4336,3.1150 , 2.0482,0.2123,50.3030 , 1.2571,2.0661,277.4907 , 1.6779,13.6429,3.2502 , 0.9503,0.3159,2.6646 , 1.1607,0.4992,387.4481 , 25.0386,15.2601,26276.0312 , 193.8153,26.5375,<LOD,50.7772,0.7309,13357.0303 , 155.9633,6.0039,,,,,,7,428.200012,39.007050,-122.663925,10.000000,529098.187500,4317612.500000,
217,Mining,120.67,30.27,30.14,30.25,28.79,"Wed Apr 29, 2026 - 14:29:09",User,1.5,ppm,,,,,,,,,Mining,,,,,,,,,,,,<LOD,1.8849,0.6438,108124.5938 , 2250.4526,1.7268,<LOD,3.8042,0.0886,<LOD,1.6961,0.1295,<LOD,2.7661,1.1107,<LOD,70.5723,15.0282,70.3055 , 6.4462,2.5586,22.9635 , 3.5002,0.3246,52409.3047 , 216.7223,99.3966,<LOD,0.0000,0.0000,36548.9453 , 6358.3564,0.0957,654.7339 , 33.2328,1.4307,<LOD,1.2590,3.7514,5.6140 , 0.6836,2.3587,37.5859 , 6.1987,0.2218,1134.1918 , 245.3258,0.2560,19.9305 , 1.3557,0.3882,<LOD,1.7067,0.4896,<LOD,0.0000,0.0000,,,,13328.1279 , 139.5397,3.4238,<LOD,5.4405,3.5086,<LOD,1.0177,0.1692,327612.5000 , 859.1819,21.0768,18.5691 , 2.9730,2.9754,<LOD,0.0000,0.0000,,,,6222.7500 , 46.9882,14.3594,140.7525 , 13.3074,2.5693,<LOD,8.2802,0.1621,12.5271 , 0.7757,1.8938,44.7778 , 3.2026,0.4984,123.8428 , 1.5290,10.3655,2.1833 , 1.3791,0.3349,411176.0625 , 8035.5132,<LOD,5.1362,0.1885,50.6180 , 1.2955,1.9008,286.0670 , 1.7395,12.7664,3.5148 , 0.9616,0.2828,3.6557 , 1.2102,0.4739,449.2771 , 27.6875,14.9113,28314.4824 , 202.5275,25.5756,<LOD,56.2183,0.6882,13182.1045 , 157.4422,5.3273,,,,,,7,428.700012,39.007050,-122.663925,10.000000,529098.187500,4317612.500000,
218,Mining,120.76,30.15,30.17,30.23,28.07,"Wed Apr 29, 2026 - 14:32:49",User,1.5,ppm,,,,,,,,,Mining,,,,,,,,,,,,<LOD,1.9182,0.6459,61677.4375 , 1540.0818,1.0983,<LOD,4.0104,0.0878,<LOD,1.7277,0.1208,<LOD,2.7725,1.0748,<LOD,85.6573,25.1494,53.2528 , 7.2944,2.9841,41.3412 , 4.0837,0.4038,81343.1562 , 273.5862,168.4661,<LOD,0.0000,0.0000,32785.1953 , 6159.4702,0.0876,497.7505 , 32.1797,1.5401,<LOD,1.3519,3.8559,6.7675 , 0.7281,2.3880,65.6827 , 7.5369,0.2354,1911.8494 , 270.5263,0.3579,10.4892 , 1.2437,0.2910,<LOD,1.6796,0.4574,<LOD,0.0000,0.0000,,,,23051.2695 , 175.0192,6.1459,<LOD,5.4567,3.3707,<LOD,1.1192,0.1875,332569.6875 , 833.7147,23.1194,14.7396 , 2.9733,2.8434,<LOD,0.0000,0.0000,,,,7571.8755 , 55.8160,19.3173,129.3705 , 15.7262,3.2764,<LOD,8.8190,0.1662,13.2199 , 0.8247,1.8966,42.7619 , 3.3069,0.4833,166.8724 , 1.7190,11.6273,5.9061 , 1.3637,0.3223,433686.5938 , 6936.5107,4.8489 , 2.2493,0.2013,55.7401 , 1.3834,1.9717,194.1272 , 1.4418,8.4950,3.5573 , 0.9744,0.2562,2.9028 , 1.1955,0.4074,460.1752 , 27.9279,14.5137,11201.8916 , 143.1365,11.0123,<LOD,54.9387,0.7612,12431.5117 , 166.0289,5.2536,,,,,,9,429.000000,39.007053,-122.663925,10.000000,529098.187500,4317613.000000,
219,Mining,120.65,30.23,30.07,30.26,27.99,"Wed Apr 29, 2026 - 14:35:24",User,1.5,ppm,,,,,,,,,Mining,,,,,,,,,,,,<LOD,1.9814,0.6715,57048.7305 , 1337.7860,1.0179,<LOD,3.8009,0.0811,<LOD,1.8023,0.1358,<LOD,2.9232,1.1756,<LOD,89.6338,31.5749,52.2877 , 7.9850,3.4474,36.6060 , 3.9587,0.3927,95932.5625 , 293.5810,210.9979,<LOD,0.0000,0.0000,19887.2285 , 5561.3447,0.0735,434.9380 , 31.0298,1.6507,<LOD,1.3396,3.8646,6.2538 , 0.7207,2.3906,68.2135 , 7.9299,0.2343,2004.7667 , 263.2835,0.3883,12.5806 , 1.2744,0.3143,<LOD,1.6955,0.4526,<LOD,0.0000,0.0000,,,,25376.8945 , 176.1178,7.1998,<LOD,5.6520,3.5225,<LOD,1.0413,0.1644,289822.0938 , 770.0905,20.8147,21.1827 , 3.0980,3.0205,<LOD,0.0000,0.0000,,,,8134.8682 , 60.4654,22.1821,126.6086 , 17.0853,3.7157,<LOD,9.1243,0.1841,10.2835 , 0.7868,1.7577,32.6538 , 3.0681,0.4294,165.7634 , 1.6862,11.5439,5.2127 , 1.3737,0.3311,475974.7188 , 6075.0474,6.6119 , 2.3406,0.2255,51.5012 , 1.3279,1.8508,186.6537 , 1.3924,8.2119,<LOD,1.9777,0.2351,3.0352 , 1.1827,0.4068,499.1135 , 28.9721,15.2121,11439.8555 , 150.8811,11.9297,<LOD,50.6742,0.7484,12658.7363 , 175.4762,5.7238,,,,,,9,429.100006,39.007053,-122.663933,10.000000,529097.875000,4317613.000000,
220,Mining,120.85,30.19,30.08,30.33,30.25,"Wed Apr 29, 2026 - 14:38:39",User,1.5,ppm,,,,,,,,,Mining,,,,,,,,,,,,<LOD,2.3275,0.5230,29088.8516 , 1210.8228,0.5941,<LOD,4.6291,0.0700,<LOD,1.9774,0.0950,<LOD,3.3477,0.8609,<LOD,120.8489,52.5887,<LOD,18.4457,4.0199,38.0716 , 4.7039,0.3310,164950.2500 , 638.3753,346.2589,<LOD,0.0000,0.0000,<LOD,15983.6016,0.0626,233.0766 , 33.0848,1.7671,<LOD,1.6425,3.3537,4.4998 , 0.8158,1.7639,86.3960 , 12.1783,0.2333,3256.3521 , 330.6409,0.5951,26.0796 , 1.8026,0.3659,<LOD,1.9230,0.3274,<LOD,0.0000,0.0000,,,,52505.3438 , 270.5567,14.2963,<LOD,6.5647,2.6491,<LOD,1.2107,0.1271,217703.5312 , 764.8957,14.5713,14.6877 , 3.5581,2.1984,<LOD,0.0000,0.0000,,,,9500.3037 , 81.3588,25.1295,193.0343 , 23.2055,4.3979,<LOD,10.1425,0.1309,3.5673 , 0.8585,1.1702,10.9884 , 3.0918,0.2588,248.8569 , 2.4917,12.9297,8.7119 , 1.9393,0.3883,502568.5938 , 10367.9707,24.4276 , 3.2301,0.2706,49.6190 , 1.5360,1.3662,341.6976 , 2.3062,11.1065,<LOD,1.4015,0.1001,<LOD,3.4611,0.3798,438.9204 , 33.3738,10.9045,3438.8843 , 110.4364,3.7384,<LOD,53.7323,0.8141,10275.2344 , 197.8526,4.5462,,,,,,9,429.299988,39.007053,-122.663933,10.000000,529097.875000,4317613.000000,
221,Mining,120.49,30.01,30.27,30.02,30.19,"Wed Apr 29, 2026 - 14:41:30",User,1.5,ppm,,,,,,,,,Mining,,,,,,,,,,,,<LOD,3.3881,0.5411,29247.4316 , 1165.2117,0.5970,<LOD,4.6565,0.0679,<LOD,2.1993,0.1129,<LOD,3.5250,0.8763,<LOD,123.6347,52.8770,<LOD,27.7333,4.0762,41.5975 , 4.8617,0.3395,165099.8750 , 557.2477,346.1304,<LOD,0.0000,0.0000,<LOD,13679.2485,0.0608,259.0680 , 34.1551,1.8081,<LOD,1.6774,3.3630,5.6239 , 0.8404,1.8040,68.7885 , 12.4404,0.2315,3390.4275 , 331.3672,0.6030,25.5122 , 1.8340,0.3634,<LOD,1.9859,0.3184,<LOD,0.0000,0.0000,,,,52581.8789 , 261.2353,14.3195,<LOD,6.8906,2.6865,<LOD,1.2422,0.1296,218821.2344 , 734.2456,14.6487,21.2502 , 3.7521,2.2519,<LOD,0.0000,0.0000,,,,9732.0781 , 79.2317,25.4564,178.0376 , 22.8093,4.3312,<LOD,10.3083,0.1297,2.9556 , 0.8639,1.1370,9.6960 , 3.1163,0.2523,247.9912 , 2.4798,12.8812,10.4271 , 2.0119,0.4088,502656.0312 , 8977.1006,19.3311 , 3.1508,0.2443,47.7074 , 1.5364,1.3186,342.2749 , 2.2833,11.1040,<LOD,1.5771,0.1257,<LOD,3.2446,0.3690,452.3613 , 34.8444,10.9439,3376.3882 , 108.6995,3.6821,<LOD,53.2435,0.8026,10072.5400 , 194.1143,4.4555,,,,,,8,429.299988,39.007057,-122.663933,10.000000,529097.875000,4317613.500000,
222,Mining,120.45,30.05,30.24,30.16,30.00,"Wed Apr 29, 2026 - 14:44:43",User,1.5,ppm,,,,,,,,,Mining,,,,,,,,,,,,<LOD,2.5201,0.5323,21826.9238 , 1139.6006,0.5181,<LOD,5.4582,0.0885,<LOD,2.7324,0.1646,<LOD,3.5784,0.8484,<LOD,124.8098,50.3626,<LOD,19.2321,3.8320,31.8470 , 4.6925,0.2999,165517.0938 , 614.4506,329.2378,<LOD,0.0000,0.0000,<LOD,16477.7651,0.0643,125.9757 , 32.4643,1.5267,<LOD,1.7447,3.3337,6.9463 , 0.8818,1.7938,71.4186 , 12.4957,0.2326,3730.9163 , 360.1907,0.6404,155.5549 , 3.6285,1.3349,<LOD,2.1023,0.3404,<LOD,0.0000,0.0000,,,,62459.1836 , 301.7384,16.3721,<LOD,7.1129,2.7002,<LOD,2.0070,0.1737,258980.6562 , 826.6423,17.4503,20.7195 , 3.8806,2.2862,<LOD,0.0000,0.0000,,,,11668.8740 , 92.2696,29.3053,97.5329 , 25.1310,4.5474,<LOD,0.0000,0.1288,4.5036 , 0.9699,1.3469,<LOD,4.1939,0.1962,269.6208 , 2.6299,13.1098,14.1986 , 3.6401,1.1648,453969.3750 , 10592.9707,45.1327 , 3.8012,0.3842,52.3959 , 1.6310,1.3947,333.4883 , 2.3077,10.3781,<LOD,2.1258,0.2466,4.2081 , 1.6453,0.4065,551.9321 , 36.6516,11.6426,2022.2094 , 95.4639,2.2595,<LOD,56.4060,0.7979,13446.4326 , 228.8312,5.5811,,,,,,8,429.799988,39.007053,-122.663925,10.000000,529098.187500,4317613.000000,
223,Mining,120.07,30.00,30.24,30.12,29.71,"Wed Apr 29, 2026 - 14:47:09",User,1.5,ppm,,,,,,,,,Mining,,,,,,,,,,,,<LOD,2.4294,0.4997,24215.2051 , 1102.4497,0.5526,<LOD,5.6722,0.0979,<LOD,2.6921,0.1624,<LOD,3.5352,0.8400,<LOD,124.4380,50.8737,<LOD,18.7912,3.8707,36.7563 , 4.7606,0.3142,165280.0781 , 409.3643,331.6060,<LOD,0.0000,0.0000,<LOD,9864.5435,0.0577,126.5163 , 32.4093,1.5448,<LOD,1.7362,3.3679,6.1602 , 0.8701,1.7753,52.3744 , 12.3048,0.2129,3482.2139 , 362.3424,0.6360,162.1319 , 3.6506,1.3927,<LOD,2.1094,0.3489,<LOD,0.0000,0.0000,,,,61820.2578 , 278.5136,16.3255,<LOD,7.0924,2.7508,<LOD,1.4146,0.1625,259439.7188 , 748.4816,17.6150,32.8636 , 3.9065,2.3823,<LOD,0.0000,0.0000,,,,11606.1416 , 85.9678,29.1678,125.1216 , 24.5225,4.5933,<LOD,0.0000,0.1342,5.2395 , 0.9750,1.3874,<LOD,4.1487,0.1952,264.5607 , 2.4723,13.0396,10.8886 , 3.6421,1.1680,456870.4375 , 6720.3516,42.3557 , 3.7250,0.3754,51.7930 , 1.6053,1.3904,335.3225 , 2.1732,10.5278,<LOD,2.0891,0.2405,3.5290 , 1.6209,0.4013,561.4541 , 36.2102,11.6841,2023.3176 , 93.4420,2.2817,<LOD,56.2335,0.7872,13445.6074 , 222.6801,5.6314,,,,,,8,430.399994,39.007053,-122.663933,10.000000,529097.875000,4317613.000000,
224,Mining,110.24,30.20,30.26,30.21,19.57,"Wed Apr 29, 2026 - 14:50:49",User,1.5,ppm,,,,,,,,,Mining,,,,,,,,,,,,<LOD,1.2877,1.0196,39920.7539 , 943.1833,0.9474,<LOD,2.8607,0.1359,<LOD,1.1960,0.1721,<LOD,1.9635,1.9415,<LOD,31.5764,5.6079,17.5491 , 3.7791,2.2601,4.0467 , 2.2981,0.3608,13224.3359 , 84.4256,36.9067,<LOD,0.0000,0.0000,<LOD,6424.4795,0.0441,34.6490 , 15.4721,0.5543,<LOD,1.2783,6.7413,6.9992 , 0.5128,3.9482,<LOD,4.9087,0.2257,680.3918 , 200.9824,0.2079,25.9299 , 1.1348,0.7391,<LOD,1.1741,0.7840,<LOD,0.0000,0.0000,,,,3661.8594 , 84.4302,1.3935,<LOD,3.7356,5.7421,<LOD,0.7397,0.2375,468744.0000 , 1063.4326,45.2664,7.8941 , 1.9815,4.5866,<LOD,0.0000,0.0000,,,,7025.3872 , 39.5705,24.1738,85.8460 , 9.8879,3.9574,<LOD,5.6780,0.2012,2.9821 , 0.5248,2.3659,<LOD,2.1491,0.2564,162.8919 , 1.2552,18.7658,1.9275 , 1.1631,0.6334,457079.8125 , 4295.4038,<LOD,2.2877,0.2645,47.2780 , 0.9680,3.0378,32.2600 , 0.4759,3.0985,4.3720 , 0.7148,0.4550,<LOD,1.7085,0.4812,961.2363 , 21.5608,34.1824,731.0642 , 30.3424,1.1657,<LOD,54.0309,0.7640,6087.9165 , 78.7870,3.2444,,,,,,9,424.100006,39.007092,-122.663887,10.000000,529101.500000,4317617.500000,
225,Mining,120.75,30.27,30.28,30.23,29.97,"Wed Apr 29, 2026 - 14:54:41",User,1.5,ppm,,,,,,,,,Mining,,,,,,,,,,,,<LOD,1.3876,0.9205,60393.1562 , 1027.4790,1.2238,<LOD,2.7369,0.1051,<LOD,1.2105,0.1502,<LOD,2.0744,1.6788,<LOD,37.7937,7.2140,43.9296 , 4.1912,2.4240,26.5625 , 2.8238,0.4673,18030.7363 , 98.0151,45.8844,<LOD,0.0000,0.0000,16516.9160 , 3804.6233,0.0649,133.0119 , 18.3942,0.7081,<LOD,0.9920,5.7317,5.8323 , 0.5276,3.4305,<LOD,5.4612,0.2228,826.2801 , 190.8637,0.2429,17.6694 , 1.0339,0.5208,<LOD,1.2471,0.6860,<LOD,0.0000,0.0000,,,,3370.7930 , 70.1031,1.2181,<LOD,3.9266,4.8916,<LOD,0.7269,0.1965,485108.0625 , 916.4349,43.8775,11.4603 , 2.1096,4.0138,<LOD,0.0000,0.0000,,,,7725.1680 , 41.1320,24.0732,83.5491 , 10.5064,3.8431,<LOD,6.0738,0.1965,5.8302 , 0.5533,2.2527,8.1661 , 1.8116,0.3534,151.3396 , 1.2414,16.1660,1.9568 , 1.0699,0.4624,397313.8750 , 4238.7295,3.7548 , 1.6422,0.2770,43.5395 , 0.9645,2.5350,74.0077 , 0.7040,5.6330,4.3612 , 0.7190,0.3888,1.7852 , 0.8030,0.4817,791.1183 , 21.7318,27.0907,3368.4846 , 56.0773,4.0583,<LOD,47.4207,0.7383,5938.6426 , 80.9560,2.9770,,,,,,9,417.899994,39.007103,-122.663887,10.000000,529101.937500,4317618.500000,
226,Mining,18.21,18.21,,,,"Wed Apr 29, 2026 - 14:56:18",User,1.5,ppm,,,,,,,,,Mining,,,,,,,,,,,,<LOD,7.9558,39.7261,,,,<LOD,4.4806,0.1686,<LOD,1.5727,0.1514,<LOD,8.7518,42.9198,<LOD,58.3078,11.4711,<LOD,47.8434,0.5150,64.5500 , 4.8475,0.8315,30158.3906 , 132.6853,85.0321,<LOD,0.0000,0.0000,,,,<LOD,30.0959,0.5598,<LOD,1.4606,7.5345,8.0142 , 0.7706,4.4854,31.4506 , 5.1672,0.2340,,,,3.5128 , 1.0884,0.3404,<LOD,8.7401,44.5373,<LOD,0.0000,0.0000,,,,,,,<LOD,15.2176,44.0826,<LOD,1.0452,0.2354,,,,<LOD,10.4577,35.6748,<LOD,0.0000,0.0000,,,,11313.7305 , 255.4313,5.6206,<LOD,156.6425,1.4972,<LOD,0.0000,0.2082,<LOD,1.0001,1.9204,<LOD,3.3140,0.3187,209.9364 , 1.8282,23.2258,<LOD,1.7596,0.3098,958044.3750 , 411.2098,126.9634 , 4.9681,1.8028,29.2225 , 1.1661,2.0436,6.8356 , 0.4463,1.3697,3.0199 , 0.8921,0.3396,<LOD,1.9614,0.7158,,,,,,,,,,,,,,,,,,9,420.899994,39.007030,-122.663887,10.000000,529101.625000,4317610.500000,
227,Mining,120.75,30.15,30.14,30.26,30.20,"Wed Apr 29, 2026 - 14:59:15",User,1.5,ppm,,,,,,,,,Mining,,,,,,,,,,,,<LOD,1.0673,1.1344,29335.7090 , 554.6469,0.8028,<LOD,2.5291,0.1723,<LOD,0.9369,0.1717,<LOD,1.6368,2.2007,<LOD,15.5194,2.0034,34.7867 , 3.0116,2.1603,64.7401 , 2.9565,0.9647,3706.5684 , 37.0088,12.6184,<LOD,0.0000,0.0000,5456.9106 , 2392.0977,0.0492,<LOD,15.5209,0.3563,<LOD,0.8339,8.1273,6.5719 , 0.4363,4.7377,<LOD,3.6136,0.2372,597.8381 , 138.5926,0.2187,<LOD,0.8513,0.3347,<LOD,0.9365,0.8004,<LOD,0.0000,0.0000,,,,4791.1455 , 67.5302,2.0692,6.1726 , 2.0636,6.7054,<LOD,0.6020,0.2529,415309.7500 , 694.1566,45.2473,3.3643 , 1.6188,4.8662,<LOD,0.0000,0.0000,,,,11412.2441 , 39.1935,44.2158,69.5671 , 9.6604,6.2628,<LOD,0.0000,0.2020,<LOD,0.5772,2.1019,<LOD,1.8042,0.2965,181.4261 , 1.0978,25.2534,1.7266 , 0.6324,0.3333,525362.9375 , 2558.2712,81.1405 , 2.6223,1.5847,25.6790 , 0.6712,2.2284,3.2185 , 0.2292,1.1750,1.7571 , 0.5116,0.3497,<LOD,1.0723,0.7002,479.6022 , 15.8271,29.3874,578.3672 , 21.1372,1.0106,309.5057 , 26.1862,0.9402,2179.2141 , 42.9003,1.4942,,,,,,9,423.500000,39.007034,-122.663887,10.000000,529101.625000,4317611.000000,
228,Mining,126.11,35.61,30.22,30.22,30.06,"Wed Apr 29, 2026 - 15:01:43",User,1.5,ppm,,,,,,,,,Mining,,,,,,,,,,,,<LOD,1.0626,1.1196,30654.0879 , 570.9668,0.8237,<LOD,2.5386,0.1715,<LOD,0.8863,0.1516,<LOD,1.6428,2.2115,<LOD,15.8463,2.0646,33.5552 , 3.0892,2.1778,62.3886 , 2.9412,0.9425,3816.1582 , 37.8570,12.9917,<LOD,0.0000,0.0000,8690.5020 , 2494.1428,0.0529,<LOD,15.6577,0.3591,<LOD,0.8367,8.0736,6.6004 , 0.4386,4.7269,<LOD,3.6214,0.2342,575.5416 , 142.4297,0.2273,3.8217 , 0.6401,0.3745,<LOD,0.9472,0.8178,<LOD,0.0000,0.0000,,,,4660.8867 , 67.1963,2.0116,7.7314 , 2.0763,6.7876,<LOD,0.6005,0.2475,417679.6250 , 713.3320,45.6294,4.0524 , 1.6259,4.8979,<LOD,0.0000,0.0000,,,,11280.2168 , 40.0934,43.7812,75.4529 , 9.8679,6.2506,<LOD,0.0000,0.2034,<LOD,0.5795,2.0899,<LOD,1.8231,0.2989,180.2275 , 1.1052,25.1116,<LOD,0.9602,0.2935,518635.8125 , 2643.7761,82.5023 , 2.6565,1.6051,24.5567 , 0.6643,2.1437,3.2063 , 0.2307,1.1747,1.9072 , 0.5000,0.3414,<LOD,1.0760,0.6952,464.0600 , 15.8138,29.0873,581.0789 , 21.7846,1.0279,320.6390 , 26.3951,0.9379,2155.3679 , 43.6815,1.4814,,,,,,7,422.899994,39.007042,-122.663887,10.000000,529101.625000,4317612.000000,
229,Mining,120.16,30.28,30.06,30.25,29.57,"Wed Apr 29, 2026 - 15:05:03",User,1.5,ppm,,,,,,,,,Mining,,,,,,,,,,,,<LOD,1.0996,1.0728,16594.4082 , 518.3727,0.6025,<LOD,2.4227,0.1402,<LOD,0.9211,0.1470,<LOD,1.7053,2.1398,<LOD,8.1512,0.4883,20.1580 , 2.9037,1.7531,<LOD,2.7416,0.3205,552.6302 , 16.3677,2.1219,<LOD,0.0000,0.0000,6606.9531 , 2447.6001,0.0447,<LOD,14.9778,0.2792,<LOD,0.8490,7.5285,8.5557 , 0.4585,4.7080,<LOD,3.5086,0.2117,441.7449 , 130.4639,0.1654,<LOD,0.8040,0.2639,<LOD,1.0104,0.8360,<LOD,0.0000,0.0000,,,,1640.6445 , 47.3048,0.8212,16.7929 , 2.1928,6.8332,<LOD,0.5852,0.2124,427211.7500 , 707.5778,42.7882,<LOD,3.7982,4.5886,<LOD,0.0000,0.0000,,,,11216.1318 , 38.5991,39.7708,53.2898 , 9.6092,5.5328,<LOD,0.0000,0.2213,<LOD,0.4959,1.4120,<LOD,1.6166,0.2097,149.2154 , 1.0203,19.9430,<LOD,1.0313,0.2213,534532.2500 , 2662.1028,23.9104 , 1.8070,0.6596,1.6194 , 0.3902,0.5162,0.9004 , 0.1991,0.7885,<LOD,0.8353,0.2455,<LOD,1.2942,0.4794,81.2372 , 14.6915,19.2413,287.8506 , 14.9375,0.4773,265.6412 , 27.5609,0.8760,294.2743 , 24.0759,0.3521,,,,,,10,419.399994,39.007030,-122.663864,10.000000,529103.500000,4317610.500000,
230,Mining,120.61,30.26,30.10,30.22,30.03,"Wed Apr 29, 2026 - 15:07:29",User,1.5,ppm,,,,,,,,,Mining,,,,,,,,,,,,<LOD,1.0551,1.0524,15826.4199 , 479.1434,0.5894,<LOD,2.3221,0.1418,<LOD,0.8248,0.1302,<LOD,1.6471,2.1310,<LOD,7.6965,0.4795,19.6891 , 2.9307,1.7850,<LOD,2.5500,0.3062,543.6418 , 15.6442,2.1424,<LOD,0.0000,0.0000,<LOD,3215.6239,0.0359,<LOD,13.7993,0.2612,<LOD,0.8011,7.4017,7.6211 , 0.4367,4.7265,<LOD,3.2558,0.2011,495.2737 , 125.5413,0.1717,<LOD,0.7423,0.2473,<LOD,0.9334,0.7549,<LOD,0.0000,0.0000,,,,1662.8574 , 45.5585,0.8460,13.4820 , 2.1034,6.6680,<LOD,0.5880,0.2429,416750.7188 , 656.1625,42.3896,3.9893 , 1.6215,4.5891,<LOD,0.0000,0.0000,,,,10985.4893 , 37.7353,39.9330,73.4217 , 9.7305,5.6706,<LOD,0.0000,0.2072,<LOD,0.4789,1.4608,<LOD,1.5204,0.2049,142.9476 , 0.9592,19.7046,<LOD,0.7642,0.1908,552598.8750 , 2370.9421,21.5507 , 1.6916,0.6383,1.1352 , 0.3668,0.4944,0.5403 , 0.1870,0.7692,<LOD,0.8231,0.2308,<LOD,1.3293,0.4859,59.8178 , 14.0821,18.6399,273.5523 , 15.0046,0.4784,257.7807 , 26.3731,0.8911,261.2113 , 24.0746,0.3432,,,,,,10,420.100006,39.007027,-122.663872,10.000000,529102.812500,4317610.000000,
231,Mining,120.23,30.10,30.25,30.27,29.61,"Wed Apr 29, 2026 - 15:10:24",User,1.5,ppm,,,,,,,,,Mining,,,,,,,,,,,,<LOD,1.0886,1.1054,20179.1309 , 547.1470,0.6879,<LOD,2.2320,0.1203,<LOD,0.9212,0.1504,<LOD,1.6808,2.1788,<LOD,11.4494,0.9770,16.5852 , 2.8206,1.7677,<LOD,2.9009,0.3670,1496.2041 , 25.0553,5.0858,<LOD,0.0000,0.0000,<LOD,4548.9492,0.0422,<LOD,15.5409,0.3127,<LOD,0.8525,7.6992,7.2030 , 0.4478,4.5718,<LOD,3.6911,0.2323,480.9822 , 139.6087,0.1835,<LOD,0.7858,0.2568,<LOD,0.9976,0.8567,<LOD,0.0000,0.0000,,,,4690.4829 , 70.6575,1.8882,4.2115 , 2.1274,6.6009,<LOD,0.5919,0.2260,450965.4688 , 807.4520,47.2566,4.4240 , 1.6724,4.8214,<LOD,0.0000,0.0000,,,,9343.0576 , 36.5037,33.8560,50.8582 , 8.7839,4.7818,<LOD,4.6777,0.1976,<LOD,0.4976,1.4507,<LOD,1.6075,0.2061,149.0223 , 1.0357,20.2590,<LOD,0.7870,0.1802,510316.7188 , 3048.9209,19.4484 , 1.7281,0.5701,2.7375 , 0.3964,0.5767,0.6341 , 0.1939,0.7630,<LOD,0.9394,0.2579,<LOD,0.8905,0.4496,93.4655 , 14.6504,20.2428,658.7665 , 20.4260,0.9699,<LOD,36.4007,0.6652,<LOD,28.8376,0.1992,,,,,,10,421.899994,39.007015,-122.663879,10.000000,529102.500000,4317609.000000,
232,Mining,125.59,35.46,30.08,30.01,30.04,"Wed Apr 29, 2026 - 15:12:49",User,1.5,ppm,,,,,,,,,Mining,,,,,,,,,,,,<LOD,1.1029,1.0699,20482.3516 , 543.7333,0.6922,<LOD,2.3108,0.1309,<LOD,0.9283,0.1542,<LOD,1.7318,2.1902,<LOD,11.1764,0.9370,15.1010 , 2.8998,1.7842,<LOD,2.8184,0.3496,1466.7009 , 24.6498,5.0046,<LOD,0.0000,0.0000,7096.4990 , 2486.2290,0.0483,<LOD,15.4822,0.3121,<LOD,1.0425,7.7569,7.1907 , 0.4462,4.5834,<LOD,3.5893,0.2217,613.5240 , 138.9086,0.1951,<LOD,0.7906,0.2630,<LOD,1.0209,0.8479,<LOD,0.0000,0.0000,,,,4449.0103 , 67.6870,1.8148,4.8461 , 2.1909,6.6328,<LOD,0.5871,0.2196,450473.7500 , 726.8842,47.2922,3.9055 , 1.7175,4.8053,<LOD,0.0000,0.0000,,,,9362.8760 , 35.7791,34.0405,56.1973 , 9.0353,4.8429,<LOD,4.7971,0.2102,<LOD,0.5097,1.5420,<LOD,1.6421,0.2173,149.9347 , 1.0207,20.4104,<LOD,0.7830,0.1772,505052.7812 , 2707.8342,18.9597 , 1.7275,0.5724,2.8019 , 0.3998,0.5928,0.7237 , 0.1939,0.7712,<LOD,0.7034,0.2418,<LOD,1.0590,0.4615,91.1626 , 15.0577,20.2122,651.6755 , 21.1410,0.9893,<LOD,36.0003,0.6791,<LOD,29.9508,0.2036,,,,,,10,422.799988,39.007015,-122.663879,10.000000,529102.250000,4317609.000000,
233,Mining,120.71,30.12,30.22,30.20,30.17,"Wed Apr 29, 2026 - 15:16:10",User,1.5,ppm,,,,,,,,,Mining,,,,,,,,,,,,<LOD,1.1883,1.1084,25148.2656 , 614.9083,0.7566,<LOD,3.1401,0.2210,<LOD,1.0437,0.1777,<LOD,1.8151,2.1245,<LOD,11.9423,0.9842,15.7757 , 2.8893,1.6791,5.5096 , 2.1244,0.4101,1525.9714 , 25.7564,4.9810,<LOD,0.0000,0.0000,9238.4727 , 2871.6833,0.0563,<LOD,17.2651,0.3567,<LOD,0.9583,7.4222,7.1890 , 0.4735,4.4354,<LOD,3.9744,0.2512,873.5582 , 177.9251,0.2617,<LOD,0.8666,0.2852,<LOD,1.1062,0.8893,<LOD,0.0000,0.0000,,,,14016.9189 , 119.3495,5.0097,7.5203 , 2.3466,6.8032,<LOD,0.7258,0.3008,453647.3125 , 789.7159,46.4176,4.9505 , 1.8372,4.9065,<LOD,0.0000,0.0000,,,,8514.5781 , 35.0266,29.5501,60.0003 , 8.7611,4.2571,<LOD,0.0000,0.2402,<LOD,0.5371,1.5429,<LOD,1.9326,0.2809,148.0597 , 1.0491,19.2938,<LOD,0.9156,0.2412,484460.4375 , 3082.4014,130.2030 , 3.3666,2.1616,2.4084 , 0.4780,0.6276,1.7538 , 0.2361,1.0251,<LOD,1.0229,0.2677,2.6335 , 0.8547,0.8241,121.5475 , 16.1969,21.0421,2066.9443 , 36.5345,2.8091,<LOD,39.4680,0.7103,<LOD,29.1872,0.1735,,,,,,10,423.799988,39.007023,-122.663887,10.000000,529101.687500,4317609.500000,
234,Mining,120.40,30.04,30.11,30.21,30.04,"Wed Apr 29, 2026 - 15:18:34",User,1.5,ppm,,,,,,,,,Mining,,,,,,,,,,,,<LOD,1.1130,1.0887,25069.0605 , 594.9507,0.7569,<LOD,3.0689,0.2176,<LOD,1.0502,0.1855,<LOD,1.7313,2.1832,<LOD,10.5933,0.7968,17.9388 , 2.9435,1.7954,10.6660 , 2.2125,0.4589,1145.8496 , 22.5739,3.9390,<LOD,0.0000,0.0000,6975.9448 , 2735.8257,0.0537,<LOD,17.2362,0.3659,<LOD,0.8850,7.4919,6.8527 , 0.4709,4.4856,<LOD,3.7892,0.2369,795.4177 , 169.3964,0.2503,<LOD,0.8946,0.3156,<LOD,1.0002,0.8087,<LOD,0.0000,0.0000,,,,13435.9756 , 114.7507,4.8952,6.9345 , 2.1944,6.6561,<LOD,0.6770,0.2620,448316.3125 , 767.5155,46.6270,4.7771 , 1.7174,4.7959,<LOD,0.0000,0.0000,,,,8461.0000 , 34.7022,30.0313,66.5556 , 8.7789,4.3743,<LOD,0.0000,0.1950,<LOD,0.5217,1.4903,<LOD,2.0064,0.3117,144.8396 , 1.0324,19.3798,<LOD,0.9104,0.2343,492883.2500 , 2950.6028,162.9985 , 3.6962,2.6850,2.4691 , 0.4910,0.6535,2.0811 , 0.2449,1.1336,<LOD,1.0325,0.2770,2.8385 , 0.9025,0.9401,101.8987 , 15.0719,20.2518,2386.3289 , 38.9422,3.2734,<LOD,37.9981,0.6931,<LOD,31.5105,0.2085,,,,,,9,424.600006,39.007019,-122.663887,10.000000,529101.687500,4317609.000000,
235,Mining,120.15,30.05,30.14,30.05,29.91,"Wed Apr 29, 2026 - 15:25:14",User,1.5,ppm,,,,,,,,,Mining,,,,,,,,,,,,<LOD,1.5132,0.7958,173723.2031 , 2169.8289,2.6815,<LOD,3.2711,0.1114,<LOD,1.2773,0.1239,<LOD,2.2464,1.4163,<LOD,47.5550,9.1562,95.7608 , 5.3631,2.8530,5.6026 , 2.6214,0.3010,25842.7793 , 155.0013,58.8462,<LOD,0.0000,0.0000,38307.4609 , 5293.0977,0.1088,359.6508 , 24.8065,1.0450,<LOD,1.0649,4.6677,4.9981 , 0.5803,2.9551,12.6325 , 4.4774,0.2419,850.2828 , 196.5666,0.2305,7.8858 , 0.9438,0.3180,<LOD,1.3555,0.5896,<LOD,0.0000,0.0000,,,,4955.5244 , 85.1040,1.6508,<LOD,4.4112,4.5300,<LOD,0.8619,0.2045,349646.0000 , 977.4843,26.8405,12.6178 , 2.3670,3.6230,<LOD,0.0000,0.0000,,,,6901.7178 , 46.4854,18.9682,151.6580 , 11.7808,3.3137,<LOD,6.9762,0.1928,8.1871 , 0.6031,1.9797,26.9717 , 2.4210,0.4731,109.2848 , 1.3322,12.9220,9.6066 , 1.1646,0.4836,359644.0000 , 6737.6348,<LOD,2.5520,0.2100,31.6780 , 0.9785,1.7661,286.1954 , 1.6770,17.3294,3.8967 , 0.7449,0.3016,5.0878 , 1.0580,0.6231,375.6275 , 22.0788,18.1955,32977.7852 , 203.7473,35.5572,<LOD,50.7064,0.7405,5643.8745 , 96.8142,2.9982,,,,,,9,424.299988,39.007164,-122.663383,10.000000,529145.625000,4317625.500000,
236,Mining,126.15,35.46,30.25,30.22,30.22,"Wed Apr 29, 2026 - 15:27:47",User,1.5,ppm,,,,,,,,,Mining,,,,,,,,,,,,<LOD,1.5774,0.7835,175440.0625 , 2259.7847,2.7027,<LOD,3.2678,0.1047,<LOD,1.3421,0.1293,<LOD,2.3498,1.4063,<LOD,47.8074,8.7548,94.1509 , 5.3465,2.7142,10.7511 , 2.7663,0.3172,25842.0684 , 153.3388,55.8587,<LOD,0.0000,0.0000,42438.5703 , 5335.9961,0.1124,380.4504 , 25.2934,1.0276,<LOD,1.0790,4.4863,5.7962 , 0.5918,2.8896,9.6254 , 4.4902,0.2295,787.4811 , 181.4770,0.2000,8.9561 , 0.9794,0.3237,<LOD,1.4241,0.5906,<LOD,0.0000,0.0000,,,,3416.3657 , 71.5057,1.1697,<LOD,4.5730,4.3800,<LOD,0.8777,0.2021,361861.9688 , 959.8599,26.6507,10.4141 , 2.4535,3.5197,<LOD,0.0000,0.0000,,,,7079.8628 , 47.0137,18.5614,131.4563 , 11.7598,3.1589,<LOD,7.1518,0.1917,9.6438 , 0.6212,1.9867,29.7194 , 2.5095,0.4807,113.6058 , 1.3659,12.8083,8.3133 , 1.1647,0.4445,342343.6875 , 7049.1821,4.0247 , 1.8571,0.2446,31.9492 , 0.9915,1.7019,308.1180 , 1.7546,17.6760,4.6195 , 0.7837,0.3160,5.5209 , 1.0939,0.6257,431.6928 , 23.2472,18.4453,33444.3594 , 202.9235,34.3949,<LOD,50.3222,0.7322,5746.7886 , 97.5521,2.9494,,,,,,9,424.299988,39.007164,-122.663383,10.000000,529145.625000,4317625.500000,
237,Mining,120.19,30.18,30.23,30.16,29.62,"Wed Apr 29, 2026 - 15:30:38",User,1.5,ppm,,,,,,,,,Mining,,,,,,,,,,,,<LOD,1.5180,0.7582,141691.1250 , 1929.6379,2.1741,<LOD,3.0443,0.0967,<LOD,1.5921,0.1937,<LOD,2.3021,1.4263,<LOD,62.0328,8.9424,93.1809 , 5.5179,2.9521,14.1687 , 2.8145,0.3492,25202.0605 , 127.2721,55.8811,<LOD,0.0000,0.0000,23790.1133 , 4749.8740,0.0841,191.8656 , 21.5343,0.7855,<LOD,1.0653,4.7169,5.2953 , 0.6104,3.3132,<LOD,7.9228,0.2338,1426.6754 , 228.5775,0.3017,42.7269 , 1.4967,0.8164,<LOD,1.3788,0.5785,<LOD,0.0000,0.0000,,,,3875.6067 , 77.9279,1.2987,<LOD,4.3939,4.2646,<LOD,0.8352,0.1964,287360.6562 , 808.8766,19.2121,9.9498 , 2.3452,3.3543,<LOD,0.0000,0.0000,,,,8035.9077 , 47.0191,21.5856,217.3115 , 12.8409,3.9423,<LOD,7.0164,0.1966,34.6642 , 0.8238,3.8161,26.3575 , 2.4073,0.4709,118.8198 , 1.3315,13.7396,27.3375 , 1.8712,1.2712,493247.0000 , 6150.7510,9.7080 , 1.9878,0.3099,34.9948 , 1.0056,1.8986,313.0741 , 1.6138,18.5524,4.7381 , 0.8905,0.4147,5.6328 , 1.0997,0.6761,323.1142 , 21.6411,16.5696,7051.7671 , 89.8979,7.2695,<LOD,52.1331,0.7542,6846.1489 , 99.6896,3.0528,,,,,,8,424.600006,39.007172,-122.663376,10.000000,529145.750000,4317626.500000,
238,Mining,126.37,35.65,30.22,30.25,30.25,"Wed Apr 29, 2026 - 15:33:08",User,1.5,ppm,,,,,,,,,Mining,,,,,,,,,,,,<LOD,1.7826,0.6279,124644.9219 , 2311.2432,1.9219,<LOD,3.8851,0.1036,<LOD,1.6132,0.1298,<LOD,2.6411,1.1111,<LOD,54.2504,8.1847,97.2331 , 6.0309,2.4469,16.2934 , 3.1791,0.2930,30171.0488 , 130.5550,52.6154,<LOD,0.0000,0.0000,16995.0488 , 5181.4976,0.0711,319.2610 , 26.2633,0.8072,<LOD,1.1855,3.7647,4.7233 , 0.6950,2.7707,8.4461 , 4.9522,0.1848,1580.5763 , 232.2895,0.2452,29.7235 , 1.4510,0.4990,<LOD,1.5952,0.4644,<LOD,0.0000,0.0000,,,,2798.0261 , 72.9190,0.8740,<LOD,5.2328,3.6390,<LOD,0.9940,0.1765,316077.9688 , 769.4842,17.6495,10.9092 , 2.7788,2.8349,<LOD,0.0000,0.0000,,,,7534.2554 , 46.5922,16.0431,220.9477 , 13.5561,3.0065,<LOD,8.0356,0.1689,60.8572 , 1.0700,4.2328,33.1050 , 2.8414,0.4312,123.7509 , 1.4617,11.0995,21.4905 , 1.8046,0.7716,470273.3125 , 7300.6206,8.1920 , 2.1886,0.2412,36.7992 , 1.1126,1.5214,343.3486 , 1.7483,15.5614,7.6962 , 0.9641,0.3386,4.9054 , 1.2142,0.5350,453.9793 , 26.1791,14.9549,21530.1934 , 158.2765,17.6168,<LOD,55.6002,0.6629,6592.9722 , 107.4384,2.5468,,,,,,8,424.899994,39.007175,-122.663376,10.000000,529145.750000,4317626.500000,
239,Mining,120.05,30.02,30.20,30.01,29.82,"Wed Apr 29, 2026 - 15:38:44",User,1.5,ppm,,,,,,,,,Mining,,,,,,,,,,,,<LOD,1.7140,0.7449,167327.3438 , 2436.2832,2.5588,<LOD,3.5188,0.1053,<LOD,1.5848,0.1560,<LOD,2.5568,1.3424,<LOD,52.5774,9.5538,81.7487 , 5.8631,2.6963,22.6656 , 3.1604,0.3598,30391.9727 , 157.8938,61.7075,<LOD,0.0000,0.0000,23359.4043 , 5354.2090,0.0889,729.5960 , 31.7370,1.4733,<LOD,1.2198,4.3638,6.1522 , 0.6433,2.9482,14.4303 , 4.8591,0.2246,1647.5233 , 246.0107,0.3158,23.4009 , 1.2887,0.4875,<LOD,1.5233,0.5427,<LOD,0.0000,0.0000,,,,5159.9248 , 89.9335,1.5436,<LOD,4.9756,4.1870,<LOD,0.8957,0.1766,339685.5625 , 892.0863,22.7647,14.3539 , 2.6753,3.3774,<LOD,0.0000,0.0000,,,,8342.3057 , 51.9465,20.5741,193.2045 , 13.7301,3.6274,<LOD,8.1110,0.1928,33.0727 , 0.8552,3.2867,29.2498 , 2.6347,0.4595,125.6493 , 1.4308,12.4099,10.3695 , 1.4741,0.5971,391429.4688 , 7299.7080,24.0147 , 2.4717,0.4029,39.3785 , 1.0945,1.8289,290.1863 , 1.6664,15.3164,4.7356 , 0.8997,0.3477,4.0473 , 1.1455,0.5860,420.9362 , 24.9824,17.0935,23583.5742 , 171.5957,22.5474,<LOD,54.3163,0.7147,7005.6846 , 109.5193,3.1284,,,,,,8,424.399994,39.007160,-122.663368,10.000000,529146.937500,4317625.000000,
240,Mining,126.35,35.55,30.25,30.26,30.29,"Wed Apr 29, 2026 - 15:41:20",User,1.5,ppm,,,,,,,,,Mining,,,,,,,,,,,,<LOD,1.6538,0.7517,173094.2188 , 2379.1897,2.6332,<LOD,3.5720,0.1109,<LOD,1.5856,0.1602,<LOD,2.4643,1.3498,<LOD,52.4153,9.7543,114.3733 , 5.9456,2.9420,23.2546 , 3.1495,0.3662,30452.4902 , 155.3253,62.4182,<LOD,0.0000,0.0000,22230.5918 , 5137.9688,0.0890,595.8583 , 29.5781,1.3111,<LOD,1.1297,4.3566,6.8520 , 0.6430,3.0220,12.7118 , 4.8560,0.2303,1519.4668 , 235.5949,0.3053,20.7593 , 1.2393,0.4618,<LOD,1.5245,0.5931,<LOD,0.0000,0.0000,,,,7919.0469 , 103.5715,2.2299,<LOD,4.8358,4.3125,<LOD,0.9316,0.1992,329538.9062 , 855.7446,22.0480,11.4310 , 2.5745,3.3793,<LOD,0.0000,0.0000,,,,7956.8813 , 49.2224,19.7007,235.1005 , 13.4116,3.6488,<LOD,7.6223,0.1934,32.9150 , 0.8482,3.3165,32.0176 , 2.6785,0.4869,125.4708 , 1.4157,12.5103,11.4470 , 1.4499,0.6037,396981.4062 , 7085.9258,34.3316 , 2.6736,0.4930,40.6571 , 1.0991,1.8918,288.9933 , 1.6429,15.4230,4.0512 , 0.8849,0.3386,3.6588 , 1.1496,0.6027,420.0690 , 24.1596,17.3208,21997.4023 , 163.0445,21.2496,<LOD,51.9309,0.7054,6295.6284 , 103.0241,2.8550,,,,,,8,424.500000,39.007153,-122.663361,10.000000,529147.500000,4317624.000000,
241,Mining,120.87,30.14,30.20,30.27,30.26,"Wed Apr 29, 2026 - 15:44:37",User,1.5,ppm,,,,,,,,,Mining,,,,,,,,,,,,<LOD,1.5900,0.7449,112773.9688 , 1662.8063,1.7488,<LOD,3.7301,0.1314,<LOD,1.6139,0.1792,<LOD,2.3718,1.3463,<LOD,59.8066,15.8449,136.7509 , 6.8139,3.8591,74.7070 , 4.0417,0.6632,45863.7812 , 191.0714,108.1443,<LOD,0.0000,0.0000,<LOD,8344.9504,0.0596,3688.6370 , 57.8891,6.4195,<LOD,1.1421,4.7754,7.2381 , 0.6381,3.1899,29.6175 , 5.1725,0.2402,2158.9109 , 253.6843,0.4597,42.4368 , 1.5432,0.7758,<LOD,1.4144,0.5445,<LOD,0.0000,0.0000,,,,11849.4033 , 116.1286,3.6189,12.2548 , 3.0998,4.3849,<LOD,0.9058,0.2033,222905.3750 , 706.3866,15.3734,11.2600 , 2.4384,3.2193,<LOD,0.0000,0.0000,,,,6129.2368 , 44.9250,17.3068,207.1142 , 13.1890,3.3971,<LOD,0.0000,0.1565,18.2274 , 0.7041,2.4676,26.0921 , 2.5603,0.4955,139.0161 , 1.4474,14.0538,24.0373 , 1.8821,1.1441,570745.2500 , 6483.0229,89.0784 , 3.5098,1.0108,15.5433 , 0.8283,0.9893,288.6213 , 1.5963,16.1453,3.2209 , 0.8718,0.3359,2.5184 , 1.1896,0.6812,354.6067 , 22.6623,16.0156,12405.1504 , 132.2502,13.3459,<LOD,48.2794,0.8174,7505.6426 , 118.7973,3.6271,,,,,,8,421.700012,39.007160,-122.663315,10.000000,529151.250000,4317625.000000,
242,Mining,120.55,30.21,30.03,30.18,29.52,"Wed Apr 29, 2026 - 15:46:54",User,1.5,ppm,,,,,,,,,Mining,,,,,,,,,,,,<LOD,2.0431,0.7702,111901.9688 , 1522.8922,1.7343,<LOD,3.5997,0.1200,<LOD,1.5633,0.1656,<LOD,2.4191,1.3715,<LOD,58.8940,14.8239,128.4743 , 6.7868,3.7759,73.8897 , 4.0465,0.6550,43477.9609 , 162.1239,101.5388,<LOD,0.0000,0.0000,6389.3252 , 4255.7246,0.0635,3354.5913 , 55.5953,5.8172,<LOD,1.1254,4.7386,6.6095 , 0.6234,3.1246,24.9950 , 5.0155,0.2166,2319.5437 , 266.8896,0.4731,40.4471 , 1.5275,0.7517,<LOD,1.3599,0.4859,<LOD,0.0000,0.0000,,,,11654.2031 , 118.3322,3.5617,15.3737 , 3.1486,4.4384,<LOD,0.9061,0.1990,220874.2500 , 683.7350,15.0812,9.9390 , 2.4586,3.1874,<LOD,0.0000,0.0000,,,,6238.7480 , 44.8095,17.5733,208.9836 , 13.3734,3.4517,<LOD,6.8253,0.1659,18.4874 , 0.7086,2.4755,24.7780 , 2.5611,0.4794,137.3251 , 1.4217,13.9411,25.9976 , 1.9028,1.1707,571721.3125 , 5185.7593,95.1668 , 3.6495,1.0410,15.7014 , 0.8279,0.9772,284.5969 , 1.5322,15.9836,4.2757 , 0.8650,0.3365,<LOD,2.5633,0.6665,342.3083 , 22.7883,15.8313,12791.6221 , 133.4485,13.7324,<LOD,50.3370,0.8241,7819.1484 , 120.3426,3.7283,,,,,,8,421.299988,39.007160,-122.663315,10.000000,529151.125000,4317625.000000,
243,Mining,99.49,30.18,30.01,30.23,9.07,"Wed Apr 29, 2026 - 15:50:10",User,1.5,ppm,,,,,,,,,Mining,,,,,,,,,,,,<LOD,1.6745,0.7806,113151.8047 , 3924.1685,1.8255,<LOD,3.4074,0.0998,<LOD,1.5506,0.1517,<LOD,2.5170,1.4346,<LOD,57.7316,12.4649,87.3025 , 6.4538,3.0284,17.5141 , 3.0911,0.3500,37899.9766 , 310.2274,81.9732,<LOD,0.0000,0.0000,36349.9062 , 11561.8203,0.0967,476.3781 , 28.3431,1.2566,<LOD,1.1441,4.3865,4.4679 , 0.6413,2.9356,25.6970 , 5.1921,0.2427,1457.1429 , 489.7690,0.2875,9.1065 , 1.0364,0.3168,<LOD,1.5062,0.5843,<LOD,0.0000,0.0000,,,,10831.7734 , 259.8778,3.1171,<LOD,7.0810,4.5043,<LOD,0.8995,0.1831,349059.1875 , 1883.3202,25.2463,12.7759 , 2.5957,3.4690,<LOD,0.0000,0.0000,,,,7113.3359 , 61.9519,18.6737,158.6864 , 13.8132,3.3082,<LOD,11.9606,0.2145,33.4488 , 0.8888,3.3699,25.3847 , 2.5661,0.4413,119.3392 , 1.5991,12.2409,5.5505 , 1.1647,0.3715,413276.0312 , 12933.9443,11.2288 , 2.2116,0.3119,38.9332 , 1.1316,1.8763,279.1990 , 2.1266,15.2005,2.9078 , 0.8546,0.3070,5.0226 , 1.1429,0.5920,411.3518 , 24.8125,17.5301,23143.4492 , 212.0108,23.3243,<LOD,113.4814,0.7542,5993.1226 , 114.0564,2.8805,,,,,,7,421.500000,39.007156,-122.663330,10.000000,529149.937500,4317624.500000,
244,Mining,120.68,30.17,30.25,30.00,30.26,"Wed Apr 29, 2026 - 15:52:25",User,1.5,ppm,,,,,,,,,Mining,,,,,,,,,,,,<LOD,1.6002,0.7647,136877.5469 , 1913.3335,2.1572,<LOD,3.2110,0.0970,<LOD,1.3546,0.1269,<LOD,2.4394,1.4524,<LOD,54.8724,12.0439,78.9736 , 5.7755,2.8659,15.6110 , 2.9469,0.3486,34975.2227 , 175.3113,78.8032,<LOD,0.0000,0.0000,38947.4023 , 5225.0488,0.1031,471.9359 , 27.4606,1.2764,<LOD,1.1017,4.4960,4.8042 , 0.6233,3.0757,15.0923 , 4.8127,0.2238,1129.0156 , 205.6274,0.2597,7.6600 , 0.9765,0.3091,<LOD,1.4595,0.5899,<LOD,0.0000,0.0000,,,,6186.2080 , 91.9955,1.9910,<LOD,4.6635,4.3342,<LOD,0.8594,0.1850,340045.3438 , 891.0410,25.3495,13.3242 , 2.5026,3.4753,<LOD,0.0000,0.0000,,,,6880.2388 , 47.3118,18.8464,141.0199 , 12.6240,3.2778,<LOD,7.4633,0.2018,34.0425 , 0.8445,3.5587,27.4262 , 2.5244,0.4700,113.6678 , 1.3541,12.3978,4.5094 , 1.0821,0.3472,401580.8438 , 6479.1875,12.2837 , 2.1367,0.3243,37.9631 , 1.0558,1.9046,268.6417 , 1.5843,15.4543,4.4519 , 0.7961,0.3140,3.1493 , 1.0777,0.5778,410.9657 , 23.4518,17.7633,26180.2383 , 184.2079,27.8535,<LOD,50.5693,0.7704,5532.4209 , 101.7288,2.8501,,,,,,7,421.500000,39.007153,-122.663338,10.000000,529149.375000,4317624.000000,
245,Mining,126.24,35.69,30.17,30.16,30.22,"Wed Apr 29, 2026 - 15:56:33",User,1.5,ppm,,,,,,,,,Mining,,,,,,,,,,,,<LOD,1.1530,1.0757,153970.6875 , 1167.1227,2.4672,<LOD,2.3508,0.1184,<LOD,1.0727,0.1798,<LOD,1.7625,2.0653,<LOD,20.9988,3.0143,69.1192 , 3.4868,2.5841,<LOD,3.9540,0.3662,5875.8159 , 50.7380,17.9950,<LOD,0.0000,0.0000,10694.1221 , 3027.5374,0.0708,<LOD,18.2802,0.4034,<LOD,0.8728,6.8826,5.8850 , 0.4701,4.2351,<LOD,4.2325,0.2475,851.0684 , 148.6376,0.2343,9.1012 , 0.7889,0.4634,<LOD,1.0856,0.8848,<LOD,0.0000,0.0000,,,,819.4769 , 38.3725,0.5316,<LOD,3.3398,6.1102,<LOD,0.6369,0.2333,387145.7188 , 825.9625,36.7902,5.9093 , 1.7814,4.7689,<LOD,0.0000,0.0000,,,,7737.3516 , 36.3728,27.4453,102.4074 , 8.9484,4.3099,<LOD,5.1641,0.2146,3.0181 , 0.4636,2.4390,<LOD,1.8755,0.2514,136.6490 , 1.0952,19.3530,13.1830 , 1.0492,0.8437,430465.0625 , 3769.0276,5.0478 , 1.4848,0.3525,38.8754 , 0.8419,2.9352,102.1875 , 0.7512,9.6238,4.4639 , 0.6280,0.4541,2.3380 , 0.7466,0.6446,202.6253 , 16.0473,22.0573,408.3426 , 19.2095,0.6698,<LOD,36.6676,0.6628,1331.5642 , 38.0101,0.9114,,,,,,9,421.200012,39.007164,-122.663330,10.000000,529149.625000,4317625.500000,
246,Mining,126.11,35.45,30.09,30.29,30.28,"Wed Apr 29, 2026 - 15:59:03",User,1.5,ppm,,,,,,,,,Mining,,,,,,,,,,,,<LOD,1.2009,1.0980,157165.7188 , 1177.0349,2.5122,<LOD,2.4318,0.1271,<LOD,1.1324,0.2009,<LOD,1.8440,2.1366,<LOD,20.6615,2.9180,65.3299 , 3.5784,2.4982,<LOD,4.2461,0.3668,5766.9883 , 50.0426,17.5291,<LOD,0.0000,0.0000,10613.2998 , 3019.9360,0.0712,<LOD,18.2111,0.4008,<LOD,0.8726,6.8755,6.2710 , 0.4705,4.2439,<LOD,4.0281,0.2219,824.1002 , 150.1724,0.2401,10.0329 , 0.8067,0.4852,<LOD,1.1189,0.8826,<LOD,0.0000,0.0000,,,,873.9193 , 38.3332,0.5376,<LOD,3.4341,6.0452,<LOD,0.6549,0.2472,390200.5625 , 825.5378,36.8851,5.9321 , 1.8368,4.7609,<LOD,0.0000,0.0000,,,,7796.6553 , 37.5302,27.4193,89.8574 , 9.2446,4.2316,<LOD,5.0864,0.2087,3.7235 , 0.4691,2.5070,<LOD,1.8348,0.2409,140.2796 , 1.1141,19.9633,13.3538 , 1.0625,0.8615,424315.5625 , 3790.3398,6.7118 , 1.5199,0.3742,39.2913 , 0.8419,2.9367,123.8386 , 0.8253,11.4407,4.5977 , 0.6518,0.4821,1.6263 , 0.7498,0.6504,201.2226 , 16.5312,21.9555,430.9762 , 20.3186,0.6953,<LOD,37.0399,0.6842,1300.1373 , 39.1042,0.8892,,,,,,8,421.200012,39.007172,-122.663338,10.000000,529149.375000,4317626.500000,
247,Mining,126.14,35.76,30.14,30.24,30.00,"Wed Apr 29, 2026 - 16:01:56",User,1.5,ppm,,,,,,,,,Mining,,,,,,,,,,,,<LOD,1.2843,1.0303,156973.4688 , 1238.4188,2.4214,<LOD,2.7453,0.1311,<LOD,1.2812,0.2086,<LOD,1.9726,1.9955,<LOD,41.9717,12.0015,70.5648 , 4.2948,3.1527,<LOD,4.1878,0.3682,26504.9453 , 123.2712,80.6275,<LOD,0.0000,0.0000,<LOD,5260.0507,0.0728,<LOD,22.1360,0.6048,<LOD,0.9571,6.4027,4.2066 , 0.5121,3.8974,11.2155 , 3.7184,0.2565,2094.3428 , 222.2375,0.5274,17.6040 , 1.0124,0.6207,<LOD,1.1464,0.7569,<LOD,0.0000,0.0000,,,,25330.4219 , 151.2865,9.2228,<LOD,3.7611,5.9652,<LOD,0.7367,0.2545,251099.2188 , 675.3133,22.4633,6.1611 , 1.9891,4.5527,<LOD,0.0000,0.0000,,,,5354.6152 , 34.5594,19.9457,113.0557 , 9.3661,3.5511,<LOD,5.5543,0.2042,1.1034 , 0.4897,2.1599,<LOD,2.0394,0.2461,131.1717 , 1.2265,19.2402,33.3445 , 1.5313,1.5709,524984.1250 , 4153.6377,26.2914 , 2.0866,0.6090,34.7293 , 0.8892,2.4981,257.9285 , 1.3157,21.0443,4.5803 , 0.7187,0.4539,2.6933 , 0.9449,0.8243,237.4550 , 18.1190,21.3795,876.1575 , 33.3657,1.4496,<LOD,37.7545,0.7661,5382.3721 , 78.3087,3.1505,,,,,,9,421.200012,39.007175,-122.663353,10.000000,529148.187500,4317626.500000,
248,Mining,120.83,30.04,30.29,30.24,30.26,"Wed Apr 29, 2026 - 16:04:14",User,1.5,ppm,,,,,,,,,Mining,,,,,,,,,,,,<LOD,1.2387,0.9898,142821.9688 , 1225.4800,2.2472,<LOD,2.8226,0.1468,<LOD,1.3472,0.2431,<LOD,1.9351,1.9896,<LOD,43.7363,14.2477,77.1884 , 4.3554,3.2943,5.2924 , 2.2785,0.4015,30233.3496 , 144.7188,95.0714,<LOD,0.0000,0.0000,<LOD,6257.5598,0.0659,<LOD,21.9843,0.6528,<LOD,0.9203,6.4127,4.0785 , 0.4896,3.8853,11.6646 , 3.7692,0.2621,1389.6538 , 184.7654,0.3760,23.1132 , 1.0748,0.7360,<LOD,1.1159,0.7424,<LOD,0.0000,0.0000,,,,13292.6758 , 110.4998,5.0730,<LOD,3.6684,5.8313,<LOD,0.7198,0.2498,286163.7500 , 774.9192,26.7830,4.2738 , 1.9443,4.4887,<LOD,0.0000,0.0000,,,,5038.2632 , 34.3428,19.2917,107.8246 , 9.1810,3.4363,<LOD,5.3951,0.2030,0.8088 , 0.4756,2.1404,<LOD,2.0909,0.2735,123.7405 , 1.1937,18.5017,37.4282 , 1.6097,1.8127,511483.5625 , 4613.5347,32.0668 , 2.1605,0.6930,32.5550 , 0.8477,2.3695,242.7315 , 1.2962,20.1359,4.1817 , 0.7344,0.4805,<LOD,1.8437,0.7787,229.8890 , 17.7932,21.2446,923.8369 , 34.2946,1.5549,<LOD,36.1051,0.7292,5197.3877 , 78.7130,3.1669,,,,,,7,421.100006,39.007179,-122.663353,10.000000,529147.625000,4317627.000000,
249,Mining,120.09,30.27,30.13,30.30,29.39,"Wed Apr 29, 2026 - 16:07:40",User,1.5,ppm,,,,,,,,,Mining,,,,,,,,,,,,<LOD,1.1773,1.0489,101940.2031 , 1019.6969,1.7144,<LOD,2.4123,0.1303,<LOD,1.0587,0.1807,<LOD,1.7984,2.0151,<LOD,22.3175,3.5482,50.9056 , 3.4766,2.3261,<LOD,4.7928,0.3745,7507.0972 , 57.6868,22.7141,<LOD,0.0000,0.0000,<LOD,5890.5146,0.0548,<LOD,17.0015,0.3671,<LOD,0.8271,6.5412,3.8878 , 0.4433,4.0058,<LOD,3.9628,0.2131,853.5029 , 154.7448,0.2360,6.9543 , 0.7282,0.4076,<LOD,1.0351,0.7430,<LOD,0.0000,0.0000,,,,3005.0068 , 59.2436,1.2856,<LOD,4.4478,6.0664,<LOD,0.5932,0.2002,353487.0625 , 859.6451,32.4504,8.3378 , 1.8123,4.6235,<LOD,0.0000,0.0000,,,,7140.1724 , 36.7194,25.0939,87.4660 , 8.9567,3.9078,<LOD,4.5955,0.1755,1.4947 , 0.4365,2.2329,<LOD,1.7300,0.2213,126.0927 , 1.0515,18.0300,23.7036 , 1.1649,1.1727,520942.5312 , 4200.0889,8.6040 , 1.5049,0.3867,35.2348 , 0.7885,2.6346,108.7557 , 0.7670,10.0602,3.8710 , 0.6000,0.4140,<LOD,1.3805,0.6017,192.8550 , 16.2136,20.9472,402.4792 , 20.2693,0.6694,<LOD,39.4633,0.7615,1412.9862 , 41.3360,0.9465,,,,,,8,421.299988,39.007183,-122.663353,10.000000,529148.062500,4317627.500000,
250,Mining,120.78,30.29,30.25,30.20,30.04,"Wed Apr 29, 2026 - 16:10:05",User,1.5,ppm,,,,,,,,,Mining,,,,,,,,,,,,<LOD,1.1686,1.0544,103620.5859 , 943.3554,1.7447,<LOD,2.2570,0.1154,<LOD,1.0790,0.1910,<LOD,1.7757,1.9996,<LOD,22.3476,3.6260,49.8709 , 3.3266,2.3130,<LOD,2.9333,0.3525,7449.1387 , 54.3100,22.6810,<LOD,0.0000,0.0000,<LOD,4089.1000,0.0499,<LOD,17.3691,0.3905,<LOD,0.8247,6.6279,3.7777 , 0.4392,4.0014,<LOD,3.9887,0.2201,754.5789 , 153.3604,0.2279,5.6694 , 0.6992,0.3818,<LOD,1.0276,0.7472,<LOD,0.0000,0.0000,,,,2954.1436 , 58.7783,1.2722,<LOD,3.3732,5.9749,<LOD,0.5810,0.1993,359694.7812 , 733.0654,33.3885,9.3896 , 1.8031,4.6785,<LOD,0.0000,0.0000,,,,7080.4570 , 32.9724,25.0490,82.0811 , 8.5689,3.8795,<LOD,4.6804,0.1853,1.5660 , 0.4322,2.2302,<LOD,1.6251,0.1980,127.6637 , 1.0195,18.2879,22.9397 , 1.1308,1.1321,515982.6562 , 3194.9641,6.8981 , 1.4613,0.3669,34.2788 , 0.7704,2.5827,107.6146 , 0.7404,10.0196,3.1954 , 0.5963,0.4049,<LOD,1.2234,0.5889,197.3438 , 16.0977,21.1618,404.3481 , 19.2127,0.6560,<LOD,39.2995,0.7537,1407.0299 , 39.4659,0.9449,,,,,,8,421.399994,39.007183,-122.663353,10.000000,529148.187500,4317627.500000,
251,Mining,120.11,30.08,30.23,30.11,29.69,"Wed Apr 29, 2026 - 16:14:21",User,1.5,ppm,,,,,,,,,Mining,,,,,,,,,,,,<LOD,1.2088,1.0128,148762.8906 , 1347.9216,2.3347,<LOD,2.3774,0.1096,<LOD,1.1397,0.1832,<LOD,1.8611,1.9765,<LOD,27.1163,4.7392,51.2824 , 3.6326,2.3820,5.4154 , 2.1820,0.3804,10426.6582 , 72.9182,30.1422,<LOD,0.0000,0.0000,<LOD,6154.5388,0.0606,<LOD,18.6258,0.3993,<LOD,0.8824,6.5321,4.9566 , 0.4697,3.9340,<LOD,4.4025,0.2192,799.8553 , 150.1685,0.2115,5.8350 , 0.7480,0.3752,<LOD,1.0552,0.7066,<LOD,0.0000,0.0000,,,,1161.2109 , 44.1315,0.6487,<LOD,3.5008,5.7135,<LOD,0.6482,0.2201,330655.1875 , 872.4962,28.5352,<LOD,4.5554,4.4491,<LOD,0.0000,0.0000,,,,7366.1025 , 38.6064,24.8488,134.4936 , 9.4426,4.0875,<LOD,4.8921,0.1744,2.3033 , 0.4659,2.2246,<LOD,1.9293,0.2420,142.3419 , 1.1477,18.1258,31.1763 , 1.3140,1.3454,496321.3438 , 4736.5947,9.0328 , 1.5804,0.3731,37.9338 , 0.8377,2.6261,66.2897 , 0.6253,6.0425,5.2190 , 0.6514,0.4303,<LOD,1.1245,0.5198,231.1214 , 17.0253,21.3475,426.0566 , 20.5768,0.6621,<LOD,40.6600,0.7454,1063.7975 , 38.2220,0.7455,,,,,,7,421.899994,39.007187,-122.663345,10.000000,529148.750000,4317628.000000,
252,Mining,125.91,35.57,30.08,30.26,30.00,"Wed Apr 29, 2026 - 16:17:07",User,1.5,ppm,,,,,,,,,Mining,,,,,,,,,,,,<LOD,1.1583,0.9724,133218.4375 , 1074.0555,2.1441,<LOD,2.4602,0.1205,<LOD,1.1717,0.1989,<LOD,1.8201,1.9858,<LOD,27.3764,4.9664,55.8947 , 3.6667,2.5073,10.2907 , 2.2830,0.4280,10393.8320 , 67.5405,31.1830,<LOD,0.0000,0.0000,<LOD,4165.0020,0.0514,<LOD,18.4308,0.4013,<LOD,0.8877,6.6123,4.4748 , 0.4761,4.0252,<LOD,4.4595,0.2315,774.9751 , 156.2046,0.2435,6.3031 , 0.7595,0.3973,<LOD,1.0407,0.7232,<LOD,0.0000,0.0000,,,,1359.1658 , 45.0592,0.7306,<LOD,3.4208,5.7291,<LOD,0.6628,0.2359,348509.6875 , 736.0370,31.7063,5.0989 , 1.8272,4.5031,<LOD,0.0000,0.0000,,,,7264.1089 , 35.3437,25.4869,129.7924 , 9.4240,4.1867,<LOD,4.7887,0.1713,2.2265 , 0.4640,2.2663,<LOD,1.9024,0.2416,134.7719 , 1.0963,18.5293,30.5414 , 1.3129,1.3805,496249.5312 , 3421.4097,10.4534 , 1.6087,0.4010,35.7893 , 0.8302,2.6376,102.6372 , 0.7610,9.3456,4.5435 , 0.6560,0.4382,1.6484 , 0.7619,0.6199,212.9098 , 16.5594,21.1983,461.0795 , 21.2395,0.7331,<LOD,40.3903,0.8020,1021.8130 , 37.7359,0.7442,,,,,,8,420.100006,39.007214,-122.663330,10.000000,529149.625000,4317631.000000,
253,Mining,85.24,30.18,30.27,24.79,,"Wed Apr 29, 2026 - 16:19:48",User,1.5,ppm,,,,,,,,,Mining,,,,,,,,,,,,<LOD,1.5462,1.0296,,,,<LOD,2.7759,0.1176,<LOD,1.2286,0.1677,<LOD,2.3664,1.9869,<LOD,16.5149,1.2737,55.4132 , 3.6553,2.0848,<LOD,3.5691,0.3479,2818.4939 , 36.7686,7.2242,<LOD,0.0000,0.0000,,,,<LOD,19.3485,0.3039,<LOD,1.0062,6.3901,3.1368 , 0.5424,3.9396,<LOD,4.5812,0.2190,,,,9.2645 , 0.8933,0.4234,<LOD,1.4272,0.8101,<LOD,0.0000,0.0000,,,,,,,<LOD,4.4390,5.7372,<LOD,0.7395,0.2219,,,,7.7363 , 2.3817,4.5688,<LOD,0.0000,0.0000,,,,1845.0581 , 20.0416,5.8586,68.6587 , 6.0356,1.3108,<LOD,6.0461,0.2073,3.8225 , 0.5224,2.2489,<LOD,2.0979,0.2209,109.0823 , 1.1813,17.5526,6.6583 , 1.0391,0.5316,990279.3125 , 100.8539,4.9498 , 1.7235,0.3360,25.0054 , 0.8579,1.9987,301.7785 , 1.3497,24.0955,4.6579 , 0.7213,0.4309,5.8974 , 1.0287,0.8823,218.0461 , 21.4007,21.0602,507.0429 , 24.8586,0.6759,,,,3725.9519 , 64.1711,1.8382,,,,,,5,420.500000,39.007244,-122.663315,10.000000,529151.187500,4317634.500000,
254,Mining,101.85,30.16,30.21,30.08,11.40,"Wed Apr 29, 2026 - 16:21:44",User,1.5,ppm,,,,,,,,,Mining,,,,,,,,,,,,<LOD,1.1806,1.0721,158556.7031 , 2669.8425,2.5268,<LOD,2.4366,0.1258,<LOD,1.0513,0.1708,<LOD,1.8227,2.1096,<LOD,15.8676,1.6436,50.2023 , 3.3301,2.2647,<LOD,4.0687,0.3641,3364.9807 , 48.0684,10.1713,<LOD,0.0000,0.0000,<LOD,13710.5728,0.0714,<LOD,17.1753,0.3411,<LOD,0.8633,6.5324,4.5279 , 0.4679,4.0618,<LOD,4.1151,0.2457,996.4169 , 302.3970,0.2687,8.1632 , 0.7725,0.4370,<LOD,1.0866,0.8390,<LOD,0.0000,0.0000,,,,6549.9258 , 150.2284,2.3613,<LOD,3.4159,6.0750,<LOD,0.6604,0.2494,388338.8125 , 2093.1494,35.8384,7.6912 , 1.8323,4.8150,<LOD,0.0000,0.0000,,,,4281.6709 , 39.8136,14.9924,88.1114 , 7.2807,2.6525,<LOD,5.0008,0.1982,4.1324 , 0.4577,2.3680,<LOD,1.7712,0.2207,112.2346 , 1.3295,18.3835,7.6879 , 0.9383,0.6219,425594.5312 , 9532.3389,3.8886 , 1.4370,0.3252,28.1091 , 0.8023,2.3116,232.5540 , 1.7194,20.7275,3.0444 , 0.6010,0.4021,4.6799 , 0.8474,0.8271,206.2064 , 16.6806,22.0728,448.2018 , 21.9713,0.7512,<LOD,68.4692,0.6626,2890.6047 , 55.5432,1.6748,,,,,,7,420.500000,39.007198,-122.663338,10.000000,529149.062500,4317629.500000,
255,Mining,11.92,11.92,,,,"Wed Apr 29, 2026 - 16:22:01",User,1.5,ppm,,,,,,,,,Mining,,,,,,,,,,,,<LOD,10.8756,42.4049,,,,<LOD,4.9388,0.1122,<LOD,2.2155,0.1654,<LOD,11.9531,46.4216,<LOD,35.1759,1.7860,<LOD,69.0741,0.4520,8.2703 , 4.7114,0.4177,3803.4539 , 76.8575,9.8009,<LOD,0.0000,0.0000,,,,<LOD,35.5822,0.3152,<LOD,1.8824,6.8752,4.9052 , 1.0133,4.2211,<LOD,8.1304,0.2025,,,,8.6685 , 1.6163,0.4208,<LOD,12.3217,54.4059,<LOD,0.0000,0.0000,,,,,,,<LOD,20.6424,47.2280,<LOD,1.4066,0.2524,,,,<LOD,14.2010,38.3909,<LOD,0.0000,0.0000,,,,4779.0464 , 286.8978,2.4790,<LOD,150.9242,0.8579,<LOD,10.4074,0.1866,4.0778 , 0.9834,2.4108,<LOD,3.9004,0.2328,124.6136 , 2.2043,18.7125,13.3475 , 2.1009,0.7200,990953.4375 , 334.0384,10.1770 , 3.3328,0.3950,31.7778 , 1.6640,2.3826,251.1363 , 2.2590,20.4525,3.0587 , 1.2606,0.3866,4.0125 , 1.8085,0.8243,,,,,,,,,,,,,,,,,,6,420.600006,39.007210,-122.663330,10.000000,529149.750000,4317630.500000,
256,Mining,4.04,4.04,,,,"Wed Apr 29, 2026 - 16:22:12",User,1.5,ppm,,,,,,,,,Mining,,,,,,,,,,,,<LOD,22.8946,39.6672,,,,<LOD,12.1341,0.1438,<LOD,4.9185,0.1703,<LOD,25.0481,41.9908,<LOD,72.4906,1.5796,<LOD,161.9239,0.4470,17.7245 , 10.6199,0.4447,3928.2366 , 162.3799,9.2219,<LOD,0.0000,0.0000,,,,<LOD,78.4425,0.3221,<LOD,3.8261,6.0770,6.4056 , 2.0927,3.9261,<LOD,17.8268,0.2068,,,,6.8232 , 3.3106,0.3669,<LOD,26.0068,50.9251,<LOD,0.0000,0.0000,,,,,,,<LOD,43.4089,43.5751,<LOD,3.0911,0.2440,,,,<LOD,29.9392,35.8773,<LOD,0.0000,0.0000,,,,6227.3467 , 647.6895,2.7257,<LOD,331.7072,0.8751,<LOD,20.3650,0.1490,<LOD,4.9324,2.1505,<LOD,7.9077,0.2002,132.6931 , 4.6385,17.3740,24.2462 , 4.9870,0.9208,989383.2500 , 752.7730,11.4389 , 7.0215,0.3706,36.7334 , 3.5639,2.3616,217.3755 , 4.3978,16.1891,7.7722 , 2.9701,0.4756,<LOD,5.3107,0.6405,,,,,,,,,,,,,,,,,,6,420.500000,39.007221,-122.663353,10.000000,529148.187500,4317632.000000,
257,Mining,126.34,35.79,30.17,30.22,30.16,"Wed Apr 29, 2026 - 16:25:51",User,1.5,ppm,,,,,,,,,Mining,,,,,,,,,,,,<LOD,1.1597,1.0675,147902.7969 , 1133.7771,2.3838,<LOD,2.3444,0.1250,<LOD,1.0708,0.1902,<LOD,1.7688,2.0387,<LOD,14.5310,1.4873,52.9117 , 3.1873,2.2112,4.7872 , 2.0631,0.3949,2626.8955 , 32.9871,8.1779,<LOD,0.0000,0.0000,8105.1733 , 2966.9678,0.0691,<LOD,16.7298,0.3430,<LOD,0.8485,6.8184,4.6547 , 0.4534,4.1212,<LOD,3.8284,0.2284,929.8840 , 158.4879,0.2486,7.3660 , 0.7427,0.4349,<LOD,1.1017,0.8950,<LOD,0.0000,0.0000,,,,5850.3608 , 75.8907,2.1911,<LOD,3.3520,6.0295,<LOD,0.6361,0.2475,391188.5938 , 817.4234,36.5994,7.1080 , 1.7993,4.7968,<LOD,0.0000,0.0000,,,,3647.2500 , 24.0595,12.8343,81.5990 , 6.6204,2.3040,<LOD,5.0090,0.2135,3.2470 , 0.4379,2.3327,<LOD,1.7854,0.2403,111.2266 , 1.0342,18.6761,9.4698 , 0.9375,0.6898,437103.9688 , 3709.7871,6.5758 , 1.4842,0.3766,28.4966 , 0.7530,2.3661,230.9833 , 1.1260,21.0664,4.8608 , 0.6250,0.4781,3.5990 , 0.8142,0.8190,212.0939 , 16.1942,22.2774,396.2192 , 19.1047,0.6336,<LOD,36.7037,0.6556,1479.9249 , 39.4510,0.9593,,,,,,2,427.399994,39.007584,-122.663345,10.000000,529148.625000,4317672.000000,
258,Mining,30.13,29.51,,,,"Wed Apr 29, 2026 - 16:36:23",User,1.5,ppm,,,,,,,,,Mining,,,,,,,,,,,,500.7694 , 446.1442,11.1855,,,,<LOD,35.4018,0.0644,<LOD,12.7406,0.0987,<LOD,35.0193,4.6307,<LOD,653.8024,218.4747,9695.1221 , 111.7036,23.5416,1271.6534 , 53.8979,1.1967,890059.6875 , 658.8152,1494.8533,<LOD,0.0000,0.0000,,,,3907.5417 , 138.1035,14.7556,5054.7026 , 26.8731,53.4470,<LOD,5.1794,0.7905,459.5741 , 138.3934,0.5094,,,,82.6208 , 11.0849,0.3555,<LOD,35.3511,5.4866,<LOD,0.0000,0.0000,,,,,,,<LOD,102.5055,5.5614,<LOD,7.0242,0.1042,,,,114.0581 , 31.0821,6.1624,<LOD,0.0000,0.0000,,,,<LOD,385.1677,1.2969,<LOD,182.5487,1.4196,<LOD,70.0810,0.1451,<LOD,4.0007,0.2764,<LOD,23.2591,0.1696,<LOD,3.2779,0.4134,<LOD,14.6934,0.1880,88854.2969 , 15244.0693,<LOD,38.2791,0.1583,<LOD,4.3359,-0.0912,<LOD,1.9350,0.0984,<LOD,20.7102,-1.2649,<LOD,6.7972,-0.0886,,,,,,,,,,,,,,,,,,9,439.399994,39.000751,-122.662910,10.000000,529189.250000,4316914.000000,
260,Health Check,167.35,,,,,"Thu Apr 30, 2026 - 08:25:31",User,,,,,,,,,,,Health Check,Fail,Detector Quality: 1.07 — Pass; Fault Free: Pass; Battery Health  95%: Pass; C#1 Voltage  4172 mV: Pass; C#2 Voltage  4173 mV: Pass; Tube Health: Pass; System Check: Reading #259 - Pass; Filter Wheel Check: Pass; XRay LED Test: Pass; Wi-Fi: Pass; Bluetooth: Fail; GPS: Pass; ,,,,,,,,,,,,,,,,,,,,,,,,,,,,,,,,,,,,,,,,,,,,,,,,,,,,,,,,,,,,,,,,,,,,,,,,,,,,,,,,,,,,,,,,,,,,,,,,,,,,,,,,,,,,,,,,,,,,,,,,,,,,,,,,,,,,,,,,,,,,,,,,,,4,423.700012,39.000683,-122.663094,10.000000,529172.937500,4316906.500000,
262,Health Check,156.83,,,,,"Thu Apr 30, 2026 - 08:28:17",User,,,,,,,,,,,Health Check,Pass,Detector Quality: 1.03 — Pass; Fault Free: Pass; Battery Health  95%: Pass; C#1 Voltage  4171 mV: Pass; C#2 Voltage  4173 mV: Pass; Tube Health: Pass; System Check: Reading #261 - Pass; Filter Wheel Check: Pass; XRay LED Test: Pass; Wi-Fi: Pass; Bluetooth: Pass; GPS: Pass; ,,,,,,,,,,,,,,,,,,,,,,,,,,,,,,,,,,,,,,,,,,,,,,,,,,,,,,,,,,,,,,,,,,,,,,,,,,,,,,,,,,,,,,,,,,,,,,,,,,,,,,,,,,,,,,,,,,,,,,,,,,,,,,,,,,,,,,,,,,,,,,,,,,,,,,,,,
263,Mining,30.01,29.38,,,,"Thu Apr 30, 2026 - 08:30:06",User,1.5,ppm,,,,,,,,,Mining,,,,,,,,,,,,506.2743 , 451.0444,11.3681,,,,<LOD,36.2360,0.0646,<LOD,12.5515,0.0926,<LOD,35.7380,4.6480,<LOD,474.3338,218.3242,9609.1260 , 113.6740,23.4128,1219.6122 , 54.1423,1.1650,886703.1250 , 596.8654,1498.4565,<LOD,0.0000,0.0000,,,,3995.2920 , 141.9254,14.8986,5051.3174 , 27.4664,53.9374,<LOD,6.5708,0.8323,446.0185 , 139.4012,0.4366,,,,<LOD,9.0975,0.1232,<LOD,36.0682,5.5073,<LOD,0.0000,0.0000,,,,,,,<LOD,81.2818,5.4798,<LOD,7.5046,0.1174,,,,71.3576 , 31.5940,6.0900,<LOD,0.0000,0.0000,,,,236.3338 , 85.8946,1.4345,<LOD,252.6748,1.4856,<LOD,80.9016,0.1514,<LOD,3.9930,0.2725,<LOD,23.0498,0.1604,<LOD,3.2503,0.3985,59.3833 , 7.9479,0.1851,92102.1250 , 15475.1514,<LOD,35.3180,0.1566,<LOD,4.0425,-0.0951,<LOD,2.8902,0.1452,<LOD,21.1452,-1.2608,<LOD,4.5572,-0.0415,,,,,,,,,,,,,,,,,,5,433.100006,39.000755,-122.662964,10.000000,529184.187500,4316914.500000,
264,Mining,120.59,30.28,30.16,30.19,29.96,"Thu Apr 30, 2026 - 09:07:54",User,1.5,ppm,,,,,,,,,Mining,,,,,,,,,,,,<LOD,1.8287,0.7340,72118.7891 , 1329.6108,1.2299,<LOD,3.9469,0.1089,<LOD,1.7061,0.1484,<LOD,2.6793,1.2627,<LOD,84.3412,33.8432,21.5468 , 8.2438,3.9189,16.2298 , 3.3899,0.3534,93515.7266 , 358.8590,231.7846,<LOD,0.0000,0.0000,<LOD,9603.7925,0.0706,89.2519 , 24.5521,1.2449,<LOD,1.2849,4.5359,8.4669 , 0.7033,2.9157,102.2594 , 7.5171,0.2699,2545.6189 , 305.9034,0.6708,61.7311 , 1.9789,0.9376,<LOD,1.5968,0.5170,<LOD,0.0000,0.0000,,,,53978.2422 , 256.5968,16.5937,<LOD,5.2650,3.9658,<LOD,0.9988,0.1811,242056.3750 , 741.9633,19.0233,18.1182 , 2.8542,3.2817,<LOD,0.0000,0.0000,,,,5577.6543 , 55.9586,17.6533,147.4112 , 16.1685,3.4471,<LOD,7.6691,0.1583,13.9919 , 0.8372,2.4428,9.3956 , 2.3343,0.3051,184.2637 , 1.7030,13.4220,15.4077 , 2.1473,1.0079,511166.8438 , 6647.0527,6.9462 , 2.1430,0.2394,69.2584 , 1.4275,2.6821,82.5332 , 0.9092,4.3881,4.3493 , 1.0046,0.3549,<LOD,1.8699,0.3829,449.6423 , 26.7058,16.3820,1293.5377 , 67.5112,1.8146,<LOD,46.8033,0.7847,14136.1416 , 191.8502,6.8358,,,,,,8,418.600006,39.007408,-122.663094,10.000000,529170.500000,4317652.500000,
265,Mining,120.56,30.02,30.29,30.00,28.15,"Thu Apr 30, 2026 - 09:10:20",User,1.5,ppm,,,,,,,,,Mining,,,,,,,,,,,,<LOD,1.8443,0.7108,68957.0547 , 1287.3390,1.1987,<LOD,3.8207,0.1009,<LOD,1.6635,0.1401,<LOD,2.8088,1.3393,<LOD,83.4087,31.9809,41.1535 , 7.9966,3.7372,20.1540 , 3.4450,0.3615,89940.3594 , 289.9032,217.0601,<LOD,0.0000,0.0000,6463.4053 , 5097.3950,0.0717,113.0888 , 24.8484,1.2269,<LOD,1.2812,4.4892,7.5347 , 0.6941,2.8176,88.0252 , 7.3885,0.2643,2240.0298 , 304.8428,0.5923,50.5169 , 1.8211,0.7911,<LOD,1.6423,0.5226,<LOD,0.0000,0.0000,,,,48446.5781 , 237.7555,14.4383,<LOD,5.3798,3.9352,<LOD,0.9959,0.1808,272651.5312 , 746.7843,21.2432,12.5944 , 2.9020,3.2196,<LOD,0.0000,0.0000,,,,6285.3364 , 54.7499,18.7933,153.5822 , 16.0414,3.4840,<LOD,7.9349,0.1687,17.4598 , 0.8548,2.5494,15.4396 , 2.4903,0.3443,186.0777 , 1.6547,13.3317,12.5689 , 1.9726,0.8399,488689.4375 , 5514.4346,7.0677 , 2.1663,0.2409,68.1852 , 1.4054,2.6130,80.9886 , 0.8876,4.2557,3.4137 , 0.9651,0.3210,<LOD,2.1730,0.3805,425.8673 , 27.1853,16.1883,1683.8092 , 72.2072,2.2418,<LOD,49.0591,0.7758,13338.7871 , 182.2884,6.3050,,,,,,7,413.299988,39.007420,-122.663094,10.000000,529170.312500,4317654.000000,
266,Mining,126.23,35.59,30.20,30.19,30.25,"Thu Apr 30, 2026 - 09:14:20",User,1.5,ppm,,,,,,,,,Mining,,,,,,,,,,,,<LOD,1.3723,0.8659,146305.1562 , 1654.4720,2.2579,<LOD,2.9337,0.1250,<LOD,1.1492,0.1401,<LOD,2.0631,1.5982,<LOD,47.4743,13.5837,117.6298 , 5.6238,3.7093,5.5460 , 2.3813,0.3468,32174.2852 , 170.5664,87.1654,<LOD,0.0000,0.0000,<LOD,8356.7607,0.0644,<LOD,24.4813,0.6521,<LOD,0.9822,5.8774,5.7547 , 0.5274,3.6066,<LOD,6.0620,0.2328,561.5380 , 144.3985,0.1818,11.5324 , 0.9255,0.4289,<LOD,1.2112,0.6208,<LOD,0.0000,0.0000,,,,5537.8936 , 75.8201,1.9964,<LOD,3.9187,4.7053,<LOD,0.7459,0.2172,274947.5000 , 841.7991,22.0649,7.0804 , 2.0909,3.6864,<LOD,0.0000,0.0000,,,,9300.7861 , 53.7859,29.9259,245.5559 , 13.5214,5.2756,<LOD,0.0000,0.1753,8.3930 , 0.5493,2.3132,<LOD,2.3670,0.2842,161.0665 , 1.3328,16.3187,2.3247 , 0.9797,0.4144,518001.0625 , 6331.4814,53.1964 , 2.6000,0.8450,28.8629 , 0.8173,1.7643,22.2771 , 0.4266,2.1429,3.8181 , 0.6664,0.3344,<LOD,1.3084,0.4928,225.4909 , 19.0363,17.2137,422.9089 , 32.3963,0.7939,<LOD,39.4258,0.7036,7475.8027 , 104.5307,3.8931,,,,,,7,412.899994,39.007416,-122.663094,10.000000,529170.062500,4317653.500000,
267,Mining,120.89,30.11,30.30,30.21,30.27,"Thu Apr 30, 2026 - 09:16:39",User,1.5,ppm,,,,,,,,,Mining,,,,,,,,,,,,<LOD,1.4116,0.8789,150963.5469 , 1356.8395,2.3388,<LOD,2.7397,0.1187,<LOD,1.0863,0.1362,<LOD,1.9597,1.6727,<LOD,42.1095,10.9066,129.8376 , 4.9977,3.6407,<LOD,3.6188,0.3115,25577.5781 , 116.9923,69.4380,<LOD,0.0000,0.0000,10675.1611 , 3492.2263,0.0728,<LOD,22.6265,0.5648,<LOD,0.9299,5.7648,5.9920 , 0.5107,3.7161,<LOD,5.4750,0.2170,562.9926 , 147.1735,0.1883,11.0614 , 0.8795,0.4230,<LOD,1.1409,0.6331,<LOD,0.0000,0.0000,,,,5833.5610 , 76.4646,2.0816,<LOD,3.6235,4.6141,<LOD,0.6892,0.1948,295869.6875 , 723.5379,24.1513,9.3464 , 1.9502,3.7046,<LOD,0.0000,0.0000,,,,9283.9248 , 44.7572,29.8863,250.6336 , 12.1157,5.2875,<LOD,5.5003,0.1816,10.9230 , 0.5532,2.5785,<LOD,2.2510,0.2719,154.0701 , 1.1837,16.2035,<LOD,2.0041,0.3693,492664.0000 , 4292.7725,48.0128 , 2.4650,0.7867,31.0888 , 0.8127,1.9453,19.5533 , 0.3918,2.0064,3.2721 , 0.6305,0.3277,<LOD,1.7404,0.5094,222.0990 , 17.6097,17.1479,415.4950 , 28.7960,0.7830,<LOD,40.0843,0.7211,7258.1460 , 91.6120,3.7887,,,,,,8,412.700012,39.007420,-122.663101,10.000000,529169.312500,4317654.000000,
268,Mining,126.04,35.56,30.27,30.16,30.05,"Thu Apr 30, 2026 - 09:19:49",User,1.5,ppm,,,,,,,,,Mining,,,,,,,,,,,,<LOD,2.0574,0.6833,80471.8906 , 1736.3956,1.3614,<LOD,4.3716,0.1026,<LOD,1.8481,0.1354,<LOD,3.1290,1.2790,<LOD,96.6597,39.1139,56.6271 , 9.3180,4.1433,13.7078 , 3.5744,0.3041,112417.3672 , 504.0065,258.8117,<LOD,0.0000,0.0000,<LOD,12732.1084,0.0730,<LOD,50.9371,1.1984,<LOD,1.3938,4.0523,9.1820 , 0.7526,2.5389,76.6105 , 8.8999,0.2676,2704.1680 , 310.1004,0.6139,17.2526 , 1.4144,0.3666,<LOD,1.9033,0.5469,<LOD,0.0000,0.0000,,,,56656.2031 , 283.3185,16.2989,<LOD,6.0592,3.8476,<LOD,1.1221,0.1768,283118.0000 , 850.6241,21.4809,17.1723 , 3.2789,3.1801,<LOD,0.0000,0.0000,,,,7751.9453 , 67.1633,22.1112,182.0435 , 18.9513,3.9986,<LOD,9.1001,0.1731,11.3111 , 0.8341,1.8517,6.9404 , 2.5074,0.2720,187.8358 , 1.8634,11.4270,4.1697 , 1.4736,0.3491,441931.1562 , 8888.1885,7.5405 , 2.4383,0.2353,60.6454 , 1.4430,2.0715,32.7321 , 0.6455,1.7404,<LOD,2.4496,0.2463,<LOD,2.5259,0.3110,490.8015 , 30.9388,15.9140,618.1686 , 56.2762,1.0157,<LOD,49.5930,0.8002,8901.1572 , 165.9271,4.1560,,,,,,7,415.899994,39.007416,-122.663086,10.000000,529171.187500,4317653.500000,
269,Mining,120.72,30.14,30.10,30.24,30.24,"Thu Apr 30, 2026 - 09:23:09",User,1.5,ppm,,,,,,,,,Mining,,,,,,,,,,,,<LOD,1.8844,0.6656,79294.4922 , 1406.3823,1.3322,<LOD,3.8214,0.0874,<LOD,1.7526,0.1362,<LOD,2.8312,1.2116,<LOD,89.4586,33.3518,77.2357 , 9.1062,4.1834,<LOD,5.1780,0.2615,94861.4922 , 308.6154,221.6378,<LOD,0.0000,0.0000,11083.2441 , 5295.0107,0.0803,30.3312 , 24.8604,1.1075,<LOD,1.3649,4.4201,9.2498 , 0.7304,2.7191,74.3970 , 8.0846,0.2793,2993.9253 , 307.2766,0.6356,14.9036 , 1.3320,0.3661,<LOD,1.7307,0.5238,<LOD,0.0000,0.0000,,,,56938.6211 , 251.8934,16.5691,<LOD,5.5246,3.7302,<LOD,1.0467,0.1776,262570.8438 , 713.4442,19.7701,14.8724 , 2.9857,3.0668,<LOD,0.0000,0.0000,,,,7629.2861 , 62.8169,21.9564,169.9940 , 18.3051,3.9268,<LOD,8.4660,0.1673,9.9692 , 0.8034,1.9433,4.6363 , 2.3387,0.2640,198.6035 , 1.7540,12.9891,2.5650 , 1.3592,0.3239,473810.6875 , 5945.1748,12.4271 , 2.4490,0.2746,63.1838 , 1.4110,2.3022,31.9057 , 0.6192,1.8445,4.9713 , 1.0098,0.3067,<LOD,1.6224,0.3224,448.8833 , 28.0057,15.5072,675.8245 , 55.2130,1.0321,<LOD,48.5362,0.7942,8973.4463 , 161.9104,4.1909,,,,,,6,416.000000,39.007412,-122.663078,10.000000,529171.312500,4317653.000000,
270,Mining,120.24,30.20,30.09,30.19,29.76,"Thu Apr 30, 2026 - 09:26:40",User,1.5,ppm,,,,,,,,,Mining,,,,,,,,,,,,<LOD,1.5805,0.7539,149162.4375 , 2209.9226,2.3540,<LOD,3.1712,0.0902,<LOD,1.4320,0.1351,<LOD,2.3452,1.3421,<LOD,52.4510,10.0217,75.5330 , 5.4975,2.5793,8.9840 , 2.8035,0.2988,30285.8047 , 168.3809,64.3351,<LOD,0.0000,0.0000,31324.0176 , 5585.7749,0.0987,466.6600 , 27.5827,1.1665,<LOD,1.1779,4.3977,5.6681 , 0.6124,2.8501,10.6310 , 4.7492,0.2217,1225.4838 , 233.9594,0.2789,8.7602 , 0.9935,0.3051,<LOD,1.4270,0.5685,<LOD,0.0000,0.0000,,,,9115.1787 , 116.4369,2.6205,<LOD,4.5073,4.0178,<LOD,0.8457,0.1702,385369.3125 , 992.5695,28.5497,11.7943 , 2.4515,3.3638,<LOD,0.0000,0.0000,,,,5913.6021 , 43.2550,15.1708,121.9307 , 11.4531,2.6636,<LOD,7.3241,0.1842,17.7664 , 0.7181,2.4424,31.9059 , 2.6288,0.4839,112.9954 , 1.3480,11.5402,<LOD,1.4377,0.2157,349039.3750 , 7101.2866,7.5570 , 1.9954,0.2640,37.3291 , 1.0514,1.8062,233.0893 , 1.4915,12.9901,2.0764 , 0.7924,0.2781,3.3640 , 1.0502,0.5242,408.4263 , 23.0368,17.2729,28919.1465 , 192.8816,28.7572,<LOD,56.0017,0.7710,8081.1919 , 116.1360,3.7671,,,,,,8,416.399994,39.007412,-122.663078,10.000000,529171.500000,4317653.000000,
271,Mining,120.70,30.21,30.00,30.23,30.26,"Thu Apr 30, 2026 - 09:29:05",User,1.5,ppm,,,,,,,,,Mining,,,,,,,,,,,,<LOD,1.6884,0.8145,120436.9609 , 1804.2480,1.9762,<LOD,3.1791,0.0971,<LOD,1.2380,0.1080,<LOD,2.4695,1.4054,<LOD,51.3407,10.3346,78.8533 , 5.5359,2.6439,6.1932 , 2.6515,0.2863,30928.7578 , 154.7220,66.0060,<LOD,0.0000,0.0000,25829.1094 , 5076.8589,0.0875,537.5011 , 27.7067,1.2704,<LOD,1.0665,4.3335,4.6991 , 0.5874,2.8000,12.2234 , 4.6930,0.2344,1171.5514 , 218.0519,0.2656,7.6895 , 0.9456,0.2953,<LOD,1.4723,0.5691,<LOD,0.0000,0.0000,,,,8457.6729 , 107.4620,2.4763,<LOD,4.7296,4.1668,<LOD,0.8489,0.1839,414474.7188 , 932.3459,31.7672,13.3522 , 2.5831,3.5222,<LOD,0.0000,0.0000,,,,5550.1948 , 41.3184,14.4694,102.6385 , 11.1770,2.5351,<LOD,7.2877,0.1955,18.4197 , 0.6978,2.4765,38.9008 , 2.6771,0.5380,106.0242 , 1.2667,11.2222,<LOD,1.3855,0.2190,352618.0938 , 6216.9360,4.5033 , 1.8723,0.2429,36.2030 , 1.0037,1.7647,245.7773 , 1.4521,13.6932,4.9945 , 0.7561,0.2996,3.2482 , 1.0165,0.5262,356.0796 , 23.7968,17.1345,31112.6406 , 194.1651,31.0574,<LOD,51.4628,0.7203,7843.0156 , 113.9505,3.7096,,,,,,9,417.000000,39.007416,-122.663086,10.000000,529171.187500,4317653.500000,
272,Mining,90.48,30.00,30.26,29.03,,"Thu Apr 30, 2026 - 09:32:07",User,1.5,ppm,,,,,,,,,Mining,,,,,,,,,,,,<LOD,1.7102,0.8080,,,,<LOD,3.4528,0.1068,<LOD,1.4105,0.1304,<LOD,2.6290,1.5640,<LOD,56.7750,12.7836,81.5587 , 5.9875,3.0126,6.4501 , 2.9440,0.3283,37447.9258 , 118.2994,83.6162,<LOD,0.0000,0.0000,,,,23.1610 , 19.8548,0.6499,<LOD,1.2273,5.6114,8.6979 , 0.6700,3.5740,12.8426 , 5.0904,0.2353,,,,10.1818 , 1.0760,0.3570,<LOD,1.6035,0.6619,<LOD,0.0000,0.0000,,,,,,,<LOD,4.9836,4.5478,<LOD,0.9024,0.1922,,,,10.7971 , 2.6786,3.6761,<LOD,0.0000,0.0000,,,,8650.9131 , 47.5147,24.1067,178.7409 , 14.1040,4.1093,<LOD,7.4024,0.1873,13.7178 , 0.7665,2.7482,5.7295 , 2.1161,0.3111,183.3632 , 1.4727,15.9409,3.4804 , 1.1498,0.3573,943229.4375 , 348.4834,25.1267 , 2.5202,0.4483,64.3453 , 1.3115,3.0648,37.6400 , 0.6046,2.7315,6.8125 , 0.8833,0.3892,<LOD,2.5012,0.4746,351.6902 , 24.8016,18.2073,1124.5358 , 47.1016,1.4024,,,,8522.8623 , 119.0679,3.8839,,,,,,7,417.500000,39.007416,-122.663086,10.000000,529170.750000,4317653.500000,
273,Mining,120.62,30.18,30.20,30.04,30.20,"Thu Apr 30, 2026 - 09:34:40",User,1.5,ppm,,,,,,,,,Mining,,,,,,,,,,,,<LOD,1.4714,0.8789,105987.1875 , 1280.5559,1.7576,<LOD,3.0331,0.1095,<LOD,1.2331,0.1323,<LOD,2.1718,1.5528,<LOD,51.2198,13.0963,79.0237 , 4.8953,2.9425,5.0726 , 2.5268,0.3204,33878.1484 , 141.0775,84.7060,<LOD,0.0000,0.0000,5751.8481 , 3761.7078,0.0627,<LOD,43.9982,0.6484,<LOD,1.0765,5.6424,8.0742 , 0.5868,3.5512,9.2637 , 4.4574,0.2377,1097.4758 , 200.9929,0.2800,9.3676 , 0.9471,0.3677,<LOD,1.3034,0.6353,<LOD,0.0000,0.0000,,,,14153.0254 , 123.8199,4.3546,<LOD,4.1429,4.5899,<LOD,0.7775,0.1875,366235.5000 , 788.9297,29.7745,8.1657 , 2.2267,3.6967,<LOD,0.0000,0.0000,,,,8117.0469 , 42.9658,24.3611,170.9228 , 11.7296,4.1590,<LOD,6.5289,0.1933,13.9388 , 0.6720,2.8096,6.3976 , 1.8848,0.3274,170.6249 , 1.3466,15.8829,2.7629 , 1.0080,0.3625,454814.3438 , 4504.3721,22.3289 , 2.2059,0.4548,58.5474 , 1.1394,3.0027,35.4878 , 0.5317,2.7606,5.6856 , 0.7602,0.3779,2.2425 , 0.8862,0.4874,327.0688 , 20.6155,18.3651,1001.7707 , 39.2318,1.4309,<LOD,44.9982,0.7315,8028.6973 , 99.6168,3.8798,,,,,,6,417.500000,39.007408,-122.663086,10.000000,529171.062500,4317652.500000,
274,Mining,126.28,35.74,30.16,30.26,30.12,"Thu Apr 30, 2026 - 10:00:38",User,1.5,ppm,,,,,,,,,Mining,,,,,,,,,,,,1.8212 , 1.0536,0.7139,146581.7031 , 1848.0110,2.2574,<LOD,3.2057,0.0985,<LOD,1.3091,0.1202,<LOD,3.7713,1.3243,65.2335 , 38.7528,14.7450,91.1700 , 5.6788,3.0851,21.7865 , 2.9857,0.3641,41471.7852 , 167.6941,92.4553,<LOD,0.0000,0.0000,14088.8408 , 4450.7275,0.0747,259.0140 , 23.3650,0.9953,<LOD,1.1241,4.8950,10.5345 , 0.6217,3.1980,<LOD,6.9248,0.2103,1172.7438 , 202.9342,0.2667,13.3780 , 1.0690,0.3770,<LOD,1.9934,0.5420,<LOD,0.0000,0.0000,,,,6801.0024 , 90.1967,2.0395,<LOD,4.3429,3.5204,<LOD,0.8284,0.1716,308349.0312 , 767.4455,21.3997,15.8655 , 2.3649,2.9302,<LOD,0.0000,0.0000,,,,10310.0781 , 52.3197,27.7360,232.4550 , 14.1044,4.7635,<LOD,7.0026,0.1806,7.7622 , 0.6606,2.1371,37.8208 , 2.6624,0.5320,183.3043 , 1.4806,14.9095,<LOD,2.2650,0.3068,456556.8438 , 5801.8301,6.6955 , 1.9162,0.2598,64.9705 , 1.2349,2.8283,79.1218 , 0.7862,4.6905,7.1048 , 0.8303,0.3692,1.9406 , 0.9222,0.4269,255.9813 , 21.2778,13.3787,3333.1504 , 65.6999,3.6434,<LOD,48.4382,0.7452,9978.8604 , 117.5582,4.3623,,,,,,4,435.399994,39.006207,-122.667358,10.000000,528801.375000,4317518.000000,
275,Mining,120.22,30.21,30.13,30.20,29.68,"Thu Apr 30, 2026 - 10:03:01",User,1.5,ppm,,,,,,,,,Mining,,,,,,,,,,,,<LOD,1.9080,0.7109,144750.4844 , 2048.0803,2.2329,<LOD,3.0499,0.0905,<LOD,1.2716,0.1157,3.1549 , 1.5669,1.3938,<LOD,60.1562,13.2771,87.6181 , 5.6519,3.0302,24.0509 , 3.0573,0.3885,37260.0195 , 179.9186,84.1415,<LOD,0.0000,0.0000,<LOD,8550.4893,0.0614,228.1262 , 22.8246,0.9301,<LOD,1.1446,5.2215,9.7025 , 0.6228,3.2791,<LOD,7.2248,0.2153,1112.4473 , 206.5815,0.2652,10.2034 , 1.0132,0.3455,<LOD,1.3925,0.5431,<LOD,0.0000,0.0000,,,,6543.0342 , 91.3306,1.9867,<LOD,4.2996,3.7401,<LOD,0.8351,0.1833,308070.8438 , 854.6138,21.6020,10.3964 , 2.3037,2.9461,<LOD,0.0000,0.0000,,,,10248.6982 , 55.5019,27.8339,232.6689 , 14.1633,4.7789,<LOD,6.8325,0.1745,8.5767 , 0.6689,2.2488,39.9179 , 2.7108,0.5613,187.0051 , 1.5567,15.7079,2.6145 , 1.0628,0.3264,475152.6562 , 6998.3540,7.0278 , 1.9004,0.2625,63.9989 , 1.2455,2.8949,79.8433 , 0.8050,4.8952,6.2759 , 0.8035,0.3529,2.6785 , 0.9416,0.4564,258.8301 , 20.9997,13.9437,3361.7454 , 67.2357,3.7641,<LOD,48.3054,0.7156,9724.6045 , 118.4828,4.3175,,,,,,7,434.600006,39.006199,-122.667351,10.000000,528802.125000,4317517.000000,
276,Mining,120.80,30.11,30.26,30.22,30.21,"Thu Apr 30, 2026 - 10:06:28",User,1.5,ppm,,,,,,,,,Mining,,,,,,,,,,,,<LOD,1.3223,0.9185,184328.0156 , 1846.0428,2.8274,<LOD,2.5763,0.1038,<LOD,1.1340,0.1468,<LOD,2.0286,1.7869,<LOD,33.9171,6.2928,58.9789 , 3.9224,2.3638,<LOD,3.2260,0.2980,15586.5439 , 101.9204,40.5006,<LOD,0.0000,0.0000,<LOD,7206.0520,0.0673,<LOD,21.3327,0.4481,<LOD,0.9190,5.6317,5.8311 , 0.4997,3.5469,<LOD,4.9080,0.2003,1388.9203 , 211.8122,0.3605,4.8732 , 0.7648,0.3145,<LOD,1.8004,0.7577,<LOD,0.0000,0.0000,,,,2361.2771 , 57.5272,0.9368,<LOD,3.7505,4.9604,<LOD,0.6807,0.1917,347289.7812 , 974.2506,27.9437,12.5767 , 2.0274,4.0095,<LOD,0.0000,0.0000,,,,7258.8213 , 41.1528,22.1072,135.0741 , 9.7211,3.6556,<LOD,5.4645,0.1760,3.7608 , 0.5052,2.0920,6.1792 , 1.6721,0.3334,112.7181 , 1.0883,12.9533,1.1806 , 0.8008,0.2912,431218.7812 , 5869.1440,7.1372 , 1.6293,0.3124,41.4956 , 0.9144,2.4969,53.6539 , 0.5966,4.3883,4.8796 , 0.6770,0.3883,<LOD,1.5884,0.4603,163.9761 , 17.8641,17.1440,896.6233 , 32.7537,1.2664,<LOD,43.4162,0.7019,6695.7837 , 84.2012,3.3105,,,,,,7,430.399994,39.006191,-122.667389,10.000000,528798.812500,4317516.000000,
277,Mining,120.70,30.18,30.26,30.05,30.21,"Thu Apr 30, 2026 - 10:08:57",User,1.5,ppm,,,,,,,,,Mining,,,,,,,,,,,,<LOD,1.1813,1.0085,187235.0156 , 1352.8937,2.8693,<LOD,2.4199,0.1192,<LOD,1.0230,0.1545,<LOD,1.7817,1.8831,<LOD,24.0639,3.8049,68.9496 , 3.9420,2.7427,<LOD,3.0227,0.3356,7958.0264 , 59.8815,23.2315,<LOD,0.0000,0.0000,5818.8208 , 3137.1809,0.0716,<LOD,20.9245,0.4529,<LOD,0.8616,6.4498,5.3056 , 0.4651,4.0107,<LOD,4.2236,0.2195,905.7686 , 160.6941,0.2611,5.8347 , 0.7349,0.3772,<LOD,1.0546,0.7387,<LOD,0.0000,0.0000,,,,1942.8624 , 49.2065,0.8880,<LOD,3.3429,5.4223,<LOD,0.6272,0.2081,323240.5938 , 774.3676,28.1617,4.8260 , 1.7865,4.2523,<LOD,0.0000,0.0000,,,,6945.1562 , 36.5548,23.5952,147.4917 , 9.5768,4.0253,<LOD,5.2208,0.2070,3.4382 , 0.4758,2.4158,2.3034 , 1.4574,0.3247,123.5024 , 1.0411,16.5255,<LOD,1.2269,0.3102,458297.0312 , 4053.0806,<LOD,2.4650,0.2779,43.0503 , 0.8710,3.0020,73.2931 , 0.6412,6.7195,5.6364 , 0.6361,0.4627,<LOD,1.6327,0.5439,164.1347 , 15.9819,19.1937,904.9782 , 31.3915,1.3399,<LOD,38.2418,0.6937,6103.9858 , 78.3002,3.3252,,,,,,7,429.899994,39.006191,-122.667374,10.000000,528800.250000,4317516.500000,
278,Mining,126.11,35.61,30.11,30.16,30.23,"Thu Apr 30, 2026 - 10:12:35",User,1.5,ppm,,,,,,,,,Mining,,,,,,,,,,,,<LOD,1.5433,0.9826,146003.9375 , 1214.1272,2.2641,<LOD,2.5993,0.1236,<LOD,1.0913,0.1590,<LOD,2.7012,1.9066,<LOD,25.3372,3.8320,54.4013 , 3.7468,2.3486,<LOD,3.2200,0.3371,8631.2852 , 61.9390,23.8956,<LOD,0.0000,0.0000,<LOD,4559.3826,0.0576,<LOD,20.0769,0.4302,<LOD,0.9048,6.4139,5.6257 , 0.4860,3.9424,<LOD,4.4878,0.2249,1262.9707 , 187.2857,0.3313,6.1457 , 0.7718,0.3760,<LOD,1.1164,0.7583,<LOD,0.0000,0.0000,,,,4608.8950 , 68.8638,1.6755,<LOD,3.4302,5.2464,<LOD,0.6835,0.2259,294586.5625 , 702.5249,23.8710,8.8901 , 1.8333,4.0990,<LOD,0.0000,0.0000,,,,6665.7012 , 34.2201,21.3990,136.7007 , 9.2736,3.6141,<LOD,5.5349,0.2104,3.3655 , 0.4940,2.3501,5.5720 , 1.6247,0.3656,129.8069 , 1.0822,16.5693,<LOD,1.4078,0.3164,530455.5625 , 3858.1790,22.7870 , 1.9611,0.5529,44.0478 , 0.9069,2.9170,90.0670 , 0.7205,7.7257,4.9612 , 0.6578,0.4353,<LOD,1.7865,0.6007,157.5964 , 16.2086,17.8992,1047.4512 , 33.2877,1.4726,<LOD,39.6477,0.7128,6067.6934 , 77.5998,3.1514,,,,,,6,427.799988,39.006138,-122.667435,10.000000,528795.062500,4317510.500000,
279,Mining,125.77,35.61,30.06,30.08,30.02,"Thu Apr 30, 2026 - 10:15:47",User,1.5,ppm,,,,,,,,,Mining,,,,,,,,,,,,<LOD,1.6986,0.7145,101305.1953 , 1604.6151,1.6233,<LOD,3.2394,0.0871,<LOD,1.4183,0.1226,<LOD,2.5398,1.2981,<LOD,66.0169,17.8978,70.7523 , 6.2459,2.8939,100.5500 , 4.5453,0.7415,52734.0352 , 203.8393,116.4584,<LOD,0.0000,0.0000,18060.7227 , 5093.0347,0.0834,370.0919 , 26.4958,1.2307,<LOD,1.1286,4.1169,3.3826 , 0.6136,2.5919,20.5579 , 5.6162,0.2296,1975.4604 , 270.6124,0.4515,8.8977 , 1.0257,0.2996,<LOD,1.4806,0.4998,<LOD,0.0000,0.0000,,,,30867.5527 , 188.8321,8.7760,<LOD,4.8268,3.7761,<LOD,0.8418,0.1531,258445.1562 , 737.9876,18.4859,12.3481 , 2.6122,3.0986,<LOD,0.0000,0.0000,,,,5979.9795 , 44.9085,16.0299,117.6141 , 12.6811,2.8008,<LOD,7.6414,0.1867,7.7234 , 0.6414,1.7576,60.0189 , 3.2281,0.6843,95.4456 , 1.2627,9.7627,<LOD,1.4953,0.2203,492881.6250 , 5961.2178,<LOD,3.0683,0.1954,34.4682 , 1.0397,1.6151,235.3104 , 1.4383,12.2949,2.8653 , 0.8037,0.2677,4.7060 , 1.0807,0.5118,303.8858 , 23.9031,14.6815,28480.2715 , 198.2162,29.5408,<LOD,51.5848,0.8300,7821.3877 , 124.7828,3.8213,,,,,,6,424.399994,39.006191,-122.667336,10.000000,528803.250000,4317516.500000,
280,Mining,120.24,30.09,30.20,30.14,29.81,"Thu Apr 30, 2026 - 10:18:02",User,1.5,ppm,,,,,,,,,Mining,,,,,,,,,,,,<LOD,2.2415,0.7285,89347.2500 , 1502.4220,1.4551,<LOD,3.2004,0.0766,<LOD,1.5228,0.1278,<LOD,2.6083,1.2977,<LOD,73.2554,21.9889,71.5475 , 7.0554,3.1942,100.6253 , 4.6939,0.7208,64868.3164 , 225.6878,144.1933,<LOD,0.0000,0.0000,7029.1157 , 5007.8218,0.0709,344.3694 , 27.1230,1.2930,<LOD,1.1702,3.9689,3.8299 , 0.6404,2.5413,30.9830 , 6.2369,0.2333,1932.1201 , 284.9881,0.4725,8.8878 , 1.0663,0.2924,<LOD,1.5045,0.4878,<LOD,0.0000,0.0000,,,,35010.8555 , 203.7399,9.9800,<LOD,4.8999,3.6496,<LOD,0.8540,0.1442,250699.7344 , 733.0313,17.9686,20.8637 , 2.6987,3.1500,<LOD,0.0000,0.0000,,,,5599.2544 , 46.7988,15.1695,131.2710 , 13.6557,2.7743,<LOD,7.6642,0.1698,8.1857 , 0.6675,1.7136,55.2378 , 3.2441,0.6288,94.6069 , 1.2907,9.2316,<LOD,1.5399,0.2090,510605.6562 , 5746.8809,<LOD,4.3617,0.1954,33.7013 , 1.0565,1.5058,229.2838 , 1.4453,11.4639,1.7761 , 0.8333,0.2481,3.6253 , 1.0950,0.4722,333.2905 , 24.4664,14.5434,25584.4590 , 202.6142,26.7093,<LOD,52.6492,0.8320,7851.1475 , 135.8365,3.8545,,,,,,5,424.700012,39.006191,-122.667351,10.000000,528802.000000,4317516.500000,
281,Mining,120.49,30.14,30.18,30.22,29.95,"Thu Apr 30, 2026 - 10:21:38",User,1.5,ppm,,,,,,,,,Mining,,,,,,,,,,,,<LOD,1.5568,0.7633,128583.8047 , 1872.2357,2.0367,<LOD,2.8390,0.0817,<LOD,1.2992,0.1260,<LOD,2.3048,1.3519,<LOD,51.1683,11.0131,79.3908 , 5.3389,2.6312,4.4012 , 2.5813,0.2872,32229.3047 , 161.3175,71.7574,<LOD,0.0000,0.0000,39415.0703 , 5240.8057,0.1009,513.7952 , 27.0409,1.3002,<LOD,1.0588,4.5372,5.4155 , 0.5800,2.9016,14.7072 , 4.5802,0.2279,804.2816 , 196.3612,0.2273,5.8670 , 0.8925,0.2785,<LOD,1.4101,0.5796,<LOD,0.0000,0.0000,,,,5746.8789 , 88.4296,1.8046,<LOD,4.4222,4.0239,<LOD,0.7733,0.1621,336324.6562 , 885.4880,24.8274,11.2438 , 2.4091,3.3813,<LOD,0.0000,0.0000,,,,6615.9028 , 43.9410,17.6819,116.4483 , 11.6126,2.9743,<LOD,6.9684,0.1888,10.7725 , 0.6295,2.1115,47.1353 , 2.7833,0.6156,108.6304 , 1.2652,11.7313,<LOD,1.7199,0.2320,412893.5625 , 6394.0918,2.5812 , 1.7532,0.2238,38.1625 , 1.0100,1.9013,238.1235 , 1.4227,13.7480,3.7203 , 0.7546,0.3014,2.9978 , 0.9950,0.5343,365.0648 , 22.4256,16.9800,27997.3164 , 182.7466,29.0662,<LOD,51.0130,0.7620,7820.7642 , 111.7236,3.8068,,,,,,5,425.600006,39.006237,-122.667343,10.000000,528802.562500,4317521.500000,
282,Mining,120.82,30.17,30.24,30.28,30.13,"Thu Apr 30, 2026 - 10:23:57",User,1.5,ppm,,,,,,,,,Mining,,,,,,,,,,,,<LOD,1.6973,0.7363,129701.0781 , 2104.2766,2.0494,4.6048 , 2.5870,0.1155,<LOD,1.4555,0.1222,<LOD,2.5097,1.2944,<LOD,56.0892,10.2764,84.5433 , 5.6736,2.6328,<LOD,6.5680,0.2681,32627.4922 , 164.8755,66.1356,<LOD,0.0000,0.0000,36114.0117 , 5535.2617,0.0975,508.8407 , 29.4034,1.1937,<LOD,1.1728,4.2396,6.2785 , 0.6453,2.7507,13.4557 , 5.0825,0.2232,1002.2550 , 211.6555,0.2334,9.1299 , 1.0544,0.3002,<LOD,1.5581,0.5760,<LOD,0.0000,0.0000,,,,6297.4390 , 94.9867,1.8223,<LOD,4.9216,4.0831,<LOD,0.9669,0.1856,354733.5312 , 886.4174,24.4204,14.2346 , 2.6721,3.3970,<LOD,0.0000,0.0000,,,,7110.7388 , 46.4066,17.4575,129.1773 , 12.3195,2.9708,<LOD,0.0000,0.1958,11.9862 , 0.7052,2.0439,58.7524 , 3.2480,0.6606,117.2621 , 1.4179,11.5031,<LOD,1.5548,0.2278,393003.5938 , 7168.8096,<LOD,3.7220,0.2195,40.9277 , 1.1416,1.8743,266.0057 , 1.6122,13.9150,3.6038 , 0.8415,0.2878,4.7894 , 1.1382,0.5446,417.2505 , 24.9182,17.1031,29341.5586 , 187.8167,28.0665,<LOD,54.6863,0.7663,8377.4854 , 117.0156,3.7674,,,,,,5,424.200012,39.005913,-122.667198,10.000000,528815.687500,4317485.500000,
283,Mining,125.96,35.51,30.00,30.17,30.28,"Thu Apr 30, 2026 - 10:27:03",User,1.5,ppm,,,,,,,,,Mining,,,,,,,,,,,,<LOD,1.6995,0.7070,132797.3438 , 1804.0723,2.0646,<LOD,3.4236,0.0892,<LOD,1.4161,0.1125,<LOD,2.5787,1.3215,<LOD,70.7310,20.4936,74.9462 , 5.7018,2.7533,22.4058 , 3.3219,0.3655,61905.7070 , 225.2703,139.1867,<LOD,0.0000,0.0000,19250.8906 , 4745.4883,0.0788,241.8116 , 25.3999,1.1318,<LOD,1.1670,4.0055,3.3357 , 0.6319,2.5112,57.1706 , 6.0900,0.2347,870.5308 , 185.1083,0.2278,6.8907 , 1.0243,0.2746,<LOD,1.5211,0.5247,<LOD,0.0000,0.0000,,,,7771.6284 , 93.4895,2.3441,<LOD,4.9677,3.9653,<LOD,0.9154,0.1700,294820.1562 , 745.8049,20.8434,12.4591 , 2.6792,3.2406,<LOD,0.0000,0.0000,,,,5391.7354 , 40.1914,14.6948,162.7750 , 11.8059,2.7860,<LOD,7.8842,0.1831,10.7307 , 0.6871,1.8634,67.2418 , 3.4258,0.7127,111.0152 , 1.3659,10.4379,<LOD,1.5149,0.2134,451665.0625 , 6014.1289,9.3278 , 2.1378,0.2586,33.6552 , 1.0529,1.5232,229.5533 , 1.4590,11.7192,2.6939 , 0.8020,0.2446,2.8690 , 1.0951,0.4780,427.1275 , 25.1454,16.5159,17039.5391 , 147.5694,17.7675,<LOD,50.0153,0.8579,7011.3491 , 111.6540,3.3598,,,,,,4,410.299988,39.006050,-122.667274,10.000000,528808.937500,4317500.500000,
284,Mining,120.15,30.25,30.22,30.08,29.60,"Thu Apr 30, 2026 - 10:29:17",User,1.5,ppm,,,,,,,,,Mining,,,,,,,,,,,,<LOD,1.6481,0.7359,147874.3125 , 2136.4849,2.2874,<LOD,3.2833,0.0907,<LOD,1.4183,0.1243,<LOD,2.4664,1.3334,<LOD,55.5251,10.9239,82.7737 , 5.5727,2.6301,19.1955 , 3.1138,0.3471,34026.7578 , 161.3621,70.6425,<LOD,0.0000,0.0000,17007.4688 , 5060.0356,0.0802,359.8352 , 26.1270,1.0205,<LOD,1.1256,4.2121,5.1168 , 0.6192,2.7264,18.0745 , 5.0550,0.2330,1071.3792 , 216.2298,0.2416,5.1374 , 0.9442,0.2573,<LOD,1.5094,0.5727,<LOD,0.0000,0.0000,,,,9422.7246 , 113.0235,2.6164,<LOD,4.7763,4.0785,<LOD,0.8701,0.1686,329389.3125 , 847.9425,22.4209,7.7283 , 2.5634,3.2845,<LOD,0.0000,0.0000,,,,6490.9321 , 43.6491,16.3582,178.3090 , 12.1890,3.0242,<LOD,7.4674,0.1791,13.5217 , 0.6950,2.1392,67.8118 , 3.3391,0.7347,112.2229 , 1.3465,11.2255,1.7498 , 0.9877,0.2420,422444.7188 , 6686.4092,7.7450 , 2.0206,0.2533,38.7474 , 1.0724,1.7812,248.0240 , 1.4992,13.2537,4.5384 , 0.8270,0.3008,2.0747 , 1.0608,0.5007,394.6814 , 24.0732,16.8906,22725.7969 , 163.8920,21.9868,<LOD,55.0069,0.7812,7979.3062 , 113.4696,3.5755,,,,,,4,404.299988,39.006016,-122.667229,10.000000,528813.000000,4317497.000000,
285,Mining,120.66,30.05,30.11,30.24,30.26,"Thu Apr 30, 2026 - 10:34:09",User,1.5,ppm,,,,,,,,,Mining,,,,,,,,,,,,<LOD,1.1088,1.0880,29971.6348 , 554.3318,0.7901,<LOD,2.3291,0.1322,<LOD,0.8820,0.1369,<LOD,1.7465,2.2400,<LOD,10.3423,0.8001,11.2762 , 2.6992,1.6811,<LOD,2.6442,0.3044,1086.3672 , 21.7094,3.8390,<LOD,0.0000,0.0000,<LOD,3357.5834,0.0395,<LOD,15.5170,0.3090,<LOD,0.8180,7.1029,4.0520 , 0.4343,4.2688,<LOD,3.5858,0.2208,344.3147 , 119.0032,0.1552,4.1422 , 0.6569,0.3613,<LOD,1.0101,0.8327,<LOD,0.0000,0.0000,,,,1641.0312 , 44.2069,0.8056,<LOD,4.2652,6.7059,<LOD,0.6059,0.2347,423230.5625 , 675.1953,42.9734,4.6146 , 1.7376,5.0001,<LOD,0.0000,0.0000,,,,6482.4336 , 28.5942,23.7087,50.5413 , 7.5538,3.5202,<LOD,4.6798,0.1976,0.9696 , 0.4030,2.1141,5.0546 , 1.4427,0.3792,130.0303 , 0.9699,18.6069,5.3739 , 0.7956,0.5110,535515.8125 , 2549.5615,<LOD,2.7316,0.3010,23.6922 , 0.6523,2.0068,25.4734 , 0.3864,3.0831,3.1912 , 0.5244,0.3642,<LOD,0.8891,0.4616,276.4620 , 15.9822,25.0563,495.0785 , 18.6047,0.7640,<LOD,35.9356,0.7231,687.8854 , 29.1190,0.5714,,,,,,6,412.100006,39.006302,-122.667282,10.000000,528807.875000,4317528.500000,
286,Mining,120.62,30.02,30.14,30.19,30.27,"Thu Apr 30, 2026 - 10:36:30",User,1.5,ppm,,,,,,,,,Mining,,,,,,,,,,,,<LOD,1.0881,1.0985,31337.7051 , 590.9491,0.8128,<LOD,2.2752,0.1298,<LOD,0.9646,0.1691,<LOD,1.6996,2.2229,<LOD,10.4777,0.8482,10.0725 , 2.7483,1.7346,<LOD,2.6764,0.3215,1119.8401 , 21.8401,3.9916,<LOD,0.0000,0.0000,10026.9668 , 2535.6003,0.0514,<LOD,15.3768,0.3141,<LOD,0.8161,7.2923,4.9471 , 0.4354,4.4269,<LOD,3.4917,0.2148,381.8843 , 125.8954,0.1622,3.3539 , 0.6368,0.3491,<LOD,0.9633,0.7893,<LOD,0.0000,0.0000,,,,1691.0670 , 46.6152,0.8465,<LOD,3.5016,6.5500,<LOD,0.6013,0.2394,422123.3438 , 728.5656,43.4118,<LOD,4.2146,4.8690,<LOD,0.0000,0.0000,,,,6956.4927 , 30.4494,25.8066,54.4828 , 7.8591,3.8286,<LOD,4.7359,0.2088,1.3760 , 0.4029,2.1780,2.6008 , 1.3706,0.3521,135.8375 , 0.9867,19.4949,6.4896 , 0.8006,0.5485,524510.6250 , 2763.9666,<LOD,2.5865,0.3060,23.9088 , 0.6517,2.0586,23.0232 , 0.3685,2.8843,2.9291 , 0.5474,0.3910,<LOD,0.8921,0.4791,206.7580 , 15.2300,23.1811,544.5117 , 19.6948,0.8570,<LOD,37.5412,0.7493,831.7914 , 31.0358,0.6607,,,,,,6,419.500000,39.006512,-122.667358,10.000000,528801.687500,4317552.000000,
287,Mining,126.48,35.74,30.19,30.29,30.26,"Thu Apr 30, 2026 - 10:40:15",User,1.5,ppm,,,,,,,,,Mining,,,,,,,,,,,,<LOD,1.1429,1.1058,22328.1719 , 526.9131,0.6771,<LOD,2.3943,0.1326,<LOD,0.9913,0.1649,<LOD,1.7644,2.1712,<LOD,11.7334,0.9774,6.6929 , 2.7650,1.6630,<LOD,2.6796,0.2977,1506.3788 , 25.5581,5.0552,<LOD,0.0000,0.0000,<LOD,4378.1591,0.0395,<LOD,16.2909,0.3270,<LOD,0.8265,6.8933,5.3993 , 0.4472,4.3377,<LOD,3.6478,0.2150,334.8546 , 121.2122,0.1532,4.8160 , 0.6766,0.3653,<LOD,1.0605,0.8810,<LOD,0.0000,0.0000,,,,885.7637 , 37.7989,0.5471,10.4266 , 2.2815,7.0289,<LOD,0.6168,0.2307,423363.3125 , 754.5176,42.1879,<LOD,4.2362,4.9503,<LOD,0.0000,0.0000,,,,7293.2954 , 31.9077,26.3028,53.0418 , 8.0849,3.8806,<LOD,4.8041,0.1982,<LOD,0.5345,1.6022,11.9229 , 1.6443,0.4699,121.4327 , 0.9602,17.0445,5.3834 , 0.8224,0.5207,541753.4375 , 2991.3325,16.3430 , 1.6987,0.5201,3.1839 , 0.4055,0.5877,17.6514 , 0.3444,2.3229,1.3765 , 0.5250,0.3060,<LOD,0.8887,0.4276,265.7086 , 16.3025,24.6619,392.9279 , 16.5612,0.6044,<LOD,34.6759,0.6434,<LOD,40.9935,0.2053,,,,,,6,426.799988,39.006153,-122.667435,10.000000,528795.062500,4317512.000000,
288,Mining,120.81,30.18,30.24,30.21,28.99,"Thu Apr 30, 2026 - 10:42:47",User,1.5,ppm,,,,,,,,,Mining,,,,,,,,,,,,<LOD,1.1014,1.1255,22378.0586 , 560.7149,0.6817,<LOD,2.1946,0.1192,<LOD,0.9728,0.1717,<LOD,1.7002,2.2130,<LOD,10.5996,0.8566,8.9526 , 2.8297,1.7056,<LOD,2.6360,0.3098,1266.3544 , 22.8989,4.3671,<LOD,0.0000,0.0000,8948.0586 , 2545.0103,0.0476,<LOD,15.3894,0.3129,<LOD,0.7956,6.8713,4.8715 , 0.4284,4.2843,<LOD,3.6096,0.2287,309.8670 , 125.5297,0.1508,5.2764 , 0.6612,0.3755,<LOD,1.0128,0.8790,<LOD,0.0000,0.0000,,,,900.2168 , 39.8420,0.5565,11.6068 , 2.1892,7.0995,<LOD,0.5992,0.2403,424016.6562 , 733.6715,42.7385,3.8924 , 1.6994,4.9881,<LOD,0.0000,0.0000,,,,7332.9517 , 31.9029,26.7456,56.6631 , 8.2650,3.9636,<LOD,4.7655,0.2100,<LOD,0.5114,1.5753,3.9283 , 1.4040,0.3673,121.5490 , 0.9254,17.2202,4.4356 , 0.7813,0.4935,533970.2500 , 2741.4011,5.4919 , 1.4099,0.3686,3.7107 , 0.3924,0.6175,16.2256 , 0.3225,2.1952,<LOD,0.8027,0.2789,<LOD,0.8144,0.3894,256.5400 , 15.5695,24.5747,374.4249 , 16.6361,0.5939,<LOD,36.7731,0.6616,<LOD,39.5702,0.2028,,,,,,6,426.299988,39.006157,-122.667435,10.000000,528794.937500,4317512.500000,
289,Mining,126.40,35.77,30.17,30.23,30.23,"Thu Apr 30, 2026 - 10:45:41",User,1.5,ppm,,,,,,,,,Mining,,,,,,,,,,,,<LOD,1.1242,1.1223,23689.3008 , 528.0938,0.6920,<LOD,2.4147,0.1464,<LOD,0.9508,0.1643,<LOD,1.7338,2.2036,<LOD,12.5416,1.1988,6.4066 , 2.8323,1.7165,<LOD,2.5713,0.2960,2049.0476 , 28.4270,6.8198,<LOD,0.0000,0.0000,6669.4590 , 2339.5286,0.0454,<LOD,15.8258,0.3355,<LOD,0.7946,6.8197,4.3627 , 0.4284,4.2652,<LOD,3.5914,0.2241,401.0687 , 122.3973,0.1639,6.8184 , 0.6902,0.4111,<LOD,1.0202,0.8516,<LOD,0.0000,0.0000,,,,1026.1962 , 38.6697,0.6024,18.6558 , 2.2550,7.2950,<LOD,0.5777,0.2163,413797.3750 , 678.8504,41.6212,3.7878 , 1.7282,4.9328,<LOD,0.0000,0.0000,,,,7494.5415 , 32.0434,27.6309,48.1066 , 8.3329,4.0594,<LOD,0.0000,0.2272,<LOD,0.5175,1.6160,17.2339 , 1.7123,0.5609,122.2051 , 0.9258,17.3803,4.5479 , 0.8122,0.5332,543730.8125 , 2579.8530,29.8553 , 1.8944,0.7627,2.6079 , 0.3988,0.5799,19.3000 , 0.3462,2.5310,<LOD,1.1270,0.2886,<LOD,0.9276,0.4998,262.4255 , 15.8695,24.4811,463.2450 , 18.1589,0.7167,<LOD,34.6307,0.6699,132.6285 , 22.2811,0.2743,,,,,,7,425.799988,39.006161,-122.667427,10.000000,528795.375000,4317513.000000,
290,Mining,120.47,30.24,30.00,30.05,29.58,"Thu Apr 30, 2026 - 10:49:36",User,1.5,ppm,,,,,,,,,Mining,,,,,,,,,,,,<LOD,1.1190,1.0738,30910.7715 , 548.4903,0.7350,<LOD,2.2946,0.1307,<LOD,1.0010,0.1798,<LOD,1.7150,2.0785,<LOD,20.8819,3.4451,18.4789 , 2.9430,1.8885,19.2192 , 2.3004,0.5367,6702.8423 , 49.3116,21.3937,<LOD,0.0000,0.0000,<LOD,3360.1556,0.0378,<LOD,16.8722,0.4023,<LOD,0.7944,6.8021,4.5708 , 0.4340,4.3432,<LOD,4.0026,0.2503,512.0986 , 135.3466,0.1904,20.2260 , 0.9100,0.7152,<LOD,0.9522,0.7077,<LOD,0.0000,0.0000,,,,4373.7798 , 65.3470,1.8067,5.3017 , 2.1796,6.3900,<LOD,0.5858,0.2204,346871.4375 , 641.9160,33.3299,<LOD,3.9873,4.6114,<LOD,0.0000,0.0000,,,,6206.8389 , 29.3389,23.0123,35.4676 , 7.7774,3.3880,<LOD,5.0355,0.2340,1.0189 , 0.3982,2.1065,54.9406 , 2.3261,1.0190,120.6822 , 0.9297,17.3387,13.9669 , 1.1372,1.0942,600888.1875 , 2440.3508,15.0162 , 1.6307,0.5059,18.5936 , 0.5868,1.5998,43.4638 , 0.4737,4.6852,2.6417 , 0.5601,0.3944,<LOD,0.8933,0.4628,226.0959 , 15.5806,22.4310,707.5212 , 24.0724,1.1189,<LOD,37.2038,0.7740,2226.7930 , 46.3560,1.4298,,,,,,6,424.399994,39.006165,-122.667427,10.000000,528795.625000,4317513.500000,
291,Mining,120.79,30.21,30.09,30.25,29.31,"Thu Apr 30, 2026 - 10:51:56",User,1.5,ppm,,,,,,,,,Mining,,,,,,,,,,,,<LOD,1.1597,1.0752,32560.1172 , 565.5938,0.7590,<LOD,2.2977,0.1217,<LOD,1.0219,0.1749,<LOD,1.7953,2.1325,<LOD,21.6670,3.4664,16.4056 , 2.9747,1.8813,17.6643 , 2.3354,0.5158,6796.3022 , 50.9983,21.3445,<LOD,0.0000,0.0000,<LOD,3509.2449,0.0402,<LOD,17.2715,0.3931,<LOD,0.8131,6.6196,3.0828 , 0.4384,4.1076,<LOD,4.1758,0.2547,660.2519 , 140.6864,0.2048,19.6820 , 0.9287,0.6942,<LOD,1.0055,0.7386,<LOD,0.0000,0.0000,,,,4712.5933 , 67.9986,1.9088,6.7757 , 2.2679,6.4690,<LOD,0.6075,0.2250,351736.8438 , 652.9912,33.4652,<LOD,4.3181,4.6387,<LOD,0.0000,0.0000,,,,6430.3472 , 30.0135,23.4491,38.6692 , 7.9342,3.4558,<LOD,5.1332,0.2267,1.4164 , 0.4097,2.0828,50.2116 , 2.3201,0.9452,118.3006 , 0.9496,16.8526,10.3770 , 1.1090,0.9368,593496.1250 , 2548.0979,16.4692 , 1.6999,0.5156,16.8889 , 0.5936,1.4937,48.0186 , 0.5082,5.0197,2.7339 , 0.5754,0.3909,<LOD,0.9614,0.5016,225.4715 , 16.1465,22.3937,712.0894 , 24.3308,1.1163,<LOD,37.7995,0.7792,2303.1680 , 47.1474,1.4572,,,,,,6,423.600006,39.006165,-122.667427,10.000000,528795.625000,4317513.500000,
292,Mining,126.22,35.72,30.06,30.17,30.27,"Thu Apr 30, 2026 - 10:55:36",User,1.5,ppm,,,,,,,,,Mining,,,,,,,,,,,,<LOD,1.1193,1.0615,30865.7363 , 542.8384,0.7221,<LOD,2.2980,0.1316,<LOD,0.9100,0.1494,<LOD,1.7193,2.0730,<LOD,14.0198,1.4964,15.9792 , 2.8269,1.7812,<LOD,2.5480,0.2908,2837.3020 , 33.1184,9.1090,<LOD,0.0000,0.0000,<LOD,4911.2531,0.0466,<LOD,15.8027,0.3382,<LOD,0.7848,6.7180,2.8764 , 0.4206,4.1041,<LOD,3.4762,0.2047,796.4856 , 153.7092,0.2463,4.9844 , 0.6657,0.3807,<LOD,0.9479,0.6917,<LOD,0.0000,0.0000,,,,10234.5947 , 94.0003,3.8115,<LOD,3.1983,5.8970,<LOD,0.5708,0.2148,333512.6250 , 710.5781,31.1346,<LOD,3.6449,4.4280,<LOD,0.0000,0.0000,,,,6388.8687 , 30.2251,23.0356,51.8750 , 7.6763,3.4563,<LOD,0.0000,0.1810,<LOD,0.7389,2.0734,4.7883 , 1.4536,0.4032,110.4374 , 0.8934,15.7009,10.0640 , 0.8904,0.7038,610438.8750 , 3225.4067,47.3187 , 2.1655,0.9977,26.3584 , 0.6653,2.0944,17.8125 , 0.3374,2.3905,4.2087 , 0.5398,0.3942,<LOD,0.9593,0.5261,202.9244 , 15.3131,21.3059,1055.5999 , 26.5797,1.5094,<LOD,38.5727,0.8529,1189.3164 , 36.1552,0.8393,,,,,,6,423.500000,39.006180,-122.667274,10.000000,528808.625000,4317515.000000,
293,Mining,120.82,30.22,30.20,30.22,30.18,"Thu Apr 30, 2026 - 10:57:53",User,1.5,ppm,,,,,,,,,Mining,,,,,,,,,,,,<LOD,1.0863,1.0316,31210.3457 , 541.8160,0.7225,<LOD,2.1073,0.1132,<LOD,0.8965,0.1484,<LOD,1.8246,2.0946,<LOD,12.6196,1.2383,19.8001 , 2.8309,1.7731,<LOD,2.4796,0.2810,2185.9309 , 28.7953,7.1528,<LOD,0.0000,0.0000,<LOD,3544.0631,0.0430,<LOD,15.6362,0.3359,<LOD,0.7750,6.7454,3.2675 , 0.4198,4.2108,<LOD,3.4976,0.2145,765.2111 , 155.1022,0.2410,5.0033 , 0.6525,0.3746,<LOD,0.9371,0.7000,<LOD,0.0000,0.0000,,,,10076.3203 , 94.0243,3.7670,<LOD,3.1416,5.8984,<LOD,0.5552,0.2076,328077.5312 , 638.7778,30.5628,3.6377 , 1.6569,4.4466,<LOD,0.0000,0.0000,,,,6198.1914 , 28.5420,22.3388,49.9753 , 7.5989,3.3376,<LOD,4.3866,0.1821,0.7693 , 0.3919,2.1005,3.7187 , 1.3616,0.3546,109.6846 , 0.8694,15.7442,9.5149 , 0.8638,0.6733,618856.0625 , 2522.3733,2.5900 , 1.2827,0.3112,24.3520 , 0.6341,1.9970,18.0118 , 0.3294,2.3505,3.3558 , 0.5239,0.3749,<LOD,0.8481,0.4362,194.1556 , 14.9779,21.0743,1015.5764 , 26.3700,1.4621,<LOD,39.4006,0.8606,1166.9578 , 36.1988,0.8246,,,,,,6,422.299988,39.006184,-122.667290,10.000000,528807.625000,4317515.500000,
294,Mining,120.18,30.21,30.15,30.07,29.75,"Thu Apr 30, 2026 - 11:01:48",User,1.5,ppm,,,,,,,,,Mining,,,,,,,,,,,,<LOD,1.1028,1.0468,29565.5898 , 540.0776,0.6908,<LOD,2.1437,0.1183,<LOD,0.9171,0.1566,<LOD,1.6926,2.0380,<LOD,13.1004,1.3482,19.6639 , 2.7530,1.7342,<LOD,2.6704,0.3288,2348.9084 , 29.7430,7.6914,<LOD,0.0000,0.0000,<LOD,3580.0115,0.0422,<LOD,16.0120,0.3567,<LOD,0.7700,6.7227,2.4766 , 0.4142,4.1373,<LOD,3.4168,0.2039,797.4602 , 159.0897,0.2440,5.3988 , 0.6568,0.3825,<LOD,0.9288,0.6736,<LOD,0.0000,0.0000,,,,9931.6094 , 95.5677,3.7416,<LOD,3.1548,5.8126,<LOD,0.5566,0.2083,317121.0312 , 644.7517,29.3732,<LOD,3.2017,4.3949,<LOD,0.0000,0.0000,,,,6095.0654 , 27.9231,22.0596,36.3196 , 7.3592,3.2258,<LOD,4.4993,0.1930,<LOD,0.8585,2.0608,11.9817 , 1.5455,0.4610,106.2870 , 0.8553,15.3625,8.6768 , 0.8518,0.6504,631722.6875 , 2524.5923,<LOD,1.8327,0.2767,23.2196 , 0.6223,1.9345,15.6197 , 0.3127,2.1347,2.8134 , 0.5237,0.3687,<LOD,0.8366,0.4320,163.1212 , 15.0000,20.4711,954.5983 , 25.1281,1.3731,<LOD,40.0911,0.8572,1067.4507 , 34.8420,0.7755,,,,,,5,420.700012,39.006195,-122.667320,10.000000,528804.875000,4317516.500000,
295,Mining,126.18,35.54,30.24,30.15,30.25,"Thu Apr 30, 2026 - 11:05:43",User,1.5,ppm,,,,,,,,,Mining,,,,,,,,,,,,<LOD,1.1349,1.1108,32118.9062 , 583.2482,0.7964,<LOD,2.4579,0.1412,<LOD,1.0897,0.2005,<LOD,1.7582,2.2009,<LOD,20.8169,3.2110,8.8601 , 2.9188,1.8469,<LOD,2.7010,0.3074,6164.3770 , 49.5778,19.7921,<LOD,0.0000,0.0000,<LOD,4023.9485,0.0509,<LOD,18.0493,0.4316,<LOD,0.8331,7.0051,4.0092 , 0.4453,4.2639,<LOD,4.2770,0.2763,1075.3568 , 185.9289,0.3364,39.5230 , 1.1908,1.1540,<LOD,1.0213,0.8283,<LOD,0.0000,0.0000,,,,19645.4473 , 132.5342,7.3192,<LOD,3.3278,6.5168,<LOD,0.6366,0.2482,373518.1562 , 703.9426,37.9000,<LOD,4.0663,4.8927,<LOD,0.0000,0.0000,,,,6839.4258 , 31.2929,25.4214,45.0509 , 8.0772,3.7484,<LOD,4.9257,0.2114,0.8395 , 0.4245,2.2261,2.0456 , 1.3969,0.3432,120.8736 , 0.9628,17.2000,10.9006 , 1.3373,1.3021,556128.4375 , 2824.3298,2.3281 , 1.3850,0.3282,22.8956 , 0.6593,1.9375,28.8545 , 0.4128,3.3482,3.7165 , 0.6332,0.4909,<LOD,0.9330,0.4820,261.6131 , 16.1043,24.3345,2697.9243 , 41.8521,3.8189,<LOD,38.8538,0.8106,1178.5933 , 36.9739,0.8943,,,,,,6,420.000000,39.006199,-122.667336,10.000000,528803.437500,4317517.000000,
296,Mining,125.99,35.52,30.14,30.12,30.21,"Thu Apr 30, 2026 - 11:08:04",User,1.5,ppm,,,,,,,,,Mining,,,,,,,,,,,,<LOD,1.1450,1.1531,34041.7383 , 588.4792,0.8194,<LOD,2.2665,0.1272,<LOD,1.0501,0.1974,<LOD,1.7454,2.2064,<LOD,18.1466,2.5533,9.3569 , 2.9893,1.8927,<LOD,2.6558,0.3148,4744.9185 , 42.7566,15.4451,<LOD,0.0000,0.0000,4987.8140 , 2660.8828,0.0560,<LOD,17.1623,0.4072,<LOD,0.8077,7.0090,4.2403 , 0.4339,4.3206,<LOD,3.9226,0.2499,1031.4604 , 183.0883,0.3345,37.1387 , 1.1324,1.1075,<LOD,1.0263,0.8519,<LOD,0.0000,0.0000,,,,19164.5098 , 129.6613,7.1829,<LOD,3.6824,6.5710,<LOD,0.5883,0.2243,368863.7500 , 698.6727,37.4863,3.7794 , 1.7363,4.9084,<LOD,0.0000,0.0000,,,,7013.9619 , 32.2687,26.3207,55.4553 , 8.3605,3.9414,<LOD,4.7571,0.2090,<LOD,0.9793,2.2252,2.6233 , 1.3732,0.3513,117.2609 , 0.9288,16.9950,9.9129 , 1.2692,1.2399,555809.8125 , 2798.1687,2.3300 , 1.3413,0.3271,24.0537 , 0.6525,2.0286,28.8547 , 0.4034,3.3923,2.3177 , 0.5945,0.4469,<LOD,0.8984,0.4741,265.9994 , 15.9700,24.4458,2549.8953 , 41.5293,3.6742,<LOD,38.2442,0.8053,1228.8047 , 37.8201,0.9217,,,,,,5,419.200012,39.006203,-122.667343,10.000000,528802.812500,4317517.500000,
297,Mining,120.68,30.23,30.23,30.00,30.22,"Thu Apr 30, 2026 - 11:22:24",User,1.5,ppm,,,,,,,,,Mining,,,,,,,,,,,,<LOD,1.5849,0.6255,93008.9062 , 1497.8843,1.4697,<LOD,3.2604,0.0848,<LOD,1.4573,0.1251,<LOD,2.3809,1.1501,<LOD,56.1573,10.6900,75.1929 , 5.2404,2.3523,72.6092 , 4.1989,0.6052,33864.9766 , 137.6179,69.0219,<LOD,0.0000,0.0000,8116.5972 , 4349.2427,0.0603,541.1923 , 29.4841,1.2527,<LOD,1.1450,4.1561,4.2212 , 0.6402,2.7753,13.8560 , 5.1035,0.2263,947.7606 , 199.5030,0.2197,11.1606 , 1.0924,0.3304,<LOD,1.3434,0.4106,<LOD,0.0000,0.0000,,,,5686.7666 , 88.0639,1.7267,<LOD,4.5161,3.3494,<LOD,0.9115,0.1788,238712.1719 , 696.0389,14.8877,8.2121 , 2.4320,2.7035,<LOD,0.0000,0.0000,,,,5481.7266 , 38.0502,13.5535,131.2705 , 10.9949,2.4555,<LOD,9.3000,0.2375,19.4270 , 0.7703,2.5253,151.3526 , 4.6004,1.3351,102.8756 , 1.3177,10.6836,<LOD,1.5965,0.2420,573960.1250 , 5380.3237,3.9009 , 2.0580,0.2357,43.4773 , 1.1400,1.9415,275.8950 , 1.5266,14.3902,2.6557 , 0.8290,0.2800,3.0542 , 1.1202,0.5332,243.8127 , 22.1358,12.7674,28826.2148 , 175.2092,27.5367,<LOD,53.9549,0.8351,9690.5830 , 121.2425,4.2432,,,,,,6,406.600006,39.005997,-122.667168,10.000000,528818.062500,4317494.500000,
298,Mining,126.03,35.59,30.04,30.18,30.22,"Thu Apr 30, 2026 - 11:24:50",User,1.5,ppm,,,,,,,,,Mining,,,,,,,,,,,,<LOD,1.6259,0.7032,155512.6562 , 2459.6360,2.4004,<LOD,3.0034,0.0788,<LOD,1.2187,0.0949,<LOD,2.4350,1.2837,<LOD,49.2318,8.3551,73.6138 , 5.2095,2.2673,47.9796 , 3.5223,0.4587,27243.3359 , 146.1073,53.6280,<LOD,0.0000,0.0000,25364.4492 , 5621.1328,0.0931,420.8828 , 26.1235,0.9916,<LOD,1.0230,3.6921,2.3554 , 0.5700,2.4330,<LOD,6.4498,0.1696,1151.4301 , 234.9672,0.2556,6.4951 , 0.9127,0.2500,<LOD,1.3997,0.4774,<LOD,0.0000,0.0000,,,,9212.7148 , 117.2011,2.4909,<LOD,4.6342,3.7750,<LOD,0.7962,0.1457,341939.1562 , 901.7478,22.5424,12.4322 , 2.5105,3.1054,<LOD,0.0000,0.0000,,,,5406.9287 , 39.7077,12.8783,133.0957 , 10.8867,2.3497,<LOD,7.1670,0.1711,13.5704 , 0.6561,1.9970,101.9577 , 3.7533,0.9537,76.0849 , 1.1278,8.2672,<LOD,1.3437,0.1878,394864.5938 , 7406.2754,<LOD,2.9675,0.1752,31.6852 , 0.9564,1.4597,212.8378 , 1.3636,11.1696,3.4391 , 0.7227,0.2423,2.0132 , 0.9660,0.4351,322.7126 , 23.0373,14.9947,28497.8418 , 183.5336,26.1916,<LOD,58.2289,0.7716,9345.7197 , 120.4942,3.9500,,,,,,6,406.700012,39.005993,-122.667168,10.000000,528818.062500,4317494.500000,
299,Mining,120.86,30.29,30.24,30.24,30.09,"Thu Apr 30, 2026 - 11:28:01",User,1.5,ppm,,,,,,,,,Mining,,,,,,,,,,,,<LOD,1.6481,0.7856,135109.8281 , 1912.6549,2.1439,<LOD,3.1846,0.0976,<LOD,1.2754,0.1148,<LOD,2.4487,1.4079,<LOD,61.9228,13.8674,61.6483 , 5.9496,2.8422,10.8837 , 2.7603,0.3123,39505.0781 , 182.8646,87.9877,<LOD,0.0000,0.0000,31557.1094 , 5146.8921,0.0960,271.6768 , 23.5469,0.9951,<LOD,1.0710,4.4164,6.3280 , 0.5933,2.8902,9.1280 , 4.9848,0.2376,1294.9241 , 225.3666,0.2971,7.3963 , 0.9442,0.2949,<LOD,1.4553,0.5644,<LOD,0.0000,0.0000,,,,12988.0156 , 127.3650,3.6835,<LOD,4.6261,4.0283,<LOD,0.8446,0.1821,363687.9062 , 892.3643,26.8984,14.0209 , 2.5318,3.4246,<LOD,0.0000,0.0000,,,,7342.5649 , 49.1983,19.7535,150.2329 , 13.2968,3.4236,<LOD,7.1577,0.1882,12.6952 , 0.6701,2.2511,86.9479 , 3.4761,0.9099,118.5560 , 1.2528,10.8205,3.4735 , 1.0236,0.3099,387532.6250 , 6406.3276,14.5676 , 2.0993,0.3217,49.5318 , 1.1143,2.2563,112.8049 , 0.9520,6.5556,4.8276 , 0.7668,0.3035,2.4042 , 0.9464,0.4519,339.5947 , 23.2676,16.5082,9164.4170 , 113.1274,9.4299,<LOD,50.7438,0.7471,10540.8057 , 134.1351,4.6774,,,,,,6,407.600006,39.005833,-122.667259,10.000000,528810.375000,4317476.500000,
300,Mining,120.41,30.22,30.08,30.27,29.84,"Thu Apr 30, 2026 - 11:30:24",User,1.5,ppm,,,,,,,,,Mining,,,,,,,,,,,,<LOD,1.5388,0.7457,140469.9844 , 1901.5538,2.2178,<LOD,2.8979,0.0828,<LOD,1.4321,0.1493,<LOD,2.3125,1.3663,<LOD,56.9695,13.3155,73.3434 , 5.8505,2.8891,9.1450 , 2.7070,0.3089,37155.0312 , 178.2148,84.5481,<LOD,0.0000,0.0000,30110.9082 , 5063.7944,0.0951,338.3800 , 24.5625,1.0936,<LOD,1.0595,4.4669,5.0447 , 0.5830,2.8750,<LOD,9.6962,0.2241,1087.2949 , 215.0736,0.2712,6.4510 , 0.9140,0.2848,<LOD,1.3565,0.5339,<LOD,0.0000,0.0000,,,,11509.8574 , 120.9201,3.3859,<LOD,4.4471,4.1046,<LOD,0.8031,0.1715,355642.5000 , 898.3181,26.7998,15.7398 , 2.4297,3.4614,<LOD,0.0000,0.0000,,,,6898.4165 , 47.0797,18.8669,144.4558 , 12.7341,3.2782,<LOD,7.3772,0.2072,13.6660 , 0.6743,2.3577,80.2419 , 3.3744,0.8818,110.7540 , 1.2268,10.7408,3.5321 , 1.0040,0.3108,392294.0938 , 6271.6431,10.0344 , 2.0063,0.2954,47.4562 , 1.0938,2.2389,128.2571 , 1.0203,7.6247,1.6554 , 0.7756,0.2861,1.8353 , 0.9337,0.4540,324.8584 , 22.2201,16.4775,13255.4307 , 133.7500,13.9260,<LOD,50.1722,0.7438,10261.6572 , 131.3414,4.7019,,,,,,6,409.000000,39.006008,-122.667267,10.000000,528809.562500,4317496.000000,
301,Mining,126.00,35.56,30.19,30.24,30.01,"Thu Apr 30, 2026 - 11:34:09",User,1.5,ppm,,,,,,,,,Mining,,,,,,,,,,,,<LOD,1.5243,0.7554,165610.0312 , 2112.9795,2.5513,<LOD,3.0320,0.0914,<LOD,1.3294,0.1292,<LOD,2.2879,1.3819,<LOD,51.3156,10.7171,100.4019 , 5.5959,2.8864,12.2908 , 2.7751,0.3254,30547.1094 , 165.9947,68.1640,<LOD,0.0000,0.0000,41919.0781 , 5224.3872,0.1118,483.7362 , 27.0158,1.2482,<LOD,1.0476,4.3484,4.7533 , 0.5905,2.9532,<LOD,8.5855,0.2150,1041.9390 , 196.5304,0.2520,6.4502 , 0.9151,0.2866,<LOD,1.3727,0.5664,<LOD,0.0000,0.0000,,,,6283.9814 , 89.5508,1.9843,<LOD,4.3988,4.1650,<LOD,0.8248,0.1808,329145.1250 , 892.3112,24.3036,14.0743 , 2.3884,3.4480,<LOD,0.0000,0.0000,,,,6403.0063 , 44.1266,17.0805,162.0909 , 11.8162,3.0742,<LOD,7.3266,0.2053,22.8856 , 0.7403,2.8867,57.1859 , 3.0074,0.7019,98.9065 , 1.2314,10.8285,<LOD,1.8049,0.2388,379575.1250 , 6708.8716,<LOD,4.4592,0.2302,40.0748 , 1.0386,1.9841,209.7345 , 1.3635,12.2854,3.4342 , 0.7652,0.3009,2.5631 , 0.9785,0.5083,331.5741 , 21.9620,16.6620,27635.6621 , 186.0337,28.7100,<LOD,49.1702,0.7546,10288.7705 , 126.6728,4.8762,,,,,,5,412.500000,39.005943,-122.667114,10.000000,528823.000000,4317489.000000,
302,Mining,126.05,35.71,30.04,30.15,30.15,"Thu Apr 30, 2026 - 11:36:33",User,1.5,ppm,,,,,,,,,Mining,,,,,,,,,,,,<LOD,1.8050,0.7985,161107.1406 , 2126.7942,2.4789,<LOD,2.9959,0.0879,<LOD,1.3038,0.1222,<LOD,2.3194,1.3587,<LOD,52.3364,11.1357,89.1606 , 5.5446,2.7805,13.9109 , 2.8368,0.3349,32308.8438 , 167.8512,71.3422,<LOD,0.0000,0.0000,32987.1055 , 5211.8838,0.1003,507.9746 , 27.3885,1.2858,<LOD,1.0546,4.3188,5.2026 , 0.5925,2.9178,14.6767 , 4.7793,0.2457,951.5984 , 195.6313,0.2319,7.9953 , 0.9465,0.3021,<LOD,1.4071,0.5711,<LOD,0.0000,0.0000,,,,5356.7725 , 86.2422,1.7343,<LOD,4.4693,4.1145,<LOD,0.8013,0.1658,317371.0312 , 873.6701,23.0877,12.3097 , 2.4188,3.3783,<LOD,0.0000,0.0000,,,,6493.6870 , 44.4059,17.2569,161.0759 , 11.9595,3.0973,<LOD,7.4933,0.2103,18.6387 , 0.7085,2.5927,89.4596 , 3.5175,0.9442,99.1168 , 1.2429,10.9070,<LOD,1.4075,0.2356,401126.0625 , 6663.6367,<LOD,4.4297,0.2237,40.2303 , 1.0411,1.9558,235.6673 , 1.4471,13.4855,2.7120 , 0.7475,0.2804,2.2441 , 0.9934,0.5146,351.5788 , 22.3931,16.6635,29986.6914 , 193.3297,31.2212,<LOD,50.0664,0.7359,10659.1328 , 128.9170,5.0622,,,,,,4,412.799988,39.005947,-122.667122,10.000000,528822.312500,4317489.000000,
303,Mining,120.59,30.09,30.20,30.03,30.27,"Thu Apr 30, 2026 - 11:39:25",User,1.5,ppm,,,,,,,,,Mining,,,,,,,,,,,,<LOD,1.8633,0.6750,129483.9766 , 2516.4016,2.0379,<LOD,3.6670,0.0863,<LOD,1.5843,0.1187,<LOD,2.8452,1.2801,<LOD,58.1090,9.0342,104.3475 , 6.1941,2.5191,21.6209 , 3.4142,0.3201,32850.8164 , 159.9118,58.5475,<LOD,0.0000,0.0000,25472.2539 , 6033.2827,0.0884,394.4878 , 28.7284,0.9327,1.4510 , 0.8314,3.9453,6.7582 , 0.6837,2.5260,15.5522 , 5.2973,0.1985,1691.8573 , 269.3223,0.2916,8.8046 , 1.1112,0.2732,<LOD,1.7373,0.5467,<LOD,0.0000,0.0000,,,,17735.5117 , 161.4189,4.1768,<LOD,5.4339,3.7534,<LOD,1.0046,0.1746,366956.0000 , 874.8903,22.8940,9.7490 , 2.9462,3.1330,<LOD,0.0000,0.0000,,,,6891.6206 , 47.0139,14.9163,178.0458 , 13.1749,2.7219,<LOD,8.6773,0.1861,16.9810 , 0.7895,2.1077,92.8876 , 4.0167,0.8148,122.1278 , 1.4778,10.3731,1.4862 , 1.1398,0.2411,378433.8125 , 8248.1768,17.4627 , 2.4989,0.3038,46.4419 , 1.2376,1.8201,259.3161 , 1.6166,11.9606,4.7486 , 0.9201,0.2833,4.2350 , 1.2107,0.4974,475.2210 , 27.8739,16.4438,27148.4980 , 186.3805,22.8070,<LOD,60.3364,0.7218,11553.9404 , 139.6134,4.3909,,,,,,6,413.000000,39.005947,-122.667122,10.000000,528821.875000,4317489.000000,
304,Mining,120.42,30.13,30.00,30.17,30.12,"Thu Apr 30, 2026 - 11:41:42",User,1.5,ppm,,,,,,,,,Mining,,,,,,,,,,,,<LOD,1.8210,0.6787,127874.4609 , 2423.7383,2.0146,<LOD,3.9794,0.1045,<LOD,1.6398,0.1297,<LOD,2.7347,1.2368,<LOD,58.0213,9.1873,104.1362 , 6.1933,2.5296,17.4998 , 3.3256,0.3093,32915.1992 , 159.3384,59.4366,<LOD,0.0000,0.0000,24069.4707 , 5897.6104,0.0865,374.4162 , 28.2168,0.9177,<LOD,1.6707,3.9539,5.9944 , 0.6812,2.5425,23.9793 , 5.4849,0.2265,1558.3754 , 264.1151,0.2872,8.7561 , 1.1051,0.2752,<LOD,1.6943,0.5471,<LOD,0.0000,0.0000,,,,18171.0332 , 161.4831,4.3150,<LOD,5.2987,3.7662,<LOD,1.0034,0.1702,361755.9062 , 868.0898,22.8078,16.6970 , 2.8994,3.2196,<LOD,0.0000,0.0000,,,,6963.4419 , 47.2408,15.2466,165.0640 , 13.1624,2.7287,<LOD,12.5215,0.2076,19.5202 , 0.8101,2.2666,87.2699 , 3.9207,0.7912,121.9228 , 1.4767,10.5648,<LOD,1.6403,0.2140,385560.5938 , 7997.1509,16.1332 , 2.5203,0.3108,46.5416 , 1.2432,1.8654,267.2991 , 1.6368,12.4769,4.8424 , 0.9436,0.3010,5.3191 , 1.2315,0.5249,483.9325 , 27.1943,16.5317,27709.1602 , 188.7251,23.5813,<LOD,59.5314,0.7258,11653.0010 , 140.6997,4.5056,,,,,,6,413.299988,39.005947,-122.667130,10.000000,528821.250000,4317489.000000,
305,Mining,126.17,35.75,30.22,30.01,30.19,"Thu Apr 30, 2026 - 11:44:58",User,1.5,ppm,,,,,,,,,Mining,,,,,,,,,,,,<LOD,2.1644,0.7745,146586.2031 , 2093.5818,2.3061,<LOD,3.9014,0.1108,<LOD,1.5137,0.1221,<LOD,2.7798,1.3103,<LOD,75.5907,23.1251,84.6784 , 6.7631,3.1499,16.9859 , 3.2012,0.3236,67390.8438 , 289.8737,149.5861,<LOD,0.0000,0.0000,29515.7402 , 5549.6270,0.0976,375.1043 , 27.9344,1.3522,<LOD,1.2005,3.9693,5.3091 , 0.6494,2.4779,26.1204 , 6.4742,0.2466,1306.0400 , 221.3070,0.3060,8.4676 , 1.0854,0.2923,<LOD,1.7056,0.5684,<LOD,0.0000,0.0000,,,,13644.4639 , 128.5563,3.9951,<LOD,5.3753,3.9570,<LOD,0.9531,0.1737,349086.3750 , 869.8802,26.5394,13.6796 , 2.9092,3.2679,<LOD,0.0000,0.0000,,,,7124.3628 , 52.1293,19.2668,164.5363 , 14.4374,3.4131,<LOD,0.0000,0.2076,9.2836 , 0.7065,1.8341,67.0666 , 3.4757,0.7096,121.4833 , 1.4604,10.7215,1.5861 , 1.1131,0.2616,350006.0938 , 6925.4868,52.0373 , 3.0850,0.6034,47.9465 , 1.2280,1.9681,230.6051 , 1.5455,11.4285,4.0032 , 0.8698,0.2763,2.3304 , 1.1938,0.5292,458.3076 , 27.4197,16.7001,21984.8984 , 184.8592,22.8937,<LOD,49.5114,0.7556,11665.4287 , 152.5184,5.4576,,,,,,7,412.299988,39.005962,-122.667145,10.000000,528820.250000,4317491.000000,
306,Mining,7.87,7.87,,,,"Thu Apr 30, 2026 - 11:45:16",User,1.5,ppm,,,,,,,,,Mining,,,,,,,,,,,,<LOD,20.8981,29.0976,,,,<LOD,10.0750,0.1029,<LOD,3.7458,0.1048,<LOD,23.3944,28.9707,<LOD,169.2543,15.2237,<LOD,193.5920,0.5118,<LOD,17.5632,0.2793,54656.0859 , 335.6091,100.5676,<LOD,0.0000,0.0000,,,,475.2000 , 73.0150,1.2099,<LOD,5.1203,4.1616,8.4046 , 1.7298,2.6279,36.0696 , 15.4525,0.2309,,,,17.9083 , 3.2116,0.3620,<LOD,21.7064,34.3836,<LOD,0.0000,0.0000,,,,,,,<LOD,36.9745,30.9563,<LOD,2.7851,0.2144,,,,<LOD,25.4959,25.4591,<LOD,0.0000,0.0000,,,,7917.3003 , 447.2690,2.7791,192.5672 , 152.8685,0.9108,<LOD,22.0829,0.1914,10.0936 , 1.8850,1.8595,85.2105 , 9.2259,0.6877,127.0930 , 3.6767,10.7769,<LOD,5.1462,0.2834,936099.3125 , 1038.1825,34.7536 , 7.2778,0.4244,52.9469 , 3.2182,1.9938,281.5348 , 3.8797,12.7545,5.5272 , 2.2823,0.2855,<LOD,4.5247,0.4804,,,,,,,,,,,,,,,,,,7,412.200012,39.005962,-122.667145,10.000000,528820.125000,4317491.000000,
307,Mining,126.32,35.70,30.15,30.18,30.29,"Thu Apr 30, 2026 - 11:47:36",User,1.5,ppm,,,,,,,,,Mining,,,,,,,,,,,,<LOD,1.6815,0.7450,153457.1094 , 2150.4939,2.3954,<LOD,3.5121,0.1095,<LOD,1.4120,0.1302,<LOD,2.4879,1.3158,<LOD,59.8007,14.5010,83.7748 , 5.9552,2.8963,21.3551 , 3.0783,0.3615,43311.1523 , 212.6860,94.6357,<LOD,0.0000,0.0000,35497.8477 , 5510.1074,0.1047,438.2649 , 27.0061,1.2540,<LOD,1.1066,4.2235,5.5771 , 0.6064,2.7115,21.6909 , 5.1916,0.2326,1083.5233 , 218.1327,0.2755,7.8954 , 0.9902,0.2987,<LOD,1.5316,0.5734,<LOD,0.0000,0.0000,,,,12696.1895 , 127.3022,3.6793,<LOD,4.8500,4.0981,<LOD,0.9356,0.2070,346086.2812 , 904.2725,25.7978,11.3049 , 2.6027,3.2918,<LOD,0.0000,0.0000,,,,6619.6768 , 47.4474,17.6648,147.6356 , 12.7090,3.1370,<LOD,9.6845,0.2134,11.5360 , 0.6743,2.0890,61.3058 , 3.1762,0.7050,113.4196 , 1.3591,11.4801,<LOD,2.1384,0.2506,361577.5625 , 6953.4814,23.5061 , 2.4362,0.4070,44.9529 , 1.1244,2.0394,262.8433 , 1.5932,14.1371,2.8871 , 0.7978,0.2836,2.6054 , 1.0907,0.5520,416.4456 , 24.5072,16.9261,26887.5430 , 190.7388,27.7803,<LOD,51.9022,0.7833,11106.1211 , 137.2097,5.1896,,,,,,4,412.000000,39.005966,-122.667145,10.000000,528819.812500,4317491.500000,
308,Mining,125.84,35.57,30.07,30.01,30.19,"Thu Apr 30, 2026 - 11:50:58",User,1.5,ppm,,,,,,,,,Mining,,,,,,,,,,,,<LOD,1.6446,0.7376,155377.8125 , 2303.3394,2.4164,<LOD,3.4800,0.0990,<LOD,1.4558,0.1273,<LOD,2.4669,1.3475,<LOD,56.4508,10.9643,91.4909 , 5.7849,2.7464,16.3076 , 3.0819,0.3311,34066.4727 , 183.1764,70.9665,<LOD,0.0000,0.0000,38010.9258 , 5668.8179,0.1061,457.3783 , 28.3113,1.1645,<LOD,1.5292,4.2915,7.2850 , 0.6389,2.8077,14.4420 , 5.0399,0.2205,1023.3414 , 215.6084,0.2464,7.3018 , 1.0103,0.2865,<LOD,1.4839,0.5557,<LOD,0.0000,0.0000,,,,8646.3447 , 109.8487,2.4979,<LOD,4.7060,3.9573,<LOD,0.9212,0.1831,353502.3438 , 929.6464,25.2352,16.1598 , 2.5748,3.3660,<LOD,0.0000,0.0000,,,,6768.6592 , 47.3120,17.1995,138.9580 , 12.3999,3.0090,<LOD,10.7939,0.2141,10.4922 , 0.6909,2.0264,70.1219 , 3.4462,0.7597,113.1049 , 1.4088,11.5156,<LOD,2.4000,0.2472,359941.4062 , 7398.6338,15.6744 , 2.3419,0.3371,45.9764 , 1.1757,2.0699,273.3105 , 1.6774,14.5945,4.4752 , 0.8514,0.3101,2.8177 , 1.1286,0.5482,410.2285 , 23.9881,16.8463,29387.0801 , 195.1488,28.8705,<LOD,53.2242,0.7403,11580.0342 , 136.1332,5.1700,,,,,,7,411.399994,39.005981,-122.667145,10.000000,528819.812500,4317493.000000,
309,Mining,126.22,35.79,30.12,30.08,30.23,"Thu Apr 30, 2026 - 12:00:08",User,1.5,ppm,,,,,,,,,Mining,,,,,,,,,,,,<LOD,5.6508,1.2077,87091.7734 , 2253.8984,0.8959,<LOD,0.2454,0.0002,<LOD,0.1753,0.0009,<LOD,8.6889,2.3448,17.2531 , 3.3908,0.0333,65.3757 , 13.4916,1.7585,<LOD,1.2566,0.0120,34.7090 , 10.5834,0.1430,<LOD,0.0000,0.0000,34919.9062 , 10052.2979,0.0574,772.2389 , 42.5960,0.5579,<LOD,0.0033,0.0000,<LOD,0.0033,0.0000,6.6553 , 1.8510,0.0239,4097.7715 , 680.3372,0.2446,<LOD,0.0332,0.0001,<LOD,5.2182,0.9544,<LOD,0.0000,0.0000,,,,34894.2930 , 1008.8387,3.5175,<LOD,16.4207,6.8177,<LOD,0.0692,0.0004,799915.9375 , 8079.3804,46.9381,<LOD,13.0538,5.2013,<LOD,0.0000,0.0000,,,,28820.1836 , 890.9194,29.3910,290.9785 , 39.1324,4.3306,<LOD,1.4109,0.0029,<LOD,0.0059,-0.0000,<LOD,0.5738,0.0046,<LOD,0.0086,-0.0000,<LOD,0.0891,0.0006,1584.7778,,<LOD,0.4360,0.0023,<LOD,0.0188,0.0001,<LOD,0.0039,-0.0000,<LOD,0.0870,-0.0000,<LOD,0.0256,-0.0000,815.9907 , 436.7817,22.5717,1535.9066 , 90.2228,0.6758,<LOD,160.9489,0.6877,5136.2383 , 211.6211,0.9730,,,,,,3,411.500000,39.005878,-122.667183,10.000000,528816.812500,4317481.500000,
310,Mining,120.36,30.17,30.15,30.03,30.01,"Thu Apr 30, 2026 - 12:02:27",User,1.5,ppm,,,,,,,,,Mining,,,,,,,,,,,,<LOD,1.1068,1.1882,34572.7773 , 595.4863,0.8822,<LOD,2.5978,0.1653,<LOD,0.9923,0.1744,<LOD,1.7034,2.3196,<LOD,11.2008,0.9374,14.4964 , 2.7661,1.7372,<LOD,2.9609,0.3849,1397.2708 , 24.7806,4.9851,<LOD,0.0000,0.0000,<LOD,4881.5651,0.0478,<LOD,15.7979,0.3234,<LOD,0.9250,8.9670,6.5046 , 0.4663,4.7985,<LOD,3.7692,0.2466,681.4677 , 156.5786,0.2522,7.7932 , 0.7446,0.4681,<LOD,1.0528,0.9987,<LOD,0.0000,0.0000,,,,9826.2012 , 95.3526,3.8168,<LOD,3.2092,6.7752,<LOD,0.6407,0.2643,428356.3750 , 830.9569,46.0355,<LOD,3.9756,5.2020,<LOD,0.0000,0.0000,,,,7624.0845 , 33.7602,28.6755,47.5119 , 8.1574,4.1089,<LOD,0.0000,0.2080,<LOD,0.7195,2.0850,<LOD,1.9385,0.3108,240.5933 , 1.3713,32.7380,2.2779 , 0.8134,0.4876,513103.7188 , 3272.8726,36.1043 , 2.0708,0.8936,17.5249 , 0.6300,1.7388,2.0247 , 0.2196,0.9864,2.0874 , 0.5506,0.3750,3.0957 , 0.7200,0.6671,116.4967 , 15.0757,22.5373,385.4501 , 18.0399,0.6707,<LOD,35.6014,0.7059,1420.3328 , 37.0799,1.0088,,,,,,4,411.100006,39.005909,-122.667297,10.000000,528807.125000,4317485.000000,
311,Mining,120.75,30.20,30.24,30.12,30.19,"Thu Apr 30, 2026 - 12:07:08",User,1.5,ppm,,,,,,,,,Mining,,,,,,,,,,,,<LOD,1.0784,1.1425,32371.4023 , 590.5604,0.8515,<LOD,2.5949,0.1741,<LOD,0.9607,0.1725,<LOD,1.6807,2.2948,<LOD,11.1915,0.9873,24.0536 , 2.7268,1.8535,<LOD,4.1388,0.4052,1518.8965 , 24.8751,5.3525,<LOD,0.0000,0.0000,8743.3066 , 2578.4253,0.0552,<LOD,16.1426,0.3588,<LOD,0.8947,8.8660,6.0296 , 0.4481,4.6783,<LOD,3.5936,0.2355,717.8655 , 157.4824,0.2556,13.0485 , 0.8123,0.5902,<LOD,1.0074,0.9238,<LOD,0.0000,0.0000,,,,10284.6904 , 96.3557,3.9548,<LOD,3.1670,6.7212,<LOD,0.6378,0.2762,429764.2812 , 735.7954,45.9582,4.1711 , 1.6811,5.1502,<LOD,0.0000,0.0000,,,,7338.6558 , 30.4378,27.4134,57.6899 , 7.7527,3.9977,<LOD,0.0000,0.2260,<LOD,0.8446,2.0204,<LOD,1.9158,0.3205,240.9557 , 1.2957,32.6013,1.6179 , 0.8582,0.5521,507471.5938 , 2806.1174,45.3131 , 2.1608,1.0291,11.7765 , 0.5454,1.3076,2.6006 , 0.2204,1.0489,2.9683 , 0.5463,0.3995,2.2664 , 0.6946,0.6505,129.7554 , 14.8844,22.4705,595.8489 , 19.8438,0.9406,<LOD,35.5738,0.6975,651.1905 , 27.8796,0.5743,,,,,,4,404.399994,39.005901,-122.667336,10.000000,528803.687500,4317484.000000,
312,Mining,126.02,35.54,30.23,30.03,30.22,"Thu Apr 30, 2026 - 12:09:58",User,1.5,ppm,,,,,,,,,Mining,,,,,,,,,,,,<LOD,1.0322,1.1843,37511.3359 , 571.2630,0.9132,<LOD,2.2808,0.1493,<LOD,0.8881,0.1646,<LOD,1.5942,2.3416,<LOD,11.6185,1.1894,21.5945 , 2.6573,1.9487,<LOD,2.6330,0.3587,1777.9147 , 26.0456,6.5637,<LOD,0.0000,0.0000,5332.3364 , 2365.3030,0.0521,<LOD,14.4911,0.3223,<LOD,0.8383,8.7177,4.0156 , 0.4247,4.6868,<LOD,3.4581,0.2396,589.4167 , 144.4630,0.2442,12.1732 , 0.7747,0.6000,<LOD,0.9456,0.9170,<LOD,0.0000,0.0000,,,,7850.3252 , 82.2690,3.2612,<LOD,2.9490,6.5503,<LOD,0.5867,0.2600,402410.7500 , 693.4395,44.5764,4.3586 , 1.5692,5.0621,<LOD,0.0000,0.0000,,,,6927.3652 , 28.8119,27.5610,53.1900 , 7.4164,4.0247,<LOD,4.4943,0.2163,<LOD,0.5697,2.2088,4.8612 , 1.4016,0.4245,185.5517 , 1.1042,27.3646,2.6657 , 0.8384,0.6051,534951.9375 , 2561.6389,38.1413 , 1.9962,0.9309,20.8831 , 0.6241,2.0606,5.6217 , 0.2405,1.4026,3.4730 , 0.5265,0.4321,2.4736 , 0.6766,0.6924,154.8395 , 13.9992,22.8441,682.2614 , 21.0878,1.1408,90.9030 , 24.1810,0.8298,1361.6411 , 34.9049,1.0303,,,,,,4,409.500000,39.005909,-122.667282,10.000000,528808.000000,4317485.000000,
313,Mining,126.14,35.90,30.18,30.03,30.03,"Thu Apr 30, 2026 - 12:13:05",User,1.5,ppm,,,,,,,,,Mining,,,,,,,,,,,,<LOD,1.2207,1.2458,41650.1680 , 588.4026,0.9542,<LOD,2.2568,0.1500,<LOD,0.9358,0.1873,<LOD,1.5731,2.3329,<LOD,11.1572,1.1247,21.0451 , 2.6465,1.9365,<LOD,2.5941,0.3562,1594.7932 , 24.6227,5.9810,<LOD,0.0000,0.0000,8184.0752 , 2471.2568,0.0573,<LOD,14.7145,0.3399,<LOD,0.8272,8.6879,5.0504 , 0.4261,4.8585,<LOD,3.3067,0.2239,796.2927 , 155.1974,0.2820,7.8455 , 0.6930,0.4901,<LOD,0.9339,0.9166,<LOD,0.0000,0.0000,,,,10744.1035 , 95.7122,4.4385,<LOD,2.9492,6.7778,<LOD,0.5630,0.2409,382263.6562 , 697.4144,42.0885,4.6462 , 1.5615,5.1391,<LOD,0.0000,0.0000,,,,7416.1621 , 30.1427,29.7290,57.4693 , 7.6383,4.3314,<LOD,4.4169,0.2136,<LOD,0.5530,2.1321,9.3285 , 1.4868,0.4896,189.0013 , 1.1100,27.9602,2.9701 , 0.7731,0.5434,544510.5625 , 2633.7173,36.7796 , 1.9565,0.9141,19.4687 , 0.6010,1.9516,2.8726 , 0.2134,1.1267,1.8226 , 0.5150,0.3923,1.6742 , 0.6539,0.6606,109.7707 , 13.7325,21.9909,930.8843 , 23.9793,1.5257,65.8309 , 24.2792,0.8396,1373.7456 , 34.8569,1.0438,,,,,,4,410.799988,39.005962,-122.667168,10.000000,528818.250000,4317491.000000,
314,Mining,120.90,30.27,30.23,30.17,28.43,"Thu Apr 30, 2026 - 12:18:55",User,1.5,ppm,,,,,,,,,Mining,,,,,,,,,,,,<LOD,1.0806,1.1225,27447.4082 , 531.4276,0.7055,<LOD,2.2935,0.1351,<LOD,0.9439,0.1663,<LOD,1.6811,2.2522,<LOD,15.1678,1.8284,16.0803 , 2.7781,1.8617,<LOD,2.7798,0.3580,3146.4314 , 34.7031,10.5995,<LOD,0.0000,0.0000,<LOD,3441.5167,0.0405,<LOD,15.5359,0.3371,<LOD,0.8605,8.2188,4.0288 , 0.4406,4.5286,<LOD,3.5290,0.2135,689.4461 , 149.1694,0.2256,14.3518 , 0.8295,0.6158,<LOD,0.9555,0.8047,<LOD,0.0000,0.0000,,,,9415.6406 , 92.5506,3.6878,<LOD,3.1356,6.4400,<LOD,0.5913,0.2357,354605.5938 , 659.6863,35.6045,3.5023 , 1.6588,4.8892,<LOD,0.0000,0.0000,,,,7535.8467 , 30.5283,28.3669,62.1716 , 8.0139,4.1709,<LOD,4.6391,0.2063,<LOD,0.6006,2.1882,<LOD,2.2850,0.3427,188.6343 , 1.1276,25.9955,<LOD,1.5716,0.5161,594624.1250 , 2481.7612,22.4006 , 1.7702,0.6401,24.4466 , 0.6705,2.1833,3.1295 , 0.2222,1.0694,2.6074 , 0.5469,0.4069,2.3875 , 0.6723,0.6166,143.5014 , 14.7747,21.8166,658.8974 , 21.4625,1.0470,<LOD,37.6506,0.7940,1389.3369 , 36.5362,0.9957,,,,,,5,409.299988,39.005951,-122.667274,10.000000,528808.687500,4317489.500000,
315,Mining,120.53,30.03,30.03,30.22,28.15,"Thu Apr 30, 2026 - 12:21:15",User,1.5,ppm,,,,,,,,,Mining,,,,,,,,,,,,<LOD,1.0935,1.1477,27083.0938 , 538.2863,0.7012,<LOD,2.4190,0.1478,<LOD,0.9735,0.1730,<LOD,1.6737,2.2190,<LOD,15.6116,1.9012,20.0269 , 2.8250,1.8861,<LOD,3.3511,0.3944,3209.0566 , 35.2452,10.7222,<LOD,0.0000,0.0000,<LOD,3331.7091,0.0367,<LOD,15.7119,0.3384,<LOD,0.8668,8.2957,4.4007 , 0.4394,4.5122,<LOD,3.6649,0.2273,737.9619 , 155.0976,0.2353,14.4082 , 0.8396,0.6163,<LOD,0.9817,0.8505,<LOD,0.0000,0.0000,,,,9536.9434 , 94.6125,3.7270,<LOD,3.1290,6.3678,<LOD,0.6029,0.2422,356646.9062 , 659.5187,35.6254,<LOD,3.6571,4.8431,<LOD,0.0000,0.0000,,,,7682.1323 , 30.8338,28.6501,55.3462 , 8.0987,4.1549,<LOD,0.0000,0.2174,<LOD,0.6096,2.2014,<LOD,2.9311,0.3654,193.7971 , 1.1479,26.4189,<LOD,1.3377,0.5048,592576.8750 , 2448.2795,23.0131 , 1.7818,0.6807,25.8470 , 0.6818,2.2321,2.5510 , 0.2185,1.0098,3.3309 , 0.5703,0.4373,<LOD,1.5251,0.5708,150.5294 , 14.8067,21.9026,633.9360 , 21.4726,1.0177,<LOD,38.1720,0.7898,1399.7839 , 36.8490,0.9920,,,,,,5,409.100006,39.005955,-122.667282,10.000000,528808.562500,4317490.000000,
316,Mining,120.68,30.02,30.20,30.27,30.19,"Thu Apr 30, 2026 - 12:24:27",User,1.5,ppm,,,,,,,,,Mining,,,,,,,,,,,,<LOD,1.0331,1.1619,27384.5605 , 515.5031,0.7420,<LOD,2.1931,0.1339,<LOD,0.8931,0.1617,<LOD,1.5846,2.2606,<LOD,8.8142,0.6645,22.0372 , 2.6248,1.8582,<LOD,2.6192,0.3433,798.4883 , 18.6081,3.2011,<LOD,0.0000,0.0000,<LOD,4731.7039,0.0473,<LOD,14.5789,0.3129,<LOD,0.8173,8.2460,4.0921 , 0.4222,4.6733,<LOD,3.2723,0.2122,707.7638 , 146.2277,0.2431,3.4684 , 0.6174,0.3671,<LOD,0.8956,0.7968,<LOD,0.0000,0.0000,,,,9314.5469 , 90.5321,3.8221,<LOD,2.9659,6.5521,<LOD,0.5689,0.2381,377005.9688 , 767.5015,40.4041,3.9905 , 1.5666,4.9318,<LOD,0.0000,0.0000,,,,6706.5908 , 29.7710,26.4173,44.9110 , 7.3087,3.8158,<LOD,4.3442,0.1958,<LOD,0.5142,1.7884,<LOD,1.6576,0.2528,160.6518 , 1.0623,23.9451,<LOD,1.3208,0.3445,574565.3125 , 3058.2505,26.5728 , 1.8106,0.7338,4.7887 , 0.4238,0.7944,1.8364 , 0.2048,0.9843,1.2065 , 0.4813,0.3177,<LOD,0.9213,0.5309,106.4070 , 13.7906,21.1992,535.5320 , 18.2201,0.8690,<LOD,35.0084,0.7597,214.7828 , 22.1521,0.3274,,,,,,7,409.100006,39.005959,-122.667267,10.000000,528809.875000,4317490.500000,
317,Mining,120.76,30.04,30.27,30.27,28.67,"Thu Apr 30, 2026 - 12:27:42",User,1.5,ppm,,,,,,,,,Mining,,,,,,,,,,,,<LOD,1.0974,1.1411,25538.7949 , 547.9030,0.7036,<LOD,2.6708,0.1815,<LOD,1.0448,0.2014,<LOD,1.6706,2.1805,<LOD,22.7639,4.2411,27.9394 , 3.0102,2.1337,6.5745 , 2.0728,0.4454,7706.4717 , 53.8510,25.7031,<LOD,0.0000,0.0000,<LOD,3722.3544,0.0441,<LOD,15.8557,0.3648,<LOD,0.8512,7.7325,2.7466 , 0.4387,4.3187,<LOD,3.9072,0.2340,698.3040 , 162.5321,0.2542,37.0603 , 1.1323,1.1329,<LOD,0.9668,0.8117,<LOD,0.0000,0.0000,,,,11062.8691 , 102.9034,4.3654,<LOD,3.1195,6.2322,<LOD,0.6290,0.2584,371187.3125 , 697.4487,38.5402,<LOD,2.7088,4.6610,<LOD,0.0000,0.0000,,,,7239.3613 , 31.3553,27.8692,49.8940 , 8.1627,4.0701,<LOD,0.0000,0.1944,<LOD,0.5541,1.8427,<LOD,2.0644,0.3676,164.0581 , 1.0696,22.8024,<LOD,1.6462,0.7864,574962.6875 , 2604.4365,64.5616 , 2.4597,1.3141,4.1765 , 0.4751,0.8163,10.9064 , 0.2969,1.8720,<LOD,1.0442,0.3782,3.8229 , 0.7546,0.7475,137.0154 , 14.7102,21.0754,576.0189 , 20.6335,0.9437,<LOD,38.6778,0.8001,519.4148 , 28.5070,0.5108,,,,,,5,409.000000,39.005959,-122.667267,10.000000,528809.750000,4317490.500000,
318,Mining,120.76,30.04,30.27,30.27,28.67,"Thu Apr 30, 2026 - 12:27:42",User,1.5,ppm,,,,,,,,,Mining,,,,,,,,,,,,<LOD,1.0974,1.1411,25538.7949 , 547.9030,0.7036,<LOD,2.6708,0.1815,<LOD,1.0448,0.2014,<LOD,1.6706,2.1805,<LOD,22.7639,4.2411,27.9394 , 3.0102,2.1337,6.5745 , 2.0728,0.4454,7706.4717 , 53.8510,25.7031,<LOD,0.0000,0.0000,<LOD,3722.3544,0.0441,<LOD,15.8557,0.3648,<LOD,0.8512,7.7325,2.7466 , 0.4387,4.3187,<LOD,3.9072,0.2340,698.3040 , 162.5321,0.2542,37.0603 , 1.1323,1.1329,<LOD,0.9668,0.8117,<LOD,0.0000,0.0000,,,,11062.8691 , 102.9034,4.3654,<LOD,3.1195,6.2322,<LOD,0.6290,0.2584,371187.3125 , 697.4487,38.5402,<LOD,2.7088,4.6610,<LOD,0.0000,0.0000,,,,7239.3613 , 31.3553,27.8692,49.8940 , 8.1627,4.0701,<LOD,0.0000,0.1944,<LOD,0.5541,1.8427,<LOD,2.0644,0.3676,164.0581 , 1.0696,22.8024,<LOD,1.6462,0.7864,574962.6875 , 2604.4365,64.5616 , 2.4597,1.3141,4.1765 , 0.4751,0.8163,10.9064 , 0.2969,1.8720,<LOD,1.0442,0.3782,3.8229 , 0.7546,0.7475,137.0154 , 14.7102,21.0754,576.0189 , 20.6335,0.9437,<LOD,38.6778,0.8001,519.4148 , 28.5070,0.5108,,,,,,5,409.000000,39.005959,-122.667267,10.000000,528809.750000,4317490.500000,
319,Mining,126.29,35.65,30.21,30.15,30.28,"Thu Apr 30, 2026 - 12:35:03",User,1.5,ppm,,,,,,,,,Mining,,,,,,,,,,,,<LOD,1.1809,1.1708,33673.6875 , 571.1642,0.8551,<LOD,2.2318,0.1370,<LOD,0.9219,0.1698,<LOD,1.6103,2.1934,<LOD,9.1198,0.7017,23.5805 , 2.7124,1.8579,<LOD,2.6553,0.3483,916.3919 , 19.3476,3.4361,<LOD,0.0000,0.0000,<LOD,3793.8827,0.0429,<LOD,14.4703,0.3041,<LOD,0.8402,8.3650,4.5679 , 0.4288,4.5740,<LOD,3.2720,0.2102,431.2313 , 131.1930,0.1897,4.4708 , 0.6399,0.3883,<LOD,0.9461,0.8424,<LOD,0.0000,0.0000,,,,2586.7861 , 52.7346,1.1888,<LOD,3.0002,6.2527,<LOD,0.5672,0.2366,419995.8750 , 720.5682,44.4440,4.9222 , 1.6008,4.8416,<LOD,0.0000,0.0000,,,,7716.4585 , 30.9238,28.9888,53.6988 , 7.8398,4.1716,<LOD,0.0000,0.2059,<LOD,0.6554,2.2164,<LOD,1.7037,0.2702,197.7678 , 1.1389,27.5347,<LOD,1.5578,0.3591,531413.2500 , 2683.7041,26.0756 , 1.7640,0.7305,27.8811 , 0.6904,2.4847,3.0970 , 0.2149,1.0697,2.9615 , 0.5319,0.4120,3.7151 , 0.6800,0.6765,64.8658 , 13.8814,19.6459,315.6966 , 16.5364,0.5841,<LOD,55.4096,0.7821,1909.3572 , 40.1476,1.2903,,,,,,7,408.500000,39.005951,-122.667236,10.000000,528812.312500,4317489.500000,
320,Mining,126.28,35.76,30.11,30.24,30.17,"Thu Apr 30, 2026 - 12:37:34",User,1.5,ppm,,,,,,,,,Mining,,,,,,,,,,,,<LOD,1.0718,1.0956,32993.4219 , 559.3465,0.8453,<LOD,2.3624,0.1460,<LOD,0.9616,0.1753,<LOD,1.6731,2.2170,<LOD,9.4999,0.7217,21.4462 , 2.7379,1.8267,<LOD,2.7153,0.3457,978.7662 , 20.3037,3.6064,<LOD,0.0000,0.0000,<LOD,3273.9994,0.0394,<LOD,15.2042,0.3195,<LOD,0.8577,8.2620,4.7734 , 0.4386,4.5412,<LOD,3.4215,0.2183,432.8557 , 129.6403,0.1892,5.1417 , 0.6681,0.4019,<LOD,0.9603,0.8080,<LOD,0.0000,0.0000,,,,2565.1377 , 51.7576,1.1714,<LOD,3.1054,6.2658,<LOD,0.5894,0.2403,422756.2812 , 670.4155,44.4301,<LOD,3.3651,4.7254,<LOD,0.0000,0.0000,,,,7739.4497 , 30.6093,28.8707,56.0556 , 7.9714,4.1779,<LOD,0.0000,0.2069,<LOD,0.5976,2.1881,<LOD,1.7654,0.2754,200.4200 , 1.1548,27.6027,1.1049 , 0.7115,0.3873,529885.4375 , 2480.5190,30.2337 , 1.8819,0.7896,29.1032 , 0.7139,2.5350,3.6520 , 0.2259,1.1216,2.8972 , 0.5503,0.4150,3.1117 , 0.6944,0.6670,64.7751 , 14.3464,19.6036,327.8673 , 16.8405,0.5915,<LOD,35.8230,0.7562,1898.1150 , 40.4044,1.2724,,,,,,7,409.500000,39.005939,-122.667229,10.000000,528812.625000,4317488.500000,
321,Mining,126.28,35.76,30.11,30.24,30.17,"Thu Apr 30, 2026 - 12:37:34",User,1.5,ppm,,,,,,,,,Mining,,,,,,,,,,,,<LOD,1.0718,1.0956,32993.4219 , 559.3465,0.8453,<LOD,2.3624,0.1460,<LOD,0.9616,0.1753,<LOD,1.6731,2.2170,<LOD,9.4999,0.7217,21.4462 , 2.7379,1.8267,<LOD,2.7153,0.3457,978.7662 , 20.3037,3.6064,<LOD,0.0000,0.0000,<LOD,3273.9994,0.0394,<LOD,15.2042,0.3195,<LOD,0.8577,8.2620,4.7734 , 0.4386,4.5412,<LOD,3.4215,0.2183,432.8557 , 129.6403,0.1892,5.1417 , 0.6681,0.4019,<LOD,0.9603,0.8080,<LOD,0.0000,0.0000,,,,2565.1377 , 51.7576,1.1714,<LOD,3.1054,6.2658,<LOD,0.5894,0.2403,422756.2812 , 670.4155,44.4301,<LOD,3.3651,4.7254,<LOD,0.0000,0.0000,,,,7739.4497 , 30.6093,28.8707,56.0556 , 7.9714,4.1779,<LOD,0.0000,0.2069,<LOD,0.5976,2.1881,<LOD,1.7654,0.2754,200.4200 , 1.1548,27.6027,1.1049 , 0.7115,0.3873,529885.4375 , 2480.5190,30.2337 , 1.8819,0.7896,29.1032 , 0.7139,2.5350,3.6520 , 0.2259,1.1216,2.8972 , 0.5503,0.4150,3.1117 , 0.6944,0.6670,64.7751 , 14.3464,19.6036,327.8673 , 16.8405,0.5915,<LOD,35.8230,0.7562,1898.1150 , 40.4044,1.2724,,,,,,7,409.500000,39.005939,-122.667229,10.000000,528812.625000,4317488.500000,
322,Mining,30.02,29.21,,,,"Thu Apr 30, 2026 - 13:51:48",User,1.5,ppm,,,,,,,,,Mining,,,,,,,,,,,,<LOD,6.1451,41.0491,,,,<LOD,3.1325,0.1405,<LOD,1.2647,0.1665,<LOD,6.7683,44.8295,<LOD,41.0808,9.0589,36.8314 , 26.4727,0.6194,18.7332 , 2.9065,0.5013,22671.6875 , 91.5656,61.1802,<LOD,0.0000,0.0000,,,,<LOD,24.3363,0.5703,<LOD,1.0661,6.7859,3.5296 , 0.5620,4.0114,7.3109 , 3.9321,0.2581,,,,11.0579 , 0.9774,0.4708,<LOD,6.8283,48.0784,<LOD,0.0000,0.0000,,,,,,,<LOD,11.7472,45.9811,<LOD,0.7710,0.2235,,,,<LOD,8.1027,37.7912,<LOD,0.0000,0.0000,,,,5887.5967 , 159.7881,3.1516,176.9174 , 57.3312,1.1646,<LOD,0.0000,0.2080,3.3953 , 0.5839,2.5311,<LOD,2.4977,0.3068,149.1417 , 1.2977,19.6387,<LOD,1.4687,0.3739,970744.2500 , 251.1458,54.1351 , 2.7601,0.9399,46.3361 , 1.0663,3.0806,182.0818 , 1.1003,14.6228,6.9912 , 0.7927,0.5047,<LOD,2.4419,0.7985,,,,,,,,,,,,,,,,,,9,420.799988,39.005661,-122.667068,10.000000,528826.875000,4317457.500000,
323,Mining,4.21,4.21,,,,"Thu Apr 30, 2026 - 13:52:03",User,1.5,ppm,,,,,,,,,Mining,,,,,,,,,,,,<LOD,27.4516,35.8096,,,,<LOD,12.7931,0.1005,<LOD,4.6588,0.0972,<LOD,30.0315,37.6109,<LOD,166.2817,6.0971,<LOD,218.2413,0.5006,<LOD,27.7597,0.4051,17809.4277 , 373.7367,41.1738,<LOD,0.0000,0.0000,,,,<LOD,136.1077,0.5396,<LOD,4.9124,6.3495,5.4221 , 2.5651,3.6751,<LOD,31.9095,0.2369,,,,17.2249 , 4.8176,0.4980,<LOD,30.5543,42.1564,<LOD,0.0000,0.0000,,,,,,,<LOD,52.3254,39.6216,<LOD,3.3936,0.1887,,,,<LOD,36.0900,32.5921,<LOD,0.0000,0.0000,,,,6347.5088 , 747.8799,2.8298,<LOD,396.7690,0.9045,<LOD,26.9601,0.1685,<LOD,6.0138,2.2482,<LOD,8.9991,0.1659,169.7980 , 6.0117,18.5129,<LOD,7.1705,0.3794,975410.7500 , 1068.9718,44.9093 , 11.7268,0.6935,50.8922 , 4.9617,2.9375,135.3992 , 4.3030,9.7161,8.6795 , 3.3763,0.4367,<LOD,8.9084,0.6844,,,,,,,,,,,,,,,,,,9,420.399994,39.005661,-122.667061,10.000000,528827.312500,4317457.500000,
324,Mining,120.32,30.24,30.25,30.16,29.67,"Thu Apr 30, 2026 - 13:54:16",User,1.5,ppm,,,,,,,,,Mining,,,,,,,,,,,,<LOD,1.3295,1.0385,141088.2188 , 1208.5292,2.2251,<LOD,3.0380,0.1624,<LOD,1.1322,0.1646,<LOD,2.0197,1.9543,<LOD,43.6762,13.4437,119.5243 , 5.0962,4.0711,17.9372 , 2.5904,0.4971,29634.9355 , 132.2063,90.9964,<LOD,0.0000,0.0000,7120.2554 , 3523.3540,0.0791,<LOD,22.8870,0.6686,<LOD,0.9485,6.3818,4.5740 , 0.5066,3.9105,19.4071 , 3.8646,0.2785,1844.2406 , 236.6096,0.5617,9.2446 , 0.8848,0.4735,<LOD,1.1945,0.7743,<LOD,0.0000,0.0000,,,,25307.7539 , 156.1231,9.2979,<LOD,3.8691,5.8552,<LOD,0.7394,0.2525,271782.9375 , 714.7704,25.2908,<LOD,4.1331,4.5226,<LOD,0.0000,0.0000,,,,5088.4229 , 35.0438,18.9080,284.3444 , 10.7855,4.3212,<LOD,0.0000,0.1997,3.8377 , 0.5218,2.4624,<LOD,2.3747,0.3450,136.3389 , 1.2684,20.4270,<LOD,1.3309,0.3820,504927.5312 , 4076.1328,90.5573 , 3.0898,1.4482,40.9580 , 0.9565,2.8421,313.9327 , 1.4758,25.3845,6.3614 , 0.7041,0.4830,<LOD,2.4242,1.0108,213.5322 , 18.7339,21.1961,555.7433 , 35.0451,1.1266,<LOD,40.8061,0.8387,11389.4316 , 117.5645,6.5287,,,,,,8,420.000000,39.005665,-122.667068,10.000000,528826.750000,4317458.000000,
325,Mining,0.32,0.32,,,,"Thu Apr 30, 2026 - 13:54:29",User,1.5,ppm,,,,,,,,,Mining,,,,,,,,,,,,<LOD,183.7458,40.1923,,,,<LOD,21.1037,-0.0013,<LOD,56.9422,0.3324,<LOD,199.0778,39.2968,<LOD,1708.9960,18.7955,<LOD,833.5802,0.2807,<LOD,10.3663,-0.0024,42244.6172 , 3060.4065,113.3332,<LOD,0.0000,0.0000,,,,<LOD,1005.7022,0.9990,<LOD,45.8245,8.3020,<LOD,23.3595,3.3312,<LOD,308.5235,0.6657,,,,<LOD,33.2716,0.3198,<LOD,209.0037,52.6056,<LOD,0.0000,0.0000,,,,,,,<LOD,351.8460,43.5785,<LOD,28.7007,0.3325,,,,<LOD,244.0315,37.8038,<LOD,0.0000,0.0000,,,,<LOD,9682.3352,2.6647,3770.4282 , 2548.4282,3.8986,<LOD,35.9735,-0.0018,<LOD,30.8666,2.7244,<LOD,78.5499,0.3313,149.1441 , 39.5462,20.6344,<LOD,40.5704,0.3333,953327.5625 , 9372.2363,<LOD,214.5632,1.2303,64.5373 , 33.9782,3.6613,443.7361 , 46.9785,30.9951,<LOD,26.0328,-0.0076,<LOD,48.7553,0.9241,,,,,,,,,,,,,,,,,,9,420.000000,39.005665,-122.667068,10.000000,528826.750000,4317458.000000,
326,Mining,120.95,30.31,30.17,30.21,30.26,"Thu Apr 30, 2026 - 14:00:16",User,1.5,ppm,,,,,,,,,Mining,,,,,,,,,,,,<LOD,1.2164,1.0448,163372.0469 , 1398.8232,2.5528,<LOD,2.5127,0.1302,<LOD,1.1067,0.1857,<LOD,1.8794,2.0550,<LOD,24.5729,4.0811,112.2299 , 4.0133,3.1767,14.0503 , 2.3386,0.4674,8881.1699 , 67.7746,26.5397,<LOD,0.0000,0.0000,<LOD,6459.4299,0.0682,<LOD,19.2910,0.4471,<LOD,0.8959,6.8658,4.7781 , 0.4760,4.0915,<LOD,4.3516,0.2404,1132.5948 , 184.6087,0.3307,7.2737 , 0.7812,0.4371,<LOD,1.1264,0.8296,<LOD,0.0000,0.0000,,,,10379.4424 , 101.9446,3.7163,<LOD,3.5579,6.0662,<LOD,0.6878,0.2654,326680.5625 , 906.8286,29.6140,5.4249 , 1.8892,4.6734,<LOD,0.0000,0.0000,,,,6071.5176 , 35.6011,21.2673,209.6529 , 9.1874,4.0739,<LOD,5.2327,0.2136,3.9271 , 0.4809,2.5301,<LOD,2.1237,0.3133,141.9958 , 1.2088,20.7812,<LOD,1.6979,0.3716,472376.9062 , 4928.5693,32.9377 , 2.0854,0.7242,39.9089 , 0.8767,2.9461,194.4814 , 1.1153,17.1779,5.6258 , 0.6658,0.5048,2.1083 , 0.8554,0.8067,204.2854 , 17.0748,21.6326,428.4590 , 25.7403,0.8420,<LOD,39.8956,0.7660,7011.3740 , 82.1443,3.9018,,,,,,9,423.500000,39.005741,-122.667053,10.000000,528828.000000,4317466.500000,
327,Mining,125.90,35.49,30.16,30.25,30.00,"Thu Apr 30, 2026 - 14:03:05",User,1.5,ppm,,,,,,,,,Mining,,,,,,,,,,,,<LOD,1.2523,1.0130,169868.5000 , 1332.5323,2.6318,<LOD,2.6444,0.1283,<LOD,1.1762,0.1866,<LOD,1.9397,1.9961,<LOD,31.8136,6.4694,132.0107 , 4.1840,3.4363,20.0630 , 2.5367,0.4934,14804.6973 , 86.9248,42.8634,<LOD,0.0000,0.0000,11976.6904 , 3405.1096,0.0820,<LOD,20.8984,0.4993,<LOD,0.9330,6.4564,4.8289 , 0.4981,3.8977,<LOD,4.7548,0.2287,1524.0404 , 201.6091,0.4017,9.4854 , 0.8578,0.4693,<LOD,1.1613,0.8082,<LOD,0.0000,0.0000,,,,15472.4971 , 119.7405,5.3632,<LOD,3.6946,5.9350,<LOD,0.6965,0.2380,312370.8438 , 763.0916,27.5836,5.9459 , 1.9738,4.6713,<LOD,0.0000,0.0000,,,,5783.4312 , 32.6657,19.8918,235.3253 , 9.2012,4.0176,<LOD,5.2957,0.1954,4.4600 , 0.5052,2.4673,<LOD,2.2005,0.3007,139.4575 , 1.2287,20.3314,<LOD,1.9872,0.4012,458510.9688 , 4237.6328,56.3636 , 2.5423,0.9831,39.7589 , 0.9155,2.8107,263.0440 , 1.3065,21.6967,6.9911 , 0.7194,0.5290,2.6985 , 0.9673,0.9086,224.9421 , 17.8962,21.7454,486.1992 , 26.9730,0.9005,<LOD,39.7514,0.7705,8056.7383 , 86.0757,4.3445,,,,,,7,423.200012,39.005726,-122.667053,10.000000,528827.875000,4317464.500000,
328,Mining,126.16,35.69,30.09,30.10,30.28,"Thu Apr 30, 2026 - 14:05:44",User,1.5,ppm,,,,,,,,,Mining,,,,,,,,,,,,<LOD,1.2884,0.9966,163998.9219 , 1362.9899,2.5594,<LOD,2.7170,0.1258,<LOD,1.1271,0.1576,<LOD,1.9589,1.8904,<LOD,24.0886,3.1790,74.4420 , 3.9242,2.5183,10.5021 , 2.4014,0.4030,7200.9434 , 59.5063,19.7225,<LOD,0.0000,0.0000,11222.5557 , 3338.1631,0.0736,<LOD,20.6044,0.4147,<LOD,0.9484,6.5749,7.1954 , 0.5074,4.0029,<LOD,4.5659,0.2236,800.7161 , 162.4272,0.2306,9.0923 , 0.8530,0.4283,<LOD,1.1787,0.7702,<LOD,0.0000,0.0000,,,,5170.8604 , 73.3815,1.8236,<LOD,3.6963,5.5131,<LOD,0.7035,0.2215,355541.5000 , 812.2955,30.0631,5.6190 , 1.9788,4.3475,<LOD,0.0000,0.0000,,,,8453.7422 , 40.6066,26.7287,167.9486 , 10.2894,4.4202,<LOD,5.5144,0.1943,5.2502 , 0.5408,2.6145,<LOD,2.2005,0.2753,166.9340 , 1.2513,19.5487,1.9573 , 0.9027,0.4071,439922.0625 , 4323.0166,29.4267 , 2.1414,0.6232,54.7006 , 1.0231,3.4857,47.9842 , 0.5589,4.3858,5.7385 , 0.6952,0.4610,<LOD,1.9935,0.5875,168.4161 , 17.6637,19.4111,440.9139 , 26.2236,0.7765,<LOD,39.0285,0.6517,6492.5293 , 80.1129,3.3232,,,,,,8,422.600006,39.005718,-122.667061,10.000000,528827.437500,4317464.000000,
329,Mining,125.94,35.62,30.02,30.25,30.05,"Thu Apr 30, 2026 - 14:08:06",User,1.5,ppm,,,,,,,,,Mining,,,,,,,,,,,,<LOD,1.2563,0.9970,173267.0625 , 1374.0811,2.6916,<LOD,2.6264,0.1254,<LOD,1.1222,0.1670,<LOD,1.9125,1.8959,<LOD,21.8876,2.7765,82.9050 , 3.8556,2.5636,8.4914 , 2.2974,0.3934,6058.6274 , 53.3518,16.8464,<LOD,0.0000,0.0000,9430.6475 , 3278.3789,0.0733,<LOD,20.0863,0.4135,<LOD,0.9214,6.6331,7.2190 , 0.4927,4.0378,<LOD,4.4470,0.2323,740.6349 , 157.8414,0.2215,8.4254 , 0.8203,0.4231,<LOD,1.1879,0.8278,<LOD,0.0000,0.0000,,,,5037.5737 , 72.0101,1.7930,<LOD,3.6053,5.5097,<LOD,0.6833,0.2238,357593.3438 , 816.7928,30.5277,7.2972 , 1.9417,4.4230,<LOD,0.0000,0.0000,,,,8000.4927 , 38.9028,25.5532,154.0864 , 9.8228,4.2095,<LOD,5.3380,0.1942,4.1769 , 0.5134,2.5161,<LOD,2.1741,0.2869,159.9697 , 1.2035,19.3077,1.2929 , 0.8563,0.3846,432914.0000 , 4274.6050,35.4424 , 2.1971,0.7068,51.7666 , 0.9756,3.3720,56.5042 , 0.5878,5.1472,5.9073 , 0.6862,0.4772,<LOD,1.6573,0.6007,175.4731 , 17.3055,19.7252,420.0437 , 24.8659,0.7396,<LOD,39.1122,0.6689,5778.6201 , 74.6753,3.0040,,,,,,8,422.100006,39.005711,-122.667068,10.000000,528827.125000,4317463.000000,
330,Mining,120.49,30.26,30.26,30.03,29.94,"Thu Apr 30, 2026 - 14:11:45",User,1.5,ppm,,,,,,,,,Mining,,,,,,,,,,,,<LOD,1.2774,0.9396,164548.5156 , 1398.0825,2.5307,<LOD,8.5467,1.1991,<LOD,1.9172,0.4414,<LOD,1.9855,1.8710,<LOD,28.6023,4.7238,85.1784 , 3.9821,2.7120,<LOD,0.0000,0.0000,10841.8359 , 72.3750,30.2943,<LOD,24.0874,1.2610,7707.8872 , 3385.7231,0.0708,<LOD,20.6621,0.4403,5.1153 , 0.6890,5.7049,10.9717 , 0.5561,3.4945,<LOD,4.8153,0.2206,925.0764 , 174.1655,0.2490,<LOD,0.0000,0.0000,<LOD,1.1482,0.7008,<LOD,37.8179,3.4824,,,,5267.0898 , 78.0470,1.9861,<LOD,3.7354,5.3820,<LOD,1.4910,0.7883,301303.4688 , 757.6876,24.8589,<LOD,4.3283,4.1206,94.7295 , 6.9146,0.6575,,,,6488.0542 , 35.0408,21.1549,177.1046 , 9.5381,3.8119,<LOD,6.6216,0.2307,<LOD,0.8213,2.3449,<LOD,0.0000,0.0000,118.3799 , 1.2273,18.2360,2.7789 , 1.1095,0.9727,492665.0938 , 4281.4087,2290.8235 , 23.2532,28.7235,59.7319 , 1.3479,2.7875,329.9532 , 1.6024,29.1586,12.9930 , 0.9294,0.6066,<LOD,4.1657,4.3638,196.9580 , 17.9866,19.1586,541.2138 , 27.5120,0.8940,<LOD,42.5944,0.7645,6326.9951 , 79.8013,3.3034,,,,,,7,421.700012,39.005703,-122.667061,10.000000,528827.312500,4317462.000000,
331,Mining,120.36,30.13,30.26,30.04,29.93,"Thu Apr 30, 2026 - 14:14:02",User,1.5,ppm,,,,,,,,,Mining,,,,,,,,,,,,<LOD,1.2732,1.0056,174306.8438 , 1419.8160,2.6785,<LOD,7.4609,0.9780,<LOD,1.7154,0.3797,<LOD,1.9505,1.9455,<LOD,26.1726,4.2083,83.0532 , 3.8304,2.7349,<LOD,0.0000,0.0000,9397.3213 , 67.2450,26.9591,<LOD,22.3230,1.1677,<LOD,5351.2881,0.0650,<LOD,20.5781,0.4680,3.4884 , 0.6618,6.1433,10.0399 , 0.5353,3.7427,<LOD,4.7568,0.2406,830.5459 , 163.6269,0.2363,<LOD,0.0000,0.0000,<LOD,1.1405,0.7437,152.3896 , 23.1427,2.9429,,,,4788.3672 , 72.9483,1.8233,<LOD,3.6448,5.5345,<LOD,1.2896,0.6318,309946.7812 , 792.6856,26.4375,4.5719 , 1.9299,4.2316,118.2167 , 6.5297,0.6481,,,,7370.7783 , 37.1128,24.4938,168.6758 , 9.5234,4.2011,<LOD,6.1117,0.2114,1.0154 , 0.5391,2.5282,<LOD,0.0000,0.0000,133.5186 , 1.1643,17.5780,3.1491 , 1.0053,0.8601,482876.2812 , 4410.8882,1724.8699 , 21.5216,23.6815,62.7044 , 1.2817,3.2490,130.7277 , 1.0142,13.6036,10.3682 , 0.8393,0.5503,<LOD,3.6614,3.3981,177.1865 , 17.3923,19.1677,519.9667 , 26.5243,0.9068,<LOD,41.4776,0.7562,6522.0576 , 78.3732,3.4921,,,,,,7,421.500000,39.005703,-122.667061,10.000000,528827.312500,4317462.000000,
332,Mining,126.36,36.03,30.14,30.15,30.04,"Thu Apr 30, 2026 - 14:17:03",User,1.5,ppm,,,,,,,,,Mining,,,,,,,,,,,,<LOD,1.2659,0.9481,131070.6406 , 1197.4456,2.1089,<LOD,2.9258,0.1533,<LOD,1.1068,0.1600,<LOD,1.9631,1.8811,<LOD,30.1512,5.5565,122.0102 , 4.5620,3.3127,9.7131 , 2.3292,0.4036,12574.0273 , 77.2013,35.0116,<LOD,0.0000,0.0000,5554.6143 , 3328.0442,0.0687,<LOD,21.2155,0.4913,<LOD,0.9362,6.5216,6.2168 , 0.4971,3.9243,<LOD,4.6894,0.2240,1388.3060 , 211.9974,0.3953,12.6484 , 0.9340,0.5395,<LOD,1.1406,0.7098,<LOD,0.0000,0.0000,,,,14241.4141 , 118.5212,4.8332,<LOD,3.6977,5.4680,<LOD,0.7384,0.2547,337301.0625 , 767.4197,29.6398,7.9165 , 1.9722,4.2744,<LOD,0.0000,0.0000,,,,8708.3193 , 42.6328,28.7925,211.8948 , 11.2674,5.0234,<LOD,5.4067,0.1977,3.4656 , 0.5374,2.6628,4.9075 , 1.6698,0.3812,168.8960 , 1.3463,23.6725,2.4976 , 0.9734,0.4936,475089.8750 , 3979.8982,73.8753 , 2.8169,1.1791,62.1166 , 1.0893,3.9741,328.7489 , 1.4596,26.1497,13.7677 , 0.7929,0.6950,<LOD,2.0599,0.9845,236.2034 , 17.8774,20.0765,606.3721 , 34.1250,1.1721,<LOD,41.7708,0.7714,12200.4854 , 111.4764,6.3173,,,,,,8,420.899994,39.005695,-122.667061,10.000000,528827.312500,4317461.500000,
333,Mining,126.01,35.49,30.11,30.15,30.26,"Thu Apr 30, 2026 - 14:22:41",User,1.5,ppm,,,,,,,,,Mining,,,,,,,,,,,,<LOD,1.6370,0.9092,85957.2578 , 1066.4761,1.5087,<LOD,2.8910,0.1186,<LOD,1.2907,0.1730,<LOD,2.0079,1.6651,<LOD,34.2886,5.8312,91.2425 , 4.8504,2.9243,8.8701 , 2.4815,0.3648,14496.7412 , 87.0112,36.6985,<LOD,0.0000,0.0000,<LOD,5714.7587,0.0504,<LOD,22.9923,0.4698,<LOD,1.1067,7.2685,13.7154 , 0.5893,4.3744,<LOD,5.2222,0.2173,763.5124 , 174.2227,0.2362,13.0409 , 0.9970,0.4882,<LOD,1.2013,0.6699,<LOD,0.0000,0.0000,,,,5639.6792 , 78.5618,1.8862,<LOD,3.7681,4.7868,<LOD,0.7638,0.2197,408117.5625 , 824.6618,34.6535,7.1816 , 2.0118,3.7488,<LOD,0.0000,0.0000,,,,17207.5742 , 64.3171,51.7991,263.5083 , 15.2639,8.0414,<LOD,5.9378,0.1900,4.9988 , 0.5714,2.4211,<LOD,2.4285,0.2834,300.9404 , 1.7843,30.7909,4.4585 , 1.0758,0.4987,459275.2188 , 4310.5859,26.2705 , 2.1764,0.5363,51.1236 , 1.0549,3.0217,139.2456 , 0.9630,10.2887,14.2291 , 0.8774,0.6542,3.8721 , 0.9440,0.6710,209.6686 , 18.1350,17.2677,284.3499 , 25.4770,0.5910,<LOD,41.1471,0.6728,5806.3628 , 81.2005,2.8965,,,,,,8,420.899994,39.005692,-122.667068,10.000000,528827.000000,4317461.000000,
334,Mining,120.34,30.26,30.19,30.24,29.65,"Thu Apr 30, 2026 - 14:24:56",User,1.5,ppm,,,,,,,,,Mining,,,,,,,,,,,,<LOD,1.3109,0.8994,96460.4922 , 1192.9077,1.6522,<LOD,2.8960,0.1238,<LOD,1.2012,0.1551,<LOD,2.0085,1.7438,<LOD,33.7685,5.8597,94.3124 , 5.0571,2.9988,8.1675 , 2.4243,0.3607,14410.5225 , 88.6519,36.7638,<LOD,0.0000,0.0000,<LOD,6273.9924,0.0529,<LOD,22.5039,0.4662,<LOD,1.0843,7.2493,14.2771 , 0.5825,4.4468,<LOD,5.0844,0.2116,895.1704 , 182.4563,0.2424,13.5220 , 0.9838,0.4931,<LOD,1.1600,0.6473,<LOD,0.0000,0.0000,,,,5360.1963 , 80.9942,1.8398,<LOD,3.7156,4.8367,<LOD,0.7357,0.2076,401814.0312 , 888.5056,34.2286,4.5944 , 1.9748,3.7391,<LOD,0.0000,0.0000,,,,17825.0840 , 70.1612,54.0037,273.8942 , 16.0043,8.3614,<LOD,5.6277,0.1766,4.9958 , 0.5562,2.3835,<LOD,2.2752,0.2575,298.9505 , 1.7919,30.4613,5.6221 , 1.0863,0.5399,454457.2500 , 4678.0347,27.6876 , 2.1599,0.5511,47.3931 , 1.0058,2.8350,108.8991 , 0.8473,8.2433,13.7979 , 0.8347,0.6215,3.2665 , 0.9003,0.6309,182.1795 , 17.7832,17.0445,241.8194 , 26.2135,0.5819,<LOD,43.2547,0.6850,5780.0557 , 84.0648,2.9195,,,,,,6,421.000000,39.005688,-122.667068,10.000000,528826.875000,4317460.500000,
335,Mining,89.42,30.29,30.20,28.93,,"Thu Apr 30, 2026 - 14:28:54",User,1.5,ppm,,,,,,,,,Mining,,,,,,,,,,,,<LOD,2.0185,0.8238,,,,<LOD,4.1777,0.1217,<LOD,1.7306,0.1534,<LOD,3.0393,1.5089,<LOD,76.6856,24.7567,41.0250 , 7.5302,3.3938,15.0544 , 3.4213,0.3566,71512.6250 , 149.3673,163.7186,<LOD,0.0000,0.0000,,,,<LOD,33.5168,0.8671,<LOD,1.4210,5.5196,9.4195 , 0.7433,3.2051,30.8061 , 6.6431,0.2316,,,,23.2254 , 1.4339,0.4941,<LOD,1.8363,0.6341,<LOD,0.0000,0.0000,,,,,,,<LOD,5.9199,4.6462,<LOD,1.0723,0.2168,,,,9.7148 , 3.1707,3.7039,<LOD,0.0000,0.0000,,,,13487.1133 , 67.6556,38.7983,233.6247 , 20.1432,6.2249,<LOD,0.0000,0.1898,3.8920 , 0.7652,2.0240,<LOD,3.2413,0.2634,266.0680 , 1.8490,19.1226,12.4507 , 1.6390,0.6142,903055.5625 , 540.0372,66.7194 , 3.4914,0.7504,72.8691 , 1.4963,3.0335,17.3798 , 0.5002,1.4184,9.8392 , 1.0748,0.4369,3.8545 , 1.2151,0.5228,235.6204 , 28.7219,16.4650,421.6068 , 46.0710,0.8033,,,,10471.5225 , 154.1405,5.0109,,,,,,7,421.000000,39.005688,-122.667068,10.000000,528826.687500,4317460.500000,
336,Mining,4.50,4.50,,,,"Thu Apr 30, 2026 - 14:29:04",User,1.5,ppm,,,,,,,,,Mining,,,,,,,,,,,,<LOD,33.4217,28.8426,,,,<LOD,19.0254,0.1301,<LOD,7.6203,0.1525,<LOD,36.3353,28.6027,<LOD,323.5890,23.5522,<LOD,220.7271,0.6152,24.5164 , 15.2944,0.3662,77214.0859 , 631.1031,161.2831,<LOD,0.0000,0.0000,,,,<LOD,168.6194,0.8763,<LOD,5.7720,4.7267,8.2044 , 2.9996,2.7461,65.3666 , 28.3361,0.2093,,,,34.7235 , 6.6554,0.5468,<LOD,37.3825,34.3383,<LOD,0.0000,0.0000,,,,,,,<LOD,64.1972,31.1810,<LOD,4.3111,0.1675,,,,<LOD,44.1612,25.5093,<LOD,0.0000,0.0000,,,,12070.3018 , 838.0629,4.6663,575.4922 , 292.1695,1.5617,<LOD,0.0000,0.0903,<LOD,7.1658,1.7762,<LOD,11.3220,0.1642,270.1711 , 7.7802,17.2942,<LOD,15.6565,0.5296,909578.7500 , 2157.1111,66.4389 , 14.6926,0.6790,67.7590 , 6.0584,2.5399,14.3162 , 1.9728,1.1254,9.8371 , 4.6619,0.4141,<LOD,8.7385,0.4354,,,,,,,,,,,,,,,,,,7,421.000000,39.005688,-122.667068,10.000000,528826.875000,4317460.500000,
337,Mining,126.10,35.77,30.11,30.09,30.13,"Thu Apr 30, 2026 - 14:32:22",User,1.5,ppm,,,,,,,,,Mining,,,,,,,,,,,,<LOD,1.7546,0.8108,38822.8281 , 826.3846,0.8117,<LOD,3.9912,0.1308,<LOD,1.5000,0.1352,<LOD,2.6638,1.5175,<LOD,75.7635,27.4543,52.9109 , 7.3585,3.5010,19.2912 , 3.2556,0.3791,71888.6172 , 194.7856,180.1515,<LOD,0.0000,0.0000,<LOD,5057.3730,0.0405,<LOD,32.2111,0.9087,<LOD,1.2680,5.2928,8.8507 , 0.6642,3.1067,28.6293 , 6.3750,0.2411,1489.1074 , 207.4771,0.3526,20.3103 , 1.3279,0.4976,<LOD,1.5400,0.5767,<LOD,0.0000,0.0000,,,,7662.8721 , 89.8995,2.5411,<LOD,5.1501,4.6058,<LOD,1.0044,0.2214,347882.0312 , 694.7192,28.4025,10.1753 , 2.7512,3.6364,<LOD,0.0000,0.0000,,,,12622.1133 , 67.3910,38.1441,213.2609 , 19.3637,6.0960,<LOD,0.0000,0.1867,2.8766 , 0.6872,1.9187,<LOD,3.2947,0.2824,241.1725 , 1.7185,18.0777,10.9222 , 1.5195,0.6199,508380.5000 , 3720.0681,68.1167 , 3.3707,0.8184,66.0406 , 1.3383,2.8225,19.9579 , 0.4894,1.5906,9.8991 , 0.9606,0.4199,<LOD,2.0094,0.4754,261.8751 , 24.9999,16.5227,345.3765 , 43.8026,0.7653,<LOD,47.0386,0.9179,9872.2656 , 148.6394,4.8875,,,,,,7,421.200012,39.005692,-122.667068,10.000000,528827.125000,4317461.000000,
338,Mining,126.11,35.57,30.29,30.22,30.03,"Thu Apr 30, 2026 - 14:34:53",User,1.5,ppm,,,,,,,,,Mining,,,,,,,,,,,,<LOD,1.7395,0.7896,39125.4727 , 842.4288,0.8176,<LOD,3.7648,0.1177,<LOD,1.6015,0.1569,<LOD,2.6520,1.4898,<LOD,74.1575,26.2128,46.7941 , 7.1601,3.4810,16.2610 , 3.1683,0.3642,69592.6016 , 197.6827,173.3827,<LOD,0.0000,0.0000,7426.2041 , 3638.4600,0.0512,<LOD,32.0597,0.9000,<LOD,1.2823,5.3794,8.6423 , 0.6696,3.1059,35.9325 , 6.2748,0.2431,1433.5343 , 208.0699,0.3555,16.9636 , 1.2633,0.4571,<LOD,1.5640,0.5922,<LOD,0.0000,0.0000,,,,7806.0879 , 90.1193,2.5764,<LOD,5.1417,4.5473,<LOD,0.9556,0.1979,351215.0312 , 704.3618,28.6215,6.6531 , 2.7385,3.5622,<LOD,0.0000,0.0000,,,,12544.1738 , 65.7218,37.5734,232.0480 , 18.8811,6.0936,<LOD,7.7875,0.1961,2.5605 , 0.6872,1.9428,<LOD,2.9873,0.2598,252.1899 , 1.7572,18.9126,10.4441 , 1.4558,0.5817,498670.9062 , 3967.9509,74.4211 , 3.5312,0.8671,71.0371 , 1.3816,3.0489,21.7871 , 0.5017,1.6983,10.4419 , 1.0017,0.4564,2.3808 , 1.1189,0.5236,245.9170 , 24.9615,16.2948,437.8309 , 44.3762,0.8365,<LOD,46.7864,0.9165,10693.7246 , 150.2494,5.2536,,,,,,4,420.799988,39.005558,-122.666893,10.000000,528842.062500,4317446.000000,
339,Mining,99.30,30.13,30.28,30.10,8.79,"Thu Apr 30, 2026 - 14:41:34",User,1.5,ppm,,,,,,,,,Mining,,,,,,,,,,,,<LOD,1.0435,1.1474,18619.6660 , 1081.6421,0.6716,<LOD,2.1454,0.1265,<LOD,0.8641,0.1502,<LOD,1.6102,2.2557,<LOD,7.6764,0.5064,7.8385 , 2.6123,1.7172,<LOD,2.4950,0.3076,460.4962 , 14.8268,1.9977,<LOD,0.0000,0.0000,<LOD,6377.8440,0.0316,<LOD,13.6780,0.2705,<LOD,0.8401,8.5886,5.6662 , 0.4250,4.6791,<LOD,3.2989,0.2156,302.7946 , 256.0274,0.1596,<LOD,0.8080,0.3107,<LOD,0.9524,0.8817,<LOD,0.0000,0.0000,,,,666.5289 , 73.7156,0.4752,<LOD,3.0394,6.6409,<LOD,0.5578,0.2260,440010.6562 , 1423.5316,48.2801,<LOD,3.0511,4.9711,<LOD,0.0000,0.0000,,,,8347.3125 , 38.0592,32.1738,63.8185 , 8.1162,4.6577,<LOD,4.4649,0.2046,<LOD,0.4952,1.6484,<LOD,1.7182,0.2688,213.9613 , 1.3095,30.2845,1.1129 , 0.5878,0.2876,530490.6875 , 4028.6770,22.5166 , 1.7318,0.6557,1.8382 , 0.3584,0.5176,7.7351 , 0.2571,1.5357,<LOD,1.1285,0.2782,<LOD,0.8366,0.4481,457.4548 , 15.6886,29.9530,319.9217 , 14.2610,0.5300,<LOD,73.5406,0.6691,<LOD,25.9127,0.1699,,,,,,7,415.899994,39.005653,-122.667046,10.000000,528829.062500,4317456.500000,
340,Mining,120.24,30.20,30.11,30.23,29.70,"Thu Apr 30, 2026 - 14:47:59",User,1.5,ppm,,,,,,,,,Mining,,,,,,,,,,,,<LOD,1.0768,1.1289,16386.0371 , 508.3989,0.6373,<LOD,2.0815,0.1246,<LOD,0.8024,0.1342,<LOD,1.6616,2.2210,<LOD,6.7356,0.4067,8.3440 , 2.6396,1.6837,<LOD,2.4324,0.3045,322.0519 , 12.6731,1.5290,<LOD,0.0000,0.0000,11985.4961 , 2465.6179,0.0513,<LOD,13.8444,0.2896,<LOD,0.7934,7.9848,5.2258 , 0.4104,4.5640,<LOD,3.1893,0.2110,354.2737 , 123.3104,0.1672,<LOD,0.7887,0.3091,<LOD,0.9730,0.8485,<LOD,0.0000,0.0000,,,,580.9603 , 34.3055,0.4582,<LOD,3.1031,6.3390,<LOD,0.5316,0.2119,440331.1250 , 727.7204,47.8531,<LOD,2.5650,4.8279,<LOD,0.0000,0.0000,,,,7999.8320 , 31.9066,30.6981,52.3621 , 8.0950,4.4224,<LOD,4.1672,0.1854,<LOD,0.4777,1.6018,<LOD,1.6199,0.2491,179.5847 , 1.0680,25.6579,0.6975 , 0.5612,0.2663,521111.7188 , 2579.7073,9.6483 , 1.4057,0.4379,1.3626 , 0.3410,0.4903,8.3381 , 0.2523,1.5509,1.4800 , 0.4414,0.2823,<LOD,0.7919,0.4250,393.2466 , 15.7314,27.9824,268.1903 , 13.5736,0.4587,<LOD,34.7448,0.6728,<LOD,25.9327,0.1543,,,,,,8,416.700012,39.005665,-122.667068,10.000000,528826.562500,4317458.000000,
341,Mining,120.58,30.18,30.18,30.19,30.03,"Thu Apr 30, 2026 - 14:53:16",User,1.5,ppm,,,,,,,,,Mining,,,,,,,,,,,,<LOD,1.0452,1.1181,15197.2344 , 496.5547,0.6028,<LOD,2.0598,0.1162,<LOD,0.8600,0.1477,<LOD,1.6284,2.2511,<LOD,7.3843,0.4698,6.9530 , 2.6231,1.6269,<LOD,2.5612,0.3231,377.5426 , 13.6121,1.6896,<LOD,0.0000,0.0000,8558.0020 , 2389.7341,0.0469,<LOD,13.9340,0.2801,<LOD,0.8060,7.8880,5.2403 , 0.4179,4.5262,<LOD,3.3405,0.2209,380.0541 , 125.2362,0.1676,<LOD,0.7970,0.3017,<LOD,0.9410,0.8335,<LOD,0.0000,0.0000,,,,743.2903 , 36.7902,0.5208,<LOD,3.4077,6.5488,<LOD,0.5481,0.2198,429035.4688 , 708.8397,45.4551,<LOD,3.7963,4.8755,<LOD,0.0000,0.0000,,,,7745.1943 , 31.3018,29.3877,49.5077 , 8.0258,4.2488,<LOD,4.2491,0.1842,<LOD,0.4803,1.5482,<LOD,1.7235,0.2701,169.3469 , 1.0480,24.0038,<LOD,1.4041,0.2596,537059.1875 , 2539.4543,11.3703 , 1.4666,0.4587,1.0770 , 0.3389,0.4566,8.1985 , 0.2557,1.5243,1.0800 , 0.4587,0.2812,<LOD,0.7988,0.4125,380.4171 , 15.2246,27.4168,270.8193 , 13.5716,0.4521,<LOD,35.2276,0.6788,<LOD,25.3019,0.1314,,,,,,7,423.000000,39.005711,-122.667099,10.000000,528824.375000,4317463.000000,
342,Mining,120.72,30.17,30.20,30.17,27.45,"Thu Apr 30, 2026 - 14:55:49",User,1.5,ppm,,,,,,,,,Mining,,,,,,,,,,,,<LOD,1.0479,1.1249,20679.0918 , 516.1926,0.6556,<LOD,2.1518,0.1263,<LOD,0.8528,0.1442,<LOD,1.8512,2.2887,<LOD,8.1865,0.5589,8.5666 , 2.8151,1.7423,<LOD,2.6470,0.3435,719.7113 , 17.5792,2.8231,<LOD,0.0000,0.0000,4633.9189 , 2315.5442,0.0433,<LOD,13.7847,0.2734,<LOD,0.8801,9.4022,7.5903 , 0.4396,4.9994,<LOD,3.3607,0.2212,474.3378 , 134.4906,0.1949,<LOD,0.7823,0.2878,<LOD,0.9295,0.8117,<LOD,0.0000,0.0000,,,,656.9770 , 36.2995,0.5025,<LOD,3.0193,6.3538,<LOD,0.5590,0.2243,401662.3750 , 692.9047,42.2302,3.1868 , 1.5965,4.8315,<LOD,0.0000,0.0000,,,,10561.6699 , 37.2030,40.1654,96.7039 , 9.5230,5.8344,<LOD,4.4644,0.2027,<LOD,0.5129,1.7724,<LOD,1.4668,0.1928,282.8858 , 1.3623,38.6367,1.5336 , 0.5811,0.2850,559554.1250 , 2480.8298,13.2203 , 1.5432,0.5057,<LOD,0.7793,0.4482,2.6362 , 0.2098,1.0133,1.0498 , 0.4565,0.2777,<LOD,0.8483,0.4627,192.2048 , 14.4341,22.8383,287.8463 , 14.9805,0.5149,<LOD,35.8670,0.7058,160.3893 , 22.1329,0.2922,,,,,,8,422.799988,39.005707,-122.667091,10.000000,528824.687500,4317462.500000,
343,Mining,126.20,35.82,30.09,30.04,30.25,"Thu Apr 30, 2026 - 14:58:51",User,1.5,ppm,,,,,,,,,Mining,,,,,,,,,,,,<LOD,6.7851,1.1175,58796.6328 , 2389.2905,0.6669,<LOD,0.0845,-0.0000,<LOD,0.2372,0.0012,<LOD,10.5079,2.2133,24.6522 , 4.3447,0.0368,48.6638 , 16.8888,1.7633,<LOD,1.5771,0.0128,50.1546 , 13.3265,0.1533,<LOD,0.0000,0.0000,28135.2266 , 10892.5869,0.0468,1044.9305 , 58.0108,0.6078,<LOD,0.0044,0.0000,<LOD,0.0044,-0.0000,6.6115 , 2.1986,0.0228,3373.9355 , 705.6931,0.1968,<LOD,0.0280,-0.0001,<LOD,5.9864,0.8002,<LOD,0.0000,0.0000,,,,3074.0613 , 209.9881,0.4962,<LOD,19.5869,6.2198,<LOD,0.1065,0.0009,850742.7500 , 9189.2373,44.4559,<LOD,16.1083,4.6595,<LOD,0.0000,0.0000,,,,46722.6250 , 1547.2222,40.6585,442.8043 , 54.5132,5.9026,<LOD,2.0870,0.0044,<LOD,0.0076,-0.0000,<LOD,0.7068,0.0047,<LOD,0.0122,-0.0000,<LOD,0.1211,0.0009,3847.0459,,<LOD,0.6014,0.0027,<LOD,0.0082,-0.0000,<LOD,0.0050,-0.0000,<LOD,0.1226,0.0001,<LOD,0.0346,-0.0000,1732.2673 , 114.9824,21.9811,1369.1887 , 87.7539,0.5164,<LOD,186.7877,0.6895,588.4858 , 114.7686,0.2801,,,,,,7,423.100006,39.005703,-122.667091,10.000000,528824.562500,4317462.000000,
344,Mining,126.08,35.68,30.11,30.00,30.29,"Thu Apr 30, 2026 - 15:02:23",User,1.5,ppm,,,,,,,,,Mining,,,,,,,,,,,,<LOD,1.0991,1.0604,20136.1367 , 499.3217,0.6609,<LOD,2.3730,0.1461,<LOD,0.9247,0.1617,<LOD,1.7119,2.1342,<LOD,8.7534,0.6134,7.2739 , 2.9100,1.7346,<LOD,2.5786,0.3096,753.8196 , 18.0059,2.8199,<LOD,0.0000,0.0000,<LOD,3242.4133,0.0377,<LOD,13.3984,0.2443,<LOD,0.8841,8.9853,8.4252 , 0.4460,4.8767,<LOD,3.4173,0.2180,459.1942 , 127.6193,0.1853,<LOD,0.7931,0.2798,<LOD,0.9651,0.7482,<LOD,0.0000,0.0000,,,,486.5067 , 33.0150,0.4311,<LOD,3.1892,6.0883,<LOD,0.5854,0.2350,424887.5000 , 659.9839,43.9673,<LOD,2.7519,4.5279,<LOD,0.0000,0.0000,,,,11264.7305 , 38.4339,41.3596,111.7951 , 9.9999,6.0634,<LOD,0.0000,0.1659,<LOD,0.5189,1.7083,<LOD,1.5884,0.2207,283.1037 , 1.3598,37.1828,2.6453 , 0.6231,0.3277,541101.7500 , 2385.6062,48.4719 , 2.1738,1.0477,1.7673 , 0.3743,0.4993,4.9266 , 0.2396,1.2510,<LOD,0.9055,0.2642,<LOD,0.9234,0.5052,108.2472 , 14.8901,19.9432,253.9524 , 14.1732,0.4379,<LOD,34.7746,0.6999,79.7238 , 21.5546,0.2461,,,,,,8,423.100006,39.005692,-122.667091,10.000000,528824.812500,4317461.000000,
345,Mining,120.70,30.29,30.13,30.00,30.28,"Thu Apr 30, 2026 - 15:05:45",User,1.5,ppm,,,,,,,,,Mining,,,,,,,,,,,,<LOD,1.0354,1.1591,21886.1660 , 506.6101,0.6976,<LOD,2.2089,0.1441,<LOD,0.9103,0.1782,<LOD,1.5952,2.2801,<LOD,8.1636,0.6073,6.9353 , 2.5636,1.6654,<LOD,2.5506,0.3431,626.1238 , 16.2994,2.6042,<LOD,0.0000,0.0000,12974.5996 , 2363.5273,0.0523,<LOD,13.6140,0.2855,<LOD,0.8630,9.7517,6.8620 , 0.4243,5.0076,<LOD,3.3843,0.2416,302.2932 , 115.6648,0.1605,<LOD,0.7714,0.3018,<LOD,0.9453,0.8901,<LOD,0.0000,0.0000,,,,584.3619 , 32.7052,0.4629,<LOD,2.9502,6.3886,<LOD,0.5582,0.2382,417930.2500 , 695.7786,45.8277,3.2296 , 1.5659,4.8783,<LOD,0.0000,0.0000,,,,8283.8760 , 31.8192,32.5633,75.9562 , 8.1626,4.7747,<LOD,4.4981,0.2216,<LOD,0.5022,1.8214,<LOD,1.5307,0.2267,277.4486 , 1.3327,39.3424,1.8950 , 0.5837,0.3152,536818.2500 , 2524.7625,8.9739 , 1.4349,0.4618,1.4393 , 0.3504,0.5347,1.6274 , 0.1936,0.9298,<LOD,0.6869,0.2761,<LOD,0.8080,0.4536,73.6798 , 13.6749,20.2812,136.0009 , 10.5298,0.2844,<LOD,32.2934,0.6423,<LOD,23.9244,0.1387,,,,,,7,422.500000,39.005688,-122.667084,10.000000,528825.437500,4317460.500000,
346,Mining,120.77,30.10,30.23,30.25,28.39,"Thu Apr 30, 2026 - 15:08:34",User,1.5,ppm,,,,,,,,,Mining,,,,,,,,,,,,<LOD,1.0367,1.1532,20493.2246 , 516.7553,0.6702,<LOD,2.1758,0.1374,<LOD,0.8759,0.1631,<LOD,1.5773,2.2032,<LOD,8.5321,0.6519,5.8805 , 2.5545,1.6289,<LOD,2.5519,0.3401,772.7474 , 17.7356,3.0579,<LOD,0.0000,0.0000,7691.5454 , 2341.3176,0.0460,<LOD,13.3733,0.2734,<LOD,0.8594,9.5694,6.2217 , 0.4205,4.8582,<LOD,3.2770,0.2229,379.2284 , 120.7454,0.1612,<LOD,0.7834,0.3079,<LOD,0.9383,0.8689,<LOD,0.0000,0.0000,,,,566.4499 , 34.2537,0.4585,<LOD,2.9586,6.4170,<LOD,0.5687,0.2499,414821.8438 , 704.8440,44.7515,<LOD,3.6705,4.7861,<LOD,0.0000,0.0000,,,,8169.8833 , 31.4812,31.7002,64.0751 , 8.0752,4.5913,<LOD,4.2869,0.1990,<LOD,0.5046,1.8218,<LOD,1.6717,0.2686,272.9449 , 1.3155,38.1901,2.4045 , 0.6036,0.3395,546474.1250 , 2495.4990,30.0285 , 1.8233,0.7802,1.3885 , 0.3465,0.4942,0.8237 , 0.1897,0.8780,<LOD,0.9468,0.2788,<LOD,0.8364,0.4708,60.8655 , 13.5768,19.6588,186.3095 , 11.7127,0.3497,<LOD,34.2320,0.6550,<LOD,25.0789,0.1577,,,,,,7,422.299988,39.005684,-122.667091,10.000000,528824.875000,4317460.000000,
347,Mining,126.12,35.84,30.08,30.18,30.02,"Thu Apr 30, 2026 - 15:11:31",User,1.5,ppm,,,,,,,,,Mining,,,,,,,,,,,,<LOD,7.2453,1.1259,53076.6602 , 2310.6372,0.6836,<LOD,0.1077,0.0000,<LOD,0.2170,0.0009,<LOD,11.3390,2.2710,19.5435 , 4.2111,0.0323,46.0107 , 17.4097,1.8043,<LOD,1.7787,0.0154,48.1145 , 13.5929,0.1501,<LOD,0.0000,0.0000,<LOD,20320.6055,0.0389,1042.5233 , 65.1393,0.5876,<LOD,0.0069,0.0000,<LOD,0.0062,-0.0000,8.0196 , 2.3012,0.0235,2737.5862 , 674.0776,0.1658,<LOD,0.0275,-0.0001,<LOD,6.5844,0.8622,<LOD,0.0000,0.0000,,,,3852.7637 , 245.9024,0.5263,<LOD,21.4046,6.5001,<LOD,0.1068,0.0008,889099.5625 , 11567.7432,48.2479,<LOD,19.1483,4.9642,<LOD,0.0000,0.0000,,,,40625.8125 , 1683.6995,35.3917,280.9533 , 52.4025,5.2075,<LOD,2.5076,0.0062,<LOD,0.0162,0.0001,<LOD,0.8029,0.0057,<LOD,0.0108,-0.0000,<LOD,0.1645,0.0015,3344.6504,,<LOD,0.6337,0.0025,<LOD,0.0182,-0.0000,<LOD,0.0122,0.0001,<LOD,0.1075,-0.0000,<LOD,0.0566,0.0001,4372.2676 , 230.3755,28.6641,1251.8932 , 89.0242,0.4666,<LOD,190.1422,0.6638,193.6155 , 103.3115,0.2179,,,,,,7,422.299988,39.005684,-122.667099,10.000000,528824.250000,4317460.000000,
348,Mining,120.16,30.21,30.04,30.00,29.91,"Thu Apr 30, 2026 - 15:13:46",User,1.5,ppm,,,,,,,,,Mining,,,,,,,,,,,,<LOD,1.0915,1.0926,18469.6133 , 517.6694,0.6486,<LOD,2.2322,0.1251,<LOD,0.9589,0.1689,<LOD,1.7179,2.2466,<LOD,7.4307,0.4359,10.9419 , 2.8355,1.7409,<LOD,2.8673,0.3713,353.0759 , 13.7355,1.5711,<LOD,0.0000,0.0000,<LOD,5396.6726,0.0410,<LOD,15.9091,0.3359,<LOD,0.8487,7.9731,6.2231 , 0.4377,4.5308,<LOD,3.6282,0.2399,322.8872 , 124.1679,0.1585,4.4060 , 0.6456,0.3616,<LOD,1.0173,0.8793,<LOD,0.0000,0.0000,,,,827.5480 , 37.4951,0.5301,<LOD,3.2226,6.5076,<LOD,0.6041,0.2458,439905.9688 , 873.8212,45.6232,8.1209 , 1.7165,5.0990,<LOD,0.0000,0.0000,,,,9666.9082 , 39.6018,35.5891,67.0745 , 9.1280,5.1586,<LOD,4.8186,0.2174,<LOD,0.5108,1.5942,<LOD,1.8416,0.2821,192.1017 , 1.1913,25.9384,<LOD,1.2055,0.3227,526194.3125 , 3422.9849,<LOD,2.4724,0.3063,1.8627 , 0.3671,0.5194,10.1006 , 0.2774,1.6404,<LOD,1.0253,0.2952,<LOD,0.8131,0.3989,374.3680 , 16.1348,27.2009,265.4342 , 14.1376,0.4544,<LOD,35.3933,0.6692,<LOD,39.9354,0.2073,,,,,,4,422.200012,39.005688,-122.667099,10.000000,528824.000000,4317460.500000,
349,Mining,126.00,35.58,30.23,30.19,30.00,"Thu Apr 30, 2026 - 15:17:52",User,1.5,ppm,,,,,,,,,Mining,,,,,,,,,,,,<LOD,1.2276,0.9597,31648.1426 , 659.1970,0.7572,<LOD,2.4995,0.1082,<LOD,1.1056,0.1542,<LOD,1.8715,1.8335,<LOD,17.1439,1.5816,13.7375 , 3.1631,1.5850,<LOD,3.1530,0.3113,3404.2942 , 39.3086,9.2740,<LOD,0.0000,0.0000,7099.8345 , 2790.5603,0.0467,<LOD,18.8195,0.3386,<LOD,0.8946,6.0424,4.7895 , 0.4817,3.7192,<LOD,4.0103,0.1867,376.9187 , 136.7599,0.1512,7.0671 , 0.7876,0.3713,<LOD,1.0533,0.6440,<LOD,0.0000,0.0000,,,,429.9348 , 36.5245,0.3851,<LOD,3.5365,5.3911,<LOD,0.6698,0.2069,408536.8438 , 721.1314,35.1199,<LOD,3.5812,4.0964,<LOD,0.0000,0.0000,,,,8048.2163 , 35.0479,24.7092,55.4322 , 9.1738,3.6023,<LOD,5.3893,0.1883,2.7392 , 0.5093,2.3591,7.8695 , 1.6780,0.3682,132.3910 , 1.0515,15.5079,1.2388 , 0.8273,0.3431,529417.6250 , 3114.4189,3.5707 , 1.5171,0.2933,54.2251 , 0.9790,3.3713,17.1601 , 0.3622,1.9279,2.8057 , 0.6414,0.3783,<LOD,1.0207,0.4282,220.9472 , 17.0329,19.7939,654.3125 , 30.4814,1.0813,<LOD,41.9582,0.7331,9859.8770 , 92.8941,4.8197,,,,,,7,422.200012,39.005684,-122.667091,10.000000,528824.875000,4317460.000000,
350,Mining,120.76,30.26,30.07,30.28,28.63,"Thu Apr 30, 2026 - 15:20:16",User,1.5,ppm,,,,,,,,,Mining,,,,,,,,,,,,<LOD,1.2006,0.9407,35964.6367 , 698.8739,0.8269,<LOD,2.4145,0.1085,<LOD,1.0245,0.1417,<LOD,1.8491,1.8346,<LOD,16.7535,1.6189,10.8735 , 3.1632,1.6021,<LOD,3.0983,0.3219,3317.1731 , 38.2884,9.3476,<LOD,0.0000,0.0000,7684.8853 , 2872.5212,0.0483,<LOD,18.1570,0.3370,<LOD,0.8595,5.9593,4.1846 , 0.4672,3.7484,<LOD,4.0229,0.2025,452.8241 , 140.9097,0.1593,6.6282 , 0.7561,0.3668,<LOD,1.0703,0.6868,<LOD,0.0000,0.0000,,,,468.7122 , 37.7475,0.4015,<LOD,3.5088,5.4352,<LOD,0.6231,0.1888,409501.0000 , 753.4994,36.3915,<LOD,4.0668,4.2028,<LOD,0.0000,0.0000,,,,7886.4165 , 35.2978,24.9959,70.0500 , 9.2459,3.7155,<LOD,4.8992,0.1660,2.4411 , 0.4908,2.3484,8.9546 , 1.6541,0.3837,126.5062 , 1.0164,15.4243,1.8349 , 0.8124,0.3639,524074.7812 , 3150.4800,4.5575 , 1.4674,0.2994,51.0051 , 0.9383,3.3005,18.0919 , 0.3622,2.0632,2.3737 , 0.5984,0.3548,<LOD,1.0027,0.4433,222.0088 , 16.9849,20.2884,685.6351 , 30.6022,1.1209,<LOD,42.3440,0.7248,9434.4023 , 92.1567,4.7707,,,,,,7,422.500000,39.005680,-122.667084,10.000000,528825.875000,4317459.500000,
351,Mining,30.22,29.03,,,,"Thu Apr 30, 2026 - 16:26:12",User,1.5,ppm,,,,,,,,,Mining,,,,,,,,,,,,530.1207 , 472.2708,11.2072,,,,34.2615 , 20.6455,0.0710,<LOD,15.6560,0.1145,<LOD,52.3144,4.6466,<LOD,702.5088,217.9623,9727.4326 , 112.5507,23.5135,1325.3694 , 56.1767,1.2025,905103.2500 , 636.9836,1492.5936,<LOD,0.0000,0.0000,,,,4005.9822 , 141.1478,14.7987,5199.6411 , 27.9214,53.1516,<LOD,5.3259,0.7705,422.8501 , 142.8786,0.4921,,,,<LOD,13.3266,0.2396,<LOD,52.5762,5.5804,<LOD,0.0000,0.0000,,,,,,,<LOD,86.2061,5.3186,<LOD,7.1770,0.0971,,,,159.8260 , 32.3768,6.1826,<LOD,0.0000,0.0000,,,,255.0891 , 84.7273,1.4397,<LOD,250.4450,1.4799,<LOD,0.0000,0.1493,<LOD,3.8909,0.2470,<LOD,23.0548,0.1591,<LOD,3.3516,0.4089,40.8773 , 9.4197,0.2127,73167.5703 , 16111.1260,27.7564 , 15.8580,0.1730,<LOD,4.2524,-0.0843,<LOD,2.6346,0.1412,<LOD,21.9514,-1.3253,<LOD,6.5001,-0.0762,,,,,,,,,,,,,,,,,,8,439.600006,39.000725,-122.662941,10.000000,529186.500000,4316911.000000,
353,Health Check,156.60,,,,,"Fri May 1, 2026 - 08:31:12",User,,,,,,,,,,,Health Check,Pass,Detector Quality: 1.07 — Pass; Fault Free: Pass; Battery Health  97%: Pass; C#1 Voltage  4108 mV: Pass; C#2 Voltage  4105 mV: Pass; Tube Health: Pass; System Check: Reading #352 - Pass; Filter Wheel Check: Pass; XRay LED Test: Pass; Wi-Fi: Pass; Bluetooth: Pass; GPS: Pass; ,,,,,,,,,,,,,,,,,,,,,,,,,,,,,,,,,,,,,,,,,,,,,,,,,,,,,,,,,,,,,,,,,,,,,,,,,,,,,,,,,,,,,,,,,,,,,,,,,,,,,,,,,,,,,,,,,,,,,,,,,,,,,,,,,,,,,,,,,,,,,,,,,,4,446.799988,39.000748,-122.662926,10.000000,529187.375000,4316913.500000,
354,Mining,41.21,30.28,10.93,,,"Fri May 1, 2026 - 08:33:43",User,1.5,ppm,,,,,,,,,Mining,,,,,,,,,,,,471.1366 , 427.8956,11.1218,,,,31.8237 , 19.3260,0.0705,<LOD,22.7870,0.1292,<LOD,34.1476,4.6301,450.4228 , 301.9640,219.0883,9699.3027 , 128.8265,83.1547,1195.9982 , 51.8992,1.1776,866984.3125 , 641.5096,1494.9180,<LOD,0.0000,0.0000,,,,3884.0684 , 136.7389,14.7978,4728.1709 , 25.8917,53.3447,<LOD,5.0649,0.7958,475.9765 , 59.3205,0.4921,,,,<LOD,8.8839,0.1291,<LOD,34.4103,5.4516,<LOD,0.0000,0.0000,,,,,,,<LOD,62.1179,5.4158,<LOD,7.0170,0.1035,,,,95.0979 , 30.3003,6.1638,<LOD,0.0000,0.0000,,,,<LOD,275.6647,1.3551,<LOD,93.2990,1.4620,<LOD,63.2059,0.1481,<LOD,3.6887,0.2577,<LOD,22.6933,0.1705,<LOD,3.1723,0.4163,58.6560 , 7.8849,0.2001,111925.0469 , 15448.2246,<LOD,31.5705,0.1532,<LOD,5.1936,-0.1640,<LOD,2.1392,0.1276,<LOD,20.6564,-1.3515,<LOD,6.3903,-0.0825,,,,<LOD,266.5490,0.6239,,,,<LOD,432.9302,0.5767,,,,,,,,,,,,,
355,Mining,120.20,30.03,30.13,30.26,29.78,"Fri May 1, 2026 - 09:31:11",User,1.5,ppm,,,,,,,,,Mining,,,,,,,,,,,,1.5436 , 0.8934,0.8860,20820.2910 , 547.1992,0.4296,<LOD,2.6986,0.1066,<LOD,1.2264,0.1594,<LOD,1.9958,1.6097,<LOD,23.3294,2.5399,33.8593 , 4.0627,2.0244,<LOD,5.0448,0.3211,6825.7671 , 54.4352,16.1599,<LOD,0.0000,0.0000,<LOD,4116.5599,0.0347,<LOD,21.1926,0.3774,<LOD,1.0149,6.6135,10.6643 , 0.5489,4.0998,<LOD,4.5401,0.1914,2487.0276 , 260.9626,0.4934,45.2832 , 1.3847,0.9813,<LOD,1.1442,0.5858,<LOD,0.0000,0.0000,,,,5422.6709 , 81.9333,1.7812,<LOD,3.6951,4.5099,<LOD,0.7101,0.1953,166431.5156 , 574.1071,10.5683,7.3716 , 1.9724,3.5190,<LOD,0.0000,0.0000,,,,8954.2617 , 39.2435,24.6369,138.7239 , 11.0689,3.9623,<LOD,5.1705,0.1458,2.2312 , 0.6033,2.7315,4.0906 , 1.6641,0.3069,231.7965 , 1.3665,22.2611,6.4033 , 1.4657,0.9212,775249.1875 , 2936.8564,2.7835 , 1.5201,0.2519,92.1463 , 1.2635,4.8251,7.8035 , 0.3004,1.1160,7.0096 , 0.7944,0.5320,<LOD,1.1558,0.4647,138.6294 , 17.3978,15.1658,1716.1866 , 44.8495,2.0491,<LOD,56.3221,1.1434,11362.7842 , 107.2563,4.9427,,,,,,6,415.700012,39.005608,-122.667580,10.000000,528782.562500,4317451.500000,
356,Mining,120.65,30.26,30.18,30.00,30.21,"Fri May 1, 2026 - 09:33:30",User,1.5,ppm,,,,,,,,,Mining,,,,,,,,,,,,<LOD,1.3253,0.8377,21333.1484 , 534.8498,0.4325,<LOD,2.7286,0.1080,<LOD,1.1872,0.1480,<LOD,2.3412,1.6458,<LOD,23.2917,2.5109,31.4233 , 4.0251,1.9497,<LOD,4.2936,0.3136,6754.7114 , 53.9072,15.8089,<LOD,0.0000,0.0000,<LOD,3686.8868,0.0291,<LOD,27.2963,0.3941,<LOD,1.0255,6.7112,10.7279 , 0.5497,4.0763,<LOD,4.6387,0.1996,2350.8433 , 251.4302,0.4759,42.5927 , 1.3534,0.9292,<LOD,1.1671,0.5954,<LOD,0.0000,0.0000,,,,5258.1685 , 78.5810,1.7159,<LOD,3.7685,4.5945,<LOD,0.7263,0.2030,161987.5312 , 550.7370,10.1191,6.8838 , 2.0025,3.5319,<LOD,0.0000,0.0000,,,,8764.0713 , 38.5837,23.7791,125.4132 , 10.9229,3.7801,<LOD,5.5490,0.1669,2.6996 , 0.6081,2.7546,<LOD,2.9518,0.2778,234.8451 , 1.3667,22.2787,6.7761 , 1.4409,0.8887,779763.1875 , 2683.0952,<LOD,2.9374,0.2414,93.9247 , 1.2719,4.8608,7.5043 , 0.2971,1.0834,7.6639 , 0.7881,0.5286,<LOD,1.1575,0.4652,150.0356 , 17.7311,15.4483,1723.2404 , 44.8031,2.0068,<LOD,54.1709,1.1099,11344.6006 , 107.3358,4.8706,,,,,,6,416.200012,39.005604,-122.667572,10.000000,528783.187500,4317451.000000,
357,Mining,120.24,30.04,30.05,30.29,29.86,"Fri May 1, 2026 - 09:36:25",User,1.5,ppm,,,,,,,,,Mining,,,,,,,,,,,,<LOD,1.6939,0.7591,20185.4961 , 570.7527,0.3841,<LOD,4.0551,0.1334,<LOD,1.9642,0.2274,<LOD,2.5979,1.4586,<LOD,74.1212,26.0433,50.2531 , 7.6990,3.9161,24.1166 , 3.4255,0.4138,69167.7344 , 174.8125,171.2785,<LOD,0.0000,0.0000,<LOD,4853.2163,0.0376,<LOD,54.7565,0.9558,<LOD,1.2714,5.2784,9.9925 , 0.6928,3.3512,36.9530 , 6.4664,0.2684,3758.6677 , 313.7148,0.8455,133.7540 , 2.6278,1.9436,<LOD,1.5261,0.5718,<LOD,0.0000,0.0000,,,,12569.4023 , 111.6439,4.0176,<LOD,4.9498,4.2685,<LOD,1.0293,0.2299,70061.1953 , 407.7950,4.6162,6.9268 , 2.6264,3.3353,<LOD,0.0000,0.0000,,,,6501.6035 , 55.1536,20.8284,133.3266 , 15.8240,3.8675,<LOD,0.0000,0.1678,2.1497 , 0.7619,2.3029,19.2978 , 2.5301,0.4207,199.6425 , 1.5749,15.4804,28.0617 , 2.8574,2.0601,800564.8125 , 3356.9736,36.0348 , 2.7825,0.5480,78.8108 , 1.4478,3.3093,53.2755 , 0.7092,3.3113,5.2584 , 1.1490,0.5367,<LOD,2.6843,0.4919,468.0660 , 25.0183,17.8853,1930.9612 , 69.8916,2.4707,<LOD,51.8140,1.1332,13974.1953 , 172.8875,6.6851,,,,,,5,416.799988,39.005600,-122.667572,10.000000,528783.625000,4317450.500000,
358,Mining,125.72,35.50,30.02,30.10,30.10,"Fri May 1, 2026 - 09:38:47",User,1.5,ppm,,,,,,,,,Mining,,,,,,,,,,,,<LOD,1.7172,0.7543,20215.3008 , 575.2589,0.3868,<LOD,4.2496,0.1389,<LOD,2.0437,0.2334,<LOD,2.5994,1.4060,<LOD,75.5263,25.5503,47.7630 , 7.6623,3.8838,32.7629 , 3.6678,0.4496,69016.1719 , 173.7421,167.1308,<LOD,0.0000,0.0000,<LOD,4717.7820,0.0351,42.8902 , 22.3998,0.9557,<LOD,1.3227,5.3201,8.0122 , 0.7020,3.1538,42.2132 , 6.7489,0.2956,4146.6733 , 320.8074,0.8885,139.9974 , 2.7249,1.9802,<LOD,1.4870,0.5208,<LOD,0.0000,0.0000,,,,13313.9219 , 113.8389,4.1634,<LOD,4.9613,4.1210,<LOD,1.0602,0.2290,73876.5469 , 414.0263,4.7971,6.5091 , 2.6428,3.2541,<LOD,0.0000,0.0000,,,,7116.7148 , 56.0092,22.1167,153.7116 , 16.1769,4.0896,<LOD,0.0000,0.1760,2.5939 , 0.7783,2.2793,15.9659 , 2.5049,0.3904,197.6102 , 1.5913,15.0211,24.1504 , 2.9136,1.9918,794014.1875 , 3289.5547,33.9153 , 2.7860,0.5204,77.3959 , 1.4636,3.2000,53.9639 , 0.7245,3.2748,4.2197 , 1.1791,0.5270,2.5158 , 1.1174,0.4907,421.9549 , 24.9651,16.9714,2018.0167 , 71.1083,2.5668,<LOD,52.6838,1.1639,14974.2822 , 175.9382,7.0081,,,,,,6,417.200012,39.005600,-122.667572,10.000000,528783.312500,4317450.500000,
359,Mining,126.10,35.52,30.15,30.15,30.28,"Fri May 1, 2026 - 09:41:48",User,1.5,ppm,,,,,,,,,Mining,,,,,,,,,,,,<LOD,2.4464,0.7309,43154.6406 , 956.4468,0.7502,<LOD,5.2607,0.0987,<LOD,2.4375,0.1574,<LOD,3.6931,1.3410,<LOD,126.8413,74.6298,<LOD,21.1131,4.8492,<LOD,9.0597,0.2904,185454.5781 , 430.9218,496.9313,<LOD,0.0000,0.0000,<LOD,6707.5298,0.0481,<LOD,47.7172,1.9860,<LOD,1.5768,3.2810,1.5875 , 0.8337,1.9856,166.5122 , 13.9986,0.3648,4993.4653 , 335.4603,1.1712,75.5574 , 2.6882,0.8921,<LOD,2.2017,0.5526,<LOD,0.0000,0.0000,,,,36834.6250 , 177.8864,12.2635,<LOD,7.1408,3.9591,<LOD,1.4018,0.1892,125508.3203 , 492.8035,9.5483,18.0782 , 3.8759,3.3210,<LOD,0.0000,0.0000,,,,2534.8708 , 47.1638,9.6051,256.7383 , 16.1570,3.1576,<LOD,10.6336,0.1556,1.6972 , 0.8585,1.2707,<LOD,5.8422,0.2454,96.6695 , 1.6647,7.1717,17.0297 , 2.8802,0.9335,592121.2500 , 4739.4233,20.0777 , 3.2580,0.2972,34.3475 , 1.3447,1.1483,219.9622 , 1.7715,8.5366,<LOD,1.4419,0.0528,<LOD,2.0377,0.3297,583.1097 , 36.5813,16.6748,442.7431 , 51.1390,0.8969,<LOD,44.4119,0.9733,7464.2070 , 156.9652,4.1634,,,,,,3,418.500000,38.998062,-122.668541,10.000000,528702.687500,4316614.000000,
360,Mining,126.30,35.55,30.33,30.19,30.23,"Fri May 1, 2026 - 09:44:33",User,1.5,ppm,,,,,,,,,Mining,,,,,,,,,,,,<LOD,1.9409,0.7576,39703.5039 , 801.7701,0.6912,<LOD,3.7829,0.0904,<LOD,1.8483,0.1598,<LOD,2.9117,1.3791,<LOD,91.8609,42.8299,37.3884 , 8.5859,4.4879,15.6131 , 3.5608,0.3575,110536.4141 , 260.5644,288.0418,<LOD,0.0000,0.0000,<LOD,5782.7607,0.0496,<LOD,57.0945,1.3477,<LOD,1.3238,4.2875,4.1033 , 0.7102,2.6554,87.6381 , 8.4063,0.2598,4432.8857 , 320.8612,1.0246,33.2384 , 1.6542,0.5980,<LOD,1.6845,0.5270,<LOD,0.0000,0.0000,,,,28880.7051 , 156.7419,9.2814,<LOD,5.6184,4.1281,<LOD,1.0001,0.1680,118421.4141 , 479.5712,8.5534,19.5750 , 3.0439,3.4087,<LOD,0.0000,0.0000,,,,2847.8716 , 43.8290,9.9846,397.3577 , 16.1349,3.7078,<LOD,8.4190,0.1746,6.3807 , 0.7640,1.8354,11.5429 , 2.5324,0.3289,129.0385 , 1.5066,10.7096,14.8296 , 1.8852,0.7410,681453.2500 , 4074.1934,13.9650 , 2.4966,0.3038,49.9277 , 1.3006,1.9894,190.1212 , 1.3703,9.2680,<LOD,2.3671,0.2886,<LOD,2.5569,0.4511,397.6324 , 27.9933,16.1346,566.4498 , 53.1184,1.0069,<LOD,45.5546,0.9915,11749.1631 , 176.2070,5.9968,,,,,,5,419.700012,39.005375,-122.667435,10.000000,528795.125000,4317425.500000,
361,Mining,126.08,35.53,30.21,30.24,30.10,"Fri May 1, 2026 - 09:47:37",User,1.5,ppm,,,,,,,,,Mining,,,,,,,,,,,,<LOD,1.9509,0.5875,49538.5938 , 1114.7540,0.8352,<LOD,4.5546,0.1011,<LOD,2.0694,0.1548,<LOD,2.9524,1.0794,<LOD,101.0532,44.0596,<LOD,14.4226,3.7924,12.8458 , 3.8569,0.3254,125900.8984 , 406.1324,304.0042,<LOD,0.0000,0.0000,<LOD,10106.8521,0.0593,199.2051 , 29.5537,1.6673,1.6125 , 0.9697,3.9425,6.5597 , 0.7863,2.4827,161.8687 , 9.7441,0.2795,4032.3833 , 322.2745,0.8673,33.3908 , 1.7828,0.5337,<LOD,1.7386,0.4339,<LOD,0.0000,0.0000,,,,44546.0195 , 211.9445,13.1876,<LOD,5.8255,3.3750,<LOD,1.2045,0.1892,138580.6875 , 549.0822,9.5234,17.4252 , 3.1833,2.8815,<LOD,0.0000,0.0000,,,,3088.7488 , 46.6137,9.8419,132.9966 , 14.4539,2.3556,<LOD,9.2696,0.1632,13.9840 , 0.8834,1.9089,21.7892 , 3.0150,0.3621,119.0778 , 1.6290,9.2713,4.8546 , 1.8305,0.4846,622957.1250 , 6963.2842,10.1739 , 2.5600,0.2398,43.9246 , 1.3361,1.5762,249.5064 , 1.7344,10.5435,<LOD,1.5177,0.1923,<LOD,2.3933,0.4107,537.5478 , 30.2618,15.0713,1338.5264 , 66.7923,1.7719,<LOD,44.1879,0.7869,5522.6030 , 135.3110,2.7877,,,,,,5,419.000000,39.005428,-122.667564,10.000000,528784.125000,4317431.500000,
362,Mining,120.66,30.06,30.20,30.16,30.24,"Fri May 1, 2026 - 09:49:59",User,1.5,ppm,,,,,,,,,Mining,,,,,,,,,,,,<LOD,2.4045,0.6290,37501.9727 , 1107.4276,0.6864,<LOD,4.6850,0.0818,<LOD,2.0237,0.1133,<LOD,3.5090,1.0610,<LOD,112.0759,46.6037,<LOD,16.1663,3.8464,<LOD,8.5691,0.2508,145509.7500 , 364.3706,315.2783,<LOD,0.0000,0.0000,<LOD,8775.1348,0.0675,151.2523 , 30.7788,1.5646,<LOD,1.4900,3.1298,4.0902 , 0.7922,1.9088,149.6763 , 11.1351,0.2566,4692.8301 , 379.5380,0.9502,30.5430 , 1.8296,0.4302,<LOD,2.1394,0.4631,<LOD,0.0000,0.0000,,,,66859.9062 , 264.4437,18.0817,<LOD,7.0809,3.5217,<LOD,1.2498,0.1557,166987.9219 , 600.0286,10.8969,17.7781 , 3.8187,2.8953,<LOD,0.0000,0.0000,,,,2489.6851 , 47.0650,7.4984,141.3820 , 14.9309,2.0569,<LOD,10.3625,0.1571,6.9907 , 0.8427,1.3093,6.7141 , 2.8343,0.2455,108.5977 , 1.6113,7.0916,8.5973 , 1.9585,0.4465,563111.6250 , 6195.1396,5.9906 , 2.6458,0.1904,40.1128 , 1.3388,1.2176,207.6746 , 1.6187,7.4672,<LOD,1.4776,0.1369,<LOD,1.9881,0.3080,642.2069 , 36.4371,15.2364,1016.1672 , 63.0089,1.2831,<LOD,50.8250,0.8045,4960.8301 , 136.0682,2.3221,,,,,,2,421.399994,39.005619,-122.667953,10.000000,528750.250000,4317452.500000,
363,Mining,120.43,30.26,30.03,30.00,30.14,"Fri May 1, 2026 - 09:53:48",User,1.5,ppm,,,,,,,,,Mining,,,,,,,,,,,,<LOD,1.3914,0.9704,27550.2734 , 571.9617,0.5529,<LOD,2.9665,0.1272,<LOD,1.3290,0.1856,<LOD,2.1667,1.9394,<LOD,28.2530,3.7759,27.3637 , 3.6568,2.0028,29.7670 , 3.0069,0.5369,9728.3818 , 67.6114,24.7305,<LOD,0.0000,0.0000,<LOD,4998.4600,0.0397,<LOD,22.8477,0.4457,<LOD,1.0172,6.4284,5.4681 , 0.5377,3.8173,<LOD,5.1979,0.2416,3061.7231 , 268.1632,0.6389,32.3514 , 1.2777,0.8234,<LOD,1.2765,0.7552,<LOD,0.0000,0.0000,,,,8505.7949 , 91.1298,2.6931,<LOD,4.1184,5.7726,<LOD,0.7921,0.2410,214547.8438 , 597.5305,14.9432,<LOD,5.4208,4.4356,<LOD,0.0000,0.0000,,,,2510.6560 , 23.4596,7.9753,51.2723 , 6.6614,1.5527,<LOD,6.3910,0.2216,2.3680 , 0.5588,2.3561,3.0468 , 1.7588,0.3376,157.1609 , 1.2047,16.9167,6.6707 , 1.3832,0.8324,724803.1875 , 3525.3594,9.0230 , 1.8687,0.3771,52.3027 , 1.0342,3.0970,18.1193 , 0.3971,1.9282,6.3907 , 0.8035,0.5115,<LOD,1.4088,0.4788,303.4901 , 20.0903,21.9855,704.4180 , 29.9272,0.9502,<LOD,44.8909,0.8710,6481.5288 , 81.6963,3.0497,,,,,,6,429.799988,39.005539,-122.667625,10.000000,528778.562500,4317444.000000,
364,Mining,120.21,30.03,30.02,30.29,29.87,"Fri May 1, 2026 - 09:56:07",User,1.5,ppm,,,,,,,,,Mining,,,,,,,,,,,,<LOD,1.4255,1.0578,30123.8945 , 612.6001,0.5893,<LOD,2.8178,0.1191,<LOD,1.3447,0.1970,<LOD,2.1599,1.9870,<LOD,26.0420,3.2883,25.4984 , 3.6469,1.9796,29.4602 , 2.9429,0.5323,8057.3491 , 60.5560,20.4732,<LOD,0.0000,0.0000,5534.5562 , 2858.4922,0.0450,<LOD,21.9404,0.4177,<LOD,0.9919,6.3802,4.9765 , 0.5230,3.7597,<LOD,5.0929,0.2466,3183.2964 , 288.6099,0.6837,38.2523 , 1.3261,0.9224,<LOD,1.3090,0.8241,<LOD,0.0000,0.0000,,,,9503.2949 , 98.8776,2.9641,<LOD,4.1024,5.8774,<LOD,0.7481,0.2220,215544.9688 , 605.2202,14.9859,<LOD,3.5655,4.5396,<LOD,0.0000,0.0000,,,,2426.2087 , 23.0149,7.6586,58.4584 , 6.6364,1.5349,<LOD,6.1763,0.2142,2.5861 , 0.5486,2.3649,3.9083 , 1.7392,0.3421,150.6072 , 1.1567,16.3888,7.2563 , 1.4350,0.9276,717571.8750 , 3144.0339,5.7614 , 1.7402,0.3349,50.1949 , 0.9957,2.9912,18.9380 , 0.3954,1.9882,4.7266 , 0.7849,0.4898,<LOD,1.1311,0.4545,308.2009 , 20.1365,22.8260,719.1485 , 30.3721,0.9699,<LOD,46.6958,0.8722,6626.5591 , 82.5267,3.1056,,,,,,5,430.200012,39.005577,-122.667572,10.000000,528783.625000,4317448.000000,
365,Mining,126.07,35.76,30.17,30.07,30.07,"Fri May 1, 2026 - 10:17:44",User,1.5,ppm,,,,,,,,,Mining,,,,,,,,,,,,<LOD,1.7915,0.6654,146331.8750 , 2479.1648,2.2120,<LOD,3.7304,0.0939,<LOD,1.5623,0.1206,<LOD,2.6396,1.1643,56.5553 , 41.6080,11.7793,62.2868 , 5.8373,2.3678,136.9311 , 5.3117,0.8149,39762.0117 , 163.6979,74.1633,<LOD,0.0000,0.0000,19198.7363 , 5340.0029,0.0781,839.4509 , 34.7741,1.5526,<LOD,1.1929,3.7381,4.5077 , 0.6589,2.4381,<LOD,12.4323,0.2170,3182.0222 , 327.3534,0.5585,8.7012 , 1.0825,0.2707,<LOD,1.6013,0.4912,<LOD,0.0000,0.0000,,,,2090.9907 , 65.8461,0.7479,<LOD,5.1168,3.5634,<LOD,0.9600,0.1613,270803.5000 , 760.0167,15.7423,14.6474 , 2.7777,2.9660,<LOD,0.0000,0.0000,,,,4875.0513 , 39.3719,11.1715,122.7215 , 11.3690,2.1058,<LOD,8.5496,0.1899,16.4313 , 0.7613,2.0501,90.4411 , 3.9370,0.8211,108.7062 , 1.3929,9.7815,1.5119 , 1.1134,0.2414,477468.0000 , 7510.1187,7.6779 , 2.2122,0.2385,39.4176 , 1.1456,1.6095,272.2884 , 1.6016,12.6161,4.1408 , 0.8936,0.2738,4.4319 , 1.1777,0.4923,436.7261 , 25.9446,15.1180,25446.3340 , 177.8207,22.2986,<LOD,55.2387,0.7206,8613.9121 , 122.9303,3.4687,,,,,,8,419.500000,39.007717,-122.667145,10.000000,528819.250000,4317685.500000,
366,Mining,120.75,30.26,30.11,30.10,30.28,"Fri May 1, 2026 - 10:20:18",User,1.5,ppm,,,,,,,,,Mining,,,,,,,,,,,,<LOD,1.8041,0.7085,145161.6406 , 2477.4875,2.2088,<LOD,3.4210,0.0845,<LOD,1.5198,0.1228,<LOD,2.6774,1.2735,62.5653 , 40.0945,11.6219,67.9257 , 5.8850,2.4223,119.1371 , 4.9185,0.7507,38511.6680 , 165.2876,73.0452,<LOD,0.0000,0.0000,20861.4512 , 5513.3154,0.0814,885.1593 , 34.5145,1.6243,<LOD,1.1447,3.8412,5.4131 , 0.6302,2.4997,<LOD,7.4493,0.1943,2770.5752 , 310.9043,0.4889,10.1298 , 1.0840,0.2924,<LOD,1.5318,0.4687,<LOD,0.0000,0.0000,,,,2089.4822 , 67.6906,0.7750,<LOD,5.0583,3.6665,<LOD,0.9390,0.1712,283652.9062 , 796.7289,17.0362,23.1215 , 2.7817,3.1489,<LOD,0.0000,0.0000,,,,5194.2461 , 40.3849,11.9524,125.5871 , 11.5780,2.2035,<LOD,8.1753,0.1868,15.9240 , 0.7362,2.0631,91.1711 , 3.8354,0.8372,107.1640 , 1.3530,9.8426,<LOD,2.5600,0.2489,462882.9062 , 7559.4292,6.1437 , 2.0879,0.2272,39.2302 , 1.0975,1.6026,265.1238 , 1.5602,12.5728,4.1441 , 0.8703,0.2798,<LOD,2.5919,0.4506,379.7951 , 25.2994,14.8323,27552.5254 , 187.0115,24.6228,<LOD,57.2345,0.7524,9114.8350 , 127.4442,3.7641,,,,,,8,418.399994,39.007713,-122.667152,10.000000,528818.562500,4317685.000000,
367,Mining,120.57,30.29,30.05,30.19,30.04,"Fri May 1, 2026 - 10:23:15",User,1.5,ppm,,,,,,,,,Mining,,,,,,,,,,,,<LOD,1.7676,0.6988,126715.5391 , 2056.7375,1.9564,<LOD,3.1635,0.0766,<LOD,1.4257,0.1152,<LOD,2.6364,1.2609,<LOD,61.8317,13.5786,71.6275 , 5.8836,2.5536,27.5728 , 3.3096,0.3631,43793.2031 , 176.1661,87.5021,<LOD,0.0000,0.0000,20418.9746 , 5208.4160,0.0782,741.3365 , 32.0574,1.5584,<LOD,1.1291,3.8301,3.0277 , 0.6192,2.4531,18.8444 , 5.4647,0.2295,1546.3123 , 235.1104,0.3114,8.6810 , 1.0334,0.2829,<LOD,1.5403,0.4882,<LOD,0.0000,0.0000,,,,1757.5864 , 60.9319,0.7339,<LOD,5.0945,3.8557,<LOD,0.8848,0.1632,273046.0625 , 767.5132,17.4589,12.4320 , 2.7260,3.0581,<LOD,0.0000,0.0000,,,,6436.0762 , 44.4689,15.6186,144.9311 , 12.5673,2.7731,<LOD,7.7478,0.1781,13.7335 , 0.7024,1.9888,58.5778 , 3.2108,0.6278,105.8831 , 1.3198,9.9669,<LOD,2.5413,0.2444,480209.4688 , 6690.4199,13.4619 , 2.2083,0.2838,37.0303 , 1.0782,1.6145,253.9917 , 1.4971,12.4333,4.0014 , 0.8253,0.2701,5.4103 , 1.1371,0.5243,341.8844 , 25.0802,14.7718,33206.5859 , 202.6350,31.6504,<LOD,53.7213,0.7655,11007.7734 , 136.2678,4.7808,,,,,,8,418.600006,39.007713,-122.667160,10.000000,528818.125000,4317685.000000,
368,Mining,120.60,30.01,30.23,30.28,30.08,"Fri May 1, 2026 - 10:26:08",User,1.5,ppm,,,,,,,,,Mining,,,,,,,,,,,,<LOD,1.7634,0.6707,130595.4297 , 2250.4705,2.0079,<LOD,3.4614,0.0847,<LOD,1.4818,0.1143,<LOD,2.6142,1.1937,<LOD,64.1532,13.5435,70.1088 , 5.8717,2.5211,28.1506 , 3.4354,0.3597,44656.8711 , 186.9899,87.5641,<LOD,0.0000,0.0000,31920.1543 , 5628.8105,0.0905,810.7141 , 33.9389,1.6214,<LOD,1.1743,3.8071,4.7635 , 0.6474,2.4730,21.8624 , 5.6968,0.2296,1442.6650 , 239.1114,0.3094,7.1729 , 1.0362,0.2609,<LOD,1.5520,0.4789,<LOD,0.0000,0.0000,,,,1724.5504 , 60.3633,0.6983,<LOD,5.0473,3.6365,<LOD,0.9238,0.1604,276745.7812 , 782.3419,17.3337,12.5516 , 2.7059,2.9101,<LOD,0.0000,0.0000,,,,6375.0254 , 44.7235,15.2700,128.6927 , 12.4279,2.6763,<LOD,8.0189,0.1752,14.1519 , 0.7321,1.9821,61.8823 , 3.3797,0.6391,111.6042 , 1.3968,10.1659,2.9108 , 1.1041,0.2615,462427.7500 , 7361.2861,16.8428 , 2.3742,0.3048,39.7920 , 1.1304,1.6460,265.9569 , 1.5944,12.6957,4.2367 , 0.8580,0.2683,2.9581 , 1.1489,0.4898,417.4116 , 25.3412,14.8968,31586.5762 , 198.1147,29.5105,<LOD,52.6840,0.7060,10503.4141 , 133.2859,4.5052,,,,,,7,417.899994,39.007713,-122.667175,10.000000,528817.062500,4317685.000000,
369,Mining,120.72,30.00,30.26,30.25,30.21,"Fri May 1, 2026 - 10:28:59",User,1.5,ppm,,,,,,,,,Mining,,,,,,,,,,,,<LOD,1.7931,0.6914,152682.9062 , 2614.6831,2.3403,<LOD,3.5967,0.0879,<LOD,1.5844,0.1254,<LOD,2.6349,1.2028,<LOD,64.1626,12.7528,73.4393 , 6.3332,2.5840,53.2880 , 3.9954,0.4672,43321.7109 , 208.6874,83.5818,<LOD,0.0000,0.0000,38101.2852 , 6116.3569,0.1023,787.8753 , 34.3672,1.5635,<LOD,1.2084,3.8487,5.7351 , 0.6677,2.5137,23.7765 , 5.6264,0.2134,898.6995 , 206.7801,0.2175,9.3262 , 1.0947,0.2795,<LOD,1.5939,0.5047,<LOD,0.0000,0.0000,,,,372.7790 , 46.2397,0.3696,<LOD,5.1208,3.7077,<LOD,0.9551,0.1633,312210.9375 , 864.2592,20.3157,19.0111 , 2.7901,3.1091,<LOD,0.0000,0.0000,,,,6465.7207 , 48.9762,15.3310,142.3471 , 13.3965,2.7404,<LOD,10.5927,0.1976,18.0014 , 0.7796,2.1546,66.7472 , 3.5348,0.6689,113.5510 , 1.4675,10.4374,<LOD,1.6145,0.2136,390233.0625 , 8203.8486,<LOD,4.1703,0.1979,39.4562 , 1.1582,1.6423,298.9980 , 1.7982,14.0834,2.0448 , 0.8727,0.2513,4.4000 , 1.1826,0.5032,432.3081 , 25.9263,15.4322,41370.7969 , 242.8131,38.6139,<LOD,56.1744,0.7580,12251.7852 , 150.9354,5.3028,,,,,,9,416.700012,39.007706,-122.667183,10.000000,528815.812500,4317684.500000,
370,Mining,126.03,35.66,30.10,30.19,30.08,"Fri May 1, 2026 - 10:31:37",User,1.5,ppm,,,,,,,,,Mining,,,,,,,,,,,,<LOD,1.7495,0.6878,162607.5781 , 2441.8953,2.4884,<LOD,3.4841,0.0886,<LOD,1.5675,0.1321,<LOD,2.6010,1.2281,<LOD,64.5516,14.0651,81.0774 , 6.2055,2.7753,43.1978 , 3.7344,0.4395,44439.7656 , 216.0607,90.5796,<LOD,0.0000,0.0000,35810.0664 , 5737.7900,0.1026,799.9217 , 34.0590,1.6688,<LOD,1.1854,3.9947,5.6563 , 0.6549,2.6055,22.2044 , 5.7384,0.2430,1102.3009 , 213.2546,0.2673,9.7859 , 1.0902,0.2985,<LOD,1.6193,0.5484,<LOD,0.0000,0.0000,,,,605.0898 , 47.2582,0.4432,<LOD,5.0061,3.6721,<LOD,0.9292,0.1673,312238.0000 , 855.4834,21.4384,14.6264 , 2.7334,3.1056,<LOD,0.0000,0.0000,,,,6713.5273 , 48.6628,16.7219,146.2468 , 13.1554,2.9583,<LOD,8.1171,0.1856,17.3604 , 0.7616,2.2124,69.5206 , 3.5151,0.7127,111.9566 , 1.4434,10.8106,<LOD,1.6172,0.2329,382081.5000 , 7602.7002,6.1272 , 2.0919,0.2320,38.7017 , 1.1326,1.6872,292.9865 , 1.7701,14.5156,2.8104 , 0.8742,0.2754,3.6455 , 1.1584,0.5164,388.5773 , 25.3973,15.3895,40572.0273 , 237.4408,39.9949,<LOD,54.0672,0.8067,11775.7617 , 144.4156,5.3595,,,,,,8,415.799988,39.007694,-122.667198,10.000000,528814.500000,4317683.000000,
371,Mining,120.68,30.21,30.14,30.07,30.26,"Fri May 1, 2026 - 10:34:20",User,1.5,ppm,,,,,,,,,Mining,,,,,,,,,,,,<LOD,1.7098,0.6990,139870.3438 , 2295.7170,2.1603,<LOD,3.3263,0.0860,<LOD,1.3776,0.1084,<LOD,2.5176,1.2245,<LOD,61.9397,13.6672,75.9186 , 5.9136,2.6336,93.0150 , 4.4640,0.6670,43246.3867 , 200.3271,87.6264,<LOD,0.0000,0.0000,39600.9727 , 5833.1802,0.1024,789.7440 , 32.8287,1.6358,<LOD,1.1336,3.8860,4.8410 , 0.6276,2.5496,15.0833 , 5.4405,0.2287,1037.0813 , 209.8974,0.2452,9.9804 , 1.0550,0.2977,<LOD,1.4767,0.4789,<LOD,0.0000,0.0000,,,,1371.0476 , 56.8612,0.6423,<LOD,4.8455,3.6833,<LOD,0.8766,0.1572,297804.5625 , 836.1099,19.9539,18.9341 , 2.6489,3.1126,<LOD,0.0000,0.0000,,,,6037.7441 , 44.8114,14.9961,137.3731 , 12.3249,2.6976,<LOD,7.8509,0.1844,15.1285 , 0.7192,2.0976,86.7825 , 3.6945,0.8363,106.7134 , 1.3638,10.3941,<LOD,1.9594,0.2415,418380.4688 , 7478.6841,3.4999 , 1.9422,0.2086,39.1283 , 1.0971,1.6940,282.5061 , 1.6624,13.9903,3.4250 , 0.8032,0.2594,3.4871 , 1.1091,0.5043,383.6577 , 24.3866,15.0942,38481.3008 , 224.4264,37.5707,<LOD,55.0371,0.8069,12100.8574 , 142.7108,5.4266,,,,,,9,415.600006,39.007683,-122.667221,10.000000,528812.750000,4317682.000000,
372,Mining,120.72,30.16,30.18,30.22,30.16,"Fri May 1, 2026 - 10:36:51",User,1.5,ppm,,,,,,,,,Mining,,,,,,,,,,,,<LOD,1.9390,0.7160,126203.0312 , 2110.5010,1.9493,<LOD,3.5797,0.0919,<LOD,1.5098,0.1201,<LOD,2.6109,1.2017,<LOD,62.6911,12.8731,79.7906 , 6.2412,2.6336,131.9352 , 5.1485,0.8201,43135.8242 , 178.1463,84.1417,<LOD,0.0000,0.0000,23962.5391 , 5369.8721,0.0828,1123.1814 , 37.7634,2.0099,<LOD,1.1800,3.8864,4.9990 , 0.6521,2.5350,18.7007 , 5.4667,0.2108,2407.1804 , 283.6233,0.4657,9.9852 , 1.0923,0.2937,<LOD,1.5726,0.4994,<LOD,0.0000,0.0000,,,,2833.5613 , 70.3591,0.9928,<LOD,5.0678,3.6904,<LOD,0.9447,0.1685,271879.7188 , 762.1438,17.2632,18.7239 , 2.7648,3.1066,<LOD,0.0000,0.0000,,,,6261.2788 , 45.6714,14.9049,153.9574 , 13.0232,2.7140,<LOD,8.3908,0.1949,16.3902 , 0.7528,2.1224,103.2496 , 4.0418,0.9256,107.6938 , 1.3789,10.0849,<LOD,1.9333,0.2353,469739.8438 , 6963.2910,2.8593 , 2.0168,0.2044,41.4485 , 1.1499,1.7275,283.1403 , 1.6280,13.4750,4.1591 , 0.8737,0.2811,4.7324 , 1.1631,0.5116,424.9419 , 25.5900,15.3787,38408.4375 , 223.5899,36.0620,<LOD,60.2065,0.9902,12638.6699 , 149.1237,5.4279,,,,,,8,415.200012,39.007679,-122.667229,10.000000,528812.187500,4317681.500000,
373,Mining,120.58,30.28,30.07,30.13,30.10,"Fri May 1, 2026 - 10:40:05",User,1.5,ppm,,,,,,,,,Mining,,,,,,,,,,,,<LOD,1.8125,0.6759,143292.5625 , 2447.2815,2.1685,<LOD,3.7095,0.0913,<LOD,1.5426,0.1162,<LOD,2.6565,1.1706,<LOD,65.5167,13.3425,68.7278 , 5.9123,2.3984,102.7049 , 4.8565,0.6767,45037.9648 , 183.8105,86.2695,<LOD,0.0000,0.0000,24600.7969 , 5563.8057,0.0844,938.2839 , 36.2766,1.7545,<LOD,1.2215,3.8589,5.5054 , 0.6719,2.4960,19.4639 , 5.8083,0.2227,3520.7222 , 340.1180,0.6280,7.3891 , 1.0713,0.2614,<LOD,1.5904,0.4795,<LOD,0.0000,0.0000,,,,2572.3379 , 70.8133,0.9012,<LOD,5.1401,3.5703,<LOD,1.0008,0.1769,255331.1406 , 758.6556,15.2802,15.6761 , 2.7862,2.9511,<LOD,0.0000,0.0000,,,,5811.9189 , 43.3220,13.6046,134.1870 , 12.3057,2.4572,<LOD,11.2252,0.2130,16.5977 , 0.7711,2.0696,115.7626 , 4.3299,0.9845,116.3412 , 1.4618,10.4854,4.0939 , 1.1658,0.2800,479341.0938 , 7608.4482,6.9225 , 2.2502,0.2398,39.7503 , 1.1572,1.6161,302.9634 , 1.7301,14.0127,4.4648 , 0.8918,0.2717,3.4021 , 1.1900,0.4951,410.4263 , 25.8664,14.7139,29860.3066 , 195.4132,27.1470,<LOD,54.9759,0.7412,8318.5264 , 123.5725,3.5307,,,,,,6,414.899994,39.007683,-122.667236,10.000000,528811.625000,4317682.000000,
374,Mining,120.33,30.10,30.04,30.08,30.11,"Fri May 1, 2026 - 10:43:21",User,1.5,ppm,,,,,,,,,Mining,,,,,,,,,,,,<LOD,1.8982,0.6569,112016.1250 , 2133.0317,1.7091,<LOD,4.0106,0.0962,<LOD,1.7391,0.1327,<LOD,2.7885,1.1440,<LOD,79.6357,12.3417,64.6764 , 5.9687,2.2459,106.2785 , 5.0184,0.6499,44177.3359 , 157.7742,78.5709,<LOD,0.0000,0.0000,14344.9346 , 5156.0293,0.0655,945.3970 , 37.0734,1.6395,<LOD,1.2468,3.6133,5.2709 , 0.6872,2.3489,<LOD,14.6601,0.2065,2996.1064 , 312.1178,0.4899,10.9269 , 1.1752,0.2831,<LOD,1.6672,0.4670,<LOD,0.0000,0.0000,,,,2297.1543 , 68.4632,0.7962,<LOD,5.4006,3.5033,<LOD,1.0489,0.1698,229231.9844 , 706.3043,12.5017,16.8914 , 2.9214,2.8796,<LOD,0.0000,0.0000,,,,5871.9336 , 42.7590,12.7677,127.8882 , 12.3829,2.2868,13.7163 , 6.4356,0.2174,15.7205 , 0.7842,1.9235,118.2090 , 4.4670,0.9435,113.4812 , 1.4538,9.5913,2.6550 , 1.2299,0.2677,546707.6875 , 6982.9453,4.5669 , 2.3391,0.2223,40.7404 , 1.1849,1.5380,296.7732 , 1.6703,12.8026,3.3097 , 0.9602,0.2685,2.8523 , 1.2032,0.4538,435.9544 , 27.0969,14.3895,31246.7949 , 195.3663,26.4557,<LOD,54.2779,0.6831,8784.6162 , 127.0705,3.4869,,,,,,6,414.700012,39.007687,-122.667244,10.000000,528810.875000,4317682.000000,
375,Mining,120.08,30.06,30.02,30.28,29.72,"Fri May 1, 2026 - 10:57:23",User,1.5,ppm,,,,,,,,,Mining,,,,,,,,,,,,<LOD,1.1628,1.0699,20955.2949 , 576.5082,0.6864,<LOD,2.4661,0.1317,<LOD,1.1763,0.2167,<LOD,1.7991,2.1129,<LOD,19.3457,2.5422,19.5456 , 3.2659,1.9965,<LOD,4.7998,0.3816,5135.2012 , 45.7418,15.7048,<LOD,0.0000,0.0000,<LOD,3935.7777,0.0430,<LOD,17.4055,0.3654,<LOD,0.9230,8.0384,5.5760 , 0.4603,4.2243,<LOD,4.1676,0.2466,767.3895 , 165.8293,0.2398,45.7701 , 1.2792,1.2353,<LOD,1.0420,0.7907,<LOD,0.0000,0.0000,,,,8422.2529 , 93.6398,3.1150,<LOD,3.4081,6.2608,<LOD,0.6207,0.2142,444236.7500 , 744.3081,45.0491,5.7900 , 1.7980,4.7940,<LOD,0.0000,0.0000,,,,9151.2646 , 37.9586,32.6515,70.9993 , 9.7455,4.8580,<LOD,5.1111,0.2113,<LOD,1.0633,2.2248,<LOD,1.8154,0.2361,226.5769 , 1.2999,28.0420,3.1286 , 1.3198,1.0677,507755.2812 , 2825.8687,15.5725 , 1.7322,0.5030,26.8535 , 0.7157,2.1204,10.5096 , 0.2975,1.6123,3.4680 , 0.6762,0.5124,<LOD,1.5792,0.5145,461.3211 , 17.2889,27.4365,520.4428 , 22.0444,0.8378,<LOD,39.4865,0.7215,2161.0229 , 46.5824,1.3535,,,,,,6,408.700012,39.008297,-122.667435,10.000000,528793.937500,4317750.000000,
376,Mining,126.09,35.56,30.29,30.13,30.11,"Fri May 1, 2026 - 10:59:48",User,1.5,ppm,,,,,,,,,Mining,,,,,,,,,,,,<LOD,1.1669,1.0457,21160.5117 , 552.3854,0.6811,<LOD,2.5189,0.1410,<LOD,1.1015,0.1952,<LOD,1.8151,2.0868,<LOD,19.6267,2.6937,20.0890 , 3.2079,1.9904,4.4365 , 2.0896,0.3965,5492.0435 , 46.5419,16.7799,<LOD,0.0000,0.0000,4596.8882 , 2535.1160,0.0471,<LOD,17.3607,0.3759,<LOD,0.9124,7.9263,6.8358 , 0.4685,4.4014,<LOD,3.9792,0.2282,688.7904 , 156.8167,0.2358,34.5957 , 1.1372,1.0015,<LOD,1.0465,0.7743,<LOD,0.0000,0.0000,,,,7638.0967 , 85.0884,2.8389,<LOD,3.4572,6.2646,<LOD,0.6493,0.2518,438559.2500 , 710.7239,44.1562,<LOD,3.0238,4.6538,<LOD,0.0000,0.0000,,,,8486.7676 , 36.0207,30.3532,68.7710 , 9.3441,4.5563,<LOD,0.0000,0.1989,1.0176 , 0.4345,2.2141,<LOD,1.8499,0.2589,221.4836 , 1.2644,27.4342,3.9648 , 1.1953,0.9201,509708.5625 , 2762.7925,15.6226 , 1.6635,0.5240,26.4844 , 0.7053,2.1078,9.4407 , 0.2846,1.5163,3.9297 , 0.6425,0.4836,1.6371 , 0.6722,0.5326,474.5964 , 17.5892,27.7453,676.5270 , 24.1223,1.0523,<LOD,37.4166,0.7173,2099.6223 , 45.4673,1.3195,,,,,,6,410.200012,39.008209,-122.667183,10.000000,528816.000000,4317740.000000,
377,Mining,120.39,30.02,30.00,30.25,30.12,"Fri May 1, 2026 - 11:03:07",User,1.5,ppm,,,,,,,,,Mining,,,,,,,,,,,,<LOD,1.1616,1.0223,19950.3691 , 537.3477,0.6213,<LOD,2.4308,0.1272,<LOD,1.0743,0.1801,<LOD,1.7784,1.9766,<LOD,18.9638,2.4164,13.1348 , 3.0967,1.7971,10.4837 , 2.2326,0.4367,5014.8477 , 44.6879,14.9894,<LOD,0.0000,0.0000,5082.6357 , 2498.5986,0.0444,<LOD,17.3436,0.3596,<LOD,0.9036,7.5718,6.8794 , 0.4719,4.3737,<LOD,4.0570,0.2310,668.4868 , 146.3233,0.2023,10.4030 , 0.7989,0.4746,<LOD,1.0184,0.7196,<LOD,0.0000,0.0000,,,,4643.3389 , 69.0888,1.7833,<LOD,3.3317,5.6964,<LOD,0.6261,0.2204,409916.5000 , 690.5327,38.8131,3.7285 , 1.7599,4.3579,<LOD,0.0000,0.0000,,,,7871.1641 , 34.4156,27.4477,68.4548 , 9.0565,4.1590,<LOD,4.7575,0.1810,1.6985 , 0.4104,1.9526,<LOD,1.9365,0.2678,194.4069 , 1.1879,23.9959,3.5947 , 0.8834,0.5135,544893.0625 , 2738.3394,<LOD,2.8407,0.2822,13.8285 , 0.5711,1.2762,14.3779 , 0.3218,1.8830,3.9809 , 0.6116,0.4179,1.4176 , 0.6308,0.4617,353.6500 , 16.5882,23.6360,472.5312 , 19.8701,0.7170,<LOD,53.9843,0.7848,787.0473 , 32.7679,0.5978,,,,,,6,411.200012,39.008202,-122.667206,10.000000,528814.125000,4317739.500000,
378,Mining,125.97,35.62,30.21,30.11,30.03,"Fri May 1, 2026 - 11:05:48",User,1.5,ppm,,,,,,,,,Mining,,,,,,,,,,,,<LOD,1.1015,0.9952,20573.6836 , 540.5526,0.6462,<LOD,2.1839,0.1073,<LOD,0.9542,0.1489,<LOD,1.7374,2.0607,<LOD,16.2414,1.8417,13.3678 , 2.9739,1.7259,6.8495 , 2.0990,0.4046,3572.2917 , 37.6452,10.9588,<LOD,0.0000,0.0000,10852.5371 , 2593.0835,0.0510,<LOD,15.7849,0.3073,<LOD,0.8719,7.4513,5.4724 , 0.4526,4.2390,<LOD,3.7117,0.2064,642.2731 , 143.5496,0.2046,12.1000 , 0.8073,0.5103,<LOD,0.9871,0.7351,<LOD,0.0000,0.0000,,,,4261.2563 , 65.5721,1.6738,<LOD,3.2236,5.8060,<LOD,0.5881,0.2075,422219.5000 , 705.7056,41.0104,<LOD,3.5255,4.3776,<LOD,0.0000,0.0000,,,,7761.4697 , 33.4812,27.1133,72.6276 , 8.7767,4.0761,<LOD,4.7703,0.1915,0.7189 , 0.3934,1.8823,<LOD,1.8058,0.2437,190.1406 , 1.1627,23.9841,4.0092 , 0.8959,0.5565,528073.0000 , 2771.4563,<LOD,1.9188,0.2661,14.0270 , 0.5625,1.3068,9.7476 , 0.2805,1.5047,4.1009 , 0.5668,0.3928,1.7129 , 0.6152,0.4622,349.8966 , 16.0348,24.0372,419.0034 , 18.6892,0.6462,<LOD,37.6770,0.7350,940.2026 , 34.1508,0.6852,,,,,,7,410.399994,39.008205,-122.667206,10.000000,528813.750000,4317740.000000,
379,Mining,81.45,30.04,30.26,21.15,,"Fri May 1, 2026 - 11:08:07",User,1.5,ppm,,,,,,,,,Mining,,,,,,,,,,,,<LOD,1.7527,1.0785,,,,<LOD,2.8299,0.1197,<LOD,1.1731,0.1490,<LOD,2.7172,2.1473,<LOD,18.4206,1.5564,<LOD,5.7063,1.3624,<LOD,5.5671,0.3682,3724.2024 , 41.9149,9.3545,<LOD,0.0000,0.0000,,,,<LOD,19.6855,0.3135,<LOD,1.0270,6.8876,6.3571 , 0.5429,4.1072,<LOD,4.6177,0.2138,,,,6.9769 , 0.8470,0.3695,<LOD,1.6085,0.8383,<LOD,0.0000,0.0000,,,,,,,<LOD,5.0409,6.0329,<LOD,0.7408,0.2144,,,,<LOD,4.8447,4.6182,<LOD,0.0000,0.0000,,,,7963.4595 , 33.8456,23.1541,50.1004 , 9.5329,3.3330,<LOD,6.1988,0.2130,<LOD,0.7562,1.9762,<LOD,2.0892,0.2136,167.0672 , 1.2184,18.9368,1.6683 , 0.9000,0.3528,983826.1875 , 125.7615,<LOD,2.3216,0.2490,44.1793 , 0.9715,2.8474,7.3866 , 0.3078,1.2017,3.9605 , 0.6969,0.3946,<LOD,1.3395,0.4537,215.7406 , 24.1955,21.7289,248.6181 , 21.0264,0.4390,,,,3734.0476 , 63.9965,1.8519,,,,,,7,410.399994,39.008205,-122.667206,10.000000,528813.750000,4317740.000000,
380,Mining,2.41,2.41,,,,"Fri May 1, 2026 - 11:08:15",User,1.5,ppm,,,,,,,,,Mining,,,,,,,,,,,,<LOD,65.6941,42.1059,,,,<LOD,19.2440,0.0407,<LOD,7.9111,0.0571,<LOD,72.6340,47.5235,<LOD,199.5398,1.5514,<LOD,338.1489,0.2821,<LOD,35.4560,0.2864,3864.4570 , 467.5239,10.0299,<LOD,0.0000,0.0000,,,,<LOD,222.0867,0.3445,<LOD,11.4767,7.3594,<LOD,13.5019,4.3492,<LOD,45.3155,0.1718,,,,<LOD,22.0700,0.5744,<LOD,74.5477,54.2755,<LOD,0.0000,0.0000,,,,,,,<LOD,123.9537,44.4447,<LOD,11.5518,0.3557,,,,<LOD,86.2188,38.8271,<LOD,0.0000,0.0000,,,,10247.9160 , 2205.7529,4.4539,<LOD,993.2620,1.0328,<LOD,69.4935,0.2298,<LOD,8.6267,2.1952,<LOD,20.3556,0.1720,183.7953 , 13.9942,21.3567,<LOD,21.4858,0.5171,985652.6250 , 2515.0640,<LOD,32.8995,0.3447,51.2274 , 11.1833,3.2833,<LOD,4.8692,0.8001,<LOD,18.4826,0.5363,<LOD,11.5044,0.4011,,,,,,,,,,,,,,,,,,7,410.399994,39.008205,-122.667206,10.000000,528813.750000,4317740.000000,
381,Mining,126.26,35.68,30.18,30.19,30.21,"Fri May 1, 2026 - 11:10:56",User,1.5,ppm,,,,,,,,,Mining,,,,,,,,,,,,<LOD,1.1658,0.9490,13541.5010 , 442.1649,0.4221,<LOD,2.3512,0.1100,<LOD,0.9907,0.1417,<LOD,1.7765,1.8161,<LOD,15.2280,1.4161,15.3614 , 3.0101,1.6321,<LOD,4.3578,0.3634,2850.7319 , 34.6253,8.2649,<LOD,0.0000,0.0000,<LOD,2988.0980,0.0264,<LOD,16.5393,0.2939,<LOD,0.8846,6.8367,4.7352 , 0.4668,4.0492,<LOD,3.8689,0.2017,538.6605 , 127.1988,0.1466,6.0713 , 0.7395,0.3757,<LOD,1.0062,0.6449,<LOD,0.0000,0.0000,,,,2107.2654 , 51.6908,0.9519,<LOD,3.3218,5.2051,<LOD,0.6255,0.2063,298475.8750 , 600.0555,24.2076,4.6930 , 1.7730,4.0661,<LOD,0.0000,0.0000,,,,7563.8916 , 31.6431,24.4330,46.0804 , 8.5662,3.5404,<LOD,4.9276,0.1797,<LOD,0.6626,2.0235,<LOD,1.7267,0.1954,148.2874 , 1.0465,18.1046,1.7048 , 0.7921,0.3684,670875.8750 , 2263.0767,<LOD,1.9126,0.2289,43.1775 , 0.8549,2.9401,6.1357 , 0.2613,1.1527,3.4038 , 0.5933,0.3834,<LOD,0.9577,0.4390,177.2790 , 15.8990,18.7433,287.1899 , 19.0649,0.5050,<LOD,39.5097,0.7639,3302.0740 , 55.3143,1.7992,,,,,,7,409.600006,39.008217,-122.667206,10.000000,528813.687500,4317741.000000,
382,Mining,126.01,35.62,30.08,30.14,30.17,"Fri May 1, 2026 - 11:13:17",User,1.5,ppm,,,,,,,,,Mining,,,,,,,,,,,,<LOD,1.2703,0.9469,13799.0713 , 469.8806,0.4225,<LOD,2.2082,0.0863,<LOD,0.9937,0.1275,<LOD,1.9350,1.8157,<LOD,14.1256,1.0767,12.0827 , 2.9373,1.3299,<LOD,3.0915,0.3051,2442.9058 , 32.7026,6.5472,<LOD,0.0000,0.0000,<LOD,3335.7217,0.0293,<LOD,16.0244,0.2457,<LOD,0.8719,5.9769,3.1016 , 0.4604,3.5343,<LOD,3.5716,0.1531,626.9812 , 141.3072,0.1601,3.7167 , 0.6949,0.2958,<LOD,1.0553,0.5913,<LOD,0.0000,0.0000,,,,2241.2427 , 54.4374,0.9296,<LOD,3.5896,5.1213,<LOD,0.6136,0.1803,316720.8750 , 619.6354,23.8304,<LOD,4.3094,3.8993,<LOD,0.0000,0.0000,,,,6444.1387 , 30.1040,18.9818,45.0099 , 8.2391,2.7764,<LOD,4.9435,0.1618,<LOD,0.6436,1.7138,<LOD,1.6254,0.1541,129.2551 , 0.9971,14.7455,1.1082 , 0.7398,0.2847,654376.5000 , 2475.9873,<LOD,1.8411,0.1863,37.3118 , 0.8137,2.3691,4.7222 , 0.2500,0.9428,2.5946 , 0.5796,0.3194,<LOD,0.9394,0.3779,187.7982 , 17.1081,18.2078,210.2868 , 18.1324,0.3815,<LOD,42.0540,0.7632,2711.2141 , 53.7619,1.3835,,,,,,7,408.799988,39.008221,-122.667206,10.000000,528814.000000,4317741.500000,
383,Mining,125.91,35.58,30.13,30.17,30.03,"Fri May 1, 2026 - 11:16:24",User,1.5,ppm,,,,,,,,,Mining,,,,,,,,,,,,<LOD,1.0306,1.1503,16609.0234 , 456.8234,0.6161,<LOD,2.2674,0.1409,<LOD,0.9446,0.1768,<LOD,2.0357,2.3175,<LOD,16.8668,2.4093,9.5664 , 2.6690,1.7955,<LOD,2.8317,0.3943,4136.2568 , 39.3203,14.5281,<LOD,0.0000,0.0000,6246.5620 , 2159.8179,0.0453,<LOD,14.9385,0.3331,<LOD,0.8264,8.0527,5.0583 , 0.4346,4.7384,<LOD,3.5477,0.2243,581.6082 , 122.8867,0.1983,4.0549 , 0.6325,0.3760,<LOD,0.9207,0.8433,<LOD,0.0000,0.0000,,,,2794.0898 , 51.4303,1.3199,<LOD,2.9519,6.4027,<LOD,0.5802,0.2462,405289.5000 , 645.7212,44.4344,<LOD,3.7489,4.8630,<LOD,0.0000,0.0000,,,,7358.1719 , 30.2416,29.4405,45.1584 , 7.8793,4.2593,<LOD,0.0000,0.2114,<LOD,0.5157,1.7507,<LOD,1.8080,0.3035,157.9608 , 1.0303,23.2819,3.1118 , 0.7247,0.4537,555598.2500 , 2365.2649,<LOD,1.6729,0.2844,4.5705 , 0.4204,0.7925,8.0232 , 0.2578,1.5368,1.5440 , 0.5082,0.3445,1.0384 , 0.5657,0.4741,230.0239 , 14.2712,24.0017,308.8251 , 15.3344,0.5706,158.2575 , 22.9850,0.8036,449.3587 , 25.4944,0.4712,,,,,,7,408.600006,39.008221,-122.667206,10.000000,528814.125000,4317741.500000,
384,Mining,120.74,30.11,30.16,30.22,30.25,"Fri May 1, 2026 - 11:18:45",User,1.5,ppm,,,,,,,,,Mining,,,,,,,,,,,,<LOD,1.1317,1.1282,19713.5625 , 497.5921,0.6271,<LOD,2.1549,0.1111,<LOD,0.9047,0.1425,<LOD,1.7265,2.1600,<LOD,20.9080,3.3126,14.3249 , 3.0302,1.9192,3.5214 , 2.0352,0.4047,6599.9590 , 52.2906,21.4165,<LOD,0.0000,0.0000,<LOD,5343.5629,0.0433,<LOD,16.5775,0.3730,<LOD,0.8393,7.3901,4.4115 , 0.4397,4.3294,<LOD,3.8564,0.2209,712.2580 , 145.4730,0.2357,2.7959 , 0.6256,0.3228,<LOD,1.0208,0.8452,<LOD,0.0000,0.0000,,,,4924.3696 , 68.3747,2.0282,<LOD,3.2475,6.2680,<LOD,0.5824,0.2166,391630.7500 , 802.8156,39.8597,<LOD,4.2101,4.8365,<LOD,0.0000,0.0000,,,,7054.9961 , 34.4361,26.8126,36.6199 , 8.4621,3.9282,<LOD,4.7941,0.2058,<LOD,0.5232,1.5774,<LOD,1.8149,0.2622,148.6702 , 1.0627,20.4196,2.2388 , 0.7016,0.3664,564099.2500 , 3378.8291,<LOD,1.7689,0.2313,4.9003 , 0.4272,0.7274,10.9377 , 0.2897,1.6977,1.8215 , 0.5012,0.3041,<LOD,0.8427,0.4088,262.3305 , 15.8785,24.1481,291.2376 , 17.4121,0.5564,59.8426 , 24.6926,0.8061,1202.4232 , 37.1651,0.8784,,,,,,7,408.200012,39.008221,-122.667198,10.000000,528814.437500,4317741.500000,
385,Mining,125.99,35.74,30.07,30.12,30.06,"Fri May 1, 2026 - 11:22:00",User,1.5,ppm,,,,,,,,,Mining,,,,,,,,,,,,<LOD,1.1543,1.0851,13100.7256 , 465.7575,0.5082,<LOD,2.2159,0.1107,<LOD,1.0031,0.1644,<LOD,1.7766,2.1287,<LOD,14.1596,1.3852,5.1113 , 2.8864,1.5883,<LOD,2.8411,0.3275,2660.9253 , 32.6747,8.2524,<LOD,0.0000,0.0000,<LOD,3503.5115,0.0349,<LOD,16.0654,0.3149,<LOD,0.8488,7.1454,5.8597 , 0.4513,4.3173,<LOD,3.8121,0.2250,278.6633 , 118.6146,0.1438,25.3183 , 0.9999,0.7878,<LOD,1.0164,0.7706,<LOD,0.0000,0.0000,,,,271.1554 , 31.1783,0.3434,<LOD,3.2731,5.8708,<LOD,0.5958,0.2133,393883.0938 , 660.6096,36.9027,<LOD,2.9043,4.4879,<LOD,0.0000,0.0000,,,,8959.7861 , 34.6774,30.9561,41.1289 , 9.0067,4.3672,<LOD,4.7555,0.1900,<LOD,0.5560,1.6825,<LOD,1.7367,0.2250,145.4410 , 1.0136,18.8878,4.3339 , 1.0788,0.7819,579667.5000 , 2534.6643,<LOD,1.8881,0.2559,3.5701 , 0.4155,0.6247,6.0507 , 0.2495,1.1903,1.8761 , 0.5561,0.3505,<LOD,1.1876,0.4091,316.5652 , 16.2125,23.9273,131.9741 , 11.7386,0.2578,<LOD,35.9282,0.6711,172.3534 , 23.7778,0.2811,,,,,,8,407.700012,39.008217,-122.667213,10.000000,528813.562500,4317741.000000,
386,Mining,125.96,35.53,30.01,30.22,30.20,"Fri May 1, 2026 - 11:24:25",User,1.5,ppm,,,,,,,,,Mining,,,,,,,,,,,,<LOD,1.0782,1.0466,13558.8213 , 440.9750,0.5141,<LOD,2.2615,0.1202,<LOD,0.9939,0.1678,<LOD,1.6829,2.1136,<LOD,9.7481,0.6816,<LOD,6.0079,1.5924,<LOD,2.6420,0.2929,957.1427 , 20.8183,3.3886,<LOD,0.0000,0.0000,<LOD,4270.0005,0.0365,<LOD,15.7895,0.3096,<LOD,0.8426,7.3472,5.3064 , 0.4484,4.4440,<LOD,3.6100,0.2170,367.4671 , 115.4328,0.1519,16.5730 , 0.8784,0.6295,<LOD,0.9796,0.7961,<LOD,0.0000,0.0000,,,,339.3948 , 30.6555,0.3735,<LOD,3.1482,6.0837,<LOD,0.5846,0.2093,382753.2812 , 698.1959,36.8672,5.0190 , 1.6707,4.6961,<LOD,0.0000,0.0000,,,,8351.0254 , 33.6502,30.1338,50.0420 , 8.4648,4.3485,<LOD,4.6670,0.1897,<LOD,0.5454,1.6895,<LOD,1.5419,0.1828,139.1183 , 1.0093,19.1166,2.6780 , 0.9412,0.6120,591062.5625 , 2859.4404,<LOD,1.8404,0.2510,3.1939 , 0.4064,0.6194,5.7785 , 0.2474,1.2173,2.7193 , 0.5599,0.3779,<LOD,0.9104,0.4103,281.6738 , 15.4141,23.8417,89.5707 , 10.1675,0.2143,<LOD,33.5682,0.6565,121.7888 , 21.3266,0.2540,,,,,,8,406.000000,39.008297,-122.667267,10.000000,528808.312500,4317750.000000,
387,Mining,120.38,30.11,30.19,30.14,29.94,"Fri May 1, 2026 - 11:39:30",User,1.5,ppm,,,,,,,,,Mining,,,,,,,,,,,,<LOD,1.6880,0.7852,96291.2734 , 1552.8035,1.5397,<LOD,3.5849,0.1178,<LOD,1.4771,0.1472,<LOD,2.5592,1.4750,<LOD,58.5506,14.2232,85.7656 , 6.3196,3.2176,143.2762 , 5.0547,1.0087,41439.8516 , 172.8884,93.2747,<LOD,0.0000,0.0000,32678.6758 , 5034.3906,0.0892,473.5811 , 27.4778,1.3335,<LOD,1.1333,4.5851,6.0946 , 0.6273,3.0045,22.4468 , 5.1551,0.2442,1866.8330 , 251.9066,0.4199,12.3387 , 1.0938,0.3780,<LOD,1.5392,0.6056,<LOD,0.0000,0.0000,,,,5780.0464 , 88.3326,1.9074,<LOD,4.8423,4.2671,<LOD,0.9513,0.2214,253698.0312 , 749.7001,17.8549,12.8071 , 2.6076,3.4566,<LOD,0.0000,0.0000,,,,6431.5371 , 45.4150,17.5552,161.0915 , 12.9260,3.2075,<LOD,7.7073,0.2100,14.6306 , 0.7099,2.4119,76.3572 , 3.4645,0.8691,116.2278 , 1.3580,12.4498,2.1319 , 1.1303,0.3424,520686.6875 , 5911.5752,36.3533 , 2.6920,0.5293,45.0121 , 1.1307,2.1356,292.3234 , 1.5937,16.2497,3.8115 , 0.8425,0.3302,2.8000 , 1.1469,0.6295,366.7760 , 24.1264,17.0095,26984.0723 , 188.3631,28.6160,<LOD,51.4727,0.8398,12269.1719 , 144.6455,5.8326,,,,,,7,402.799988,39.008095,-122.667580,10.000000,528781.312500,4317727.500000,
388,Mining,120.72,30.16,30.05,30.25,30.26,"Fri May 1, 2026 - 11:41:48",User,1.5,ppm,,,,,,,,,Mining,,,,,,,,,,,,<LOD,1.6960,0.8271,99809.9922 , 1422.2947,1.5933,<LOD,3.4516,0.1200,<LOD,1.3486,0.1342,<LOD,2.3318,1.4326,<LOD,55.8407,13.7330,80.5935 , 5.9743,3.2062,135.3353 , 4.8848,1.0286,38001.3906 , 159.8091,89.8545,<LOD,0.0000,0.0000,23660.5820 , 4527.6445,0.0802,456.8047 , 26.7446,1.3396,<LOD,1.1691,4.9245,5.5957 , 0.6121,3.1522,26.6924 , 5.0894,0.2786,1861.2506 , 241.2991,0.4252,12.8506 , 1.0749,0.4006,<LOD,1.3891,0.5784,<LOD,0.0000,0.0000,,,,5469.6846 , 84.1467,1.9025,<LOD,4.4703,4.2745,<LOD,0.8831,0.2042,250724.9062 , 726.6445,18.4241,13.0536 , 2.4251,3.5288,<LOD,0.0000,0.0000,,,,6081.0884 , 43.0167,17.4727,159.6991 , 12.3003,3.2344,<LOD,7.6753,0.2275,12.1396 , 0.6735,2.3801,81.0915 , 3.4737,0.9544,107.6427 , 1.2915,12.4826,<LOD,2.3442,0.3350,533725.9375 , 5300.7998,30.3752 , 2.5362,0.5078,42.0866 , 1.0855,2.1563,274.9554 , 1.5095,16.3463,4.1029 , 0.7945,0.3330,3.2630 , 1.1135,0.6523,301.7582 , 22.1238,16.6759,27349.2949 , 183.9442,30.3813,<LOD,49.0076,0.8395,11567.7725 , 136.6705,5.7685,,,,,,6,401.700012,39.008087,-122.667587,10.000000,528781.125000,4317726.500000,
389,Mining,120.47,30.04,30.00,30.23,30.20,"Fri May 1, 2026 - 11:45:15",User,1.5,ppm,,,,,,,,,Mining,,,,,,,,,,,,<LOD,2.4721,0.7559,75371.7500 , 1368.9072,1.2075,<LOD,4.1731,0.1268,<LOD,1.6155,0.1394,<LOD,2.6693,1.3381,<LOD,65.7011,15.0348,109.2624 , 6.8527,3.2215,122.2967 , 5.1114,0.8250,48068.1055 , 169.3755,99.6516,<LOD,0.0000,0.0000,20353.1211 , 4683.0225,0.0693,523.5909 , 30.1590,1.3586,<LOD,1.3718,4.4086,7.0062 , 0.6997,2.8903,42.5870 , 5.9769,0.2656,1892.1244 , 248.2420,0.3982,12.7818 , 1.1951,0.3570,<LOD,1.5966,0.5435,<LOD,0.0000,0.0000,,,,4836.6260 , 80.7866,1.5674,<LOD,5.0614,3.8901,<LOD,1.0181,0.1922,202934.1250 , 653.0046,12.8015,14.1233 , 2.7236,3.1449,<LOD,0.0000,0.0000,,,,7062.8555 , 48.4990,17.8716,182.9839 , 14.1803,3.2758,<LOD,8.6600,0.2109,18.5978 , 0.8012,2.4264,79.5060 , 3.7981,0.8330,127.7954 , 1.4840,12.0365,3.4239 , 1.2696,0.3549,593581.6875 , 5539.7261,101.2264 , 4.0522,0.9977,46.7181 , 1.2566,2.0253,311.3318 , 1.6814,15.4800,4.4654 , 0.9219,0.3118,6.1312 , 1.4072,0.7362,395.0097 , 25.2299,15.5842,32235.1094 , 206.4400,31.7574,<LOD,50.9017,0.8178,11555.7012 , 146.4203,5.2315,,,,,,5,401.600006,39.008038,-122.667686,10.000000,528772.687500,4317721.000000,
390,Mining,120.00,30.25,30.07,30.07,29.61,"Fri May 1, 2026 - 11:47:34",User,1.5,ppm,,,,,,,,,Mining,,,,,,,,,,,,<LOD,1.6340,0.7275,71357.7031 , 1330.6399,1.1489,<LOD,4.5191,0.1790,<LOD,1.5215,0.1477,<LOD,2.4392,1.3205,<LOD,56.2622,12.0376,80.5092 , 6.1060,2.9634,222.4454 , 6.0150,1.3524,36960.8867 , 140.9369,77.7406,<LOD,0.0000,0.0000,21109.9863 , 4642.8774,0.0694,415.7097 , 26.6084,1.1421,<LOD,1.1606,4.4121,4.9708 , 0.6505,2.9543,28.0708 , 5.2993,0.2762,2008.3302 , 261.1172,0.4067,15.6821 , 1.1731,0.4124,<LOD,1.4728,0.5467,<LOD,0.0000,0.0000,,,,4861.3662 , 83.8940,1.5523,<LOD,4.6196,3.8322,<LOD,1.0131,0.2248,201648.3750 , 670.3796,12.4553,15.2841 , 2.5069,3.1685,<LOD,0.0000,0.0000,,,,5436.7168 , 40.4047,13.9329,154.4524 , 11.9253,2.6711,<LOD,0.0000,0.2078,17.4221 , 0.7281,2.4170,102.9834 , 3.9633,1.0933,106.6569 , 1.2722,10.7343,2.0800 , 1.2290,0.3891,621748.1250 , 5430.4824,198.8880 , 4.9739,1.8784,36.8241 , 1.1324,1.8396,235.5425 , 1.3763,12.7212,3.3831 , 0.8392,0.2988,10.5433 , 1.4698,0.9512,339.8419 , 22.9455,15.2515,20413.7832 , 159.2250,20.0069,<LOD,54.3129,0.8596,12463.4131 , 141.3320,5.3827,,,,,,4,416.000000,39.007965,-122.667702,10.000000,528770.812500,4317713.000000,
391,Mining,120.34,30.10,30.04,30.01,28.32,"Fri May 1, 2026 - 11:50:57",User,1.5,ppm,,,,,,,,,Mining,,,,,,,,,,,,<LOD,1.5500,0.7295,130634.7344 , 1912.1178,2.0362,<LOD,2.9596,0.0885,<LOD,1.1785,0.1033,<LOD,2.3058,1.3114,<LOD,52.8629,11.9870,80.3832 , 5.7105,2.7989,29.5585 , 3.0850,0.4120,34280.8594 , 165.2507,76.8995,<LOD,0.0000,0.0000,30501.1367 , 5246.3936,0.0921,447.8620 , 25.8961,1.2167,<LOD,1.0205,4.1742,1.8933 , 0.5596,2.6616,<LOD,9.5752,0.2085,1170.6541 , 220.3494,0.2841,6.7787 , 0.9136,0.2910,<LOD,1.3235,0.4869,<LOD,0.0000,0.0000,,,,2750.9424 , 70.6306,1.0739,<LOD,4.3891,3.8469,<LOD,0.7905,0.1690,283671.2188 , 841.3604,20.4373,8.2731 , 2.3641,3.1125,<LOD,0.0000,0.0000,,,,6316.4268 , 44.7133,17.1927,165.8328 , 12.3804,3.1433,<LOD,6.5160,0.1651,9.7510 , 0.6153,2.0122,41.3426 , 2.6943,0.5769,88.0051 , 1.1758,10.3026,<LOD,1.6214,0.2386,466051.9688 , 6321.4761,30.4114 , 2.3896,0.4640,34.1979 , 0.9801,1.7408,244.1219 , 1.4363,14.0728,4.9757 , 0.7276,0.2948,3.3737 , 1.0497,0.5858,283.4840 , 21.7423,15.0784,33758.2148 , 207.7854,35.9627,<LOD,54.5638,0.8451,9383.6152 , 126.3017,4.6371,,,,,,5,412.100006,39.008110,-122.667625,10.000000,528777.687500,4317729.000000,
392,Mining,120.71,30.00,30.23,30.23,30.25,"Fri May 1, 2026 - 11:54:01",User,1.5,ppm,,,,,,,,,Mining,,,,,,,,,,,,2.5325 , 1.1709,0.6147,45119.4258 , 1341.6553,0.7514,<LOD,3.2246,0.0691,<LOD,1.3480,0.0888,<LOD,2.4558,0.9575,<LOD,52.6296,7.4092,48.2607 , 5.2041,1.7180,17.6285 , 3.1427,0.2785,28401.8359 , 116.9136,47.5445,<LOD,0.0000,0.0000,<LOD,9554.0046,0.0426,338.0991 , 26.1571,0.7723,<LOD,1.0893,3.2977,2.0847 , 0.6017,2.1423,<LOD,6.7107,0.1329,951.1150 , 211.8539,0.1697,5.9388 , 0.9739,0.2176,<LOD,1.3634,0.3305,<LOD,0.0000,0.0000,,,,1390.3779 , 66.2668,0.6303,<LOD,4.7566,2.9567,<LOD,0.8366,0.1228,176433.2031 , 681.4757,8.4700,<LOD,6.1839,2.3005,<LOD,0.0000,0.0000,,,,4625.2056 , 36.5294,9.4109,102.4839 , 10.6846,1.7109,<LOD,6.8430,0.1191,7.9222 , 0.6510,1.4950,27.2166 , 2.7201,0.3841,76.4614 , 1.1676,7.1225,<LOD,1.4169,0.1564,704267.1250 , 7259.6792,54.7682 , 3.0899,0.5258,32.3658 , 1.0108,1.2366,216.2341 , 1.3321,9.6490,2.4239 , 0.7655,0.1987,<LOD,1.6325,0.4084,193.1385 , 22.8441,10.5064,27694.0742 , 176.8397,21.5882,<LOD,67.5429,0.9247,7462.8716 , 116.2283,2.7524,,,,,,4,408.399994,39.008129,-122.667389,10.000000,528798.312500,4317731.500000,
393,Mining,126.05,35.58,30.01,30.20,30.26,"Fri May 1, 2026 - 11:56:22",User,1.5,ppm,,,,,,,,,Mining,,,,,,,,,,,,<LOD,2.0646,0.5711,44733.8477 , 1201.3204,0.7442,<LOD,3.1386,0.0659,<LOD,1.2530,0.0770,<LOD,2.5583,0.9730,<LOD,51.4232,7.0450,47.4114 , 5.2857,1.6962,11.8062 , 2.9889,0.2528,27500.8672 , 110.7637,45.4087,<LOD,0.0000,0.0000,<LOD,7008.9705,0.0402,348.2217 , 26.1393,0.7686,<LOD,1.0913,3.2322,<LOD,1.1392,2.0527,<LOD,6.5716,0.1291,911.0426 , 212.0248,0.1680,5.6472 , 0.9574,0.2113,<LOD,1.3655,0.3068,<LOD,0.0000,0.0000,,,,1650.8313 , 68.3575,0.6738,<LOD,4.9118,2.9461,<LOD,0.8215,0.1193,174743.0625 , 671.8631,8.2582,5.6448 , 2.6126,2.2828,<LOD,0.0000,0.0000,,,,4610.4048 , 36.4617,9.1839,107.5318 , 10.8089,1.6791,<LOD,6.8064,0.1184,7.8331 , 0.6398,1.4560,26.3551 , 2.6550,0.3677,74.1926 , 1.1481,6.9592,<LOD,1.3731,0.1443,709368.8125 , 5472.3491,24.8388 , 2.4350,0.3163,29.4780 , 0.9815,1.1678,217.7041 , 1.3141,9.6007,4.1161 , 0.7595,0.2101,1.8610 , 1.0769,0.4094,190.3121 , 23.5185,10.3723,27448.1602 , 177.7493,21.0829,<LOD,67.3150,0.9145,7463.8599 , 118.1589,2.7127,,,,,,4,403.100006,39.008053,-122.667610,10.000000,528779.312500,4317723.000000,
394,Mining,126.13,35.72,30.21,30.14,30.06,"Fri May 1, 2026 - 11:59:42",User,1.5,ppm,,,,,,,,,Mining,,,,,,,,,,,,<LOD,1.5344,0.7347,127861.8125 , 1747.3325,2.0160,<LOD,3.3015,0.1074,<LOD,1.3382,0.1306,<LOD,2.3121,1.3556,<LOD,60.5210,17.3417,88.3493 , 6.2063,3.2850,12.9202 , 2.8003,0.3353,48211.2266 , 211.5504,114.6431,<LOD,0.0000,0.0000,33002.7148 , 5127.8018,0.0988,534.2018 , 27.6551,1.5456,<LOD,1.0430,4.2919,4.2662 , 0.5734,2.7910,16.7961 , 4.9655,0.2045,2460.9182 , 271.7107,0.5301,6.4173 , 0.9446,0.3035,<LOD,1.3710,0.5425,<LOD,0.0000,0.0000,,,,11304.3018 , 118.2199,3.6589,<LOD,4.4441,4.0714,<LOD,0.8529,0.1900,289608.8125 , 811.7868,22.3264,14.3401 , 2.4042,3.3340,<LOD,0.0000,0.0000,,,,6387.4053 , 46.4812,18.5060,147.9696 , 12.8579,3.3164,<LOD,7.0298,0.1894,10.0361 , 0.6377,2.0844,38.8726 , 2.7387,0.5876,103.9226 , 1.2657,11.3738,1.7447 , 0.9897,0.2891,442893.5312 , 6031.1206,104.0777 , 3.7134,1.1441,39.5176 , 1.0454,1.9045,246.1424 , 1.4684,14.1731,4.3833 , 0.7748,0.3057,<LOD,1.7049,0.6471,332.1526 , 22.1267,16.0867,27114.4531 , 192.9428,30.4825,<LOD,49.0702,0.8138,9448.7139 , 130.6862,4.8364,,,,,,8,402.700012,39.008141,-122.667564,10.000000,528782.750000,4317732.500000,
395,Mining,120.32,30.06,30.01,30.21,30.04,"Fri May 1, 2026 - 12:01:59",User,1.5,ppm,,,,,,,,,Mining,,,,,,,,,,,,<LOD,1.5519,0.7614,119674.3281 , 1598.5555,1.8953,<LOD,3.6172,0.1261,<LOD,1.4429,0.1474,<LOD,2.3251,1.3911,<LOD,62.1939,17.9303,87.3314 , 6.1695,3.2994,9.9476 , 2.8165,0.3293,49340.5391 , 204.8675,119.7197,<LOD,0.0000,0.0000,23378.9902 , 4795.7559,0.0867,488.0853 , 27.5647,1.5073,<LOD,1.0732,4.4267,4.1117 , 0.5879,2.8483,29.6908 , 5.2205,0.2321,2244.7595 , 261.3632,0.5017,6.9388 , 0.9759,0.3145,<LOD,1.3399,0.5215,<LOD,0.0000,0.0000,,,,10937.7988 , 115.1178,3.6169,<LOD,4.3884,3.9729,<LOD,0.8708,0.1917,275747.5938 , 774.1469,21.4149,14.1102 , 2.3930,3.3319,<LOD,0.0000,0.0000,,,,6425.2471 , 45.6606,18.8578,157.2562 , 12.8716,3.3916,<LOD,0.0000,0.1903,9.5338 , 0.6458,2.0765,35.1979 , 2.7272,0.5762,100.5479 , 1.2631,11.1964,1.2826 , 1.0164,0.2938,474224.6250 , 5591.1035,124.3393 , 4.0318,1.3608,37.2602 , 1.0490,1.8420,235.0314 , 1.4344,13.7897,2.9631 , 0.7964,0.2969,<LOD,1.7769,0.6788,299.5105 , 21.8500,15.7184,26937.5879 , 190.6719,30.8260,<LOD,48.8475,0.8397,9445.3760 , 130.1376,4.8931,,,,,,6,402.000000,39.008137,-122.667572,10.000000,528782.562500,4317732.000000,
396,Mining,126.40,35.74,30.21,30.18,30.27,"Fri May 1, 2026 - 12:06:00",User,1.5,ppm,,,,,,,,,Mining,,,,,,,,,,,,<LOD,1.8133,0.6865,141395.4375 , 2342.6409,2.1831,<LOD,3.4715,0.0856,<LOD,1.4386,0.1084,<LOD,2.7015,1.2317,<LOD,63.6423,13.3113,87.3727 , 6.0542,2.5943,35.9654 , 3.5969,0.3974,44469.4375 , 200.1765,87.4043,<LOD,0.0000,0.0000,35941.6484 , 5750.9590,0.0974,659.9274 , 31.8985,1.4298,<LOD,1.1900,3.8940,4.9028 , 0.6518,2.4933,30.0147 , 5.6544,0.2293,1294.2985 , 218.1127,0.2627,9.0173 , 1.0802,0.2857,<LOD,1.6506,0.5279,<LOD,0.0000,0.0000,,,,2976.0215 , 70.8827,1.0137,<LOD,5.2019,3.6903,<LOD,0.9333,0.1657,313604.4375 , 828.8081,20.6273,16.8737 , 2.8427,3.1333,<LOD,0.0000,0.0000,,,,6430.8525 , 46.2850,15.4438,130.6758 , 12.6884,2.6955,<LOD,7.9082,0.1716,16.8901 , 0.7604,2.1482,54.4906 , 3.2498,0.5948,113.1197 , 1.4429,10.7058,<LOD,2.3256,0.2381,404539.7500 , 7591.1162,19.0347 , 2.4154,0.3204,41.6100 , 1.1629,1.7348,313.7798 , 1.7927,14.9886,4.7633 , 0.8566,0.2763,3.8528 , 1.2012,0.5393,445.5186 , 26.5603,15.8436,37866.6992 , 223.0402,35.9514,<LOD,52.7435,0.7228,9493.5684 , 131.1084,4.2353,,,,,,6,401.299988,39.008064,-122.667580,10.000000,528781.625000,4317724.000000,
397,Mining,120.51,30.22,30.25,30.00,27.63,"Fri May 1, 2026 - 12:08:15",User,1.5,ppm,,,,,,,,,Mining,,,,,,,,,,,,<LOD,1.7013,0.7584,156665.5000 , 2520.2407,2.4265,<LOD,3.4239,0.0950,<LOD,1.4134,0.1194,<LOD,2.5284,1.3600,<LOD,60.9640,13.7094,78.8598 , 5.4349,2.5043,39.9574 , 3.5427,0.4384,42558.6406 , 228.2365,90.1384,<LOD,0.0000,0.0000,45212.6758 , 6298.7544,0.1143,578.9952 , 29.9068,1.4015,<LOD,1.1148,3.8945,3.2932 , 0.6134,2.5167,25.5916 , 5.3207,0.2264,1624.6248 , 259.1465,0.3417,8.9924 , 1.0409,0.3026,<LOD,1.4704,0.5203,<LOD,0.0000,0.0000,,,,4763.7319 , 92.0270,1.5640,<LOD,4.8078,3.9703,<LOD,0.9163,0.1819,335651.3125 , 981.9183,23.9470,14.6063 , 2.6096,3.2885,<LOD,0.0000,0.0000,,,,5601.5869 , 42.8757,14.4550,120.0158 , 11.3068,2.5523,<LOD,7.7553,0.1885,15.2763 , 0.7192,2.1885,46.7751 , 3.0190,0.5828,102.5908 , 1.3745,10.6813,<LOD,1.5456,0.2368,364382.1250 , 7962.7778,31.3451 , 2.6413,0.4482,39.2877 , 1.1145,1.7893,288.3703 , 1.7792,15.0196,4.1818 , 0.8256,0.2877,3.8994 , 1.1668,0.5780,352.2203 , 24.0830,15.8475,33527.6211 , 212.9691,33.9561,<LOD,57.0952,0.7726,8257.8857 , 118.7316,3.9405,,,,,,6,401.000000,39.008068,-122.667580,10.000000,528781.625000,4317724.500000,
398,Mining,126.14,35.57,30.25,30.07,30.25,"Fri May 1, 2026 - 12:14:50",User,1.5,ppm,,,,,,,,,Mining,,,,,,,,,,,,<LOD,1.7784,0.7556,77623.8516 , 1294.7554,1.2906,<LOD,3.0043,0.0855,<LOD,1.3285,0.1233,<LOD,2.3397,1.3152,<LOD,52.4505,11.0346,69.3701 , 5.1812,2.6439,66.5587 , 3.8378,0.5939,34973.6250 , 133.6140,74.8854,<LOD,0.0000,0.0000,6689.8682 , 4199.7310,0.0602,32.0051 , 18.7387,0.5901,<LOD,1.0486,4.1952,1.9685 , 0.5687,2.6078,23.5763 , 4.5448,0.1941,5542.0562 , 395.4933,0.9792,10.5233 , 0.9941,0.3242,<LOD,1.3603,0.5017,<LOD,0.0000,0.0000,,,,18009.5723 , 146.7525,4.8219,<LOD,4.4446,3.8411,<LOD,0.7943,0.1590,294687.8438 , 735.2106,19.4918,13.8283 , 2.4242,3.2168,<LOD,0.0000,0.0000,,,,2192.7642 , 26.6196,6.0815,111.1507 , 8.2559,1.5141,<LOD,6.6848,0.1617,8.4296 , 0.5983,1.7965,20.5348 , 2.3482,0.4076,64.4246 , 1.0104,7.5289,<LOD,2.3711,0.2850,545379.3125 , 5001.2056,21.0450 , 2.2267,0.3690,26.5090 , 0.8931,1.3575,169.2327 , 1.1228,9.4790,<LOD,1.7166,0.2374,3.1056 , 0.9881,0.4877,267.7417 , 21.8673,14.8034,4506.3389 , 74.8346,4.5596,<LOD,51.8753,0.7672,9484.7539 , 115.1958,3.9292,,,,,,9,403.000000,39.008133,-122.666908,10.000000,528839.875000,4317732.000000,
399,Mining,126.23,35.67,30.02,30.21,30.33,"Fri May 1, 2026 - 12:17:29",User,1.5,ppm,,,,,,,,,Mining,,,,,,,,,,,,<LOD,1.6208,0.7195,145700.2031 , 2129.5920,2.2672,<LOD,2.9741,0.0827,<LOD,1.2766,0.1126,<LOD,2.4344,1.3210,<LOD,52.6784,10.8872,81.6210 , 5.8283,2.6753,22.4742 , 3.0066,0.3625,33041.3359 , 170.8826,70.2367,<LOD,0.0000,0.0000,40388.1328 , 5523.0088,0.1077,476.3678 , 26.7819,1.1904,<LOD,1.0490,4.0843,2.7596 , 0.5735,2.5920,13.4971 , 4.7060,0.2223,1540.9843 , 229.9758,0.3200,6.5195 , 0.9209,0.2741,<LOD,1.4209,0.5088,<LOD,0.0000,0.0000,,,,6378.6250 , 94.6253,2.0064,<LOD,4.6320,3.8711,<LOD,0.8314,0.1766,320712.3125 , 875.5582,22.9466,11.0629 , 2.5050,3.1710,<LOD,0.0000,0.0000,,,,5834.3804 , 44.2163,15.0526,142.0566 , 12.1024,2.7302,<LOD,6.9428,0.1737,13.6861 , 0.6600,2.1541,41.1114 , 2.7275,0.5481,90.1270 , 1.2160,10.0784,<LOD,1.3615,0.2103,397077.2188 , 6919.4082,10.4560 , 1.9790,0.2771,35.8127 , 1.0089,1.7263,258.7522 , 1.5333,14.1750,3.1615 , 0.7403,0.2673,3.5163 , 1.0414,0.5395,316.5224 , 23.0655,15.3889,37428.8828 , 225.8055,37.9878,<LOD,53.1484,0.8094,10368.4131 , 134.5922,4.8819,,,,,,10,403.299988,39.008137,-122.666908,10.000000,528840.000000,4317732.500000,
400,Mining,125.94,35.61,30.25,30.02,30.06,"Fri May 1, 2026 - 12:20:49",User,1.5,ppm,,,,,,,,,Mining,,,,,,,,,,,,<LOD,1.5880,0.6899,126691.5312 , 2045.3077,2.0341,<LOD,3.2478,0.0930,<LOD,1.4098,0.1289,<LOD,2.4134,1.2989,<LOD,58.9424,9.6999,69.3533 , 5.3873,2.4573,30.1082 , 3.2200,0.3889,30175.4590 , 152.4348,61.2585,<LOD,0.0000,0.0000,27706.5449 , 5408.4902,0.0902,445.6554 , 26.7560,1.0824,<LOD,1.6520,4.2327,5.1108 , 0.6026,2.7056,<LOD,6.8498,0.1928,1910.5852 , 267.7285,0.3690,7.0833 , 0.9529,0.2756,<LOD,1.4574,0.5392,<LOD,0.0000,0.0000,,,,8877.6025 , 113.9583,2.4685,<LOD,4.5852,3.7813,<LOD,0.8757,0.1811,391305.8750 , 924.0602,27.6503,15.7856 , 2.5137,3.2280,<LOD,0.0000,0.0000,,,,4381.7881 , 35.9991,10.8267,144.4817 , 10.4008,2.1583,<LOD,7.3695,0.1843,14.4666 , 0.6807,2.1589,37.2876 , 2.7269,0.5126,97.1127 , 1.2566,10.2594,<LOD,2.2383,0.2391,371952.4375 , 6852.2749,12.1179 , 2.1126,0.2965,37.3158 , 1.0468,1.7528,259.4953 , 1.5209,13.7961,2.6876 , 0.7877,0.2740,4.7369 , 1.0865,0.5524,354.1290 , 23.0999,15.6873,25298.8477 , 175.0514,24.1436,<LOD,56.6641,0.7808,10162.4180 , 125.5586,4.3557,,,,,,10,403.700012,39.008141,-122.666901,10.000000,528840.312500,4317732.500000,
401,Mining,120.36,30.21,30.19,30.02,29.94,"Fri May 1, 2026 - 12:23:13",User,1.5,ppm,,,,,,,,,Mining,,,,,,,,,,,,<LOD,1.6543,0.7252,136822.5938 , 2187.5515,2.1782,<LOD,3.4988,0.1035,<LOD,1.4258,0.1260,<LOD,2.4007,1.2284,<LOD,54.1104,10.1642,66.6553 , 5.5941,2.5007,25.7009 , 3.1948,0.3668,31580.0527 , 169.8917,64.5248,<LOD,0.0000,0.0000,36525.1406 , 5721.8486,0.1012,493.5805 , 28.1908,1.1629,<LOD,1.4656,4.1621,5.0924 , 0.6145,2.6757,<LOD,9.9154,0.2057,1584.3684 , 246.3566,0.3148,7.4304 , 0.9840,0.2805,<LOD,1.4554,0.5167,<LOD,0.0000,0.0000,,,,6911.0522 , 103.2062,2.0404,<LOD,4.6622,3.7944,<LOD,0.9112,0.1852,387931.4375 , 964.9867,28.0743,16.7773 , 2.5426,3.1834,<LOD,0.0000,0.0000,,,,5663.9351 , 42.8148,14.0930,130.4439 , 11.5848,2.5430,<LOD,7.2400,0.1699,14.7774 , 0.7001,2.1730,38.1541 , 2.7985,0.5170,97.8648 , 1.2988,10.2781,<LOD,1.4556,0.2154,347534.4062 , 7242.2109,17.0125 , 2.2543,0.3303,38.2750 , 1.0815,1.7809,259.0789 , 1.5883,13.7578,3.2597 , 0.8102,0.2814,4.2604 , 1.1121,0.5508,387.6142 , 23.5444,15.7977,33005.0430 , 208.7086,32.3147,<LOD,55.4952,0.7537,10835.9883 , 133.6420,4.8378,,,,,,10,403.799988,39.008148,-122.666901,10.000000,528840.312500,4317733.500000,
402,Mining,120.34,30.28,30.23,30.17,29.66,"Fri May 1, 2026 - 12:26:14",User,1.5,ppm,,,,,,,,,Mining,,,,,,,,,,,,<LOD,1.4804,0.6961,139123.2188 , 2004.1730,2.1612,<LOD,3.1220,0.1024,<LOD,1.2178,0.1137,<LOD,2.2131,1.2673,<LOD,47.9221,9.5279,65.5513 , 5.0991,2.4905,13.2979 , 2.7261,0.3286,27518.1016 , 146.3791,60.6719,<LOD,0.0000,0.0000,36860.3398 , 5343.2964,0.1033,283.0818 , 22.8859,0.9118,<LOD,1.0265,4.3987,2.9843 , 0.5618,2.7911,<LOD,6.3340,0.1977,1773.7446 , 240.9609,0.3342,6.6177 , 0.8915,0.2859,<LOD,1.2998,0.4934,<LOD,0.0000,0.0000,,,,11720.3096 , 126.5658,3.5067,<LOD,4.2205,3.7638,<LOD,0.7854,0.1675,296117.7188 , 858.0496,21.0844,17.9219 , 2.3067,3.1604,<LOD,0.0000,0.0000,,,,4760.5723 , 37.4531,12.8564,146.4719 , 10.4998,2.4999,<LOD,6.2710,0.1569,12.3789 , 0.6283,2.1827,25.0891 , 2.3400,0.4457,85.3334 , 1.1523,10.2142,<LOD,1.2913,0.2027,442650.2188 , 6597.0981,13.9259 , 1.9943,0.3213,32.8144 , 0.9593,1.7269,238.9106 , 1.4200,14.0067,3.2292 , 0.7121,0.2783,4.2609 , 1.0215,0.5786,316.3843 , 20.9994,15.0891,28557.2012 , 183.9207,29.5240,<LOD,52.2306,0.7614,9650.2920 , 120.8592,4.5815,,,,,,10,403.500000,39.008148,-122.666901,10.000000,528840.312500,4317733.500000,
403,Mining,34.76,30.25,4.51,,,"Fri May 1, 2026 - 12:26:59",User,1.5,ppm,,,,,,,,,Mining,,,,,,,,,,,,<LOD,7.1550,28.2038,,,,<LOD,3.5369,0.0881,<LOD,1.4526,0.1092,<LOD,7.7667,28.1548,<LOD,57.4194,10.0819,41.4734 , 28.7399,0.4335,14.3506 , 3.2172,0.3085,35072.1992 , 117.7225,64.5463,<LOD,0.0000,0.0000,,,,451.2699 , 28.6603,1.0575,<LOD,1.2103,4.0936,3.2436 , 0.6629,2.6090,<LOD,11.5259,0.2012,,,,6.8831 , 1.0346,0.2600,<LOD,7.8768,31.2545,<LOD,0.0000,0.0000,,,,,,,<LOD,13.5594,29.5349,<LOD,0.9574,0.1739,,,,<LOD,9.3534,24.3481,<LOD,0.0000,0.0000,,,,5894.5083 , 171.6859,2.1520,105.9579 , 59.9944,0.7489,<LOD,7.6669,0.1580,12.9405 , 0.7362,2.0283,36.8864 , 2.8513,0.4472,99.8910 , 1.3606,10.3357,<LOD,1.5457,0.2053,957903.3125 , 321.4834,11.1741 , 2.2358,0.2666,37.7400 , 1.1567,1.7244,297.7053 , 1.5787,14.8440,4.1376 , 0.8555,0.2737,6.3743 , 1.2472,0.5852,,,,,,,,,,,,,,,,,,10,403.399994,39.008152,-122.666901,10.000000,528840.312500,4317734.000000,
404,Mining,126.20,35.67,30.18,30.14,30.21,"Fri May 1, 2026 - 12:32:15",User,1.5,ppm,,,,,,,,,Mining,,,,,,,,,,,,<LOD,1.6525,0.6969,149379.1719 , 2309.3057,2.3174,<LOD,3.2969,0.0904,<LOD,1.2853,0.1010,<LOD,2.4539,1.2492,<LOD,55.1175,10.6237,71.4072 , 5.5867,2.5037,7.0109 , 2.7723,0.2728,33956.0430 , 176.4711,69.0936,<LOD,0.0000,0.0000,36392.0273 , 5723.6133,0.1043,565.7488 , 29.3293,1.2745,<LOD,1.0978,3.9248,3.3734 , 0.6058,2.5483,11.4086 , 4.8078,0.1981,1671.5825 , 247.0534,0.3333,5.8626 , 0.9491,0.2573,<LOD,1.4471,0.4917,<LOD,0.0000,0.0000,,,,8931.7803 , 112.4418,2.5888,<LOD,4.6758,3.6870,<LOD,0.8863,0.1757,328998.8750 , 885.5088,22.8018,16.7318 , 2.5419,3.0619,<LOD,0.0000,0.0000,,,,6248.7900 , 44.6737,15.4770,139.1574 , 11.9859,2.7485,<LOD,6.9006,0.1518,13.2220 , 0.6893,2.0704,33.3520 , 2.6736,0.4672,98.1608 , 1.3041,10.2356,<LOD,1.7270,0.2090,385268.7500 , 7366.3306,7.6176 , 1.9549,0.2384,39.8948 , 1.1045,1.8332,268.4067 , 1.6150,13.9954,4.5443 , 0.7802,0.2745,6.1874 , 1.1335,0.5680,379.2908 , 23.5129,15.1650,36455.5898 , 216.7209,35.6038,<LOD,54.3309,0.7657,11026.0312 , 133.5134,4.9454,,,,,,6,395.399994,39.008183,-122.666885,10.000000,528841.437500,4317737.500000,
405,Mining,120.33,30.04,30.13,30.00,28.96,"Fri May 1, 2026 - 12:35:48",User,1.5,ppm,,,,,,,,,Mining,,,,,,,,,,,,<LOD,1.6767,0.7383,100876.8672 , 1664.4780,1.5936,<LOD,3.3930,0.0954,<LOD,1.4694,0.1318,<LOD,2.4933,1.3275,<LOD,59.5537,13.1569,72.3802 , 6.0057,2.9484,150.5560 , 5.3047,1.0062,40158.7266 , 167.9139,86.3115,<LOD,0.0000,0.0000,22156.2793 , 5055.4824,0.0792,536.6140 , 29.2240,1.3523,<LOD,1.1588,4.3746,4.0029 , 0.6354,2.7970,23.1376 , 5.2918,0.2384,2376.7942 , 286.6144,0.4904,14.6548 , 1.1659,0.3897,<LOD,1.4471,0.5048,<LOD,0.0000,0.0000,,,,8505.4395 , 108.1840,2.5917,<LOD,4.6982,3.7810,<LOD,0.9381,0.1969,242263.9688 , 747.7167,16.3338,13.1785 , 2.5575,3.1639,<LOD,0.0000,0.0000,,,,6457.3521 , 44.8011,17.0672,182.0816 , 12.8087,3.2139,<LOD,8.1706,0.2137,16.3243 , 0.7458,2.4208,100.4496 , 3.9170,1.0057,108.9412 , 1.3561,11.3892,1.6411 , 1.1848,0.3334,532385.3125 , 6071.0747,<LOD,4.6282,0.2204,44.8482 , 1.1614,2.0655,281.0874 , 1.5850,14.9958,5.0793 , 0.8728,0.3346,4.9629 , 1.1447,0.5793,353.5974 , 23.6016,15.5485,28967.4062 , 189.1536,29.7737,<LOD,54.5613,0.8479,13938.3076 , 148.0263,6.3560,,,,,,6,402.299988,39.008213,-122.666924,10.000000,528838.562500,4317741.000000,
406,Mining,120.47,30.16,30.17,30.15,29.99,"Fri May 1, 2026 - 12:38:11",User,1.5,ppm,,,,,,,,,Mining,,,,,,,,,,,,<LOD,1.5895,0.6750,138860.9531 , 2243.7659,2.1575,<LOD,3.0615,0.0823,<LOD,1.3831,0.1236,<LOD,2.3924,1.2433,<LOD,55.7601,11.8456,77.3704 , 6.0055,2.7706,110.7160 , 4.5797,0.7891,36925.6367 , 184.6497,77.4909,<LOD,0.0000,0.0000,42723.8555 , 5877.6255,0.1082,480.1790 , 27.3337,1.2086,<LOD,1.0805,4.0480,4.3042 , 0.5968,2.6314,19.5544 , 4.9279,0.2205,1826.4069 , 257.1583,0.3630,16.1558 , 1.1328,0.3905,<LOD,1.4200,0.4977,<LOD,0.0000,0.0000,,,,6604.2939 , 100.1767,2.0185,<LOD,4.5736,3.6832,<LOD,0.8303,0.1614,306852.9062 , 883.6195,21.1512,13.9662 , 2.4866,3.0633,<LOD,0.0000,0.0000,,,,5885.1592 , 45.4206,15.2183,153.5727 , 12.4960,2.8418,<LOD,7.6275,0.1969,13.4774 , 0.6859,2.1644,79.4829 , 3.4714,0.8316,95.5575 , 1.2724,10.2714,3.3315 , 1.1926,0.3734,416711.7188 , 7363.1465,8.2243 , 2.0025,0.2581,41.7219 , 1.0841,1.8889,273.4462 , 1.6090,14.4831,3.5555 , 0.8017,0.2920,2.6501 , 1.0610,0.5235,334.6478 , 22.8988,14.8951,28825.5449 , 198.0938,28.5097,<LOD,55.7557,0.7988,13051.6357 , 148.4180,5.7933,,,,,,6,391.500000,39.008202,-122.666878,10.000000,528842.125000,4317739.500000,
407,Mining,126.06,35.62,30.28,30.16,30.00,"Fri May 1, 2026 - 12:41:19",User,1.5,ppm,,,,,,,,,Mining,,,,,,,,,,,,<LOD,1.6214,0.6911,146635.5938 , 2252.3994,2.2798,<LOD,3.2831,0.0912,<LOD,1.3257,0.1089,<LOD,2.4179,1.2479,<LOD,57.3703,12.0773,88.0743 , 6.0009,2.7537,92.2358 , 4.3834,0.6943,37740.1055 , 197.7395,79.3389,<LOD,0.0000,0.0000,53275.6133 , 5882.3198,0.1197,609.4541 , 29.9467,1.3979,<LOD,1.0851,3.8987,3.4110 , 0.5983,2.5277,19.5378 , 4.9995,0.2129,1030.4293 , 204.4530,0.2519,8.5794 , 0.9962,0.2882,<LOD,1.4001,0.4731,<LOD,0.0000,0.0000,,,,1214.6927 , 53.9442,0.6151,<LOD,4.6481,3.7651,<LOD,0.8495,0.1587,325980.2500 , 902.1156,23.2009,16.2839 , 2.5187,3.0954,<LOD,0.0000,0.0000,,,,6061.2451 , 46.1001,15.5335,153.3594 , 12.5176,2.8381,<LOD,7.8143,0.1988,13.5708 , 0.6896,2.0983,62.8176 , 3.2633,0.7055,95.7772 , 1.2904,10.0286,<LOD,2.0600,0.2420,375540.9688 , 7402.4521,7.6894 , 2.0433,0.2569,38.3280 , 1.0702,1.7529,252.1869 , 1.5818,13.3474,2.8533 , 0.7661,0.2548,2.9316 , 1.0647,0.5043,368.7808 , 23.2997,15.2424,40145.8711 , 237.8080,40.5478,<LOD,53.0440,0.7969,10539.3584 , 136.8830,4.9702,,,,,,8,403.299988,39.008183,-122.666939,10.000000,528837.250000,4317737.500000,
408,Mining,84.87,30.19,30.21,24.47,,"Fri May 1, 2026 - 12:43:18",User,1.5,ppm,,,,,,,,,Mining,,,,,,,,,,,,<LOD,2.1666,0.7116,,,,<LOD,3.8245,0.0934,<LOD,1.6448,0.1271,<LOD,3.2331,1.2852,<LOD,64.6112,12.4279,93.1454 , 6.6779,2.8118,76.9273 , 4.5890,0.5829,43748.0859 , 131.8753,81.2032,<LOD,0.0000,0.0000,,,,659.1165 , 32.8391,1.3795,<LOD,1.2795,4.0576,4.7437 , 0.7053,2.6353,19.9272 , 5.8049,0.2191,,,,16.2408 , 1.2670,0.3539,<LOD,1.9281,0.5207,<LOD,0.0000,0.0000,,,,,,,<LOD,6.1557,3.7456,<LOD,1.0196,0.1763,,,,15.2708 , 3.3464,3.1397,<LOD,0.0000,0.0000,,,,7069.5811 , 47.2085,16.6488,164.2561 , 14.0632,2.9726,<LOD,8.8468,0.1936,15.5304 , 0.8015,2.1496,71.9470 , 3.5831,0.6513,111.6755 , 1.4639,10.6768,<LOD,1.8630,0.2666,894758.0625 , 586.8425,11.6976 , 2.4154,0.2772,41.7347 , 1.2322,1.7796,301.7779 , 1.6503,14.5055,3.3965 , 0.9386,0.2847,4.9475 , 1.2814,0.5524,427.8890 , 31.1724,15.8422,40924.9844 , 218.8302,36.7480,,,,11459.0869 , 146.7559,5.0634,,,,,,8,403.100006,39.008179,-122.666931,10.000000,528837.812500,4317737.000000,
409,Mining,120.57,30.07,30.23,30.20,28.26,"Fri May 1, 2026 - 12:45:40",User,1.5,ppm,,,,,,,,,Mining,,,,,,,,,,,,<LOD,1.6257,0.6928,135388.4844 , 1925.8408,2.0955,<LOD,3.6903,0.1161,<LOD,1.5396,0.1484,<LOD,2.4577,1.2886,<LOD,66.0414,18.8466,83.5659 , 6.6389,3.2751,256.8728 , 6.4258,1.5197,54617.1172 , 219.4497,123.3998,<LOD,0.0000,0.0000,20237.3418 , 5086.1836,0.0805,516.1442 , 28.3417,1.4886,<LOD,1.1383,4.2491,4.4719 , 0.6234,2.7059,29.9023 , 5.7225,0.2517,1647.6462 , 244.4987,0.3790,29.0635 , 1.3870,0.5666,<LOD,1.4181,0.4857,<LOD,0.0000,0.0000,,,,3345.0493 , 73.1422,1.2250,<LOD,4.6760,3.7509,<LOD,0.9186,0.1845,276734.0938 , 795.6672,19.8744,17.8930 , 2.5582,3.1806,<LOD,0.0000,0.0000,,,,6340.3315 , 47.2949,17.3964,288.0939 , 14.3903,3.6872,<LOD,8.2160,0.2230,13.7104 , 0.7071,2.2003,116.6019 , 4.1340,1.1548,106.4357 , 1.3139,10.6344,2.5140 , 1.4146,0.4930,462384.3125 , 6262.9653,74.5852 , 3.4293,0.8228,39.3016 , 1.0966,1.8051,242.7236 , 1.4792,12.8618,3.4839 , 0.8691,0.3184,3.4125 , 1.1959,0.6222,368.1602 , 23.5581,15.4140,28120.7871 , 200.9165,30.0324,<LOD,50.9733,0.7783,8987.9082 , 133.2570,4.4265,,,,,,7,403.299988,39.008213,-122.666847,10.000000,528845.000000,4317741.000000,
410,Mining,120.66,30.05,30.12,30.26,28.13,"Fri May 1, 2026 - 12:48:49",User,1.5,ppm,,,,,,,,,Mining,,,,,,,,,,,,<LOD,1.6492,0.7220,128842.1250 , 2046.8372,2.0096,<LOD,3.1965,0.0865,<LOD,1.3989,0.1221,<LOD,2.4417,1.2788,<LOD,56.7088,11.7632,92.1042 , 5.9543,2.8020,61.9631 , 3.8967,0.5527,36634.3320 , 172.9288,76.5525,<LOD,0.0000,0.0000,27309.5078 , 5458.7666,0.0888,613.6590 , 29.9850,1.3983,<LOD,1.1130,4.1450,4.3456 , 0.6124,2.6728,14.8808 , 4.9834,0.2167,1443.4138 , 245.3172,0.3269,9.5325 , 1.0273,0.3085,<LOD,1.4044,0.4791,<LOD,0.0000,0.0000,,,,4693.8760 , 87.1961,1.5417,<LOD,4.7038,3.8538,<LOD,0.8717,0.1726,291499.3750 , 837.3986,20.1091,11.5637 , 2.5481,3.1764,<LOD,0.0000,0.0000,,,,6433.3315 , 44.9060,16.2399,163.5144 , 12.5116,2.9411,<LOD,7.7119,0.1945,14.1636 , 0.7016,2.1901,53.7797 , 3.0900,0.6374,100.3065 , 1.3078,10.6327,<LOD,1.7409,0.2472,451139.5312 , 6784.6426,3.6351 , 1.9308,0.2264,40.4359 , 1.0874,1.8385,280.2964 , 1.6102,14.7870,2.6982 , 0.7961,0.2725,2.4610 , 1.0759,0.5196,335.9775 , 23.5027,15.4821,39418.6992 , 224.5577,39.6970,<LOD,55.0829,0.7927,10780.5303 , 135.1680,5.0499,,,,,,8,411.399994,39.008202,-122.666931,10.000000,528837.687500,4317739.500000,
411,Mining,120.60,30.20,30.19,30.20,30.01,"Fri May 1, 2026 - 14:16:48",User,1.5,ppm,,,,,,,,,Mining,,,,,,,,,,,,<LOD,1.5383,0.7821,71940.9688 , 1107.5438,1.2195,<LOD,3.0793,0.0981,<LOD,1.3093,0.1298,<LOD,2.3178,1.4500,<LOD,55.0024,13.7368,49.9226 , 5.0455,2.5759,32.5880 , 3.1852,0.4467,38069.1602 , 137.1830,87.8496,<LOD,0.0000,0.0000,8134.3120 , 3692.2097,0.0544,491.9881 , 26.5885,1.3592,<LOD,1.0771,4.8569,5.3046 , 0.5864,3.0532,<LOD,10.5532,0.2313,1127.2687 , 189.7971,0.2494,12.7474 , 1.0405,0.3863,<LOD,1.3333,0.5393,<LOD,0.0000,0.0000,,,,5022.7148 , 78.1697,1.6376,<LOD,4.3985,4.2469,<LOD,0.8017,0.1741,303573.8438 , 703.1727,21.5751,16.0457 , 2.3804,3.4761,<LOD,0.0000,0.0000,,,,7427.6245 , 42.1631,20.6806,122.9485 , 11.7959,3.4407,<LOD,6.8518,0.1858,11.2065 , 0.6701,2.4120,45.0535 , 2.7577,0.6160,146.8361 , 1.2806,13.0577,3.6595 , 1.1123,0.3863,547443.9375 , 4315.7373,8.3800 , 1.9246,0.2858,59.0127 , 1.1624,2.7316,79.3318 , 0.7667,4.9519,6.0219 , 0.8039,0.3649,1.8343 , 0.9089,0.4487,328.1694 , 21.6963,16.5541,4405.0112 , 73.7798,4.8809,<LOD,46.6537,0.7621,11434.1094 , 123.2402,5.1151,,,,,,8,414.100006,39.008137,-122.666801,10.000000,528848.937500,4317732.500000,
412,Mining,126.16,35.77,30.06,30.16,30.17,"Fri May 1, 2026 - 14:19:12",User,1.5,ppm,,,,,,,,,Mining,,,,,,,,,,,,<LOD,1.4784,0.7558,75589.8203 , 1136.9873,1.2724,<LOD,2.8044,0.0850,<LOD,1.3006,0.1347,<LOD,2.2995,1.5076,<LOD,53.7995,13.7394,41.7752 , 4.8642,2.5040,37.0213 , 3.2203,0.4800,37472.1094 , 140.2001,88.7224,<LOD,0.0000,0.0000,17557.6289 , 3903.0664,0.0656,468.4951 , 25.8696,1.3452,<LOD,1.0460,4.9347,5.6561 , 0.5704,3.1291,<LOD,11.2798,0.2256,1191.4266 , 188.4724,0.2601,14.0759 , 1.0466,0.4118,<LOD,1.3222,0.5583,<LOD,0.0000,0.0000,,,,5601.4258 , 80.4859,1.8342,<LOD,4.2920,4.2284,<LOD,0.7770,0.1764,301160.8438 , 708.5281,21.8540,11.6620 , 2.3137,3.4279,<LOD,0.0000,0.0000,,,,7174.1211 , 41.2363,20.4368,140.4475 , 11.5711,3.4859,<LOD,6.8395,0.1950,11.4504 , 0.6615,2.4761,44.6202 , 2.7147,0.6271,142.6768 , 1.2550,13.0574,2.8816 , 1.1006,0.3902,538096.1250 , 4506.3311,10.5934 , 1.9536,0.3118,57.9764 , 1.1369,2.7463,75.5851 , 0.7433,4.8746,4.5478 , 0.7756,0.3479,<LOD,1.8457,0.4384,303.6595 , 21.1783,16.4696,3911.6934 , 69.3425,4.4685,<LOD,45.1745,0.7508,10871.6758 , 119.4888,4.9836,,,,,,8,413.899994,39.008137,-122.666801,10.000000,528848.812500,4317732.500000,
413,Mining,17.82,17.82,,,,"Fri May 1, 2026 - 14:20:27",User,1.5,ppm,,,,,,,,,Mining,,,,,,,,,,,,<LOD,9.7960,30.4824,,,,<LOD,4.9239,0.1001,<LOD,2.0473,0.1275,<LOD,10.6572,30.6299,<LOD,82.5390,13.0136,<LOD,76.6693,0.4811,<LOD,8.6172,0.2838,41137.7148 , 167.5062,82.8923,<LOD,0.0000,0.0000,,,,550.6685 , 40.4775,1.3247,<LOD,1.7440,5.2630,10.8754 , 0.9461,3.3056,<LOD,16.5881,0.2364,,,,16.4946 , 1.6709,0.3999,<LOD,10.8482,34.6087,<LOD,0.0000,0.0000,,,,,,,<LOD,18.5847,31.6683,<LOD,1.4007,0.2235,,,,<LOD,12.8232,26.2443,<LOD,0.0000,0.0000,,,,12800.8115 , 298.3910,4.5297,245.1234 , 96.7335,1.2810,<LOD,10.8124,0.1863,10.6190 , 1.0879,2.5155,45.5617 , 4.0164,0.5258,223.5912 , 2.2267,16.8762,7.1734 , 1.8340,0.4353,944804.6875 , 537.3648,5.7245 , 2.8787,0.2517,88.9062 , 2.0848,3.6645,43.1349 , 0.8807,2.6853,8.8785 , 1.3241,0.4147,<LOD,3.1878,0.4284,,,,,,,,,,,,,,,,,,9,413.799988,39.008137,-122.666801,10.000000,528848.812500,4317732.500000,
414,Mining,1.83,1.83,,,,"Fri May 1, 2026 - 14:20:33",User,1.5,ppm,,,,,,,,,Mining,,,,,,,,,,,,<LOD,191.6241,27.0628,,,,<LOD,209.9582,0.3120,<LOD,3.8530,-0.0009,<LOD,209.2456,27.7512,<LOD,1706.0684,13.7494,<LOD,2105.6697,0.8967,<LOD,5.5463,-0.0013,43821.5859 , 3422.0654,88.1249,<LOD,0.0000,0.0000,,,,<LOD,1916.2352,1.5624,<LOD,43.6158,6.3978,<LOD,33.5669,3.5825,<LOD,154.1505,-0.0013,,,,<LOD,29.7595,0.1412,<LOD,209.4083,29.4875,<LOD,0.0000,0.0000,,,,,,,<LOD,372.0477,31.5901,<LOD,19.4627,-0.0007,,,,<LOD,250.7099,23.1439,<LOD,0.0000,0.0000,,,,17826.3633 , 6605.0220,6.1599,<LOD,3531.6855,1.5355,<LOD,0.0000,-0.0006,52.9257 , 28.5043,4.3740,<LOD,3.9008,-0.0019,240.5032 , 46.7451,17.7845,<LOD,127.4327,1.2497,938058.6250 , 10531.1787,<LOD,162.8047,0.6243,<LOD,87.5567,2.4960,<LOD,30.9574,1.5581,<LOD,66.7344,0.7255,<LOD,104.8981,1.2494,,,,,,,,,,,,,,,,,,9,413.799988,39.008137,-122.666801,10.000000,528848.812500,4317732.500000,
415,Mining,125.93,35.61,30.08,30.07,30.17,"Fri May 1, 2026 - 14:23:05",User,1.5,ppm,,,,,,,,,Mining,,,,,,,,,,,,<LOD,1.5601,0.7817,94177.8984 , 1458.6122,1.6255,<LOD,2.9653,0.0873,<LOD,1.2673,0.1175,<LOD,2.3061,1.3859,<LOD,70.7855,13.3561,119.7630 , 6.2014,3.4515,8.3495 , 2.6598,0.3006,37053.7852 , 163.4351,84.5392,<LOD,0.0000,0.0000,28412.2344 , 4692.3999,0.0834,426.5691 , 26.0641,1.2359,<LOD,1.0958,4.8738,7.9710 , 0.5997,3.0977,<LOD,7.0752,0.2124,1094.0391 , 203.9099,0.2629,11.3286 , 1.0261,0.3625,<LOD,1.3691,0.5539,<LOD,0.0000,0.0000,,,,6121.6543 , 89.0903,1.9028,<LOD,4.3783,4.0357,<LOD,0.8225,0.1825,428902.6562 , 899.3530,34.3106,12.7764 , 2.3803,3.3533,<LOD,0.0000,0.0000,,,,11188.0947 , 57.9092,30.7967,288.2487 , 15.5334,5.4156,<LOD,6.8559,0.1803,11.8070 , 0.6955,2.4934,31.7423 , 2.5193,0.4965,179.2657 , 1.4729,15.2205,5.8814 , 1.1436,0.4130,373267.2812 , 5468.2153,9.3241 , 1.9500,0.2854,70.2463 , 1.2775,3.1626,74.0026 , 0.7635,4.6127,7.5751 , 0.8196,0.3821,1.9019 , 0.9198,0.4438,300.9298 , 21.7346,15.9403,2563.9407 , 65.3637,3.0987,<LOD,50.3607,0.7880,15650.7432 , 151.1803,6.9124,,,,,,8,413.600006,39.008141,-122.666809,10.000000,528848.500000,4317732.500000,
416,Mining,125.98,35.45,30.19,30.13,30.21,"Fri May 1, 2026 - 14:25:27",User,1.5,ppm,,,,,,,,,Mining,,,,,,,,,,,,<LOD,1.5652,0.7681,81094.3438 , 1251.9760,1.3940,<LOD,3.0287,0.0885,<LOD,1.4011,0.1397,<LOD,2.3123,1.3597,<LOD,94.8927,14.8920,115.7474 , 6.1295,3.3905,6.5636 , 2.7037,0.3026,40439.5820 , 157.4760,93.8826,<LOD,0.0000,0.0000,18500.4727 , 4180.0352,0.0684,560.2630 , 28.4810,1.4924,<LOD,1.1634,5.3190,10.6647 , 0.6415,3.4389,<LOD,7.5035,0.2299,917.5565 , 184.7851,0.2274,13.0545 , 1.0902,0.3980,<LOD,1.4107,0.5771,<LOD,0.0000,0.0000,,,,6853.4541 , 89.8384,2.1385,<LOD,4.4113,4.0153,<LOD,0.8365,0.1821,364036.9688 , 782.6743,27.8829,7.4690 , 2.3631,3.1998,<LOD,0.0000,0.0000,,,,10929.2949 , 55.0234,30.5241,299.2836 , 15.4879,5.4230,<LOD,7.3983,0.2046,14.2627 , 0.7543,2.8389,42.0662 , 2.7790,0.5890,214.9839 , 1.5850,17.6387,7.1357 , 1.2284,0.4688,458049.0938 , 4878.1274,12.7863 , 2.1288,0.3326,84.8279 , 1.4088,3.7808,54.2371 , 0.6686,3.5268,7.9345 , 0.8865,0.4265,3.2165 , 0.9810,0.4891,309.4081 , 21.8451,15.7997,2297.6355 , 63.0672,2.8658,<LOD,45.7948,0.7129,15117.6943 , 148.4109,6.7847,,,,,,9,413.600006,39.008152,-122.666809,10.000000,528848.375000,4317734.000000,
417,Mining,126.12,35.53,30.10,30.25,30.24,"Fri May 1, 2026 - 14:28:40",User,1.5,ppm,,,,,,,,,Mining,,,,,,,,,,,,<LOD,1.7858,0.6745,153682.0938 , 2743.7717,2.3742,<LOD,3.7119,0.0992,<LOD,1.5378,0.1248,<LOD,2.6406,1.1911,<LOD,58.2638,10.4029,110.4243 , 6.3759,2.7608,63.2297 , 4.0473,0.5049,35287.2422 , 194.1978,66.6276,<LOD,0.0000,0.0000,51571.3164 , 6544.2944,0.1220,826.9812 , 34.2228,1.5212,<LOD,1.1389,3.6416,3.9862 , 0.6303,2.3809,<LOD,12.5630,0.1950,1608.8384 , 264.9160,0.3336,24.6898 , 1.3554,0.4562,<LOD,1.6158,0.5114,<LOD,0.0000,0.0000,,,,12087.7695 , 132.9119,3.1772,<LOD,5.0813,3.5718,<LOD,0.9860,0.1866,339003.8438 , 922.8665,22.3439,17.8955 , 2.7853,3.0572,<LOD,0.0000,0.0000,,,,6426.9780 , 48.2658,14.7886,166.4190 , 13.0041,2.7134,<LOD,7.8617,0.1719,16.6928 , 0.7515,2.1245,43.2206 , 3.0250,0.5171,101.6381 , 1.3795,9.6903,4.0415 , 1.4152,0.4262,346194.2188 , 8710.3604,8.0421 , 2.1296,0.2405,39.3221 , 1.1271,1.6479,277.3798 , 1.7352,13.2924,3.8271 , 0.8840,0.2868,3.8349 , 1.1394,0.4933,458.1336 , 26.1469,15.6456,40142.9141 , 240.6019,36.7065,<LOD,58.3285,0.7758,11825.0049 , 145.4609,5.0007,,,,,,9,413.200012,39.008156,-122.666817,10.000000,528847.812500,4317734.500000,
418,Mining,126.23,35.76,30.25,30.21,30.01,"Fri May 1, 2026 - 14:31:13",User,1.5,ppm,,,,,,,,,Mining,,,,,,,,,,,,<LOD,1.5997,0.8259,138095.6875 , 1704.6102,2.1456,<LOD,3.1662,0.1046,<LOD,1.5965,0.1950,<LOD,2.3486,1.4384,<LOD,56.2337,14.7613,84.1376 , 6.0919,3.1521,272.7432 , 6.3222,1.7820,40620.1953 , 185.2321,97.3042,<LOD,0.0000,0.0000,20810.1660 , 4844.6025,0.0932,614.1211 , 28.4908,1.6188,<LOD,1.0611,4.5998,2.9923 , 0.5847,2.9620,25.2115 , 4.9456,0.2594,3666.2397 , 333.0888,0.8757,63.2040 , 1.7498,1.1053,<LOD,1.3915,0.5746,<LOD,0.0000,0.0000,,,,20921.5488 , 155.0188,6.6955,<LOD,4.5150,4.3203,<LOD,0.8502,0.2001,247459.1562 , 744.7510,19.3442,12.0256 , 2.4385,3.5242,<LOD,0.0000,0.0000,,,,6293.5708 , 47.1122,18.6310,132.1066 , 12.8720,3.3190,<LOD,7.7475,0.2425,16.6908 , 0.7159,2.7855,107.6226 , 3.7979,1.1870,102.2941 , 1.2715,12.1888,12.8866 , 1.8833,1.1414,470185.9375 , 5736.7520,3.0582 , 1.8472,0.2494,42.5870 , 1.0771,2.2003,288.4423 , 1.5860,17.0880,2.2701 , 0.8901,0.4034,5.0246 , 1.0774,0.6414,328.4095 , 22.4634,17.0633,35287.9180 , 219.0519,40.0522,<LOD,48.8257,0.8646,14543.7539 , 156.6191,7.4527,,,,,,9,412.799988,39.008156,-122.666817,10.000000,528847.500000,4317734.500000,
419,Mining,126.00,35.62,30.16,30.06,30.16,"Fri May 1, 2026 - 14:34:27",User,1.5,ppm,,,,,,,,,Mining,,,,,,,,,,,,<LOD,1.7788,0.7454,150865.5625 , 2325.4133,2.3357,<LOD,3.3922,0.0931,<LOD,1.5474,0.1415,<LOD,2.6200,1.3082,<LOD,55.8040,10.6097,73.5946 , 6.1092,2.5938,69.5671 , 4.0340,0.5627,34431.9922 , 175.5691,68.6880,<LOD,0.0000,0.0000,33629.3164 , 5652.7349,0.1010,602.9189 , 29.9579,1.2988,<LOD,1.0917,3.7601,3.6871 , 0.6084,2.4991,8.2635 , 4.8287,0.1917,1117.8452 , 223.0652,0.2682,45.5712 , 1.6156,0.7293,<LOD,1.5499,0.5203,<LOD,0.0000,0.0000,,,,7498.4360 , 102.1018,2.1837,<LOD,5.0229,3.9032,<LOD,0.8843,0.1666,328125.1250 , 864.9609,22.5141,22.6172 , 2.7644,3.3594,<LOD,0.0000,0.0000,,,,6557.1680 , 48.0443,15.9255,143.3458 , 13.0410,2.8224,<LOD,7.1557,0.1587,14.4704 , 0.7176,2.1727,46.7189 , 2.9795,0.5634,96.1134 , 1.2997,9.8846,8.0873 , 1.7174,0.7202,382926.5312 , 7352.0933,3.4469 , 1.8713,0.2053,38.6353 , 1.0831,1.7208,271.1199 , 1.6210,13.8093,2.0733 , 0.8673,0.2995,3.5989 , 1.0898,0.5082,388.7350 , 25.2640,15.9899,40853.7305 , 238.7361,39.2712,<LOD,53.8838,0.7656,12151.7764 , 147.4780,5.4089,,,,,,10,413.100006,39.008156,-122.666824,10.000000,528846.812500,4317734.500000,
420,Mining,126.18,35.60,30.14,30.17,30.27,"Fri May 1, 2026 - 14:36:50",User,1.5,ppm,,,,,,,,,Mining,,,,,,,,,,,,<LOD,1.6313,0.6911,147892.7656 , 2384.6738,2.2888,<LOD,3.2721,0.0917,<LOD,1.3680,0.1175,<LOD,2.4426,1.2588,<LOD,54.5078,10.6860,75.4686 , 5.6131,2.5087,77.3968 , 4.0930,0.6119,33788.9258 , 181.2100,68.8874,<LOD,0.0000,0.0000,49446.4648 , 6047.7529,0.1182,654.7519 , 30.1899,1.3891,<LOD,1.0807,3.9305,4.1362 , 0.5984,2.5731,<LOD,11.6711,0.1981,1269.9803 , 230.7332,0.2817,13.4043 , 1.0876,0.3490,<LOD,1.4515,0.5050,<LOD,0.0000,0.0000,,,,9662.4727 , 116.2990,2.7510,<LOD,4.6893,3.7823,<LOD,0.8607,0.1673,317012.0938 , 897.6252,21.7693,17.3939 , 2.5512,3.1499,<LOD,0.0000,0.0000,,,,5914.0366 , 43.9493,14.6388,140.8599 , 11.8132,2.6405,<LOD,7.3347,0.1773,14.6016 , 0.6945,2.1619,55.7032 , 3.0929,0.6411,98.1725 , 1.2959,10.2437,<LOD,1.6048,0.2653,385399.4062 , 7719.7876,2.5132 , 1.8387,0.2063,39.5529 , 1.0718,1.7861,269.5271 , 1.6269,14.0602,3.7862 , 0.8008,0.2863,3.1271 , 1.0596,0.5092,387.0136 , 23.6275,15.5697,37258.4414 , 222.5222,36.2962,<LOD,54.4760,0.7613,10498.0254 , 131.8881,4.7422,,,,,,10,412.799988,39.008160,-122.666832,10.000000,528846.375000,4317735.000000,
421,Mining,126.37,35.68,30.17,30.28,30.24,"Fri May 1, 2026 - 14:40:05",User,1.5,ppm,,,,,,,,,Mining,,,,,,,,,,,,<LOD,1.6206,0.6843,138792.8125 , 2107.2141,2.1543,<LOD,2.9898,0.0759,<LOD,1.3215,0.1094,<LOD,2.4136,1.2317,<LOD,56.0640,11.5402,74.4972 , 5.9545,2.5895,44.9765 , 3.5312,0.4556,36387.6328 , 168.6471,74.1965,<LOD,0.0000,0.0000,27697.0195 , 5301.4927,0.0906,584.0417 , 29.0897,1.3184,<LOD,1.0875,3.9809,4.0456 , 0.6015,2.5947,10.3691 , 4.9119,0.2107,1629.3228 , 243.6091,0.3485,8.1394 , 0.9827,0.2835,<LOD,1.4048,0.4723,<LOD,0.0000,0.0000,,,,3736.2703 , 76.7430,1.2547,<LOD,4.6399,3.7155,<LOD,0.8193,0.1538,309610.9688 , 819.1623,21.0227,15.6289 , 2.5129,3.0526,<LOD,0.0000,0.0000,,,,6243.5581 , 45.4248,15.4862,136.8977 , 12.5815,2.7473,<LOD,7.0303,0.1614,16.4492 , 0.7050,2.2328,56.4350 , 3.0796,0.6362,95.0581 , 1.2611,9.9782,<LOD,1.4596,0.2210,426466.6250 , 6790.4072,7.1696 , 1.9227,0.2340,38.0858 , 1.0462,1.7039,272.0578 , 1.5594,14.0428,3.9893 , 0.7807,0.2739,2.2508 , 1.0525,0.4995,370.8054 , 23.2115,15.0687,36898.0625 , 220.5215,36.0586,<LOD,53.3521,0.7881,10796.8389 , 138.0555,4.8754,,,,,,10,412.600006,39.008160,-122.666832,10.000000,528846.375000,4317735.000000,
422,Mining,26.02,26.02,,,,"Fri May 1, 2026 - 14:40:38",User,1.5,ppm,,,,,,,,,Mining,,,,,,,,,,,,<LOD,8.1034,27.5296,,,,<LOD,4.0018,0.0856,<LOD,1.6046,0.1009,<LOD,8.7897,27.3025,<LOD,67.9783,11.2446,<LOD,80.6325,0.4303,70.8839 , 4.8864,0.5442,40146.4062 , 138.1989,72.9832,<LOD,0.0000,0.0000,,,,627.3701 , 35.2367,1.2853,<LOD,1.3531,3.8640,3.4769 , 0.7504,2.5347,18.1879 , 6.2659,0.2186,,,,10.9695 , 1.2593,0.2922,<LOD,8.8763,29.7021,<LOD,0.0000,0.0000,,,,,,,<LOD,15.3590,28.6449,<LOD,1.0695,0.1615,,,,<LOD,10.6068,23.7158,<LOD,0.0000,0.0000,,,,7020.6641 , 201.5555,2.4421,129.0152 , 68.9442,0.8057,<LOD,9.6666,0.1907,16.7685 , 0.8731,2.1637,89.4381 , 4.1840,0.7344,100.2454 , 1.5271,9.8138,<LOD,1.8299,0.2095,951435.1875 , 393.7810,<LOD,4.9166,0.2008,39.1789 , 1.3025,1.6787,282.3787 , 1.7362,13.5294,5.5387 , 0.9848,0.2837,4.3308 , 1.3371,0.5099,,,,,,,,,,,,,,,,,,9,412.600006,39.008156,-122.666832,10.000000,528846.187500,4317734.500000,
423,Mining,126.21,35.75,30.13,30.15,30.18,"Fri May 1, 2026 - 14:43:15",User,1.5,ppm,,,,,,,,,Mining,,,,,,,,,,,,<LOD,2.2524,0.7247,136000.8750 , 2160.6580,2.1120,<LOD,3.2220,0.0822,<LOD,1.3656,0.1086,<LOD,2.4497,1.2341,<LOD,58.0924,11.5825,77.2333 , 5.7659,2.5987,61.7226 , 3.9612,0.5336,37066.6445 , 173.2204,75.0232,<LOD,0.0000,0.0000,25245.2168 , 5451.4902,0.0879,592.2219 , 30.1466,1.3261,<LOD,1.1303,3.9754,3.0863 , 0.6198,2.5400,15.8621 , 5.1441,0.2176,2173.1211 , 282.7506,0.4433,7.6195 , 1.0034,0.2746,<LOD,1.4261,0.4734,<LOD,0.0000,0.0000,,,,4576.5425 , 85.7127,1.4565,<LOD,4.7062,3.7141,<LOD,0.8631,0.1564,304137.3750 , 833.2258,20.4419,12.2459 , 2.5348,3.0065,<LOD,0.0000,0.0000,,,,6227.0039 , 44.1194,15.3874,143.5458 , 12.1904,2.7601,<LOD,7.8601,0.1884,16.4205 , 0.7288,2.2154,74.8775 , 3.5060,0.7664,99.4743 , 1.3195,10.1627,<LOD,1.4754,0.2069,435364.9062 , 6983.1968,6.0678 , 2.0200,0.2343,38.1402 , 1.0947,1.7209,272.3566 , 1.6015,13.9071,3.6853 , 0.8018,0.2669,4.8150 , 1.1309,0.5367,371.1299 , 23.5397,15.0413,36495.3125 , 212.9879,35.5142,<LOD,55.7460,0.7996,10912.5244 , 133.8657,4.8920,,,,,,10,412.799988,39.008152,-122.666832,10.000000,528846.187500,4317734.000000,
424,Mining,126.30,35.64,30.27,30.20,30.19,"Fri May 1, 2026 - 14:51:11",User,1.5,ppm,,,,,,,,,Mining,,,,,,,,,,,,<LOD,1.7067,0.7526,166408.3281 , 2390.7156,2.5720,<LOD,3.4290,0.1020,<LOD,1.4248,0.1288,<LOD,2.4972,1.2969,<LOD,56.0359,11.6196,94.1190 , 5.9546,2.8154,15.5372 , 2.9654,0.3247,36313.6445 , 197.3961,75.7934,<LOD,0.0000,0.0000,42335.2109 , 5765.3032,0.1119,537.0665 , 28.6403,1.2856,<LOD,1.1562,4.1741,5.1067 , 0.6085,2.6601,24.4695 , 5.0749,0.2394,1570.0200 , 238.1506,0.3418,11.3569 , 1.0588,0.3331,<LOD,1.5082,0.5419,<LOD,0.0000,0.0000,,,,1672.2767 , 59.6213,0.7316,<LOD,4.8299,3.9413,<LOD,0.8850,0.1767,350036.6250 , 940.7334,25.3971,12.8933 , 2.6244,3.2854,<LOD,0.0000,0.0000,,,,6825.0171 , 48.2842,17.2304,157.6622 , 12.6840,3.0519,<LOD,7.6313,0.1936,14.8254 , 0.7153,2.2927,40.2145 , 2.7967,0.5300,109.7867 , 1.3776,11.3962,<LOD,2.0587,0.2695,341786.6562 , 7484.0659,<LOD,4.3050,0.2145,49.8918 , 1.1837,2.2107,296.8249 , 1.7562,15.6524,4.0311 , 0.8320,0.3111,3.5860 , 1.0975,0.5531,399.0877 , 24.5422,16.5517,39937.3789 , 235.7735,40.1419,<LOD,52.8771,0.7638,11338.4258 , 138.2542,5.2971,,,,,,8,406.299988,39.008163,-122.666420,10.000000,528881.687500,4317735.500000,
425,Mining,120.19,30.27,30.16,30.12,29.64,"Fri May 1, 2026 - 14:53:30",User,1.5,ppm,,,,,,,,,Mining,,,,,,,,,,,,<LOD,1.6285,0.7329,167438.1875 , 2404.3284,2.5825,<LOD,3.1917,0.0899,<LOD,1.4057,0.1285,<LOD,2.4291,1.3232,<LOD,56.4164,12.1772,91.7887 , 6.0805,2.8415,11.8311 , 2.8437,0.3059,37105.3594 , 200.9216,78.4864,<LOD,0.0000,0.0000,40108.1797 , 5791.1211,0.1095,581.8704 , 29.1236,1.3720,<LOD,1.0902,4.0995,4.4594 , 0.5993,2.6434,13.6896 , 4.9562,0.2231,1610.8953 , 248.4891,0.3633,10.9362 , 1.0425,0.3309,<LOD,1.4550,0.5405,<LOD,0.0000,0.0000,,,,2302.7896 , 65.7219,0.8852,<LOD,4.6633,3.9690,<LOD,0.8808,0.1850,342370.3750 , 947.3413,24.9389,13.6294 , 2.5188,3.2432,<LOD,0.0000,0.0000,,,,6542.3506 , 48.0984,16.7292,164.7335 , 12.8557,3.0241,<LOD,7.5060,0.1921,14.1513 , 0.6970,2.2336,39.6622 , 2.7586,0.5285,104.1347 , 1.3379,11.0493,1.8246 , 1.0712,0.2941,350740.2188 , 7447.0840,<LOD,4.0096,0.2110,45.5674 , 1.1357,2.0721,288.7423 , 1.7200,15.3808,3.7475 , 0.8138,0.3022,4.2732 , 1.0884,0.5578,391.6665 , 23.5289,16.2899,38889.1133 , 237.2523,39.4542,<LOD,53.0475,0.7494,11105.8662 , 140.4591,5.2439,,,,,,5,403.399994,39.008205,-122.666580,10.000000,528868.250000,4317740.000000,
426,Mining,125.92,35.56,30.12,30.15,30.09,"Fri May 1, 2026 - 14:56:43",User,1.5,ppm,,,,,,,,,Mining,,,,,,,,,,,,<LOD,1.6719,0.7164,143717.4531 , 2143.2222,2.2203,<LOD,3.2402,0.0828,<LOD,1.4466,0.1222,<LOD,2.4609,1.2481,<LOD,58.5817,11.8530,84.1273 , 6.0569,2.7246,35.0681 , 3.4970,0.4169,37740.9453 , 181.0207,77.8975,<LOD,0.0000,0.0000,34663.6289 , 5405.8843,0.0982,1228.6174 , 38.8490,2.2292,<LOD,1.1514,4.1010,4.3538 , 0.6340,2.6518,25.9429 , 5.3104,0.2401,2069.5869 , 253.0893,0.4099,7.3653 , 1.0168,0.2819,<LOD,1.4705,0.5107,<LOD,0.0000,0.0000,,,,2574.7200 , 65.9195,0.9592,<LOD,4.7893,3.8481,<LOD,0.9209,0.1838,302391.1250 , 816.8368,20.8210,18.0483 , 2.6272,3.2934,<LOD,0.0000,0.0000,,,,6578.5928 , 46.5941,16.4123,170.7972 , 12.9687,2.9860,<LOD,7.7656,0.1841,17.8562 , 0.7580,2.3868,61.9036 , 3.2935,0.6782,105.5435 , 1.3711,10.8517,<LOD,2.2269,0.2358,416221.1562 , 6995.3140,<LOD,4.7745,0.2066,45.8231 , 1.1793,2.0249,292.7505 , 1.6951,15.0878,3.6899 , 0.8386,0.2885,4.6697 , 1.1482,0.5571,398.2325 , 24.2840,16.1704,40370.2383 , 231.5329,40.1037,<LOD,50.7025,0.7437,11167.7422 , 139.6954,5.1511,,,,,,10,414.299988,39.008190,-122.666534,10.000000,528872.000000,4317738.500000,
427,Mining,126.02,35.68,30.16,30.16,30.02,"Fri May 1, 2026 - 14:59:04",User,1.5,ppm,,,,,,,,,Mining,,,,,,,,,,,,<LOD,1.6383,0.7101,153914.1406 , 2306.5886,2.3806,<LOD,3.1853,0.0855,<LOD,1.3320,0.1105,<LOD,2.4931,1.3369,<LOD,56.6024,11.7269,85.7878 , 5.9501,2.8028,37.5973 , 3.4558,0.4343,37279.8945 , 193.9859,78.3173,<LOD,0.0000,0.0000,39828.9961 , 5770.4976,0.1071,1334.6047 , 39.2790,2.4054,<LOD,1.1192,4.1574,4.9453 , 0.6181,2.7044,28.8185 , 5.0808,0.2319,2239.4722 , 276.5732,0.4599,10.5793 , 1.0539,0.3239,<LOD,1.4604,0.5215,<LOD,0.0000,0.0000,,,,3041.4978 , 72.8338,1.0973,<LOD,4.7943,4.0064,<LOD,0.8978,0.1853,322540.0938 , 899.0466,23.0395,13.5053 , 2.6018,3.3264,<LOD,0.0000,0.0000,,,,6981.6113 , 48.6353,17.8054,155.5848 , 12.8707,3.1371,<LOD,7.8484,0.2014,19.0184 , 0.7474,2.4752,59.1969 , 3.1725,0.6700,107.5484 , 1.3612,11.0916,<LOD,1.5274,0.2322,380065.9688 , 7363.8921,<LOD,2.9640,0.1972,43.9995 , 1.1289,1.9726,283.5656 , 1.6884,14.9052,4.5690 , 0.8052,0.2952,3.2829 , 1.0839,0.5293,384.5494 , 24.2133,16.5087,40056.4102 , 233.6726,40.7412,<LOD,53.2462,0.7656,11474.7734 , 138.8580,5.3822,,,,,,10,414.000000,39.008190,-122.666527,10.000000,528872.437500,4317738.500000,
428,Mining,126.28,35.67,30.24,30.14,30.23,"Fri May 1, 2026 - 15:02:17",User,1.5,ppm,,,,,,,,,Mining,,,,,,,,,,,,<LOD,1.7467,0.6970,135905.0000 , 2311.8076,2.1097,<LOD,3.2041,0.0781,<LOD,1.4012,0.1100,<LOD,2.5358,1.1810,<LOD,56.0613,10.1118,80.5990 , 5.9287,2.4951,42.5696 , 3.6160,0.4264,34425.9414 , 162.0737,65.8512,<LOD,0.0000,0.0000,27281.3398 , 5607.7490,0.0881,556.0483 , 29.5535,1.1942,<LOD,1.1244,3.7867,4.1676 , 0.6218,2.4758,17.9529 , 5.0507,0.2090,1332.0963 , 228.8039,0.2662,6.6249 , 0.9812,0.2522,<LOD,1.4810,0.4581,<LOD,0.0000,0.0000,,,,1038.5491 , 56.1593,0.5488,<LOD,4.9400,3.6768,<LOD,0.8792,0.1581,322109.1562 , 841.1027,20.6946,17.2974 , 2.6867,3.0606,<LOD,0.0000,0.0000,,,,6436.2920 , 45.4225,15.0065,163.7973 , 12.7114,2.7398,<LOD,7.6551,0.1717,14.3541 , 0.7105,2.0231,41.8377 , 2.9214,0.5108,103.0003 , 1.3299,9.9544,<LOD,1.4344,0.1861,421194.1875 , 7391.7729,<LOD,2.7325,0.1758,39.2733 , 1.0956,1.6755,273.5754 , 1.5940,13.3666,2.9650 , 0.8028,0.2514,3.7683 , 1.0990,0.4910,389.1013 , 24.7707,15.0238,37838.2383 , 217.8401,34.7104,<LOD,56.2709,0.7526,10682.2695 , 134.8705,4.5515,,,,,,10,413.700012,39.008190,-122.666534,10.000000,528871.875000,4317738.500000,
429,Mining,120.84,30.28,30.25,30.18,29.22,"Fri May 1, 2026 - 15:04:39",User,1.5,ppm,,,,,,,,,Mining,,,,,,,,,,,,<LOD,1.6573,0.6857,131724.2656 , 2203.7673,2.0513,<LOD,3.3116,0.0887,<LOD,1.3336,0.1054,<LOD,2.4860,1.2533,<LOD,56.5264,11.0677,82.1424 , 5.9914,2.6967,55.6413 , 3.8259,0.5059,36538.5898 , 175.5879,74.1034,<LOD,0.0000,0.0000,36683.3750 , 5743.5234,0.0985,757.4723 , 32.3280,1.5464,<LOD,1.1075,3.8956,3.7614 , 0.6134,2.5524,23.6191 , 4.9491,0.2015,1421.6404 , 247.9940,0.3275,7.2856 , 0.9853,0.2693,<LOD,1.4226,0.4632,<LOD,0.0000,0.0000,,,,1779.1072 , 63.2448,0.7499,<LOD,4.7431,3.6866,<LOD,0.8729,0.1621,307279.3750 , 856.0447,20.5491,14.1085 , 2.5832,3.0864,<LOD,0.0000,0.0000,,,,6135.0063 , 44.8787,15.1455,180.8708 , 12.6563,2.8652,<LOD,7.6276,0.1806,15.4177 , 0.7116,2.1504,50.4849 , 3.0587,0.5929,98.1414 , 1.3048,10.0547,<LOD,1.4354,0.1963,430472.2188 , 7282.1772,<LOD,3.4471,0.1926,37.1920 , 1.0650,1.6680,267.6387 , 1.5906,13.7075,3.5574 , 0.7844,0.2606,3.0212 , 1.0738,0.4953,349.5718 , 23.8027,15.0402,35328.7500 , 214.4819,34.1526,<LOD,55.5852,0.7786,10687.7139 , 135.3902,4.7546,,,,,,10,413.500000,39.008190,-122.666542,10.000000,528871.562500,4317738.500000,
430,Mining,120.42,30.20,30.20,30.07,29.95,"Fri May 1, 2026 - 15:08:17",User,1.5,ppm,,,,,,,,,Mining,,,,,,,,,,,,<LOD,2.0725,0.6453,95625.4375 , 2010.2456,1.5142,<LOD,4.1905,0.0896,<LOD,1.7565,0.1166,<LOD,3.0921,1.1566,<LOD,88.1758,27.4619,57.4887 , 9.6927,3.9371,50.5390 , 4.4104,0.4415,95321.3516 , 318.8699,196.8483,<LOD,0.0000,0.0000,27351.2129 , 6437.0073,0.0909,538.9058 , 32.9183,1.6911,<LOD,1.7049,3.5176,5.6969 , 0.7398,2.2406,160.7613 , 8.0125,0.2346,6182.1851 , 433.8928,1.1069,9.4314 , 1.2354,0.2662,<LOD,1.8957,0.5034,<LOD,0.0000,0.0000,,,,26141.2090 , 184.4881,7.0063,<LOD,6.0304,3.5515,<LOD,1.0952,0.1608,225946.3906 , 738.4156,14.5669,17.7752 , 3.2640,2.9428,<LOD,0.0000,0.0000,,,,3711.1145 , 50.6944,9.8829,277.6860 , 16.9628,2.7479,<LOD,9.7765,0.1914,14.8091 , 0.8320,1.7905,82.2242 , 4.0984,0.6934,114.4702 , 1.5578,8.9044,<LOD,1.8053,0.2015,490326.6250 , 7714.6768,9.1025 , 2.4535,0.2215,44.8441 , 1.3080,1.5725,281.8709 , 1.7902,11.4320,<LOD,1.9539,0.2088,4.3012 , 1.3006,0.4458,559.4906 , 30.9940,15.3699,18575.9668 , 210.3750,18.0060,<LOD,55.9106,0.8150,8589.1191 , 168.8591,3.8263,,,,,,10,412.899994,39.008190,-122.666542,10.000000,528871.750000,4317738.500000,
431,Mining,126.37,35.73,30.18,30.19,30.27,"Fri May 1, 2026 - 15:10:53",User,1.5,ppm,,,,,,,,,Mining,,,,,,,,,,,,<LOD,1.8380,0.6698,144837.9375 , 2620.2327,2.2439,<LOD,3.8372,0.0932,<LOD,1.6460,0.1262,<LOD,2.7149,1.1774,<LOD,68.0667,14.0488,82.0193 , 6.2529,2.5900,14.8841 , 3.2794,0.2937,49547.0352 , 230.6530,94.6780,<LOD,0.0000,0.0000,41722.7656 , 6341.1724,0.1063,694.4675 , 33.4444,1.4597,<LOD,1.5923,3.7546,5.8681 , 0.6779,2.3964,40.4935 , 5.8927,0.2053,1365.4496 , 240.5844,0.2843,8.9289 , 1.1213,0.2727,<LOD,1.6761,0.5172,<LOD,0.0000,0.0000,,,,6104.8257 , 96.7280,1.7347,<LOD,5.2728,3.6102,<LOD,1.0135,0.1721,336008.7188 , 880.6660,21.9783,18.8529 , 2.8763,3.0478,<LOD,0.0000,0.0000,,,,5948.2749 , 46.0288,13.9472,142.7435 , 12.7645,2.5400,<LOD,8.5307,0.1784,14.3933 , 0.7710,1.9440,46.8538 , 3.2206,0.5195,114.8297 , 1.5005,10.1180,<LOD,1.9014,0.2165,366064.5625 , 8483.2832,6.6357 , 2.2126,0.2251,45.0989 , 1.2369,1.7600,295.9868 , 1.8210,13.4587,3.2550 , 0.9235,0.2674,3.6579 , 1.2096,0.4862,487.4811 , 27.0518,15.6197,35493.2109 , 222.6335,32.6370,<LOD,57.0167,0.7627,10880.7812 , 141.9617,4.6422,,,,,,10,412.500000,39.008190,-122.666542,10.000000,528871.750000,4317738.500000,
432,Mining,120.45,30.17,30.00,30.04,30.24,"Fri May 1, 2026 - 15:14:41",User,1.5,ppm,,,,,,,,,Mining,,,,,,,,,,,,<LOD,1.7612,0.7081,155527.3594 , 2616.4507,2.4050,<LOD,3.6242,0.0904,<LOD,1.5901,0.1280,<LOD,2.5701,1.2123,<LOD,59.9696,10.5755,77.2030 , 5.9070,2.4891,50.5333 , 3.9523,0.4609,35703.6914 , 187.7157,68.1956,<LOD,0.0000,0.0000,36004.5195 , 6047.2515,0.1021,718.4858 , 33.6241,1.4115,<LOD,1.4688,3.9933,5.7775 , 0.6678,2.5552,16.8950 , 5.4219,0.2181,1144.6019 , 227.7708,0.2522,11.7898 , 1.1556,0.3166,<LOD,1.5748,0.5231,<LOD,0.0000,0.0000,,,,3539.5959 , 79.0861,1.1270,<LOD,5.0006,3.7478,<LOD,0.9751,0.1746,354243.1250 , 914.0264,23.5570,14.5836 , 2.7133,3.1122,<LOD,0.0000,0.0000,,,,6781.0498 , 48.0962,15.8576,138.9854 , 12.7653,2.7789,<LOD,8.3081,0.1831,16.4410 , 0.7736,2.1542,46.2164 , 3.1659,0.5424,118.3953 , 1.5011,11.0542,<LOD,1.6611,0.2198,355049.0625 , 8224.6885,2.7423 , 2.0537,0.2063,42.6815 , 1.2021,1.8041,303.8287 , 1.8325,14.6802,3.7905 , 0.9096,0.2905,5.1187 , 1.2108,0.5351,440.9508 , 25.4598,15.9028,38556.4727 , 226.3100,35.5422,<LOD,57.8805,0.7734,11436.1289 , 139.1969,4.8973,,,,,,9,411.799988,39.008190,-122.666542,10.000000,528871.750000,4317738.500000,
433,Mining,126.27,35.75,30.20,30.17,30.15,"Fri May 1, 2026 - 15:17:08",User,1.5,ppm,,,,,,,,,Mining,,,,,,,,,,,,<LOD,1.7181,0.6846,158382.7969 , 2658.7092,2.4464,<LOD,3.5942,0.0943,<LOD,1.5133,0.1230,<LOD,2.5165,1.1764,<LOD,58.7369,10.8050,81.2791 , 5.9683,2.5396,44.5575 , 3.7328,0.4362,35975.6797 , 194.2663,69.3571,<LOD,0.0000,0.0000,45300.8086 , 6212.5991,0.1120,683.0239 , 32.1613,1.3733,<LOD,1.4062,3.9812,6.4453 , 0.6541,2.6025,20.0016 , 5.3850,0.2323,1017.4335 , 220.3095,0.2420,8.6629 , 1.0631,0.2835,<LOD,1.5412,0.5096,<LOD,0.0000,0.0000,,,,2150.9180 , 65.8790,0.7868,<LOD,4.9715,3.7791,<LOD,0.9722,0.1854,355967.4062 , 937.1331,23.9269,16.3914 , 2.7038,3.1588,<LOD,0.0000,0.0000,,,,6914.0742 , 49.0302,16.2049,149.3529 , 12.9138,2.8485,<LOD,7.9172,0.1761,16.2136 , 0.7516,2.1527,45.4417 , 3.0640,0.5391,115.7255 , 1.4609,10.9390,<LOD,2.0307,0.2298,341643.7500 , 8377.5469,7.3683 , 2.1099,0.2386,43.8130 , 1.1873,1.8594,299.9392 , 1.8132,14.6164,4.2413 , 0.8757,0.2893,5.4849 , 1.1912,0.5489,454.6732 , 25.4203,16.1695,38692.9883 , 230.4221,35.8603,<LOD,56.4576,0.7467,11951.5273 , 142.6195,5.1257,,,,,,9,411.200012,39.008190,-122.666542,10.000000,528871.750000,4317738.500000,
434,Mining,30.23,30.23,,,,"Fri May 1, 2026 - 15:27:37",User,1.5,ppm,,,,,,,,,Mining,,,,,,,,,,,,305.3291 , 272.1113,12.3990,,,,<LOD,18.8269,0.0633,<LOD,7.2771,0.0717,<LOD,27.8909,6.1541,495.7346 , 242.3677,203.6262,8592.6416 , 102.4229,20.2090,838.7291 , 35.2403,1.1391,702410.7500 , 487.0688,1367.6213,<LOD,0.0000,0.0000,,,,3086.5659 , 113.1381,13.0494,3530.1353 , 17.8636,53.9205,11.1110 , 2.6979,1.0809,305.2931 , 41.6615,0.4744,,,,60.9509 , 7.5073,0.3615,50.6754 , 19.4336,8.7080,<LOD,0.0000,0.0000,,,,,,,<LOD,50.0102,6.6495,<LOD,5.2746,0.1389,,,,<LOD,35.5999,7.1605,<LOD,0.0000,0.0000,,,,<LOD,299.2156,1.2150,<LOD,147.9632,1.2830,<LOD,43.7109,0.1484,<LOD,3.0439,0.3594,130.1052 , 15.9605,0.4095,<LOD,3.4894,0.5225,<LOD,9.8534,0.1847,280160.4375 , 8766.3779,21.5652 , 11.2338,0.1717,<LOD,2.6686,-0.0600,<LOD,2.3266,0.1748,<LOD,13.2291,-1.1341,<LOD,5.0372,-0.1099,,,,,,,,,,,,,,,,,,7,445.500000,39.000736,-122.662918,10.000000,529188.062500,4316912.500000,
435,Mining,30.14,30.14,,,,"Fri May 1, 2026 - 15:28:58",User,1.5,ppm,,,,,,,,,Mining,,,,,,,,,,,,474.5365 , 422.7912,11.0567,,,,<LOD,27.0800,0.0580,<LOD,11.4856,0.0863,<LOD,33.8289,4.5752,<LOD,451.6013,219.1100,9752.5146 , 109.0425,23.8495,1272.4093 , 52.5532,1.2242,883608.6250 , 555.3570,1504.9788,<LOD,0.0000,0.0000,,,,3970.1970 , 135.4196,15.0057,5015.0884 , 26.0624,54.1711,<LOD,5.5865,0.8221,587.8172 , 133.3125,0.4932,,,,<LOD,12.5881,0.2451,<LOD,34.2525,5.5354,<LOD,0.0000,0.0000,,,,,,,<LOD,64.7868,5.4453,<LOD,6.7452,0.1053,,,,169.0569 , 30.3252,6.3991,<LOD,0.0000,0.0000,,,,163.5774 , 80.6531,1.3912,<LOD,201.5890,1.4615,<LOD,67.8803,0.1468,<LOD,3.6706,0.2539,<LOD,21.1049,0.1496,<LOD,3.2046,0.4023,33.5901 , 8.5465,0.1954,94952.6250 , 14678.1230,<LOD,29.5718,0.1439,<LOD,3.8320,-0.0713,<LOD,2.1641,0.1337,<LOD,18.7528,-1.1127,<LOD,6.4137,-0.0848,,,,,,,,,,,,,,,,,,9,445.000000,39.000744,-122.662933,10.000000,529187.187500,4316913.000000,
437,Health Check,149.86,,,,,"Mon May 4, 2026 - 08:20:43",User,,,,,,,,,,,Health Check,Pass,Detector Quality: 1.22 — Pass; Fault Free: Pass; Battery Health  96%: Pass; C#1 Voltage  4154 mV: Pass; C#2 Voltage  4157 mV: Pass; Tube Health: Pass; System Check: Reading #436 - Pass; Filter Wheel Check: Pass; XRay LED Test: Pass; Wi-Fi: Pass; Bluetooth: Pass; GPS: Pass; ,,,,,,,,,,,,,,,,,,,,,,,,,,,,,,,,,,,,,,,,,,,,,,,,,,,,,,,,,,,,,,,,,,,,,,,,,,,,,,,,,,,,,,,,,,,,,,,,,,,,,,,,,,,,,,,,,,,,,,,,,,,,,,,,,,,,,,,,,,,,,,,,,,5,433.200012,39.000759,-122.663025,10.000000,529179.250000,4316915.000000,
438,Mining,30.24,29.57,,,,"Mon May 4, 2026 - 08:51:20",User,1.5,ppm,,,,,,,,,Mining,,,,,,,,,,,,517.0054 , 460.5967,11.1972,,,,32.1036 , 20.0561,0.0687,<LOD,12.9074,0.0961,<LOD,47.5801,4.6657,<LOD,556.2250,216.0743,9745.6123 , 113.0754,23.4130,1276.1499 , 55.0084,1.1809,894742.1875 , 620.7234,1480.9080,<LOD,0.0000,0.0000,,,,3897.0945 , 140.3279,14.5945,5155.6743 , 27.6406,53.4772,<LOD,8.6149,0.8427,487.1918 , 140.4580,0.4819,,,,<LOD,11.1320,0.1745,<LOD,46.1335,5.5743,<LOD,0.0000,0.0000,,,,,,,<LOD,83.6181,5.3692,<LOD,7.0434,0.0963,,,,136.5708 , 31.9719,6.1575,<LOD,0.0000,0.0000,,,,156.1210 , 83.2109,1.3628,<LOD,270.5953,1.4708,<LOD,0.0000,0.1595,<LOD,3.6744,0.2307,<LOD,24.7145,0.1877,<LOD,3.3086,0.3994,45.6614 , 8.3623,0.1813,83808.5938 , 15722.1250,<LOD,32.3898,0.1551,<LOD,5.4857,-0.1820,<LOD,2.2715,0.1300,<LOD,21.0464,-1.2340,<LOD,5.1807,-0.0499,,,,,,,,,,,,,,,,,,7,435.500000,39.000729,-122.662949,10.000000,529185.312500,4316911.500000,
439,Mining,125.99,35.60,30.25,30.06,30.08,"Mon May 4, 2026 - 10:42:14",User,1.5,ppm,,,,,,,,,Mining,,,,,,,,,,,,<LOD,1.6161,0.7409,109004.9766 , 1543.6371,1.7701,<LOD,3.4157,0.1034,<LOD,1.4520,0.1370,<LOD,2.4448,1.3790,72.2295 , 41.1781,15.7322,130.2335 , 7.0551,3.5975,9.7515 , 2.8435,0.3069,44370.3281 , 175.5268,98.8133,<LOD,0.0000,0.0000,15484.1475 , 4497.1138,0.0739,411.2332 , 26.8218,1.2477,<LOD,1.1877,4.9967,9.5006 , 0.6494,3.1747,<LOD,7.4066,0.2275,1084.2003 , 204.5028,0.2607,11.4183 , 1.0798,0.3553,<LOD,1.4427,0.5458,<LOD,0.0000,0.0000,,,,15852.4561 , 132.0622,4.4904,<LOD,4.6647,4.0469,<LOD,0.8856,0.1819,344149.9062 , 782.2142,25.4800,14.8398 , 2.5400,3.3978,<LOD,0.0000,0.0000,,,,12059.0234 , 63.4592,32.4054,271.1393 , 17.4840,5.5105,<LOD,7.4611,0.1908,17.4607 , 0.7848,2.8119,29.5220 , 2.5981,0.4705,205.7069 , 1.6293,16.6589,3.4427 , 1.1441,0.3484,435882.8125 , 5491.8296,11.8302 , 2.1573,0.3115,78.1893 , 1.3906,3.3156,125.0000 , 1.0144,7.0638,5.7449 , 0.8796,0.3680,2.0319 , 1.0215,0.4830,416.5190 , 23.6783,17.1783,5397.7432 , 94.1365,5.7755,<LOD,47.0438,0.7164,14888.6562 , 161.4826,6.5127,,,,,,7,397.500000,39.008175,-122.666290,10.000000,528893.250000,4317736.500000,
440,Mining,125.89,35.56,30.01,30.10,30.22,"Mon May 4, 2026 - 10:47:42",User,1.5,ppm,,,,,,,,,Mining,,,,,,,,,,,,<LOD,1.7006,0.7729,114800.9688 , 1591.2775,1.8431,<LOD,3.4620,0.1015,<LOD,1.5253,0.1452,<LOD,2.5197,1.3733,<LOD,84.5507,15.9939,124.8424 , 6.7740,3.5072,5.1350 , 2.7930,0.2838,45713.7734 , 178.3641,101.4373,<LOD,0.0000,0.0000,11794.3350 , 4434.9443,0.0697,470.2441 , 28.2345,1.3441,<LOD,1.1858,4.8679,9.3204 , 0.6485,3.1184,<LOD,12.2948,0.2388,1105.6602 , 199.2040,0.2466,11.7235 , 1.1138,0.3622,<LOD,1.5275,0.5770,<LOD,0.0000,0.0000,,,,13316.7656 , 122.4125,3.8015,<LOD,4.8290,4.0803,<LOD,0.9514,0.2078,336515.4688 , 776.8277,24.5793,12.8354 , 2.6140,3.3682,<LOD,0.0000,0.0000,,,,10929.9023 , 58.9915,29.3500,262.5249 , 16.4132,5.0937,<LOD,7.4585,0.1822,16.2275 , 0.7757,2.6396,34.1897 , 2.7326,0.5001,192.7719 , 1.6064,15.7523,<LOD,2.1230,0.2874,442544.2812 , 5505.3486,12.4773 , 2.1877,0.3085,69.7384 , 1.3433,2.9595,137.6900 , 1.0799,7.6581,6.4721 , 0.9194,0.3841,<LOD,2.4806,0.4704,426.2030 , 24.4767,17.2450,6603.5396 , 100.7625,7.0764,<LOD,47.2772,0.7109,14882.9258 , 157.4144,6.5094,,,,,,8,390.899994,39.008167,-122.666275,10.000000,528894.687500,4317736.000000,
441,Mining,120.51,30.15,30.29,30.06,30.01,"Mon May 4, 2026 - 10:50:58",User,1.5,ppm,,,,,,,,,Mining,,,,,,,,,,,,<LOD,1.7341,0.7318,119826.5625 , 1820.5342,1.9032,<LOD,3.3640,0.0908,<LOD,1.4257,0.1204,<LOD,2.6160,1.3527,<LOD,63.3884,15.1393,128.4786 , 7.4045,3.5559,8.9743 , 2.9344,0.2976,45508.5312 , 185.7032,97.1512,<LOD,0.0000,0.0000,14469.1309 , 4960.3350,0.0759,380.7987 , 27.1224,1.1731,<LOD,1.1899,4.4385,6.3728 , 0.6623,2.9612,11.6651 , 5.4694,0.2273,1906.2043 , 268.0407,0.4011,9.2546 , 1.0621,0.3128,<LOD,1.5951,0.5757,<LOD,0.0000,0.0000,,,,19458.6523 , 155.4530,5.2729,<LOD,5.0259,4.0481,<LOD,0.9364,0.1916,325022.0000 , 813.2881,22.8554,18.3652 , 2.7363,3.4026,<LOD,0.0000,0.0000,,,,8028.5732 , 54.8711,20.8211,226.4470 , 15.7857,3.8466,<LOD,7.8460,0.1915,30.9231 , 0.8572,3.1313,25.0291 , 2.5796,0.4227,133.8735 , 1.4402,12.2275,<LOD,2.5986,0.2664,439979.3125 , 6221.4434,7.0714 , 2.0970,0.2611,43.3437 , 1.1413,1.9358,232.6320 , 1.4447,12.1609,4.5494 , 0.8409,0.2990,4.3280 , 1.1129,0.5261,512.9214 , 25.8469,17.8778,13771.5244 , 148.6962,13.6533,<LOD,51.6488,0.7317,10244.4707 , 144.6461,4.4604,,,,,,8,391.600006,39.008183,-122.666275,10.000000,528894.812500,4317737.500000,
442,Mining,126.20,35.74,30.23,30.04,30.19,"Mon May 4, 2026 - 10:53:27",User,1.5,ppm,,,,,,,,,Mining,,,,,,,,,,,,<LOD,1.8116,0.7186,115906.9375 , 1726.6569,1.8441,<LOD,3.9577,0.1099,<LOD,1.5074,0.1166,<LOD,2.7179,1.3045,<LOD,72.7087,19.0960,139.3441 , 7.7407,3.7687,11.0013 , 3.1608,0.3012,57431.3828 , 208.6510,122.7783,<LOD,0.0000,0.0000,9535.9824 , 4749.6484,0.0702,395.7179 , 28.9185,1.2858,<LOD,1.2569,4.2772,6.7077 , 0.7025,2.8625,23.9048 , 6.3827,0.2568,1947.3193 , 255.3621,0.3951,8.4881 , 1.1047,0.2921,<LOD,1.6444,0.5499,<LOD,0.0000,0.0000,,,,21216.4434 , 154.8033,5.7460,<LOD,5.2865,3.9925,<LOD,0.9957,0.1792,316586.6875 , 762.7548,22.1706,16.7727 , 2.8842,3.3875,<LOD,0.0000,0.0000,,,,8214.0381 , 55.8139,21.4029,253.7595 , 16.4193,4.0326,<LOD,8.2955,0.1856,29.3243 , 0.8937,2.9235,26.6056 , 2.7613,0.4219,150.4649 , 1.5442,12.2104,2.3597 , 1.1513,0.2740,445421.5000 , 6001.0503,9.5356 , 2.2950,0.2739,46.6550 , 1.2328,1.9651,184.0908 , 1.3219,9.2280,4.7933 , 0.8899,0.2883,5.5323 , 1.1697,0.4996,520.1649 , 27.2689,17.7257,10878.5234 , 135.9865,10.9141,<LOD,49.8453,0.7471,11025.9854 , 151.4923,4.7610,,,,,,8,392.000000,39.008190,-122.666275,10.000000,528894.812500,4317738.500000,
443,Mining,126.24,35.73,30.00,30.24,30.27,"Mon May 4, 2026 - 10:56:53",User,1.5,ppm,,,,,,,,,Mining,,,,,,,,,,,,<LOD,1.7853,0.7193,123100.4688 , 1863.5989,1.9564,<LOD,3.4459,0.0898,<LOD,1.4868,0.1232,<LOD,2.6627,1.2902,<LOD,68.7724,18.1015,122.4456 , 7.4331,3.5078,17.3812 , 3.1772,0.3310,54703.1016 , 212.3563,116.6497,<LOD,0.0000,0.0000,14853.0977 , 5038.2773,0.0764,419.0406 , 28.1056,1.2875,<LOD,1.2239,4.4132,7.8921 , 0.7135,3.2100,21.9038 , 5.9845,0.2467,1631.8141 , 241.0580,0.3317,11.7729 , 1.1343,0.3357,<LOD,1.5911,0.5286,<LOD,0.0000,0.0000,,,,16890.5918 , 143.6649,4.6589,<LOD,5.1954,4.0005,<LOD,0.9190,0.1698,334746.9688 , 811.9874,23.8853,21.0162 , 2.8384,3.3947,<LOD,0.0000,0.0000,,,,8751.2646 , 57.2204,22.6170,252.5396 , 16.4746,4.1518,<LOD,7.9922,0.1872,62.1006 , 1.0979,4.7732,38.1139 , 2.8973,0.5050,158.4362 , 1.5548,13.0697,1.5045 , 1.1513,0.2883,416651.5000 , 6325.9438,15.0983 , 2.3317,0.3140,54.7168 , 1.2661,2.2611,212.8480 , 1.3978,10.7164,4.9503 , 0.8826,0.3097,4.7566 , 1.1519,0.5257,518.4182 , 26.7007,17.5213,15583.0303 , 158.3457,15.5181,<LOD,51.0842,0.7417,11143.2383 , 151.0955,4.8946,,,,,,8,392.299988,39.008190,-122.666275,10.000000,528894.812500,4317738.500000,
444,Mining,120.57,30.13,30.22,30.17,28.20,"Mon May 4, 2026 - 10:59:07",User,1.5,ppm,,,,,,,,,Mining,,,,,,,,,,,,<LOD,1.7828,0.7347,131465.4375 , 2117.2595,2.0858,<LOD,3.6029,0.0977,<LOD,1.5448,0.1322,<LOD,2.7162,1.3872,<LOD,68.3357,17.3594,108.0609 , 7.1551,3.3928,17.4882 , 3.1955,0.3320,52031.7500 , 230.7276,111.2013,<LOD,0.0000,0.0000,23238.7285 , 5676.7905,0.0881,425.6484 , 28.4983,1.2817,<LOD,1.2137,4.3086,8.0199 , 0.7270,3.3222,16.3326 , 5.9198,0.2421,1507.8193 , 258.3966,0.3349,11.9668 , 1.1494,0.3422,<LOD,1.6133,0.5582,<LOD,0.0000,0.0000,,,,16234.8867 , 151.5504,4.4895,<LOD,5.2347,4.1829,<LOD,0.9609,0.1843,349880.4062 , 907.9200,25.4010,15.1899 , 2.8221,3.4171,<LOD,0.0000,0.0000,,,,8520.9629 , 57.1968,22.1568,230.5695 , 15.8814,4.0282,<LOD,13.5040,0.2081,74.3518 , 1.1888,5.4672,31.9177 , 2.8026,0.4681,147.2699 , 1.5551,12.6565,<LOD,2.0874,0.2709,386686.4375 , 7074.3550,11.9888 , 2.3242,0.3037,51.4784 , 1.2473,2.1651,225.6596 , 1.4947,11.4930,5.5781 , 0.9156,0.3314,3.5587 , 1.1393,0.5112,497.3752 , 26.7347,17.8026,17533.8848 , 165.8992,17.6054,<LOD,55.4919,0.7634,11017.2510 , 147.8990,4.8804,,,,,,8,392.500000,39.008190,-122.666275,10.000000,528894.562500,4317738.500000,
445,Mining,125.83,35.51,30.00,30.04,30.28,"Mon May 4, 2026 - 11:02:30",User,1.5,ppm,,,,,,,,,Mining,,,,,,,,,,,,<LOD,1.7896,0.7426,109029.7891 , 1672.6846,1.7607,<LOD,3.4724,0.0926,<LOD,1.5102,0.1293,<LOD,2.6620,1.3248,<LOD,112.5622,18.1893,146.3019 , 7.6577,3.7818,15.9132 , 3.1090,0.3217,53926.6719 , 198.4047,115.0149,<LOD,0.0000,0.0000,14621.6807 , 4796.5684,0.0741,401.9944 , 27.7187,1.2642,<LOD,1.4873,4.4604,7.7246 , 0.6942,3.1226,<LOD,14.2429,0.2443,1602.8035 , 237.0324,0.3354,10.1619 , 1.0950,0.3174,<LOD,1.5593,0.5191,<LOD,0.0000,0.0000,,,,18441.7148 , 144.5789,5.0156,<LOD,5.1697,4.0527,<LOD,0.9471,0.1854,337897.6875 , 778.9883,23.9327,14.3696 , 2.8025,3.3698,<LOD,0.0000,0.0000,,,,9275.8770 , 58.4444,24.1069,257.9123 , 16.8434,4.3937,<LOD,9.0492,0.1939,52.4638 , 1.0245,4.2612,40.3298 , 2.9163,0.5196,158.8091 , 1.5026,12.6529,1.5073 , 1.1126,0.2736,432118.4062 , 5945.4478,6.4924 , 2.1120,0.2515,54.3052 , 1.2343,2.2243,157.2790 , 1.1710,8.0513,5.3570 , 0.8914,0.3201,3.1864 , 1.0597,0.4529,490.2740 , 26.4482,17.5373,8621.8604 , 121.0087,8.7153,<LOD,48.7183,0.7137,12639.0850 , 157.7420,5.3623,,,,,,8,392.700012,39.008190,-122.666275,10.000000,528894.562500,4317738.500000,
446,Mining,120.61,30.07,30.24,30.08,29.01,"Mon May 4, 2026 - 11:05:15",User,1.5,ppm,,,,,,,,,Mining,,,,,,,,,,,,<LOD,1.6852,0.7482,108095.2578 , 1583.1617,1.7465,<LOD,3.5072,0.1065,<LOD,1.3427,0.1141,<LOD,2.5447,1.3868,<LOD,65.9513,18.7099,127.1254 , 7.2109,3.7446,10.2432 , 2.8875,0.3094,52975.4609 , 195.3759,119.7581,<LOD,0.0000,0.0000,8235.4580 , 4589.5122,0.0671,413.5309 , 27.1073,1.3417,<LOD,1.1505,4.5078,6.5668 , 0.6637,3.2025,10.9355 , 5.6251,0.2386,1548.4099 , 237.0935,0.3333,10.0231 , 1.0538,0.3289,<LOD,1.4718,0.5258,<LOD,0.0000,0.0000,,,,17084.5195 , 143.4745,4.9220,<LOD,4.8596,4.0738,<LOD,0.8893,0.1764,322163.6250 , 790.2314,23.7347,13.0674 , 2.6313,3.3695,<LOD,0.0000,0.0000,,,,8922.6807 , 55.8216,24.5145,252.1111 , 16.0752,4.4832,<LOD,7.8437,0.1990,48.0891 , 0.9677,4.2555,35.2972 , 2.7251,0.5064,149.6909 , 1.4258,12.7657,1.4504 , 1.0722,0.2844,458509.9688 , 5516.9697,6.6664 , 2.0540,0.2668,51.8601 , 1.1771,2.2619,146.6998 , 1.1039,8.0169,6.5796 , 0.8392,0.3340,2.5477 , 1.0102,0.4599,439.2872 , 24.7070,17.3214,8570.0693 , 116.9501,9.0945,<LOD,49.4561,0.7349,12162.7764 , 151.2602,5.4701,,,,,,9,392.399994,39.008194,-122.666275,10.000000,528894.250000,4317739.000000,
447,Mining,126.04,35.77,30.04,30.23,30.00,"Mon May 4, 2026 - 11:12:21",User,1.5,ppm,,,,,,,,,Mining,,,,,,,,,,,,<LOD,4.8865,0.5971,276242.7812 , 2820.3809,1.4089,<LOD,0.0821,-0.0000,<LOD,0.1521,0.0005,<LOD,7.1670,1.0296,57.6141 , 5.6816,0.0610,41.4786 , 32.9538,3.4117,<LOD,1.8457,0.0184,20.4944 , 11.6819,0.1246,<LOD,0.0000,0.0000,76492.6562 , 13935.2930,0.0963,793.0910 , 51.1780,0.5078,<LOD,0.0046,0.0000,<LOD,0.0105,0.0001,10.2424 , 2.4696,0.0296,17209.0137 , 1146.9834,0.8219,<LOD,0.0374,-0.0001,<LOD,4.2073,0.4057,<LOD,0.0000,0.0000,,,,162326.7031 , 4545.6587,17.6139,<LOD,14.1613,3.3106,<LOD,0.0779,0.0003,360999.3438 , 5044.1245,14.2397,48.3143 , 7.7394,2.7936,<LOD,0.0000,0.0000,,,,11646.3896 , 501.7303,10.6109,512.1935 , 61.5151,2.4111,<LOD,2.6030,0.0073,<LOD,0.0098,-0.0000,<LOD,1.0172,0.0102,<LOD,0.0099,0.0000,<LOD,0.1004,0.0006,1095.6573,,<LOD,0.6058,0.0022,<LOD,0.0042,-0.0000,<LOD,0.0117,0.0001,<LOD,0.0940,0.0003,<LOD,0.0354,-0.0000,1965.9673 , 109.7692,14.5357,60849.0391 , 2191.1184,20.0832,<LOD,181.5858,0.8079,29688.9590 , 1113.1156,4.6877,,,,,,8,392.200012,39.008190,-122.666283,10.000000,528893.812500,4317738.500000,
448,Mining,120.65,30.24,30.27,30.02,28.60,"Mon May 4, 2026 - 11:14:37",User,1.5,ppm,,,,,,,,,Mining,,,,,,,,,,,,<LOD,2.1060,0.6446,88079.3438 , 1900.0031,1.4121,<LOD,4.2719,0.0965,<LOD,1.7403,0.1180,<LOD,3.0961,1.1126,<LOD,90.9755,30.0099,21.9216 , 7.9218,3.1769,23.4164 , 3.7116,0.3227,94018.7734 , 333.9622,196.6600,<LOD,0.0000,0.0000,22915.2207 , 6644.2134,0.0931,430.5411 , 31.3171,1.5474,<LOD,1.2936,3.3052,1.4341 , 0.7048,2.0961,47.7283 , 8.0759,0.2377,4014.8396 , 384.0107,0.7991,7.3083 , 1.1767,0.2499,<LOD,1.8323,0.4506,<LOD,0.0000,0.0000,,,,50083.2539 , 260.4525,13.6805,<LOD,6.1243,3.5317,<LOD,1.1016,0.1691,205110.4219 , 727.0478,13.7294,17.1441 , 3.3271,2.9578,<LOD,0.0000,0.0000,,,,4474.6436 , 49.1988,11.9779,159.3970 , 14.8068,2.5483,<LOD,8.7513,0.1577,19.3852 , 0.8392,1.9183,30.9628 , 3.0894,0.4080,95.3902 , 1.4354,7.8565,10.4366 , 1.4261,0.3711,496560.7812 , 7630.0132,27.0837 , 2.8913,0.3500,29.0617 , 1.1147,1.1335,241.8821 , 1.6493,10.1194,2.3378 , 0.9317,0.2101,3.4828 , 1.2636,0.4325,539.1843 , 31.5445,15.3896,22937.9688 , 211.4030,22.7404,<LOD,56.7055,0.8184,10096.6357 , 163.7821,4.5671,,,,,,7,392.299988,39.008190,-122.666283,10.000000,528893.687500,4317738.500000,
449,Mining,125.94,35.63,30.09,30.07,30.15,"Mon May 4, 2026 - 11:18:07",User,1.5,ppm,,,,,,,,,Mining,,,,,,,,,,,,<LOD,2.7800,0.6241,56609.1719 , 1757.3363,0.9701,<LOD,5.6718,0.0861,<LOD,2.5143,0.1261,<LOD,4.0194,1.0306,<LOD,138.9228,69.9900,<LOD,20.8775,5.0873,37.8543 , 5.4266,0.3652,206299.4531 , 1059.0060,475.3994,<LOD,0.0000,0.0000,<LOD,17546.5781,0.1010,376.9776 , 38.7348,2.5009,<LOD,1.6539,2.6953,<LOD,2.1871,1.7306,249.2513 , 15.5184,0.3235,8970.9365 , 531.5396,2.1474,20.7561 , 1.8975,0.3317,<LOD,2.3890,0.4266,<LOD,0.0000,0.0000,,,,113683.4297 , 499.5835,35.7522,<LOD,8.0728,3.3518,<LOD,1.4769,0.1549,101458.6328 , 564.7726,7.6851,17.3831 , 4.3595,2.7682,<LOD,0.0000,0.0000,,,,2769.3230 , 56.5652,8.9985,198.3436 , 18.3940,2.6744,<LOD,12.7447,0.1711,25.3101 , 1.1369,1.7251,54.0793 , 4.5906,0.4722,83.2461 , 1.7188,5.3801,27.4452 , 2.4951,0.6147,482033.0000 , 11433.4209,53.1409 , 4.4337,0.4268,24.8563 , 1.3038,0.7528,208.0104 , 1.9940,6.7897,<LOD,1.1158,-0.0433,<LOD,2.2973,0.3094,685.7806 , 42.2146,14.5812,6514.8574 , 156.1556,7.5511,<LOD,54.8008,0.8976,15819.0156 , 254.1190,7.6520,,,,,,8,392.399994,39.008186,-122.666283,10.000000,528893.812500,4317738.000000,
450,Mining,120.41,30.05,30.28,30.01,30.07,"Mon May 4, 2026 - 11:26:38",User,1.5,ppm,,,,,,,,,Mining,,,,,,,,,,,,<LOD,1.2551,0.9946,113098.2109 , 1083.7576,1.8385,<LOD,2.5502,0.1132,<LOD,1.0654,0.1435,<LOD,1.9367,1.9503,<LOD,30.4981,5.4762,105.0119 , 4.1629,3.0212,<LOD,3.2375,0.3320,12191.2344 , 75.4096,34.0758,<LOD,0.0000,0.0000,<LOD,4699.9310,0.0558,<LOD,21.0670,0.4665,<LOD,0.9025,6.0225,4.2862 , 0.4879,3.7569,<LOD,4.8904,0.2397,1048.6206 , 179.2717,0.2786,10.6820 , 0.8707,0.4555,<LOD,1.1243,0.7350,<LOD,0.0000,0.0000,,,,8861.0879 , 94.5004,3.0711,<LOD,3.6393,5.6097,<LOD,0.6573,0.1955,324901.8750 , 733.3215,27.7029,<LOD,4.6496,4.3762,<LOD,0.0000,0.0000,,,,7853.3560 , 37.4059,25.7565,149.3437 , 9.9650,4.2694,<LOD,5.4693,0.1954,1.7523 , 0.4868,2.1484,<LOD,1.9587,0.2227,110.9187 , 1.0223,14.1615,<LOD,2.0718,0.3925,524629.7500 , 3743.4954,6.1178 , 1.6118,0.3379,40.5069 , 0.8916,2.6863,62.5906 , 0.6206,5.5045,6.1347 , 0.6739,0.4486,<LOD,1.7551,0.5230,358.0002 , 18.2018,23.1925,468.3808 , 26.3312,0.8332,<LOD,40.6441,0.7258,6011.7876 , 77.0370,3.1928,,,,,,6,398.000000,39.008293,-122.666275,10.000000,528894.812500,4317750.000000,
451,Mining,120.17,30.04,30.26,30.00,29.87,"Mon May 4, 2026 - 11:29:10",User,1.5,ppm,,,,,,,,,Mining,,,,,,,,,,,,<LOD,1.2005,1.0041,104251.2891 , 1023.8461,1.7311,<LOD,2.3962,0.1103,<LOD,1.0333,0.1498,<LOD,1.8538,1.9763,<LOD,29.5661,5.7072,98.0265 , 4.0677,3.0020,<LOD,3.0442,0.3254,12065.8115 , 73.5975,35.1687,<LOD,0.0000,0.0000,8736.1475 , 3131.1208,0.0642,<LOD,20.1235,0.4712,<LOD,0.8664,6.1896,4.7097 , 0.4720,3.9201,<LOD,4.6424,0.2364,945.5869 , 175.6826,0.2810,8.2295 , 0.7970,0.4224,<LOD,1.0862,0.7583,<LOD,0.0000,0.0000,,,,7983.1787 , 89.5958,2.8943,<LOD,3.4698,5.6501,<LOD,0.6495,0.2175,332695.1250 , 744.6672,29.7430,6.9442 , 1.8504,4.4432,<LOD,0.0000,0.0000,,,,7719.9893 , 37.0623,26.3284,136.5811 , 9.7930,4.2999,<LOD,5.1406,0.1913,1.5784 , 0.4648,2.1757,<LOD,1.8326,0.2161,105.6486 , 0.9725,14.1692,<LOD,1.9146,0.3669,518000.0625 , 3621.4209,6.0812 , 1.5358,0.3417,39.2299 , 0.8511,2.7138,61.1920 , 0.5961,5.6202,5.3698 , 0.6397,0.4412,<LOD,1.5222,0.5269,342.5894 , 17.2774,23.0628,521.6108 , 27.0466,0.9254,<LOD,40.2007,0.7472,6265.0220 , 78.4987,3.4518,,,,,,7,397.500000,39.008293,-122.666267,10.000000,528895.187500,4317750.000000,
452,Mining,120.28,30.00,30.00,30.00,30.28,"Mon May 4, 2026 - 11:35:12",User,1.5,ppm,,,,,,,,,Mining,,,,,,,,,,,,<LOD,1.6559,0.7383,115342.9297 , 1691.5726,1.8378,<LOD,3.1461,0.0861,<LOD,1.4289,0.1305,<LOD,2.4615,1.3218,<LOD,60.5997,14.6320,88.3254 , 6.2503,3.0503,17.9754 , 3.0484,0.3461,42865.5391 , 174.1057,94.0253,<LOD,0.0000,0.0000,22095.5684 , 4724.4971,0.0779,607.0433 , 29.7364,1.4970,<LOD,1.1394,4.5194,6.5035 , 0.6213,2.8517,16.8732 , 5.3467,0.2466,1401.1978 , 215.1474,0.2998,10.5579 , 1.0604,0.3369,<LOD,1.4765,0.5422,<LOD,0.0000,0.0000,,,,2269.4160 , 61.5787,0.8736,<LOD,4.7101,3.9148,<LOD,0.8528,0.1682,326332.5938 , 796.2164,23.1213,12.6275 , 2.5556,3.2436,<LOD,0.0000,0.0000,,,,8983.2773 , 53.0693,23.8361,182.6342 , 14.5973,4.0624,<LOD,7.6874,0.1976,9.2882 , 0.7206,2.3006,57.5189 , 3.1224,0.6680,149.1501 , 1.4118,12.6754,2.3855 , 1.1007,0.3091,451933.8125 , 5848.6733,<LOD,2.6641,0.1880,79.7903 , 1.4046,3.3386,124.3569 , 1.0148,6.9383,6.2450 , 0.8809,0.3692,2.3184 , 0.9979,0.4593,349.5518 , 23.5825,15.8903,7766.0171 , 107.8735,8.1722,<LOD,49.1463,0.7350,19286.4824 , 174.7377,8.2781,,,,,,7,396.500000,39.008293,-122.666260,10.000000,528895.500000,4317750.000000,
453,Mining,120.44,30.12,30.26,30.02,28.23,"Mon May 4, 2026 - 11:37:28",User,1.5,ppm,,,,,,,,,Mining,,,,,,,,,,,,<LOD,1.6634,0.7174,115122.5312 , 1712.5181,1.8367,<LOD,3.4586,0.1041,<LOD,1.3412,0.1142,<LOD,2.5380,1.3655,<LOD,61.1068,14.8330,83.0895 , 6.3147,3.0418,14.4240 , 2.9716,0.3269,43210.6016 , 174.5786,94.7260,<LOD,0.0000,0.0000,15799.0439 , 4706.5513,0.0708,606.8331 , 29.7982,1.4976,<LOD,1.1568,4.6485,5.7972 , 0.6191,2.8062,9.6185 , 5.3001,0.2337,1352.4652 , 226.2363,0.3056,11.6169 , 1.0837,0.3497,<LOD,1.5214,0.5571,<LOD,0.0000,0.0000,,,,2300.8477 , 64.1010,0.8789,<LOD,4.8048,3.9501,<LOD,0.8873,0.1773,329160.3438 , 816.3471,23.4097,16.5487 , 2.6140,3.2917,<LOD,0.0000,0.0000,,,,9158.2334 , 53.9068,24.2542,194.9816 , 14.9115,4.1613,<LOD,7.6170,0.1928,9.3530 , 0.7236,2.3050,52.9696 , 3.0504,0.6339,148.9687 , 1.4134,12.6505,2.1492 , 1.1159,0.3129,454622.5625 , 5815.3711,<LOD,2.7229,0.1978,79.7252 , 1.4074,3.3316,124.5691 , 1.0174,6.9392,6.8611 , 0.8616,0.3626,2.2547 , 1.0024,0.4604,351.7148 , 23.9646,15.8523,7930.9434 , 109.5324,8.2786,<LOD,51.2525,0.7457,19620.9473 , 177.7692,8.4281,,,,,,8,396.500000,39.008286,-122.666252,10.000000,528896.500000,4317749.000000,
454,Mining,120.21,30.13,30.15,30.27,29.66,"Mon May 4, 2026 - 11:40:38",User,1.5,ppm,,,,,,,,,Mining,,,,,,,,,,,,<LOD,1.5886,0.7093,112472.7656 , 1740.4984,1.7784,<LOD,3.0801,0.0863,<LOD,1.2800,0.1099,<LOD,2.3856,1.2986,<LOD,56.1202,12.5726,100.9091 , 6.0710,2.9517,20.7748 , 3.0261,0.3583,38474.8086 , 164.7136,82.1735,<LOD,0.0000,0.0000,15246.2168 , 4998.3018,0.0769,605.7986 , 28.9912,1.4296,<LOD,1.0847,4.2514,3.7271 , 0.5947,2.7103,18.1561 , 4.9197,0.2242,4993.1938 , 401.7415,1.0164,8.7367 , 0.9879,0.3064,<LOD,1.3982,0.5063,<LOD,0.0000,0.0000,,,,11484.8770 , 124.5290,3.3943,<LOD,4.5765,3.8775,<LOD,0.8538,0.1798,269101.7812 , 779.6666,18.8779,12.2616 , 2.4774,3.1851,<LOD,0.0000,0.0000,,,,6316.8633 , 44.7301,16.5043,157.6908 , 12.6203,3.0131,<LOD,7.2310,0.1836,14.6842 , 0.6983,2.3266,47.2232 , 2.8600,0.5880,97.7666 , 1.2517,10.6101,<LOD,1.9809,0.2502,491439.7812 , 6012.5898,<LOD,2.7619,0.1954,47.9368 , 1.1233,2.1474,276.8427 , 1.5244,14.8211,4.0786 , 0.7708,0.2904,2.4344 , 1.0443,0.5294,317.1520 , 22.7244,15.2980,34525.3594 , 207.8617,35.1033,<LOD,54.5537,0.8419,14208.1963 , 151.1750,6.5092,,,,,,8,396.600006,39.008289,-122.666252,10.000000,528896.500000,4317749.500000,
455,Mining,126.15,35.65,30.28,30.11,30.11,"Mon May 4, 2026 - 11:44:11",User,1.5,ppm,,,,,,,,,Mining,,,,,,,,,,,,<LOD,1.6250,0.7178,119007.3047 , 1787.7769,1.8758,<LOD,3.1398,0.0918,<LOD,1.3739,0.1290,<LOD,2.4558,1.3375,<LOD,55.8475,12.6102,107.0521 , 5.9752,2.9669,16.9598 , 2.9230,0.3398,37768.8125 , 171.1157,81.8479,<LOD,0.0000,0.0000,30887.3398 , 5185.8354,0.0949,570.4379 , 28.4273,1.3886,<LOD,1.0677,4.1809,3.8672 , 0.5924,2.7393,13.5440 , 4.8528,0.2196,4482.1494 , 372.0315,0.9564,8.3073 , 0.9705,0.3010,<LOD,1.3938,0.4841,<LOD,0.0000,0.0000,,,,10501.5977 , 114.7142,3.1523,<LOD,4.6486,3.8658,<LOD,0.8265,0.1673,277542.0938 , 781.6785,19.8286,13.2460 , 2.5218,3.1942,<LOD,0.0000,0.0000,,,,6301.2046 , 44.2954,16.5704,132.5943 , 12.2049,2.9106,<LOD,7.1348,0.1817,15.9859 , 0.7049,2.4170,48.5135 , 2.8738,0.6035,96.9839 , 1.2516,10.6911,<LOD,1.4200,0.2229,463284.0312 , 6242.3999,<LOD,3.7199,0.2068,46.9282 , 1.1157,2.1467,274.1723 , 1.5411,14.9414,2.9247 , 0.7866,0.2932,2.4985 , 1.0406,0.5351,321.2541 , 23.1310,15.3676,34349.2266 , 208.2520,35.3748,<LOD,51.8446,0.8355,14200.9375 , 150.3900,6.5938,,,,,,8,396.399994,39.008293,-122.666252,10.000000,528896.375000,4317750.000000,
456,Mining,120.52,30.19,30.23,30.15,29.95,"Mon May 4, 2026 - 11:47:23",User,1.5,ppm,,,,,,,,,Mining,,,,,,,,,,,,<LOD,1.7119,0.7602,162216.2500 , 2393.7952,2.5024,<LOD,3.1545,0.0899,<LOD,1.3486,0.1211,<LOD,2.4229,1.3276,<LOD,55.9831,12.2812,88.1764 , 5.8166,2.7637,32.0104 , 3.2365,0.4066,37052.0352 , 203.8886,78.9844,<LOD,0.0000,0.0000,46711.3828 , 5974.0210,0.1169,667.2082 , 30.0833,1.4990,<LOD,1.0830,4.1648,3.9790 , 0.5956,2.6765,10.7978 , 4.8780,0.2188,1678.1658 , 256.4798,0.3862,8.5902 , 0.9851,0.3020,<LOD,1.4051,0.5051,<LOD,0.0000,0.0000,,,,4440.4185 , 83.3781,1.4642,<LOD,4.6214,3.9049,<LOD,0.8739,0.1869,324176.4062 , 940.5088,23.6512,16.8580 , 2.5266,3.3007,<LOD,0.0000,0.0000,,,,6045.1914 , 45.3754,15.5923,150.4001 , 12.0755,2.8234,<LOD,7.3686,0.1894,19.5420 , 0.7300,2.5211,48.9087 , 2.9091,0.6016,98.6535 , 1.3039,10.7394,<LOD,1.4295,0.2177,361829.9375 , 7534.5947,<LOD,2.6749,0.1948,42.1497 , 1.0929,1.9539,286.7859 , 1.7152,15.3846,3.9340 , 0.7908,0.2961,4.1607 , 1.0697,0.5519,363.8201 , 23.3064,15.9929,40719.7148 , 240.8488,41.7195,<LOD,53.7334,0.7736,13284.5400 , 147.6780,6.1983,,,,,,8,396.200012,39.008293,-122.666252,10.000000,528896.250000,4317750.000000,
457,Mining,120.56,30.25,30.17,30.00,30.14,"Mon May 4, 2026 - 11:49:52",User,1.5,ppm,,,,,,,,,Mining,,,,,,,,,,,,<LOD,1.8945,0.7503,152896.9531 , 2246.7202,2.3601,<LOD,3.3318,0.0964,<LOD,1.4432,0.1327,<LOD,2.4263,1.2770,<LOD,56.8871,12.1835,97.4437 , 5.7905,2.7703,56.0838 , 3.7469,0.5217,37509.0156 , 189.2200,78.7158,<LOD,0.0000,0.0000,39034.6211 , 5612.2505,0.1057,679.1915 , 30.5939,1.4957,<LOD,1.0963,4.0698,4.0891 , 0.6082,2.6701,18.4444 , 5.0830,0.2352,1855.3772 , 256.1228,0.4037,7.8788 , 0.9864,0.2894,<LOD,1.4361,0.5092,<LOD,0.0000,0.0000,,,,3293.9685 , 73.0642,1.1607,<LOD,4.6637,3.8284,<LOD,0.8815,0.1781,313422.1875 , 866.3608,22.1776,16.0102 , 2.5447,3.2223,<LOD,0.0000,0.0000,,,,5961.3291 , 43.6041,15.1902,127.1977 , 11.7397,2.6761,<LOD,7.5651,0.1908,18.5498 , 0.7326,2.4343,60.3411 , 3.1635,0.6812,98.3826 , 1.3011,10.5090,<LOD,1.8592,0.2354,392049.0312 , 7164.0610,<LOD,3.9329,0.2058,42.5215 , 1.1129,1.9483,282.6205 , 1.6552,14.8986,3.8786 , 0.8285,0.3044,5.0285 , 1.1020,0.5601,391.2746 , 23.6166,15.9967,39369.9102 , 227.4242,39.9181,<LOD,51.9376,0.7602,12698.6572 , 142.6127,5.8588,,,,,,7,396.200012,39.008289,-122.666252,10.000000,528896.250000,4317749.500000,
458,Mining,120.54,30.15,30.19,30.13,28.87,"Mon May 4, 2026 - 11:53:24",User,1.5,ppm,,,,,,,,,Mining,,,,,,,,,,,,<LOD,1.5875,0.7603,134531.2031 , 1860.5736,2.1008,<LOD,3.1783,0.0999,<LOD,1.3054,0.1237,<LOD,2.3564,1.3563,<LOD,57.7233,14.8863,79.7502 , 5.6833,2.9299,117.4077 , 4.5719,0.8875,41897.4922 , 194.5450,96.9596,<LOD,0.0000,0.0000,30788.6621 , 5199.9336,0.0947,647.5513 , 29.2618,1.6287,<LOD,1.0599,4.3091,3.5120 , 0.5895,2.8471,15.7191 , 4.9538,0.2334,1785.7412 , 252.0591,0.4262,10.2745 , 1.0074,0.3452,<LOD,1.3692,0.5193,<LOD,0.0000,0.0000,,,,4756.0298 , 82.9841,1.6741,<LOD,4.5457,4.1163,<LOD,0.8345,0.1813,283234.0312 , 826.9606,21.4493,13.9496 , 2.4577,3.3633,<LOD,0.0000,0.0000,,,,6019.9668 , 43.6669,17.0326,134.7657 , 11.9121,3.0400,<LOD,7.2376,0.1993,15.6090 , 0.7027,2.5348,77.5208 , 3.3575,0.8775,100.9021 , 1.2743,11.5350,<LOD,1.5880,0.2702,445808.4375 , 6217.0420,7.4332 , 1.9266,0.2694,49.7190 , 1.1479,2.3862,281.3538 , 1.5906,16.0339,3.8775 , 0.7767,0.3150,4.4512 , 1.0856,0.6149,329.1243 , 22.5894,16.1947,35909.1367 , 214.3433,39.8258,<LOD,50.0186,0.7810,13376.3799 , 144.8775,6.6795,,,,,,9,396.299988,39.008293,-122.666260,10.000000,528896.062500,4317750.000000,
459,Mining,117.68,30.08,30.27,30.04,27.29,"Mon May 4, 2026 - 11:55:42",User,1.5,ppm,,,,,,,,,Mining,,,,,,,,,,,,<LOD,1.6493,0.7673,132201.7500 , 1912.9690,2.0669,<LOD,3.4055,0.1064,<LOD,1.4616,0.1440,<LOD,2.4466,1.3685,<LOD,60.0307,15.0777,79.6608 , 5.9241,2.9083,127.0271 , 4.8275,0.9184,43029.4531 , 196.6393,97.4719,<LOD,0.0000,0.0000,22369.5332 , 5249.6992,0.0854,661.4949 , 30.2503,1.6303,<LOD,1.1081,4.3817,3.5743 , 0.6081,2.8004,12.8075 , 5.1530,0.2329,1997.5103 , 274.9866,0.4583,10.4421 , 1.0411,0.3414,<LOD,1.4391,0.5375,<LOD,0.0000,0.0000,,,,5503.9014 , 92.2848,1.8747,<LOD,4.6830,4.0649,<LOD,0.8905,0.1908,284884.8750 , 842.1146,21.1941,13.7650 , 2.5364,3.3419,<LOD,0.0000,0.0000,,,,5977.8784 , 44.5330,16.5237,151.2169 , 12.4082,3.0197,<LOD,7.8732,0.2194,16.1773 , 0.7287,2.5249,87.2573 , 3.6074,0.9395,99.9230 , 1.3042,11.2683,<LOD,1.5605,0.2666,452721.4062 , 6323.4912,8.7628 , 2.0722,0.2877,50.7260 , 1.1878,2.3707,291.6868 , 1.6488,16.1776,2.3065 , 0.8195,0.3054,4.3952 , 1.1256,0.6113,328.9944 , 23.2925,16.0324,35921.4102 , 219.3693,38.9494,<LOD,52.9323,0.7949,13442.0605 , 149.7265,6.5554,,,,,,8,396.600006,39.008293,-122.666260,10.000000,528895.625000,4317750.000000,
460,Mining,120.07,30.20,30.05,30.15,29.67,"Mon May 4, 2026 - 12:03:32",User,1.5,ppm,,,,,,,,,Mining,,,,,,,,,,,,<LOD,1.4055,0.8217,96960.4297 , 1296.4633,1.6254,<LOD,2.6153,0.0971,<LOD,1.1221,0.1303,<LOD,1.9829,1.5357,<LOD,38.6956,7.7904,57.3447 , 4.8403,2.6248,6.3982 , 2.3696,0.3331,19840.6328 , 112.1027,49.7254,<LOD,0.0000,0.0000,<LOD,7517.1438,0.0578,64.8264 , 16.6849,0.5992,<LOD,1.0198,6.1080,9.6109 , 0.5643,3.9229,<LOD,5.2164,0.1907,1355.7469 , 204.3066,0.3113,12.7227 , 0.9583,0.4498,<LOD,1.1534,0.5808,<LOD,0.0000,0.0000,,,,8103.6196 , 98.2389,2.6970,<LOD,3.7013,4.3465,<LOD,0.6693,0.1643,346880.0312 , 886.9170,28.3796,6.8770 , 1.9766,3.4117,<LOD,0.0000,0.0000,,,,11214.4092 , 56.1696,33.5247,193.1203 , 13.5844,5.4211,<LOD,5.7712,0.1793,12.0378 , 0.7183,3.7238,16.4289 , 1.9644,0.4220,193.6286 , 1.4406,19.5599,2.6261 , 1.0003,0.4142,489307.7188 , 5419.4961,7.9960 , 1.7063,0.3120,131.3177 , 1.5871,6.7675,77.3465 , 0.7210,5.7577,7.1463 , 0.7720,0.5049,2.3553 , 0.9188,0.6356,230.4117 , 18.0001,16.2008,2151.7688 , 58.3768,2.9825,<LOD,46.8649,0.8082,20360.8887 , 159.4588,9.7067,,,,,,9,396.899994,39.008308,-122.666260,10.000000,528895.937500,4317751.500000,
461,Mining,120.44,30.00,30.26,30.13,30.05,"Mon May 4, 2026 - 12:06:05",User,1.5,ppm,,,,,,,,,Mining,,,,,,,,,,,,<LOD,1.3235,0.8137,96800.6016 , 1184.5674,1.6262,<LOD,2.7273,0.1101,<LOD,1.0826,0.1263,<LOD,2.3462,1.5771,<LOD,37.9126,7.7800,46.0691 , 4.5589,2.5154,4.2142 , 2.2779,0.3204,19530.5859 , 98.6666,49.0967,<LOD,0.0000,0.0000,7615.8555 , 3646.1008,0.0630,54.1325 , 16.1144,0.5798,<LOD,0.9865,6.1054,8.7793 , 0.5381,3.8291,<LOD,5.3202,0.2159,1143.8909 , 200.6155,0.2964,12.0255 , 0.9365,0.4469,<LOD,1.1498,0.5628,<LOD,0.0000,0.0000,,,,7993.2251 , 96.0931,2.6490,<LOD,3.7496,4.3770,<LOD,0.7043,0.1916,350892.5000 , 783.5710,28.8300,10.4735 , 2.0118,3.4781,<LOD,0.0000,0.0000,,,,10949.4805 , 49.7917,32.8760,193.5239 , 12.9379,5.3513,<LOD,5.5999,0.1756,12.0771 , 0.7019,3.7129,14.2403 , 1.8803,0.4027,191.7667 , 1.3487,19.5062,2.1944 , 0.9659,0.3963,481967.1250 , 4195.7681,11.7374 , 1.7631,0.3525,129.4439 , 1.5175,6.6920,77.8987 , 0.6993,5.8238,9.5267 , 0.7802,0.5529,<LOD,2.1540,0.6203,243.1801 , 18.2107,16.3728,2125.9695 , 55.5391,2.9527,<LOD,46.3271,0.7887,19959.4941 , 148.2019,9.5318,,,,,,10,397.100006,39.008312,-122.666252,10.000000,528896.812500,4317752.000000,
462,Mining,125.97,35.62,30.12,30.11,30.12,"Mon May 4, 2026 - 12:09:31",User,1.5,ppm,,,,,,,,,Mining,,,,,,,,,,,,<LOD,1.5931,0.7815,80159.4219 , 1252.0526,1.3685,<LOD,3.0441,0.0912,<LOD,1.3128,0.1241,<LOD,2.3966,1.4370,50.9643 , 35.1153,11.4214,72.3258 , 5.3885,2.6952,7.8504 , 2.7223,0.3086,32531.8574 , 133.4631,71.4902,<LOD,0.0000,0.0000,16688.3477 , 4053.1819,0.0644,548.8172 , 27.9022,1.3458,<LOD,1.1463,5.2238,9.4978 , 0.6349,3.3793,7.7408 , 4.6919,0.2558,952.0167 , 178.6309,0.2163,10.7438 , 1.0319,0.3607,<LOD,1.4510,0.6007,<LOD,0.0000,0.0000,,,,1369.7637 , 51.0456,0.6310,<LOD,4.5952,4.2937,<LOD,0.7902,0.1590,361211.7500 , 757.8348,26.2535,12.0431 , 2.4846,3.5247,<LOD,0.0000,0.0000,,,,10146.7109 , 50.2947,26.8194,214.1705 , 13.9135,4.5426,<LOD,7.4448,0.2084,23.2872 , 0.8649,3.7800,54.9391 , 2.9674,0.6774,195.9688 , 1.4891,16.2253,2.2087 , 1.0649,0.3233,469659.1562 , 4854.9072,3.5678 , 1.8710,0.2462,132.1824 , 1.6957,5.6087,77.7637 , 0.7727,4.7607,7.3552 , 0.8734,0.4363,2.8726 , 1.0169,0.5366,373.5844 , 23.0023,17.5342,5728.1299 , 86.3242,6.1792,<LOD,47.9205,0.7641,19744.9824 , 159.1151,8.4336,,,,,,6,401.399994,39.008221,-122.666138,10.000000,528906.187500,4317742.000000,
463,Mining,120.30,30.12,30.17,30.01,28.50,"Mon May 4, 2026 - 12:11:46",User,1.5,ppm,,,,,,,,,Mining,,,,,,,,,,,,<LOD,1.5855,0.7687,79560.2031 , 1324.5952,1.3581,<LOD,3.2320,0.0999,<LOD,1.4179,0.1414,<LOD,2.4080,1.4460,<LOD,53.6327,11.5469,74.2621 , 5.4130,2.7108,6.6036 , 2.7331,0.3036,33134.6367 , 140.4587,73.5280,<LOD,0.0000,0.0000,20952.6660 , 4381.7671,0.0688,564.5025 , 28.5807,1.3854,<LOD,1.1418,5.1666,10.2879 , 0.6377,3.4293,10.4390 , 4.8734,0.2466,939.9216 , 186.4221,0.2153,11.0309 , 1.0584,0.3697,<LOD,1.4464,0.5930,<LOD,0.0000,0.0000,,,,1550.9348 , 54.9094,0.6725,<LOD,4.5794,4.2271,<LOD,0.8891,0.2040,356504.9688 , 802.8007,26.0311,9.4451 , 2.4687,3.4469,<LOD,0.0000,0.0000,,,,10099.5312 , 51.0849,26.9603,206.9606 , 13.9385,4.5387,<LOD,7.3495,0.1977,22.8984 , 0.8727,3.7526,57.4878 , 3.0523,0.6996,196.9626 , 1.5244,16.3533,2.0707 , 1.0865,0.3261,470506.9062 , 5160.3496,5.2514 , 1.9198,0.2564,129.5473 , 1.7070,5.5238,74.3977 , 0.7708,4.6069,5.4275 , 0.8865,0.4183,<LOD,2.4514,0.5125,384.2420 , 23.0485,17.5716,5241.7246 , 84.7372,5.8444,<LOD,50.3885,0.7689,19736.6797 , 160.9034,8.5107,,,,,,6,386.899994,39.008072,-122.666229,10.000000,528898.312500,4317725.500000,
464,Mining,120.20,30.06,30.04,30.08,28.18,"Mon May 4, 2026 - 12:16:31",User,1.5,ppm,,,,,,,,,Mining,,,,,,,,,,,,<LOD,1.5262,0.7357,77468.9375 , 1297.0604,1.2999,<LOD,3.2277,0.1037,<LOD,1.2030,0.1049,<LOD,2.2873,1.3472,<LOD,50.0845,10.0666,87.7861 , 5.6324,2.7239,11.1793 , 2.7426,0.3153,29792.9414 , 125.8057,64.2633,<LOD,0.0000,0.0000,9390.1143 , 4177.9634,0.0578,506.1063 , 26.9081,1.2289,<LOD,1.0518,4.4078,3.9325 , 0.5905,2.9419,<LOD,6.5950,0.1996,1031.5721 , 199.4622,0.2278,6.6679 , 0.9196,0.2876,<LOD,1.2741,0.4668,<LOD,0.0000,0.0000,,,,2421.2012 , 66.3100,0.9346,<LOD,4.3215,3.8891,<LOD,0.8209,0.1736,311420.6250 , 768.6611,21.5240,8.3435 , 2.3265,3.1406,<LOD,0.0000,0.0000,,,,8692.4229 , 48.2195,22.6101,167.2413 , 13.4357,3.8119,<LOD,6.7121,0.1705,22.3505 , 0.7786,3.1562,36.0606 , 2.5928,0.5194,115.4935 , 1.2330,11.5520,2.4099 , 0.9730,0.2794,526637.6250 , 4886.6792,<LOD,2.5003,0.1937,75.6926 , 1.3126,3.3403,188.2895 , 1.1808,10.7667,4.2162 , 0.7529,0.3123,2.0885 , 0.9925,0.5204,278.0160 , 21.2836,15.0792,15643.7578 , 136.9184,15.9115,<LOD,53.4895,0.8186,15984.9219 , 150.6171,6.8968,,,,,,10,396.200012,39.008350,-122.666237,10.000000,528897.937500,4317756.000000,
465,Mining,120.38,30.08,30.22,30.25,29.83,"Mon May 4, 2026 - 12:18:56",User,1.5,ppm,,,,,,,,,Mining,,,,,,,,,,,,<LOD,2.2416,0.7274,59659.8672 , 1198.6743,1.0189,<LOD,3.0157,0.0817,<LOD,1.2702,0.1061,<LOD,2.4301,1.2764,<LOD,53.3269,10.7194,66.9851 , 5.4315,2.5335,16.0462 , 2.9264,0.3264,33535.4844 , 134.8979,69.1988,<LOD,0.0000,0.0000,<LOD,7606.6069,0.0462,528.5897 , 27.7961,1.2352,<LOD,1.0732,4.2921,4.4411 , 0.5928,2.7823,<LOD,8.1291,0.1871,1427.5259 , 231.4049,0.2983,8.6666 , 0.9878,0.3015,<LOD,1.3395,0.4320,<LOD,0.0000,0.0000,,,,5271.1860 , 86.8046,1.6066,<LOD,4.5974,3.7051,<LOD,0.8066,0.1550,269363.2188 , 737.1589,17.0898,5.5221 , 2.4502,2.9072,<LOD,0.0000,0.0000,,,,9325.6211 , 49.0884,23.3849,169.0807 , 13.5254,3.9161,<LOD,6.7532,0.1564,15.7683 , 0.7669,2.7335,50.5419 , 2.9235,0.6004,141.6246 , 1.3252,12.0509,1.6169 , 1.0176,0.2685,591915.5625 , 5638.3271,<LOD,3.7530,0.1944,88.9443 , 1.4206,3.5941,128.6562 , 0.9925,7.0574,4.4273 , 0.7952,0.3152,<LOD,1.4277,0.4320,299.1682 , 22.6443,14.3924,7862.1060 , 99.1945,7.8399,<LOD,53.4285,0.8039,18291.2227 , 155.5686,7.3756,,,,,,10,394.500000,39.008347,-122.666245,10.000000,528897.187500,4317756.000000,
466,Mining,125.93,35.59,30.10,30.23,30.01,"Mon May 4, 2026 - 12:22:03",User,1.5,ppm,,,,,,,,,Mining,,,,,,,,,,,,<LOD,1.5437,0.7302,80934.3438 , 1405.6954,1.2927,<LOD,3.0266,0.0869,<LOD,1.3055,0.1182,<LOD,2.3571,1.3943,<LOD,56.4250,8.7788,57.4008 , 4.7327,2.2602,13.8368 , 2.8831,0.3306,26321.6836 , 119.2204,54.9822,<LOD,0.0000,0.0000,<LOD,7556.2427,0.0529,71.2061 , 19.3883,0.5799,<LOD,1.0679,4.5461,3.4583 , 0.5776,2.8193,<LOD,6.4760,0.1878,4040.6614 , 336.4148,0.6922,7.3169 , 0.9509,0.2956,<LOD,1.3610,0.5219,<LOD,0.0000,0.0000,,,,16172.1348 , 136.7762,4.1840,<LOD,4.4915,4.1468,<LOD,0.8145,0.1675,230886.0000 , 689.2858,13.8795,11.3149 , 2.4068,3.3067,<LOD,0.0000,0.0000,,,,2726.6619 , 26.7037,7.0216,96.7546 , 8.0505,1.5118,<LOD,6.9253,0.1731,11.4149 , 0.6893,2.3654,26.8667 , 2.4780,0.4507,110.9753 , 1.1788,10.2935,6.9222 , 1.1169,0.3897,626402.6875 , 5940.2744,4.5144 , 1.8677,0.2422,63.2137 , 1.2188,2.7825,99.0702 , 0.8705,5.8417,4.9233 , 0.7895,0.3220,<LOD,1.7413,0.4243,358.5615 , 22.2625,16.5428,1871.5638 , 49.6607,1.9293,<LOD,53.4041,0.8207,7906.1074 , 102.7911,3.1636,,,,,,9,394.799988,39.008347,-122.666245,10.000000,528897.187500,4317756.000000,
467,Mining,120.33,30.26,30.00,30.02,29.14,"Mon May 4, 2026 - 12:24:25",User,1.5,ppm,,,,,,,,,Mining,,,,,,,,,,,,<LOD,1.5695,0.7259,77808.5625 , 1605.2124,1.2384,<LOD,3.0798,0.0931,<LOD,1.2382,0.1096,<LOD,2.4082,1.4062,<LOD,46.8512,8.3741,50.3385 , 4.8112,2.2466,22.1461 , 3.0069,0.3708,25475.1211 , 124.0082,52.7999,<LOD,0.0000,0.0000,<LOD,9722.0574,0.0539,<LOD,41.2099,0.4933,<LOD,1.0439,4.5064,3.8850 , 0.5675,2.8256,<LOD,6.2244,0.1782,3801.5425 , 354.0714,0.6762,5.2665 , 0.8800,0.2607,<LOD,1.3856,0.5203,<LOD,0.0000,0.0000,,,,15589.9502 , 143.0490,4.0154,<LOD,4.5115,4.0050,<LOD,0.7968,0.1619,212374.7031 , 728.9627,12.4853,9.1499 , 2.4172,3.1906,<LOD,0.0000,0.0000,,,,1694.7153 , 22.7488,4.4249,87.9784 , 7.1618,1.1410,<LOD,7.1222,0.1886,9.5355 , 0.6452,2.1434,63.3207 , 3.1014,0.7279,102.0304 , 1.1175,9.3852,5.4167 , 1.0232,0.3340,646785.8750 , 7459.8838,10.3606 , 2.0106,0.2944,53.3852 , 1.1146,2.3729,74.4852 , 0.7543,4.4966,3.5637 , 0.7299,0.2774,<LOD,1.3054,0.3909,316.5867 , 22.2685,15.7042,2582.3840 , 58.4540,2.5817,<LOD,57.6530,0.8560,9371.6562 , 113.7751,3.6893,,,,,,10,395.200012,39.008347,-122.666245,10.000000,528897.062500,4317756.000000,
468,Mining,120.53,30.11,30.24,30.13,29.42,"Mon May 4, 2026 - 12:27:26",User,1.5,ppm,,,,,,,,,Mining,,,,,,,,,,,,<LOD,1.4438,0.8445,149510.3594 , 1673.6628,2.2924,<LOD,2.9562,0.1125,<LOD,1.2031,0.1358,<LOD,2.0693,1.5941,<LOD,29.6869,3.7845,67.7764 , 4.4428,2.3478,8.1582 , 2.5225,0.3390,10071.8916 , 73.3065,23.4074,<LOD,0.0000,0.0000,8779.2588 , 3961.4016,0.0694,42.6694 , 16.4026,0.4705,<LOD,1.4297,6.3207,10.2556 , 0.5887,3.9182,<LOD,5.0086,0.1935,1624.5033 , 223.6410,0.3195,14.6370 , 1.0327,0.4755,<LOD,1.2307,0.6306,<LOD,0.0000,0.0000,,,,9056.6992 , 105.7992,2.7271,<LOD,3.8622,4.5453,<LOD,0.7851,0.2112,291450.1250 , 780.5827,20.5925,10.2196 , 2.0647,3.5787,<LOD,0.0000,0.0000,,,,9692.7432 , 46.8453,26.6441,197.5669 , 12.0360,4.4778,<LOD,5.9939,0.1744,14.3556 , 0.7291,3.5627,5.7710 , 1.8051,0.3200,209.4244 , 1.4955,20.7018,4.1425 , 1.1046,0.4698,500729.6250 , 5191.5244,9.0500 , 1.8120,0.3204,109.1520 , 1.4799,5.5563,103.8143 , 0.8445,7.3219,9.3338 , 0.8273,0.5314,3.6658 , 0.9666,0.6444,287.6322 , 18.8586,17.3897,1180.3334 , 44.3109,1.6602,<LOD,47.4775,0.6929,16796.7852 , 134.0456,7.2623,,,,,,10,395.600006,39.008343,-122.666252,10.000000,528896.500000,4317755.500000,
469,Mining,120.30,30.03,30.25,30.00,27.87,"Mon May 4, 2026 - 12:29:45",User,1.5,ppm,,,,,,,,,Mining,,,,,,,,,,,,<LOD,1.3571,0.8208,145851.0781 , 1788.0310,2.2409,<LOD,2.7873,0.1048,<LOD,1.1975,0.1408,<LOD,2.0504,1.5407,<LOD,29.2458,3.8517,68.7968 , 4.5294,2.3557,8.9854 , 2.4811,0.3432,10238.0498 , 74.5810,23.6856,<LOD,0.0000,0.0000,<LOD,7001.1218,0.0607,36.8551 , 15.8370,0.4599,<LOD,1.2130,6.2587,10.1238 , 0.5736,3.8957,<LOD,4.9019,0.1932,1434.4000 , 228.5513,0.3135,12.7877 , 0.9718,0.4402,<LOD,1.2340,0.6263,<LOD,0.0000,0.0000,,,,9209.6162 , 109.1445,2.7544,<LOD,3.8346,4.4052,<LOD,0.7264,0.1868,291198.7188 , 828.5581,20.4975,14.0092 , 2.0732,3.5830,<LOD,0.0000,0.0000,,,,9806.6914 , 49.4509,26.8508,190.6479 , 12.2495,4.4744,<LOD,5.8324,0.1727,14.6110 , 0.7120,3.5537,8.2578 , 1.8211,0.3411,207.3869 , 1.4882,20.4083,5.3018 , 1.0710,0.4771,511735.9062 , 5832.5645,8.0427 , 1.7385,0.3074,108.3959 , 1.4479,5.4793,102.6829 , 0.8288,7.2106,8.3475 , 0.8000,0.5100,2.8769 , 0.9280,0.6211,302.3140 , 18.8899,17.3047,1236.9553 , 45.3957,1.6964,<LOD,49.3364,0.7237,16808.5000 , 137.5505,7.2425,,,,,,10,395.600006,39.008339,-122.666252,10.000000,528896.375000,4317755.000000,
470,Mining,120.42,30.19,30.18,30.03,30.02,"Mon May 4, 2026 - 14:47:02",User,1.5,ppm,,,,,,,,,Mining,,,,,,,,,,,,<LOD,1.9199,0.6885,119796.8828 , 2349.5117,1.8686,<LOD,3.6273,0.0819,<LOD,1.5824,0.1151,<LOD,2.7791,1.1530,<LOD,63.3414,11.1115,89.0178 , 6.2121,2.4600,12.7440 , 3.2506,0.2829,39740.1289 , 170.8707,71.7633,<LOD,0.0000,0.0000,26629.9551 , 5903.2339,0.0859,533.9460 , 31.1287,1.1422,<LOD,1.2356,3.7094,6.1048 , 0.6847,2.4455,24.3447 , 5.7989,0.2258,1336.1906 , 244.4197,0.2565,8.3902 , 1.1121,0.2655,<LOD,1.6862,0.4893,<LOD,0.0000,0.0000,,,,13153.5254 , 136.0130,3.2521,<LOD,5.4805,3.6823,<LOD,1.0068,0.1712,305245.7812 , 807.6804,18.4226,17.5118 , 2.9832,3.0886,<LOD,0.0000,0.0000,,,,6135.9956 , 44.7609,13.5110,179.8882 , 12.9846,2.5515,<LOD,8.8086,0.1794,15.1912 , 0.7786,1.9811,38.0770 , 3.0586,0.4608,112.8390 , 1.4577,9.8946,<LOD,2.1080,0.2157,441033.6250 , 7884.9639,3.8421 , 2.1545,0.2075,44.9508 , 1.2260,1.7348,290.3377 , 1.7052,13.0662,4.2537 , 0.9154,0.2701,3.4906 , 1.2017,0.4769,463.8799 , 27.8107,15.6024,33286.6211 , 207.5367,28.7812,<LOD,56.5645,0.6922,11792.4883 , 143.8887,4.6368,,,,,,7,416.500000,39.005604,-122.667564,10.000000,528783.750000,4317451.000000,
471,Mining,120.55,30.14,30.02,30.28,30.11,"Mon May 4, 2026 - 14:49:55",User,1.5,ppm,,,,,,,,,Mining,,,,,,,,,,,,<LOD,1.9360,0.7439,139346.6719 , 1994.1342,2.1795,<LOD,3.3405,0.1029,<LOD,1.3532,0.1237,<LOD,2.3960,1.3199,<LOD,57.3625,13.3202,91.4359 , 5.9209,2.9251,8.7088 , 2.7727,0.3022,39224.1211 , 190.9384,86.4029,<LOD,0.0000,0.0000,34444.5859 , 5394.4971,0.1008,575.1583 , 28.8464,1.4296,<LOD,1.0978,4.3300,5.3498 , 0.6093,2.8514,19.9583 , 5.0766,0.2429,1266.8203 , 219.6493,0.2909,9.5204 , 1.0124,0.3238,<LOD,1.4420,0.5430,<LOD,0.0000,0.0000,,,,11461.9600 , 121.1970,3.4379,<LOD,4.5494,3.8580,<LOD,0.8734,0.1849,311359.2812 , 856.3101,23.0558,16.5339 , 2.4723,3.1990,<LOD,0.0000,0.0000,,,,6439.5391 , 45.7231,17.1923,182.5873 , 12.6538,3.1886,<LOD,7.2154,0.1839,14.2988 , 0.6965,2.3200,36.4765 , 2.6752,0.5173,107.7506 , 1.3236,11.5002,<LOD,1.4793,0.2391,408054.1250 , 6628.7314,<LOD,4.1474,0.2156,45.2619 , 1.1285,2.1381,270.5093 , 1.5876,14.8958,4.7464 , 0.8097,0.3209,5.1753 , 1.0918,0.5830,366.7535 , 22.8255,15.7222,33768.4844 , 211.8248,35.5209,<LOD,49.5604,0.7230,12874.2031 , 145.0308,6.0949,,,,,,7,416.700012,39.005604,-122.667564,10.000000,528784.187500,4317451.000000,
472,Mining,120.86,30.20,30.29,30.27,30.10,"Mon May 4, 2026 - 14:53:28",User,1.5,ppm,,,,,,,,,Mining,,,,,,,,,,,,<LOD,1.9986,0.7063,131243.7500 , 2147.4517,2.0347,<LOD,3.5602,0.0826,<LOD,1.5556,0.1165,<LOD,2.7339,1.1696,<LOD,75.3292,20.4036,75.1392 , 6.8535,2.9788,12.2625 , 3.2420,0.2999,66346.4609 , 266.3005,138.7603,<LOD,0.0000,0.0000,26410.7988 , 5804.0381,0.0925,1197.7804 , 39.3164,2.4197,<LOD,1.4049,3.8509,4.5472 , 0.6864,2.5069,65.8464 , 6.6111,0.2462,2134.3909 , 270.7113,0.4301,8.8340 , 1.1191,0.2805,<LOD,1.6773,0.5089,<LOD,0.0000,0.0000,,,,19632.7324 , 156.3072,5.5004,<LOD,5.3506,3.6466,<LOD,0.9736,0.1647,267130.1250 , 776.5876,18.4230,21.9776 , 2.9310,3.1050,<LOD,0.0000,0.0000,,,,5532.9634 , 45.8938,14.0601,169.0278 , 13.4922,2.7052,<LOD,9.2619,0.2187,25.7098 , 0.8684,2.5508,118.4539 , 4.3689,0.9943,107.5784 , 1.4487,9.8238,<LOD,1.6150,0.2010,432728.5000 , 7249.8267,<LOD,3.4060,0.1884,44.9036 , 1.2304,1.7927,290.5722 , 1.7581,13.4186,3.1019 , 0.8862,0.2563,4.8564 , 1.2101,0.5028,441.1463 , 27.1382,15.2085,34994.5664 , 232.4535,35.0445,<LOD,51.0392,0.7370,11253.9805 , 153.3110,5.1924,,,,,,9,416.899994,39.005604,-122.667557,10.000000,528784.750000,4317451.000000,
473,Mining,120.47,30.02,30.15,30.27,30.03,"Mon May 4, 2026 - 14:55:48",User,1.5,ppm,,,,,,,,,Mining,,,,,,,,,,,,<LOD,1.9210,0.6983,132704.6406 , 2243.0256,2.0571,<LOD,3.5765,0.0835,<LOD,1.4058,0.0954,<LOD,2.8028,1.1934,<LOD,74.8062,20.1092,70.9983 , 6.2964,2.7987,12.9938 , 3.2334,0.2991,65592.0156 , 271.6908,136.5335,<LOD,0.0000,0.0000,31696.1465 , 6041.4175,0.0986,1098.7555 , 38.1035,2.2658,<LOD,1.3983,3.7953,4.0483 , 0.6749,2.4361,60.5893 , 6.4942,0.2329,2304.1528 , 273.3537,0.4241,6.3213 , 1.0598,0.2519,<LOD,1.6899,0.4991,<LOD,0.0000,0.0000,,,,20289.4668 , 161.8346,5.6256,<LOD,5.4503,3.6567,<LOD,0.9833,0.1699,272894.8125 , 797.7430,18.6968,14.4220 , 2.9529,3.0258,<LOD,0.0000,0.0000,,,,5180.2891 , 42.6306,13.1645,153.9457 , 12.3726,2.5260,<LOD,8.9344,0.2038,24.4100 , 0.8520,2.4652,109.8110 , 4.2300,0.9348,105.9004 , 1.4357,9.6442,<LOD,1.5479,0.1888,423609.1250 , 7558.5474,3.4389 , 2.1118,0.2044,44.4432 , 1.2130,1.7524,282.5730 , 1.7410,13.0390,4.4641 , 0.8479,0.2497,3.2688 , 1.1783,0.4756,434.8641 , 27.6574,15.2544,32808.1914 , 216.0963,32.6748,<LOD,51.6041,0.7192,10485.9414 , 141.1322,4.8065,,,,,,8,417.100006,39.005600,-122.667557,10.000000,528784.875000,4317450.500000,
474,Mining,120.43,30.26,30.16,30.01,28.76,"Mon May 4, 2026 - 14:59:36",User,1.5,ppm,,,,,,,,,Mining,,,,,,,,,,,,<LOD,1.7548,0.6689,121097.3750 , 2360.0764,1.8891,<LOD,3.5261,0.0851,<LOD,1.4470,0.1051,<LOD,2.6378,1.2261,<LOD,58.9109,10.0803,84.0126 , 5.8262,2.3943,7.5547 , 3.0091,0.2640,35311.9883 , 166.3914,65.5184,<LOD,0.0000,0.0000,29018.6211 , 6085.2192,0.0902,550.9173 , 30.6901,1.1632,<LOD,1.1822,3.7455,3.5139 , 0.6441,2.3677,15.4809 , 5.2578,0.1998,1259.2998 , 252.2352,0.2642,7.4455 , 1.0474,0.2574,<LOD,1.5441,0.4772,<LOD,0.0000,0.0000,,,,13779.7852 , 143.5899,3.5121,<LOD,5.0717,3.6774,<LOD,0.9389,0.1597,295225.3125 , 840.3609,18.3592,18.4379 , 2.7723,3.1162,<LOD,0.0000,0.0000,,,,6229.5435 , 44.0446,14.0836,124.5615 , 12.1378,2.4573,<LOD,8.0789,0.1717,13.0106 , 0.7312,1.9130,33.8108 , 2.8752,0.4436,102.5868 , 1.3774,9.6186,<LOD,1.5446,0.1961,445773.8438 , 7886.8066,<LOD,3.7304,0.1881,40.7141 , 1.1544,1.6716,273.9009 , 1.6424,12.9374,4.0325 , 0.8509,0.2596,3.7320 , 1.1500,0.4811,416.7857 , 25.6336,15.3732,38377.3984 , 217.8685,34.3768,<LOD,56.8763,0.6746,12226.3418 , 141.0718,4.9897,,,,,,8,417.500000,39.005604,-122.667557,10.000000,528784.750000,4317451.000000,
475,Mining,120.63,30.17,30.06,30.21,28.37,"Mon May 4, 2026 - 15:01:58",User,1.5,ppm,,,,,,,,,Mining,,,,,,,,,,,,<LOD,1.8240,0.6896,125466.2266 , 2395.5291,1.9524,<LOD,3.4844,0.0845,<LOD,1.4616,0.1092,<LOD,2.7111,1.2340,<LOD,58.7166,10.2076,86.6383 , 6.0681,2.4017,6.5188 , 2.9658,0.2609,35494.5195 , 168.0101,66.1351,<LOD,0.0000,0.0000,27717.3086 , 6062.6279,0.0897,597.5988 , 31.2682,1.2305,<LOD,1.1798,3.7876,3.7574 , 0.6433,2.3973,17.2062 , 5.2976,0.2094,1330.6027 , 249.9404,0.2620,6.5019 , 1.0228,0.2494,<LOD,1.6360,0.5129,<LOD,0.0000,0.0000,,,,13859.8408 , 144.2486,3.5514,<LOD,5.2034,3.6888,<LOD,0.9309,0.1598,297790.8750 , 846.0405,18.6551,22.0061 , 2.8582,3.1660,<LOD,0.0000,0.0000,,,,6184.2764 , 45.4921,14.0108,124.1276 , 12.5906,2.4430,<LOD,8.1217,0.1767,12.9366 , 0.7288,1.9289,30.0574 , 2.7781,0.4212,101.9028 , 1.3698,9.6452,<LOD,1.4706,0.1739,439448.9688 , 7889.5737,<LOD,4.5450,0.1986,42.5980 , 1.1726,1.7525,277.9166 , 1.6519,13.1634,4.6079 , 0.8650,0.2748,4.7431 , 1.1664,0.5036,430.6898 , 26.3390,15.5060,38584.9570 , 226.7324,34.6209,<LOD,57.4426,0.6919,12352.6191 , 147.2664,5.0419,,,,,,8,417.899994,39.005608,-122.667557,10.000000,528784.750000,4317451.500000,
476,Mining,120.60,30.16,30.08,30.13,30.23,"Mon May 4, 2026 - 15:05:58",User,1.5,ppm,,,,,,,,,Mining,,,,,,,,,,,,<LOD,1.7530,0.6983,133138.3125 , 2272.6692,2.0616,<LOD,3.3658,0.0846,<LOD,1.5032,0.1239,<LOD,2.5742,1.2153,<LOD,59.3543,11.4560,84.5027 , 6.0474,2.5344,9.6341 , 2.9740,0.2822,37974.9648 , 174.7051,73.8930,<LOD,0.0000,0.0000,22147.0664 , 5705.9834,0.0875,660.7593 , 31.5069,1.3746,<LOD,1.1429,3.8352,3.6115 , 0.6256,2.4424,19.9092 , 5.3575,0.2279,1780.2059 , 268.8759,0.3483,6.1542 , 0.9859,0.2484,<LOD,1.4958,0.4656,<LOD,0.0000,0.0000,,,,17396.8555 , 154.9886,4.5819,<LOD,4.9642,3.6765,<LOD,0.8900,0.1542,285240.2812 , 815.1595,18.5084,13.0943 , 2.6878,3.0263,<LOD,0.0000,0.0000,,,,5975.8491 , 44.5731,14.1681,147.3942 , 12.5380,2.5790,<LOD,8.7212,0.2174,13.8745 , 0.7162,2.0018,215.7786 , 5.3719,1.6782,94.7783 , 1.3048,9.3704,<LOD,1.4316,0.1796,444793.3125 , 7348.5835,<LOD,4.7626,0.1954,39.8116 , 1.1102,1.6848,264.4732 , 1.5826,12.9291,2.9714 , 0.8450,0.2661,2.8860 , 1.0973,0.4764,366.6280 , 24.8502,14.8870,37654.9609 , 223.2298,35.1731,<LOD,55.6558,0.7317,11951.9463 , 144.6236,5.1116,,,,,,8,418.000000,39.005604,-122.667557,10.000000,528784.500000,4317451.000000,
477,Mining,120.52,30.27,30.02,30.08,29.50,"Mon May 4, 2026 - 15:08:19",User,1.5,ppm,,,,,,,,,Mining,,,,,,,,,,,,<LOD,1.6944,0.6863,133440.6250 , 2263.4558,2.0630,<LOD,3.2236,0.0801,<LOD,1.4657,0.1221,<LOD,2.5301,1.2448,<LOD,59.2577,11.8938,92.5704 , 5.9429,2.6463,13.9622 , 3.0507,0.3081,38401.4219 , 181.1243,76.6116,<LOD,0.0000,0.0000,27836.7871 , 5835.7598,0.0942,721.5241 , 32.1439,1.4900,<LOD,1.1423,3.9476,3.7756 , 0.6284,2.5421,22.5697 , 5.4033,0.2431,1849.4858 , 267.7225,0.3546,5.5656 , 0.9681,0.2482,<LOD,1.4905,0.4893,<LOD,0.0000,0.0000,,,,18680.9355 , 160.8346,5.0221,<LOD,4.8132,3.6491,<LOD,0.8856,0.1610,274030.7812 , 817.6467,18.0851,16.2185 , 2.6140,3.0263,<LOD,0.0000,0.0000,,,,6110.7173 , 43.8561,14.7133,157.1424 , 12.2781,2.6768,<LOD,8.6561,0.2223,14.9461 , 0.7251,2.1225,189.4370 , 5.0438,1.5341,98.0455 , 1.3192,9.8394,<LOD,1.4342,0.1927,448262.6875 , 7407.6147,<LOD,3.6928,0.1914,42.0472 , 1.1422,1.8356,270.1746 , 1.6088,13.4964,3.3382 , 0.8358,0.2742,5.8213 , 1.1442,0.5381,383.8276 , 24.1779,14.9568,37538.1562 , 220.5532,35.9467,<LOD,55.4851,0.7453,11807.4775 , 140.5511,5.1657,,,,,,8,418.100006,39.005604,-122.667557,10.000000,528784.500000,4317451.000000,
478,Mining,120.57,30.12,30.25,30.15,28.55,"Mon May 4, 2026 - 15:11:39",User,1.5,ppm,,,,,,,,,Mining,,,,,,,,,,,,<LOD,1.8614,0.6676,121660.5781 , 2317.4221,1.8929,<LOD,3.7409,0.0916,<LOD,1.5259,0.1119,<LOD,2.7718,1.2019,<LOD,65.9643,13.2912,71.8247 , 6.1248,2.5185,18.3123 , 3.3327,0.3129,46304.3125 , 199.1293,88.6268,<LOD,0.0000,0.0000,30224.2090 , 6083.1655,0.0908,984.6539 , 37.1389,1.8153,<LOD,1.2174,3.7567,4.5146 , 0.6761,2.4723,39.7408 , 5.9000,0.2295,1188.7922 , 236.3883,0.2501,8.4327 , 1.0927,0.2675,<LOD,1.6586,0.4900,<LOD,0.0000,0.0000,,,,11625.9775 , 130.1719,3.0942,<LOD,5.2840,3.5298,<LOD,0.9820,0.1659,283238.0625 , 821.1221,17.9250,22.7924 , 2.9008,3.0203,<LOD,0.0000,0.0000,,,,6064.3638 , 45.0706,14.1780,147.8878 , 12.7382,2.5780,<LOD,8.4916,0.1814,23.3396 , 0.8383,2.4062,115.5260 , 4.3127,0.9602,103.7240 , 1.4094,9.5227,<LOD,1.5560,0.1810,448093.6562 , 7798.8564,<LOD,4.3245,0.1830,43.1802 , 1.2042,1.7301,281.5901 , 1.6951,12.9932,3.2613 , 0.8756,0.2546,4.7114 , 1.1949,0.4942,418.4607 , 26.6638,14.6557,37706.5117 , 223.6461,34.9146,<LOD,57.3226,0.7466,11601.5527 , 143.9770,4.9345,,,,,,9,418.200012,39.005604,-122.667557,10.000000,528784.500000,4317451.000000,
479,Mining,125.70,35.47,30.20,30.03,30.00,"Mon May 4, 2026 - 15:14:12",User,1.5,ppm,,,,,,,,,Mining,,,,,,,,,,,,<LOD,1.7706,0.6544,118038.3906 , 2013.2941,1.8398,<LOD,3.5665,0.0849,<LOD,1.5041,0.1109,<LOD,2.6168,1.1509,<LOD,66.7146,14.1035,74.9498 , 6.1607,2.5079,10.9265 , 3.1486,0.2850,48203.3555 , 188.8059,94.2052,<LOD,0.0000,0.0000,20430.2383 , 5312.9277,0.0785,919.3391 , 36.1067,1.7833,<LOD,1.2128,3.8174,4.2879 , 0.6728,2.5021,32.9684 , 5.7754,0.2095,1213.4253 , 213.5938,0.2421,8.3020 , 1.0860,0.2697,<LOD,1.5948,0.4918,<LOD,0.0000,0.0000,,,,8606.6553 , 106.5472,2.4050,<LOD,5.0994,3.5622,<LOD,0.9389,0.1534,277420.0938 , 757.9018,17.6976,15.4539 , 2.7697,2.9629,<LOD,0.0000,0.0000,,,,5678.1387 , 43.5170,13.4843,150.0045 , 12.6466,2.4924,<LOD,8.9668,0.2074,23.3398 , 0.8360,2.4461,128.7596 , 4.4810,1.0597,102.4524 , 1.3878,9.5502,<LOD,1.5791,0.1968,470476.5312 , 6813.4404,<LOD,3.0554,0.1830,43.4338 , 1.1957,1.7520,277.5496 , 1.6408,12.9767,4.2957 , 0.8833,0.2706,4.0515 , 1.1749,0.4869,401.4167 , 25.6837,14.7146,36292.7656 , 219.6703,33.9624,<LOD,52.6392,0.7348,11438.8799 , 145.1851,4.9137,,,,,,7,418.200012,39.005600,-122.667557,10.000000,528784.500000,4317450.500000,
480,Mining,120.09,30.19,30.26,30.12,29.52,"Mon May 4, 2026 - 15:17:44",User,1.5,ppm,,,,,,,,,Mining,,,,,,,,,,,,<LOD,1.7948,0.6718,128971.8516 , 2223.1047,2.0072,<LOD,3.4764,0.0864,<LOD,1.5663,0.1292,<LOD,2.7196,1.2586,<LOD,64.6619,14.0548,87.0982 , 6.4304,2.7647,11.7920 , 3.0705,0.2907,47094.6055 , 206.8252,93.6691,<LOD,0.0000,0.0000,31107.6230 , 5849.6196,0.0938,977.8757 , 36.0315,1.8776,<LOD,1.1731,3.8254,4.7996 , 0.6544,2.5447,37.2391 , 5.7025,0.2288,1392.3724 , 230.5137,0.2758,5.7416 , 1.0021,0.2458,<LOD,1.5830,0.4822,<LOD,0.0000,0.0000,,,,9458.5957 , 115.3560,2.7017,<LOD,5.1379,3.6070,<LOD,0.9400,0.1689,290833.3125 , 818.8745,19.3847,18.4330 , 2.8078,3.0484,<LOD,0.0000,0.0000,,,,6611.5371 , 47.8657,15.9384,168.1335 , 13.4936,2.8923,<LOD,7.9729,0.1756,22.9486 , 0.8098,2.4561,51.9412 , 3.1709,0.5693,103.0621 , 1.3731,9.7963,<LOD,2.0395,0.2047,429653.1562 , 7411.1597,<LOD,3.7208,0.1861,42.7443 , 1.1600,1.7605,279.3492 , 1.6657,13.3599,3.0175 , 0.8745,0.2701,3.3928 , 1.1330,0.4861,374.5332 , 25.7901,14.6718,40062.1641 , 236.0002,38.4570,<LOD,54.3404,0.7517,12622.6543 , 152.1031,5.5634,,,,,,9,418.299988,39.005592,-122.667557,10.000000,528784.750000,4317449.500000,
481,Mining,126.62,36.03,30.29,30.22,30.08,"Mon May 4, 2026 - 15:20:25",User,1.5,ppm,,,,,,,,,Mining,,,,,,,,,,,,<LOD,1.7825,0.6991,125197.9922 , 2061.8733,1.9539,<LOD,3.5260,0.0909,<LOD,1.4834,0.1181,<LOD,2.5294,1.1837,<LOD,64.6041,14.2985,92.8335 , 6.4765,2.8337,12.1512 , 3.0423,0.2912,46772.5703 , 199.0210,94.1786,<LOD,0.0000,0.0000,29745.7598 , 5539.5801,0.0918,948.8790 , 35.5794,1.8633,<LOD,1.1655,3.8528,4.4374 , 0.6507,2.5647,19.9580 , 5.4695,0.1994,1349.5043 , 219.5129,0.2734,7.8428 , 1.0413,0.2714,<LOD,1.5115,0.4834,<LOD,0.0000,0.0000,,,,9237.1113 , 109.5407,2.6640,<LOD,4.8956,3.6046,<LOD,0.9334,0.1690,287127.6250 , 785.0185,19.2626,13.9374 , 2.6542,2.9799,<LOD,0.0000,0.0000,,,,6432.1924 , 47.3488,15.7854,182.2518 , 13.5605,2.9471,<LOD,7.4864,0.1575,22.8072 , 0.8074,2.4921,52.6177 , 3.1624,0.5780,99.2698 , 1.3462,9.6945,<LOD,1.5295,0.2052,440062.0312 , 6985.3623,<LOD,3.7686,0.1829,43.6504 , 1.1671,1.8216,278.0912 , 1.6396,13.4872,2.9890 , 0.8445,0.2623,3.9597 , 1.1396,0.5022,386.3338 , 24.6367,14.8133,39383.7227 , 232.5407,38.1728,<LOD,52.0464,0.7542,12519.4824 , 151.3007,5.5548,,,,,,7,417.899994,39.005596,-122.667557,10.000000,528784.625000,4317450.000000,
482,Mining,120.48,30.02,30.05,30.12,30.29,"Mon May 4, 2026 - 15:26:32",User,1.5,ppm,,,,,,,,,Mining,,,,,,,,,,,,<LOD,1.8662,0.6851,129292.2812 , 2332.1812,2.0075,<LOD,3.4335,0.0782,<LOD,1.5172,0.1126,<LOD,2.6632,1.1515,<LOD,63.3880,11.9855,85.9243 , 6.0942,2.5355,11.3946 , 3.1268,0.2790,41407.9844 , 183.8524,78.5531,<LOD,0.0000,0.0000,25301.3965 , 5815.8662,0.0863,913.8663 , 36.1815,1.6758,<LOD,1.1947,3.7199,3.5647 , 0.6627,2.4356,22.0630 , 5.5712,0.2076,1188.5662 , 226.2979,0.2368,7.5822 , 1.0624,0.2577,<LOD,1.5857,0.4664,<LOD,0.0000,0.0000,,,,8777.2881 , 113.8886,2.3861,<LOD,5.1193,3.4305,<LOD,0.9480,0.1611,300877.6562 , 824.9396,19.0949,14.4558 , 2.8026,2.9240,<LOD,0.0000,0.0000,,,,5875.1357 , 43.9720,13.6139,134.4744 , 12.3636,2.4536,<LOD,8.0946,0.1680,23.9177 , 0.8350,2.4461,42.5496 , 3.0734,0.4957,98.6027 , 1.3703,9.2476,<LOD,1.5526,0.1908,434827.2188 , 7599.2061,<LOD,2.7635,0.1531,41.3660 , 1.1729,1.6804,268.3095 , 1.6391,12.5747,3.2455 , 0.8677,0.2546,4.0521 , 1.1566,0.4732,382.4430 , 25.9252,14.4327,38542.7148 , 223.0909,35.1887,<LOD,55.3597,0.6987,11851.9053 , 143.2648,4.9566,,,,,,8,417.799988,39.005596,-122.667557,10.000000,528784.625000,4317450.000000,
483,Mining,120.84,30.08,30.29,30.29,28.36,"Mon May 4, 2026 - 15:28:47",User,1.5,ppm,,,,,,,,,Mining,,,,,,,,,,,,<LOD,1.8661,0.6882,123589.8516 , 2436.7964,1.9276,<LOD,3.5337,0.0843,<LOD,1.4317,0.1017,<LOD,2.7886,1.2488,<LOD,62.2658,11.6074,84.1231 , 5.9947,2.5022,12.3944 , 3.1293,0.2832,39929.3203 , 182.9304,75.0762,<LOD,0.0000,0.0000,27390.0703 , 6242.9424,0.0891,849.3502 , 35.1096,1.5763,<LOD,1.1834,3.6944,4.5150 , 0.6676,2.5158,18.8546 , 5.5530,0.2155,1299.3051 , 254.1884,0.2614,6.5806 , 1.0306,0.2459,<LOD,1.6328,0.4850,<LOD,0.0000,0.0000,,,,11132.2764 , 134.2192,2.9383,<LOD,5.2850,3.6054,<LOD,0.9517,0.1630,298174.5938 , 865.5709,18.7287,13.5446 , 2.8724,3.0057,<LOD,0.0000,0.0000,,,,6023.6680 , 44.0177,13.8057,152.7171 , 12.3796,2.5265,<LOD,8.1891,0.1745,26.0431 , 0.8455,2.5479,45.4745 , 3.1135,0.5155,100.6736 , 1.3745,9.3953,<LOD,1.5207,0.1883,441104.7500 , 8035.2778,<LOD,2.8440,0.1661,41.0899 , 1.1652,1.6756,272.6714 , 1.6532,12.7513,3.7514 , 0.8406,0.2493,4.5867 , 1.1625,0.4853,368.6370 , 26.5107,14.6663,37396.6875 , 219.1258,33.9870,<LOD,60.4022,0.7390,11954.5166 , 142.2626,4.9611,,,,,,9,417.899994,39.005596,-122.667557,10.000000,528784.625000,4317450.000000,
484,Mining,125.91,35.57,30.17,30.17,30.00,"Mon May 4, 2026 - 15:40:35",User,1.5,ppm,,,,,,,,,Mining,,,,,,,,,,,,<LOD,1.7252,0.6536,103644.7109 , 1786.7153,1.6279,<LOD,3.1858,0.0742,<LOD,1.3787,0.1023,<LOD,2.5594,1.1685,<LOD,59.3674,11.3651,85.3389 , 6.0454,2.4637,6.2847 , 2.8918,0.2618,39113.3438 , 149.3329,74.0798,<LOD,0.0000,0.0000,7218.4805 , 4758.1685,0.0608,735.0137 , 32.3719,1.4458,<LOD,1.1331,3.6929,3.8758 , 0.6403,2.5239,22.7981 , 5.3419,0.2194,1136.0245 , 213.0923,0.2257,5.9039 , 0.9804,0.2415,<LOD,1.4321,0.4102,<LOD,0.0000,0.0000,,,,5916.1270 , 93.2501,1.7160,<LOD,4.8421,3.3639,<LOD,0.8673,0.1469,266339.6562 , 737.3040,16.2208,21.4807 , 2.6747,2.9255,<LOD,0.0000,0.0000,,,,5951.6411 , 42.7229,13.6410,172.2645 , 12.6419,2.5586,<LOD,7.7507,0.1691,22.9580 , 0.7904,2.4281,49.3085 , 3.0681,0.5433,95.0618 , 1.2779,9.1035,<LOD,1.3983,0.1636,520947.1250 , 6060.3975,<LOD,2.7064,0.1639,40.4345 , 1.1087,1.6634,260.7507 , 1.4876,12.3551,4.5515 , 0.8239,0.2646,3.7994 , 1.1029,0.4741,337.4135 , 24.1778,13.6174,36190.4492 , 210.5116,32.7476,<LOD,54.4086,0.7449,11675.2539 , 142.4601,4.8393,,,,,,7,416.899994,39.005573,-122.667526,10.000000,528787.250000,4317447.500000,
485,Mining,120.58,30.01,30.09,30.25,28.73,"Mon May 4, 2026 - 15:42:52",User,1.5,ppm,,,,,,,,,Mining,,,,,,,,,,,,<LOD,2.4823,0.6545,92824.0391 , 2047.1189,1.4638,<LOD,3.0765,0.0654,<LOD,1.4096,0.1011,<LOD,2.5142,1.0885,<LOD,57.7590,9.8373,72.8664 , 5.5613,2.2273,<LOD,6.8336,0.2387,35111.6641 , 148.8252,64.1933,<LOD,0.0000,0.0000,33775.6523 , 5981.6538,0.0869,658.9707 , 31.8447,1.2748,<LOD,1.1204,3.4598,1.7333 , 0.6235,2.2773,<LOD,12.1573,0.1686,1135.0634 , 226.2392,0.2133,4.0155 , 0.9378,0.2089,<LOD,1.4496,0.4090,<LOD,0.0000,0.0000,,,,6064.7573 , 100.6739,1.6881,<LOD,4.8336,3.2787,<LOD,0.8450,0.1323,255260.2500 , 781.6133,14.6970,17.6754 , 2.6411,2.7604,<LOD,0.0000,0.0000,,,,5531.8750 , 39.8053,12.2664,158.2797 , 11.6157,2.3078,<LOD,7.5601,0.1524,18.0709 , 0.7523,2.0854,42.3523 , 2.9851,0.4846,82.8895 , 1.2324,8.0174,<LOD,1.5200,0.1703,524497.9375 , 7460.1538,<LOD,2.6249,0.1453,35.8454 , 1.0690,1.4615,235.7924 , 1.4506,11.0135,3.6360 , 0.8173,0.2400,2.6522 , 1.0701,0.4232,343.1563 , 24.0745,13.2032,33370.5977 , 195.5308,29.0747,<LOD,59.0685,0.7382,10750.2510 , 131.5768,4.2844,,,,,,6,417.299988,39.005577,-122.667526,10.000000,528787.062500,4317448.000000,
486,Mining,120.15,30.04,30.08,30.06,29.97,"Mon May 4, 2026 - 15:50:25",User,1.5,ppm,,,,,,,,,Mining,,,,,,,,,,,,<LOD,1.7318,0.7061,128093.5156 , 1981.8319,1.9745,<LOD,3.1507,0.0804,<LOD,1.3342,0.1060,<LOD,2.5692,1.2563,<LOD,56.6021,11.0885,85.5230 , 5.6844,2.5630,13.2030 , 2.9909,0.3096,35307.1172 , 155.8731,71.5683,<LOD,0.0000,0.0000,17292.9258 , 5031.0034,0.0770,686.2459 , 31.3030,1.4444,<LOD,1.1177,4.0018,3.6037 , 0.6215,2.6392,14.2516 , 5.0741,0.2216,1085.2587 , 211.9895,0.2379,6.8418 , 0.9835,0.2697,<LOD,1.4859,0.4764,<LOD,0.0000,0.0000,,,,8269.3467 , 105.6733,2.3845,<LOD,4.9330,3.7459,<LOD,0.8546,0.1580,262140.6406 , 759.5238,16.9732,14.7585 , 2.6977,3.1762,<LOD,0.0000,0.0000,,,,5938.6533 , 41.9866,14.6429,203.8406 , 12.2767,2.8601,<LOD,7.5525,0.1772,18.1119 , 0.7413,2.3563,69.7777 , 3.3750,0.7262,96.6708 , 1.2816,9.9937,<LOD,1.8844,0.2222,494000.5625 , 6449.0723,<LOD,2.8190,0.1851,40.1860 , 1.0940,1.7915,260.5477 , 1.5146,13.4397,4.5739 , 0.8034,0.2813,3.2604 , 1.0807,0.5050,344.5097 , 24.7394,15.3134,34882.0703 , 203.6723,33.8433,<LOD,51.9652,0.7195,11124.0039 , 133.5377,4.9275,,,,,,5,417.500000,39.005615,-122.667519,10.000000,528788.062500,4317452.500000,
487,Mining,120.79,30.17,30.20,30.16,27.55,"Mon May 4, 2026 - 15:52:51",User,1.5,ppm,,,,,,,,,Mining,,,,,,,,,,,,<LOD,1.7159,0.7232,126062.0391 , 2035.3395,1.9446,<LOD,3.1231,0.0835,<LOD,1.2983,0.1060,<LOD,2.4720,1.2827,<LOD,54.7971,10.8550,83.7362 , 5.6987,2.5615,8.0722 , 2.8048,0.2868,34003.2891 , 154.1578,69.3005,<LOD,0.0000,0.0000,19432.0430 , 5261.4365,0.0794,655.9318 , 30.2477,1.4030,<LOD,1.0877,3.9987,3.1706 , 0.6033,2.6219,10.9238 , 4.9473,0.2256,1070.0167 , 221.5395,0.2394,6.2826 , 0.9466,0.2635,<LOD,1.3965,0.4594,<LOD,0.0000,0.0000,,,,8772.5469 , 112.9594,2.5410,<LOD,4.6952,3.7484,<LOD,0.8374,0.1590,256927.8594 , 785.1306,16.6675,15.6275 , 2.5547,3.1200,<LOD,0.0000,0.0000,,,,5982.0752 , 42.1601,14.7180,217.5505 , 12.3871,2.9093,<LOD,7.5592,0.1875,15.5361 , 0.7038,2.2348,73.0832 , 3.3565,0.7567,92.2758 , 1.2387,9.8181,<LOD,1.3995,0.2023,499660.5312 , 6645.1963,<LOD,3.0033,0.1933,40.0521 , 1.0744,1.8161,260.2932 , 1.4962,13.5826,4.1023 , 0.7760,0.2752,4.0251 , 1.0702,0.5230,331.0490 , 23.3381,14.9043,35288.2070 , 206.5483,34.2408,<LOD,54.2614,0.7335,10979.6855 , 133.6031,4.8916,,,,,,4,412.000000,39.005577,-122.667633,10.000000,528778.000000,4317448.000000,
488,Mining,30.22,29.91,,,,"Mon May 4, 2026 - 16:44:01",User,1.5,ppm,,,,,,,,,Mining,,,,,,,,,,,,429.0017 , 382.2506,11.6224,,,,31.0098 , 19.7471,0.0832,<LOD,12.5098,0.1136,<LOD,33.0000,4.9131,<LOD,453.6339,239.7990,9944.7158 , 112.2010,26.6245,1141.1763 , 50.3702,1.2431,871913.1250 , 555.7930,1644.7205,<LOD,0.0000,0.0000,,,,3749.3870 , 135.7234,16.2083,4674.8267 , 25.2738,56.6985,<LOD,4.8283,0.8234,514.8959 , 131.3605,0.4939,,,,66.4045 , 10.3177,0.3675,<LOD,33.0886,5.6693,<LOD,0.0000,0.0000,,,,,,,<LOD,59.7972,5.6243,<LOD,7.6323,0.1505,,,,<LOD,52.3395,6.4560,<LOD,0.0000,0.0000,,,,<LOD,284.5899,1.3282,<LOD,261.7342,1.6062,<LOD,0.0000,0.1598,<LOD,3.5649,0.2668,<LOD,22.0772,0.1883,<LOD,3.0682,0.4459,<LOD,13.6724,0.1936,107535.4766 , 13720.2246,<LOD,24.3853,0.1605,<LOD,5.2099,-0.1786,<LOD,2.0788,0.1372,<LOD,20.2683,-1.4458,<LOD,6.9575,-0.1082,,,,,,,,,,,,,,,,,,9,422.100006,39.000668,-122.662949,10.000000,529185.500000,4316904.500000,
490,Health Check,157.35,,,,,"Tue May 5, 2026 - 08:00:38",User,,,,,,,,,,,Health Check,Pass,Detector Quality: 1.03 — Pass; Fault Free: Pass; Battery Health  96%: Pass; C#1 Voltage  4038 mV: Pass; C#2 Voltage  4027 mV: Pass; Tube Health: Pass; System Check: Reading #489 - Pass; Filter Wheel Check: Pass; XRay LED Test: Pass; Wi-Fi: Pass; Bluetooth: Pass; GPS: Pass; ,,,,,,,,,,,,,,,,,,,,,,,,,,,,,,,,,,,,,,,,,,,,,,,,,,,,,,,,,,,,,,,,,,,,,,,,,,,,,,,,,,,,,,,,,,,,,,,,,,,,,,,,,,,,,,,,,,,,,,,,,,,,,,,,,,,,,,,,,,,,,,,,,,4,405.899994,39.000771,-122.663071,10.000000,529174.812500,4316916.000000,
491,Mining,30.14,29.50,,,,"Tue May 5, 2026 - 08:07:15",User,1.5,ppm,,,,,,,,,Mining,,,,,,,,,,,,481.1362 , 428.6666,11.2908,,,,<LOD,33.8735,0.0656,<LOD,12.3078,0.0966,<LOD,34.3620,4.6216,<LOD,459.8004,217.7467,9646.0918 , 111.9112,23.5690,1220.2902 , 52.7680,1.2006,875459.7500 , 612.8639,1498.3579,<LOD,0.0000,0.0000,,,,3986.5181 , 138.4800,14.9680,4968.3394 , 26.4424,54.3644,<LOD,7.5223,0.8508,711.6096 , 134.7227,0.5143,,,,<LOD,12.9537,0.2530,<LOD,34.7121,5.5262,<LOD,0.0000,0.0000,,,,,,,<LOD,62.3340,5.3244,<LOD,7.2114,0.1227,,,,101.3357 , 30.5806,6.2597,<LOD,0.0000,0.0000,,,,<LOD,392.1749,1.3048,94.6801 , 50.1953,1.5564,<LOD,0.0000,0.1382,<LOD,3.6260,0.2459,<LOD,23.8925,0.1939,<LOD,3.2637,0.4102,30.0419 , 8.6628,0.1917,103271.1797 , 14697.6729,19.9888 , 14.4956,0.1636,<LOD,4.9732,-0.1381,9.0412 , 1.8147,0.2100,<LOD,19.5712,-1.1864,<LOD,6.9496,-0.0967,,,,,,,,,,,,,,,,,,8,419.200012,39.000717,-122.662994,10.000000,529181.625000,4316910.000000,
492,Mining,120.55,30.20,30.28,30.03,29.39,"Tue May 5, 2026 - 10:03:31",User,1.5,ppm,,,,,,,,,Mining,,,,,,,,,,,,<LOD,1.7729,0.7859,98688.9297 , 1538.8340,1.5356,<LOD,3.4944,0.0949,<LOD,1.4381,0.1178,<LOD,2.6373,1.4099,<LOD,60.1041,12.6988,71.0658 , 6.2704,2.8294,17.9300 , 3.2438,0.3504,42347.9688 , 154.2095,88.6266,<LOD,0.0000,0.0000,<LOD,6434.5972,0.0519,346.8341 , 26.8091,1.0816,<LOD,1.1855,4.2994,4.3871 , 0.6594,2.8361,49.8964 , 5.3425,0.2224,3088.8984 , 316.8689,0.5938,5.6567 , 0.9995,0.2662,<LOD,1.5153,0.5260,<LOD,0.0000,0.0000,,,,6423.5444 , 95.0698,1.9244,<LOD,5.0397,4.1620,<LOD,0.9264,0.1771,214907.5156 , 689.8194,13.3677,11.3606 , 2.7185,3.4033,<LOD,0.0000,0.0000,,,,5781.8086 , 43.3338,14.7332,177.0720 , 12.9378,2.8420,<LOD,7.7466,0.1790,24.8970 , 0.8243,2.8035,55.8339 , 3.2252,0.6379,111.8254 , 1.3511,10.8514,13.3312 , 1.3169,0.4871,598464.7500 , 5346.5713,8.2890 , 2.1139,0.2572,44.5661 , 1.1605,1.9536,242.2999 , 1.4424,12.5519,4.5158 , 0.8392,0.2848,2.7861 , 1.1198,0.5139,416.2654 , 25.3565,17.1868,21875.6934 , 170.2061,21.1791,<LOD,53.2273,0.7871,6812.0483 , 115.9608,3.0997,,,,,,9,406.299988,39.002945,-122.668083,10.000000,528740.375000,4317156.000000,
493,Mining,126.18,35.54,30.25,30.20,30.19,"Tue May 5, 2026 - 10:06:39",User,1.5,ppm,,,,,,,,,Mining,,,,,,,,,,,,<LOD,1.6170,0.7205,98242.9688 , 1677.3102,1.5309,<LOD,3.3300,0.0955,<LOD,1.3636,0.1171,<LOD,2.4957,1.4053,<LOD,59.2620,13.9230,68.3334 , 5.8448,2.8377,16.1493 , 3.1174,0.3584,44429.0117 , 191.1485,98.3541,<LOD,0.0000,0.0000,<LOD,9420.0461,0.0560,309.3794 , 25.3903,1.0947,<LOD,1.1441,4.4490,4.0814 , 0.6311,2.8810,62.1819 , 5.3247,0.2450,3025.1255 , 280.7992,0.5752,8.0733 , 1.0164,0.3058,<LOD,1.4468,0.5335,<LOD,0.0000,0.0000,,,,7393.8315 , 93.6895,2.2726,<LOD,4.7630,4.1583,<LOD,0.8710,0.1713,209858.5938 , 690.7767,13.6250,10.6228 , 2.5485,3.3090,<LOD,0.0000,0.0000,,,,5118.6665 , 40.6150,13.8267,184.1983 , 11.9631,2.7927,<LOD,7.7832,0.2004,18.6535 , 0.7532,2.5650,61.7460 , 3.2327,0.7080,109.3469 , 1.3299,11.1588,14.6853 , 1.3425,0.5605,601611.8125 , 7251.4580,9.1431 , 2.0968,0.2792,43.2780 , 1.1161,1.9806,238.7874 , 1.4640,12.9596,4.4713 , 0.8022,0.2898,1.7996 , 1.0682,0.5164,371.8945 , 23.7480,16.5535,18949.6680 , 157.0480,19.2878,<LOD,46.9000,0.7517,6061.9038 , 106.3416,2.8982,,,,,,9,406.399994,39.002941,-122.668076,10.000000,528740.687500,4317155.500000,
494,Mining,126.29,35.68,30.20,30.16,30.25,"Tue May 5, 2026 - 10:09:42",User,1.5,ppm,,,,,,,,,Mining,,,,,,,,,,,,<LOD,2.1212,0.7031,79642.0859 , 1362.4646,1.2348,<LOD,4.0716,0.0848,<LOD,1.7809,0.1200,<LOD,3.1681,1.2663,<LOD,99.6571,48.5923,<LOD,25.0204,4.8717,8.7004 , 3.8068,0.3342,136561.5781 , 413.6389,352.3132,<LOD,0.0000,0.0000,<LOD,8715.5193,0.0546,647.9505 , 34.5261,2.6398,<LOD,1.3686,3.6327,3.7176 , 0.7597,2.4229,274.5686 , 9.9111,0.2926,2799.9539 , 264.8192,0.6443,11.5394 , 1.3276,0.3092,<LOD,1.7872,0.4590,<LOD,0.0000,0.0000,,,,8470.2773 , 93.5457,2.9333,<LOD,6.1105,3.7675,<LOD,1.0562,0.1483,111888.0000 , 504.0303,7.8128,14.3109 , 3.2817,3.0470,<LOD,0.0000,0.0000,,,,2904.4705 , 49.5441,10.0324,149.4969 , 15.7199,2.6094,<LOD,10.1725,0.2079,18.6663 , 0.8994,2.0886,119.8438 , 4.7876,0.9624,105.4243 , 1.5394,8.6950,13.4489 , 1.6279,0.4746,639045.5625 , 6328.1729,6.4102 , 2.4031,0.2073,40.1636 , 1.2681,1.4775,247.5748 , 1.7025,10.6531,<LOD,1.1836,0.0958,<LOD,2.1368,0.4010,483.6161 , 30.9431,15.4003,11666.0996 , 177.7263,14.2222,<LOD,46.3894,0.9535,2898.7219 , 118.2007,1.9005,,,,,,10,406.399994,39.002941,-122.668076,10.000000,528740.687500,4317155.500000,
495,Mining,120.59,30.10,30.14,30.26,30.09,"Tue May 5, 2026 - 10:12:06",User,1.5,ppm,,,,,,,,,Mining,,,,,,,,,,,,<LOD,2.1425,0.6738,71951.9766 , 1268.1127,1.1043,<LOD,4.2225,0.0830,<LOD,2.0506,0.1453,<LOD,3.1839,1.1951,<LOD,104.7363,53.2281,13.3616 , 9.2331,4.5774,14.7477 , 4.1317,0.3609,147544.3125 , 426.3228,386.4742,<LOD,0.0000,0.0000,<LOD,8591.4353,0.0527,772.5323 , 36.7346,2.9925,<LOD,1.4426,3.6599,3.1586 , 0.7947,2.3978,298.5776 , 10.6033,0.2772,3119.3191 , 273.1778,0.7197,8.7170 , 1.3332,0.2834,<LOD,1.8769,0.4795,<LOD,0.0000,0.0000,,,,9847.7080 , 98.0420,3.3925,<LOD,6.1848,3.5946,<LOD,1.1145,0.1520,69939.0078 , 403.4177,4.8189,19.9745 , 3.3714,3.0414,<LOD,0.0000,0.0000,,,,2396.7336 , 41.6251,8.1682,141.5439 , 13.7512,2.2435,<LOD,10.5258,0.2029,21.9322 , 0.9644,2.1881,131.5210 , 5.1311,1.0121,108.6455 , 1.6114,8.6914,17.2195 , 1.7351,0.5119,680208.5625 , 6192.0464,4.7659 , 2.4224,0.1892,40.0538 , 1.3203,1.4507,255.6152 , 1.7739,10.6744,<LOD,1.3617,0.1155,<LOD,2.9515,0.4111,530.7218 , 31.7769,15.4036,8709.1777 , 148.2707,10.7775,<LOD,44.8510,0.9389,1979.3866 , 98.4249,1.4085,,,,,,10,405.600006,39.002945,-122.668068,10.000000,528741.375000,4317156.000000,
496,Mining,126.12,35.71,30.02,30.21,30.18,"Tue May 5, 2026 - 10:15:23",User,1.5,ppm,,,,,,,,,Mining,,,,,,,,,,,,<LOD,1.9853,0.6349,38229.5664 , 849.1223,0.6400,<LOD,3.8010,0.0745,<LOD,1.6197,0.1006,<LOD,2.9317,1.1136,<LOD,94.7414,40.6313,<LOD,16.9032,4.4672,<LOD,6.4886,0.2900,122062.1953 , 258.7723,297.9315,<LOD,0.0000,0.0000,<LOD,5721.5138,0.0402,522.3426 , 32.5271,2.1589,<LOD,1.3197,3.4766,<LOD,1.6579,2.2230,246.9265 , 9.0036,0.2390,1270.4685 , 185.8276,0.2812,3.5774 , 1.1121,0.2189,<LOD,1.6372,0.3949,<LOD,0.0000,0.0000,,,,6001.3877 , 79.7738,2.0560,<LOD,5.7057,3.3998,<LOD,1.0430,0.1510,94466.5078 , 453.1937,6.0511,26.0578 , 3.1275,2.8999,<LOD,0.0000,0.0000,,,,2499.9021 , 47.5484,8.1469,99.9160 , 14.8573,2.0731,<LOD,9.5649,0.1854,12.9769 , 0.8184,1.7612,128.6786 , 4.8406,0.9962,93.1791 , 1.4300,7.8797,8.2064 , 1.3287,0.3135,721635.8125 , 4084.1013,3.6709 , 2.2006,0.1732,35.6508 , 1.1944,1.3297,231.7569 , 1.5644,9.9167,<LOD,1.1136,0.0958,<LOD,2.4805,0.3884,435.1974 , 28.7160,13.8237,9899.0850 , 167.7845,11.2811,<LOD,48.7473,1.0140,2086.9321 , 109.5815,1.3882,,,,,,9,405.899994,39.002937,-122.668068,10.000000,528741.125000,4317155.000000,
497,Mining,126.51,35.79,30.20,30.29,30.23,"Tue May 5, 2026 - 10:18:43",User,1.5,ppm,,,,,,,,,Mining,,,,,,,,,,,,<LOD,3.1073,0.6948,22271.4707 , 645.7946,0.4049,<LOD,3.7808,0.0762,<LOD,1.5829,0.0989,<LOD,3.0019,1.1777,<LOD,92.6586,38.7606,<LOD,15.8749,4.2281,<LOD,5.1553,0.2811,117256.7656 , 224.9407,283.9720,<LOD,0.0000,0.0000,<LOD,4622.9297,0.0270,533.0331 , 32.3662,2.1270,<LOD,1.3214,3.6084,1.3737 , 0.7189,2.2914,229.7787 , 8.6820,0.2297,1048.2717 , 177.3179,0.2503,4.0424 , 1.1152,0.2268,<LOD,1.6751,0.4156,<LOD,0.0000,0.0000,,,,6093.1860 , 79.8863,2.0935,<LOD,5.7794,3.5044,<LOD,0.9981,0.1402,68169.3906 , 392.6579,4.2925,16.3964 , 3.1187,2.8607,<LOD,0.0000,0.0000,,,,2924.4363 , 46.5228,9.1294,118.9202 , 14.7103,2.2049,<LOD,9.0692,0.1708,13.8548 , 0.8228,1.8387,135.3475 , 4.8793,1.0426,95.4526 , 1.4321,8.1833,9.3357 , 1.3557,0.3407,766222.8125 , 3257.7637,4.4725 , 2.1601,0.1751,37.1419 , 1.1958,1.3826,242.9923 , 1.5734,10.4780,<LOD,1.1720,0.1290,<LOD,1.8833,0.3905,393.3771 , 28.8162,13.7795,11671.6240 , 174.4124,13.2065,<LOD,50.0781,1.0957,2506.5264 , 112.1294,1.5687,,,,,,9,406.299988,39.002945,-122.668068,10.000000,528741.125000,4317156.000000,
498,Mining,5.99,5.99,,,,"Tue May 5, 2026 - 10:20:24",User,1.5,ppm,,,,,,,,,Mining,,,,,,,,,,,,<LOD,33.1606,21.5239,,,,<LOD,16.4526,0.0746,<LOD,6.1596,0.0764,<LOD,36.1381,21.4018,<LOD,391.7189,50.3081,<LOD,225.7193,0.8236,<LOD,19.2631,0.2042,164306.2969 , 711.9720,364.9396,<LOD,0.0000,0.0000,,,,640.7352 , 128.5645,2.4925,<LOD,5.1483,2.7407,<LOD,4.1396,1.6997,340.2395 , 42.6038,0.2819,,,,16.3136 , 5.5845,0.2933,<LOD,35.8093,21.9230,<LOD,0.0000,0.0000,,,,,,,<LOD,64.2758,23.4409,<LOD,4.1919,0.1244,,,,<LOD,44.2488,19.1553,<LOD,0.0000,0.0000,,,,1613.0835 , 342.3280,1.2825,<LOD,268.5312,0.6772,<LOD,39.9193,0.1722,11.3954 , 3.0949,1.3294,94.9928 , 16.2902,0.6056,88.9717 , 5.5446,6.2489,58.4091 , 9.2587,0.9649,832598.9375 , 2856.3843,<LOD,18.7302,0.1669,21.8811 , 3.8210,0.7062,208.7343 , 5.8169,7.4208,<LOD,8.5663,0.1623,<LOD,6.0540,0.2263,,,,,,,,,,,,,,,,,,10,406.299988,39.002945,-122.668076,10.000000,528740.812500,4317156.000000,
499,Mining,120.85,30.03,30.25,30.27,30.30,"Tue May 5, 2026 - 10:22:41",User,1.5,ppm,,,,,,,,,Mining,,,,,,,,,,,,<LOD,2.2231,0.6050,35676.4180 , 913.8263,0.6018,<LOD,4.3186,0.0755,<LOD,2.0133,0.1213,<LOD,3.3180,1.0820,<LOD,108.4635,54.2345,<LOD,18.5409,4.8620,<LOD,8.3248,0.2960,159981.2656 , 379.0632,395.4555,<LOD,0.0000,0.0000,<LOD,7861.5154,0.0406,594.9182 , 35.2106,2.6260,<LOD,1.4219,3.0955,<LOD,1.8727,1.9854,350.1248 , 11.3340,0.2656,1061.5699 , 170.3788,0.2314,4.9645 , 1.2583,0.2197,<LOD,1.8720,0.3948,<LOD,0.0000,0.0000,,,,5255.9175 , 76.0057,1.8516,<LOD,6.4786,3.2961,<LOD,1.1611,0.1461,95794.8047 , 462.0869,6.1486,14.0119 , 3.4938,2.7044,<LOD,0.0000,0.0000,,,,1311.3269 , 40.0689,4.5527,105.0496 , 13.6485,1.6688,<LOD,10.1648,0.1638,12.4292 , 0.8607,1.5120,70.7160 , 4.1952,0.5922,88.4817 , 1.4920,6.5958,56.3510 , 2.4538,1.0427,691277.4375 , 5407.8110,5.4602 , 2.4223,0.1680,29.7865 , 1.1741,0.9925,210.8305 , 1.6065,8.0067,<LOD,1.1146,0.0212,<LOD,1.8046,0.2976,503.3332 , 33.0106,13.7799,5657.8608 , 133.9189,6.6608,<LOD,46.1673,0.9084,525.4883 , 83.9239,0.6759,,,,,,9,406.399994,39.002941,-122.668083,10.000000,528740.375000,4317155.500000,
500,Mining,126.35,35.73,30.26,30.11,30.25,"Tue May 5, 2026 - 10:26:42",User,1.5,ppm,,,,,,,,,Mining,,,,,,,,,,,,<LOD,2.2574,0.6242,28257.0449 , 775.2053,0.4974,<LOD,4.6310,0.0844,<LOD,2.2129,0.1422,<LOD,3.3140,1.0746,<LOD,110.4475,54.1738,<LOD,17.8682,4.5588,<LOD,8.5675,0.2997,159633.9375 , 297.9890,394.2269,<LOD,0.0000,0.0000,<LOD,5438.2302,0.0316,618.7075 , 36.1918,2.6726,<LOD,1.4492,3.0919,<LOD,1.6899,2.0049,356.2179 , 11.6827,0.2966,1089.2311 , 166.7697,0.2325,<LOD,1.4924,0.1459,<LOD,1.8581,0.3873,<LOD,0.0000,0.0000,,,,4458.2773 , 69.8027,1.6241,<LOD,6.4951,3.3008,<LOD,1.1849,0.1433,95698.1016 , 446.6135,6.1479,22.0184 , 3.5505,2.8112,<LOD,0.0000,0.0000,,,,1483.8986 , 42.9251,5.3272,72.5538 , 13.5401,1.6272,<LOD,10.6948,0.1758,14.7871 , 0.8942,1.5863,70.8077 , 4.2772,0.5951,93.0163 , 1.5464,6.8994,53.0407 , 2.3033,0.9203,699955.7500 , 3863.6892,<LOD,5.8768,0.1601,27.8154 , 1.1918,0.9717,223.3647 , 1.6612,8.4684,<LOD,1.2702,0.0410,<LOD,2.4622,0.3327,490.3897 , 33.0433,13.7499,6707.8833 , 143.3794,7.8533,<LOD,44.1970,0.8700,673.1858 , 84.9194,0.7173,,,,,,9,406.200012,39.002941,-122.668083,10.000000,528739.937500,4317155.500000,
501,Mining,120.87,30.24,30.27,30.28,30.08,"Tue May 5, 2026 - 10:30:44",User,1.5,ppm,,,,,,,,,Mining,,,,,,,,,,,,<LOD,2.1371,0.7338,24175.2441 , 686.0767,0.4786,<LOD,3.7414,0.0878,<LOD,1.6008,0.1184,<LOD,2.8730,1.3141,<LOD,85.5708,32.5128,32.4455 , 8.5887,4.0886,<LOD,5.8293,0.2924,96170.6250 , 207.0725,234.8715,<LOD,0.0000,0.0000,<LOD,4519.7787,0.0269,569.3111 , 32.0864,2.0317,<LOD,1.2778,3.8931,1.5073 , 0.6989,2.4878,165.5561 , 7.7312,0.2530,1333.3287 , 198.5092,0.3118,5.4205 , 1.0962,0.2574,<LOD,1.6016,0.4606,<LOD,0.0000,0.0000,,,,4625.8081 , 74.6150,1.7024,<LOD,5.4776,3.8322,<LOD,0.9716,0.1559,151734.0312 , 551.0481,10.3700,15.3470 , 2.9519,3.1120,<LOD,0.0000,0.0000,,,,4021.9624 , 47.3931,12.3973,120.3296 , 14.4722,2.5903,<LOD,7.9920,0.1549,12.6617 , 0.7749,1.9284,30.8099 , 2.9305,0.4353,98.5558 , 1.4043,9.2991,21.7447 , 1.6039,0.6223,693001.8750 , 3240.2097,<LOD,4.9172,0.1845,34.0165 , 1.1346,1.4469,251.9638 , 1.5540,11.9918,<LOD,1.3555,0.1876,2.1971 , 1.1853,0.4583,355.0486 , 27.1190,14.7612,20323.0195 , 203.8341,23.2705,<LOD,50.2170,1.0384,2897.1804 , 108.3333,1.8348,,,,,,9,405.899994,39.002937,-122.668083,10.000000,528740.250000,4317155.000000,
502,Mining,120.68,30.30,30.05,30.32,29.04,"Tue May 5, 2026 - 10:33:02",User,1.5,ppm,,,,,,,,,Mining,,,,,,,,,,,,<LOD,2.0178,0.6517,23545.5527 , 780.6051,0.4682,<LOD,3.6661,0.0765,<LOD,1.7809,0.1334,<LOD,3.0398,1.1934,<LOD,86.3997,31.3861,<LOD,16.7193,4.3092,<LOD,8.0909,0.2848,100529.8125 , 224.4202,226.7491,<LOD,0.0000,0.0000,<LOD,6169.1543,0.0393,465.2324 , 30.7588,1.7638,<LOD,1.2757,3.5002,1.8423 , 0.6959,2.2319,177.1650 , 7.9068,0.2356,1724.0076 , 235.5158,0.3449,6.6489 , 1.1308,0.2494,<LOD,1.7509,0.4531,<LOD,0.0000,0.0000,,,,8014.9072 , 100.6389,2.4559,<LOD,5.9317,3.6718,<LOD,0.9603,0.1387,164076.2344 , 611.6618,10.2565,24.7245 , 3.2431,3.1207,<LOD,0.0000,0.0000,,,,2620.9648 , 48.9288,7.9880,142.2389 , 15.5602,2.1774,<LOD,8.1601,0.1469,10.6092 , 0.7495,1.6331,41.1256 , 3.1795,0.4672,98.9857 , 1.4034,8.4037,30.3534 , 1.7894,0.7280,684373.1875 , 4305.8296,4.5833 , 2.0947,0.1819,31.6712 , 1.1056,1.2378,249.0243 , 1.5495,10.7341,<LOD,1.3257,0.1801,2.0319 , 1.1809,0.4110,494.5229 , 30.0823,15.3597,12135.3838 , 181.0630,12.7116,<LOD,54.8619,0.9570,1199.2045 , 94.1933,0.9163,,,,,,8,406.200012,39.002937,-122.668076,10.000000,528740.687500,4317155.000000,
503,Mining,125.93,35.57,30.01,30.20,30.15,"Tue May 5, 2026 - 10:36:36",User,1.5,ppm,,,,,,,,,Mining,,,,,,,,,,,,<LOD,1.9424,0.5124,9507.8955 , 529.2118,0.2123,<LOD,3.9078,0.0688,<LOD,1.6661,0.0915,<LOD,2.8102,0.8579,<LOD,91.3238,28.1559,<LOD,13.3094,2.9349,<LOD,5.1408,0.2319,100697.7656 , 199.0533,203.5820,<LOD,0.0000,0.0000,<LOD,5152.0477,0.0262,908.1566 , 37.8846,2.1719,<LOD,1.2694,2.8254,<LOD,1.0376,1.7979,162.8603 , 8.1617,0.1742,1004.1309 , 185.1754,0.1900,<LOD,1.4812,0.1658,<LOD,1.5537,0.2975,<LOD,0.0000,0.0000,,,,4617.6138 , 79.4480,1.4472,<LOD,5.5255,2.7023,<LOD,0.9895,0.1178,55227.5000 , 388.5643,2.8539,8.1725 , 2.9458,2.1232,<LOD,0.0000,0.0000,,,,2133.1008 , 36.6042,5.4220,107.4603 , 12.0341,1.4300,<LOD,0.0000,0.1228,9.4088 , 0.7613,1.3350,34.6397 , 3.2586,0.3921,76.1887 , 1.3256,5.9485,30.6314 , 1.7784,0.5894,814145.0625 , 3541.5752,<LOD,2.7460,0.1296,24.9615 , 1.0623,0.8929,188.4770 , 1.4176,7.2554,<LOD,1.2429,0.1249,<LOD,2.6588,0.3074,271.2868 , 27.0716,10.0283,9680.3398 , 148.6407,8.9985,<LOD,58.6399,1.0695,1164.4004 , 87.3089,0.7687,,,,,,7,406.700012,39.002934,-122.668083,10.000000,528740.375000,4317154.500000,
504,Mining,120.03,30.00,30.26,30.18,29.59,"Tue May 5, 2026 - 10:38:53",User,1.5,ppm,,,,,,,,,Mining,,,,,,,,,,,,<LOD,1.9746,0.5316,8280.3662 , 535.5664,0.1970,<LOD,3.3371,0.0547,<LOD,1.5751,0.0901,<LOD,2.9240,0.9408,<LOD,83.0369,22.6772,<LOD,15.9298,2.5458,<LOD,5.2983,0.2232,85248.9375 , 173.6111,163.0423,<LOD,0.0000,0.0000,<LOD,4586.4532,0.0188,468.8850 , 30.9790,1.3916,<LOD,1.2079,2.8702,<LOD,1.1011,1.8528,129.0094 , 7.2434,0.1665,1280.7142 , 216.0515,0.2212,3.1188 , 1.0299,0.1787,<LOD,1.5811,0.3089,<LOD,0.0000,0.0000,,,,5494.4692 , 90.7512,1.5859,<LOD,5.6869,2.8978,<LOD,0.9197,0.1121,60266.9766 , 429.3469,2.9717,<LOD,5.1214,2.1733,<LOD,0.0000,0.0000,,,,2507.2427 , 35.9178,6.0434,111.0442 , 11.4667,1.4617,<LOD,8.1101,0.1256,7.9376 , 0.7102,1.2846,33.7079 , 3.0825,0.3768,70.8469 , 1.2380,5.7609,25.4187 , 1.6535,0.5398,822619.8125 , 3198.4114,<LOD,2.8210,0.1201,25.9328 , 1.0070,0.9029,188.4805 , 1.3523,7.3422,<LOD,1.9884,0.1505,<LOD,1.5665,0.2809,279.6087 , 27.7371,10.6436,11629.1025 , 147.8640,10.1864,<LOD,64.4375,1.0804,1328.4142 , 82.5174,0.7804,,,,,,8,406.899994,39.002937,-122.668083,10.000000,528740.250000,4317155.000000,
505,Mining,126.27,35.70,30.19,30.26,30.12,"Tue May 5, 2026 - 10:42:12",User,1.5,ppm,,,,,,,,,Mining,,,,,,,,,,,,<LOD,2.0787,0.6047,49009.5898 , 1090.1370,0.8008,<LOD,3.9928,0.0730,<LOD,1.8206,0.1119,<LOD,3.1910,1.1575,<LOD,94.0190,30.8586,<LOD,20.4390,3.3291,<LOD,7.2005,0.2589,103909.1016 , 227.1917,220.5133,<LOD,0.0000,0.0000,<LOD,6075.1659,0.0373,720.1469 , 36.2620,2.0465,<LOD,1.3672,3.2304,1.7515 , 0.7452,2.0550,178.7891 , 8.8292,0.2468,1523.6671 , 211.0876,0.2747,3.3315 , 1.1213,0.1965,<LOD,1.7805,0.4086,<LOD,0.0000,0.0000,,,,4608.0020 , 79.1727,1.4845,<LOD,6.1062,3.3683,<LOD,1.0380,0.1295,139928.8750 , 562.2942,8.0225,13.5019 , 3.3105,2.8071,<LOD,0.0000,0.0000,,,,2363.2092 , 39.8628,6.4849,122.2626 , 12.8875,1.7027,<LOD,9.0793,0.1466,11.6588 , 0.8085,1.5300,20.8329 , 2.9676,0.3262,94.2185 , 1.4608,7.3424,31.9310 , 1.8984,0.6746,683967.8125 , 4630.4868,<LOD,5.0869,0.1612,29.9154 , 1.1612,1.0946,223.6504 , 1.5699,8.9467,<LOD,1.3076,0.1311,2.6990 , 1.2469,0.3695,447.8405 , 30.9711,14.0264,10987.8115 , 157.9325,10.7779,<LOD,52.7059,0.8797,1799.3900 , 94.7392,1.0770,,,,,,8,406.899994,39.002930,-122.668091,10.000000,528739.250000,4317154.000000,
506,Mining,125.82,35.55,30.19,30.05,30.03,"Tue May 5, 2026 - 10:45:52",User,1.5,ppm,,,,,,,,,Mining,,,,,,,,,,,,<LOD,2.0879,0.6573,82495.1719 , 1443.3676,1.2955,<LOD,4.2555,0.0948,<LOD,1.8243,0.1279,<LOD,3.2265,1.2697,<LOD,90.4165,31.3014,17.0784 , 7.4332,3.0963,16.5988 , 3.7750,0.3292,100343.0859 , 268.4550,223.1972,<LOD,0.0000,0.0000,<LOD,7465.5007,0.0471,960.9385 , 38.0110,2.4706,<LOD,1.3343,3.4706,3.0168 , 0.7320,2.2482,169.0898 , 8.4618,0.2693,1046.6952 , 175.3985,0.2098,7.8802 , 1.2117,0.2614,<LOD,1.8718,0.4913,<LOD,0.0000,0.0000,,,,4262.9473 , 72.9159,1.4202,<LOD,6.3219,3.9252,<LOD,1.0704,0.1542,192013.7188 , 618.9036,12.0591,13.0683 , 3.4106,3.2291,<LOD,0.0000,0.0000,,,,2602.7615 , 37.4599,7.3428,101.5556 , 11.7420,1.7102,<LOD,9.2550,0.1741,14.3895 , 0.8225,1.8006,31.9614 , 3.1361,0.4143,106.1094 , 1.5138,8.8138,26.6263 , 1.8081,0.6629,598535.3750 , 5834.0107,<LOD,3.9274,0.1738,35.0465 , 1.1939,1.3282,271.5604 , 1.7121,11.5056,<LOD,1.9036,0.1995,2.1426 , 1.2407,0.4165,498.2920 , 32.1470,16.3725,13583.6270 , 162.3678,13.9810,<LOD,46.2231,0.7447,1820.1340 , 87.4227,1.1435,,,,,,8,406.799988,39.002926,-122.668091,10.000000,528739.250000,4317153.500000,
507,Mining,120.45,30.25,30.18,30.09,29.93,"Tue May 5, 2026 - 10:50:50",User,1.5,ppm,,,,,,,,,Mining,,,,,,,,,,,,2.3297 , 1.4694,0.6637,81148.1094 , 1368.4229,1.2808,<LOD,3.8967,0.0709,<LOD,1.7537,0.1065,<LOD,3.1073,1.0417,<LOD,103.3678,49.0046,11.1220 , 7.7049,3.6729,16.0842 , 3.9598,0.3324,141799.2031 , 353.3547,353.6259,<LOD,0.0000,0.0000,5724.2041 , 4598.0654,0.0533,3317.6282 , 57.7030,7.0910,<LOD,1.3608,3.3016,2.8823 , 0.7478,2.1532,242.0328 , 10.2226,0.2714,705.2844 , 157.5756,0.1909,4.2068 , 1.1695,0.2189,<LOD,1.8390,0.4219,<LOD,0.0000,0.0000,,,,3514.6111 , 66.0079,1.3528,<LOD,6.1308,3.2858,<LOD,1.0671,0.1433,175767.5156 , 592.8821,12.3002,12.1068 , 3.2812,2.6213,<LOD,0.0000,0.0000,,,,2709.8123 , 39.3112,8.8053,85.7886 , 12.0192,1.9735,<LOD,9.4178,0.1624,13.6892 , 0.8395,1.6663,31.4884 , 3.2150,0.3983,94.3520 , 1.4966,7.6319,26.6793 , 1.8115,0.6113,567881.3750 , 5230.0244,<LOD,4.8090,0.1605,32.5624 , 1.1873,1.1703,249.4654 , 1.6998,10.1055,<LOD,1.1753,0.0891,<LOD,2.4178,0.3639,333.1896 , 30.2771,12.3505,14278.9785 , 166.3326,16.7247,<LOD,46.4935,0.8865,1995.3065 , 90.2463,1.3763,,,,,,9,406.500000,39.002926,-122.668098,10.000000,528739.062500,4317153.500000,
508,Mining,126.22,35.72,30.01,30.23,30.26,"Tue May 5, 2026 - 10:53:39",User,1.5,ppm,,,,,,,,,Mining,,,,,,,,,,,,<LOD,2.0835,0.7400,105417.7500 , 1479.4941,1.6523,<LOD,3.9168,0.0843,<LOD,1.7613,0.1252,<LOD,3.1137,1.3357,<LOD,97.8716,46.7089,30.8478 , 8.3461,4.1987,15.6635 , 3.7870,0.3524,128793.2969 , 377.7143,334.5129,<LOD,0.0000,0.0000,<LOD,7311.2651,0.0543,1448.3392 , 42.4418,3.9823,<LOD,1.3184,3.6292,3.4215 , 0.7250,2.3721,228.4749 , 9.5381,0.3071,859.9775 , 161.7641,0.2244,3.2747 , 1.0957,0.2240,<LOD,1.7959,0.5076,<LOD,0.0000,0.0000,,,,4289.4287 , 69.6913,1.6427,<LOD,5.9353,3.8405,<LOD,0.9862,0.1373,217832.4062 , 643.9594,16.4878,13.0203 , 3.2119,3.1773,<LOD,0.0000,0.0000,,,,2931.1809 , 41.0759,9.6615,114.2358 , 12.9177,2.2345,<LOD,8.6936,0.1601,13.4326 , 0.8089,1.8089,31.1081 , 3.0689,0.4213,95.8936 , 1.4752,8.5714,36.4434 , 1.9290,0.8410,519179.2188 , 5554.9180,<LOD,3.0958,0.1560,32.8136 , 1.1654,1.3114,258.5023 , 1.7160,11.5346,<LOD,1.2428,0.1342,<LOD,2.9648,0.4168,415.2870 , 29.9628,15.5040,15269.6084 , 178.6254,18.5393,<LOD,45.8848,0.9387,1899.5883 , 92.0746,1.3852,,,,,,8,406.100006,39.002926,-122.668091,10.000000,528739.687500,4317153.500000,
509,Mining,126.02,35.59,30.18,30.00,30.25,"Tue May 5, 2026 - 10:57:12",User,1.5,ppm,,,,,,,,,Mining,,,,,,,,,,,,<LOD,1.9628,0.6600,18415.4355 , 655.0214,0.4127,<LOD,3.6240,0.0722,<LOD,1.6660,0.1134,<LOD,2.9280,1.1890,<LOD,92.5509,38.8074,18.6266 , 9.0378,4.0973,12.5524 , 3.6733,0.3332,115231.9609 , 242.1098,281.2466,<LOD,0.0000,0.0000,<LOD,5425.8552,0.0364,748.6499 , 34.8946,2.4802,<LOD,1.2914,3.5613,<LOD,1.4558,2.2362,214.5451 , 8.7086,0.2597,914.2823 , 165.7210,0.2079,4.1812 , 1.1165,0.2351,<LOD,1.6165,0.4092,<LOD,0.0000,0.0000,,,,5544.1592 , 79.0407,1.9393,<LOD,5.6330,3.5439,<LOD,1.0162,0.1548,185149.7031 , 582.1434,12.6893,15.4825 , 3.0254,2.8462,<LOD,0.0000,0.0000,,,,2590.6218 , 41.1826,7.9487,119.7595 , 13.4049,1.9917,<LOD,8.8267,0.1680,12.0480 , 0.7846,1.7342,31.9824 , 3.0647,0.4227,91.8710 , 1.4059,8.1384,20.6080 , 1.6096,0.5505,656543.6250 , 3742.6328,<LOD,3.5309,0.1618,31.3131 , 1.1188,1.2350,239.4347 , 1.5614,10.5674,<LOD,1.5195,0.1745,<LOD,2.1799,0.3891,336.2924 , 27.7386,13.3328,12689.2217 , 173.9889,14.3388,<LOD,49.3197,1.0086,1023.6339 , 86.5975,0.9027,,,,,,9,405.700012,39.002930,-122.668091,10.000000,528739.500000,4317154.000000,
510,Mining,125.93,35.64,30.14,30.14,30.01,"Tue May 5, 2026 - 10:59:34",User,1.5,ppm,,,,,,,,,Mining,,,,,,,,,,,,<LOD,1.9637,0.6549,27148.8945 , 751.7381,0.5363,<LOD,3.9009,0.0870,<LOD,1.6605,0.1162,<LOD,2.9495,1.1973,<LOD,92.1801,40.8320,14.3486 , 9.2066,4.1794,5.8306 , 3.4733,0.3074,119223.1719 , 251.9017,295.4825,<LOD,0.0000,0.0000,<LOD,5514.2399,0.0377,811.8404 , 35.0204,2.6563,<LOD,1.2605,3.4830,1.1673 , 0.6914,2.2622,223.0094 , 8.7621,0.2690,864.2955 , 162.1864,0.2057,<LOD,1.4892,0.2130,<LOD,1.6569,0.4284,<LOD,0.0000,0.0000,,,,4473.7505 , 72.2380,1.6486,<LOD,5.6434,3.5035,<LOD,1.0126,0.1537,185425.4219 , 582.1647,12.9124,13.2735 , 3.0369,2.8371,<LOD,0.0000,0.0000,,,,2603.7817 , 44.0343,8.4178,83.2833 , 13.5525,1.9622,<LOD,8.6078,0.1644,12.6069 , 0.7761,1.7516,34.3325 , 3.0650,0.4368,93.0139 , 1.3918,8.1991,21.7792 , 1.5364,0.5340,644108.4375 , 3850.6294,<LOD,3.5130,0.1622,31.4276 , 1.0997,1.2328,240.2452 , 1.5456,10.6050,<LOD,1.2235,0.1495,<LOD,1.7008,0.3789,340.2335 , 27.9773,13.4488,13064.2881 , 179.1951,15.0673,<LOD,48.7260,1.0062,1161.5201 , 89.9385,0.9869,,,,,,9,405.500000,39.002934,-122.668091,10.000000,528739.687500,4317154.500000,
511,Mining,125.95,35.53,30.24,30.02,30.16,"Tue May 5, 2026 - 11:27:41",User,1.5,ppm,,,,,,,,,Mining,,,,,,,,,,,,<LOD,1.5905,0.6786,103655.7188 , 1639.5536,1.6332,<LOD,3.0163,0.0758,<LOD,1.3229,0.1071,<LOD,2.4388,1.3077,<LOD,57.0727,11.7329,62.0920 , 5.6756,2.5187,<LOD,4.7503,0.2554,36659.3203 , 150.9135,76.3749,<LOD,0.0000,0.0000,18478.9473 , 4680.1426,0.0715,460.1678 , 27.6894,1.1742,<LOD,1.1081,4.0565,2.2917 , 0.6067,2.5873,14.2797 , 5.0042,0.2122,849.9373 , 190.9825,0.2134,5.4803 , 0.9433,0.2550,<LOD,1.3797,0.4691,<LOD,0.0000,0.0000,,,,987.9394 , 51.1660,0.5542,<LOD,4.6424,3.8657,<LOD,0.8127,0.1464,265272.6875 , 736.9835,17.3260,11.9722 , 2.4828,3.0613,<LOD,0.0000,0.0000,,,,6181.1187 , 42.7254,15.5854,138.0288 , 12.1859,2.7681,<LOD,7.1351,0.1625,13.2829 , 0.6729,2.0062,38.2574 , 2.7831,0.5076,94.9569 , 1.2675,10.1565,3.3411 , 1.0295,0.2739,526664.5625 , 5763.5977,<LOD,2.5296,0.1641,25.2809 , 0.9361,1.2870,264.6449 , 1.5001,13.9531,4.8921 , 0.7904,0.2781,4.0059 , 1.0712,0.5111,347.7520 , 22.9384,15.1459,35204.0352 , 203.2252,34.7480,<LOD,50.8681,0.7515,4555.0474 , 97.4791,2.3584,,,,,,9,403.399994,39.002563,-122.669762,10.000000,528595.187500,4317113.000000,
512,Mining,125.84,35.46,30.19,30.01,30.18,"Tue May 5, 2026 - 11:30:54",User,1.5,ppm,,,,,,,,,Mining,,,,,,,,,,,,<LOD,1.6561,0.7106,109353.0625 , 1747.9133,1.7183,<LOD,3.0483,0.0789,<LOD,1.2299,0.0943,<LOD,2.4607,1.2740,<LOD,55.9638,11.4053,58.5516 , 5.3616,2.4263,6.3418 , 2.7690,0.2775,35698.2812 , 151.3373,73.9957,<LOD,0.0000,0.0000,22076.0586 , 4875.9507,0.0766,455.0035 , 27.3062,1.1531,<LOD,1.0860,3.9900,2.4612 , 0.5965,2.5619,10.1099 , 4.8610,0.2020,827.1607 , 193.3264,0.2105,6.0504 , 0.9411,0.2590,<LOD,1.3945,0.4599,<LOD,0.0000,0.0000,,,,1141.0021 , 53.3915,0.5861,<LOD,4.7338,3.8651,<LOD,0.8310,0.1573,277169.8750 , 761.3275,18.1064,16.3070 , 2.5568,3.1418,<LOD,0.0000,0.0000,,,,5806.7793 , 40.1169,14.5616,131.0620 , 11.3741,2.5977,<LOD,7.1868,0.1684,12.7316 , 0.6598,1.9673,32.9541 , 2.6548,0.4700,90.4115 , 1.2350,9.8077,2.9363 , 1.0149,0.2678,508176.9062 , 6038.7554,<LOD,2.5945,0.1777,25.4871 , 0.9212,1.2774,261.5040 , 1.4877,13.7865,4.2037 , 0.7419,0.2519,3.0051 , 1.0403,0.4912,330.8257 , 23.3247,14.9792,33872.1211 , 194.4354,33.3410,<LOD,52.3157,0.7666,4428.7729 , 93.0901,2.2914,,,,,,9,403.500000,39.002556,-122.669746,10.000000,528596.500000,4317112.000000,
513,Mining,120.09,30.15,30.30,30.08,29.56,"Tue May 5, 2026 - 11:34:22",User,1.5,ppm,,,,,,,,,Mining,,,,,,,,,,,,<LOD,1.4922,0.7489,120764.7891 , 1685.6080,1.8960,<LOD,2.8018,0.0838,<LOD,1.2779,0.1280,<LOD,2.2566,1.4001,<LOD,52.0357,12.2117,75.8151 , 5.6105,2.8200,7.9309 , 2.6155,0.3105,34271.9375 , 157.8858,79.3232,<LOD,0.0000,0.0000,31285.4199 , 4876.3633,0.0901,607.9095 , 27.9681,1.4983,<LOD,1.0197,4.4257,2.7759 , 0.5651,2.8911,11.1992 , 4.5436,0.2252,888.8868 , 186.6613,0.2305,5.0981 , 0.8540,0.2676,<LOD,1.2664,0.4931,<LOD,0.0000,0.0000,,,,719.7706 , 47.4027,0.5189,<LOD,4.2767,4.0880,<LOD,0.7516,0.1596,277625.3750 , 794.0924,20.3549,12.9835 , 2.3056,3.3051,<LOD,0.0000,0.0000,,,,6282.1323 , 43.5028,17.5303,148.1736 , 12.0847,3.1260,<LOD,6.8363,0.1910,15.6622 , 0.6432,2.3525,47.5554 , 2.7475,0.6310,90.7022 , 1.1762,10.9265,1.8797 , 0.9048,0.2615,485867.2188 , 5792.3887,<LOD,2.3774,0.1836,24.0721 , 0.8619,1.3869,255.7870 , 1.4399,15.1376,2.0163 , 0.7077,0.2636,4.2457 , 0.9918,0.5610,290.9949 , 21.0359,15.6837,35888.8086 , 209.4403,39.3177,<LOD,50.3664,0.8177,4800.8818 , 97.4224,2.7082,,,,,,9,403.299988,39.002556,-122.669739,10.000000,528597.062500,4317112.000000,
514,Mining,126.04,35.68,30.25,30.02,30.09,"Tue May 5, 2026 - 11:37:19",User,1.5,ppm,,,,,,,,,Mining,,,,,,,,,,,,<LOD,1.5498,0.7474,137276.4688 , 1840.5026,2.1390,<LOD,2.8814,0.0856,<LOD,1.3421,0.1373,<LOD,2.3548,1.4094,<LOD,52.5798,12.1740,81.2446 , 5.6814,2.8147,9.9743 , 2.6849,0.3187,34846.1367 , 165.5023,79.0579,<LOD,0.0000,0.0000,32737.1328 , 4975.8398,0.0949,631.1599 , 28.4498,1.5138,<LOD,1.0369,4.4000,3.1643 , 0.5701,2.8349,13.5925 , 4.6332,0.2308,941.7819 , 184.4971,0.2302,8.3933 , 0.9434,0.3177,<LOD,1.3680,0.5367,<LOD,0.0000,0.0000,,,,983.2649 , 49.4045,0.5791,<LOD,4.4772,4.1336,<LOD,0.8139,0.1869,299461.8750 , 820.5045,22.0860,17.6436 , 2.4391,3.4528,<LOD,0.0000,0.0000,,,,6485.5469 , 44.7146,17.7192,133.0918 , 12.1627,3.0732,<LOD,6.9029,0.1895,15.8952 , 0.6537,2.3506,51.2907 , 2.8320,0.6523,102.3609 , 1.2508,11.7842,2.3344 , 0.9923,0.3036,442468.6875 , 6084.9478,<LOD,3.2325,0.2095,26.5793 , 0.8974,1.4657,281.1543 , 1.5473,16.2246,3.3599 , 0.7589,0.3014,4.1564 , 1.0184,0.5741,355.4583 , 22.3896,16.6950,38071.0820 , 217.9675,40.8899,<LOD,49.8532,0.8024,4987.1836 , 99.2518,2.7816,,,,,,9,403.200012,39.002552,-122.669739,10.000000,528597.250000,4317111.500000,
515,Mining,120.10,30.08,30.24,30.01,29.77,"Tue May 5, 2026 - 11:40:35",User,1.5,ppm,,,,,,,,,Mining,,,,,,,,,,,,<LOD,1.7680,0.7039,108418.8906 , 1957.1646,1.7033,<LOD,3.2697,0.0804,<LOD,1.4303,0.1131,<LOD,2.5825,1.2092,<LOD,62.2648,13.4973,61.7187 , 5.9461,2.4692,<LOD,5.6459,0.2483,44449.6641 , 178.1086,88.8685,<LOD,0.0000,0.0000,30911.6348 , 5486.2744,0.0855,806.9088 , 33.1430,1.6413,<LOD,1.1308,3.7611,3.6237 , 0.6269,2.4759,22.2190 , 5.3772,0.2067,762.8333 , 190.8643,0.1876,6.7797 , 0.9909,0.2538,<LOD,1.4516,0.4312,<LOD,0.0000,0.0000,,,,594.6041 , 49.4257,0.4486,<LOD,4.9985,3.6857,<LOD,0.8774,0.1542,282762.2188 , 786.7580,17.9578,17.8250 , 2.7282,3.1048,<LOD,0.0000,0.0000,,,,5742.4653 , 43.1672,13.9413,139.9520 , 12.3942,2.5393,<LOD,7.4754,0.1617,15.6778 , 0.7054,1.9809,40.4401 , 2.8887,0.4955,97.9660 , 1.3112,9.6350,1.3516 , 1.0218,0.2286,485565.0312 , 6845.8750,<LOD,3.7218,0.1850,25.1639 , 0.9501,1.1860,276.7617 , 1.5833,13.4563,2.1631 , 0.7907,0.2301,3.6796 , 1.0950,0.4791,391.2740 , 25.1350,15.1527,34505.9492 , 210.0583,32.6960,<LOD,54.0207,0.7491,4373.2021 , 100.1927,2.2072,,,,,,8,403.200012,39.002556,-122.669731,10.000000,528597.375000,4317112.000000,
516,Mining,120.72,30.10,30.14,30.21,29.33,"Tue May 5, 2026 - 11:42:56",User,1.5,ppm,,,,,,,,,Mining,,,,,,,,,,,,<LOD,1.7340,0.7302,108393.2188 , 1825.9427,1.7022,<LOD,3.3203,0.0857,<LOD,1.3210,0.0996,<LOD,2.5279,1.2497,<LOD,60.7023,12.9028,65.8554 , 5.6421,2.5432,<LOD,5.4288,0.2527,41502.0781 , 169.1593,85.4084,<LOD,0.0000,0.0000,22904.4512 , 5112.7021,0.0768,737.0958 , 32.3799,1.5739,<LOD,1.1377,3.9688,2.6155 , 0.6227,2.5292,12.3563 , 5.0475,0.1784,935.8051 , 192.5092,0.2015,7.7344 , 1.0139,0.2749,<LOD,1.4730,0.4822,<LOD,0.0000,0.0000,,,,569.5978 , 48.9747,0.4535,<LOD,4.8813,3.7883,<LOD,0.8920,0.1652,274572.3750 , 775.9304,17.8347,10.4721 , 2.6338,3.0911,<LOD,0.0000,0.0000,,,,5886.3169 , 41.8125,14.7851,126.7648 , 11.7988,2.6318,<LOD,7.3858,0.1632,16.0474 , 0.7099,2.0813,38.9056 , 2.8584,0.5007,95.4197 , 1.2992,9.8534,<LOD,2.0492,0.2294,504141.0000 , 6335.7168,<LOD,2.7002,0.1770,24.2642 , 0.9416,1.2034,270.3445 , 1.5593,13.7317,3.4628 , 0.7735,0.2425,3.7310 , 1.0919,0.4935,363.9428 , 24.4424,15.3854,34775.4766 , 201.0824,34.0698,<LOD,53.4029,0.7580,4540.6987 , 96.1571,2.3352,,,,,,9,403.399994,39.002556,-122.669731,10.000000,528597.687500,4317112.000000,
517,Mining,125.85,35.53,30.22,30.09,30.01,"Tue May 5, 2026 - 11:46:04",User,1.5,ppm,,,,,,,,,Mining,,,,,,,,,,,,<LOD,1.8427,0.6465,139358.4688 , 2654.7349,2.1575,<LOD,3.7444,0.0930,<LOD,1.5956,0.1235,<LOD,2.8053,1.2195,<LOD,58.9917,9.7636,77.3747 , 6.4620,2.3932,25.2453 , 3.4163,0.3293,34825.8945 , 166.0296,62.0892,<LOD,0.0000,0.0000,36813.2227 , 6095.9424,0.0974,598.8510 , 31.4433,1.1760,<LOD,1.2041,3.7435,5.6516 , 0.6638,2.4365,9.9299 , 5.3289,0.2018,1060.1882 , 214.0789,0.2095,7.4499 , 1.0522,0.2508,<LOD,1.6805,0.4989,<LOD,0.0000,0.0000,,,,929.8246 , 54.9333,0.4817,<LOD,5.3947,3.6655,<LOD,0.9659,0.1617,348385.1562 , 856.3553,21.2007,12.7662 , 2.9084,2.9956,<LOD,0.0000,0.0000,,,,6723.9214 , 49.2789,14.5709,139.2368 , 13.6783,2.5562,<LOD,7.8528,0.1560,18.3743 , 0.7615,2.0281,50.1974 , 3.2106,0.5348,115.9765 , 1.4568,10.2636,2.4995 , 1.1116,0.2439,385352.7188 , 8480.9482,<LOD,4.7838,0.1872,30.3616 , 1.0524,1.2948,305.0764 , 1.7572,13.8256,3.9032 , 0.8958,0.2654,4.4157 , 1.1726,0.4839,471.8939 , 27.4415,15.6421,39585.3672 , 233.7313,33.8830,<LOD,57.8525,0.7210,5086.0479 , 110.0469,2.2876,,,,,,9,403.799988,39.002556,-122.669731,10.000000,528597.812500,4317112.000000,
518,Mining,120.89,30.02,30.30,30.29,30.28,"Tue May 5, 2026 - 11:48:35",User,1.5,ppm,,,,,,,,,Mining,,,,,,,,,,,,<LOD,1.8542,0.6633,134786.5000 , 2514.5752,2.0879,<LOD,3.7129,0.0926,<LOD,1.4921,0.1095,<LOD,2.7757,1.2003,<LOD,58.5589,9.7599,82.4030 , 6.1505,2.4045,16.2159 , 3.2265,0.2976,35031.4922 , 161.3618,63.0293,<LOD,0.0000,0.0000,31884.5820 , 5853.9224,0.0906,578.1843 , 30.9796,1.1611,<LOD,1.4588,3.8525,6.0940 , 0.6677,2.5015,18.4363 , 5.3678,0.2114,1132.0815 , 213.1250,0.2131,8.6329 , 1.0745,0.2657,<LOD,1.7269,0.5358,<LOD,0.0000,0.0000,,,,1002.5132 , 55.1760,0.4984,<LOD,5.4167,3.7400,<LOD,0.9780,0.1690,338111.1562 , 834.5419,20.5288,11.5413 , 2.9165,3.0452,<LOD,0.0000,0.0000,,,,6629.4058 , 46.3639,14.4382,131.6600 , 12.8845,2.5072,<LOD,10.0514,0.1857,18.2611 , 0.7597,2.0483,47.6300 , 3.1598,0.5251,117.3904 , 1.4571,10.4965,<LOD,2.5904,0.2293,405854.8750 , 8085.6562,<LOD,2.9778,0.1814,30.1399 , 1.0512,1.3068,312.2333 , 1.7550,14.2593,4.0157 , 0.8598,0.2549,5.1685 , 1.1841,0.5007,461.3173 , 27.4770,15.8296,38617.0742 , 220.9115,33.3175,<LOD,57.9629,0.7450,5101.0015 , 105.6221,2.3204,,,,,,10,404.000000,39.002560,-122.669724,10.000000,528597.937500,4317112.500000,
519,Mining,126.30,35.79,30.02,30.23,30.26,"Tue May 5, 2026 - 11:52:06",User,1.5,ppm,,,,,,,,,Mining,,,,,,,,,,,,<LOD,1.7181,0.7111,138993.9219 , 2222.0676,2.1583,<LOD,3.3178,0.0857,<LOD,1.4995,0.1291,<LOD,2.5902,1.3134,<LOD,59.7034,12.3881,77.8906 , 6.1308,2.6493,11.6069 , 2.9726,0.2955,40249.2969 , 184.3128,80.6860,<LOD,0.0000,0.0000,34960.7734 , 5553.2358,0.0964,692.0299 , 31.5368,1.4725,<LOD,1.1484,4.0125,5.5138 , 0.6373,2.6491,15.7340 , 5.1929,0.2086,1061.3396 , 199.7760,0.2261,8.5914 , 1.0309,0.2852,<LOD,1.5206,0.5139,<LOD,0.0000,0.0000,,,,818.6816 , 50.5176,0.4985,<LOD,4.9764,3.9415,<LOD,0.9149,0.1754,325208.2188 , 838.9263,21.7354,14.0931 , 2.6861,3.2202,<LOD,0.0000,0.0000,,,,6643.0723 , 46.9809,16.1027,149.3635 , 13.0183,2.8495,<LOD,11.6426,0.2006,19.5510 , 0.7395,2.2580,43.3902 , 2.9423,0.5319,109.3953 , 1.3851,10.8666,1.3927 , 1.0561,0.2513,407282.5625 , 7255.4849,<LOD,2.9268,0.1978,27.9840 , 0.9864,1.3294,311.2913 , 1.7380,15.4438,3.0278 , 0.8347,0.2688,4.4228 , 1.1236,0.5242,411.4017 , 25.0351,16.1382,38048.9414 , 224.2405,36.5050,<LOD,54.2673,0.7925,4826.4844 , 103.3469,2.4471,,,,,,10,406.100006,39.002556,-122.669708,10.000000,528599.250000,4317112.000000,
520,Mining,120.21,30.21,30.01,30.03,29.96,"Tue May 5, 2026 - 11:54:26",User,1.5,ppm,,,,,,,,,Mining,,,,,,,,,,,,<LOD,1.6916,0.7080,146211.6562 , 2307.8147,2.2681,<LOD,3.3054,0.0860,<LOD,1.4235,0.1172,<LOD,2.5571,1.3168,<LOD,60.5592,12.8592,62.0510 , 6.0314,2.6600,8.8973 , 2.9309,0.2895,40319.3672 , 202.2301,84.0162,<LOD,0.0000,0.0000,43599.8359 , 5850.2363,0.1072,656.0352 , 31.3989,1.4707,<LOD,1.1854,4.1504,5.5261 , 0.6417,2.7137,22.3837 , 5.3472,0.2283,975.4113 , 206.0103,0.2354,7.2052 , 1.0082,0.2749,<LOD,1.5561,0.5568,<LOD,0.0000,0.0000,,,,950.0366 , 51.7637,0.5192,<LOD,4.8719,3.8567,<LOD,0.8903,0.1661,329934.8438 , 905.1666,22.9897,18.8576 , 2.6684,3.2867,<LOD,0.0000,0.0000,,,,6550.1694 , 47.9894,16.5987,151.3333 , 13.0236,2.9683,<LOD,7.7618,0.1824,19.0755 , 0.7417,2.2874,51.3808 , 3.1111,0.5995,109.4725 , 1.4117,11.1704,1.2870 , 1.0330,0.2426,387114.7812 , 7520.0044,<LOD,4.2441,0.2030,26.8639 , 0.9836,1.3282,298.9164 , 1.7701,15.4244,4.0917 , 0.8241,0.2759,4.0436 , 1.1222,0.5273,423.5208 , 24.8214,16.3854,37642.7500 , 228.8312,37.5613,<LOD,55.1663,0.7998,4830.2041 , 103.4564,2.5515,,,,,,10,406.200012,39.002560,-122.669716,10.000000,528599.125000,4317112.500000,
521,Mining,126.08,35.74,30.20,30.05,30.09,"Tue May 5, 2026 - 11:57:40",User,1.5,ppm,,,,,,,,,Mining,,,,,,,,,,,,<LOD,1.8645,0.6766,128332.4531 , 2518.7786,1.9955,<LOD,3.6847,0.0892,<LOD,1.6118,0.1253,<LOD,2.7298,1.1633,<LOD,59.1059,9.7976,69.8794 , 5.9469,2.2912,10.5863 , 3.1062,0.2700,35535.8906 , 159.8872,62.8462,<LOD,0.0000,0.0000,35633.7930 , 5980.2349,0.0932,550.1736 , 30.6423,1.1175,<LOD,1.6244,3.7879,5.6691 , 0.6659,2.4333,17.2789 , 5.4317,0.2122,1063.4021 , 212.9716,0.2072,8.5061 , 1.0784,0.2621,<LOD,1.6604,0.4955,<LOD,0.0000,0.0000,,,,1066.8297 , 55.8791,0.5041,<LOD,5.3913,3.7455,<LOD,0.9814,0.1673,339964.0625 , 826.8523,20.2590,17.8355 , 2.9196,3.0966,<LOD,0.0000,0.0000,,,,6338.9419 , 44.7350,13.6507,137.0647 , 12.5416,2.4244,<LOD,12.5362,0.1888,18.3530 , 0.7606,2.0130,44.6399 , 3.1129,0.4992,114.7936 , 1.4482,10.1951,<LOD,2.5212,0.2248,407746.1875 , 8252.0215,<LOD,3.4307,0.1887,29.5071 , 1.0456,1.2633,317.5255 , 1.7642,14.2184,4.0046 , 0.9051,0.2693,5.0089 , 1.1873,0.4929,506.8852 , 27.4505,16.0459,37663.1289 , 213.3316,31.8945,<LOD,57.5569,0.7204,4797.5825 , 101.3407,2.1625,,,,,,10,406.500000,39.002560,-122.669716,10.000000,528598.812500,4317112.500000,
522,Mining,120.11,30.04,30.19,30.23,29.65,"Tue May 5, 2026 - 12:02:46",User,1.5,ppm,,,,,,,,,Mining,,,,,,,,,,,,<LOD,1.6225,0.7025,135107.0156 , 2256.7090,2.1037,<LOD,3.1706,0.0856,<LOD,1.4305,0.1284,<LOD,2.4571,1.3097,<LOD,53.6749,10.2045,70.0421 , 5.7174,2.4918,6.7304 , 2.7708,0.2787,32327.2695 , 168.0663,66.0831,<LOD,0.0000,0.0000,46409.5039 , 5891.4160,0.1080,485.7095 , 27.8449,1.1609,<LOD,1.1033,4.0946,4.2090 , 0.6076,2.6518,9.6353 , 4.7450,0.2024,861.0495 , 202.8635,0.2128,7.8480 , 0.9866,0.2858,<LOD,1.5060,0.5631,<LOD,0.0000,0.0000,,,,879.0427 , 52.6644,0.5072,<LOD,4.7158,3.9137,<LOD,0.8716,0.1745,321262.0938 , 898.8661,21.7454,12.5977 , 2.5576,3.2440,<LOD,0.0000,0.0000,,,,6367.2979 , 45.3955,15.6650,160.3612 , 12.4239,2.8270,<LOD,7.4339,0.1811,16.1990 , 0.6940,2.1797,43.0518 , 2.8574,0.5456,103.1208 , 1.3294,10.8964,<LOD,2.1020,0.2404,411891.2188 , 7484.1978,<LOD,3.7267,0.2021,28.2145 , 0.9646,1.4011,290.5283 , 1.6767,15.2922,3.6170 , 0.8115,0.2854,3.9497 , 1.0790,0.5308,386.0190 , 23.8354,16.2882,38365.2539 , 224.4547,37.4012,<LOD,55.0573,0.7525,4898.4248 , 100.6448,2.5014,,,,,,9,407.000000,39.002563,-122.669716,10.000000,528598.687500,4317113.000000,
523,Mining,126.22,35.68,30.19,30.20,30.15,"Tue May 5, 2026 - 12:09:41",User,1.5,ppm,,,,,,,,,Mining,,,,,,,,,,,,<LOD,1.5574,0.7530,129777.9766 , 1753.7582,2.0299,<LOD,2.8518,0.0792,<LOD,1.2607,0.1138,<LOD,2.2792,1.3025,<LOD,54.0712,12.1662,81.8593 , 5.4796,2.7477,8.5161 , 2.7133,0.3061,35399.8750 , 159.8973,79.2793,<LOD,0.0000,0.0000,22577.3145 , 4729.3306,0.0824,568.8458 , 28.2133,1.4079,<LOD,1.0515,4.2810,2.0860 , 0.5755,2.7240,12.7450 , 4.7078,0.2193,929.2733 , 188.2324,0.2310,5.3525 , 0.8941,0.2681,<LOD,1.3313,0.5039,<LOD,0.0000,0.0000,,,,1473.7203 , 55.0217,0.7142,<LOD,4.3898,3.9413,<LOD,0.7827,0.1599,296931.9375 , 792.8517,21.4755,9.9527 , 2.3642,3.1856,<LOD,0.0000,0.0000,,,,6393.1240 , 42.5396,17.2359,132.4124 , 11.7118,2.9900,<LOD,7.0806,0.1878,14.4408 , 0.6549,2.2225,42.1689 , 2.7313,0.5711,93.8810 , 1.2220,10.8244,3.8596 , 0.9906,0.3013,464059.8750 , 5806.9663,<LOD,2.3923,0.1674,26.6373 , 0.9124,1.4385,261.0758 , 1.4802,14.8756,4.5018 , 0.7487,0.2905,4.0836 , 1.0210,0.5437,301.9030 , 21.7334,15.4459,35998.3047 , 203.8805,38.2506,<LOD,52.5573,0.8865,4884.2485 , 96.1172,2.7015,,,,,,10,407.700012,39.002556,-122.669724,10.000000,528598.500000,4317112.000000,
524,Mining,126.01,35.50,30.03,30.25,30.23,"Tue May 5, 2026 - 12:12:02",User,1.5,ppm,,,,,,,,,Mining,,,,,,,,,,,,<LOD,1.5421,0.7170,126834.1094 , 1685.7854,1.9858,<LOD,3.1962,0.0997,<LOD,1.2599,0.1128,<LOD,2.3182,1.3192,<LOD,55.3748,12.8183,72.7914 , 5.4767,2.7080,8.8386 , 2.7207,0.3058,36573.6016 , 160.8371,82.4604,<LOD,0.0000,0.0000,22568.6523 , 4611.3921,0.0818,569.4684 , 28.3302,1.4249,<LOD,1.0588,4.3170,3.0127 , 0.5824,2.7800,<LOD,10.3477,0.2115,800.8991 , 179.9462,0.2184,5.7360 , 0.8998,0.2695,<LOD,1.3126,0.4753,<LOD,0.0000,0.0000,,,,1447.5721 , 53.5184,0.7106,<LOD,4.4066,3.8559,<LOD,0.7980,0.1590,291137.8438 , 769.2449,21.0692,12.2674 , 2.3908,3.1821,<LOD,0.0000,0.0000,,,,6256.2217 , 42.6137,17.1116,126.5364 , 11.7653,2.9768,<LOD,6.6306,0.1633,13.8047 , 0.6527,2.1886,39.0820 , 2.6797,0.5461,94.8007 , 1.2286,10.8903,3.3593 , 0.9875,0.2941,472293.4688 , 5651.7954,<LOD,2.4439,0.1806,26.8881 , 0.9125,1.4352,260.9118 , 1.4779,14.8874,2.8442 , 0.7229,0.2592,2.6962 , 1.0068,0.5236,281.3664 , 21.7850,15.0339,35694.7695 , 203.4654,38.2119,<LOD,51.2227,0.8869,4868.4614 , 96.2348,2.6823,,,,,,10,407.899994,39.002560,-122.669724,10.000000,528598.500000,4317112.500000,
525,Mining,120.54,30.20,30.25,30.02,30.07,"Tue May 5, 2026 - 12:14:57",User,1.5,ppm,,,,,,,,,Mining,,,,,,,,,,,,<LOD,1.6954,0.7004,143085.9062 , 2282.9456,2.2223,<LOD,3.2852,0.0843,<LOD,1.4693,0.1242,<LOD,2.5308,1.2668,<LOD,58.4847,11.5953,72.7334 , 5.7984,2.5246,14.9767 , 3.0463,0.3108,37091.2617 , 181.9465,75.0880,<LOD,0.0000,0.0000,34375.5469 , 5661.9595,0.0969,626.6089 , 30.8856,1.3732,<LOD,1.1369,3.9607,4.6158 , 0.6299,2.6058,10.1201 , 5.0559,0.1997,1031.0801 , 212.5938,0.2401,6.7655 , 0.9955,0.2665,<LOD,1.5196,0.5202,<LOD,0.0000,0.0000,,,,1950.0808 , 63.0596,0.7669,<LOD,4.8676,3.8240,<LOD,0.9037,0.1724,332923.0938 , 881.1569,22.6481,17.2114 , 2.6411,3.1597,<LOD,0.0000,0.0000,,,,6388.1318 , 45.6922,15.7055,116.5838 , 12.2895,2.6935,<LOD,7.5628,0.1722,16.7661 , 0.7221,2.1581,45.1674 , 2.9847,0.5484,107.8349 , 1.3848,10.8693,4.4856 , 1.1048,0.3016,397804.4062 , 7353.7646,<LOD,4.7334,0.2039,29.8661 , 1.0088,1.4132,292.6407 , 1.7084,14.9097,3.8531 , 0.8350,0.2769,3.6541 , 1.1104,0.5142,383.6597 , 24.3841,15.4984,38552.0234 , 223.3195,37.2786,<LOD,54.6215,0.7544,5040.9331 , 101.9237,2.5426,,,,,,10,408.000000,39.002556,-122.669724,10.000000,528598.500000,4317112.000000,
526,Mining,120.59,30.26,30.10,30.03,30.20,"Tue May 5, 2026 - 12:17:18",User,1.5,ppm,,,,,,,,,Mining,,,,,,,,,,,,<LOD,1.6307,0.7110,147625.9375 , 2239.1238,2.2901,<LOD,3.0929,0.0830,<LOD,1.3554,0.1172,<LOD,2.4478,1.3054,<LOD,56.4865,12.0144,77.4636 , 5.8364,2.6535,15.0947 , 2.9346,0.3200,37146.9922 , 184.3517,77.5435,<LOD,0.0000,0.0000,36399.9492 , 5604.8716,0.1004,641.1176 , 29.9226,1.4302,<LOD,1.0980,4.1002,5.4209 , 0.6130,2.7412,14.5243 , 4.9879,0.2230,958.4434 , 203.5372,0.2310,8.6753 , 0.9920,0.2944,<LOD,1.4387,0.5101,<LOD,0.0000,0.0000,,,,1871.9899 , 61.5979,0.7697,<LOD,4.6414,3.7928,<LOD,0.8411,0.1642,330561.1875 , 889.7958,23.1740,16.6250 , 2.5290,3.1740,<LOD,0.0000,0.0000,,,,6515.9492 , 46.4890,16.5402,135.4112 , 12.4930,2.8968,<LOD,7.4155,0.1837,16.6280 , 0.6946,2.2113,47.6741 , 2.9149,0.5799,105.9430 , 1.3348,11.0821,4.4444 , 1.0926,0.3250,392877.8438 , 7161.2817,<LOD,2.8734,0.1927,29.5125 , 0.9764,1.4581,293.9175 , 1.6805,15.4278,3.7119 , 0.7813,0.2727,5.0568 , 1.0892,0.5497,364.0919 , 23.3064,15.4631,39204.7109 , 226.7638,39.1136,<LOD,53.0158,0.7460,5051.6729 , 102.1837,2.6550,,,,,,10,408.299988,39.002556,-122.669716,10.000000,528598.687500,4317112.000000,
527,Mining,126.32,35.55,30.29,30.19,30.29,"Tue May 5, 2026 - 12:21:09",User,1.5,ppm,,,,,,,,,Mining,,,,,,,,,,,,<LOD,1.6739,0.6731,114522.1797 , 1957.2433,1.7916,<LOD,3.1932,0.0799,<LOD,1.2534,0.0904,<LOD,2.4961,1.2139,<LOD,54.2824,9.5285,75.4341 , 5.6725,2.3964,5.8289 , 2.8200,0.2650,31411.3516 , 142.0676,61.1588,<LOD,0.0000,0.0000,23711.6523 , 5147.8755,0.0789,537.7458 , 29.1840,1.1682,<LOD,1.1194,3.9095,2.6173 , 0.6140,2.5015,<LOD,10.7039,0.1938,890.0096 , 198.3774,0.2009,6.5342 , 0.9755,0.2569,<LOD,1.4205,0.4430,<LOD,0.0000,0.0000,,,,384.3171 , 47.4284,0.3958,<LOD,4.7999,3.6614,<LOD,0.8708,0.1594,294659.4375 , 785.8397,18.3970,13.9726 , 2.6011,3.0164,<LOD,0.0000,0.0000,,,,6278.5498 , 42.8934,14.7593,140.4983 , 12.1316,2.6162,<LOD,7.5116,0.1702,16.0660 , 0.7017,2.0667,40.3409 , 2.8708,0.5064,96.8224 , 1.2901,9.8948,<LOD,1.4390,0.1951,486591.2500 , 6609.0332,<LOD,2.6702,0.1722,24.7935 , 0.9393,1.2164,270.8043 , 1.5410,13.6646,5.1276 , 0.7753,0.2603,4.0939 , 1.0855,0.4948,349.4735 , 23.9163,14.7433,35419.9922 , 202.9155,32.6715,<LOD,55.6061,0.7777,4541.0942 , 97.0839,2.2205,,,,,,9,408.600006,39.002556,-122.669716,10.000000,528598.812500,4317112.000000,
528,Mining,126.33,35.66,30.30,30.16,30.21,"Tue May 5, 2026 - 12:24:05",User,1.5,ppm,,,,,,,,,Mining,,,,,,,,,,,,<LOD,1.6420,0.6672,106329.7578 , 1806.8468,1.6722,<LOD,2.9376,0.0761,<LOD,1.3023,0.1097,<LOD,2.4486,1.2047,<LOD,51.4601,9.5371,65.6266 , 5.3570,2.3462,<LOD,6.3994,0.2572,30458.1562 , 135.3170,60.8146,<LOD,0.0000,0.0000,27519.1348 , 5053.8901,0.0817,565.5605 , 28.3156,1.2232,<LOD,1.0378,3.7834,2.5605 , 0.5809,2.5352,<LOD,8.1456,0.1921,923.0719 , 194.8051,0.2061,6.3112 , 0.9131,0.2530,<LOD,1.3960,0.4408,<LOD,0.0000,0.0000,,,,275.8896 , 45.4284,0.3813,<LOD,4.7005,3.6266,<LOD,0.7759,0.1401,280520.4062 , 763.9529,17.6526,10.3892 , 2.5283,2.9196,<LOD,0.0000,0.0000,,,,5877.3481 , 40.6054,14.2693,125.4055 , 11.4131,2.5325,<LOD,6.6191,0.1475,14.3746 , 0.6516,2.0038,34.1184 , 2.6070,0.4681,87.4819 , 1.1856,9.4065,<LOD,1.3291,0.1826,507956.8438 , 6292.1450,<LOD,2.7848,0.1773,22.9747 , 0.8680,1.1656,254.2210 , 1.4292,13.2345,2.4327 , 0.7333,0.2388,2.8572 , 1.0040,0.4751,308.1095 , 23.2154,14.2106,34299.4492 , 193.6938,32.3338,<LOD,55.1094,0.8166,4337.4922 , 92.3288,2.1797,,,,,,10,409.000000,39.002556,-122.669716,10.000000,528599.125000,4317112.000000,
529,Mining,120.66,30.28,30.02,30.17,30.19,"Tue May 5, 2026 - 13:57:41",User,1.5,ppm,,,,,,,,,Mining,,,,,,,,,,,,<LOD,1.4937,0.7641,127122.6250 , 1639.1384,1.9921,<LOD,3.0326,0.1012,<LOD,1.1826,0.1127,<LOD,2.2263,1.3802,<LOD,52.6788,13.0267,67.4662 , 5.4371,2.7933,53.6510 , 3.4925,0.5722,35636.1641 , 161.1454,84.5538,<LOD,0.0000,0.0000,23443.5859 , 4654.2622,0.0852,534.3140 , 26.8411,1.4353,<LOD,1.0174,4.5220,2.3247 , 0.5578,2.8837,17.5315 , 4.6897,0.2527,1013.5221 , 198.1166,0.2704,7.1602 , 0.9062,0.3098,<LOD,1.2318,0.4723,<LOD,0.0000,0.0000,,,,4914.0825 , 81.0718,1.7480,<LOD,4.2332,4.0426,<LOD,0.7851,0.1775,275776.0938 , 778.4130,20.8999,9.6213 , 2.2824,3.2757,<LOD,0.0000,0.0000,,,,6335.4492 , 43.1206,18.1677,137.6684 , 11.8703,3.1859,<LOD,6.5679,0.1809,13.2596 , 0.6262,2.2801,47.7088 , 2.7519,0.6523,89.4622 , 1.1687,11.0890,<LOD,1.3290,0.2312,481981.1250 , 5525.5693,3.5209 , 1.7206,0.2361,27.1468 , 0.8876,1.5315,257.7040 , 1.4392,15.5482,5.2745 , 0.7286,0.3194,3.1193 , 0.9868,0.5668,272.6458 , 20.8780,15.6183,35621.8984 , 206.4895,40.1912,<LOD,52.2189,0.9447,6605.8628 , 107.4935,3.6156,,,,,,8,401.899994,39.000603,-122.662926,10.000000,529187.875000,4316897.500000,
530,Mining,120.06,30.04,30.23,30.16,29.63,"Tue May 5, 2026 - 14:00:00",User,1.5,ppm,,,,,,,,,Mining,,,,,,,,,,,,<LOD,1.4761,0.7360,118386.8125 , 1641.6865,1.8624,<LOD,2.8719,0.0896,<LOD,1.1908,0.1128,<LOD,2.2068,1.3396,<LOD,51.9749,12.4377,67.0321 , 5.5288,2.7551,35.4231 , 3.1570,0.4609,34883.5547 , 156.8389,80.7889,<LOD,0.0000,0.0000,26859.9180 , 4793.3398,0.0869,491.0230 , 26.0678,1.3273,<LOD,1.0050,4.3591,1.9848 , 0.5531,2.8048,14.5731 , 4.5852,0.2359,928.2462 , 198.5003,0.2552,4.9381 , 0.8463,0.2667,<LOD,1.2267,0.4627,<LOD,0.0000,0.0000,,,,4399.8999 , 78.9271,1.5707,<LOD,4.2117,3.9803,<LOD,0.7551,0.1627,271132.2812 , 777.1802,19.9020,11.1288 , 2.2631,3.1861,<LOD,0.0000,0.0000,,,,6114.8848 , 42.8144,17.1346,144.3360 , 11.9444,3.0687,<LOD,6.5885,0.1798,12.9106 , 0.6174,2.1927,46.6015 , 2.7183,0.6277,88.7794 , 1.1555,10.7439,<LOD,1.5240,0.2221,494539.9062 , 5665.0493,<LOD,3.9106,0.2164,25.7060 , 0.8694,1.4446,252.1516 , 1.4115,14.9151,2.8812 , 0.6885,0.2655,3.6432 , 0.9801,0.5554,275.2088 , 20.6547,15.1390,34717.6172 , 205.2608,38.0731,<LOD,53.6238,0.9503,6558.5552 , 108.6638,3.4988,,,,,,8,403.799988,39.000633,-122.662971,10.000000,529183.375000,4316901.000000,
531,Mining,120.12,30.12,30.26,30.19,29.55,"Tue May 5, 2026 - 14:03:42",User,1.5,ppm,,,,,,,,,Mining,,,,,,,,,,,,<LOD,1.7315,0.6924,122154.1016 , 2100.3862,1.9131,<LOD,3.2945,0.0813,<LOD,1.4178,0.1111,<LOD,2.6084,1.2757,<LOD,64.4811,14.8431,65.6081 , 6.1121,2.7048,10.9897 , 3.0114,0.2934,47807.5273 , 205.7692,98.0210,<LOD,0.0000,0.0000,35446.8906 , 5765.4399,0.0961,790.9892 , 33.1718,1.6848,<LOD,1.1624,3.9370,3.8416 , 0.6371,2.5237,31.5465 , 5.6463,0.2302,1211.6229 , 221.2097,0.2648,7.9710 , 1.0350,0.2764,<LOD,1.5331,0.5012,<LOD,0.0000,0.0000,,,,4828.1670 , 86.4527,1.5385,<LOD,4.9921,3.7695,<LOD,0.9046,0.1650,295539.3125 , 823.9694,19.8394,14.3798 , 2.7109,3.1389,<LOD,0.0000,0.0000,,,,6323.1353 , 46.0027,15.8100,165.0247 , 12.9886,2.9088,<LOD,7.9047,0.1814,16.4964 , 0.7291,2.0942,38.8187 , 2.8841,0.4942,107.3644 , 1.3819,10.4178,<LOD,2.1976,0.2304,441543.6250 , 7191.8345,<LOD,4.6827,0.2031,30.8724 , 1.0376,1.4238,288.2983 , 1.6762,14.1556,4.0037 , 0.8247,0.2637,5.8193 , 1.1555,0.5320,409.8359 , 25.2704,15.7241,36591.1172 , 219.5335,35.9142,<LOD,54.9977,0.7994,6562.6421 , 114.6674,3.1844,,,,,,9,441.100006,39.000652,-122.662926,10.000000,529187.562500,4316903.000000,
532,Mining,120.38,30.07,30.10,30.12,30.09,"Tue May 5, 2026 - 14:06:06",User,1.5,ppm,,,,,,,,,Mining,,,,,,,,,,,,<LOD,1.8749,0.6862,125942.8672 , 2366.4128,1.9616,<LOD,3.8684,0.0993,<LOD,1.5199,0.1120,<LOD,2.7556,1.1925,<LOD,64.6942,12.6432,71.9797 , 6.1091,2.5079,11.7073 , 3.1427,0.2796,43371.7695 , 190.2289,82.0415,<LOD,0.0000,0.0000,37477.6562 , 6032.0474,0.0975,694.7771 , 33.0916,1.4132,<LOD,1.2123,3.7691,5.6392 , 0.6722,2.4848,17.6830 , 5.6460,0.2059,1252.5776 , 227.5809,0.2499,7.7669 , 1.0696,0.2589,<LOD,1.6516,0.4910,<LOD,0.0000,0.0000,,,,5539.0854 , 92.6585,1.5870,<LOD,5.3475,3.6468,<LOD,0.9740,0.1621,312763.3438 , 829.4239,19.6030,19.1969 , 2.9300,3.1186,<LOD,0.0000,0.0000,,,,6233.7905 , 45.6068,14.4200,138.2351 , 12.7470,2.5822,<LOD,8.1251,0.1679,17.6064 , 0.7650,2.0334,40.8852 , 3.0540,0.4856,109.4856 , 1.4381,10.0039,<LOD,1.7085,0.2063,423458.5312 , 7937.4468,4.4755 , 2.1057,0.2118,30.9604 , 1.0706,1.3367,295.7380 , 1.7387,13.6737,4.0689 , 0.8749,0.2585,4.4265 , 1.1878,0.4914,458.1725 , 27.2874,15.6652,35333.4180 , 213.4165,31.8709,<LOD,56.9044,0.7606,6694.1855 , 114.9403,2.9679,,,,,,9,441.399994,39.000652,-122.662926,10.000000,529187.562500,4316903.000000,
533,Mining,120.53,30.22,30.02,30.08,30.21,"Tue May 5, 2026 - 14:09:51",User,1.5,ppm,,,,,,,,,Mining,,,,,,,,,,,,<LOD,1.9315,0.6637,129057.2422 , 2679.0061,2.0050,<LOD,3.9305,0.0890,<LOD,1.5854,0.1070,<LOD,2.8381,1.1506,<LOD,70.2812,13.8276,71.6378 , 6.4019,2.4878,8.9689 , 3.2171,0.2584,50117.2031 , 217.9976,91.2295,<LOD,0.0000,0.0000,42698.7031 , 6645.3516,0.1034,912.5657 , 37.2012,1.6672,<LOD,1.2548,3.4969,5.3191 , 0.6949,2.3050,36.2501 , 6.2377,0.2195,1460.7657 , 249.0470,0.2756,7.1541 , 1.1102,0.2439,<LOD,1.7251,0.4898,<LOD,0.0000,0.0000,,,,5784.0020 , 97.6057,1.5996,<LOD,5.5027,3.4874,<LOD,1.0890,0.1865,319807.5938 , 856.4697,19.6468,17.6995 , 3.0203,3.0088,<LOD,0.0000,0.0000,,,,6522.3555 , 47.7109,14.4390,152.5421 , 13.3990,2.5885,<LOD,8.5909,0.1652,18.2385 , 0.8018,1.9469,40.1548 , 3.1577,0.4574,113.1622 , 1.5119,9.5735,<LOD,2.3830,0.2030,396795.3750 , 8892.6260,5.9095 , 2.2276,0.2086,33.2307 , 1.1328,1.3153,302.3993 , 1.8338,13.0347,3.6805 , 0.9025,0.2374,4.2703 , 1.2352,0.4642,487.6379 , 28.3488,15.3339,38495.3945 , 229.6125,33.9101,<LOD,61.8357,0.8212,7040.5107 , 122.0705,3.0766,,,,,,9,441.799988,39.000645,-122.662926,10.000000,529187.687500,4316902.000000,
534,Mining,126.19,35.76,30.14,30.19,30.10,"Tue May 5, 2026 - 14:12:15",User,1.5,ppm,,,,,,,,,Mining,,,,,,,,,,,,<LOD,1.8682,0.6677,129563.8672 , 2451.5090,2.0149,<LOD,3.8359,0.0913,<LOD,1.6248,0.1204,<LOD,2.7620,1.1768,<LOD,67.4470,13.1909,76.3725 , 6.5060,2.6230,12.6413 , 3.2465,0.2815,46114.4727 , 205.8431,86.6469,<LOD,0.0000,0.0000,41877.6758 , 6210.8286,0.1027,894.8632 , 36.6612,1.6727,<LOD,1.5800,3.7693,6.2506 , 0.6921,2.4657,25.0244 , 5.8788,0.2071,1428.4535 , 238.9010,0.2839,9.4317 , 1.1368,0.2751,<LOD,1.6735,0.4958,<LOD,0.0000,0.0000,,,,5639.4941 , 92.5244,1.6043,<LOD,5.3136,3.5072,<LOD,1.0173,0.1703,316140.7500 , 836.7329,20.0205,15.0753 , 2.9041,2.9843,<LOD,0.0000,0.0000,,,,6539.9082 , 48.2329,14.9510,147.5055 , 13.4919,2.6730,<LOD,8.5922,0.1771,19.1967 , 0.8043,2.1045,45.9265 , 3.2320,0.5124,114.6798 , 1.5060,10.2006,<LOD,1.7035,0.2151,403266.1562 , 8234.4756,6.6587 , 2.2399,0.2266,34.7319 , 1.1328,1.4208,310.1335 , 1.8388,14.0366,2.9412 , 0.9066,0.2514,3.2768 , 1.2121,0.4791,448.3851 , 27.2065,15.1890,39875.6758 , 234.5667,36.0333,<LOD,58.5162,0.8215,7380.4790 , 124.5693,3.3034,,,,,,8,442.799988,39.000648,-122.662926,10.000000,529187.812500,4316902.500000,
535,Mining,120.22,30.28,30.27,30.04,29.63,"Tue May 5, 2026 - 14:15:16",User,1.5,ppm,,,,,,,,,Mining,,,,,,,,,,,,<LOD,1.9130,0.6555,129341.0391 , 2669.0540,2.0111,<LOD,3.7084,0.0827,<LOD,1.5231,0.1026,<LOD,2.8516,1.1759,<LOD,64.7334,11.3518,61.4324 , 6.4202,2.3697,11.1480 , 3.2167,0.2670,41562.8516 , 185.8659,73.9411,<LOD,0.0000,0.0000,38502.4531 , 6419.5044,0.0983,606.3974 , 32.5783,1.2259,<LOD,1.5658,3.6412,4.2497 , 0.6746,2.2734,20.0791 , 5.7124,0.1980,1367.6943 , 243.2887,0.2531,9.7977 , 1.1417,0.2698,<LOD,1.7185,0.4897,<LOD,0.0000,0.0000,,,,4795.0928 , 91.2678,1.3421,<LOD,5.5515,3.6375,<LOD,0.9989,0.1601,334158.4062 , 856.7797,20.1226,12.3278 , 2.9884,2.9623,<LOD,0.0000,0.0000,,,,6699.9487 , 48.7198,14.4686,157.1487 , 13.7464,2.5982,<LOD,9.7915,0.1769,17.2414 , 0.7789,1.9243,43.0618 , 3.1862,0.4819,109.0790 , 1.4595,9.4300,<LOD,1.6900,0.2085,398747.1250 , 8757.9648,7.2498 , 2.2717,0.2263,31.3593 , 1.0899,1.2700,289.4524 , 1.7476,12.7150,4.4107 , 0.8893,0.2474,3.6029 , 1.1986,0.4556,491.9268 , 28.2965,15.5692,36131.2656 , 222.9251,30.6766,<LOD,60.9925,0.7670,6814.1587 , 120.9089,2.8497,,,,,,8,442.700012,39.000652,-122.662918,10.000000,529188.125000,4316903.000000,
536,Mining,120.71,30.22,30.27,30.00,28.41,"Tue May 5, 2026 - 14:17:36",User,1.5,ppm,,,,,,,,,Mining,,,,,,,,,,,,<LOD,1.8470,0.6504,128752.5469 , 2774.7297,2.0032,<LOD,3.7833,0.0901,<LOD,1.6374,0.1240,<LOD,2.7423,1.1541,<LOD,62.1439,10.6915,69.3615 , 6.3620,2.3718,15.8707 , 3.2753,0.2888,39037.9297 , 183.8070,69.4147,<LOD,0.0000,0.0000,43526.7578 , 6746.8120,0.1037,584.1364 , 31.6747,1.1817,<LOD,1.2150,3.6118,6.0032 , 0.6747,2.3933,22.4282 , 5.6170,0.2098,1439.6233 , 253.4183,0.2597,7.5318 , 1.0737,0.2486,<LOD,1.6792,0.4987,<LOD,0.0000,0.0000,,,,4851.6436 , 94.4896,1.3482,<LOD,5.3638,3.6070,<LOD,1.0059,0.1690,334484.1250 , 892.1980,20.1755,17.1028 , 2.9215,3.0335,<LOD,0.0000,0.0000,,,,6827.6401 , 49.4115,14.7888,142.1521 , 13.6232,2.5972,<LOD,8.5216,0.1760,17.0773 , 0.7636,1.9329,48.9783 , 3.2447,0.5211,112.0007 , 1.4598,9.7511,<LOD,1.5828,0.1895,395179.5938 , 9105.2109,4.2256 , 2.1396,0.2059,31.4633 , 1.0762,1.2929,297.3224 , 1.7704,13.1916,3.1380 , 0.9058,0.2533,3.7473 , 1.1811,0.4634,462.8327 , 27.3228,15.3692,37169.7148 , 226.1586,31.7156,<LOD,63.3793,0.7740,6885.0034 , 120.8856,2.9084,,,,,,8,442.700012,39.000648,-122.662918,10.000000,529188.125000,4316902.500000,
537,Mining,120.62,30.26,30.11,30.14,28.30,"Tue May 5, 2026 - 14:20:45",User,1.5,ppm,,,,,,,,,Mining,,,,,,,,,,,,<LOD,1.7702,0.6778,130091.8984 , 2333.0674,2.0261,<LOD,3.5302,0.0887,<LOD,1.4792,0.1144,<LOD,2.6379,1.2131,<LOD,61.1450,11.7545,84.2275 , 6.0836,2.5690,12.2921 , 3.0940,0.2914,39472.6641 , 181.1642,76.3069,<LOD,0.0000,0.0000,30894.6387 , 5860.9175,0.0903,657.4533 , 31.9868,1.3706,<LOD,1.1771,3.8679,5.2589 , 0.6498,2.5214,22.3770 , 5.4979,0.2251,1252.1417 , 222.7074,0.2371,8.0079 , 1.0546,0.2716,<LOD,1.5893,0.5055,<LOD,0.0000,0.0000,,,,3099.6770 , 76.8096,1.0374,<LOD,5.0922,3.6410,<LOD,0.9413,0.1673,320010.9375 , 860.9165,20.6302,13.3051 , 2.7895,3.1223,<LOD,0.0000,0.0000,,,,6252.1528 , 45.3078,14.6782,147.2880 , 12.6675,2.6389,<LOD,8.0776,0.1786,16.3979 , 0.7430,2.0698,45.5615 , 3.0776,0.5303,107.0686 , 1.4021,10.2478,<LOD,1.8854,0.2191,422849.6562 , 7637.2803,<LOD,4.8057,0.2017,33.6608 , 1.0633,1.4510,293.4347 , 1.7104,14.1214,4.8764 , 0.8687,0.2811,2.0381 , 1.1153,0.4697,421.5703 , 26.0708,15.8104,37016.7695 , 219.3280,34.2493,<LOD,56.7750,0.7327,7184.6597 , 118.1897,3.2590,,,,,,10,442.700012,39.000648,-122.662918,10.000000,529188.125000,4316902.500000,
538,Mining,126.13,35.61,30.26,30.16,30.10,"Tue May 5, 2026 - 14:23:11",User,1.5,ppm,,,,,,,,,Mining,,,,,,,,,,,,<LOD,1.7870,0.6894,129136.8672 , 2312.6047,2.0109,<LOD,3.5874,0.0917,<LOD,1.4572,0.1114,<LOD,2.6436,1.2167,<LOD,61.6620,12.1574,81.2561 , 6.1526,2.5435,16.0342 , 3.1326,0.3006,40772.7852 , 181.4294,77.9524,<LOD,0.0000,0.0000,33973.7930 , 5821.7876,0.0933,698.0508 , 32.2452,1.4158,<LOD,1.1712,3.8205,4.1483 , 0.6406,2.4378,<LOD,12.0637,0.1943,1321.9745 , 221.1292,0.2481,7.3174 , 1.0346,0.2619,<LOD,1.5731,0.4924,<LOD,0.0000,0.0000,,,,3083.2610 , 74.0080,1.0152,<LOD,5.1204,3.7088,<LOD,0.9748,0.1827,319897.1875 , 835.7078,20.4263,13.9709 , 2.7779,3.0861,<LOD,0.0000,0.0000,,,,6374.9380 , 46.4049,14.9105,132.8328 , 12.8674,2.6316,<LOD,7.7422,0.1653,17.5508 , 0.7436,2.0811,44.7064 , 3.0334,0.5180,106.7281 , 1.3855,10.0475,<LOD,1.9230,0.2119,419090.0000 , 7632.8994,3.0350 , 1.9775,0.2010,32.1994 , 1.0492,1.3999,292.8400 , 1.6880,13.8532,4.6891 , 0.8526,0.2705,3.9765 , 1.1412,0.4917,461.1093 , 26.1358,15.9558,37127.7734 , 220.1935,34.0381,<LOD,55.5079,0.7370,7300.9248 , 119.8082,3.2702,,,,,,9,442.899994,39.000648,-122.662926,10.000000,529187.812500,4316902.500000,
539,Mining,120.46,30.07,30.03,30.15,30.21,"Tue May 5, 2026 - 14:26:27",User,1.5,ppm,,,,,,,,,Mining,,,,,,,,,,,,<LOD,1.5772,0.7437,110686.0000 , 1590.2445,1.7418,<LOD,3.0708,0.0939,<LOD,1.2232,0.1090,<LOD,2.3593,1.3530,<LOD,55.2484,13.2878,68.8759 , 5.5274,2.7215,4.2602 , 2.6069,0.2878,38507.4531 , 161.5181,87.3172,<LOD,0.0000,0.0000,23627.0586 , 4696.1074,0.0806,598.4119 , 28.3448,1.4923,<LOD,1.0357,4.1870,1.7785 , 0.5740,2.7452,14.4101 , 4.7278,0.2148,940.0487 , 194.1755,0.2476,5.8676 , 0.9013,0.2769,<LOD,1.3157,0.4716,<LOD,0.0000,0.0000,,,,2949.3665 , 67.3718,1.1333,<LOD,4.4965,3.9823,<LOD,0.8030,0.1681,257622.8281 , 742.3414,18.3135,12.5423 , 2.4343,3.2670,<LOD,0.0000,0.0000,,,,5793.2739 , 41.3046,15.9657,131.2964 , 11.6335,2.8564,<LOD,7.0033,0.1870,15.5811 , 0.6649,2.3261,41.6756 , 2.7024,0.5697,91.7108 , 1.2042,10.7423,<LOD,1.3442,0.2194,516259.7188 , 5589.7148,<LOD,3.0007,0.2085,28.7692 , 0.9281,1.5212,269.5800 , 1.4783,15.3112,3.7271 , 0.7255,0.2763,3.5735 , 1.0227,0.5528,299.1189 , 22.2440,15.5447,35894.3828 , 205.3921,38.7017,<LOD,50.5136,0.8371,6128.6772 , 106.1724,3.2893,,,,,,10,443.500000,39.000652,-122.662926,10.000000,529187.687500,4316903.000000,
540,Mining,120.08,30.01,30.11,30.20,29.76,"Tue May 5, 2026 - 14:28:45",User,1.5,ppm,,,,,,,,,Mining,,,,,,,,,,,,<LOD,1.6736,0.7515,84499.9922 , 1346.5532,1.3509,<LOD,3.0238,0.0839,<LOD,1.3344,0.1205,<LOD,2.3725,1.3375,<LOD,56.6350,12.9276,67.0778 , 5.3825,2.6319,<LOD,4.6698,0.2708,38049.8867 , 150.5775,84.7884,<LOD,0.0000,0.0000,20115.3965 , 4457.0308,0.0714,589.6861 , 29.1339,1.4600,<LOD,1.0693,4.1623,2.3465 , 0.5969,2.7739,16.3745 , 4.9306,0.2230,684.3264 , 183.5161,0.2130,5.3441 , 0.9258,0.2708,<LOD,1.3333,0.4736,<LOD,0.0000,0.0000,,,,2350.5442 , 62.4659,0.9674,<LOD,4.5350,3.9885,<LOD,0.8351,0.1733,220586.0469 , 681.3508,14.9001,12.4421 , 2.4374,3.1950,<LOD,0.0000,0.0000,,,,5788.3657 , 39.5797,15.5698,128.9714 , 11.3188,2.7613,<LOD,6.9374,0.1696,13.7334 , 0.6693,2.1889,40.7727 , 2.7648,0.5535,91.2571 , 1.2263,10.5103,<LOD,1.4380,0.2166,584959.8125 , 5181.1304,<LOD,3.2623,0.2004,27.9756 , 0.9416,1.4578,263.2749 , 1.4624,14.7323,3.8706 , 0.7765,0.2885,2.7906 , 1.0385,0.5290,284.3579 , 22.1756,15.0307,35283.5820 , 196.9591,37.4137,<LOD,51.5126,0.8828,6131.8042 , 104.0784,3.2156,,,,,,10,443.899994,39.000652,-122.662926,10.000000,529187.687500,4316903.000000,
541,Mining,126.06,35.76,30.08,30.11,30.11,"Tue May 5, 2026 - 14:32:03",User,1.5,ppm,,,,,,,,,Mining,,,,,,,,,,,,<LOD,1.5273,0.6823,105694.0859 , 1596.2050,1.6676,<LOD,3.0567,0.0884,<LOD,1.2512,0.1089,<LOD,2.3199,1.2883,<LOD,58.7911,15.0780,59.6170 , 5.4189,2.5928,4.9950 , 2.6398,0.2825,43884.5781 , 175.0470,98.7174,<LOD,0.0000,0.0000,27330.8711 , 4847.7109,0.0835,881.3413 , 32.1824,1.9367,<LOD,1.0471,4.0997,2.1464 , 0.5786,2.6645,14.5357 , 4.9708,0.2141,809.6074 , 184.2092,0.2186,6.1270 , 0.9170,0.2732,<LOD,1.2643,0.4256,<LOD,0.0000,0.0000,,,,2943.7017 , 67.3199,1.1309,<LOD,4.3989,3.7646,<LOD,0.8189,0.1689,253457.4688 , 734.3225,17.7538,11.5252 , 2.3572,2.9889,<LOD,0.0000,0.0000,,,,5826.5566 , 41.2386,15.9406,135.7293 , 11.6558,2.8610,<LOD,6.9241,0.1744,14.2785 , 0.6560,2.1527,37.4118 , 2.6428,0.5211,87.7375 , 1.1857,9.9186,<LOD,1.3302,0.1970,517960.5938 , 5727.0249,<LOD,3.9725,0.2088,27.0898 , 0.9089,1.3881,251.2512 , 1.4308,13.8082,3.7742 , 0.7370,0.2692,2.7342 , 1.0027,0.5049,270.0425 , 21.4771,14.0682,34205.3711 , 199.4892,36.4348,<LOD,51.7166,0.8813,6076.8599 , 105.1021,3.1962,,,,,,10,443.799988,39.000656,-122.662918,10.000000,529188.375000,4316903.500000,
542,Mining,120.65,30.26,30.12,30.03,28.75,"Tue May 5, 2026 - 14:34:32",User,1.5,ppm,,,,,,,,,Mining,,,,,,,,,,,,<LOD,1.6037,0.7231,114933.1094 , 1716.5129,1.8105,<LOD,2.8888,0.0788,<LOD,1.2770,0.1136,<LOD,2.3852,1.2979,<LOD,57.6295,14.1639,60.5169 , 5.4967,2.6717,6.1693 , 2.6763,0.2907,41466.1602 , 177.0748,93.7210,<LOD,0.0000,0.0000,23922.9102 , 4982.8301,0.0818,726.4524 , 30.5037,1.6979,<LOD,1.0570,4.1856,1.9968 , 0.5814,2.6914,18.2909 , 4.8767,0.2106,878.4361 , 202.6145,0.2442,6.0026 , 0.9154,0.2731,<LOD,1.3459,0.4649,<LOD,0.0000,0.0000,,,,2963.1528 , 70.6052,1.1351,<LOD,4.5665,3.8655,<LOD,0.7893,0.1587,272818.4375 , 792.7115,19.5982,13.7818 , 2.4748,3.1764,<LOD,0.0000,0.0000,,,,6070.5059 , 42.3893,16.6267,148.8634 , 11.9137,3.0006,<LOD,6.6218,0.1592,13.6901 , 0.6545,2.1458,41.7936 , 2.7321,0.5579,90.1916 , 1.2049,10.2055,<LOD,1.3408,0.2033,493491.0312 , 5915.8682,2.5692 , 1.7283,0.2061,27.2439 , 0.9269,1.4376,246.3905 , 1.4406,13.7880,3.2381 , 0.7395,0.2674,4.4489 , 1.0375,0.5409,290.5945 , 22.5358,14.9463,35548.8164 , 206.2256,38.2325,<LOD,52.9826,0.8411,6205.2124 , 106.3577,3.2933,,,,,,10,443.500000,39.000660,-122.662910,10.000000,529188.687500,4316904.000000,
543,Mining,125.83,35.54,30.00,30.14,30.15,"Tue May 5, 2026 - 14:39:46",User,1.5,ppm,,,,,,,,,Mining,,,,,,,,,,,,<LOD,1.5425,0.7329,120163.9688 , 1729.9875,1.8840,<LOD,2.7611,0.0764,<LOD,1.2728,0.1202,<LOD,2.2865,1.3056,<LOD,53.5343,12.4145,69.1550 , 5.5157,2.6777,4.6104 , 2.5532,0.2804,35939.6836 , 160.8918,80.3605,<LOD,0.0000,0.0000,31338.7188 , 4950.1675,0.0911,576.1965 , 27.7819,1.4196,<LOD,1.0162,4.1340,3.0907 , 0.5691,2.7722,<LOD,9.2753,0.1969,1051.6816 , 196.3394,0.2497,6.1348 , 0.8919,0.2762,<LOD,1.2959,0.4720,<LOD,0.0000,0.0000,,,,3429.7102 , 71.7989,1.2616,<LOD,4.3774,3.8887,<LOD,0.7768,0.1656,276551.5625 , 777.2371,19.6671,7.5631 , 2.3499,3.1131,<LOD,0.0000,0.0000,,,,6002.4785 , 42.3947,16.2964,132.0934 , 11.7569,2.8914,<LOD,6.5180,0.1648,14.2464 , 0.6438,2.2190,34.3527 , 2.5273,0.5060,90.0215 , 1.1796,10.4176,<LOD,1.3084,0.2060,482705.0000 , 5950.6846,2.9455 , 1.7121,0.2159,28.7371 , 0.9105,1.4960,254.0237 , 1.4377,14.4282,2.5047 , 0.7205,0.2646,2.7206 , 0.9885,0.5231,267.3746 , 21.5365,14.8893,34796.3438 , 204.4199,36.9224,<LOD,51.7529,0.8582,6525.1040 , 108.1436,3.3841,,,,,,9,445.200012,39.000698,-122.662941,10.000000,529186.375000,4316908.000000,
544,Mining,120.07,30.16,30.07,30.13,29.71,"Tue May 5, 2026 - 14:42:13",User,1.5,ppm,,,,,,,,,Mining,,,,,,,,,,,,<LOD,1.5230,0.7239,115698.9609 , 1772.9371,1.8179,<LOD,2.8986,0.0837,<LOD,1.3525,0.1338,<LOD,2.2867,1.3343,<LOD,53.5585,12.2241,67.8990 , 5.3612,2.6523,8.4606 , 2.6552,0.2991,35707.5898 , 162.7517,79.3578,<LOD,0.0000,0.0000,34640.0156 , 5182.1934,0.0937,557.0323 , 27.6194,1.3803,<LOD,1.0260,4.1649,3.3225 , 0.5727,2.7717,<LOD,9.2290,0.1917,902.2181 , 202.3739,0.2431,5.5642 , 0.8826,0.2664,<LOD,1.2590,0.4499,<LOD,0.0000,0.0000,,,,3354.0396 , 73.2685,1.2252,<LOD,4.2779,3.7552,<LOD,0.7687,0.1556,272974.3125 , 797.4219,19.2027,11.6229 , 2.3163,3.0801,<LOD,0.0000,0.0000,,,,5899.5283 , 41.3640,15.9679,130.4007 , 11.3965,2.8454,<LOD,6.5929,0.1663,12.8465 , 0.6336,2.1161,34.2309 , 2.5406,0.5037,89.6656 , 1.1843,10.3300,<LOD,1.3197,0.2123,488480.0625 , 6182.1069,<LOD,3.9829,0.2084,27.9935 , 0.9106,1.4699,252.6432 , 1.4452,14.2793,2.5306 , 0.7517,0.2784,3.3261 , 0.9976,0.5281,284.4316 , 21.1605,14.6776,34338.8047 , 199.4617,36.2193,<LOD,53.7029,0.8625,6512.5107 , 105.4916,3.3624,,,,,,9,444.700012,39.000668,-122.662933,10.000000,529186.687500,4316904.500000,
545,Mining,125.96,35.46,30.12,30.18,30.20,"Tue May 5, 2026 - 14:45:39",User,1.5,ppm,,,,,,,,,Mining,,,,,,,,,,,,<LOD,1.7008,0.6469,88022.6016 , 1659.5623,1.4000,<LOD,3.2728,0.0767,<LOD,1.3971,0.1030,<LOD,2.5368,1.1692,<LOD,59.9460,11.3597,63.5670 , 6.1272,2.4441,<LOD,7.1018,0.2478,38688.0000 , 147.5849,73.3984,<LOD,0.0000,0.0000,18149.5977 , 4942.6753,0.0693,602.3944 , 30.6296,1.2656,<LOD,1.1353,3.6778,2.0480 , 0.6216,2.3379,10.0360 , 5.1932,0.1911,1118.3776 , 210.6458,0.2264,6.4336 , 0.9942,0.2437,<LOD,1.4207,0.4115,<LOD,0.0000,0.0000,,,,4666.5039 , 84.0259,1.4147,<LOD,4.8147,3.3941,<LOD,0.8884,0.1518,253873.8750 , 718.0540,15.0804,16.1025 , 2.6340,2.8727,<LOD,0.0000,0.0000,,,,6162.6177 , 44.7277,14.2995,148.2723 , 12.9833,2.6085,<LOD,7.5087,0.1554,13.8620 , 0.6994,1.8646,32.8027 , 2.7734,0.4344,88.9535 , 1.2605,8.7278,<LOD,1.4287,0.1693,546783.8750 , 6104.6284,3.4578 , 1.9459,0.1972,27.2983 , 0.9783,1.2213,256.1420 , 1.4846,12.1894,3.7233 , 0.8100,0.2437,3.3513 , 1.0960,0.4566,307.6903 , 23.8920,13.4279,34474.5625 , 206.8118,30.9963,<LOD,56.4510,0.8343,6473.8237 , 115.6462,2.8768,,,,,,9,443.399994,39.000690,-122.662956,10.000000,529184.937500,4316907.000000,
546,Mining,90.51,30.04,30.23,29.32,,"Tue May 5, 2026 - 14:47:25",User,1.5,ppm,,,,,,,,,Mining,,,,,,,,,,,,<LOD,1.9685,0.6307,,,,<LOD,3.5591,0.0754,<LOD,1.4885,0.0973,<LOD,2.9057,1.1096,<LOD,65.5445,12.0745,56.9491 , 6.2094,2.3528,<LOD,6.8635,0.2403,44600.6875 , 133.1707,79.3351,<LOD,0.0000,0.0000,,,,657.0161 , 32.9109,1.3093,<LOD,1.2300,3.5438,2.4525 , 0.6823,2.3252,19.9426 , 5.7760,0.1933,,,,5.2886 , 1.0379,0.2206,<LOD,1.5939,0.3746,<LOD,0.0000,0.0000,,,,,,,<LOD,5.6417,3.4224,<LOD,0.9747,0.1536,,,,15.7836 , 3.0498,2.8003,<LOD,0.0000,0.0000,,,,5971.8281 , 43.5961,13.4665,158.1142 , 13.1152,2.5004,<LOD,7.6245,0.1330,14.5148 , 0.7620,1.8391,35.7769 , 2.9362,0.4071,87.0019 , 1.3572,8.5541,<LOD,1.5611,0.1762,907638.8750 , 506.8334,7.9631 , 2.1703,0.2117,27.1994 , 1.0689,1.2022,279.2067 , 1.6041,12.8242,2.9674 , 0.8511,0.2200,4.4637 , 1.2316,0.4790,331.9348 , 27.8972,13.3721,34078.6094 , 200.9019,28.6072,,,,6003.4561 , 115.0508,2.6641,,,,,,9,443.500000,39.000687,-122.662949,10.000000,529185.375000,4316907.000000,
547,Mining,125.83,35.53,30.23,30.03,30.04,"Tue May 5, 2026 - 14:50:19",User,1.5,ppm,,,,,,,,,Mining,,,,,,,,,,,,<LOD,1.7296,0.6458,93645.6719 , 1819.8281,1.4815,<LOD,3.2257,0.0727,<LOD,1.3750,0.0976,<LOD,2.5553,1.1445,<LOD,58.9419,10.5839,71.9616 , 5.8128,2.3606,7.9260 , 2.9525,0.2613,37125.3789 , 145.6230,68.9462,<LOD,0.0000,0.0000,16653.7402 , 5122.1704,0.0675,582.9301 , 30.5044,1.2095,<LOD,1.1403,3.6227,3.4121 , 0.6333,2.3855,14.1380 , 5.1702,0.1907,976.6752 , 214.6212,0.2089,3.9165 , 0.9449,0.2148,<LOD,1.4796,0.4329,<LOD,0.0000,0.0000,,,,3531.4905 , 79.3662,1.1167,<LOD,4.8708,3.3805,<LOD,0.9032,0.1557,268432.6875 , 756.1226,15.7386,18.1369 , 2.6531,2.8194,<LOD,0.0000,0.0000,,,,6156.2925 , 42.3302,13.8639,146.1720 , 12.2636,2.4979,<LOD,7.5108,0.1520,14.7241 , 0.7116,1.8916,39.0904 , 2.9176,0.4705,94.1270 , 1.2939,8.9952,<LOD,1.8585,0.1804,531664.5000 , 6453.4209,3.5760 , 1.9455,0.1929,28.8474 , 0.9947,1.2464,265.8437 , 1.5218,12.4638,4.3498 , 0.8111,0.2437,2.3891 , 1.0921,0.4438,342.9599 , 24.1562,13.4271,34010.3711 , 198.0887,30.0772,<LOD,58.0732,0.7864,6158.6519 , 108.6598,2.6955,,,,,,10,443.200012,39.000679,-122.662941,10.000000,529186.062500,4316906.000000,
548,Mining,30.29,29.09,,,,"Tue May 5, 2026 - 16:07:18",User,1.5,ppm,,,,,,,,,Mining,,,,,,,,,,,,495.0628 , 441.0643,11.3748,,,,<LOD,30.3752,0.0638,<LOD,12.5748,0.0990,<LOD,34.7902,4.6081,<LOD,612.7222,218.0393,9591.9121 , 111.9884,23.3364,1223.1232 , 52.8122,1.1816,878289.1875 , 646.6531,1492.2275,<LOD,0.0000,0.0000,,,,3984.9075 , 138.7709,14.8668,4980.6704 , 26.5892,53.9490,<LOD,6.1027,0.8259,438.1219 , 136.0097,0.4912,,,,65.2262 , 10.5747,0.3327,<LOD,35.4583,5.6583,<LOD,0.0000,0.0000,,,,,,,<LOD,63.3497,5.4328,<LOD,7.5219,0.1281,,,,76.3373 , 30.8183,6.1542,<LOD,0.0000,0.0000,,,,<LOD,426.2505,1.3104,77.7727 , 49.9377,1.5287,<LOD,74.5768,0.1506,<LOD,3.9882,0.2819,<LOD,24.3624,0.1920,<LOD,3.2716,0.4139,<LOD,15.1285,0.1870,100777.7422 , 14965.7080,<LOD,28.4975,0.1461,<LOD,3.6785,-0.0659,<LOD,2.1539,0.1265,<LOD,20.0249,-1.2220,<LOD,5.9498,-0.0708,,,,,,,,,,,,,,,,,,8,436.500000,39.000759,-122.662926,10.000000,529187.812500,4316915.000000,
550,Mining,30.12,30.12,,,,"Wed May 6, 2026 - 08:28:56",User,1.5,ppm,,,,,,,,,Mining,,,,,,,,,,,,472.5074 , 420.9849,11.3623,,,,<LOD,38.2485,0.0686,<LOD,13.4187,0.1105,<LOD,36.0998,4.8465,<LOD,680.6654,230.9407,9817.5752 , 113.8163,25.2078,1234.2384 , 54.4252,1.2293,891377.6875 , 577.2734,1581.1061,<LOD,0.0000,0.0000,,,,4064.5010 , 142.5079,15.8886,4972.0747 , 27.2545,55.4978,<LOD,7.0854,0.8571,450.2498 , 141.6925,0.5365,,,,44.6326 , 10.2605,0.3082,<LOD,44.2019,5.8900,<LOD,0.0000,0.0000,,,,,,,<LOD,83.1336,5.7114,<LOD,7.0767,0.1058,,,,102.0012 , 31.6734,6.3766,<LOD,0.0000,0.0000,,,,168.8054 , 84.1170,1.4647,78.9350 , 50.8646,1.6351,<LOD,69.0453,0.1391,<LOD,3.8186,0.2543,<LOD,23.9631,0.1819,<LOD,4.0389,0.4490,<LOD,22.5537,0.1983,87182.0859 , 15624.7070,34.5938 , 17.3015,0.1824,<LOD,4.3988,-0.1173,<LOD,2.1965,0.1279,<LOD,20.4521,-1.2591,<LOD,4.9653,-0.0525,,,,,,,,,,,,,,,,,,7,152.899994,39.000286,-122.664032,10.000000,529092.125000,4316862.000000,
551,Mining,30.18,28.67,,,,"Wed May 6, 2026 - 08:30:38",User,1.5,ppm,,,,,,,,,Mining,,,,,,,,,,,,501.5518 , 446.8406,11.2293,,,,28.4352 , 20.5724,0.0724,<LOD,12.5053,0.0909,<LOD,37.8352,4.6630,<LOD,552.8093,220.0783,9746.7090 , 113.7788,23.8632,1289.4088 , 55.6058,1.2169,892945.3125 , 598.8879,1508.9086,<LOD,0.0000,0.0000,,,,3972.8699 , 141.8987,14.9914,5115.2842 , 27.6978,54.2639,<LOD,6.2845,0.8254,496.9876 , 141.2494,0.4948,,,,<LOD,13.5284,0.2542,<LOD,36.2050,5.4950,<LOD,0.0000,0.0000,,,,,,,<LOD,85.3764,5.4771,<LOD,7.9331,0.1303,,,,129.4694 , 31.9127,6.2338,<LOD,0.0000,0.0000,,,,159.3557 , 83.9706,1.3906,<LOD,225.1965,1.4721,<LOD,0.0000,0.1462,<LOD,3.9555,0.2687,<LOD,23.4664,0.1705,<LOD,3.1131,0.3907,38.4796 , 9.3787,0.2135,85576.0938 , 15678.6953,<LOD,30.6998,0.1548,<LOD,5.6828,-0.1766,<LOD,2.5927,0.1417,<LOD,22.3807,-1.3850,<LOD,7.0945,-0.0907,,,,,,,,,,,,,,,,,,7,451.299988,39.000702,-122.663025,10.000000,529179.125000,4316908.500000,
552,Soils,181.17,60.29,60.49,60.39,,"Wed May 6, 2026 - 11:34:35",User,1.5,%,,,,,,,,,Soils,,,,,,,,,,,,<LOD,0.0001,0.7128,,,,<LOD,0.0003,0.1406,,,,<LOD,0.0002,1.3178,<LOD,0.0066,11.8368,0.0090 , 0.0004,2.4239,0.0016 , 0.0002,0.3222,4.6097 , 0.0078,76.2453,,,,,,,0.0737 , 0.0019,1.3854,<LOD,0.0001,3.9652,,,,<LOD,0.0006,0.2139,,,,0.0003 , 0.0001,0.1829,<LOD,0.0001,0.5372,,,,,,,0.0971 , 0.0078,0.2040,<LOD,0.0005,3.9003,<LOD,0.0000,0.1822,,,,<LOD,0.0005,2.9032,,,,<LOD,0.0006,6.4155,0.6898 , 0.0024,13.8707,0.0155 , 0.0007,2.4956,<LOD,0.0010,0.2043,,,,0.0052 , 0.0001,0.5530,0.0115 , 0.0002,10.3338,0.0011 , 0.0001,0.3341,<LOD,0.0000,0.0002 , 0.0002,0.2409,0.0035 , 0.0001,1.6451,0.0300 , 0.0002,14.0221,0.0004 , 0.0001,0.2686,0.0004 , 0.0001,0.5041,0.0151 , 0.0010,12.4237,4.9884 , 0.0149,32.7148,,,,0.5297 , 0.0082,2.7348,0.0014 , 0.0008,19.7552,0.0102 , 0.0026,8.2328,9,438.399994,39.000801,-122.662949,10.000000,529185.312500,4316919.500000,
553,Soils,90.55,30.06,30.26,30.23,,"Wed May 6, 2026 - 11:38:28",User,1.5,%,,,,,,,,,Soils,,,,,,,,,,,,<LOD,0.0002,0.6924,,,,<LOD,0.0004,0.1341,,,,<LOD,0.0003,1.3151,<LOD,0.0093,10.5199,0.0086 , 0.0005,2.2327,0.0013 , 0.0003,0.2974,4.2279 , 0.0109,67.3958,,,,,,,0.0689 , 0.0027,1.2655,<LOD,0.0001,3.7651,,,,<LOD,0.0008,0.1883,,,,0.0005 , 0.0001,0.1840,<LOD,0.0002,0.5365,,,,,,,0.1505 , 0.0113,0.2135,<LOD,0.0006,3.9674,<LOD,0.0001,0.1719,,,,<LOD,0.0005,2.9580,,,,<LOD,0.0009,6.5801,0.6405 , 0.0032,12.4104,0.0152 , 0.0009,2.2702,0.0013 , 0.0006,0.2078,,,,0.0041 , 0.0002,0.4783,0.0110 , 0.0002,9.7501,0.0010 , 0.0001,0.3140,<LOD,0.0000,<LOD,0.0005,0.2122,0.0031 , 0.0001,1.4987,0.0287 , 0.0002,13.1175,0.0003 , 0.0001,0.2470,0.0006 , 0.0002,0.4995,0.0175 , 0.0015,13.1598,4.6371 , 0.0202,29.1380,,,,0.4992 , 0.0111,2.4735,0.0015 , 0.0013,20.6851,0.0073 , 0.0035,7.3135,8,437.799988,39.000797,-122.662956,10.000000,529185.187500,4316919.000000,
554,Soils,94.49,34.26,30.05,30.18,,"Wed May 6, 2026 - 11:40:20",User,1.5,%,,,,,,,,,Soils,,,,,,,,,,,,<LOD,0.0002,0.7509,,,,<LOD,0.0005,0.1480,,,,<LOD,0.0003,1.3588,<LOD,0.0089,11.0198,0.0094 , 0.0005,2.3608,0.0017 , 0.0003,0.3259,4.3496 , 0.0109,70.7485,,,,,,,0.0737 , 0.0027,1.3485,<LOD,0.0001,3.7417,,,,<LOD,0.0011,0.2257,,,,0.0002 , 0.0001,0.1725,<LOD,0.0002,0.5728,,,,,,,0.1026 , 0.0111,0.2008,<LOD,0.0008,4.0894,<LOD,0.0001,0.1845,,,,<LOD,0.0007,3.0578,,,,<LOD,0.0012,6.7958,0.6695 , 0.0033,13.2099,0.0160 , 0.0009,2.4081,<LOD,0.0015,0.2097,,,,0.0044 , 0.0002,0.5037,0.0113 , 0.0002,10.0895,0.0012 , 0.0001,0.3328,<LOD,0.0000,<LOD,0.0005,0.2214,0.0033 , 0.0001,1.5666,0.0294 , 0.0002,13.6406,0.0003 , 0.0001,0.2751,0.0003 , 0.0002,0.4859,0.0213 , 0.0015,13.5747,4.8990 , 0.0210,31.4159,,,,0.5046 , 0.0114,2.5752,0.0029 , 0.0012,21.1425,0.0117 , 0.0037,7.8570,8,437.899994,39.000797,-122.662956,10.000000,529185.000000,4316919.000000,
555,Soils,94.44,34.05,30.16,30.23,,"Wed May 6, 2026 - 11:52:44",User,1.5,%,,,,,,,,,Soils,,,,,,,,,,,,0.0003 , 0.0001,0.9250,,,,<LOD,0.0004,0.2319,,,,0.0012 , 0.0001,1.8958,<LOD,0.0040,10.5845,0.0068 , 0.0003,2.3488,<LOD,0.0003,0.2867,2.8714 , 0.0079,69.0258,,,,,,,<LOD,0.0019,0.5451,<LOD,0.0001,5.6687,,,,<LOD,0.0006,0.2542,,,,<LOD,0.0001,0.1985,0.0004 , 0.0001,0.7568,,,,,,,1.9931 , 0.0198,1.3416,0.0028 , 0.0003,5.2806,<LOD,0.0000,0.2215,,,,0.0005 , 0.0002,3.4378,,,,0.0008 , 0.0004,7.5944,0.2178 , 0.0016,6.5186,0.0077 , 0.0005,1.4338,<LOD,0.0000,0.2115,,,,0.0004 , 0.0001,0.3566,0.0061 , 0.0002,9.9088,0.0123 , 0.0002,2.9026,<LOD,0.0000,0.0005 , 0.0002,0.4003,0.0019 , 0.0001,1.5450,0.0189 , 0.0001,14.1137,0.0002 , 0.0001,0.3068,<LOD,0.0002,0.5780,<LOD,0.0021,12.5610,0.8765 , 0.0080,7.9471,,,,0.5270 , 0.0087,3.1704,<LOD,0.0012,21.8320,<LOD,0.0022,2.0319,9,437.799988,39.000751,-122.662964,10.000000,529184.437500,4316914.000000,
556,Soils,90.56,30.23,30.23,30.10,,"Wed May 6, 2026 - 11:54:28",User,1.5,%,,,,,,,,,Soils,,,,,,,,,,,,<LOD,0.0002,0.9180,,,,<LOD,0.0004,0.2019,,,,0.0011 , 0.0002,2.0056,<LOD,0.0039,9.4971,0.0060 , 0.0003,2.1718,<LOD,0.0003,0.2842,2.5943 , 0.0077,60.9261,,,,,,,<LOD,0.0019,0.5431,<LOD,0.0001,5.4560,,,,<LOD,0.0006,0.2542,,,,<LOD,0.0001,0.1834,0.0002 , 0.0001,0.7578,,,,,,,1.9146 , 0.0197,1.2553,0.0023 , 0.0003,5.5089,<LOD,0.0000,0.1974,,,,<LOD,0.0003,3.5039,,,,<LOD,0.0007,8.0087,0.2040 , 0.0016,6.0112,0.0065 , 0.0005,1.3034,<LOD,0.0006,0.2238,,,,0.0003 , 0.0001,0.3410,0.0064 , 0.0002,10.0596,0.0113 , 0.0002,2.6491,<LOD,0.0000,0.0007 , 0.0003,0.4026,0.0019 , 0.0001,1.5095,0.0187 , 0.0001,13.7730,0.0001 , 0.0001,0.2785,<LOD,0.0002,0.5844,<LOD,0.0015,13.3511,0.8527 , 0.0079,7.4930,,,,0.5018 , 0.0086,2.9588,<LOD,0.0013,23.0429,<LOD,0.0029,1.9075,8,437.600006,39.000751,-122.662964,10.000000,529184.437500,4316914.000000,
557,Soils,94.32,33.95,30.23,30.14,,"Wed May 6, 2026 - 11:59:58",User,1.5,%,,,,,,,,,Soils,,,,,,,,,,,,0.0003 , 0.0001,0.9482,,,,<LOD,0.0004,0.2022,,,,0.0010 , 0.0002,1.9003,<LOD,0.0040,9.3896,0.0053 , 0.0003,2.0695,<LOD,0.0003,0.2895,2.6669 , 0.0079,61.0353,,,,,,,<LOD,0.0019,0.5307,<LOD,0.0001,5.3715,,,,<LOD,0.0006,0.2413,,,,<LOD,0.0001,0.1894,0.0003 , 0.0001,0.7433,,,,,,,1.9151 , 0.0199,1.2270,0.0029 , 0.0003,5.4323,<LOD,0.0000,0.1980,,,,0.0005 , 0.0002,3.5360,,,,0.0010 , 0.0004,7.9264,0.2038 , 0.0017,5.8869,0.0065 , 0.0005,1.2811,<LOD,0.0006,0.2048,,,,0.0003 , 0.0001,0.3344,0.0070 , 0.0002,10.3986,0.0121 , 0.0002,2.7483,<LOD,0.0000,0.0006 , 0.0003,0.3820,0.0022 , 0.0001,1.6292,0.0194 , 0.0001,13.8490,0.0002 , 0.0001,0.3019,<LOD,0.0002,0.5617,0.0019 , 0.0010,13.1524,0.8637 , 0.0080,7.4007,,,,0.4992 , 0.0086,2.8665,<LOD,0.0013,22.6560,<LOD,0.0029,1.9074,8,437.200012,39.000744,-122.662956,10.000000,529184.875000,4316913.000000,
558,Soils,94.24,33.97,30.06,30.21,,"Wed May 6, 2026 - 12:08:10",User,1.5,%,,,,,,,,,Soils,,,,,,,,,,,,<LOD,0.0002,0.7244,,,,<LOD,0.0005,0.1678,,,,<LOD,0.0003,1.3220,0.0065 , 0.0039,11.5919,0.0090 , 0.0005,2.3745,0.0008 , 0.0003,0.2924,4.4009 , 0.0109,73.9821,,,,,,,0.0648 , 0.0026,1.2921,<LOD,0.0001,4.1550,,,,<LOD,0.0008,0.2215,,,,0.0005 , 0.0001,0.2054,<LOD,0.0002,0.5591,,,,,,,0.3176 , 0.0132,0.3025,0.0022 , 0.0004,4.4221,<LOD,0.0001,0.1994,,,,<LOD,0.0005,2.9962,,,,<LOD,0.0009,6.5536,0.7096 , 0.0033,14.3835,0.0160 , 0.0009,2.5636,<LOD,0.0009,0.1955,,,,0.0046 , 0.0002,0.5244,0.0125 , 0.0002,11.5940,0.0045 , 0.0001,0.8420,<LOD,0.0000,0.0006 , 0.0003,0.2780,0.0023 , 0.0001,1.2471,0.0354 , 0.0002,16.8373,0.0003 , 0.0001,0.2668,0.0005 , 0.0002,0.5614,0.0282 , 0.0015,14.3398,4.8910 , 0.0208,32.3326,,,,0.4136 , 0.0106,2.2820,0.0029 , 0.0012,21.1566,0.0126 , 0.0036,8.0378,10,435.700012,39.000725,-122.662964,10.000000,529184.187500,4316911.000000,
559,Soils,94.46,34.09,30.21,30.16,,"Wed May 6, 2026 - 12:09:57",User,1.5,%,,,,,,,,,Soils,,,,,,,,,,,,<LOD,0.0002,0.7040,,,,<LOD,0.0005,0.1533,,,,<LOD,0.0003,1.2962,<LOD,0.0061,9.5717,0.0082 , 0.0005,2.1306,0.0008 , 0.0003,0.2797,3.9236 , 0.0108,61.8939,,,,,,,0.0586 , 0.0026,1.1249,<LOD,0.0001,3.8475,,,,<LOD,0.0010,0.2039,,,,0.0004 , 0.0001,0.1851,<LOD,0.0002,0.5325,,,,,,,0.3020 , 0.0127,0.2706,0.0019 , 0.0004,4.2683,<LOD,0.0001,0.1880,,,,<LOD,0.0005,2.9349,,,,<LOD,0.0009,6.5314,0.6487 , 0.0032,12.3897,0.0161 , 0.0009,2.2770,<LOD,0.0009,0.1860,,,,0.0038 , 0.0002,0.4555,0.0123 , 0.0002,10.8335,0.0044 , 0.0001,0.7792,<LOD,0.0000,0.0005 , 0.0003,0.2598,0.0022 , 0.0001,1.1772,0.0335 , 0.0002,15.2653,0.0004 , 0.0001,0.2709,0.0006 , 0.0002,0.5392,0.0287 , 0.0015,14.0499,4.5062 , 0.0197,27.8533,,,,0.3878 , 0.0100,2.0001,0.0033 , 0.0012,20.8677,0.0074 , 0.0034,6.9502,8,435.799988,39.000725,-122.662971,10.000000,529183.625000,4316911.000000,
560,Soils,90.53,30.20,30.06,30.27,,"Wed May 6, 2026 - 12:20:33",User,1.5,%,,,,,,,,,Soils,,,,,,,,,,,,<LOD,0.0002,0.7088,,,,<LOD,0.0006,0.2562,,,,<LOD,0.0003,1.2919,0.0118 , 0.0040,11.4129,0.0053 , 0.0005,1.9838,<LOD,0.0007,0.2612,4.4317 , 0.0112,71.8108,,,,,,,<LOD,0.0028,0.5173,<LOD,0.0001,3.9109,,,,<LOD,0.0009,0.2218,,,,0.0013 , 0.0001,0.2791,<LOD,0.0002,0.5324,,,,,,,1.5782 , 0.0224,0.7997,<LOD,0.0006,3.9957,<LOD,0.0001,0.2219,,,,<LOD,0.0005,3.0286,,,,<LOD,0.0010,6.8349,0.4168 , 0.0028,8.5006,0.0076 , 0.0008,1.5960,<LOD,0.0000,0.1633,,,,<LOD,0.0002,0.2310,0.0132 , 0.0002,10.5449,0.0021 , 0.0001,0.5593,<LOD,0.0000,0.0166 , 0.0008,1.8382,0.0058 , 0.0002,2.5159,0.0201 , 0.0002,9.5877,0.0010 , 0.0002,0.4264,0.0004 , 0.0002,0.7232,0.0405 , 0.0016,16.1254,<LOD,0.0074,0.5739,,,,2.0508 , 0.0191,7.8972,0.0014 , 0.0013,21.6945,<LOD,0.0012,0.2419,8,436.000000,39.000710,-122.662979,10.000000,529183.187500,4316909.500000,
561,Soils,94.26,34.17,30.06,30.03,,"Wed May 6, 2026 - 12:22:22",User,1.5,%,,,,,,,,,Soils,,,,,,,,,,,,<LOD,0.0002,0.6938,,,,<LOD,0.0006,0.2511,,,,<LOD,0.0003,1.2749,0.0096 , 0.0040,10.4430,0.0056 , 0.0004,1.8240,0.0007 , 0.0003,0.2655,4.2491 , 0.0110,65.9465,,,,,,,<LOD,0.0026,0.4799,<LOD,0.0001,3.6771,,,,<LOD,0.0009,0.2185,,,,0.0013 , 0.0001,0.2691,<LOD,0.0002,0.5574,,,,,,,1.4279 , 0.0215,0.6990,<LOD,0.0006,3.9091,<LOD,0.0001,0.2315,,,,<LOD,0.0005,3.0397,,,,<LOD,0.0010,6.7561,0.3983 , 0.0027,7.7237,0.0064 , 0.0007,1.4196,<LOD,0.0000,0.1707,,,,<LOD,0.0002,0.2267,0.0127 , 0.0002,9.8812,0.0019 , 0.0001,0.5166,<LOD,0.0000,0.0148 , 0.0008,1.5989,0.0053 , 0.0001,2.2530,0.0198 , 0.0002,9.1147,0.0010 , 0.0002,0.4174,0.0005 , 0.0002,0.6768,0.0444 , 0.0016,15.9930,<LOD,0.0072,0.5384,,,,1.8935 , 0.0184,6.9653,0.0029 , 0.0013,21.4541,<LOD,0.0011,0.2266,8,436.100006,39.000706,-122.662971,10.000000,529183.750000,4316909.000000,
562,Soils,90.53,30.21,30.18,30.14,,"Wed May 6, 2026 - 12:25:40",User,1.5,%,,,,,,,,,Soils,,,,,,,,,,,,<LOD,0.0002,0.7747,,,,<LOD,0.0006,0.2446,,,,<LOD,0.0003,1.4353,0.0090 , 0.0038,9.9465,0.0040 , 0.0004,1.5568,0.0008 , 0.0003,0.2704,4.0248 , 0.0105,62.7732,,,,,,,<LOD,0.0025,0.4539,<LOD,0.0001,3.6482,,,,<LOD,0.0009,0.2223,,,,0.0009 , 0.0001,0.2431,<LOD,0.0002,0.5495,,,,,,,1.1604 , 0.0190,0.5754,<LOD,0.0006,4.2297,<LOD,0.0001,0.2209,,,,<LOD,0.0005,3.0596,,,,<LOD,0.0010,6.9059,0.3474 , 0.0024,6.7313,0.0071 , 0.0007,1.2813,<LOD,0.0000,0.1757,,,,<LOD,0.0002,0.2280,0.0126 , 0.0002,9.9148,0.0021 , 0.0001,0.5259,<LOD,0.0000,0.0144 , 0.0008,1.5824,0.0051 , 0.0001,2.1999,0.0196 , 0.0002,9.1189,0.0010 , 0.0002,0.4246,0.0005 , 0.0002,0.6795,0.0324 , 0.0016,15.2225,<LOD,0.0063,0.4489,,,,1.6390 , 0.0166,6.0196,<LOD,0.0021,21.3265,<LOD,0.0010,0.1898,8,436.299988,39.000710,-122.662964,10.000000,529184.062500,4316909.500000,
563,Soils,94.35,34.23,30.11,30.01,,"Wed May 6, 2026 - 12:28:30",User,1.5,%,,,,,,,,,Soils,,,,,,,,,,,,<LOD,0.0002,0.6355,,,,<LOD,0.0007,0.3123,,,,<LOD,0.0003,1.0883,0.0105 , 0.0038,10.7452,0.0025 , 0.0004,1.3757,0.0006 , 0.0003,0.2719,4.1448 , 0.0105,67.6341,,,,,,,<LOD,0.0025,0.5016,<LOD,0.0001,3.9691,,,,<LOD,0.0008,0.2113,,,,0.0010 , 0.0001,0.2576,<LOD,0.0002,0.5076,,,,,,,0.9137 , 0.0166,0.4851,<LOD,0.0005,3.4363,<LOD,0.0001,0.2331,,,,<LOD,0.0005,2.6742,,,,<LOD,0.0009,5.8647,0.2764 , 0.0022,5.7511,0.0057 , 0.0006,1.1276,<LOD,0.0000,0.1510,,,,<LOD,0.0002,0.2461,0.0122 , 0.0002,9.9877,0.0023 , 0.0001,0.5813,<LOD,0.0000,0.0192 , 0.0008,2.1258,0.0056 , 0.0001,2.4844,0.0179 , 0.0002,8.8010,0.0008 , 0.0002,0.4010,0.0005 , 0.0002,0.7816,0.0401 , 0.0014,14.3098,<LOD,0.0058,0.4229,,,,1.4268 , 0.0152,5.4699,0.0022 , 0.0011,18.6563,<LOD,0.0009,0.1658,10,436.100006,39.000710,-122.662971,10.000000,529183.750000,4316909.500000,
564,Soils,94.55,34.21,30.22,30.12,,"Wed May 6, 2026 - 12:30:26",User,1.5,%,,,,,,,,,Soils,,,,,,,,,,,,0.0003 , 0.0001,0.7903,,,,<LOD,0.0006,0.3722,,,,0.0007 , 0.0002,1.5240,<LOD,0.0056,15.3009,0.0046 , 0.0004,2.1354,<LOD,0.0004,0.2845,4.9909 , 0.0105,99.4717,,,,,,,<LOD,0.0023,0.6316,<LOD,0.0001,4.6752,,,,<LOD,0.0008,0.2256,,,,0.0004 , 0.0001,0.2550,0.0002 , 0.0001,0.6112,,,,,,,1.5994 , 0.0208,0.9768,<LOD,0.0005,3.9218,<LOD,0.0001,0.2414,,,,<LOD,0.0005,2.9168,,,,<LOD,0.0009,6.4763,0.3621 , 0.0025,9.2154,0.0077 , 0.0007,1.7864,<LOD,0.0000,0.1818,,,,<LOD,0.0002,0.3688,0.0103 , 0.0002,10.2471,0.0021 , 0.0001,0.6255,<LOD,0.0000,0.0270 , 0.0009,3.4434,0.0052 , 0.0001,2.5929,0.0158 , 0.0002,9.3177,0.0008 , 0.0001,0.4465,<LOD,0.0003,0.8459,0.0133 , 0.0012,12.5397,<LOD,0.0100,0.7225,,,,2.0334 , 0.0177,9.5744,<LOD,0.0015,19.2702,<LOD,0.0011,0.2745,9,436.100006,39.000706,-122.662964,10.000000,529184.187500,4316909.000000,
565,Soils,90.60,30.18,30.15,30.27,,"Wed May 6, 2026 - 12:35:09",User,1.5,%,,,,,,,,,Soils,,,,,,,,,,,,<LOD,0.0002,0.7488,,,,<LOD,0.0006,0.2660,,,,<LOD,0.0003,1.4274,0.0140 , 0.0036,11.1988,0.0029 , 0.0004,1.5801,<LOD,0.0004,0.2512,3.9162 , 0.0101,69.6308,,,,,,,<LOD,0.0024,0.5225,<LOD,0.0001,4.1200,,,,<LOD,0.0007,0.2044,,,,0.0005 , 0.0001,0.2296,<LOD,0.0002,0.5659,,,,,,,1.1659 , 0.0180,0.6439,<LOD,0.0005,3.9988,<LOD,0.0001,0.2264,,,,<LOD,0.0004,2.9716,,,,<LOD,0.0008,6.6396,0.2802 , 0.0021,6.3057,0.0055 , 0.0006,1.2260,<LOD,0.0000,0.1747,,,,<LOD,0.0002,0.2552,0.0119 , 0.0002,10.6640,0.0017 , 0.0001,0.4993,<LOD,0.0000,0.0157 , 0.0007,1.9453,0.0056 , 0.0001,2.6652,0.0162 , 0.0002,8.7599,0.0009 , 0.0002,0.4447,<LOD,0.0003,0.6781,0.0257 , 0.0014,14.5422,<LOD,0.0059,0.4798,,,,1.5149 , 0.0153,6.3156,<LOD,0.0017,20.5896,<LOD,0.0009,0.1939,9,436.100006,39.000702,-122.662964,10.000000,529184.500000,4316908.500000,
566,Soils,55.90,30.26,25.64,,,"Wed May 6, 2026 - 12:47:14",User,1.5,%,,,,,,,,,Soils,,,,,,,,,,,,<LOD,0.0005,29.9591,,,,<LOD,0.0004,0.1334,,,,,,,<LOD,0.0080,8.5405,0.0084 , 0.0005,2.0957,0.0006 , 0.0003,0.2810,3.3250 , 0.0097,54.4161,,,,,,,0.0517 , 0.0024,1.0527,<LOD,0.0001,3.8632,,,,<LOD,0.0007,0.2061,,,,0.0003 , 0.0001,0.1718,,,,,,,,,,0.2160 , 0.0123,0.2206,,,,<LOD,0.0000,0.1823,,,,,,,,,,,,,0.6172 , 0.0033,12.1879,0.0139 , 0.0009,2.1891,<LOD,0.0008,0.1918,,,,0.0045 , 0.0002,0.5160,0.0103 , 0.0002,9.6496,0.0026 , 0.0001,0.5483,<LOD,0.0000,<LOD,0.0006,0.2235,0.0021 , 0.0001,1.1610,0.0251 , 0.0002,12.2692,0.0003 , 0.0001,0.2483,0.0005 , 0.0002,0.4876,,,,3.7132 , 0.0192,23.3970,,,,0.2994 , 0.0098,1.6546,,,,0.0105 , 0.0032,5.8902,8,434.299988,39.000725,-122.662949,10.000000,529185.625000,4316911.000000,
567,Soils,12.13,12.13,,,,"Wed May 6, 2026 - 12:47:58",User,1.5,%,,,,,,,,,Soils,,,,,,,,,,,,<LOD,0.0008,31.1544,,,,<LOD,0.0008,0.1647,,,,,,,0.0098 , 0.0059,9.6830,<LOD,0.0103,0.4251,0.0008 , 0.0005,0.2965,3.6319 , 0.0165,60.7885,,,,,,,0.0599 , 0.0042,1.1873,<LOD,0.0002,4.1362,,,,<LOD,0.0013,0.2344,,,,0.0004 , 0.0002,0.1909,,,,,,,,,,,,,,,,<LOD,0.0001,0.1759,,,,,,,,,,,,,0.6205 , 0.0264,2.1820,<LOD,0.0174,0.7389,<LOD,0.0014,0.1928,,,,0.0047 , 0.0003,0.5377,0.0117 , 0.0004,10.8462,0.0029 , 0.0002,0.6247,<LOD,0.0000,<LOD,0.0008,0.2665,0.0023 , 0.0002,1.2245,0.0276 , 0.0003,13.5626,0.0005 , 0.0002,0.2644,<LOD,0.0006,0.4731,,,,,,,,,,,,,,,,,,7,434.200012,39.000725,-122.662949,10.000000,529185.500000,4316911.000000,
568,Mining,120.24,30.16,30.20,30.04,29.84,"Wed May 6, 2026 - 12:54:47",User,1.5,ppm,,,,,,,,,Mining,,,,,,,,,,,,<LOD,1.6904,0.7240,63667.1484 , 1173.9513,1.0209,<LOD,3.7783,0.1106,<LOD,1.5768,0.1406,<LOD,2.6057,1.4075,<LOD,53.6033,8.9845,64.5636 , 5.0138,2.1306,6.9232 , 3.0227,0.2979,29146.2871 , 121.2425,57.6661,<LOD,0.0000,0.0000,10134.3525 , 3867.5779,0.0489,518.1476 , 29.7208,1.1690,<LOD,1.1715,4.1436,1.8104 , 0.6418,2.6644,11.8704 , 5.0983,0.2314,781.6554 , 161.8779,0.1459,6.1684 , 1.0116,0.2713,<LOD,1.5861,0.5939,<LOD,0.0000,0.0000,,,,1700.6193 , 56.6568,0.6819,67.1487 , 3.6754,5.7280,<LOD,0.9875,0.1985,195966.3594 , 635.1700,11.1596,<LOD,4.1545,3.2125,<LOD,0.0000,0.0000,,,,5222.5210 , 36.2064,12.4693,113.3817 , 10.5331,2.2213,<LOD,9.2238,0.2073,21.0507 , 0.7718,2.4802,40.2623 , 2.9801,0.5351,109.5999 , 1.3473,10.9745,15.6509 , 1.3846,0.5450,661231.5625 , 4711.2749,4.4892 , 2.1422,0.2547,27.8360 , 0.9992,1.3752,263.0707 , 1.4801,13.6655,2.4816 , 0.8485,0.2662,3.5230 , 1.1309,0.5245,202.3102 , 23.9665,14.7244,27157.4883 , 165.6131,24.9440,<LOD,47.2305,0.6384,3511.7039 , 81.8743,1.7473,,,,,,,,,,,,,
569,Mining,126.36,35.90,30.07,30.20,30.19,"Wed May 6, 2026 - 12:57:19",User,1.5,ppm,,,,,,,,,Mining,,,,,,,,,,,,<LOD,1.7000,0.8036,64127.7344 , 1128.1812,1.0270,<LOD,3.5127,0.1022,<LOD,1.5743,0.1502,<LOD,2.5493,1.4700,<LOD,52.6315,9.2940,77.2442 , 5.3166,2.3788,10.4599 , 3.0421,0.3235,29280.7812 , 121.0495,59.7799,<LOD,0.0000,0.0000,16002.4463 , 3861.7427,0.0554,545.3193 , 29.5129,1.2383,<LOD,1.1208,4.1827,1.7042 , 0.6154,2.7201,13.5080 , 5.0213,0.2412,849.5085 , 156.0323,0.1538,7.5848 , 1.0214,0.2968,<LOD,1.5441,0.6135,<LOD,0.0000,0.0000,,,,1718.4025 , 53.6525,0.6954,28.0490 , 3.4173,5.1569,<LOD,0.9545,0.2011,189901.9219 , 605.9480,11.1366,<LOD,3.8621,3.3137,<LOD,0.0000,0.0000,,,,5402.6597 , 37.8568,13.3521,123.6595 , 11.0244,2.4063,<LOD,13.9671,0.2290,23.0067 , 0.7700,2.6528,40.1754 , 2.9188,0.5495,105.5919 , 1.3057,11.0075,15.9524 , 1.3845,0.5805,659357.7500 , 4648.6147,<LOD,4.9161,0.2500,26.2419 , 0.9462,1.3260,260.0896 , 1.4485,13.9272,2.5553 , 0.8440,0.2808,<LOD,2.3787,0.4928,172.6517 , 23.2801,14.9959,28132.2305 , 172.3826,26.7648,<LOD,44.2837,0.6340,3772.7866 , 86.0086,1.9259,,,,,,,,,,,,,
570,Mining,120.54,30.26,30.07,30.09,30.12,"Wed May 6, 2026 - 14:21:20",User,1.5,ppm,,,,,,,,,Mining,,,,,,,,,,,,<LOD,1.6111,0.6974,97811.0312 , 1559.8866,1.5473,<LOD,3.0115,0.0826,<LOD,1.2872,0.1108,<LOD,2.4204,1.2854,<LOD,57.5006,13.3654,60.5533 , 5.2912,2.3607,5.6582 , 2.6718,0.2780,39457.9570 , 160.9859,85.2186,<LOD,0.0000,0.0000,31704.5371 , 4872.5894,0.0849,691.7892 , 30.1702,1.5673,<LOD,1.0587,4.0348,2.7943 , 0.5881,2.6498,<LOD,10.2597,0.2157,620.6846 , 169.3097,0.1865,7.5642 , 0.9568,0.2866,<LOD,1.3333,0.4347,<LOD,0.0000,0.0000,,,,182.6516 , 39.1405,0.3479,<LOD,4.5705,3.7105,<LOD,0.8065,0.1576,243126.9531 , 711.6071,16.4845,7.3310 , 2.4401,2.9165,<LOD,0.0000,0.0000,,,,5422.8706 , 39.7724,14.2467,116.6924 , 11.2356,2.5209,<LOD,6.7712,0.1604,12.8406 , 0.6780,2.1878,46.9174 , 2.8443,0.5803,89.9185 , 1.2074,9.9524,<LOD,1.4013,0.2131,529078.2500 , 5763.9424,<LOD,2.4971,0.1780,44.1646 , 1.0892,2.0103,258.5671 , 1.4547,13.9307,3.3323 , 0.7595,0.2757,2.6026 , 1.0312,0.5150,234.4537 , 22.1951,13.5886,39380.0547 , 214.1968,40.8712,<LOD,48.0520,0.7522,11629.8672 , 135.9310,5.5461,,,,,,10,404.500000,39.005322,-122.671150,10.000000,528473.437500,4317418.500000,
571,Mining,120.09,30.12,30.09,30.25,29.63,"Wed May 6, 2026 - 14:23:39",User,1.5,ppm,,,,,,,,,Mining,,,,,,,,,,,,<LOD,1.5614,0.7049,103303.0781 , 1631.4364,1.6279,<LOD,2.9372,0.0792,<LOD,1.3031,0.1148,<LOD,2.3196,1.2641,<LOD,57.6658,13.5727,67.1443 , 5.1900,2.4307,5.8108 , 2.6934,0.2854,39552.8594 , 170.0811,88.0068,<LOD,0.0000,0.0000,35333.3477 , 5061.7749,0.0896,690.6917 , 30.3916,1.6081,<LOD,1.0604,4.0921,2.4907 , 0.5899,2.6964,9.1820 , 4.9010,0.2106,644.6895 , 163.2390,0.1695,5.8500 , 0.9209,0.2681,<LOD,1.3162,0.4576,<LOD,0.0000,0.0000,,,,100.6802 , 39.2478,0.3359,<LOD,4.4269,3.7444,<LOD,0.8007,0.1574,244762.0625 , 744.6326,17.0982,11.3481 , 2.3851,3.0180,<LOD,0.0000,0.0000,,,,5395.0186 , 39.1495,14.5335,89.0525 , 10.7657,2.4582,<LOD,7.1739,0.1820,13.1394 , 0.6791,2.2242,48.7774 , 2.9009,0.6096,86.4858 , 1.2059,9.9785,<LOD,1.3394,0.1947,518679.1875 , 5944.9004,<LOD,2.5378,0.1824,40.4533 , 1.0660,1.9275,257.1210 , 1.4815,14.2625,2.3260 , 0.7471,0.2620,3.0786 , 1.0400,0.5296,237.0099 , 21.5514,13.8188,38943.8594 , 212.6964,41.4428,<LOD,47.7932,0.7156,11715.2627 , 134.6151,5.7543,,,,,,10,404.100006,39.005325,-122.671158,10.000000,528473.000000,4317419.000000,
572,Mining,126.02,35.45,30.11,30.21,30.25,"Wed May 6, 2026 - 14:32:13",User,1.5,ppm,,,,,,,,,Mining,,,,,,,,,,,,<LOD,2.4351,0.6578,60033.9336 , 1204.0192,0.9838,<LOD,3.0910,0.0717,<LOD,1.3739,0.1043,<LOD,2.4391,1.1675,<LOD,59.8764,11.8662,56.1204 , 5.2023,2.1680,<LOD,4.9989,0.2437,38334.7031 , 142.6723,76.2957,<LOD,0.0000,0.0000,19034.2148 , 4490.9268,0.0639,662.1125 , 31.4924,1.4025,<LOD,1.1141,3.6933,1.7322 , 0.6218,2.4548,<LOD,8.3249,0.1822,728.7024 , 182.6138,0.1958,6.8242 , 0.9975,0.2575,<LOD,1.3448,0.3948,<LOD,0.0000,0.0000,,,,<LOD,80.7810,0.3385,<LOD,4.5666,3.2976,<LOD,0.8441,0.1436,193062.4844 , 636.6230,11.5743,5.0935 , 2.4344,2.5807,<LOD,0.0000,0.0000,,,,5606.3745 , 38.8639,13.5666,88.4886 , 10.9986,2.2889,<LOD,7.2403,0.1517,12.2225 , 0.7054,1.9689,39.7792 , 2.8937,0.4962,86.7378 , 1.2455,8.9801,<LOD,1.4467,0.1847,631577.3125 , 5167.0840,<LOD,2.5430,0.1488,38.0861 , 1.0896,1.6544,250.3504 , 1.4535,12.5061,2.3736 , 0.7879,0.2384,2.9354 , 1.0865,0.4733,211.7409 , 22.1123,11.9842,40696.7031 , 205.9533,38.9240,<LOD,52.9321,0.8605,9460.9902 , 123.5331,4.3063,,,,,,10,402.899994,39.005325,-122.671181,10.000000,528470.687500,4317419.000000,
573,Mining,126.10,35.74,30.06,30.22,30.08,"Wed May 6, 2026 - 14:34:39",User,1.5,ppm,,,,,,,,,Mining,,,,,,,,,,,,<LOD,2.6288,0.6413,58155.7148 , 1219.6523,0.9559,<LOD,3.1041,0.0699,<LOD,1.2816,0.0874,<LOD,2.4447,1.1191,<LOD,65.9328,11.4066,50.3774 , 5.1920,2.0362,5.6368 , 2.8573,0.2528,37818.7109 , 138.1298,72.4431,<LOD,0.0000,0.0000,14206.5811 , 4460.4590,0.0582,650.6238 , 31.3397,1.3320,<LOD,1.1206,3.6262,<LOD,1.5389,2.3281,<LOD,7.6124,0.1774,960.8610 , 189.8527,0.2009,4.2441 , 0.9368,0.2183,<LOD,1.3414,0.3746,<LOD,0.0000,0.0000,,,,<LOD,79.0283,0.3373,<LOD,4.6261,3.2635,<LOD,0.8282,0.1321,196676.7500 , 648.2265,11.3400,8.2907 , 2.4638,2.5397,<LOD,0.0000,0.0000,,,,5391.0444 , 38.4961,12.5896,83.5998 , 10.9256,2.1287,<LOD,6.9797,0.1354,12.4566 , 0.7079,1.9135,42.5033 , 2.9537,0.4982,82.9669 , 1.2263,8.4203,<LOD,1.6716,0.1812,636708.0625 , 5174.1831,<LOD,2.5406,0.1457,39.1231 , 1.0981,1.6269,247.2694 , 1.4377,11.9253,3.4293 , 0.7695,0.2296,2.7163 , 1.0830,0.4533,218.4050 , 22.2533,11.6390,38830.7930 , 202.7657,35.7359,<LOD,55.5298,0.8748,9799.8320 , 126.2570,4.2340,,,,,,10,403.000000,39.005325,-122.671181,10.000000,528471.125000,4317419.000000,
574,Mining,30.17,30.17,,,,"Wed May 6, 2026 - 15:53:57",User,1.5,ppm,,,,,,,,,Mining,,,,,,,,,,,,504.9051 , 449.8257,11.3448,,,,<LOD,37.7363,0.0671,<LOD,12.6731,0.1007,<LOD,34.6474,4.6428,<LOD,650.1356,218.0067,9625.7529 , 109.7808,23.3461,1306.7825 , 53.9233,1.2328,884826.2500 , 576.7028,1490.5525,<LOD,0.0000,0.0000,,,,3829.6145 , 136.4327,14.5980,4972.8130 , 26.3707,53.0743,<LOD,5.9159,0.8168,445.5244 , 135.7599,0.5045,,,,<LOD,11.7428,0.2093,<LOD,35.0600,5.5711,<LOD,0.0000,0.0000,,,,,,,<LOD,62.8615,5.3459,<LOD,7.1924,0.1191,,,,148.4008 , 30.9043,6.3235,<LOD,0.0000,0.0000,,,,196.8377 , 82.5201,1.4007,62.3285 , 49.2381,1.5212,<LOD,0.0000,0.1477,<LOD,3.7846,0.2723,<LOD,23.6737,0.1871,<LOD,3.1152,0.4038,43.1292 , 8.5219,0.1984,94037.5547 , 14978.3027,<LOD,36.4543,0.1616,<LOD,6.9461,-0.2992,<LOD,2.2188,0.1349,<LOD,21.1493,-1.3486,<LOD,7.6406,-0.1124,,,,,,,,,,,,,,,,,,,,,,,,,
576,Health Check,156.66,,,,,"Thu May 7, 2026 - 07:30:12",User,,,,,,,,,,,Health Check,Pass,Detector Quality: 1.07 — Pass; Fault Free: Pass; Battery Health  94%: Pass; C#1 Voltage  4196 mV: Pass; C#2 Voltage  4191 mV: Pass; Tube Health: Pass; System Check: Reading #575 - Pass; Filter Wheel Check: Pass; XRay LED Test: Pass; Wi-Fi: Pass; Bluetooth: Pass; GPS: Pass; ,,,,,,,,,,,,,,,,,,,,,,,,,,,,,,,,,,,,,,,,,,,,,,,,,,,,,,,,,,,,,,,,,,,,,,,,,,,,,,,,,,,,,,,,,,,,,,,,,,,,,,,,,,,,,,,,,,,,,,,,,,,,,,,,,,,,,,,,,,,,,,,,,,,,,,,,,
577,Mining,30.23,30.23,,,,"Thu May 7, 2026 - 07:41:33",User,1.5,ppm,,,,,,,,,Mining,,,,,,,,,,,,510.2473 , 454.5810,11.3161,,,,<LOD,37.7339,0.0697,<LOD,13.2405,0.1067,<LOD,35.3063,4.5973,<LOD,463.4911,218.4282,9732.3418 , 111.2647,23.7194,1323.9813 , 54.9409,1.2449,892162.2500 , 586.9352,1501.8032,<LOD,0.0000,0.0000,,,,3816.0393 , 137.5136,14.6901,5119.9697 , 27.0650,54.1489,<LOD,7.2548,0.8317,633.8467 , 137.7914,0.4807,,,,42.9153 , 10.0833,0.2952,<LOD,49.5064,5.7218,<LOD,0.0000,0.0000,,,,,,,<LOD,102.1376,5.5520,<LOD,7.8119,0.1333,,,,108.2933 , 31.3048,6.1664,<LOD,0.0000,0.0000,,,,150.5244 , 81.8788,1.3780,<LOD,237.8511,1.4734,<LOD,70.9822,0.1501,<LOD,3.8291,0.2546,<LOD,23.9971,0.1808,<LOD,3.2380,0.4036,<LOD,22.1416,0.1868,86364.2891 , 15501.8232,35.2347 , 17.2739,0.1777,<LOD,4.5775,-0.1380,<LOD,1.9656,0.1008,<LOD,20.5187,-1.2526,<LOD,3.7915,-0.0335,,,,,,,,,,,,,,,,,,8,425.600006,39.000702,-122.662987,10.000000,529182.312500,4316908.500000,
578,Mining,120.66,30.20,30.21,30.00,30.25,"Thu May 7, 2026 - 10:16:58",User,1.5,ppm,,,,,,,,,Mining,,,,,,,,,,,,<LOD,1.6323,0.7350,149860.2656 , 2155.3359,2.3267,<LOD,3.2178,0.0887,<LOD,1.3853,0.1212,<LOD,2.4350,1.3245,<LOD,57.3823,12.1598,83.6155 , 5.7926,2.7331,17.6705 , 3.0569,0.3436,36342.0078 , 189.6850,78.3346,<LOD,0.0000,0.0000,36999.7969 , 5581.6318,0.1058,669.9167 , 31.0615,1.5108,<LOD,1.1207,4.2349,4.8073 , 0.6216,2.7849,17.6000 , 5.1533,0.2429,1414.0939 , 230.1553,0.3151,7.6611 , 1.0024,0.2965,<LOD,1.4377,0.5254,<LOD,0.0000,0.0000,,,,9775.4648 , 114.3682,2.9435,<LOD,4.6878,3.9874,<LOD,0.8943,0.1858,314624.4688 , 880.5910,23.0356,14.4277 , 2.5490,3.3222,<LOD,0.0000,0.0000,,,,6159.5933 , 45.1023,16.0670,157.8791 , 12.2755,2.9239,<LOD,7.6107,0.1914,17.1895 , 0.7207,2.3502,51.3105 , 3.0446,0.6257,104.4346 , 1.3565,11.2911,<LOD,1.5186,0.2304,391771.7500 , 7002.9692,<LOD,4.4962,0.2155,33.2199 , 1.0333,1.6393,283.8444 , 1.6922,15.4584,5.4152 , 0.8311,0.3175,4.0684 , 1.0980,0.5517,365.5692 , 23.5957,16.3255,41204.2109 , 236.3183,42.5659,<LOD,51.6045,0.7560,10009.7275 , 131.3292,4.8828,,,,,,9,400.899994,39.004780,-122.671173,10.000000,528471.500000,4317358.500000,
579,Mining,126.22,35.64,30.29,30.25,30.04,"Thu May 7, 2026 - 10:19:36",User,1.5,ppm,,,,,,,,,Mining,,,,,,,,,,,,<LOD,2.1071,0.7611,134714.2500 , 2041.2689,2.1026,<LOD,3.1496,0.0883,<LOD,1.3440,0.1182,<LOD,2.4038,1.3164,<LOD,55.5326,11.7400,78.6039 , 5.6076,2.6469,15.4445 , 2.9334,0.3274,35794.9336 , 175.7256,76.0295,<LOD,0.0000,0.0000,34770.0820 , 5490.9829,0.1003,623.1349 , 29.6876,1.4235,<LOD,1.0832,4.1147,3.3925 , 0.5977,2.6710,13.2129 , 4.8799,0.2188,1204.9264 , 227.1883,0.2934,5.8892 , 0.9263,0.2624,<LOD,1.4099,0.5127,<LOD,0.0000,0.0000,,,,9978.7500 , 115.0614,2.9554,<LOD,4.5703,3.8453,<LOD,0.8407,0.1671,300719.0938 , 840.3055,21.3175,15.5623 , 2.4936,3.2305,<LOD,0.0000,0.0000,,,,5942.4502 , 43.0609,15.3731,152.7936 , 11.8710,2.8186,<LOD,7.3084,0.1828,17.2195 , 0.6974,2.2916,47.6428 , 2.9068,0.5910,99.1451 , 1.2834,10.6548,<LOD,1.7990,0.2198,426024.0625 , 6795.4028,2.7230 , 1.8400,0.2159,29.7243 , 0.9676,1.4807,269.2372 , 1.5750,14.5124,2.7163 , 0.7604,0.2598,3.7930 , 1.0585,0.5288,348.2499 , 22.9152,15.6272,40238.7383 , 224.3362,40.9044,<LOD,52.0270,0.7611,8884.2168 , 121.8895,4.3053,,,,,,9,401.000000,39.004784,-122.671181,10.000000,528471.375000,4317359.000000,
580,Mining,120.24,30.28,30.03,30.05,29.88,"Thu May 7, 2026 - 10:24:34",User,1.5,ppm,,,,,,,,,Mining,,,,,,,,,,,,<LOD,1.5982,0.6930,115859.0000 , 1830.6298,1.8194,<LOD,3.1170,0.0890,<LOD,1.3337,0.1193,<LOD,2.4192,1.2955,<LOD,51.7850,10.0450,85.2911 , 5.6932,2.5928,<LOD,4.2282,0.2508,31157.6660 , 144.6835,64.3345,<LOD,0.0000,0.0000,23852.9570 , 5090.6401,0.0836,469.7353 , 26.8145,1.1399,<LOD,1.0599,4.0649,2.4063 , 0.5790,2.5800,<LOD,8.6240,0.1965,1238.4225 , 228.5131,0.2849,7.3463 , 0.9393,0.2772,<LOD,1.3828,0.4761,<LOD,0.0000,0.0000,,,,9951.4883 , 114.5820,2.8706,<LOD,4.5801,3.7468,<LOD,0.8125,0.1581,279800.5938 , 782.2780,18.8234,11.0319 , 2.4816,3.0882,<LOD,0.0000,0.0000,,,,5811.4751 , 41.9835,14.5910,159.3526 , 11.9528,2.7129,<LOD,7.0276,0.1734,11.1257 , 0.6317,1.9271,32.2545 , 2.5686,0.4713,92.6936 , 1.2219,10.1984,<LOD,1.3683,0.2011,483517.3438 , 6267.1436,<LOD,3.6073,0.2036,27.6264 , 0.9316,1.4030,269.8604 , 1.4999,14.4690,2.3959 , 0.7494,0.2572,4.3091 , 1.0458,0.5333,316.7831 , 22.8130,15.0200,39047.4609 , 216.3997,38.5386,<LOD,52.3007,0.7518,8271.3799 , 119.7663,3.9042,,,,,,9,401.500000,39.004784,-122.671181,10.000000,528471.062500,4317359.000000,
581,Mining,120.23,30.03,30.07,30.12,28.80,"Thu May 7, 2026 - 10:27:04",User,1.5,ppm,,,,,,,,,Mining,,,,,,,,,,,,<LOD,1.9079,0.7178,113616.4062 , 1974.3409,1.7845,<LOD,3.0744,0.0781,<LOD,1.3087,0.1039,<LOD,2.4984,1.2431,<LOD,53.4984,9.7568,91.0646 , 5.6283,2.4898,<LOD,5.3068,0.2481,31791.0234 , 145.4511,62.6811,<LOD,0.0000,0.0000,20261.2559 , 5305.4136,0.0775,483.6823 , 27.7884,1.1152,<LOD,1.0845,3.8679,2.7964 , 0.5953,2.4829,<LOD,9.0159,0.1865,1095.1953 , 227.9769,0.2427,5.3543 , 0.9222,0.2415,<LOD,1.4298,0.4586,<LOD,0.0000,0.0000,,,,7134.0674 , 104.7115,2.0438,<LOD,4.7414,3.6094,<LOD,0.8255,0.1496,290657.0312 , 814.1866,18.6658,11.6637 , 2.5792,3.0123,<LOD,0.0000,0.0000,,,,5980.0947 , 41.4005,14.2196,171.0414 , 11.8986,2.6514,<LOD,7.2357,0.1665,12.3854 , 0.6584,1.9028,25.1078 , 2.5007,0.4040,91.8315 , 1.2446,9.6359,<LOD,1.6760,0.2013,483385.8438 , 6651.6841,<LOD,3.9716,0.1978,27.4150 , 0.9375,1.2982,266.8108 , 1.5152,13.6280,3.0966 , 0.7542,0.2425,2.0004 , 1.0313,0.4686,332.7560 , 23.7236,14.6980,36321.9180 , 204.6724,33.9532,<LOD,56.3469,0.7482,8230.1309 , 118.1789,3.6974,,,,,,9,401.799988,39.004784,-122.671181,10.000000,528471.187500,4317359.000000,
582,Mining,120.15,30.10,30.16,30.23,29.66,"Thu May 7, 2026 - 10:31:21",User,1.5,ppm,,,,,,,,,Mining,,,,,,,,,,,,<LOD,1.7046,0.7114,127885.7500 , 2233.4600,1.9945,<LOD,3.2308,0.0837,<LOD,1.3284,0.1040,<LOD,2.5499,1.2930,<LOD,57.5968,11.4689,71.7514 , 5.7914,2.4807,15.7777 , 3.0539,0.3201,36511.0156 , 186.4070,74.8026,<LOD,0.0000,0.0000,50707.3984 , 6160.4502,0.1159,713.8648 , 31.9958,1.5037,<LOD,1.1212,3.9561,4.2261 , 0.6251,2.6332,19.4169 , 5.1382,0.2226,1995.0074 , 267.1598,0.3759,7.9909 , 1.0117,0.2826,<LOD,1.4878,0.4985,<LOD,0.0000,0.0000,,,,11138.7520 , 127.3348,3.2140,<LOD,4.8651,3.8065,<LOD,0.8814,0.1671,291078.3750 , 865.4046,19.7386,16.1989 , 2.6546,3.2017,<LOD,0.0000,0.0000,,,,5953.5195 , 44.7394,14.7487,177.5142 , 12.5146,2.7763,<LOD,7.6114,0.1788,17.8361 , 0.7329,2.2748,42.3589 , 2.9110,0.5344,101.6401 , 1.3437,10.4490,<LOD,2.1610,0.2366,425084.8750 , 7658.1646,<LOD,3.8601,0.1983,33.3226 , 1.0412,1.5591,274.0741 , 1.6554,14.1780,4.3848 , 0.7958,0.2715,4.2070 , 1.1031,0.5204,359.3257 , 24.4283,15.4969,38876.1562 , 230.8021,38.0939,<LOD,54.6382,0.7515,8905.2451 , 127.9573,4.1512,,,,,,8,402.399994,39.004791,-122.671173,10.000000,528471.937500,4317359.500000,
583,Mining,120.81,30.18,30.19,30.21,30.23,"Thu May 7, 2026 - 10:33:41",User,1.5,ppm,,,,,,,,,Mining,,,,,,,,,,,,<LOD,1.8568,0.7543,125115.1562 , 2018.4723,1.9586,<LOD,3.1742,0.0782,<LOD,1.4825,0.1262,<LOD,2.4841,1.2978,<LOD,58.2589,11.3985,72.5658 , 5.5884,2.5058,11.9899 , 3.0178,0.3040,36464.1602 , 170.6469,74.2555,<LOD,0.0000,0.0000,29109.4551 , 5426.3491,0.0915,664.0696 , 31.5399,1.4240,<LOD,1.1410,3.9905,3.8321 , 0.6314,2.6109,20.0960 , 5.2316,0.2268,1221.9889 , 227.8692,0.2794,8.4128 , 1.0393,0.2903,<LOD,1.4248,0.4824,<LOD,0.0000,0.0000,,,,10025.8457 , 115.5183,2.8542,<LOD,4.7622,3.8688,<LOD,0.8886,0.1668,297225.1562 , 810.7393,20.0905,12.6599 , 2.5790,3.1887,<LOD,0.0000,0.0000,,,,6119.6172 , 43.2827,15.2523,168.5201 , 12.1451,2.8364,<LOD,7.7970,0.1827,17.7497 , 0.7435,2.2831,42.4217 , 2.9508,0.5349,101.4615 , 1.3475,10.4710,<LOD,1.5271,0.2181,445238.3125 , 6840.2505,3.5966 , 1.9694,0.2178,34.3273 , 1.0577,1.5788,281.9191 , 1.6419,14.5067,3.7483 , 0.8485,0.2871,2.9452 , 1.1104,0.5098,375.1449 , 23.9074,15.8086,38905.9609 , 216.1560,38.1072,<LOD,53.0115,0.7543,8748.9170 , 121.5262,4.1073,,,,,,8,402.399994,39.004795,-122.671173,10.000000,528472.062500,4317360.000000,
584,Mining,120.52,30.15,30.02,30.08,30.27,"Thu May 7, 2026 - 10:37:28",User,1.5,ppm,,,,,,,,,Mining,,,,,,,,,,,,<LOD,1.7283,0.7193,122915.9141 , 2066.9912,1.9261,<LOD,3.2965,0.0915,<LOD,1.4068,0.1223,<LOD,2.5399,1.2529,<LOD,56.0861,11.3076,73.5087 , 5.9551,2.5887,13.0982 , 2.9363,0.3100,35877.7266 , 174.5287,73.5280,<LOD,0.0000,0.0000,38245.5078 , 5779.4443,0.1021,799.1079 , 32.4855,1.6148,<LOD,1.1061,4.0358,4.4176 , 0.6144,2.6627,16.5293 , 4.9930,0.2208,1346.2740 , 234.1088,0.2926,6.1635 , 0.9542,0.2625,<LOD,1.5261,0.5170,<LOD,0.0000,0.0000,,,,11308.0664 , 124.3733,3.2498,<LOD,4.9299,3.8615,<LOD,0.8651,0.1655,286069.0938 , 829.5535,19.6049,19.7018 , 2.6947,3.2564,<LOD,0.0000,0.0000,,,,6162.7783 , 45.4360,15.3056,151.2613 , 12.6171,2.7727,<LOD,7.6339,0.1887,17.7218 , 0.7166,2.2790,47.6505 , 2.9537,0.5766,98.8746 , 1.3037,10.4025,<LOD,1.6361,0.2133,441742.2500 , 7111.5195,3.4659 , 1.9222,0.2226,33.0420 , 1.0129,1.5461,284.3794 , 1.6336,14.7406,4.0676 , 0.8125,0.2861,3.0077 , 1.0758,0.5146,371.1214 , 24.6819,15.6271,45639.6836 , 246.8532,45.0433,<LOD,53.9123,0.7673,8745.5723 , 127.7353,4.1991,,,,,,7,401.899994,39.004795,-122.671173,10.000000,528472.062500,4317360.000000,
585,Mining,120.84,30.24,30.07,30.22,30.31,"Thu May 7, 2026 - 10:40:32",User,1.5,ppm,,,,,,,,,Mining,,,,,,,,,,,,<LOD,1.7660,0.7272,130441.5000 , 2118.5981,2.0381,<LOD,3.0802,0.0813,<LOD,1.4151,0.1264,<LOD,2.4183,1.2618,<LOD,56.9983,12.1293,76.3567 , 5.9039,2.6726,11.4637 , 2.8644,0.3016,38032.3984 , 189.4383,79.6511,<LOD,0.0000,0.0000,42733.1445 , 5875.2905,0.1084,1104.0509 , 36.0976,2.0757,<LOD,1.0868,3.9641,3.4911 , 0.6038,2.6156,20.0486 , 5.0101,0.2209,1307.8734 , 229.3406,0.2969,6.3405 , 0.9419,0.2614,<LOD,1.4035,0.4811,<LOD,0.0000,0.0000,,,,8714.8096 , 110.0676,2.6291,<LOD,4.6061,3.6901,<LOD,0.8219,0.1537,289863.3438 , 849.0294,20.4513,15.7557 , 2.5211,3.1308,<LOD,0.0000,0.0000,,,,5702.9106 , 43.5511,14.4389,144.3692 , 12.0749,2.6442,<LOD,7.1373,0.1679,18.2599 , 0.7080,2.2704,47.5287 , 2.9169,0.5748,92.6620 , 1.2678,9.9524,<LOD,1.3871,0.1985,422923.4688 , 7182.1211,2.7514 , 1.8164,0.2039,27.8950 , 0.9553,1.3757,271.7785 , 1.6107,14.2381,2.2939 , 0.7827,0.2577,3.9642 , 1.0667,0.5167,344.7782 , 23.1662,15.0981,49965.9570 , 260.8164,50.7380,<LOD,53.2866,0.7753,8120.7822 , 123.8560,4.1125,,,,,,8,401.399994,39.004795,-122.671165,10.000000,528472.250000,4317360.000000,
586,Mining,120.54,30.15,30.03,30.25,30.11,"Thu May 7, 2026 - 10:44:06",User,1.5,ppm,,,,,,,,,Mining,,,,,,,,,,,,<LOD,1.8556,0.6915,110453.7109 , 2167.9841,1.7389,<LOD,3.6252,0.0865,<LOD,1.4638,0.1035,<LOD,2.7347,1.2128,<LOD,60.1658,10.2088,71.9581 , 5.6495,2.2291,13.4645 , 3.1843,0.2849,36164.7930 , 160.4847,66.0782,<LOD,0.0000,0.0000,29539.0586 , 5830.3203,0.0892,564.1859 , 31.2300,1.1699,<LOD,1.1940,3.6692,3.9794 , 0.6600,2.3973,16.1221 , 5.3929,0.2026,1592.8169 , 254.3569,0.2969,5.0280 , 1.0057,0.2277,<LOD,1.6035,0.4740,<LOD,0.0000,0.0000,,,,13372.1484 , 135.4051,3.3770,<LOD,5.2767,3.6741,<LOD,0.9580,0.1602,296863.4375 , 793.3423,18.0950,15.9032 , 2.8670,3.0594,<LOD,0.0000,0.0000,,,,6420.7798 , 43.4374,14.1909,159.1111 , 12.3421,2.5533,<LOD,7.8094,0.1538,16.7262 , 0.7583,2.0006,46.9566 , 3.1687,0.5197,104.9608 , 1.3971,9.6260,<LOD,1.6643,0.1837,456758.1562 , 7546.2446,4.0919 , 2.0382,0.1983,32.9315 , 1.0881,1.3961,279.5947 , 1.6474,12.9454,4.6636 , 0.8629,0.2578,4.4936 , 1.1791,0.4845,408.5678 , 26.5232,15.1288,38459.3789 , 212.2532,33.7760,<LOD,56.5050,0.7277,8622.9639 , 122.4096,3.6311,,,,,,8,401.100006,39.004795,-122.671150,10.000000,528473.812500,4317360.000000,
587,Mining,120.79,30.25,30.09,30.23,28.13,"Thu May 7, 2026 - 10:46:22",User,1.5,ppm,,,,,,,,,Mining,,,,,,,,,,,,<LOD,1.8013,0.6766,110719.6016 , 2198.0586,1.7403,<LOD,3.3884,0.0820,<LOD,1.4025,0.1032,<LOD,2.6550,1.1856,<LOD,58.1636,10.3707,65.0109 , 5.5763,2.2246,13.9448 , 3.0902,0.2915,36372.6172 , 161.7538,67.8111,<LOD,0.0000,0.0000,27253.1250 , 5950.2339,0.0865,583.0223 , 30.4955,1.2143,<LOD,1.1499,3.7083,3.2856 , 0.6314,2.3837,15.5999 , 5.1224,0.1933,1494.7917 , 264.0231,0.2966,7.9684 , 1.0299,0.2605,<LOD,1.5661,0.4701,<LOD,0.0000,0.0000,,,,12957.3408 , 139.3471,3.3453,<LOD,5.1586,3.6615,<LOD,0.9049,0.1552,288640.5312 , 823.2268,17.8120,18.8272 , 2.8117,3.0707,<LOD,0.0000,0.0000,,,,6092.2935 , 42.7292,13.8071,163.2406 , 12.1706,2.5424,<LOD,7.9611,0.1743,15.7928 , 0.7254,1.9868,52.2551 , 3.1685,0.5641,102.1517 , 1.3420,9.5923,<LOD,1.5043,0.1916,467315.0312 , 7551.5181,3.7040 , 2.0052,0.2058,31.8231 , 1.0366,1.3745,274.7814 , 1.5972,12.9711,3.1333 , 0.8068,0.2384,3.7774 , 1.1234,0.4770,408.3234 , 25.9230,15.0707,39190.3359 , 215.1236,35.0990,<LOD,58.9117,0.7435,8197.7119 , 119.8972,3.5515,,,,,,7,400.799988,39.004799,-122.671150,10.000000,528473.687500,4317360.500000,
588,Mining,120.58,30.10,30.27,30.15,30.06,"Thu May 7, 2026 - 10:49:50",User,1.5,ppm,,,,,,,,,Mining,,,,,,,,,,,,<LOD,1.8797,0.6518,109999.0391 , 2258.2568,1.7240,<LOD,3.5772,0.0822,<LOD,1.4781,0.1029,<LOD,2.7876,1.1593,<LOD,58.0905,9.0783,73.0992 , 5.9077,2.1832,12.5693 , 3.1621,0.2735,33769.1055 , 147.1234,58.7656,<LOD,0.0000,0.0000,22212.0527 , 5779.0195,0.0793,690.0173 , 32.9912,1.2486,<LOD,1.1830,3.5118,4.1217 , 0.6588,2.3366,13.9751 , 5.2583,0.1925,1673.5977 , 251.5169,0.2688,7.3810 , 1.0470,0.2415,<LOD,1.6315,0.4511,<LOD,0.0000,0.0000,,,,10618.1523 , 125.5131,2.6475,<LOD,5.3737,3.5051,<LOD,0.9518,0.1539,295663.2500 , 792.0031,17.1941,15.0489 , 2.9162,2.9106,<LOD,0.0000,0.0000,,,,6241.6289 , 44.0635,13.2103,149.8033 , 12.6399,2.3868,<LOD,8.2869,0.1695,17.9238 , 0.7654,1.9946,39.1403 , 3.0179,0.4586,106.3634 , 1.3903,9.3813,<LOD,1.5317,0.1786,467450.7812 , 7646.5200,<LOD,3.4644,0.1789,32.5194 , 1.0729,1.3281,284.9549 , 1.6325,12.6862,2.4256 , 0.8313,0.2220,4.0851 , 1.1605,0.4601,418.1334 , 27.0514,14.5742,42067.7422 , 223.1611,35.2048,<LOD,58.3650,0.7092,8433.0537 , 125.3951,3.4506,,,,,,8,400.299988,39.004799,-122.671150,10.000000,528473.500000,4317360.500000,
589,Mining,126.17,35.59,30.24,30.07,30.27,"Thu May 7, 2026 - 10:52:27",User,1.5,ppm,,,,,,,,,Mining,,,,,,,,,,,,<LOD,1.9085,0.6668,109176.3281 , 2265.8413,1.7136,<LOD,3.4950,0.0791,<LOD,1.4525,0.1002,<LOD,2.8019,1.1605,<LOD,57.5753,8.9760,65.3528 , 5.8421,2.1190,10.2518 , 3.0869,0.2628,33468.2305 , 146.3131,58.0443,<LOD,0.0000,0.0000,27364.4414 , 5859.5322,0.0848,674.9782 , 32.5006,1.2205,<LOD,1.1811,3.5486,4.2883 , 0.6557,2.3392,15.2996 , 5.2509,0.1956,1526.8229 , 247.4981,0.2660,6.4431 , 1.0261,0.2337,<LOD,1.6725,0.4712,<LOD,0.0000,0.0000,,,,10220.4307 , 121.1865,2.5341,<LOD,5.3592,3.4270,<LOD,0.9336,0.1495,299079.8438 , 784.8619,17.3414,22.6305 , 2.9641,3.0053,<LOD,0.0000,0.0000,,,,6207.0728 , 43.7862,13.0445,156.5193 , 12.6266,2.3751,<LOD,8.1322,0.1645,17.7080 , 0.7569,1.9692,39.4931 , 3.0045,0.4585,101.5403 , 1.3612,9.0705,<LOD,2.1565,0.1975,461272.9688 , 7755.5591,<LOD,4.2267,0.1823,31.6852 , 1.0577,1.2988,280.2970 , 1.6122,12.4602,5.0215 , 0.8610,0.2542,4.2013 , 1.1524,0.4578,426.7470 , 27.1871,14.6118,41491.4219 , 221.9272,34.5426,<LOD,57.4775,0.7051,8330.0068 , 124.8590,3.3935,,,,,,8,399.700012,39.004799,-122.671150,10.000000,528473.500000,4317360.500000,
590,Mining,40.26,30.15,10.11,,,"Thu May 7, 2026 - 10:54:32",User,1.5,ppm,,,,,,,,,Mining,,,,,,,,,,,,<LOD,7.2643,28.9367,,,,<LOD,3.4429,0.0836,<LOD,1.4288,0.1057,<LOD,7.9073,29.3155,<LOD,54.4593,8.5811,67.0593 , 10.2421,1.9899,9.3688 , 3.1248,0.2924,30182.1660 , 114.8513,55.3713,<LOD,0.0000,0.0000,,,,535.9141 , 30.3084,1.1280,<LOD,1.1844,3.8872,1.9972 , 0.6504,2.5055,8.5119 , 5.0802,0.2056,,,,7.0568 , 1.0375,0.2610,<LOD,7.9935,31.9550,<LOD,0.0000,0.0000,,,,,,,<LOD,13.8313,30.9754,<LOD,0.9238,0.1604,,,,<LOD,9.5439,25.4916,<LOD,0.0000,0.0000,,,,4656.8105 , 69.6664,10.6682,137.2282 , 21.1992,2.0230,<LOD,7.8036,0.1644,11.6691 , 0.7070,1.8779,35.7446 , 2.8394,0.4452,74.4065 , 1.2945,9.1719,<LOD,1.5027,0.1857,907417.9375 , 655.7444,<LOD,2.9052,0.1873,24.9766 , 0.9982,1.2356,333.1752 , 1.6859,16.8518,3.5784 , 0.8344,0.2571,1.8925 , 1.1682,0.5144,,,,49825.8477 , 420.9670,43.6434,,,,6664.6685 , 219.5436,3.1976,,,,,,8,399.500000,39.004795,-122.671150,10.000000,528473.500000,4317360.000000,
591,Mining,119.68,30.07,30.21,30.24,29.16,"Thu May 7, 2026 - 10:57:00",User,1.5,ppm,,,,,,,,,Mining,,,,,,,,,,,,<LOD,1.6574,0.7588,131756.7500 , 2071.5630,2.0247,<LOD,3.0993,0.0888,<LOD,1.2813,0.1110,<LOD,2.4366,1.3263,<LOD,46.2658,7.5899,47.2646 , 4.7025,1.8843,<LOD,5.6390,0.2632,24454.8496 , 126.5930,49.2233,<LOD,0.0000,0.0000,18843.6074 , 5183.6084,0.0796,409.4728 , 25.7486,0.9927,<LOD,1.0338,3.8743,<LOD,1.4085,2.4638,<LOD,8.4640,0.1866,1020.6189 , 217.4341,0.2254,3.0976 , 0.8414,0.2235,<LOD,1.4330,0.5200,<LOD,0.0000,0.0000,,,,8349.2490 , 111.3740,2.4205,<LOD,4.6867,4.0070,<LOD,0.8125,0.1607,259790.6719 , 794.9506,16.8019,12.7901 , 2.5406,3.2941,<LOD,0.0000,0.0000,,,,4070.8164 , 33.5325,9.9184,119.8150 , 9.6852,1.9004,<LOD,6.7092,0.1588,8.5897 , 0.5922,1.7186,23.1438 , 2.3759,0.4050,61.5465 , 1.1158,8.6551,<LOD,1.2458,0.1719,497340.7812 , 6628.2837,<LOD,3.8379,0.2022,20.6165 , 0.8561,1.1483,320.9650 , 1.6579,17.2347,2.3912 , 0.7212,0.2423,3.7128 , 1.0597,0.5549,271.4125 , 22.9725,15.1880,46834.2070 , 227.9656,45.1138,<LOD,56.0158,0.7704,6233.6504 , 104.2383,3.1034,,,,,,8,399.100006,39.004799,-122.671150,10.000000,528473.500000,4317360.500000,
592,Mining,121.07,30.38,30.14,30.27,30.28,"Thu May 7, 2026 - 10:59:24",User,1.5,ppm,,,,,,,,,Mining,,,,,,,,,,,,<LOD,1.5629,0.7313,123565.2812 , 1793.5034,1.9116,<LOD,2.9302,0.0836,<LOD,1.2654,0.1144,<LOD,2.3710,1.3739,<LOD,47.6276,8.7129,57.4734 , 4.8366,2.0841,<LOD,3.7464,0.2562,27231.0430 , 129.6401,57.0509,<LOD,0.0000,0.0000,15566.0674 , 4729.3979,0.0751,463.0528 , 26.3117,1.1264,<LOD,1.0146,3.9596,1.6583 , 0.5623,2.6006,<LOD,10.6018,0.1933,982.7757 , 203.1077,0.2292,3.9884 , 0.8541,0.2435,<LOD,1.3582,0.5070,<LOD,0.0000,0.0000,,,,8482.7520 , 105.3929,2.5242,<LOD,4.5076,4.0305,<LOD,0.7911,0.1621,252475.3594 , 744.9539,16.8378,13.0045 , 2.4438,3.3135,<LOD,0.0000,0.0000,,,,4421.3169 , 34.2237,11.1155,130.6947 , 9.9762,2.1103,<LOD,6.9472,0.1805,10.2990 , 0.6052,1.8974,29.3886 , 2.4653,0.4615,67.0591 , 1.1113,9.0917,<LOD,1.2344,0.1721,515144.7188 , 5908.2256,<LOD,2.5024,0.1888,23.3832 , 0.8642,1.2679,301.5331 , 1.5590,16.6535,3.8138 , 0.7377,0.2776,2.6504 , 1.0142,0.5360,256.8069 , 22.0413,15.1453,44018.4727 , 218.2299,43.9766,<LOD,52.1299,0.7766,6747.3931 , 106.8547,3.4075,,,,,,8,399.000000,39.004795,-122.671158,10.000000,528472.937500,4317360.000000,
593,Mining,120.34,30.01,30.14,30.14,29.13,"Thu May 7, 2026 - 11:03:40",User,1.5,ppm,,,,,,,,,Mining,,,,,,,,,,,,<LOD,1.6922,0.7177,141444.5469 , 2263.1687,2.2042,<LOD,3.1733,0.0854,<LOD,1.3839,0.1195,<LOD,2.5764,1.3570,<LOD,58.0858,12.5547,81.0388 , 5.7995,2.6626,11.9016 , 2.9061,0.3072,38729.7852 , 205.3365,81.9264,<LOD,0.0000,0.0000,49965.1992 , 6112.7026,0.1187,1044.0765 , 35.8250,2.0273,<LOD,1.1048,4.0317,3.5858 , 0.6139,2.6600,19.1936 , 5.1204,0.2283,1370.1830 , 236.0445,0.3074,6.5380 , 0.9547,0.2658,<LOD,1.5050,0.5244,<LOD,0.0000,0.0000,,,,10602.6553 , 122.1297,3.1388,<LOD,4.9176,4.0051,<LOD,0.8502,0.1623,308837.9375 , 904.3750,22.2338,15.3625 , 2.6660,3.3073,<LOD,0.0000,0.0000,,,,5916.1738 , 45.0049,15.2162,136.9297 , 12.0705,2.7275,<LOD,7.9545,0.2021,22.7979 , 0.7535,2.5392,62.4813 , 3.2217,0.6922,96.4583 , 1.3147,10.3864,<LOD,1.4160,0.2069,387075.5625 , 7547.5513,2.6004 , 1.9091,0.2185,27.7587 , 0.9707,1.3931,285.2643 , 1.7153,15.0326,2.1659 , 0.7703,0.2487,4.8487 , 1.0998,0.5431,381.1223 , 24.7262,16.2727,45114.1680 , 252.2616,46.2031,<LOD,53.9623,0.7770,8739.6299 , 126.0111,4.3492,,,,,,9,398.799988,39.004795,-122.671158,10.000000,528473.062500,4317360.000000,
594,Mining,120.99,30.26,30.28,30.22,30.23,"Thu May 7, 2026 - 11:06:55",User,1.5,ppm,,,,,,,,,Mining,,,,,,,,,,,,<LOD,1.6039,0.7607,135799.4531 , 1953.1202,2.1253,<LOD,3.2077,0.0954,<LOD,1.2906,0.1132,<LOD,2.3777,1.3544,<LOD,57.3659,13.3582,87.3303 , 5.8497,2.8520,9.8855 , 2.8098,0.3129,38845.5664 , 194.9011,87.1004,<LOD,0.0000,0.0000,41383.2148 , 5516.2944,0.1086,909.8683 , 33.5624,1.9453,<LOD,1.0881,4.2715,4.2802 , 0.6085,2.8616,18.6552 , 5.0368,0.2391,1330.0902 , 219.2083,0.3055,7.9435 , 0.9760,0.3028,<LOD,1.4179,0.5483,<LOD,0.0000,0.0000,,,,9538.0430 , 111.4480,3.0270,<LOD,4.5294,3.9589,<LOD,0.8445,0.1736,293271.0000 , 848.1236,22.0783,13.6299 , 2.4701,3.3290,<LOD,0.0000,0.0000,,,,6241.8931 , 45.0794,16.8032,138.5448 , 12.2160,2.9533,<LOD,7.4846,0.1995,19.3306 , 0.7172,2.5078,61.8210 , 3.1480,0.7208,96.9816 , 1.2950,11.1183,<LOD,1.4229,0.2220,417382.4375 , 6639.5713,<LOD,3.9316,0.2170,29.3644 , 0.9742,1.5417,289.4625 , 1.6746,16.1684,4.3819 , 0.7718,0.2931,4.8208 , 1.0852,0.5794,351.2568 , 22.8404,16.3008,45000.6641 , 247.5730,48.4599,<LOD,50.1397,0.7759,9160.1230 , 127.6459,4.7388,,,,,,9,398.700012,39.004795,-122.671158,10.000000,528473.062500,4317360.000000,
595,Mining,120.76,30.10,30.17,30.22,29.05,"Thu May 7, 2026 - 11:10:39",User,1.5,ppm,,,,,,,,,Mining,,,,,,,,,,,,<LOD,1.8955,0.6458,95753.2344 , 2051.1934,1.5069,<LOD,3.9883,0.0936,<LOD,1.6376,0.1157,<LOD,2.8319,1.1648,<LOD,64.8112,11.0046,62.6809 , 5.8784,2.1307,18.1843 , 3.4668,0.3025,40514.7734 , 159.2242,72.0797,<LOD,0.0000,0.0000,19649.8809 , 5632.6426,0.0710,845.1093 , 36.5890,1.5058,<LOD,1.2420,3.6258,5.6796 , 0.6862,2.3908,27.0994 , 5.8978,0.2163,1276.5474 , 236.2228,0.2274,8.6759 , 1.1391,0.2615,<LOD,1.6448,0.4471,<LOD,0.0000,0.0000,,,,8437.8066 , 114.3749,2.1543,<LOD,5.4945,3.5685,<LOD,1.0559,0.1740,268441.1562 , 780.4592,15.3124,13.8598 , 2.9735,2.9500,<LOD,0.0000,0.0000,,,,5538.2085 , 42.0048,11.9846,131.4281 , 12.2169,2.1764,<LOD,8.6022,0.1673,15.9589 , 0.7880,1.9204,41.1367 , 3.1955,0.4728,111.0271 , 1.4750,9.6937,<LOD,1.6851,0.2016,514207.3125 , 7285.6201,4.3839 , 2.2061,0.2058,35.4877 , 1.1436,1.3934,303.6940 , 1.7327,13.3592,2.4335 , 0.9073,0.2372,<LOD,2.9040,0.4462,473.2541 , 27.9199,15.2760,36306.0898 , 211.7487,30.7936,<LOD,57.2401,0.6742,7774.9097 , 123.2084,3.1955,,,,,,9,398.200012,39.004795,-122.671158,10.000000,528472.937500,4317360.000000,
596,Mining,120.19,30.28,30.28,30.21,29.42,"Thu May 7, 2026 - 11:12:57",User,1.5,ppm,,,,,,,,,Mining,,,,,,,,,,,,<LOD,2.0410,0.6751,99187.1797 , 2366.9668,1.5582,<LOD,3.7762,0.0787,<LOD,1.6172,0.1063,<LOD,2.9946,1.1693,<LOD,64.0676,9.9407,66.9799 , 6.0709,2.0889,13.6310 , 3.3775,0.2698,38300.1680 , 155.2558,64.1406,<LOD,0.0000,0.0000,29208.8340 , 6255.7573,0.0823,734.9518 , 35.2173,1.2841,<LOD,1.2686,3.4798,3.5741 , 0.6874,2.1745,18.3881 , 5.8235,0.2004,1378.5812 , 242.9115,0.2229,7.8380 , 1.1270,0.2409,<LOD,1.7416,0.4502,<LOD,0.0000,0.0000,,,,8904.9580 , 119.1148,2.1488,<LOD,5.8055,3.5700,<LOD,1.0377,0.1598,286667.5312 , 799.5721,15.7327,20.1492 , 3.1779,3.0495,<LOD,0.0000,0.0000,,,,6017.3584 , 44.0763,12.2413,147.1501 , 12.8304,2.2233,<LOD,11.6597,0.1766,15.8285 , 0.7883,1.8132,42.3702 , 3.2568,0.4616,107.4646 , 1.4599,8.9537,<LOD,2.0400,0.1962,482223.1250 , 8325.0293,<LOD,4.4881,0.1844,34.4951 , 1.1444,1.3099,290.9211 , 1.7056,12.1942,3.7559 , 0.9212,0.2381,3.6227 , 1.2190,0.4364,488.8755 , 29.5353,15.3010,37861.0898 , 217.2047,30.4394,<LOD,59.5800,0.6649,8251.1689 , 128.1564,3.2242,,,,,,9,397.899994,39.004795,-122.671158,10.000000,528473.062500,4317360.000000,
597,Mining,126.23,35.53,30.18,30.28,30.24,"Thu May 7, 2026 - 11:52:38",User,1.5,ppm,,,,,,,,,Mining,,,,,,,,,,,,<LOD,1.7878,0.6726,153385.2812 , 2663.4443,2.3757,<LOD,3.5386,0.0851,<LOD,1.4857,0.1103,<LOD,2.6570,1.1999,<LOD,62.5403,11.8819,86.5255 , 6.2346,2.5460,12.5229 , 3.1335,0.2863,41052.1016 , 207.9115,77.5364,<LOD,0.0000,0.0000,45478.8125 , 6246.3320,0.1106,799.6530 , 34.3591,1.5290,<LOD,1.2248,3.7619,6.2763 , 0.6636,2.4888,35.0883 , 5.7873,0.2476,1045.5530 , 207.8682,0.2208,10.7508 , 1.1185,0.2926,<LOD,1.5964,0.4958,<LOD,0.0000,0.0000,,,,1518.3250 , 58.7163,0.6248,<LOD,5.1559,3.6845,<LOD,0.9572,0.1660,360748.0625 , 910.7153,23.9017,19.5211 , 2.8115,3.1025,<LOD,0.0000,0.0000,,,,6053.7241 , 46.7087,13.9457,154.9950 , 12.8723,2.5647,<LOD,8.9937,0.1878,17.8817 , 0.7837,2.1731,50.3783 , 3.2025,0.5491,111.3415 , 1.4517,10.1480,<LOD,1.6202,0.2096,336827.5312 , 8487.9600,<LOD,3.9001,0.1899,46.6308 , 1.2221,1.8547,293.3312 , 1.7937,13.6847,2.8069 , 0.8513,0.2506,4.0894 , 1.1711,0.4948,478.0145 , 26.3856,15.8241,40043.8633 , 237.8174,36.2746,<LOD,56.0778,0.7454,11716.9561 , 146.2017,4.9440,,,,,,8,396.000000,39.004581,-122.670990,10.000000,528487.875000,4317336.500000,
598,Mining,126.49,35.76,30.15,30.27,30.31,"Thu May 7, 2026 - 11:56:26",User,1.5,ppm,,,,,,,,,Mining,,,,,,,,,,,,<LOD,1.7593,0.6989,160681.2500 , 2657.7168,2.4831,<LOD,3.5345,0.0918,<LOD,1.5555,0.1309,<LOD,2.5943,1.2254,<LOD,61.0935,12.2610,82.1532 , 6.3494,2.5985,10.0688 , 2.9775,0.2795,41022.2383 , 213.6856,79.7077,<LOD,0.0000,0.0000,43977.1797 , 6205.1826,0.1108,761.4543 , 32.9966,1.5208,<LOD,1.1589,3.8314,5.0187 , 0.6381,2.4800,27.9656 , 5.5321,0.2375,1040.2548 , 207.9430,0.2230,8.4138 , 1.0501,0.2779,<LOD,1.5854,0.5255,<LOD,0.0000,0.0000,,,,1257.8549 , 57.1151,0.5893,<LOD,5.0131,3.7108,<LOD,0.9595,0.1812,360341.5625 , 938.3099,24.5580,18.9714 , 2.7470,3.1700,<LOD,0.0000,0.0000,,,,6077.9019 , 48.1455,14.4205,144.9502 , 13.1090,2.6165,<LOD,8.0937,0.1857,19.7009 , 0.7765,2.3089,52.7647 , 3.1568,0.5766,110.3263 , 1.4225,10.3905,<LOD,1.5426,0.2098,331534.5625 , 8315.5713,<LOD,4.5222,0.1993,45.2739 , 1.1794,1.8593,294.0591 , 1.7864,14.1181,4.1719 , 0.8888,0.2951,3.6460 , 1.1336,0.5013,448.1294 , 25.6669,15.9141,40506.4922 , 246.7076,37.8016,<LOD,55.8035,0.7464,11523.5713 , 148.4797,5.0090,,,,,,9,397.899994,39.004524,-122.671028,10.000000,528484.312500,4317330.000000,
599,Mining,120.79,30.28,30.24,30.21,30.06,"Thu May 7, 2026 - 12:01:39",User,1.5,ppm,,,,,,,,,Mining,,,,,,,,,,,,<LOD,1.7558,0.6705,134386.3438 , 2143.3564,2.0964,<LOD,3.3687,0.0857,<LOD,1.3846,0.1062,<LOD,2.6106,1.2020,<LOD,63.1269,14.0295,83.4298 , 5.8623,2.6036,8.6966 , 2.9289,0.2781,46251.4023 , 198.5785,93.4527,<LOD,0.0000,0.0000,29041.9141 , 5464.4609,0.0898,1186.0320 , 37.8770,2.1755,<LOD,1.1410,3.8282,4.9001 , 0.6332,2.5213,34.1128 , 5.5395,0.2257,993.1431 , 199.3864,0.2253,7.7431 , 1.0163,0.2673,<LOD,1.5341,0.4713,<LOD,0.0000,0.0000,,,,2001.6111 , 62.1078,0.8003,<LOD,4.9929,3.5597,<LOD,0.8877,0.1566,321224.0312 , 821.3168,21.7558,12.6243 , 2.6962,2.9102,<LOD,0.0000,0.0000,,,,5862.9810 , 43.1989,14.4714,130.7192 , 12.0447,2.5878,<LOD,7.6958,0.1720,16.8679 , 0.7422,2.1680,50.2179 , 3.0749,0.5633,102.5710 , 1.3420,9.8994,<LOD,1.4803,0.1959,410802.0000 , 7012.9932,<LOD,3.4355,0.1838,41.6923 , 1.1222,1.7410,275.3797 , 1.6189,13.4101,3.2627 , 0.8055,0.2522,2.5817 , 1.0915,0.4755,391.5878 , 25.1432,14.6994,36299.6836 , 213.8119,35.1360,<LOD,53.0627,0.7711,10784.5068 , 135.2190,4.8318,,,,,,7,397.000000,39.004517,-122.671043,10.000000,528483.000000,4317329.500000,
600,Mining,125.98,35.49,30.01,30.23,30.25,"Thu May 7, 2026 - 12:04:01",User,1.5,ppm,,,,,,,,,Mining,,,,,,,,,,,,<LOD,1.7439,0.6596,130797.6875 , 2231.0413,2.0446,<LOD,3.5403,0.0891,<LOD,1.4793,0.1140,<LOD,2.5776,1.1627,<LOD,63.7800,13.2482,69.9481 , 5.7268,2.4506,6.1763 , 2.9258,0.2601,44250.5977 , 195.2972,87.1691,<LOD,0.0000,0.0000,32663.1270 , 5704.4448,0.0929,1013.4274 , 36.7418,1.8861,<LOD,1.1605,3.7238,4.5878 , 0.6467,2.4728,25.5738 , 5.5704,0.2149,1005.4093 , 204.1784,0.2198,8.4475 , 1.0559,0.2711,<LOD,1.5147,0.4576,<LOD,0.0000,0.0000,,,,1829.0590 , 62.3534,0.7460,<LOD,4.9656,3.4894,<LOD,0.9227,0.1583,325832.8750 , 838.6707,21.5604,17.5011 , 2.7246,2.9871,<LOD,0.0000,0.0000,,,,5651.7710 , 42.3620,13.6415,138.3584 , 11.8838,2.4941,<LOD,7.9323,0.1717,16.4882 , 0.7539,2.1048,51.2140 , 3.1683,0.5612,97.7493 , 1.3447,9.3945,<LOD,1.5109,0.1862,409030.3750 , 7362.1392,<LOD,2.7657,0.1650,40.4283 , 1.1423,1.6887,267.2100 , 1.6235,12.8241,3.4758 , 0.8516,0.2625,4.1155 , 1.1329,0.4826,374.8165 , 25.0768,14.5099,36009.4961 , 212.3299,34.1213,<LOD,54.5438,0.7559,10790.1025 , 134.6460,4.7247,,,,,,8,395.500000,39.004486,-122.671097,10.000000,528478.437500,4317326.000000,
601,Mining,126.20,35.69,30.19,30.11,30.21,"Thu May 7, 2026 - 12:08:20",User,1.5,ppm,,,,,,,,,Mining,,,,,,,,,,,,<LOD,1.6868,0.6544,137815.1250 , 2083.1567,2.1536,<LOD,3.2508,0.0831,<LOD,1.3561,0.1065,<LOD,2.5538,1.2228,<LOD,63.0525,14.6019,78.1340 , 6.1152,2.7868,8.7917 , 2.9146,0.2876,46164.2656 , 208.4097,97.4999,<LOD,0.0000,0.0000,32827.5898 , 5456.7310,0.0955,934.7487 , 34.8329,1.9145,<LOD,1.1337,3.9489,3.9291 , 0.6247,2.5565,33.9249 , 5.4792,0.2268,1109.9227 , 199.3566,0.2431,5.3378 , 0.9591,0.2482,<LOD,1.5087,0.4842,<LOD,0.0000,0.0000,,,,1889.1360 , 60.4476,0.8001,<LOD,4.8479,3.5516,<LOD,0.8766,0.1605,321510.1875 , 843.5906,22.8312,15.8148 , 2.6418,2.9733,<LOD,0.0000,0.0000,,,,5835.2036 , 44.4843,14.9838,152.5998 , 12.5378,2.7647,<LOD,7.9937,0.1946,15.6460 , 0.7267,2.1700,48.5238 , 3.0380,0.5739,98.1313 , 1.3262,10.0426,<LOD,1.4177,0.1919,402595.1250 , 6860.1606,<LOD,2.8964,0.1913,39.5265 , 1.1069,1.7544,271.4896 , 1.6284,13.8500,3.7415 , 0.7987,0.2626,3.7479 , 1.1033,0.5079,343.0381 , 24.2823,14.3888,37398.5898 , 225.9312,37.8882,<LOD,51.9756,0.7806,10797.6709 , 140.1959,5.0888,,,,,,4,395.500000,39.004501,-122.671074,10.000000,528480.562500,4317327.500000,
602,Mining,120.99,30.33,30.05,30.29,27.87,"Thu May 7, 2026 - 12:10:40",User,1.5,ppm,,,,,,,,,Mining,,,,,,,,,,,,<LOD,1.7522,0.6511,131186.0312 , 2260.7561,2.0543,<LOD,3.2413,0.0770,<LOD,1.3936,0.1054,<LOD,2.6513,1.2141,<LOD,65.3615,15.3421,73.1489 , 6.3446,2.7146,10.2375 , 2.9877,0.2845,51611.9062 , 219.4957,104.3818,<LOD,0.0000,0.0000,21935.9961 , 5800.9648,0.0820,1154.2300 , 37.4489,2.1759,<LOD,1.1405,3.7208,5.2624 , 0.6400,2.5152,48.6117 , 5.6865,0.2226,932.0728 , 215.9374,0.2237,8.5184 , 1.0399,0.2739,<LOD,1.5514,0.4715,<LOD,0.0000,0.0000,,,,1564.3254 , 63.4708,0.7023,<LOD,5.0156,3.4770,<LOD,0.9161,0.1684,321012.2812 , 877.9132,21.9131,16.3742 , 2.7442,2.9518,<LOD,0.0000,0.0000,,,,5848.4194 , 45.4757,14.4133,155.2211 , 12.9662,2.6788,<LOD,7.8280,0.1749,19.0723 , 0.7632,2.2404,46.7936 , 3.0187,0.5330,101.8951 , 1.3465,9.6638,<LOD,1.4902,0.1899,414059.4375 , 7294.3691,<LOD,3.8181,0.1840,41.5171 , 1.1193,1.6906,277.9439 , 1.6436,13.2412,2.2158 , 0.7921,0.2321,1.9747 , 1.0848,0.4583,354.5152 , 25.2191,14.1922,38561.5117 , 232.0766,37.3688,<LOD,57.0877,0.7605,10970.4932 , 144.7109,4.9779,,,,,,8,395.700012,39.004505,-122.671059,10.000000,528481.562500,4317328.000000,
603,Mining,126.45,35.73,30.26,30.30,30.16,"Thu May 7, 2026 - 12:14:23",User,1.5,ppm,,,,,,,,,Mining,,,,,,,,,,,,<LOD,1.7340,0.6859,153568.5781 , 2126.2280,2.3940,<LOD,3.4139,0.0897,<LOD,1.4425,0.1185,<LOD,2.5964,1.2505,<LOD,74.3519,24.9987,45.9018 , 6.8026,3.2146,9.0177 , 2.9892,0.3015,75420.4688 , 340.3646,178.6975,<LOD,0.0000,0.0000,37045.9258 , 5774.3579,0.1046,2188.8545 , 47.1104,4.3482,<LOD,1.1376,3.7854,3.7178 , 0.6314,2.4982,103.3427 , 6.3796,0.2337,860.5525 , 190.4787,0.2459,9.3435 , 1.0623,0.2977,<LOD,1.5322,0.4953,<LOD,0.0000,0.0000,,,,1981.0724 , 59.8074,0.8887,<LOD,4.9305,3.6218,<LOD,0.9019,0.1659,318596.3438 , 888.8057,25.2409,16.5739 , 2.6738,2.9919,<LOD,0.0000,0.0000,,,,4937.0322 , 44.9204,14.2094,143.0857 , 13.0236,2.7429,<LOD,7.6358,0.1743,16.4534 , 0.7378,2.1474,53.6349 , 3.1300,0.6035,93.3119 , 1.3301,9.4563,<LOD,1.4875,0.1916,359823.9062 , 6902.1445,<LOD,4.4289,0.1873,36.3733 , 1.0901,1.6200,263.9400 , 1.6876,13.2465,<LOD,1.6291,0.2232,4.4079 , 1.1154,0.5016,388.6570 , 24.8961,14.7823,35545.5508 , 243.3606,40.1523,<LOD,50.2568,0.8265,8843.9170 , 142.3495,4.7610,,,,,,7,401.500000,39.004570,-122.671036,10.000000,528483.687500,4317335.000000,
604,Mining,120.14,30.34,30.28,30.11,29.41,"Thu May 7, 2026 - 12:16:44",User,1.5,ppm,,,,,,,,,Mining,,,,,,,,,,,,<LOD,1.5756,0.7095,158722.0156 , 2131.9373,2.4689,<LOD,3.0684,0.0906,<LOD,1.3008,0.1198,<LOD,2.3572,1.2912,<LOD,59.0952,15.5576,83.8986 , 6.0317,2.9883,4.9381 , 2.6101,0.2818,45352.3438 , 229.2393,103.5041,<LOD,0.0000,0.0000,38658.4297 , 5560.2666,0.1072,911.9870 , 32.6213,2.0218,<LOD,1.0568,4.1940,3.8411 , 0.5842,2.7311,29.9191 , 5.0725,0.2341,908.6196 , 201.3937,0.2589,6.1526 , 0.9105,0.2738,<LOD,1.3818,0.5028,<LOD,0.0000,0.0000,,,,1620.2930 , 57.8574,0.7687,<LOD,4.5010,3.8191,<LOD,0.8232,0.1738,329986.3438 , 922.2833,25.7225,12.7234 , 2.4295,3.1039,<LOD,0.0000,0.0000,,,,6016.9995 , 46.0677,16.6895,155.9355 , 12.5406,3.0585,<LOD,6.9768,0.1805,17.4114 , 0.6951,2.4222,47.5664 , 2.8101,0.5995,96.7776 , 1.2652,10.7635,<LOD,1.7776,0.2253,364712.9688 , 6761.4971,<LOD,2.4801,0.1825,38.3976 , 1.0378,1.8617,271.5182 , 1.6224,15.0215,2.6171 , 0.7421,0.2680,4.2929 , 1.0395,0.5522,313.8845 , 22.3755,14.9826,40809.3945 , 243.1087,44.7283,<LOD,51.3711,0.8047,11210.7275 , 141.3750,5.7238,,,,,,5,401.100006,39.004566,-122.671036,10.000000,528484.000000,4317335.000000,
605,Mining,120.32,30.12,30.00,30.16,28.80,"Thu May 7, 2026 - 12:20:31",User,1.5,ppm,,,,,,,,,Mining,,,,,,,,,,,,<LOD,1.5781,0.6886,168261.2656 , 2286.5254,2.6158,<LOD,3.3416,0.1024,<LOD,1.3625,0.1254,<LOD,2.4091,1.3114,<LOD,63.1540,17.8009,87.6092 , 6.2238,3.1489,8.1615 , 2.7572,0.3013,51376.4414 , 275.5121,119.0060,<LOD,0.0000,0.0000,42706.9609 , 5937.5112,0.1140,1524.3306 , 40.1315,3.0396,<LOD,1.0860,4.1652,4.0921 , 0.5981,2.6951,41.0002 , 5.5114,0.2629,907.1514 , 205.8556,0.2616,8.4446 , 0.9886,0.3073,<LOD,1.4621,0.5506,<LOD,0.0000,0.0000,,,,2061.7886 , 63.0109,0.8878,<LOD,4.5866,3.8503,<LOD,0.8982,0.1973,342086.2500 , 991.6768,27.4746,17.9118 , 2.4922,3.1841,<LOD,0.0000,0.0000,,,,5965.6895 , 47.4163,16.8389,138.3714 , 12.5961,3.0352,<LOD,7.6900,0.2102,17.9405 , 0.7224,2.4672,58.1876 , 3.0663,0.6809,100.9236 , 1.3351,11.0482,<LOD,1.4029,0.2062,330789.7812 , 7176.5923,<LOD,3.7122,0.2135,43.1113 , 1.1115,2.0231,289.8748 , 1.7785,15.7677,2.9629 , 0.7821,0.2845,4.3522 , 1.0812,0.5667,329.6708 , 22.8604,15.0962,41774.4414 , 254.7838,46.4461,<LOD,52.6840,0.8061,11393.2510 , 144.8748,5.9342,,,,,,11,400.399994,39.004562,-122.671028,10.000000,528484.562500,4317334.500000,
606,Mining,120.49,30.10,30.05,30.28,28.56,"Thu May 7, 2026 - 12:22:58",User,1.5,ppm,,,,,,,,,Mining,,,,,,,,,,,,<LOD,1.7896,0.7300,154795.7812 , 2025.8549,2.4161,<LOD,3.2100,0.0953,<LOD,1.3612,0.1264,<LOD,2.4139,1.3252,<LOD,66.7494,21.6125,67.8710 , 6.0515,3.1212,6.9188 , 2.7352,0.3010,60339.9453 , 291.2935,146.6896,<LOD,0.0000,0.0000,40695.8359 , 5603.4126,0.1092,1496.7067 , 39.3937,3.2207,<LOD,1.0908,4.2478,4.7237 , 0.6057,2.7971,48.8620 , 5.6554,0.2459,967.7245 , 197.7209,0.2764,8.6871 , 0.9990,0.3168,<LOD,1.4090,0.5109,<LOD,0.0000,0.0000,,,,1671.5585 , 56.9114,0.8191,<LOD,4.5484,3.7711,<LOD,0.8703,0.1877,314716.1875 , 904.8672,25.8311,17.5930 , 2.4842,3.1730,<LOD,0.0000,0.0000,,,,5883.5537 , 45.9664,17.4537,159.1699 , 12.6479,3.2363,<LOD,7.3967,0.1965,17.2375 , 0.7176,2.4538,57.8050 , 3.0479,0.6833,97.6234 , 1.3031,10.8267,<LOD,1.4570,0.2353,367161.2812 , 6585.6143,<LOD,3.5923,0.2061,42.5078 , 1.0996,2.0093,277.8576 , 1.6863,15.2767,3.5526 , 0.7901,0.2953,3.7842 , 1.0658,0.5541,345.6400 , 22.8766,15.2508,39623.5781 , 241.2634,46.2851,<LOD,49.4399,0.8199,11487.9941 , 143.9070,6.2102,,,,,,9,399.899994,39.004562,-122.671021,10.000000,528485.000000,4317334.500000,
607,Mining,120.74,30.24,30.04,30.13,30.33,"Thu May 7, 2026 - 12:26:33",User,1.5,ppm,,,,,,,,,Mining,,,,,,,,,,,,<LOD,1.6711,0.6559,136419.9219 , 2184.2097,2.1224,<LOD,3.2915,0.0843,<LOD,1.3384,0.1023,<LOD,2.5395,1.2333,<LOD,62.2719,13.8665,64.7862 , 6.1393,2.6263,7.0333 , 2.8510,0.2712,44481.9102 , 204.0231,91.7277,<LOD,0.0000,0.0000,36133.9883 , 5685.7490,0.0984,813.7690 , 33.2384,1.6930,<LOD,1.1171,3.7946,4.1865 , 0.6223,2.5195,20.1912 , 5.2503,0.1961,949.4927 , 204.4869,0.2347,7.0421 , 0.9952,0.2640,<LOD,1.4544,0.4571,<LOD,0.0000,0.0000,,,,1490.4036 , 58.3963,0.6917,<LOD,4.8154,3.5499,<LOD,0.8724,0.1563,308857.9688 , 845.1910,21.2700,13.6413 , 2.6333,3.0130,<LOD,0.0000,0.0000,,,,5614.9839 , 44.5948,14.1016,158.4093 , 12.6973,2.6591,<LOD,7.5705,0.1718,15.2454 , 0.7203,2.1075,45.0818 , 2.9649,0.5390,93.8848 , 1.3020,9.5754,<LOD,1.4619,0.1994,413321.7500 , 7170.3218,<LOD,2.6723,0.1703,38.4496 , 1.0842,1.6686,265.9681 , 1.6094,13.3632,4.2843 , 0.8017,0.2654,2.1218 , 1.0653,0.4674,338.8354 , 24.2553,14.5976,39692.4453 , 236.1898,39.2047,<LOD,53.4300,0.7757,11144.1807 , 144.5533,5.1243,,,,,,8,400.700012,39.004520,-122.671021,10.000000,528485.187500,4317329.500000,
608,Mining,120.57,30.24,30.13,30.13,29.42,"Thu May 7, 2026 - 12:28:52",User,1.5,ppm,,,,,,,,,Mining,,,,,,,,,,,,<LOD,1.7025,0.6908,142279.4688 , 2272.2507,2.2113,<LOD,3.2929,0.0901,<LOD,1.3898,0.1174,<LOD,2.5099,1.2126,<LOD,58.8047,12.6982,63.1739 , 5.9381,2.5570,<LOD,4.4026,0.2459,40449.5781 , 198.8463,84.0372,<LOD,0.0000,0.0000,40582.0078 , 5844.7383,0.1044,752.0834 , 31.8481,1.5905,<LOD,1.0685,3.8000,3.7682 , 0.5924,2.5141,25.4271 , 5.1335,0.2170,913.7797 , 203.3190,0.2255,5.5087 , 0.9370,0.2487,<LOD,1.4649,0.4693,<LOD,0.0000,0.0000,,,,1079.4231 , 54.7098,0.5783,<LOD,4.8325,3.6475,<LOD,0.8540,0.1577,319524.2812 , 889.5389,22.2654,14.6968 , 2.6323,3.0554,<LOD,0.0000,0.0000,,,,5575.4478 , 44.3372,14.1236,144.0576 , 12.3444,2.6161,<LOD,7.3788,0.1731,14.3962 , 0.6943,2.0861,43.9234 , 2.8811,0.5396,92.8181 , 1.2763,9.7035,<LOD,1.3923,0.1952,398191.5312 , 7356.8823,<LOD,3.4923,0.1915,36.7231 , 1.0454,1.6434,261.6526 , 1.5934,13.4992,3.5036 , 0.7989,0.2699,<LOD,2.5608,0.4686,374.5767 , 24.4141,15.1685,38552.1055 , 232.9064,38.2245,<LOD,54.1866,0.7644,11016.0938 , 142.2365,5.1114,,,,,,9,400.100006,39.004524,-122.671021,10.000000,528485.000000,4317330.000000,
609,Mining,120.43,30.18,30.01,30.23,30.01,"Thu May 7, 2026 - 12:32:16",User,1.5,ppm,,,,,,,,,Mining,,,,,,,,,,,,<LOD,1.6910,0.6963,158397.0312 , 2293.6726,2.4531,<LOD,3.1552,0.0785,<LOD,1.4114,0.1161,<LOD,2.5623,1.2998,<LOD,64.4838,15.7537,68.4284 , 6.3605,2.8154,7.2236 , 2.8545,0.2783,49396.6680 , 239.4615,105.2894,<LOD,0.0000,0.0000,36563.5547 , 5718.4565,0.1041,966.2382 , 35.1833,2.0089,<LOD,1.1231,3.8665,3.5650 , 0.6182,2.4997,34.9724 , 5.5311,0.2235,1098.7505 , 207.0450,0.2660,6.9870 , 0.9958,0.2693,<LOD,1.5163,0.5184,<LOD,0.0000,0.0000,,,,934.7420 , 50.6595,0.5453,<LOD,4.8887,3.8037,<LOD,0.8734,0.1621,331539.2188 , 892.4694,24.2883,11.7035 , 2.6487,3.1485,<LOD,0.0000,0.0000,,,,5748.8013 , 46.4324,14.8908,156.4759 , 13.0157,2.7842,<LOD,7.8997,0.1915,15.3539 , 0.7192,2.1269,46.2780 , 2.9782,0.5556,96.6663 , 1.3262,9.8591,<LOD,1.4531,0.1994,360442.8125 , 7246.9961,<LOD,2.8626,0.1881,38.3675 , 1.0985,1.7166,268.2941 , 1.6625,13.6258,4.1408 , 0.8250,0.2790,4.8819 , 1.1118,0.5183,398.3496 , 24.8297,15.9125,42165.2734 , 252.3263,43.1010,<LOD,52.5737,0.7978,11585.1865 , 150.4640,5.5822,,,,,,8,400.100006,39.004528,-122.671021,10.000000,528484.875000,4317330.500000,
610,Mining,120.80,30.30,30.17,30.06,30.27,"Thu May 7, 2026 - 12:34:44",User,1.5,ppm,,,,,,,,,Mining,,,,,,,,,,,,<LOD,1.9518,0.7344,147426.7031 , 1995.5585,2.2918,<LOD,3.2166,0.0885,<LOD,1.3172,0.1093,<LOD,2.4600,1.2756,<LOD,64.0653,16.9361,61.7835 , 6.0469,2.8522,<LOD,5.0185,0.2633,50017.7227 , 229.2772,113.1036,<LOD,0.0000,0.0000,34167.3320 , 5304.1392,0.0993,975.5245 , 34.7731,2.1410,<LOD,1.0990,4.0154,3.2982 , 0.6085,2.6301,32.7749 , 5.4491,0.2291,913.4127 , 189.5312,0.2460,6.5172 , 0.9693,0.2758,<LOD,1.4124,0.4755,<LOD,0.0000,0.0000,,,,816.2341 , 47.7379,0.5416,<LOD,4.7139,3.7970,<LOD,0.8736,0.1750,306174.7500 , 838.1423,23.1621,18.1145 , 2.5719,3.1841,<LOD,0.0000,0.0000,,,,5693.2656 , 44.2395,15.5579,144.6515 , 12.4268,2.8491,<LOD,7.4227,0.1822,16.0727 , 0.7175,2.2953,46.3953 , 2.9240,0.5797,95.8261 , 1.2995,10.3632,<LOD,1.4258,0.2101,400509.8438 , 6507.7070,<LOD,3.2372,0.1958,38.8742 , 1.0789,1.8084,267.7429 , 1.6155,14.3773,3.3626 , 0.7734,0.2662,2.9101 , 1.0671,0.5158,358.2394 , 23.6347,15.3551,40994.0469 , 240.9104,44.5107,<LOD,49.8017,0.8126,11214.6426 , 144.1607,5.7117,,,,,,7,400.000000,39.004532,-122.671021,10.000000,528485.187500,4317331.000000,
611,Mining,120.67,30.12,30.24,30.22,28.26,"Thu May 7, 2026 - 12:37:47",User,1.5,ppm,,,,,,,,,Mining,,,,,,,,,,,,<LOD,2.1329,0.7815,162922.1719 , 2286.6765,2.5268,<LOD,3.4065,0.0988,<LOD,1.3690,0.1172,<LOD,2.5402,1.3764,<LOD,64.3060,16.8313,82.9126 , 6.5540,3.1282,11.1117 , 2.9214,0.3133,49368.8359 , 260.4470,111.6159,<LOD,0.0000,0.0000,41334.2344 , 5917.0698,0.1108,1039.6975 , 35.8865,2.2340,<LOD,1.1315,4.2097,4.7687 , 0.6231,2.7249,38.3922 , 5.6501,0.2625,1041.3727 , 206.5080,0.2633,9.7183 , 1.0485,0.3209,<LOD,1.4832,0.5315,<LOD,0.0000,0.0000,,,,702.4026 , 49.2642,0.5043,<LOD,4.7911,3.9131,<LOD,0.9011,0.1830,327860.5625 , 957.0499,25.5597,13.8345 , 2.6125,3.2916,<LOD,0.0000,0.0000,,,,6433.7925 , 50.4746,17.6527,155.5738 , 13.5921,3.1857,<LOD,7.4954,0.1843,18.2789 , 0.7492,2.4691,50.4043 , 3.0208,0.6135,107.8107 , 1.4032,11.4372,<LOD,1.5358,0.2407,351744.5312 , 7255.7603,<LOD,3.5465,0.2003,43.0435 , 1.1381,1.9830,294.2734 , 1.8075,15.8042,3.9834 , 0.8111,0.2930,3.1553 , 1.1003,0.5444,363.1569 , 24.2466,16.1098,43697.6953 , 266.1663,47.6451,<LOD,53.2512,0.8108,12654.2461 , 157.2119,6.4267,,,,,,7,396.299988,39.004513,-122.670998,10.000000,528486.937500,4317329.000000,
612,Mining,126.30,35.77,30.21,30.18,30.14,"Thu May 7, 2026 - 12:40:14",User,1.5,ppm,,,,,,,,,Mining,,,,,,,,,,,,<LOD,1.5841,0.7391,162821.4688 , 2000.1016,2.5216,<LOD,2.9757,0.0890,<LOD,1.3180,0.1285,<LOD,2.3860,1.3637,<LOD,60.0311,17.1752,75.6763 , 6.2494,3.1205,9.5901 , 2.7017,0.3164,48078.5625 , 235.9580,114.4861,<LOD,0.0000,0.0000,40117.6602 , 5287.4907,0.1093,993.3194 , 33.3643,2.2635,<LOD,1.0491,4.3174,4.0088 , 0.5793,2.8053,30.7393 , 5.1078,0.2398,707.7486 , 183.1146,0.2443,7.1961 , 0.9276,0.2971,<LOD,1.4013,0.5340,<LOD,0.0000,0.0000,,,,676.9550 , 44.3615,0.5009,<LOD,4.5488,3.9997,<LOD,0.7995,0.1707,312859.7188 , 876.6995,25.1122,11.2899 , 2.4578,3.2693,<LOD,0.0000,0.0000,,,,5963.1543 , 47.2478,17.3259,160.6633 , 13.0507,3.2179,<LOD,7.0834,0.1948,16.8648 , 0.6900,2.4868,52.4591 , 2.8776,0.6574,96.2199 , 1.2544,11.0620,<LOD,1.3637,0.2253,373263.9375 , 6382.1064,<LOD,3.2205,0.2072,40.5867 , 1.0435,1.9818,273.5305 , 1.6134,15.5830,2.4330 , 0.7469,0.2811,2.4592 , 1.0093,0.5419,322.5991 , 22.7328,15.9202,41450.3672 , 250.3135,47.3676,<LOD,47.7668,0.7992,11960.8232 , 149.8892,6.3521,,,,,,10,385.200012,39.004658,-122.670807,10.000000,528503.312500,4317345.000000,
613,Mining,120.77,30.16,30.23,30.29,30.09,"Thu May 7, 2026 - 12:43:25",User,1.5,ppm,,,,,,,,,Mining,,,,,,,,,,,,<LOD,1.5440,0.7126,154204.1094 , 2117.2771,2.3889,<LOD,3.1230,0.0925,<LOD,1.2838,0.1145,<LOD,2.3170,1.3022,<LOD,57.4025,13.9158,72.4188 , 5.7306,2.7641,<LOD,5.1140,0.2655,40923.3633 , 202.5899,91.3484,<LOD,0.0000,0.0000,35156.0195 , 5426.7217,0.1009,733.6871 , 30.6443,1.6874,<LOD,1.0525,4.0993,3.7654 , 0.5861,2.7186,18.6989 , 4.9207,0.2210,822.5504 , 191.9281,0.2276,6.9926 , 0.9376,0.2855,<LOD,1.3440,0.4966,<LOD,0.0000,0.0000,,,,451.1674 , 45.2938,0.4306,<LOD,4.4345,3.8565,<LOD,0.8190,0.1668,316894.5000 , 887.2184,23.7019,13.2808 , 2.4123,3.2157,<LOD,0.0000,0.0000,,,,5551.8921 , 42.9641,15.0967,140.9122 , 11.8195,2.7760,<LOD,7.1503,0.1861,15.6701 , 0.6866,2.3313,47.4677 , 2.8367,0.5987,96.0233 , 1.2594,10.6876,<LOD,1.5195,0.2264,393513.8750 , 6710.4526,<LOD,2.5405,0.1880,38.8430 , 1.0422,1.8640,267.7332 , 1.5843,14.7999,4.3275 , 0.7667,0.2953,3.2351 , 1.0297,0.5330,334.7142 , 22.2670,15.6533,39252.6562 , 230.8020,41.9501,<LOD,51.6097,0.7883,11432.1475 , 139.2018,5.6640,,,,,,7,390.000000,39.004494,-122.671112,10.000000,528477.562500,4317326.500000,
614,Mining,120.48,30.04,30.17,30.07,29.61,"Thu May 7, 2026 - 12:45:49",User,1.5,ppm,,,,,,,,,Mining,,,,,,,,,,,,<LOD,1.8444,0.7521,152960.5625 , 2077.0767,2.3714,<LOD,3.0922,0.0939,<LOD,1.2699,0.1167,<LOD,2.3633,1.3195,<LOD,56.7696,14.1737,67.9393 , 5.5174,2.7198,5.8796 , 2.6006,0.2851,40805.7070 , 199.7112,92.1593,<LOD,0.0000,0.0000,32469.3516 , 5354.0981,0.0979,761.5063 , 30.5321,1.7434,<LOD,1.0366,4.1514,3.6067 , 0.5750,2.7271,10.3693 , 4.7798,0.2102,899.9291 , 194.7036,0.2351,7.0448 , 0.9282,0.2910,<LOD,1.3865,0.5144,<LOD,0.0000,0.0000,,,,374.6655 , 45.3283,0.4252,<LOD,4.4970,3.8646,<LOD,0.8487,0.1919,313343.5312 , 883.1111,23.6135,16.6547 , 2.4560,3.2473,<LOD,0.0000,0.0000,,,,5523.2207 , 41.8609,15.1910,128.5194 , 11.4085,2.7437,<LOD,6.6326,0.1661,14.5454 , 0.6663,2.2851,45.2313 , 2.7494,0.5857,94.4692 , 1.2330,10.6822,<LOD,1.3376,0.2050,401479.5938 , 6567.0449,<LOD,3.8256,0.2034,38.3431 , 1.0200,1.8591,265.5511 , 1.5547,14.8631,3.4397 , 0.7434,0.2834,2.7332 , 1.0081,0.5316,313.1747 , 22.3908,15.3020,38966.3203 , 225.2943,42.1378,<LOD,51.4179,0.7838,11398.0713 , 135.6527,5.7000,,,,,,4,404.100006,39.004333,-122.671539,10.000000,528440.062500,4317309.000000,
615,Mining,13.40,13.40,,,,"Thu May 7, 2026 - 14:14:40",User,1.5,ppm,,,,,,,,,Mining,,,,,,,,,,,,<LOD,12.1790,26.0625,,,,<LOD,5.8886,0.0769,<LOD,2.8863,0.1361,<LOD,13.1925,25.5214,<LOD,107.6949,12.1312,79.7360 , 49.6219,0.4580,9.8101 , 5.3373,0.2682,43859.2227 , 215.3500,77.8249,<LOD,0.0000,0.0000,,,,715.2425 , 55.7756,1.3861,<LOD,2.0046,3.6170,3.5201 , 1.1095,2.3785,<LOD,19.3676,0.1938,,,,11.5106 , 1.9143,0.2799,<LOD,13.2472,27.0591,<LOD,0.0000,0.0000,,,,,,,<LOD,23.0578,26.7448,<LOD,1.5844,0.1484,,,,<LOD,15.9921,22.5776,<LOD,0.0000,0.0000,,,,6519.7812 , 294.6458,2.2503,<LOD,236.6045,0.7366,<LOD,13.3013,0.1497,16.2652 , 1.3192,2.0418,65.1021 , 5.6960,0.5645,101.1409 , 2.3146,9.3341,<LOD,2.7327,0.1880,948305.7500 , 610.7095,<LOD,4.5702,0.1390,39.4326 , 1.9512,1.5809,273.4675 , 2.6022,12.5573,<LOD,2.2631,0.2298,<LOD,3.5503,0.4274,,,,,,,,,,,,,,,,,,8,445.600006,39.000633,-122.662964,10.000000,529184.500000,4316901.000000,
616,Mining,120.88,30.13,30.21,30.28,28.16,"Thu May 7, 2026 - 14:18:36",User,1.5,ppm,,,,,,,,,Mining,,,,,,,,,,,,2.1677 , 1.1045,0.7067,88792.9688 , 1611.3207,1.4123,<LOD,3.0991,0.0819,<LOD,1.3740,0.1188,<LOD,2.4021,1.1982,<LOD,59.6361,13.8646,56.4259 , 5.4828,2.3926,9.7998 , 2.8400,0.2959,42511.9648 , 171.9588,90.2641,<LOD,0.0000,0.0000,38329.8750 , 5311.0859,0.0896,709.7922 , 30.8840,1.5902,<LOD,1.0980,4.0631,2.9879 , 0.6067,2.6401,14.6713 , 5.1168,0.2133,977.3494 , 188.4140,0.2164,5.6094 , 0.9323,0.2551,<LOD,1.3400,0.4169,<LOD,0.0000,0.0000,,,,148.1386 , 40.9891,0.3407,<LOD,4.5086,3.3882,<LOD,0.8564,0.1693,233633.3594 , 732.1715,15.4538,7.8944 , 2.4286,2.7411,<LOD,0.0000,0.0000,,,,5768.3359 , 41.6148,14.8262,112.6301 , 11.6845,2.5755,<LOD,7.2469,0.1728,16.8232 , 0.7001,2.2183,47.0581 , 2.9086,0.5711,93.2407 , 1.2533,10.0227,<LOD,1.3865,0.2007,538284.2500 , 6207.4697,<LOD,2.6363,0.1856,28.9768 , 0.9647,1.4120,276.8724 , 1.5391,14.4222,1.7088 , 0.7578,0.2397,3.9280 , 1.0685,0.5193,214.4742 , 21.9845,12.5379,39730.0742 , 218.1971,40.2439,<LOD,49.5577,0.7186,10218.6230 , 131.9936,4.8965,,,,,,5,445.299988,39.000580,-122.662849,10.000000,529194.375000,4316895.000000,
617,Mining,120.36,30.12,30.10,30.04,30.10,"Thu May 7, 2026 - 14:20:59",User,1.5,ppm,,,,,,,,,Mining,,,,,,,,,,,,<LOD,2.5436,0.6861,81816.6250 , 1485.5599,1.2993,<LOD,3.0831,0.0757,<LOD,1.3015,0.0992,<LOD,2.4886,1.2313,<LOD,60.6536,13.3697,55.1600 , 5.2437,2.2514,9.2536 , 2.8942,0.2863,42250.6484 , 160.2514,86.8711,<LOD,0.0000,0.0000,37124.0508 , 4971.9067,0.0854,714.8953 , 31.6138,1.5534,<LOD,1.1192,3.9455,4.1756 , 0.6258,2.6380,16.6107 , 5.2760,0.2163,942.5016 , 172.5669,0.1951,6.4709 , 0.9717,0.2589,<LOD,1.3851,0.4250,<LOD,0.0000,0.0000,,,,268.2651 , 40.5819,0.3692,<LOD,4.6284,3.4110,<LOD,0.8324,0.1478,219034.5625 , 665.8341,13.7429,7.3522 , 2.4828,2.7239,<LOD,0.0000,0.0000,,,,5393.1523 , 38.7927,13.4581,97.0398 , 10.9598,2.3148,<LOD,6.8782,0.1441,15.8078 , 0.7069,2.1107,46.6670 , 2.9561,0.5505,95.2530 , 1.2766,9.8321,<LOD,1.4412,0.2014,564894.6875 , 5895.8496,<LOD,2.7669,0.1709,29.9691 , 0.9854,1.3891,273.6463 , 1.5240,13.8187,3.6028 , 0.7690,0.2479,2.7479 , 1.0696,0.4853,250.8286 , 22.6574,12.8577,36885.5625 , 203.0747,36.3832,<LOD,46.0164,0.6734,9760.4707 , 125.8784,4.5165,,,,,,4,439.700012,39.000465,-122.662827,10.000000,529196.250000,4316882.500000,
618,Mining,126.06,35.50,30.01,30.30,30.25,"Thu May 7, 2026 - 14:25:16",User,1.5,ppm,,,,,,,,,Mining,,,,,,,,,,,,<LOD,1.8422,0.5944,65159.2305 , 1742.0248,1.0484,<LOD,3.3916,0.0668,<LOD,1.4035,0.0839,<LOD,2.6925,1.0259,<LOD,60.3432,9.0473,49.9498 , 5.6516,1.8086,7.4729 , 3.0751,0.2337,35352.5000 , 132.7065,58.1664,<LOD,0.0000,0.0000,28767.0859 , 5699.4712,0.0721,576.2391 , 31.6599,1.0615,<LOD,1.1494,3.1305,1.9511 , 0.6355,2.0544,<LOD,10.5286,0.1609,945.8003 , 205.4496,0.1694,4.5776 , 0.9909,0.1954,<LOD,1.5971,0.4102,<LOD,0.0000,0.0000,,,,133.6353 , 48.2363,0.3247,<LOD,5.2122,3.1601,<LOD,0.9224,0.1327,227929.5000 , 722.6229,11.4594,16.6116 , 2.8145,2.5700,<LOD,0.0000,0.0000,,,,5226.9678 , 40.1365,10.4060,97.9921 , 11.6651,1.8151,<LOD,7.3960,0.1217,13.1574 , 0.7194,1.6015,31.8805 , 2.9087,0.3855,83.9557 , 1.2725,7.3032,<LOD,1.4430,0.1423,590577.5625 , 7072.2163,<LOD,2.6994,0.1314,25.4326 , 0.9802,0.9996,238.7690 , 1.4626,10.0252,2.7299 , 0.8028,0.1911,<LOD,2.4871,0.3616,353.9354 , 25.7021,12.3686,35558.2695 , 206.2441,27.8213,<LOD,58.6306,0.6956,8844.8379 , 130.1009,3.2873,,,,,,7,446.799988,39.000412,-122.662750,10.000000,529203.062500,4316876.500000,
619,Mining,120.22,30.21,30.30,30.13,29.58,"Thu May 7, 2026 - 14:27:35",User,1.5,ppm,,,,,,,,,Mining,,,,,,,,,,,,<LOD,1.9594,0.5769,67050.8750 , 1870.6353,1.0757,<LOD,3.5426,0.0650,<LOD,1.5390,0.0900,<LOD,2.9153,1.0383,<LOD,62.8390,8.7799,46.8059 , 5.7317,1.7002,<LOD,4.3930,0.1881,35852.5430 , 133.5621,56.3340,<LOD,0.0000,0.0000,20202.2930 , 5739.7573,0.0632,590.1029 , 33.0531,1.0356,<LOD,1.2237,3.0734,<LOD,1.4903,1.9278,<LOD,12.3869,0.1634,1114.8423 , 227.7140,0.1836,4.4908 , 1.0273,0.1873,<LOD,1.6550,0.3760,<LOD,0.0000,0.0000,,,,121.0730 , 51.8214,0.3252,<LOD,5.5389,3.0343,<LOD,0.9408,0.1211,237876.5625 , 758.8568,11.5359,14.5388 , 3.0023,2.5020,<LOD,0.0000,0.0000,,,,5298.3296 , 41.2140,10.0954,79.2562 , 11.8494,1.7061,<LOD,8.1516,0.1322,13.5244 , 0.7490,1.5481,32.4236 , 3.0472,0.3772,88.7343 , 1.3404,7.2449,<LOD,1.4969,0.1366,586307.3750 , 7312.5933,<LOD,2.9320,0.1376,24.6982 , 1.0161,0.9485,244.1559 , 1.5211,9.7664,2.3782 , 0.8575,0.1888,2.7025 , 1.1521,0.3660,339.1266 , 27.4064,11.9656,35897.9805 , 210.2844,26.8766,<LOD,63.7527,0.7235,8795.1963 , 133.0535,3.1538,,,,,,3,445.299988,39.000668,-122.662888,10.000000,529190.875000,4316904.500000,
620,Mining,120.54,30.17,30.21,30.07,30.09,"Thu May 7, 2026 - 14:32:40",User,1.5,ppm,,,,,,,,,Mining,,,,,,,,,,,,<LOD,1.7821,0.6441,101417.0547 , 2196.1416,1.5846,<LOD,3.6197,0.0855,<LOD,1.4873,0.1057,<LOD,2.6551,1.1605,<LOD,62.6318,11.3804,59.5712 , 5.4012,2.0286,13.5562 , 3.1856,0.2826,40202.0703 , 170.3333,73.7452,<LOD,0.0000,0.0000,48314.6562 , 6259.7134,0.1023,729.6221 , 33.6217,1.4011,<LOD,1.1763,3.5047,3.5550 , 0.6529,2.3136,21.4648 , 5.6266,0.2142,993.5225 , 202.7311,0.1989,7.5427 , 1.0572,0.2494,<LOD,1.5256,0.4327,<LOD,0.0000,0.0000,,,,73.5052 , 43.9701,0.3115,<LOD,5.0434,3.3705,<LOD,0.9349,0.1486,258113.4062 , 771.7562,15.1242,12.6940 , 2.7411,2.8034,<LOD,0.0000,0.0000,,,,5333.7944 , 40.1177,11.9104,102.9578 , 11.2677,2.0775,<LOD,7.9730,0.1587,15.4306 , 0.7566,1.9537,47.6529 , 3.1761,0.5170,100.8018 , 1.3774,9.2178,<LOD,1.5304,0.1783,491619.5625 , 7953.5269,<LOD,2.8698,0.1657,38.8910 , 1.1404,1.5485,280.3394 , 1.6493,12.7476,3.4397 , 0.8580,0.2456,3.1338 , 1.1490,0.4560,307.3289 , 25.0213,13.2362,43821.5859 , 225.9758,38.8794,<LOD,54.5615,0.6859,8362.8398 , 122.2025,3.6206,,,,,,8,452.700012,39.000656,-122.662971,10.000000,529183.937500,4316903.500000,
621,Mining,120.67,30.25,30.00,30.19,30.23,"Thu May 7, 2026 - 14:35:00",User,1.5,ppm,,,,,,,,,Mining,,,,,,,,,,,,<LOD,1.8120,0.6684,96296.2344 , 1920.0365,1.5105,<LOD,3.5674,0.0838,<LOD,1.4746,0.1051,<LOD,2.7013,1.2078,<LOD,62.9945,11.6887,53.4429 , 5.1651,1.9375,9.1804 , 3.0998,0.2705,40671.5898 , 163.0330,76.0307,<LOD,0.0000,0.0000,36630.3203 , 5577.8364,0.0876,711.4127 , 33.3954,1.4051,<LOD,1.1920,3.6461,3.2027 , 0.6545,2.3466,21.4197 , 5.6278,0.2143,1110.9670 , 193.6994,0.2015,5.6657 , 1.0196,0.2343,<LOD,1.5913,0.4748,<LOD,0.0000,0.0000,,,,<LOD,60.5514,0.2845,<LOD,5.1144,3.4857,<LOD,0.9497,0.1569,253746.7500 , 732.1453,15.0107,12.9930 , 2.7732,2.8800,<LOD,0.0000,0.0000,,,,5350.3018 , 38.8821,12.1009,100.9508 , 11.0118,2.0833,<LOD,8.4027,0.1790,15.1640 , 0.7579,1.9839,45.5508 , 3.1491,0.5140,103.4231 , 1.3920,9.6123,<LOD,1.7668,0.1906,514910.1250 , 7049.2686,<LOD,2.9793,0.1797,39.3998 , 1.1496,1.5941,289.7152 , 1.6568,13.3903,3.1384 , 0.8470,0.2411,3.1828 , 1.1629,0.4722,326.1905 , 25.3823,13.7431,41269.9570 , 214.8847,37.2192,<LOD,50.4907,0.6458,8269.7217 , 119.5164,3.6086,,,,,,6,452.500000,39.000652,-122.662964,10.000000,529184.062500,4316903.000000,
622,Mining,126.16,35.65,30.28,30.20,30.03,"Thu May 7, 2026 - 14:38:52",User,1.5,ppm,,,,,,,,,Mining,,,,,,,,,,,,<LOD,2.6787,0.6392,72991.2109 , 1499.9126,1.1718,<LOD,3.1624,0.0767,<LOD,1.4103,0.1130,<LOD,2.4075,1.1136,<LOD,59.2483,12.0699,48.8608 , 5.2377,2.0842,12.2964 , 2.9576,0.2881,40062.1719 , 151.0345,78.4141,<LOD,0.0000,0.0000,37423.1680 , 5220.5952,0.0851,714.5778 , 31.4893,1.4592,<LOD,1.1016,3.6988,2.2118 , 0.6078,2.3938,14.4550 , 5.1546,0.2015,845.0054 , 188.2027,0.2023,4.7723 , 0.9318,0.2290,<LOD,1.3683,0.4029,<LOD,0.0000,0.0000,,,,328.4157 , 43.8703,0.3853,<LOD,4.5560,3.2474,<LOD,0.8737,0.1596,215800.4219 , 675.0423,12.8518,9.1593 , 2.4291,2.5352,<LOD,0.0000,0.0000,,,,4888.4087 , 37.6547,11.6693,122.7635 , 10.9603,2.1518,<LOD,6.8447,0.1377,14.0175 , 0.6988,1.9818,41.6976 , 2.8672,0.4988,87.0744 , 1.2247,8.8039,<LOD,1.3869,0.1805,578891.4375 , 6159.3066,<LOD,3.3427,0.1698,36.4821 , 1.0468,1.5517,257.0975 , 1.4616,12.5097,<LOD,1.8466,0.2236,2.3136 , 1.0563,0.4568,225.8170 , 21.9624,11.6640,38110.5820 , 206.8957,35.7464,<LOD,50.5448,0.7337,9065.5977 , 124.0157,4.0291,,,,,,5,451.700012,39.000713,-122.662987,10.000000,529182.625000,4316910.000000,
623,Mining,120.28,30.05,30.02,30.06,30.15,"Thu May 7, 2026 - 14:41:13",User,1.5,ppm,,,,,,,,,Mining,,,,,,,,,,,,2.8574 , 1.1502,0.6802,76465.8438 , 1576.5913,1.2254,<LOD,3.2906,0.0786,<LOD,1.3508,0.0970,<LOD,2.4956,1.1499,<LOD,60.9539,11.9889,55.1452 , 5.5251,2.1094,9.7273 , 2.9757,0.2743,39894.8242 , 154.0855,77.4095,<LOD,0.0000,0.0000,31954.0996 , 5273.2402,0.0798,683.2536 , 31.9110,1.4047,<LOD,1.1299,3.6559,1.6042 , 0.6224,2.3558,<LOD,12.4007,0.1883,817.9964 , 196.6911,0.2034,5.9248 , 0.9802,0.2388,<LOD,1.4031,0.4060,<LOD,0.0000,0.0000,,,,272.0020 , 44.9972,0.3714,<LOD,4.6528,3.2055,<LOD,0.8576,0.1391,226287.3906 , 707.0991,13.5139,9.2961 , 2.5095,2.6011,<LOD,0.0000,0.0000,,,,5004.2349 , 39.5381,11.8019,108.7277 , 11.4110,2.1110,<LOD,7.7483,0.1677,14.7080 , 0.7235,2.0006,46.9477 , 3.0607,0.5342,89.3820 , 1.2671,8.8588,<LOD,1.4210,0.1715,569520.5000 , 6275.9619,<LOD,2.6619,0.1550,35.3172 , 1.0675,1.5108,252.8402 , 1.4870,12.2184,3.5126 , 0.7963,0.2410,3.3004 , 1.0933,0.4605,222.5346 , 22.6535,11.8498,39057.8945 , 217.7892,36.3006,<LOD,52.8783,0.7440,9180.0996 , 130.2678,4.0489,,,,,,7,449.100006,39.000793,-122.663010,10.000000,529180.000000,4316918.500000,
624,Mining,126.15,35.72,30.04,30.25,30.14,"Thu May 7, 2026 - 14:45:38",User,1.5,ppm,,,,,,,,,Mining,,,,,,,,,,,,<LOD,2.6555,0.6978,67423.0469 , 1204.9738,1.0872,<LOD,3.1397,0.0807,<LOD,1.3741,0.1137,<LOD,2.4755,1.2475,<LOD,61.6126,14.4367,65.2020 , 5.4323,2.4114,7.2991 , 2.8312,0.2817,44453.4141 , 152.7712,93.4209,<LOD,0.0000,0.0000,14455.8672 , 4250.4771,0.0595,760.5400 , 31.9646,1.6659,<LOD,1.1040,3.9335,1.8114 , 0.6120,2.5679,10.1219 , 5.2425,0.2082,735.0756 , 169.0065,0.1841,6.2770 , 0.9661,0.2623,<LOD,1.3793,0.4319,<LOD,0.0000,0.0000,,,,96.1960 , 39.4032,0.3479,<LOD,4.6582,3.5845,<LOD,0.8418,0.1540,186452.9219 , 623.6965,11.7511,8.9208 , 2.4779,2.7808,<LOD,0.0000,0.0000,,,,5539.1382 , 39.3160,14.1233,110.3209 , 11.3223,2.4680,<LOD,7.3423,0.1697,15.5967 , 0.7221,2.2423,54.4529 , 3.0808,0.6148,90.8681 , 1.2447,9.6692,<LOD,1.3975,0.1873,629168.8750 , 4886.3901,<LOD,2.5875,0.1682,41.5306 , 1.0986,1.8301,271.3281 , 1.4810,13.8684,2.8038 , 0.7907,0.2614,3.0919 , 1.0814,0.5085,225.3385 , 22.4038,12.7152,39056.0117 , 207.0708,39.2828,<LOD,49.6620,0.8183,10943.9492 , 133.1747,5.1487,,,,,,7,443.200012,39.000610,-122.662964,10.000000,529184.062500,4316898.500000,
625,Mining,120.75,30.17,30.27,30.28,28.80,"Thu May 7, 2026 - 14:47:53",User,1.5,ppm,,,,,,,,,Mining,,,,,,,,,,,,1.7096 , 1.0926,0.7019,77658.8828 , 1374.3091,1.2435,<LOD,2.9283,0.0743,<LOD,1.3136,0.1104,<LOD,2.4027,1.2205,<LOD,60.5964,14.8773,49.6524 , 5.0210,2.2354,7.4918 , 2.7693,0.2865,44566.8320 , 161.7683,95.9856,<LOD,0.0000,0.0000,22137.0430 , 4689.8281,0.0704,740.9803 , 31.0583,1.6732,<LOD,1.0801,4.0083,3.0289 , 0.6040,2.6702,12.2618 , 5.2077,0.2222,741.0347 , 177.0490,0.1923,8.5707 , 0.9936,0.2958,<LOD,1.3435,0.4265,<LOD,0.0000,0.0000,,,,142.9764 , 40.9677,0.3562,<LOD,4.5421,3.5405,<LOD,0.8152,0.1560,206604.6562 , 675.7104,13.4538,10.0075 , 2.4285,2.7933,<LOD,0.0000,0.0000,,,,5262.0024 , 37.3124,13.6853,100.6751 , 10.6198,2.3657,<LOD,7.1605,0.1715,14.2930 , 0.6996,2.2307,51.9031 , 2.9709,0.6075,90.9072 , 1.2267,9.8969,<LOD,1.4360,0.2101,594331.4375 , 5401.3369,<LOD,2.5794,0.1802,43.2240 , 1.0935,1.9310,271.8127 , 1.4803,14.2301,3.0387 , 0.7690,0.2675,2.9611 , 1.0595,0.5190,213.4874 , 21.8805,12.6054,36870.9844 , 199.5403,37.9698,<LOD,51.0349,0.8114,10058.1611 , 125.4825,4.8538,,,,,,8,445.000000,39.000633,-122.662941,10.000000,529186.125000,4316901.000000,
626,Mining,126.24,35.77,30.18,30.00,30.29,"Thu May 7, 2026 - 14:51:22",User,1.5,ppm,,,,,,,,,Mining,,,,,,,,,,,,<LOD,1.7162,0.5672,70073.8438 , 1604.8497,1.1243,<LOD,3.1703,0.0669,<LOD,1.3879,0.0943,<LOD,2.6092,1.0745,<LOD,58.9391,10.0631,50.0774 , 5.2219,1.7966,5.7888 , 2.8882,0.2371,37248.1758 , 136.4823,65.7222,<LOD,0.0000,0.0000,26408.6152 , 5244.4502,0.0720,595.0539 , 30.7138,1.1673,<LOD,1.0997,3.2966,1.5491 , 0.6052,2.1352,<LOD,9.7464,0.1506,824.4948 , 198.2359,0.1839,5.5744 , 0.9745,0.2173,<LOD,1.4444,0.3667,<LOD,0.0000,0.0000,,,,204.2804 , 46.4190,0.3547,<LOD,4.9235,3.1061,<LOD,0.8673,0.1347,225523.7188 , 691.2686,12.1195,11.1921 , 2.6404,2.4690,<LOD,0.0000,0.0000,,,,4847.9229 , 37.1959,10.3202,96.9528 , 10.8118,1.8116,<LOD,7.1833,0.1322,11.7981 , 0.6945,1.6973,35.8251 , 2.8551,0.4270,82.0381 , 1.2208,7.6678,<LOD,1.4050,0.1526,589413.8750 , 6404.4917,<LOD,2.6122,0.1413,34.2786 , 1.0396,1.3326,241.4965 , 1.4266,10.7703,2.7780 , 0.7952,0.2153,<LOD,2.1452,0.3852,235.3904 , 23.8005,11.2673,37095.7266 , 203.7266,31.1737,<LOD,56.4103,0.7672,6949.5518 , 114.9680,2.8802,,,,,,5,444.899994,39.000622,-122.662926,10.000000,529187.687500,4316899.500000,
627,Mining,90.50,30.11,30.18,28.10,,"Thu May 7, 2026 - 14:53:09",User,1.5,ppm,,,,,,,,,Mining,,,,,,,,,,,,<LOD,2.2732,0.6037,,,,<LOD,3.6902,0.0762,<LOD,1.5050,0.0923,<LOD,2.8866,1.0686,<LOD,63.0735,9.7635,57.5397 , 5.6784,1.8596,4.9056 , 3.1193,0.2304,37892.9414 , 128.9659,62.8473,<LOD,0.0000,0.0000,,,,606.0863 , 32.7744,1.1267,<LOD,1.1979,3.2524,1.6622 , 0.6600,2.1148,<LOD,8.6131,0.1566,,,,6.6418 , 1.0648,0.2162,<LOD,1.5690,0.3509,<LOD,0.0000,0.0000,,,,,,,<LOD,5.4572,3.0928,<LOD,0.9370,0.1264,,,,9.2023 , 2.9252,2.4627,<LOD,0.0000,0.0000,,,,5071.9155 , 39.8328,10.5912,109.1839 , 11.7802,1.8849,<LOD,7.9246,0.1340,11.8536 , 0.7533,1.6667,45.6507 , 3.1810,0.4420,83.0982 , 1.3293,7.6829,<LOD,1.5501,0.1571,908977.5625 , 505.2523,<LOD,2.8210,0.1354,31.8838 , 1.1074,1.2582,237.6340 , 1.5083,10.5634,2.4892 , 0.8570,0.2069,<LOD,2.2398,0.3757,244.8028 , 26.5637,11.4518,39645.4258 , 212.5060,31.1966,,,,6959.4980 , 121.4887,2.8728,,,,,,7,443.600006,39.000626,-122.662918,10.000000,529188.437500,4316900.000000,
628,Mining,120.06,30.20,30.14,30.06,29.66,"Thu May 7, 2026 - 15:01:21",User,1.5,ppm,,,,,,,,,Mining,,,,,,,,,,,,<LOD,2.1580,0.7386,82245.8203 , 1416.8013,1.3064,<LOD,3.5142,0.1061,<LOD,1.4121,0.1257,<LOD,2.4910,1.2890,<LOD,61.8299,15.3896,53.6635 , 4.5359,2.0462,16.1380 , 3.0525,0.3435,45514.4727 , 172.2469,100.1294,<LOD,0.0000,0.0000,38019.6562 , 4891.0000,0.0863,866.0612 , 33.2335,1.9072,<LOD,1.1427,4.3609,4.9355 , 0.6342,2.8677,19.2888 , 5.4039,0.2414,871.0780 , 171.5072,0.2042,8.3659 , 1.0291,0.3114,<LOD,1.4772,0.5144,<LOD,0.0000,0.0000,,,,<LOD,68.3711,0.3000,<LOD,4.7295,3.7499,<LOD,0.9256,0.1936,209462.9531 , 664.9831,13.9050,9.1754 , 2.5453,3.0258,<LOD,0.0000,0.0000,,,,4774.2788 , 34.3974,12.7358,81.6994 , 9.6129,2.1593,<LOD,8.1051,0.2121,18.0767 , 0.7624,2.5969,59.2693 , 3.1721,0.6820,109.2217 , 1.3562,11.7441,<LOD,1.5069,0.2326,571423.1250 , 5696.4863,<LOD,2.7275,0.1917,54.3490 , 1.2218,2.3956,321.5622 , 1.6651,17.0154,5.0064 , 0.8497,0.3304,2.6831 , 1.1218,0.5721,278.4111 , 23.2860,14.3549,37075.4570 , 194.1031,39.1172,<LOD,44.0484,0.6529,8705.2510 , 112.6226,4.3379,,,,,,4,444.200012,39.000751,-122.662903,10.000000,529189.375000,4316914.000000,
629,Mining,46.57,30.26,16.31,,,"Thu May 7, 2026 - 15:02:23",User,1.5,ppm,,,,,,,,,Mining,,,,,,,,,,,,<LOD,7.6912,29.2697,,,,<LOD,3.8819,0.0969,<LOD,1.5323,0.1109,<LOD,8.3193,28.4327,<LOD,67.7072,14.2120,59.6426 , 7.2531,1.9786,22.5281 , 3.5616,0.3514,47438.9414 , 136.3105,91.8462,<LOD,0.0000,0.0000,,,,890.3345 , 36.2181,1.7535,<LOD,1.2795,4.0740,3.7108 , 0.7042,2.6320,14.5776 , 6.0101,0.2254,,,,8.9892 , 1.1489,0.2906,<LOD,8.4259,31.5914,<LOD,0.0000,0.0000,,,,,,,<LOD,14.5438,29.5698,<LOD,1.0351,0.1833,,,,<LOD,10.0529,24.7427,<LOD,0.0000,0.0000,,,,5022.7173 , 52.8020,12.2637,76.9131 , 15.2594,2.0491,<LOD,8.4444,0.1765,16.5301 , 0.8385,2.3518,62.4492 , 3.4241,0.5976,110.6504 , 1.4888,11.0557,<LOD,1.6574,0.2062,896939.7500 , 613.5934,<LOD,4.6982,0.2056,54.9686 , 1.3640,2.2651,322.3285 , 1.7201,15.8192,5.5736 , 0.9425,0.3103,2.9857 , 1.2688,0.5477,,,,40262.7773 , 287.0511,37.3472,,,,8683.5898 , 174.0903,4.0548,,,,,,5,444.100006,39.000702,-122.662857,10.000000,529193.312500,4316908.500000,
630,Mining,126.12,35.67,30.17,30.11,30.17,"Thu May 7, 2026 - 15:07:00",User,1.5,ppm,,,,,,,,,Mining,,,,,,,,,,,,<LOD,2.3004,0.7817,101103.3516 , 1423.3169,1.5925,<LOD,3.4695,0.1136,<LOD,1.3573,0.1277,<LOD,2.3425,1.3864,<LOD,62.5197,17.6525,52.4015 , 4.9215,2.4002,19.8067 , 3.0454,0.3772,48186.6797 , 188.1136,113.8925,<LOD,0.0000,0.0000,35641.9844 , 4620.7344,0.0892,866.8008 , 32.6747,2.0654,<LOD,1.0996,4.3934,3.7194 , 0.6150,2.9382,23.2890 , 5.5263,0.2807,743.4447 , 152.8843,0.1949,7.0670 , 0.9789,0.3092,<LOD,1.3727,0.5380,<LOD,0.0000,0.0000,,,,138.5329 , 34.3009,0.3321,<LOD,4.4254,3.9954,<LOD,0.9059,0.2046,224603.2188 , 668.8632,16.5326,8.7604 , 2.3690,3.1652,<LOD,0.0000,0.0000,,,,5414.2285 , 38.3150,15.5498,99.8807 , 10.6451,2.6609,<LOD,7.1772,0.1863,17.4196 , 0.7465,2.7191,63.3990 , 3.1598,0.7459,102.7776 , 1.3099,11.9023,<LOD,1.5431,0.2404,529092.1875 , 5364.7949,4.3062 , 1.8772,0.2415,57.0671 , 1.2352,2.6704,311.8334 , 1.6420,17.5532,4.0550 , 0.8094,0.3259,4.3650 , 1.1357,0.6408,234.5445 , 21.4978,14.5371,42218.7930 , 215.8127,48.2901,<LOD,42.2212,0.7137,10976.0918 , 128.1371,5.8599,,,,,,4,445.299988,39.000835,-122.662804,10.000000,529198.000000,4316923.500000,
631,Mining,126.07,35.76,30.24,30.02,30.05,"Thu May 7, 2026 - 15:12:04",User,1.5,ppm,,,,,,,,,Mining,,,,,,,,,,,,<LOD,2.0379,0.6727,76468.8594 , 1706.4418,1.2059,<LOD,3.5107,0.0801,<LOD,1.5268,0.1113,<LOD,2.7392,1.1246,<LOD,62.1103,11.2654,44.6410 , 4.7482,1.5749,14.5758 , 3.1991,0.2845,40504.4844 , 145.6500,72.5827,<LOD,0.0000,0.0000,32490.1836 , 5368.8125,0.0772,731.2948 , 33.1725,1.3745,<LOD,1.1772,3.4954,2.0677 , 0.6439,2.2315,13.0800 , 5.4990,0.1983,1018.6696 , 184.9505,0.1715,5.4944 , 1.0109,0.2276,<LOD,1.6185,0.4477,<LOD,0.0000,0.0000,,,,<LOD,60.5859,0.2760,<LOD,5.3080,3.4434,<LOD,0.9329,0.1500,216230.0938 , 679.7999,11.6789,11.1729 , 2.8628,2.8030,<LOD,0.0000,0.0000,,,,4459.8784 , 34.7846,9.6150,72.9402 , 9.9634,1.6261,<LOD,7.8434,0.1533,16.0569 , 0.7640,1.9927,50.3812 , 3.2042,0.5260,108.6579 , 1.3857,9.5532,<LOD,1.4984,0.1768,583918.3125 , 6688.4062,<LOD,3.1353,0.1691,43.7584 , 1.1785,1.6738,293.4275 , 1.6038,12.9947,3.0339 , 0.8652,0.2453,3.5554 , 1.1657,0.4695,345.8385 , 26.3416,13.6143,35838.6367 , 197.1952,30.4648,<LOD,50.0584,0.6133,7310.8828 , 113.6003,3.0382,,,,,,4,441.700012,39.000614,-122.662964,10.000000,529184.250000,4316899.000000,
632,Mining,120.23,30.10,30.11,30.02,29.65,"Thu May 7, 2026 - 15:14:24",User,1.5,ppm,,,,,,,,,Mining,,,,,,,,,,,,<LOD,1.8805,0.6605,75609.4688 , 1773.9714,1.1948,<LOD,3.4534,0.0765,<LOD,1.5205,0.1094,<LOD,2.8155,1.2059,<LOD,62.3553,11.2359,42.0032 , 4.6938,1.5986,7.6389 , 3.0533,0.2566,40416.5430 , 150.2627,72.9322,<LOD,0.0000,0.0000,38884.6289 , 5722.2759,0.0843,672.9819 , 32.6127,1.3137,<LOD,1.1867,3.5343,3.6900 , 0.6576,2.3245,12.1144 , 5.4313,0.1868,1011.8273 , 190.3118,0.1738,5.0395 , 1.0089,0.2245,<LOD,1.6249,0.4527,<LOD,0.0000,0.0000,,,,<LOD,71.7027,0.2998,<LOD,5.3096,3.4447,<LOD,0.9625,0.1617,215863.5312 , 701.1090,11.7549,6.0044 , 2.8456,2.7567,<LOD,0.0000,0.0000,,,,4454.2051 , 34.3907,9.6753,93.6246 , 9.9742,1.7034,<LOD,7.9561,0.1566,15.1446 , 0.7645,1.9733,46.8497 , 3.1584,0.5063,104.9314 , 1.3816,9.3834,<LOD,1.8914,0.1851,578153.3125 , 7060.5601,<LOD,2.8922,0.1678,45.7336 , 1.2033,1.7396,289.8933 , 1.6162,12.9411,2.5139 , 0.8561,0.2363,2.9752 , 1.1624,0.4626,311.7853 , 26.2525,13.4094,36400.4141 , 196.8650,31.2548,<LOD,51.8143,0.6262,7543.0918 , 113.1381,3.1421,,,,,,5,440.799988,39.000626,-122.662918,10.000000,529188.000000,4316900.000000,
633,Mining,120.53,30.26,30.13,30.14,29.36,"Thu May 7, 2026 - 15:18:01",User,1.5,ppm,,,,,,,,,Mining,,,,,,,,,,,,<LOD,2.1625,0.6410,77306.2266 , 1674.0671,1.2350,<LOD,3.2542,0.0781,<LOD,1.3756,0.1023,<LOD,2.4934,1.1151,<LOD,58.8507,11.2169,53.7974 , 5.1599,1.9529,10.4961 , 2.9578,0.2752,38640.3945 , 149.6646,73.2888,<LOD,0.0000,0.0000,30298.5352 , 5486.2207,0.0785,701.5788 , 31.6758,1.3913,<LOD,1.1107,3.5774,1.6626 , 0.6118,2.3073,12.1509 , 5.0675,0.1848,1286.2153 , 230.0578,0.2619,6.2858 , 0.9727,0.2392,<LOD,1.3938,0.3901,<LOD,0.0000,0.0000,,,,88.6674 , 45.3669,0.3314,<LOD,4.7327,3.2540,<LOD,0.8511,0.1395,225545.9844 , 729.5807,13.1841,<LOD,5.8933,2.5386,<LOD,0.0000,0.0000,,,,5272.4604 , 38.2618,12.0410,98.2555 , 10.9107,2.0667,<LOD,7.7370,0.1696,12.1886 , 0.7004,1.8906,45.6889 , 2.9940,0.5193,88.9765 , 1.2482,8.7315,<LOD,1.3735,0.1557,571560.1875 , 6561.8120,<LOD,2.6436,0.1550,41.4721 , 1.1170,1.7011,258.8442 , 1.4824,12.2876,2.3610 , 0.7869,0.2321,3.9901 , 1.0996,0.4739,251.8858 , 23.1126,12.1977,39799.7695 , 210.7222,36.2311,<LOD,55.9485,0.7545,8611.8809 , 121.8978,3.7606,,,,,,4,440.799988,39.000622,-122.662933,10.000000,529187.125000,4316899.500000,
634,Mining,126.21,35.71,30.08,30.13,30.29,"Thu May 7, 2026 - 15:20:26",User,1.5,ppm,,,,,,,,,Mining,,,,,,,,,,,,<LOD,1.7608,0.6461,81747.2734 , 1590.4615,1.3021,<LOD,3.1493,0.0775,<LOD,1.2432,0.0884,<LOD,2.5414,1.1357,<LOD,57.8386,11.4167,61.6464 , 5.0867,2.0505,8.6895 , 2.8399,0.2685,37982.9062 , 145.0751,73.0935,<LOD,0.0000,0.0000,24350.6387 , 5031.6953,0.0728,665.7883 , 30.5750,1.3610,<LOD,1.0954,3.7226,1.9302 , 0.5994,2.3577,<LOD,10.5509,0.1912,1313.4451 , 223.8392,0.2746,5.1402 , 0.9260,0.2293,<LOD,1.4220,0.3986,<LOD,0.0000,0.0000,,,,96.7982 , 43.4568,0.3345,<LOD,4.8201,3.2973,<LOD,0.8206,0.1371,231971.8906 , 705.2974,13.8883,7.5743 , 2.5944,2.6593,<LOD,0.0000,0.0000,,,,5719.9331 , 38.5051,13.2440,92.6879 , 10.8528,2.2114,<LOD,7.3591,0.1626,13.2047 , 0.6930,1.9665,42.9520 , 2.8764,0.5072,87.4887 , 1.2139,8.7597,<LOD,1.3728,0.1781,565639.4375 , 6053.1396,<LOD,2.6505,0.1697,40.9129 , 1.0796,1.6904,253.4187 , 1.4358,12.2606,3.6610 , 0.7513,0.2364,2.3255 , 1.0471,0.4542,241.8444 , 23.5926,12.4181,41223.4648 , 207.2713,38.1894,<LOD,52.7706,0.7434,8424.9707 , 117.4391,3.7872,,,,,,7,440.700012,39.000549,-122.663025,10.000000,529178.937500,4316891.500000,
636,Mining,120.66,30.27,30.18,30.21,28.79,"Thu May 7, 2026 - 15:33:15",User,1.5,ppm,,,,,,,,,Mining,,,,,,,,,,,,<LOD,1.4270,0.8020,200008.8281 , 2160.5940,3.0530,<LOD,2.9539,0.1109,<LOD,1.2720,0.1513,<LOD,2.1650,1.5060,<LOD,51.8020,14.8157,92.6128 , 5.6007,3.2538,22.6777 , 2.8042,0.4280,37490.7344 , 225.8081,97.4656,<LOD,0.0000,0.0000,52869.8359 , 5542.8945,0.1334,949.3016 , 31.5292,2.2982,<LOD,0.9934,4.9223,4.4412 , 0.5471,3.1764,32.4809 , 4.7312,0.3077,3509.8147 , 343.0309,0.9246,9.9421 , 0.9280,0.3768,<LOD,1.2654,0.5818,<LOD,0.0000,0.0000,,,,5240.2866 , 86.7652,1.9700,<LOD,4.0988,4.3450,<LOD,0.7972,0.2159,305745.3438 , 997.0569,26.5255,9.0576 , 2.2150,3.5544,<LOD,0.0000,0.0000,,,,6123.3872 , 46.9118,19.3478,142.0216 , 11.8223,3.4441,<LOD,6.8559,0.2297,17.4521 , 0.6490,2.7907,62.7893 , 2.8909,0.8293,101.3240 , 1.2603,13.2802,<LOD,2.2524,0.3186,339059.7500 , 6582.1743,4.6466 , 1.7319,0.2740,34.0846 , 0.9443,1.9903,293.8960 , 1.7471,19.1147,3.4732 , 0.7291,0.3453,3.9182 , 0.9889,0.6586,301.1572 , 20.5737,17.4029,37938.7891 , 240.5570,47.2684,<LOD,50.4238,0.8817,9927.9902 , 128.4782,5.7087,,,,,,8,443.200012,39.000641,-122.662933,10.000000,529186.937500,4316901.500000,
637,Mining,120.75,30.12,30.23,30.14,30.26,"Thu May 7, 2026 - 15:35:49",User,1.5,ppm,,,,,,,,,Mining,,,,,,,,,,,,<LOD,1.4755,0.8112,191104.7500 , 2093.8083,2.9227,<LOD,2.9257,0.0950,<LOD,1.3104,0.1406,<LOD,2.2436,1.5366,<LOD,54.2208,14.1173,95.7448 , 5.6226,3.2238,19.3692 , 2.8868,0.3972,36674.4141 , 211.4520,92.0306,<LOD,0.0000,0.0000,46346.0625 , 5328.3755,0.1243,810.5219 , 31.3067,1.9845,<LOD,1.0500,4.7832,4.2807 , 0.5815,3.1295,26.8080 , 4.9273,0.2917,3849.1426 , 335.1526,0.9110,11.1692 , 1.0018,0.3854,<LOD,1.3129,0.5929,<LOD,0.0000,0.0000,,,,5015.7471 , 83.8641,1.8833,<LOD,4.1900,4.2920,<LOD,0.8057,0.1946,305816.9688 , 939.4022,25.7260,10.2463 , 2.2663,3.5194,<LOD,0.0000,0.0000,,,,6383.2915 , 46.4091,19.3449,152.4046 , 11.9044,3.4435,<LOD,6.9582,0.2067,17.3806 , 0.6848,2.7291,59.4401 , 2.9833,0.7763,102.7827 , 1.3125,13.0865,<LOD,1.4833,0.2973,353570.7812 , 6485.1094,4.9008 , 1.7972,0.2611,35.0187 , 1.0147,2.0150,299.6937 , 1.7708,18.9035,3.6051 , 0.7625,0.3358,6.5830 , 1.0901,0.7027,314.6111 , 21.0162,17.2438,38972.4727 , 236.1459,46.8881,<LOD,48.9819,0.8506,10291.8223 , 128.6678,5.7088,,,,,,8,442.899994,39.000641,-122.662933,10.000000,529186.687500,4316901.500000,
638,Mining,120.45,30.24,30.06,30.06,30.09,"Thu May 7, 2026 - 15:39:38",User,1.5,ppm,,,,,,,,,Mining,,,,,,,,,,,,<LOD,1.6584,0.7234,166791.4219 , 2495.1843,2.5404,<LOD,3.5378,0.1074,<LOD,1.3643,0.1168,<LOD,2.4635,1.2910,<LOD,56.3627,11.6177,99.6117 , 5.8146,2.7936,20.5674 , 3.1105,0.3531,35530.4414 , 195.2986,74.8704,<LOD,0.0000,0.0000,49550.4609 , 6011.4302,0.1214,928.8309 , 34.4679,1.8375,<LOD,1.0997,4.0271,4.6181 , 0.6158,2.7112,27.0298 , 5.2905,0.2693,4893.9878 , 394.9987,0.9620,10.0840 , 1.0387,0.3171,<LOD,1.4936,0.5429,<LOD,0.0000,0.0000,,,,7236.9414 , 103.2306,2.1822,<LOD,4.7570,3.9219,<LOD,0.9255,0.1931,292227.7500 , 891.6389,20.3055,14.0109 , 2.5807,3.2462,<LOD,0.0000,0.0000,,,,6446.9893 , 46.4774,16.4673,145.9886 , 12.1955,2.9161,<LOD,7.7707,0.1978,18.5057 , 0.7272,2.3764,72.1842 , 3.3893,0.7678,100.8302 , 1.3454,10.8977,<LOD,2.4079,0.2680,390244.2812 , 7813.8315,<LOD,4.4187,0.2135,33.2807 , 1.0319,1.6152,295.5650 , 1.7657,15.7269,3.6253 , 0.7932,0.2789,4.4660 , 1.1038,0.5547,376.3157 , 23.9929,16.1079,35252.7969 , 219.2176,35.6018,<LOD,57.0151,0.8808,9669.4033 , 127.3989,4.5183,,,,,,4,442.799988,39.000626,-122.662910,10.000000,529188.687500,4316900.000000,
639,Mining,120.53,30.03,30.18,30.17,30.15,"Thu May 7, 2026 - 15:41:57",User,1.5,ppm,,,,,,,,,Mining,,,,,,,,,,,,<LOD,1.5988,0.7190,164248.4844 , 2324.1394,2.5063,<LOD,3.1183,0.0886,<LOD,1.3932,0.1304,<LOD,2.4257,1.3502,<LOD,54.7487,11.6899,85.1361 , 5.8546,2.7441,18.7444 , 2.9981,0.3509,35437.2344 , 185.6199,76.3043,<LOD,0.0000,0.0000,38711.8047 , 5640.4624,0.1090,999.1362 , 34.5543,1.9747,<LOD,1.0747,4.1228,4.8143 , 0.6039,2.7951,26.2260 , 5.0498,0.2571,4548.9443 , 379.5930,0.9233,8.3668 , 0.9798,0.3017,<LOD,1.4229,0.5258,<LOD,0.0000,0.0000,,,,6715.3662 , 98.8176,2.0979,<LOD,4.6173,3.9630,<LOD,0.8521,0.1777,289213.6875 , 863.6663,20.4767,12.5887 , 2.4951,3.2426,<LOD,0.0000,0.0000,,,,6461.0645 , 46.6950,16.8216,161.7387 , 12.5953,3.0366,<LOD,7.5254,0.1986,18.0089 , 0.7051,2.3938,71.3360 , 3.2913,0.7755,98.7526 , 1.2978,10.9609,1.5965 , 1.0110,0.2716,406929.5938 , 7241.4844,2.7766 , 1.8410,0.2191,32.6919 , 1.0006,1.6247,291.2349 , 1.6879,15.8443,3.5682 , 0.7949,0.2940,4.3817 , 1.0778,0.5631,365.6028 , 23.2001,16.1393,35792.3203 , 221.5265,36.6962,<LOD,55.7628,0.8856,9734.8037 , 130.1592,4.6377,,,,,,5,442.600006,39.000767,-122.662979,10.000000,529183.187500,4316915.500000,
640,Mining,90.79,30.22,30.30,28.17,,"Thu May 7, 2026 - 15:44:55",User,1.5,ppm,,,,,,,,,Mining,,,,,,,,,,,,<LOD,2.1742,0.7139,,,,<LOD,4.6667,0.1189,<LOD,1.8064,0.1314,<LOD,3.2488,1.2852,<LOD,82.9863,24.0184,45.2946 , 7.2153,3.1621,75.5296 , 4.9031,0.5789,76835.4609 , 159.5987,160.0482,<LOD,0.0000,0.0000,,,,117.0829 , 25.8900,1.0020,<LOD,1.9674,3.9609,4.1025 , 0.7818,2.6778,62.9858 , 7.6633,0.2686,,,,10.8545 , 1.2827,0.3081,<LOD,1.9713,0.5455,<LOD,0.0000,0.0000,,,,,,,<LOD,6.2911,3.8774,<LOD,1.2789,0.2060,,,,12.6268 , 3.3988,3.2026,<LOD,0.0000,0.0000,,,,799.9557 , 27.6762,2.7009,259.0729 , 11.1050,1.7207,<LOD,0.0000,0.1989,38.0417 , 1.0189,3.0238,48.7928 , 3.4931,0.5447,89.9142 , 1.4243,8.4727,<LOD,3.2385,0.2766,909561.1875 , 541.2944,128.0706 , 4.7285,1.0843,23.9108 , 1.1176,1.1037,241.2474 , 1.5855,11.2914,2.7006 , 0.9733,0.2414,3.0388 , 1.4839,0.6045,455.2080 , 31.9408,16.2884,3766.5251 , 85.8303,3.6498,,,,7418.4136 , 133.2949,3.2177,,,,,,6,443.000000,39.000652,-122.663033,10.000000,529178.562500,4316903.000000,
641,Mining,126.22,35.69,30.03,30.28,30.22,"Thu May 7, 2026 - 15:48:19",User,1.5,ppm,,,,,,,,,Mining,,,,,,,,,,,,<LOD,1.9716,0.6707,66610.7891 , 1455.4441,1.0780,<LOD,3.9623,0.0885,<LOD,1.6988,0.1197,<LOD,2.8762,1.1409,<LOD,77.4816,18.9196,59.5689 , 7.3670,2.9263,20.0352 , 3.6098,0.3203,67284.3672 , 202.7565,131.2261,<LOD,0.0000,0.0000,15277.5068 , 5322.6030,0.0709,417.3212 , 30.3701,1.2600,<LOD,1.2884,3.5929,3.7356 , 0.7026,2.2819,87.4119 , 6.9138,0.2343,5419.9634 , 403.2029,0.9578,8.7616 , 1.1679,0.2634,<LOD,1.7131,0.4666,<LOD,0.0000,0.0000,,,,29949.3066 , 185.3727,7.6050,<LOD,5.6576,3.5901,<LOD,1.0354,0.1593,178964.5625 , 637.1474,10.5724,17.7096 , 3.0845,3.0276,<LOD,0.0000,0.0000,,,,5146.4731 , 47.2830,12.5475,217.5204 , 14.6679,2.7020,<LOD,8.6372,0.1629,15.2722 , 0.7940,1.8463,43.3415 , 3.2654,0.4804,107.1951 , 1.4684,9.1262,4.2728 , 1.2658,0.2802,598968.2500 , 6231.9980,6.1178 , 2.2449,0.2068,34.1299 , 1.1453,1.3238,287.8538 , 1.6929,12.3591,1.9426 , 0.9211,0.2253,2.5384 , 1.2224,0.4395,436.2783 , 28.5779,14.8735,20088.3105 , 184.6431,18.4373,<LOD,54.8563,0.8192,10519.4688 , 155.2037,4.3185,,,,,,8,442.600006,39.000648,-122.663010,10.000000,529180.187500,4316902.500000,
642,Mining,120.61,30.23,30.02,30.08,30.28,"Thu May 7, 2026 - 15:50:37",User,1.5,ppm,,,,,,,,,Mining,,,,,,,,,,,,<LOD,1.8775,0.6176,64227.5078 , 1442.1143,1.0434,<LOD,3.6841,0.0773,<LOD,1.6818,0.1187,<LOD,2.8900,1.1920,<LOD,76.7290,18.6581,53.9510 , 7.4014,2.8691,20.5859 , 3.6078,0.3235,66734.5156 , 201.8773,130.2790,<LOD,0.0000,0.0000,14144.8379 , 5368.9819,0.0694,415.3305 , 30.1967,1.2538,<LOD,1.2856,3.6174,3.3810 , 0.6990,2.2803,87.0806 , 6.7696,0.2223,5235.6514 , 405.7054,0.9296,6.3707 , 1.1038,0.2378,<LOD,1.6470,0.4389,<LOD,0.0000,0.0000,,,,31666.8652 , 193.5622,8.0167,<LOD,5.5465,3.5348,<LOD,0.9682,0.1403,175853.3125 , 645.2139,10.3879,20.5303 , 3.0279,2.9923,<LOD,0.0000,0.0000,,,,5185.0176 , 47.7165,12.5882,214.2711 , 14.8110,2.6848,<LOD,8.6904,0.1671,15.6545 , 0.7939,1.8681,38.6755 , 3.1595,0.4544,105.3718 , 1.4555,9.0695,3.9798 , 1.2038,0.2579,604750.7500 , 6238.6841,7.0828 , 2.2700,0.2149,34.2465 , 1.1454,1.3364,288.9400 , 1.6901,12.4482,1.7752 , 0.9089,0.2211,3.1040 , 1.2306,0.4505,464.4336 , 28.1181,14.8818,19734.7441 , 185.9940,18.1481,<LOD,55.0733,0.7923,10682.0645 , 158.6420,4.3924,,,,,,7,442.399994,39.000652,-122.663010,10.000000,529180.437500,4316903.000000,
643,Mining,120.73,30.03,30.26,30.21,30.23,"Thu May 7, 2026 - 15:53:55",User,1.5,ppm,,,,,,,,,Mining,,,,,,,,,,,,<LOD,1.9126,0.7166,109028.5234 , 1722.2850,1.6962,<LOD,3.9188,0.0971,<LOD,1.5366,0.1099,<LOD,2.8809,1.3117,<LOD,81.6215,26.1836,68.5049 , 8.5102,3.9149,32.7740 , 3.8751,0.4184,80541.8750 , 280.2092,184.1021,<LOD,0.0000,0.0000,25276.6113 , 5308.0620,0.0867,491.4861 , 31.2570,1.6793,<LOD,1.3046,4.0643,4.7461 , 0.7144,2.6080,121.6716 , 7.3945,0.2811,5298.7734 , 380.4200,1.1118,10.0423 , 1.1954,0.3098,<LOD,1.7406,0.5525,<LOD,0.0000,0.0000,,,,13003.6113 , 122.1368,3.9741,<LOD,5.6356,4.0741,<LOD,1.0288,0.1762,208765.3906 , 677.9578,14.5687,14.7957 , 3.0373,3.3257,<LOD,0.0000,0.0000,,,,5267.0884 , 52.9484,15.1642,216.5541 , 16.2300,3.2736,<LOD,9.0462,0.2016,17.4681 , 0.8191,2.1803,74.0756 , 3.7961,0.7330,115.1364 , 1.5234,10.6233,<LOD,1.8930,0.2395,518381.9062 , 6362.4204,6.1874 , 2.2555,0.2308,38.1770 , 1.2084,1.6373,295.7223 , 1.7829,14.0447,3.0840 , 0.8836,0.2474,5.9174 , 1.2862,0.5447,471.9801 , 28.5580,16.8731,22539.3398 , 212.0188,24.2658,<LOD,48.7911,0.8208,9908.5986 , 164.1504,4.8443,,,,,,8,442.500000,39.000652,-122.663002,10.000000,529181.062500,4316903.000000,
644,Mining,126.21,35.75,30.28,30.15,30.03,"Thu May 7, 2026 - 15:56:24",User,1.5,ppm,,,,,,,,,Mining,,,,,,,,,,,,<LOD,1.9328,0.7626,113817.9688 , 1677.2893,1.7708,<LOD,3.7670,0.1002,<LOD,1.5370,0.1229,<LOD,2.8336,1.3147,<LOD,79.0742,27.4537,78.4490 , 8.3977,4.0126,43.1277 , 3.9389,0.4829,80521.0312 , 283.2175,191.8112,<LOD,0.0000,0.0000,21894.4375 , 5142.4014,0.0848,529.1829 , 30.6875,1.8073,<LOD,1.2558,4.2284,4.5403 , 0.6844,2.6838,120.2733 , 7.2344,0.3082,5380.8599 , 381.7560,1.1673,10.6934 , 1.1656,0.3291,<LOD,1.7164,0.5569,<LOD,0.0000,0.0000,,,,12876.3477 , 122.0741,4.1196,<LOD,5.5088,4.0027,<LOD,0.9874,0.1810,212163.1406 , 684.6807,15.4518,12.0493 , 2.9823,3.3108,<LOD,0.0000,0.0000,,,,5292.6445 , 51.9474,15.6915,196.5629 , 15.8037,3.2626,<LOD,8.7455,0.2102,18.9103 , 0.8017,2.3399,77.6626 , 3.7223,0.7866,115.2415 , 1.4813,11.1380,<LOD,2.1760,0.2627,514003.2500 , 6091.0239,5.8776 , 2.1691,0.2378,37.0792 , 1.1384,1.6315,303.5110 , 1.7643,15.0106,2.4535 , 0.8624,0.2562,2.6750 , 1.1889,0.5185,413.2531 , 27.8802,16.5052,22159.7129 , 210.9503,25.0033,<LOD,48.3524,0.8426,9919.0371 , 163.5020,5.0322,,,,,,7,442.100006,39.000648,-122.663002,10.000000,529181.312500,4316902.500000,
645,Mining,126.08,35.60,30.05,30.21,30.22,"Thu May 7, 2026 - 16:01:38",User,1.5,ppm,,,,,,,,,Mining,,,,,,,,,,,,<LOD,1.7097,0.7521,91533.0859 , 1338.1412,1.4355,<LOD,3.6172,0.1089,<LOD,1.4099,0.1217,<LOD,2.5720,1.3747,<LOD,74.7087,28.9258,65.6112 , 7.9874,4.1990,43.9525 , 3.7801,0.5235,80134.1719 , 265.8850,205.8596,<LOD,0.0000,0.0000,28556.9062 , 4802.6782,0.0884,585.1585 , 29.9295,2.0358,<LOD,1.1796,4.4198,3.9988 , 0.6491,2.8652,134.9840 , 6.8352,0.3209,6005.8711 , 377.7581,1.3838,10.6336 , 1.1088,0.3505,<LOD,1.4739,0.5146,<LOD,0.0000,0.0000,,,,10806.2441 , 106.4704,3.7388,<LOD,4.9756,4.1363,<LOD,0.9421,0.1942,159320.6875 , 584.6796,11.9386,14.2132 , 2.7049,3.4535,<LOD,0.0000,0.0000,,,,4841.6592 , 48.3756,15.5343,224.2951 , 15.1291,3.4724,<LOD,7.9465,0.2035,15.0389 , 0.7298,2.2818,71.5099 , 3.4352,0.7887,107.4760 , 1.3685,11.2979,<LOD,1.7905,0.2726,585959.2500 , 5392.0376,4.5772 , 1.9787,0.2328,34.5732 , 1.0556,1.6504,282.7412 , 1.6096,15.0731,2.5620 , 0.8018,0.2645,2.1719 , 1.1097,0.5325,345.4492 , 24.9158,16.4543,21171.8828 , 198.6948,25.5034,<LOD,47.4083,0.9875,9721.2686 , 156.2356,5.2671,,,,,,7,442.399994,39.000645,-122.662994,10.000000,529181.937500,4316902.000000,
646,Mining,120.47,30.18,30.23,30.05,27.56,"Thu May 7, 2026 - 16:04:02",User,1.5,ppm,,,,,,,,,Mining,,,,,,,,,,,,<LOD,1.7908,0.7521,94841.3438 , 1522.4380,1.4821,<LOD,3.6700,0.0946,<LOD,1.5210,0.1202,<LOD,2.6883,1.3694,<LOD,78.8042,26.8954,70.7203 , 8.0183,4.0107,53.1864 , 4.1788,0.5432,78523.5703 , 267.9948,189.3711,<LOD,0.0000,0.0000,19915.9043 , 5116.4258,0.0790,606.6593 , 32.0261,1.9450,<LOD,1.2788,4.3745,4.9815 , 0.7045,2.8453,119.3106 , 7.1562,0.2995,6094.8340 , 419.5611,1.3529,8.0703 , 1.1301,0.3084,<LOD,1.5943,0.5524,<LOD,0.0000,0.0000,,,,11063.6904 , 117.4351,3.6302,<LOD,5.1884,4.0987,<LOD,0.9980,0.1871,169274.7812 , 643.5965,12.1057,11.4251 , 2.8011,3.3651,<LOD,0.0000,0.0000,,,,5233.6328 , 49.7978,15.7535,215.3375 , 15.3086,3.3788,<LOD,9.1586,0.2312,18.9660 , 0.8144,2.4142,82.9644 , 3.8520,0.8414,119.2827 , 1.5099,11.6622,<LOD,2.8285,0.2626,579344.8125 , 5886.9790,2.9444 , 2.1467,0.2264,38.1303 , 1.1750,1.7317,305.6587 , 1.7646,15.3950,4.1841 , 0.8885,0.2844,5.1341 , 1.2463,0.5712,421.5034 , 26.2652,16.9235,23932.8574 , 208.7863,27.2485,<LOD,52.9936,0.9815,9686.1270 , 155.2323,5.0099,,,,,,7,442.200012,39.000645,-122.662987,10.000000,529182.062500,4316902.000000,
647,Mining,120.33,30.12,30.07,30.06,30.08,"Thu May 7, 2026 - 16:07:21",User,1.5,ppm,,,,,,,,,Mining,,,,,,,,,,,,<LOD,1.7273,0.7461,157638.7031 , 2181.7903,2.3719,<LOD,3.4171,0.0909,<LOD,1.4386,0.1187,<LOD,2.5319,1.2914,<LOD,65.0289,15.8097,78.6954 , 6.6483,3.0691,32.3595 , 3.5323,0.4201,48525.1602 , 208.0583,106.4662,<LOD,0.0000,0.0000,18140.9727 , 5226.6357,0.0874,937.9841 , 35.3903,2.0185,<LOD,1.1531,4.0120,3.3132 , 0.6542,2.7724,54.0846 , 5.9443,0.2821,6937.7900 , 451.3175,1.3911,5.8919 , 0.9988,0.2667,<LOD,1.4798,0.5023,<LOD,0.0000,0.0000,,,,12457.1455 , 127.1100,3.6877,<LOD,4.8950,3.9183,<LOD,0.9261,0.1788,213334.1250 , 722.8309,14.4195,10.6126 , 2.6418,3.1974,<LOD,0.0000,0.0000,,,,5334.0889 , 45.0877,14.3389,159.6467 , 13.1036,2.7766,<LOD,8.1125,0.1971,28.4053 , 0.8372,2.8912,112.4632 , 4.1347,1.0533,98.1593 , 1.3499,10.4086,1.6032 , 1.0327,0.2434,498105.1562 , 6779.0732,2.7566 , 1.9466,0.2073,30.7548 , 1.0424,1.4972,279.9566 , 1.6601,14.6325,3.1294 , 0.8187,0.2638,4.7785 , 1.1516,0.5461,342.1142 , 24.4448,15.6269,29309.9922 , 209.9486,30.3062,<LOD,54.2045,0.8779,8030.1338 , 130.7920,3.8943,,,,,,7,442.500000,39.000648,-122.662979,10.000000,529182.750000,4316902.500000,
648,Mining,120.62,30.12,30.23,30.25,30.02,"Thu May 7, 2026 - 16:09:44",User,1.5,ppm,,,,,,,,,Mining,,,,,,,,,,,,<LOD,1.7127,0.7458,137720.8438 , 1969.2845,2.1059,<LOD,3.2799,0.0882,<LOD,1.4854,0.1335,<LOD,2.5528,1.3470,<LOD,62.5541,15.1511,70.4203 , 6.3805,2.9395,22.1367 , 3.2353,0.3707,46695.4961 , 194.4016,101.7279,<LOD,0.0000,0.0000,20141.5840 , 5091.7236,0.0847,653.3692 , 30.8977,1.5860,<LOD,1.1385,4.1511,2.4724 , 0.6260,2.6699,49.7835 , 5.6960,0.2742,5497.5898 , 403.6456,1.1124,8.3982 , 1.0295,0.2995,<LOD,1.4616,0.4978,<LOD,0.0000,0.0000,,,,8632.3125 , 107.0514,2.6524,<LOD,4.8472,3.9187,<LOD,0.9006,0.1790,235905.6406 , 736.5452,16.1088,14.6151 , 2.6266,3.2332,<LOD,0.0000,0.0000,,,,5616.9517 , 45.1275,15.0664,158.0172 , 12.9948,2.8647,<LOD,7.8921,0.1971,22.3114 , 0.7694,2.5714,77.2095 , 3.5090,0.8001,100.5748 , 1.3268,10.6421,<LOD,1.7784,0.2406,497438.9688 , 6423.8794,<LOD,4.4550,0.2085,31.1125 , 1.0201,1.5172,283.6451 , 1.6206,14.8779,2.7130 , 0.8274,0.2774,4.6843 , 1.1207,0.5480,376.8869 , 24.3075,15.9252,31345.0723 , 210.5608,32.4553,<LOD,53.3647,0.8687,9127.1543 , 133.7846,4.3704,,,,,,5,442.500000,39.000645,-122.662979,10.000000,529182.937500,4316902.000000,
649,Mining,120.55,30.27,30.01,30.21,30.06,"Thu May 7, 2026 - 16:13:39",User,1.5,ppm,,,,,,,,,Mining,,,,,,,,,,,,<LOD,1.5530,0.7068,154055.5156 , 2168.5771,2.3606,<LOD,3.1218,0.0911,<LOD,1.3439,0.1241,<LOD,2.3700,1.3421,<LOD,56.9234,13.5228,91.5781 , 5.9152,3.0141,21.6627 , 3.0542,0.3740,40439.4453 , 197.8698,90.5393,<LOD,0.0000,0.0000,40847.7109 , 5544.2524,0.1087,1994.1804 , 44.7102,3.5494,<LOD,1.0735,4.2116,2.7062 , 0.5970,2.7710,39.9102 , 5.2484,0.2778,2963.5305 , 314.9052,0.6512,9.0521 , 0.9871,0.3133,<LOD,1.3735,0.5101,<LOD,0.0000,0.0000,,,,5982.9668 , 91.9306,1.9403,<LOD,4.5125,3.9212,<LOD,0.8287,0.1685,280947.6250 , 839.6062,20.1208,12.6615 , 2.4519,3.2627,<LOD,0.0000,0.0000,,,,5568.4541 , 42.6279,15.1372,167.0416 , 11.9352,2.8944,<LOD,7.8895,0.2234,27.7084 , 0.7772,2.9760,131.7749 , 4.1251,1.2421,97.9858 , 1.2771,10.8788,<LOD,1.8433,0.2551,425763.8438 , 6951.0879,3.5018 , 1.8677,0.2273,31.2511 , 0.9778,1.5804,278.6148 , 1.6211,15.2990,4.2792 , 0.7860,0.3007,4.4237 , 1.0646,0.5602,335.7892 , 22.6501,15.8805,30870.3926 , 201.9969,32.6683,<LOD,52.2755,0.8172,9306.3857 , 126.1825,4.5503,,,,,,7,442.899994,39.000645,-122.662979,10.000000,529182.937500,4316902.000000,
650,Mining,120.46,30.17,30.17,30.00,30.12,"Thu May 7, 2026 - 16:17:02",User,1.5,ppm,,,,,,,,,Mining,,,,,,,,,,,,<LOD,1.6034,0.7359,166833.1875 , 2232.7705,2.5374,<LOD,3.2246,0.0979,<LOD,1.3529,0.1267,<LOD,2.4064,1.3490,<LOD,56.9149,13.6290,95.3782 , 6.0306,3.0473,22.5268 , 3.0688,0.3804,40486.4062 , 203.9240,91.2109,<LOD,0.0000,0.0000,45910.3242 , 5543.2334,0.1171,1961.3046 , 44.4461,3.5250,<LOD,1.0662,4.1788,3.5711 , 0.5998,2.8263,45.0340 , 5.3344,0.2953,3768.5918 , 335.2109,0.7980,8.3546 , 0.9718,0.3056,<LOD,1.4025,0.5183,<LOD,0.0000,0.0000,,,,7078.2319 , 96.6181,2.2626,<LOD,4.5803,3.9534,<LOD,0.8588,0.1832,276099.3438 , 832.3325,19.9076,14.9239 , 2.4878,3.2782,<LOD,0.0000,0.0000,,,,5616.0981 , 43.4554,15.2841,165.6932 , 12.1092,2.8989,<LOD,7.9693,0.2296,27.5587 , 0.7729,2.9617,137.7800 , 4.2013,1.2950,98.2583 , 1.2816,10.9429,<LOD,1.8516,0.2499,410346.6562 , 7041.0347,4.6567 , 1.9049,0.2392,29.7677 , 0.9607,1.5284,278.0724 , 1.6372,15.3608,3.8079 , 0.7795,0.2935,4.2138 , 1.0590,0.5579,348.1787 , 22.9590,15.9400,31389.4121 , 208.0648,33.3799,<LOD,51.3664,0.8376,9222.6494 , 127.6725,4.5215,,,,,,8,443.600006,39.000641,-122.662971,10.000000,529183.375000,4316901.500000,
651,Mining,120.60,30.08,30.21,30.11,27.50,"Thu May 7, 2026 - 16:21:39",User,1.5,ppm,,,,,,,,,Mining,,,,,,,,,,,,<LOD,1.5480,0.7681,124135.4766 , 1784.7826,1.9255,<LOD,3.0768,0.0954,<LOD,1.2802,0.1215,<LOD,2.2984,1.3752,<LOD,54.2888,12.7718,90.8031 , 5.7321,3.0407,16.0076 , 2.8910,0.3596,35841.4688 , 166.9442,83.1242,<LOD,0.0000,0.0000,31307.1426 , 5113.5718,0.0931,623.2274 , 28.9874,1.5473,<LOD,1.0511,4.4006,3.4705 , 0.5930,2.9984,16.6435 , 4.8211,0.2436,2749.7971 , 304.1955,0.6081,5.5533 , 0.8997,0.2806,<LOD,1.3149,0.5068,<LOD,0.0000,0.0000,,,,5200.9248 , 88.1034,1.8000,<LOD,4.3849,4.0647,<LOD,0.8263,0.1835,243945.8281 , 779.4437,17.4979,8.8381 , 2.3555,3.2632,<LOD,0.0000,0.0000,,,,5372.1113 , 40.5807,15.1947,162.1414 , 11.5551,2.9166,<LOD,7.1546,0.1975,20.2312 , 0.7039,2.6650,79.6679 , 3.3608,0.8932,90.8733 , 1.2182,11.0546,<LOD,1.6232,0.2319,510234.2188 , 6129.5986,3.5893 , 1.8098,0.2371,26.3227 , 0.9140,1.4783,271.0897 , 1.5296,15.9314,2.7411 , 0.7299,0.2737,4.0314 , 1.0430,0.5826,303.3680 , 21.7270,15.9466,29210.5391 , 190.1024,31.9282,<LOD,53.7314,0.8827,10273.8623 , 128.2688,5.0815,,,,,,5,444.200012,39.000641,-122.662979,10.000000,529182.937500,4316901.500000,
652,Mining,120.32,30.07,30.22,30.27,29.76,"Thu May 7, 2026 - 16:23:58",User,1.5,ppm,,,,,,,,,Mining,,,,,,,,,,,,<LOD,1.5533,0.7661,125050.2422 , 1777.1290,1.9377,<LOD,3.0288,0.0960,<LOD,1.2519,0.1201,<LOD,2.3537,1.4403,<LOD,52.9494,12.5322,96.7212 , 5.7541,3.0881,13.2891 , 2.7840,0.3443,35729.0977 , 163.0226,82.0805,<LOD,0.0000,0.0000,31572.1074 , 5045.9839,0.0936,632.9391 , 28.5585,1.5488,<LOD,1.0276,4.3430,2.8008 , 0.5766,2.9232,23.6982 , 4.8041,0.2576,2638.3308 , 295.8759,0.5878,5.6263 , 0.8781,0.2764,<LOD,1.3259,0.5109,<LOD,0.0000,0.0000,,,,5229.8511 , 87.0000,1.8044,<LOD,4.3966,4.0304,<LOD,0.7909,0.1702,245160.4062 , 764.9774,17.4155,9.9962 , 2.3754,3.2943,<LOD,0.0000,0.0000,,,,5463.9229 , 40.4519,15.2830,161.9951 , 11.5152,2.9142,<LOD,7.4152,0.2200,19.6853 , 0.6853,2.6094,70.5107 , 3.1584,0.8147,90.7293 , 1.1905,10.9165,<LOD,1.3093,0.2182,508471.0000 , 6077.5400,<LOD,3.0030,0.2194,26.3799 , 0.8992,1.4787,268.3830 , 1.4891,15.6325,2.5909 , 0.7124,0.2690,4.8969 , 1.0262,0.5861,306.4508 , 21.8649,16.0015,28627.1777 , 187.0362,31.1662,<LOD,53.0273,0.8852,10321.1562 , 127.6525,5.0562,,,,,,7,444.799988,39.000633,-122.663002,10.000000,529180.937500,4316901.000000,
653,Mining,120.54,30.24,30.09,30.23,29.98,"Thu May 7, 2026 - 16:27:36",User,1.5,ppm,,,,,,,,,Mining,,,,,,,,,,,,<LOD,1.6718,0.7335,166960.3750 , 2351.4578,2.5309,<LOD,3.1049,0.0887,<LOD,1.3178,0.1179,<LOD,2.5393,1.3771,<LOD,54.9000,11.9894,87.6709 , 5.7961,2.8336,26.8634 , 3.1594,0.3945,36036.0781 , 184.4597,77.4944,<LOD,0.0000,0.0000,38303.2266 , 5610.5566,0.1099,791.8681 , 31.6452,1.6874,<LOD,1.0893,4.3019,3.9992 , 0.6020,2.8002,26.5957 , 5.1225,0.2704,8587.8721 , 503.0513,1.7042,10.3726 , 1.0185,0.3304,<LOD,1.5113,0.5552,<LOD,0.0000,0.0000,,,,7180.5815 , 102.5090,2.2110,<LOD,4.8618,4.0870,<LOD,0.8665,0.1872,267296.3438 , 828.6795,18.5752,11.2557 , 2.6290,3.3593,<LOD,0.0000,0.0000,,,,6324.1826 , 45.5858,16.6260,149.3882 , 12.2261,2.9984,<LOD,7.8541,0.2190,23.8759 , 0.7460,2.7205,92.4478 , 3.5996,0.9367,106.4600 , 1.3275,11.5529,<LOD,1.4943,0.2466,425887.3125 , 7290.4312,3.7995 , 1.8989,0.2349,29.7870 , 0.9646,1.5116,299.8274 , 1.7003,16.2563,4.5212 , 0.7813,0.2986,4.3779 , 1.0768,0.5682,375.9973 , 24.5082,16.8037,30892.0293 , 200.9058,31.6245,<LOD,52.9794,0.8003,10482.9229 , 130.5590,4.8695,,,,,,6,447.500000,39.000641,-122.662987,10.000000,529182.500000,4316901.500000,
654,Mining,120.39,30.03,30.09,30.24,30.03,"Thu May 7, 2026 - 16:30:27",User,1.5,ppm,,,,,,,,,Mining,,,,,,,,,,,,<LOD,1.6187,0.7501,170010.0469 , 2315.5498,2.5736,<LOD,3.3037,0.0941,<LOD,1.4522,0.1337,<LOD,2.4221,1.3614,<LOD,58.1360,12.7009,94.6834 , 5.8084,2.9291,25.1667 , 3.2710,0.3947,37633.6211 , 196.2116,83.2626,<LOD,0.0000,0.0000,38968.8516 , 5581.8071,0.1114,963.9001 , 35.3254,1.9938,<LOD,1.1455,4.4344,5.0109 , 0.6365,2.9221,34.1577 , 5.4347,0.2826,8366.6934 , 499.5481,1.7316,8.0477 , 1.0171,0.3066,<LOD,1.4561,0.5616,<LOD,0.0000,0.0000,,,,7074.3965 , 101.3041,2.2287,<LOD,4.6330,4.0175,<LOD,0.8788,0.1754,261156.5781 , 828.4299,18.5545,16.2967 , 2.5408,3.4351,<LOD,0.0000,0.0000,,,,6250.5913 , 45.3747,16.8771,133.4328 , 12.0456,2.9829,<LOD,8.1534,0.2200,23.0044 , 0.7719,2.7143,94.3404 , 3.7881,0.9684,106.9595 , 1.3881,11.8025,<LOD,1.5013,0.2343,427140.0000 , 7239.5479,6.4907 , 2.0533,0.2610,29.6647 , 1.0099,1.5414,298.4316 , 1.7630,16.5037,5.0063 , 0.8501,0.3257,4.5584 , 1.1336,0.5861,364.5571 , 23.4459,16.6875,30619.9668 , 201.1431,32.2405,<LOD,52.3558,0.8079,10565.5146 , 131.1578,5.0343,,,,,,5,447.500000,39.000637,-122.662979,10.000000,529183.187500,4316901.500000,
655,Mining,120.67,30.21,30.20,30.26,29.09,"Thu May 7, 2026 - 16:33:47",User,1.5,ppm,,,,,,,,,Mining,,,,,,,,,,,,<LOD,1.7391,0.8072,110578.8438 , 1681.2206,1.7205,<LOD,3.0679,0.0945,<LOD,1.2616,0.1178,<LOD,2.3614,1.4250,<LOD,52.5812,11.6699,104.1817 , 5.7130,3.1523,18.6680 , 2.9623,0.3763,32537.6621 , 151.8901,74.1831,<LOD,0.0000,0.0000,38446.4492 , 5109.8530,0.0979,562.6447 , 28.1824,1.4159,<LOD,1.0775,4.6475,3.2468 , 0.5957,3.0173,15.5968 , 4.9008,0.2715,2262.9275 , 277.8576,0.5081,7.8069 , 0.9513,0.3143,<LOD,1.3845,0.5537,<LOD,0.0000,0.0000,,,,6996.8999 , 96.7627,2.2622,<LOD,4.4915,4.1821,<LOD,0.8484,0.1957,223488.3750 , 733.3083,15.4278,11.6223 , 2.4267,3.4158,<LOD,0.0000,0.0000,,,,5273.7266 , 39.0994,14.6846,148.7055 , 11.0991,2.7944,<LOD,7.3825,0.2094,20.5917 , 0.7076,2.6987,107.5894 , 3.7656,1.1176,95.2822 , 1.2353,11.4508,<LOD,1.3877,0.2291,540614.6875 , 6098.9082,4.5929 , 1.8531,0.2477,26.1256 , 0.9221,1.4941,277.9810 , 1.5314,16.3024,2.8496 , 0.7279,0.2759,5.6492 , 1.0765,0.6219,332.1637 , 22.3651,16.7122,26234.6074 , 175.2063,28.1372,<LOD,52.8645,0.8772,11820.5049 , 132.1762,5.6481,,,,,,6,447.799988,39.000629,-122.662964,10.000000,529184.250000,4316900.500000,
656,Mining,125.74,35.49,30.01,30.00,30.24,"Thu May 7, 2026 - 16:36:12",User,1.5,ppm,,,,,,,,,Mining,,,,,,,,,,,,<LOD,1.7268,0.7675,112005.3203 , 1770.6466,1.7401,<LOD,3.4231,0.0987,<LOD,1.4382,0.1284,<LOD,2.5760,1.3871,<LOD,55.8895,11.1802,109.9314 , 6.0113,3.0746,21.6879 , 3.2162,0.3727,33870.3633 , 152.0590,71.2788,<LOD,0.0000,0.0000,34397.6484 , 5078.3218,0.0929,655.8757 , 31.0316,1.4612,<LOD,1.1544,4.4104,5.9318 , 0.6500,3.0033,23.5160 , 5.3482,0.2789,2415.7915 , 273.6443,0.4870,10.1055 , 1.0650,0.3301,<LOD,1.5497,0.5713,<LOD,0.0000,0.0000,,,,7268.7905 , 95.7361,2.1818,<LOD,4.9417,4.1604,<LOD,0.9445,0.2027,239177.3281 , 716.3141,15.5481,14.4107 , 2.6688,3.3991,<LOD,0.0000,0.0000,,,,5676.1660 , 41.0885,14.6253,148.7516 , 11.6938,2.7339,<LOD,8.4514,0.2313,23.5159 , 0.7743,2.7051,116.1193 , 4.0849,1.1062,110.8387 , 1.3698,11.8411,<LOD,1.5365,0.2316,523175.0625 , 6347.6289,5.1188 , 2.0582,0.2529,29.5731 , 1.0113,1.5185,307.1195 , 1.6595,16.4678,4.1727 , 0.8339,0.3050,5.8615 , 1.1606,0.6045,391.2376 , 24.7174,16.8776,27684.7559 , 181.7220,27.7305,<LOD,52.5688,0.8492,12345.0342 , 137.1842,5.4768,,,,,,5,447.799988,39.000633,-122.662956,10.000000,529184.812500,4316901.000000,
657,Mining,120.08,30.10,30.25,30.29,29.44,"Thu May 7, 2026 - 16:39:39",User,1.5,ppm,,,,,,,,,Mining,,,,,,,,,,,,<LOD,1.5210,0.7627,160434.2500 , 1932.8442,2.4539,<LOD,2.9633,0.0941,<LOD,1.2431,0.1214,<LOD,2.2861,1.4056,<LOD,57.0233,15.8783,63.0911 , 5.7920,3.0022,13.5691 , 2.7651,0.3506,43059.0664 , 203.3894,105.0155,<LOD,0.0000,0.0000,33799.5469 , 5027.5000,0.1004,1054.5280 , 33.6988,2.3652,<LOD,1.0265,4.4425,2.5482 , 0.5686,2.8977,27.1506 , 4.9705,0.2578,823.2746 , 187.8486,0.2525,5.0287 , 0.8667,0.2754,<LOD,1.2806,0.4939,<LOD,0.0000,0.0000,,,,1728.3160 , 55.6621,0.8173,<LOD,4.3036,4.0032,<LOD,0.7763,0.1682,270361.2188 , 813.4197,20.9017,12.0204 , 2.3342,3.3005,<LOD,0.0000,0.0000,,,,5287.3091 , 42.4160,15.7710,170.3711 , 12.0630,3.0788,<LOD,7.2800,0.2178,19.8500 , 0.6893,2.6790,93.8681 , 3.4929,1.0227,88.0564 , 1.1875,10.8443,<LOD,1.2798,0.2116,438663.1250 , 6115.3550,<LOD,3.9364,0.2255,29.0465 , 0.9154,1.5893,259.7749 , 1.5129,15.4905,3.6741 , 0.7265,0.2934,2.9013 , 0.9881,0.5537,271.9602 , 21.2865,15.4842,35488.8320 , 220.1010,41.1348,<LOD,49.0705,0.8410,8237.6416 , 122.4936,4.4948,,,,,,6,447.799988,39.000633,-122.662956,10.000000,529185.250000,4316901.000000,
658,Mining,120.55,30.04,30.08,30.21,29.02,"Thu May 7, 2026 - 16:52:27",User,1.5,ppm,,,,,,,,,Mining,,,,,,,,,,,,<LOD,1.6425,0.7272,148799.1094 , 2175.3643,2.2784,<LOD,3.1994,0.0879,<LOD,1.4483,0.1329,<LOD,2.4253,1.2826,<LOD,60.4508,14.3593,81.7430 , 5.6061,2.7712,15.6986 , 3.0051,0.3339,42852.9102 , 204.1378,94.4387,<LOD,0.0000,0.0000,36858.2578 , 5572.7993,0.1016,1126.6458 , 36.6591,2.2556,<LOD,1.0883,3.9961,3.2471 , 0.6100,2.6867,27.4117 , 5.3465,0.2469,998.1052 , 202.4829,0.2425,5.1993 , 0.9332,0.2569,<LOD,1.4108,0.4922,<LOD,0.0000,0.0000,,,,3268.9229 , 73.1236,1.1917,<LOD,4.6478,3.8139,<LOD,0.8774,0.1776,271108.0312 , 827.7498,19.0797,14.8095 , 2.5307,3.1877,<LOD,0.0000,0.0000,,,,5442.6108 , 41.0306,14.5867,164.1279 , 11.5413,2.7753,<LOD,7.8247,0.2028,19.6495 , 0.7281,2.4119,93.0829 , 3.7076,0.9302,89.9141 , 1.2637,9.9648,<LOD,1.4369,0.2055,443300.9688 , 6973.7993,<LOD,4.1645,0.2083,27.8064 , 0.9597,1.4004,263.3109 , 1.5924,14.1918,2.2833 , 0.7960,0.2653,3.3079 , 1.0581,0.5116,350.5867 , 23.3479,15.5317,37511.2305 , 217.9926,39.6779,<LOD,53.2816,0.8154,7571.0469 , 114.2659,3.8347,,,,,,6,449.700012,39.000645,-122.662888,10.000000,529191.125000,4316902.000000,
659,Mining,30.02,28.24,,,,"Thu May 7, 2026 - 16:56:12",User,1.5,ppm,,,,,,,,,Mining,,,,,,,,,,,,502.2539 , 447.4656,11.2382,,,,<LOD,28.1170,0.0627,<LOD,12.4213,0.0923,<LOD,36.3013,4.6524,<LOD,700.0073,218.3061,9627.9473 , 111.6556,23.3762,1289.4894 , 54.6955,1.2125,888361.8125 , 594.1508,1493.0200,<LOD,0.0000,0.0000,,,,3959.0100 , 139.7974,14.7888,5047.5679 , 27.1036,53.5307,<LOD,6.8716,0.8230,420.7646 , 138.8718,0.5030,,,,147.7527 , 12.8477,0.4660,<LOD,38.2903,5.5812,<LOD,0.0000,0.0000,,,,,,,<LOD,70.9854,5.3963,<LOD,7.4479,0.1242,,,,99.9622 , 31.3808,6.1334,<LOD,0.0000,0.0000,,,,210.6610 , 84.1475,1.4123,80.4724 , 50.4648,1.5497,<LOD,0.0000,0.1565,<LOD,4.0445,0.2791,<LOD,24.9231,0.1983,<LOD,4.2836,0.4381,<LOD,16.3807,0.2126,90230.7891 , 15392.6924,21.4896 , 14.9186,0.1630,<LOD,5.2501,-0.1428,<LOD,2.2828,0.1360,<LOD,20.6486,-1.2335,<LOD,7.4473,-0.1038,,,,,,,,,,,,,,,,,,8,449.600006,39.000652,-122.662895,10.000000,529190.562500,4316903.000000,
661,Health Check,151.50,,,,,"Fri May 8, 2026 - 08:07:50",User,,,,,,,,,,,Health Check,Pass,Detector Quality: 1.06 — Pass; Fault Free: Pass; Battery Health  95%: Pass; C#1 Voltage  3587 mV: Pass; C#2 Voltage  3586 mV: Pass; Tube Health: Pass; System Check: Reading #660 - Pass; Filter Wheel Check: Pass; XRay LED Test: Pass; Wi-Fi: Pass; Bluetooth: Pass; GPS: Pass; ,,,,,,,,,,,,,,,,,,,,,,,,,,,,,,,,,,,,,,,,,,,,,,,,,,,,,,,,,,,,,,,,,,,,,,,,,,,,,,,,,,,,,,,,,,,,,,,,,,,,,,,,,,,,,,,,,,,,,,,,,,,,,,,,,,,,,,,,,,,,,,,,,,,,,,,,,
662,Mining,125.91,35.72,30.02,30.08,30.09,"Fri May 8, 2026 - 08:10:33",User,1.5,ppm,,,,,,,,,Mining,,,,,,,,,,,,43.2762 , 5.4130,0.2605,<LOD,1432.6816,0.0657,<LOD,26.0462,0.0582,<LOD,11.4594,0.0852,<LOD,8.4216,0.2160,<LOD,450.0674,218.6211,10012.6377 , 78.2981,83.3095,1295.5050 , 52.6024,1.2156,870492.1250 , 1266.6110,1501.1282,<LOD,0.0000,0.0000,<LOD,14441.3672,0.0153,3849.4834 , 134.9851,14.7891,5021.2036 , 26.1809,54.2611,<LOD,5.0707,0.8168,715.0558 , 134.5040,0.5315,461.4527 , 143.1673,0.1207,<LOD,11.5353,0.2103,<LOD,6.1996,0.0976,<LOD,0.0000,0.0000,,,,<LOD,98.5430,1.1073,<LOD,22.3283,0.6394,<LOD,6.9727,0.1129,7061.2305 , 158.7471,0.4291,162.7513 , 10.3708,0.7891,<LOD,0.0000,0.0000,,,,<LOD,190.1801,1.5893,<LOD,56.3989,1.4955,<LOD,82.0347,0.1658,<LOD,3.8632,0.2882,<LOD,23.3644,0.1825,<LOD,3.1996,0.4379,39.8315 , 8.3504,0.1966,99388.1250 , 18071.4727,<LOD,38.2196,0.1620,<LOD,6.1194,-0.2197,<LOD,2.1918,0.1358,<LOD,21.4684,-1.4124,<LOD,8.0622,-0.1304,144.1492 , 76.4047,1.8830,<LOD,192.3262,0.6671,<LOD,48.7301,0.8454,396.2047 , 134.8548,0.7966,,,,,,,,,,,,,
663,Mining,30.15,28.65,,,,"Fri May 8, 2026 - 08:26:51",User,1.5,ppm,,,,,,,,,Mining,,,,,,,,,,,,484.2272 , 431.4183,11.1352,,,,46.5374 , 21.1544,0.0823,<LOD,12.7197,0.1007,<LOD,34.8961,4.6816,<LOD,462.2451,218.2460,9527.6914 , 110.4308,23.2044,1233.6216 , 53.0910,1.1857,883429.4375 , 568.4240,1497.3514,<LOD,0.0000,0.0000,,,,3992.3054 , 138.3630,14.8674,5003.7183 , 26.6347,53.7675,<LOD,5.7251,0.8171,526.9998 , 135.9817,0.4871,,,,<LOD,10.4035,0.1663,<LOD,35.3005,5.6050,<LOD,0.0000,0.0000,,,,,,,<LOD,74.8908,5.4841,<LOD,7.5637,0.1210,,,,122.4287 , 30.9600,6.2392,<LOD,0.0000,0.0000,,,,295.1161 , 85.1212,1.4737,<LOD,180.9976,1.3980,<LOD,0.0000,0.1505,<LOD,3.6357,0.2442,<LOD,25.9446,0.2234,<LOD,4.4100,0.4468,53.7773 , 8.3047,0.2021,95284.1953 , 15060.8574,<LOD,32.3027,0.1602,<LOD,5.3938,-0.1480,<LOD,2.1313,0.1233,<LOD,21.3394,-1.3612,<LOD,8.2469,-0.1294,,,,,,,,,,,,,,,,,,7,441.899994,39.000790,-122.662956,10.000000,529184.875000,4316918.000000,
664,Mining,120.44,30.17,30.20,30.06,30.01,"Fri May 8, 2026 - 09:14:21",User,1.5,ppm,,,,,,,,,Mining,,,,,,,,,,,,<LOD,1.4342,0.8465,159046.8906 , 1713.1787,2.4559,<LOD,3.0930,0.1176,<LOD,1.4679,0.1926,<LOD,2.1464,1.5367,<LOD,44.4156,9.3721,95.0900 , 5.2726,2.9265,17.0124 , 2.7450,0.3917,24932.2910 , 131.7568,60.7902,<LOD,0.0000,0.0000,24423.4102 , 4363.1982,0.0894,330.4115 , 23.1813,1.0719,<LOD,1.0262,5.1434,4.6941 , 0.5557,3.2189,<LOD,6.5962,0.2099,797.9951 , 169.2390,0.2226,6.9487 , 0.8887,0.3332,<LOD,1.2859,0.6286,<LOD,0.0000,0.0000,,,,1379.8088 , 49.4369,0.6860,26.3970 , 2.9074,5.5809,<LOD,0.8219,0.2210,305446.1250 , 813.9342,24.0798,9.4122 , 2.2325,3.8082,<LOD,0.0000,0.0000,,,,7364.6055 , 45.4008,21.5011,150.8015 , 11.9840,3.6697,<LOD,6.5834,0.2042,7.3796 , 0.5464,1.9456,25.3111 , 2.2757,0.4951,120.1626 , 1.2944,14.8439,59.9827 , 1.8849,1.8355,435807.0000 , 5439.2959,5.1214 , 1.7903,0.2898,17.3499 , 0.7826,1.2475,286.8877 , 1.5265,18.6768,5.6740 , 0.7879,0.3642,5.1899 , 1.0113,0.6695,415.3961 , 21.1135,20.0218,33111.7930 , 193.8294,37.8071,<LOD,44.9398,0.7430,6100.8315 , 99.1836,3.4299,,,,,,7,404.899994,39.003487,-122.670647,10.000000,528518.187500,4317215.000000,
665,Mining,120.00,30.17,30.27,30.23,29.33,"Fri May 8, 2026 - 09:17:09",User,1.5,ppm,,,,,,,,,Mining,,,,,,,,,,,,<LOD,1.4832,0.8450,159585.8281 , 1853.2162,2.4646,<LOD,3.1543,0.1219,<LOD,1.4231,0.1798,<LOD,2.2190,1.5358,<LOD,44.3940,9.3171,87.1158 , 5.0438,2.8352,22.5083 , 2.8529,0.4200,25338.2188 , 138.7128,61.0492,<LOD,0.0000,0.0000,30859.5410 , 4752.9878,0.0966,351.8590 , 23.4653,1.0946,<LOD,1.0164,5.0159,5.3112 , 0.5552,3.2020,6.5614 , 4.0052,0.2171,758.9348 , 178.2292,0.2195,8.9672 , 0.9257,0.3593,<LOD,1.3053,0.6022,<LOD,0.0000,0.0000,,,,1413.5709 , 52.7734,0.7004,22.4126 , 2.9662,5.3795,<LOD,0.8151,0.2123,309639.1250 , 868.8735,24.2291,11.5773 , 2.3006,3.7772,<LOD,0.0000,0.0000,,,,7116.5054 , 44.4436,20.6428,127.5880 , 11.3436,3.4688,<LOD,6.7392,0.2120,8.1979 , 0.5560,1.9990,27.3228 , 2.3143,0.5078,116.8795 , 1.2893,14.3881,49.9227 , 1.7707,1.5719,423844.9062 , 5870.0391,<LOD,4.1239,0.2588,19.5547 , 0.7946,1.3067,288.5461 , 1.5610,18.5160,6.5732 , 0.7916,0.3807,3.6251 , 0.9785,0.6247,399.0753 , 21.6018,19.4236,33784.9336 , 194.2073,38.2607,<LOD,46.9651,0.7276,6094.8677 , 96.0932,3.3964,,,,,,8,405.299988,39.003487,-122.670662,10.000000,528516.875000,4317215.000000,
666,Mining,120.40,30.29,30.20,30.26,29.65,"Fri May 8, 2026 - 09:20:59",User,1.5,ppm,,,,,,,,,Mining,,,,,,,,,,,,<LOD,1.6429,0.6642,131376.9375 , 2175.4312,2.0417,<LOD,3.2043,0.0820,<LOD,1.4131,0.1167,<LOD,2.4740,1.2247,<LOD,56.0222,10.5665,74.0231 , 5.6469,2.4656,9.4888 , 2.8690,0.2795,34248.5508 , 157.2854,67.1411,<LOD,0.0000,0.0000,22029.2539 , 5368.7261,0.0809,522.8558 , 28.7000,1.1750,<LOD,1.1129,3.8883,3.6254 , 0.6162,2.5449,<LOD,7.2513,0.1867,1064.8966 , 213.0985,0.2272,6.5115 , 0.9640,0.2544,<LOD,1.4681,0.4900,<LOD,0.0000,0.0000,,,,806.5027 , 53.5806,0.4977,<LOD,4.7756,3.7395,<LOD,0.8370,0.1462,313112.0000 , 833.2202,20.2526,14.8487 , 2.5747,3.0329,<LOD,0.0000,0.0000,,,,6178.5371 , 42.7489,14.6807,140.8797 , 11.9322,2.6213,<LOD,7.3897,0.1673,17.9632 , 0.7203,2.1955,54.2529 , 3.1002,0.6007,100.8055 , 1.3101,10.1536,3.4859 , 1.0529,0.2736,444995.2188 , 6975.3413,<LOD,2.6527,0.1733,30.0526 , 0.9910,1.3964,281.3622 , 1.5937,14.0935,3.3569 , 0.8022,0.2599,3.8327 , 1.0843,0.4997,372.2641 , 23.7853,14.9793,38092.4219 , 211.2690,35.6576,<LOD,56.3027,0.7610,6456.0532 , 108.1858,3.0091,,,,,,7,405.500000,39.003490,-122.670670,10.000000,528515.750000,4317215.500000,
667,Mining,120.57,30.01,30.05,30.28,28.13,"Fri May 8, 2026 - 09:23:25",User,1.5,ppm,,,,,,,,,Mining,,,,,,,,,,,,<LOD,1.6342,0.6436,127994.6719 , 2266.1018,1.9906,<LOD,3.2002,0.0767,<LOD,1.4710,0.1197,<LOD,2.4993,1.2309,<LOD,56.7381,10.2282,70.1517 , 5.8311,2.4185,10.0519 , 2.9587,0.2809,34088.8945 , 160.2663,65.7855,<LOD,0.0000,0.0000,27332.4648 , 5672.4370,0.0859,507.9384 , 29.1228,1.1415,<LOD,1.1395,3.8772,4.2923 , 0.6302,2.5306,12.7512 , 5.0924,0.2087,900.8424 , 213.5401,0.2121,6.2186 , 0.9839,0.2504,<LOD,1.4383,0.4592,<LOD,0.0000,0.0000,,,,706.9778 , 53.4173,0.4661,<LOD,4.7692,3.6502,<LOD,0.9095,0.1700,310722.5938 , 849.8384,19.7572,18.2770 , 2.5907,3.0243,<LOD,0.0000,0.0000,,,,6139.6294 , 44.1516,14.3898,143.3803 , 12.3597,2.5896,<LOD,7.6976,0.1712,17.1545 , 0.7276,2.1195,50.3058 , 3.0969,0.5670,102.6433 , 1.3415,10.0597,4.8084 , 1.1058,0.2937,445357.8125 , 7363.1211,<LOD,4.0664,0.1911,30.1213 , 1.0031,1.3604,275.5822 , 1.6089,13.6068,2.8356 , 0.8186,0.2504,2.5617 , 1.0830,0.4708,377.5880 , 23.8219,14.7571,38519.8125 , 218.6685,35.4215,<LOD,57.4457,0.7462,6599.6270 , 112.6580,3.0216,,,,,,7,405.799988,39.003487,-122.670677,10.000000,528515.187500,4317215.000000,
668,Mining,126.20,35.59,30.19,30.13,30.29,"Fri May 8, 2026 - 09:26:49",User,1.5,ppm,,,,,,,,,Mining,,,,,,,,,,,,<LOD,1.7298,0.6981,134103.6250 , 2087.4832,2.0852,<LOD,3.3546,0.0881,<LOD,1.4077,0.1142,<LOD,2.5750,1.2556,<LOD,62.1262,13.9307,74.3195 , 6.2882,2.7198,4.7196 , 2.8051,0.2644,44078.2891 , 194.2358,90.6516,<LOD,0.0000,0.0000,36860.6406 , 5437.0820,0.0977,669.2422 , 31.1682,1.4964,<LOD,1.1320,3.9023,3.9720 , 0.6265,2.5590,23.6059 , 5.4673,0.2318,1024.2832 , 192.5096,0.2296,6.7104 , 0.9907,0.2638,<LOD,1.5169,0.4946,<LOD,0.0000,0.0000,,,,679.7693 , 46.5444,0.4607,<LOD,4.9343,3.7476,<LOD,0.9083,0.1728,308871.5000 , 809.4238,20.9806,12.7719 , 2.6560,3.0312,<LOD,0.0000,0.0000,,,,6222.3018 , 46.4693,15.4997,152.6662 , 13.1247,2.8101,<LOD,7.8144,0.1846,16.9346 , 0.7171,2.1233,43.2547 , 2.9279,0.5300,100.3997 , 1.3303,10.1257,<LOD,2.3238,0.2261,421175.0938 , 6951.7183,<LOD,4.7062,0.2073,28.2349 , 0.9918,1.3506,281.1327 , 1.6352,14.1013,4.1481 , 0.8160,0.2690,5.2936 , 1.1228,0.5246,379.7193 , 24.6918,15.1426,38743.3320 , 230.5396,37.9538,<LOD,50.7202,0.7490,6434.0337 , 116.8237,3.1431,,,,,,8,406.000000,39.003487,-122.670685,10.000000,528514.625000,4317215.000000,
669,Mining,120.45,30.09,30.11,30.30,29.95,"Fri May 8, 2026 - 09:29:05",User,1.5,ppm,,,,,,,,,Mining,,,,,,,,,,,,<LOD,1.6702,0.6866,134713.2344 , 2270.3420,2.0953,<LOD,3.2593,0.0836,<LOD,1.4689,0.1248,<LOD,2.4601,1.2036,<LOD,60.9783,13.2694,73.2765 , 6.1284,2.6946,13.4624 , 2.9995,0.3033,42386.9453 , 199.2139,86.3167,<LOD,0.0000,0.0000,43447.9727 , 5918.5933,0.1051,646.7867 , 30.7839,1.4403,<LOD,1.1263,3.8893,5.4051 , 0.6310,2.6244,22.6932 , 5.3837,0.2285,900.6760 , 204.7091,0.2257,7.3863 , 0.9980,0.2689,<LOD,1.4804,0.4979,<LOD,0.0000,0.0000,,,,660.1307 , 49.0883,0.4510,<LOD,4.7962,3.7709,<LOD,0.8654,0.1555,314455.9062 , 867.2100,21.1915,17.7822 , 2.5869,3.0571,<LOD,0.0000,0.0000,,,,6139.3423 , 45.9026,15.1910,161.5224 , 12.8363,2.8052,<LOD,7.6453,0.1768,17.6112 , 0.7201,2.1499,46.4088 , 2.9803,0.5501,103.7154 , 1.3510,10.3275,<LOD,1.7151,0.2174,411139.6875 , 7528.8691,<LOD,3.5506,0.1912,27.9186 , 0.9759,1.3171,284.0819 , 1.6716,14.2102,3.6920 , 0.8320,0.2740,3.6004 , 1.0889,0.4951,396.1489 , 23.9607,15.1172,38194.1758 , 227.1089,36.9908,<LOD,53.9393,0.7466,6130.4619 , 112.3512,3.0011,,,,,,8,406.299988,39.003487,-122.670685,10.000000,528514.437500,4317215.000000,
670,Mining,120.60,30.18,30.06,30.13,28.73,"Fri May 8, 2026 - 09:32:02",User,1.5,ppm,,,,,,,,,Mining,,,,,,,,,,,,<LOD,1.7571,0.8067,155723.0156 , 1973.0732,2.4186,<LOD,2.9449,0.0975,<LOD,1.3093,0.1422,<LOD,2.2376,1.4409,<LOD,56.8042,16.7173,81.6793 , 6.0002,3.2402,11.6793 , 2.6673,0.3444,43778.6992 , 234.6367,109.6709,<LOD,0.0000,0.0000,62832.5234 , 5613.5806,0.1323,693.4830 , 29.0007,1.8460,<LOD,1.0330,4.6877,5.4418 , 0.5763,3.1265,24.5792 , 4.9146,0.2619,1023.5754 , 191.8988,0.2784,8.5826 , 0.9373,0.3403,<LOD,1.3106,0.5590,<LOD,0.0000,0.0000,,,,612.5405 , 43.5252,0.4799,<LOD,4.2924,4.3430,<LOD,0.8125,0.2010,302862.1250 , 931.1334,24.9157,9.4471 , 2.2796,3.3631,<LOD,0.0000,0.0000,,,,6572.9634 , 48.9836,19.9437,152.7980 , 12.8656,3.5492,<LOD,6.6991,0.1945,17.6252 , 0.6624,2.5884,43.3151 , 2.6388,0.6177,107.3740 , 1.3111,13.0744,<LOD,1.5533,0.2675,379608.9688 , 6566.7295,<LOD,2.4149,0.2041,27.7509 , 0.9067,1.6066,305.7469 , 1.7558,18.6258,3.9634 , 0.7552,0.3295,4.3878 , 1.0202,0.6239,318.1464 , 21.1926,16.5810,38774.6172 , 240.1970,46.0978,<LOD,48.0817,0.8013,6395.0039 , 112.5150,3.7935,,,,,,8,406.299988,39.003487,-122.670692,10.000000,528514.187500,4317215.000000,
671,Mining,120.53,30.05,30.10,30.17,30.21,"Fri May 8, 2026 - 09:34:20",User,1.5,ppm,,,,,,,,,Mining,,,,,,,,,,,,<LOD,1.5111,0.7943,154918.0781 , 1868.0107,2.4076,<LOD,3.0429,0.0997,<LOD,1.3447,0.1432,<LOD,2.2479,1.4284,<LOD,57.8224,16.4726,84.2430 , 6.0911,3.2621,10.4698 , 2.7023,0.3374,43236.0586 , 221.4827,107.5444,<LOD,0.0000,0.0000,58520.8945 , 5275.6133,0.1275,697.1904 , 29.6407,1.8365,<LOD,1.0612,4.7528,6.2367 , 0.5929,3.1773,23.4016 , 5.0358,0.2666,921.7906 , 185.6720,0.2814,8.4060 , 0.9493,0.3337,<LOD,1.3617,0.5970,<LOD,0.0000,0.0000,,,,714.5894 , 42.4268,0.5028,<LOD,4.2899,4.2248,<LOD,0.8194,0.1925,304820.6562 , 879.8799,24.9320,12.6078 , 2.3136,3.4243,<LOD,0.0000,0.0000,,,,6595.7749 , 48.4895,19.8169,159.0809 , 13.0021,3.5436,<LOD,7.1242,0.2106,18.6263 , 0.6859,2.6590,42.2673 , 2.6818,0.6096,109.3704 , 1.3315,13.1561,<LOD,1.6228,0.2662,383383.5625 , 6276.0562,<LOD,2.5523,0.2173,28.9830 , 0.9298,1.6341,304.9995 , 1.7342,18.4998,3.0730 , 0.7607,0.3129,3.0562 , 1.0222,0.5976,311.8633 , 21.3100,16.5031,38493.6094 , 236.7950,45.5680,<LOD,45.6656,0.7929,6571.1206 , 114.4528,3.8434,,,,,,8,406.399994,39.003487,-122.670692,10.000000,528514.000000,4317215.000000,
672,Mining,120.71,30.21,30.14,30.10,27.85,"Fri May 8, 2026 - 09:37:22",User,1.5,ppm,,,,,,,,,Mining,,,,,,,,,,,,<LOD,1.5304,0.7638,154394.8125 , 2032.0608,2.3968,<LOD,3.0575,0.0992,<LOD,1.2875,0.1293,<LOD,2.3056,1.4115,<LOD,56.7364,15.4510,76.9162 , 6.1713,3.1123,12.1320 , 2.7109,0.3346,42132.0391 , 218.3129,100.7989,<LOD,0.0000,0.0000,46270.4805 , 5533.9580,0.1137,779.9658 , 30.4132,1.8846,<LOD,1.0346,4.4043,4.0483 , 0.5762,2.9271,19.7273 , 4.9015,0.2476,890.9297 , 191.0925,0.2470,6.9239 , 0.9131,0.3037,<LOD,1.3507,0.5487,<LOD,0.0000,0.0000,,,,755.0429 , 46.9163,0.5132,<LOD,4.4222,4.2356,<LOD,0.8081,0.1844,308061.0000 , 918.3168,24.4622,14.0811 , 2.3808,3.4187,<LOD,0.0000,0.0000,,,,6191.7676 , 48.1200,18.0228,135.9719 , 12.8908,3.2090,<LOD,6.4125,0.1669,16.2604 , 0.6614,2.4288,44.0616 , 2.6913,0.6052,103.5695 , 1.2831,12.0640,<LOD,2.0586,0.2578,391057.5625 , 6591.2021,9.8185 , 1.8804,0.2847,30.1818 , 0.9473,1.6586,281.3142 , 1.6416,16.5423,3.8387 , 0.7468,0.3052,5.3789 , 1.0562,0.6251,362.9984 , 22.1396,16.9396,41531.7734 , 250.1622,47.3103,<LOD,50.0282,0.7911,6807.4429 , 118.7368,3.8775,,,,,,7,406.700012,39.003487,-122.670692,10.000000,528513.875000,4317215.000000,
673,Mining,120.39,30.20,30.16,30.16,29.87,"Fri May 8, 2026 - 09:39:37",User,1.5,ppm,,,,,,,,,Mining,,,,,,,,,,,,<LOD,1.5509,0.7597,155622.9219 , 1948.4073,2.4141,<LOD,3.0660,0.0886,<LOD,1.4257,0.1420,<LOD,2.3317,1.3926,<LOD,61.9778,17.3132,82.1922 , 6.1556,3.2000,7.7747 , 2.7635,0.3124,48027.1523 , 237.5847,116.2348,<LOD,0.0000,0.0000,47653.6797 , 5337.6128,0.1154,1294.3490 , 38.0034,2.7797,<LOD,1.0985,4.4592,4.0127 , 0.6019,2.8543,32.6547 , 5.2782,0.2415,814.3797 , 181.5981,0.2483,7.1799 , 0.9670,0.3047,<LOD,1.3595,0.5381,<LOD,0.0000,0.0000,,,,747.6143 , 44.3667,0.5154,<LOD,4.4912,4.1910,<LOD,0.8626,0.1923,305833.8438 , 872.4401,24.4919,13.0738 , 2.4306,3.4444,<LOD,0.0000,0.0000,,,,6056.3262 , 46.5810,17.7944,139.9832 , 12.6576,3.1933,<LOD,7.2142,0.1907,17.5740 , 0.7063,2.4777,39.4540 , 2.7397,0.5634,104.0573 , 1.3407,11.9207,<LOD,2.1298,0.2575,385233.8438 , 6436.5840,7.2180 , 1.9490,0.2670,30.7706 , 0.9812,1.6134,287.3457 , 1.7069,16.5756,2.1804 , 0.7854,0.2843,2.4603 , 1.0590,0.5597,358.9800 , 22.5984,16.9852,40988.4883 , 244.0090,47.3581,<LOD,46.6505,0.7736,6590.4746 , 116.1355,3.8192,,,,,,9,406.899994,39.003487,-122.670692,10.000000,528513.750000,4317215.000000,
674,Mining,126.12,35.58,30.11,30.27,30.16,"Fri May 8, 2026 - 09:42:56",User,1.5,ppm,,,,,,,,,Mining,,,,,,,,,,,,<LOD,1.5892,0.7502,155096.2656 , 2106.4678,2.3995,<LOD,3.0170,0.0849,<LOD,1.3607,0.1275,<LOD,2.3455,1.3217,<LOD,56.8952,13.3221,76.1122 , 5.7580,2.8087,9.2554 , 2.7525,0.3035,38805.0078 , 196.4717,86.3052,<LOD,0.0000,0.0000,41864.8008 , 5419.7188,0.1082,592.9092 , 28.9285,1.4605,<LOD,1.0836,4.2861,4.4892 , 0.6015,2.8239,12.6067 , 4.9014,0.2214,935.7560 , 190.0356,0.2384,7.1828 , 0.9534,0.2925,<LOD,1.3915,0.5294,<LOD,0.0000,0.0000,,,,465.9477 , 43.3473,0.4171,<LOD,4.4921,3.9240,<LOD,0.8330,0.1750,318201.8750 , 881.2544,23.6551,9.0598 , 2.4231,3.1988,<LOD,0.0000,0.0000,,,,6266.4561 , 45.5155,16.9290,132.3732 , 12.1655,2.9784,<LOD,7.1674,0.1850,17.3121 , 0.6962,2.3851,44.5774 , 2.8121,0.5823,103.6873 , 1.3182,11.5281,<LOD,1.3819,0.2099,388679.6250 , 6779.7261,3.1098 , 1.8193,0.2232,31.7494 , 0.9964,1.6374,291.6317 , 1.6824,16.1922,4.0412 , 0.7900,0.3025,5.7841 , 1.0969,0.5975,351.4975 , 22.6200,16.0837,40712.5273 , 233.0500,43.3008,<LOD,49.5930,0.7550,7274.3638 , 115.3757,3.8180,,,,,,10,407.299988,39.003487,-122.670700,10.000000,528513.000000,4317215.000000,
675,Mining,126.19,35.53,30.21,30.30,30.15,"Fri May 8, 2026 - 09:45:19",User,1.5,ppm,,,,,,,,,Mining,,,,,,,,,,,,<LOD,1.5718,0.7214,147915.7500 , 2059.6177,2.2915,<LOD,3.4125,0.1064,<LOD,1.3612,0.1241,<LOD,2.3125,1.2602,<LOD,56.9442,12.9172,71.4676 , 5.7265,2.6357,11.5700 , 2.8216,0.3105,37992.9609 , 185.4567,82.9768,<LOD,0.0000,0.0000,39157.4102 , 5307.1733,0.1030,617.0565 , 29.4573,1.4654,<LOD,1.0833,4.1868,4.4390 , 0.6018,2.7660,<LOD,10.5686,0.2075,991.9471 , 185.4572,0.2269,7.4588 , 0.9689,0.2936,<LOD,1.4012,0.5294,<LOD,0.0000,0.0000,,,,295.6163 , 41.0196,0.3658,<LOD,4.4771,3.8553,<LOD,0.8990,0.1963,315517.1250 , 853.2032,22.8087,15.5349 , 2.4351,3.2128,<LOD,0.0000,0.0000,,,,5659.0879 , 43.0646,14.9516,140.9367 , 11.9526,2.7233,<LOD,6.8520,0.1646,17.6856 , 0.7068,2.3995,41.5688 , 2.7744,0.5519,103.8888 , 1.3191,11.3953,<LOD,1.7908,0.2379,405140.4688 , 6695.0742,2.4267 , 1.7910,0.2119,34.1210 , 1.0104,1.6711,293.2043 , 1.6661,16.0429,3.8075 , 0.7887,0.2930,2.7636 , 1.0584,0.5411,392.0183 , 22.6686,16.1517,38958.0547 , 227.4663,40.3899,<LOD,49.4341,0.7446,6611.6470 , 112.8332,3.4068,,,,,,9,407.200012,39.003487,-122.670708,10.000000,528512.875000,4317215.000000,
676,Mining,125.83,35.60,30.16,30.00,30.07,"Fri May 8, 2026 - 09:48:34",User,1.5,ppm,,,,,,,,,Mining,,,,,,,,,,,,<LOD,1.6987,0.6730,147817.6094 , 2345.0735,2.2889,<LOD,3.3573,0.0920,<LOD,1.4053,0.1185,<LOD,2.5909,1.2782,<LOD,57.1301,11.5118,79.0629 , 5.9096,2.5916,13.3722 , 2.9309,0.2999,36725.8086 , 181.4631,73.5445,<LOD,0.0000,0.0000,38552.2734 , 5723.0747,0.1022,553.4818 , 29.0082,1.2566,<LOD,1.1150,3.9901,4.8922 , 0.6144,2.5870,<LOD,11.4518,0.2031,1047.3983 , 203.6775,0.2306,7.2336 , 0.9776,0.2680,<LOD,1.5323,0.5070,<LOD,0.0000,0.0000,,,,382.7279 , 45.1451,0.3769,<LOD,4.9461,3.7827,<LOD,0.9095,0.1812,334897.5625 , 879.2935,22.6767,18.9118 , 2.6948,3.1671,<LOD,0.0000,0.0000,,,,6152.5806 , 44.9849,14.9368,137.5600 , 12.2905,2.6582,<LOD,7.5017,0.1774,16.3569 , 0.7046,2.1366,37.5948 , 2.7722,0.4928,105.0945 , 1.3411,10.5680,<LOD,1.5029,0.2118,386043.0938 , 7475.1899,<LOD,4.3742,0.2048,32.5031 , 1.0117,1.4934,290.3013 , 1.6772,14.6670,2.4746 , 0.7867,0.2518,3.5234 , 1.0813,0.5082,411.1947 , 24.9695,15.7144,40050.8633 , 229.5644,38.4880,<LOD,54.2770,0.7618,6616.5098 , 113.2614,3.1841,,,,,,8,407.200012,39.003487,-122.670708,10.000000,528512.562500,4317215.000000,
677,Mining,120.10,30.07,30.16,30.20,29.67,"Fri May 8, 2026 - 09:50:47",User,1.5,ppm,,,,,,,,,Mining,,,,,,,,,,,,<LOD,1.7262,0.7107,146149.1250 , 2368.4258,2.2644,<LOD,3.2361,0.0808,<LOD,1.3509,0.1036,<LOD,2.5316,1.2314,<LOD,58.3532,11.3514,77.1547 , 6.0385,2.5966,11.4577 , 2.9765,0.2927,36695.4141 , 184.1896,73.4539,<LOD,0.0000,0.0000,38610.6289 , 5811.7920,0.1019,591.7555 , 30.4254,1.3094,<LOD,1.1480,4.0042,4.3397 , 0.6291,2.5627,11.7107 , 5.0933,0.2037,819.4072 , 198.9424,0.2078,7.1401 , 1.0020,0.2668,<LOD,1.5373,0.5204,<LOD,0.0000,0.0000,,,,367.8285 , 45.7280,0.3742,<LOD,4.9153,3.7921,<LOD,0.8885,0.1637,333250.3125 , 890.0404,22.5140,13.6361 , 2.6621,3.1251,<LOD,0.0000,0.0000,,,,6108.3789 , 46.0493,14.9191,134.8949 , 12.5747,2.6664,<LOD,7.8286,0.1825,17.0261 , 0.7302,2.1745,39.9360 , 2.8937,0.5084,104.6361 , 1.3752,10.5577,1.3508 , 1.0284,0.2363,389361.4062 , 7595.6108,<LOD,2.7884,0.1856,32.5902 , 1.0405,1.4965,291.6748 , 1.7202,14.7235,4.2197 , 0.8023,0.2637,3.7899 , 1.1129,0.5101,388.4250 , 24.7548,15.6019,40159.0508 , 233.5530,38.4953,<LOD,55.1395,0.7616,6742.6992 , 116.1163,3.2278,,,,,,9,407.100006,39.003487,-122.670708,10.000000,528512.562500,4317215.000000,
678,Mining,126.28,35.72,30.22,30.23,30.11,"Fri May 8, 2026 - 09:54:23",User,1.5,ppm,,,,,,,,,Mining,,,,,,,,,,,,<LOD,1.5363,0.7551,137935.4062 , 1871.9764,2.1488,<LOD,2.8629,0.0798,<LOD,1.2571,0.1135,<LOD,2.2751,1.3441,<LOD,55.9976,13.4109,81.7677 , 5.6974,2.8461,7.2899 , 2.6762,0.2991,38295.7617 , 185.4280,87.5304,<LOD,0.0000,0.0000,45478.7383 , 5210.2363,0.1094,551.5233 , 28.0271,1.4280,<LOD,1.0535,4.2579,2.1116 , 0.5755,2.7011,14.4033 , 4.8062,0.2207,787.9240 , 183.5058,0.2346,5.8317 , 0.9086,0.2773,<LOD,1.3057,0.4991,<LOD,0.0000,0.0000,,,,1232.7213 , 50.6734,0.6480,<LOD,4.3398,3.9709,<LOD,0.7882,0.1634,295459.3438 , 824.8612,22.0305,11.3852 , 2.3397,3.2197,<LOD,0.0000,0.0000,,,,5863.7266 , 42.9850,16.1705,140.5481 , 11.8382,2.9088,<LOD,6.6795,0.1670,13.8364 , 0.6542,2.2041,37.1780 , 2.6339,0.5330,94.1228 , 1.2477,11.0189,<LOD,1.6539,0.2266,427073.6562 , 6327.3447,<LOD,4.1132,0.2081,28.6180 , 0.9453,1.5385,274.2957 , 1.5809,15.7111,4.1786 , 0.7473,0.2893,4.7942 , 1.0526,0.5772,321.1848 , 21.5948,15.7327,39718.5977 , 226.4871,43.1569,<LOD,48.2465,0.7872,6561.0181 , 110.5847,3.5528,,,,,,9,406.500000,39.003487,-122.670700,10.000000,528513.125000,4317215.000000,
679,Mining,126.21,35.70,30.00,30.25,30.26,"Fri May 8, 2026 - 09:56:48",User,1.5,ppm,,,,,,,,,Mining,,,,,,,,,,,,<LOD,1.5581,0.7494,137176.4531 , 1883.9109,2.1361,<LOD,3.1063,0.0960,<LOD,1.2194,0.1082,<LOD,2.3073,1.3348,<LOD,55.9591,13.6448,80.6749 , 5.6000,2.8512,4.7223 , 2.5970,0.2854,38720.0156 , 185.4557,88.4476,<LOD,0.0000,0.0000,43069.8008 , 5227.3242,0.1065,546.3470 , 27.8130,1.4292,<LOD,1.0467,4.2807,3.6027 , 0.5793,2.7994,11.0715 , 4.7853,0.2197,833.2037 , 185.0647,0.2324,7.8989 , 0.9408,0.3019,<LOD,1.3742,0.5372,<LOD,0.0000,0.0000,,,,1360.1740 , 52.8837,0.6883,<LOD,4.4143,3.9846,<LOD,0.8044,0.1680,293204.7812 , 826.6571,21.7563,16.1954 , 2.3922,3.2695,<LOD,0.0000,0.0000,,,,5853.4546 , 42.5660,16.2412,123.3225 , 11.5579,2.8639,<LOD,6.8605,0.1791,14.2297 , 0.6520,2.2231,33.6461 , 2.5506,0.5065,93.9305 , 1.2340,10.9299,<LOD,1.3630,0.2158,433085.7500 , 6338.1450,<LOD,3.2400,0.2080,27.8574 , 0.9203,1.4843,269.9848 , 1.5539,15.4329,3.3616 , 0.7197,0.2698,3.2357 , 1.0143,0.5427,323.3878 , 21.8819,15.6149,38634.8711 , 220.1584,42.0936,<LOD,48.4753,0.7712,6498.0234 , 107.9574,3.4964,,,,,,9,406.299988,39.003487,-122.670700,10.000000,528513.000000,4317215.000000,
680,Mining,120.01,30.11,30.21,30.07,29.62,"Fri May 8, 2026 - 10:00:24",User,1.5,ppm,,,,,,,,,Mining,,,,,,,,,,,,<LOD,1.6693,0.7080,129062.1172 , 2148.5393,2.0113,<LOD,3.0254,0.0773,<LOD,1.3032,0.1051,<LOD,2.4550,1.2386,<LOD,56.2821,11.5206,73.1017 , 5.8271,2.5433,12.3029 , 2.8868,0.2999,36682.5312 , 172.1895,74.5637,<LOD,0.0000,0.0000,36199.7031 , 5648.0664,0.0963,496.4718 , 27.8444,1.1968,<LOD,1.0745,3.9480,3.9990 , 0.5900,2.5556,14.1556 , 4.9525,0.2120,893.1762 , 201.9153,0.2146,6.4242 , 0.9466,0.2597,<LOD,1.4326,0.4779,<LOD,0.0000,0.0000,,,,1872.8383 , 62.4896,0.7588,<LOD,4.7297,3.7548,<LOD,0.8016,0.1430,306406.1562 , 846.8940,20.4694,18.5388 , 2.5764,3.1347,<LOD,0.0000,0.0000,,,,6154.3638 , 44.2094,15.0816,143.1949 , 12.2963,2.6952,<LOD,7.0324,0.1597,14.6746 , 0.6807,2.0627,37.5922 , 2.7338,0.4950,98.8699 , 1.2872,10.2202,<LOD,1.4123,0.2057,436561.8125 , 7119.4756,2.7295 , 1.8128,0.2002,30.8251 , 0.9703,1.4251,275.6906 , 1.5852,14.1632,4.6499 , 0.7798,0.2737,<LOD,2.4338,0.4724,375.6706 , 23.6836,15.2442,38246.6016 , 221.0595,36.9219,<LOD,53.8391,0.7372,6311.7974 , 111.1060,3.0649,,,,,,9,406.000000,39.003483,-122.670708,10.000000,528512.875000,4317214.500000,
681,Mining,120.49,30.06,30.16,30.12,30.15,"Fri May 8, 2026 - 10:02:41",User,1.5,ppm,,,,,,,,,Mining,,,,,,,,,,,,<LOD,1.6842,0.6971,126910.1172 , 2174.6516,1.9822,<LOD,3.1955,0.0830,<LOD,1.3533,0.1094,<LOD,2.4687,1.2050,<LOD,57.1022,11.4543,76.9885 , 5.7025,2.5727,10.3318 , 2.8770,0.2873,36601.1211 , 173.7643,73.5406,<LOD,0.0000,0.0000,42858.5391 , 5784.9790,0.1032,517.4090 , 28.5628,1.2140,<LOD,1.1003,3.8729,4.4960 , 0.6133,2.5800,8.3946 , 4.9752,0.2033,939.2471 , 199.4932,0.2113,5.7936 , 0.9502,0.2520,<LOD,1.4784,0.4946,<LOD,0.0000,0.0000,,,,1704.4080 , 60.9368,0.7201,<LOD,4.8295,3.7896,<LOD,0.8709,0.1652,311463.4688 , 847.7160,20.6042,13.0277 , 2.6065,3.0886,<LOD,0.0000,0.0000,,,,6027.1045 , 43.5025,14.8381,134.1693 , 11.9274,2.6609,<LOD,7.5422,0.1780,15.6648 , 0.6982,2.0967,34.4130 , 2.7155,0.4708,100.6648 , 1.3134,10.2572,<LOD,1.8850,0.2093,428125.7500 , 7331.7456,<LOD,3.1287,0.1919,31.0631 , 0.9915,1.4340,280.0390 , 1.6194,14.2153,4.5300 , 0.7990,0.2740,2.6999 , 1.0603,0.4869,376.8766 , 24.1995,15.3898,37341.0117 , 213.6039,35.9214,<LOD,53.4655,0.7299,6412.6416 , 108.4392,3.0785,,,,,,9,405.899994,39.003483,-122.670708,10.000000,528512.875000,4317214.500000,
682,Mining,120.53,30.18,30.22,30.13,30.00,"Fri May 8, 2026 - 10:15:02",User,1.5,ppm,,,,,,,,,Mining,,,,,,,,,,,,<LOD,2.5462,0.7287,97498.3984 , 1777.0057,1.5237,<LOD,3.1641,0.0803,<LOD,1.3220,0.1028,<LOD,2.4971,1.2413,<LOD,63.1876,12.5163,84.3993 , 6.1054,2.6429,16.8094 , 3.0660,0.3227,39578.2930 , 166.1061,79.7160,<LOD,0.0000,0.0000,21530.5098 , 5578.5879,0.0882,838.0785 , 33.2270,1.6730,<LOD,1.1190,3.9322,3.0287 , 0.6248,2.6155,13.0213 , 5.3126,0.2356,3131.1294 , 326.4224,0.5785,6.1462 , 0.9639,0.2554,<LOD,1.4157,0.4489,<LOD,0.0000,0.0000,,,,37934.1641 , 218.2968,10.2344,<LOD,4.7140,3.5410,<LOD,0.8344,0.1466,182341.7656 , 674.5204,11.6130,13.2092 , 2.5776,2.9993,<LOD,0.0000,0.0000,,,,5594.3252 , 42.9778,13.7444,124.5292 , 12.2193,2.4787,<LOD,7.5002,0.1731,21.2079 , 0.7569,2.4308,46.2200 , 2.9545,0.5512,92.2138 , 1.2754,9.7319,<LOD,1.4206,0.1947,560166.6875 , 6651.6914,<LOD,2.6274,0.1691,34.0343 , 1.0363,1.5469,290.1058 , 1.5971,14.5222,4.0873 , 0.7875,0.2633,4.1578 , 1.1043,0.5198,317.1329 , 23.5694,14.2942,39708.7656 , 226.0878,38.1276,<LOD,54.6144,0.7873,10607.6357 , 138.7929,4.7826,,,,,,9,403.000000,39.003120,-122.670700,10.000000,528513.437500,4317174.500000,
683,Mining,126.26,35.76,30.17,30.23,30.10,"Fri May 8, 2026 - 10:18:19",User,1.5,ppm,,,,,,,,,Mining,,,,,,,,,,,,<LOD,1.7309,0.6807,96622.0078 , 1799.9169,1.5108,<LOD,3.1874,0.0770,<LOD,1.3520,0.1021,<LOD,2.5571,1.2035,<LOD,59.6983,11.9540,89.0427 , 5.9891,2.6462,11.2531 , 3.0027,0.2937,39212.3242 , 164.4132,77.3621,<LOD,0.0000,0.0000,21918.6523 , 5611.7036,0.0883,820.5958 , 33.5155,1.6119,<LOD,1.1411,3.8875,2.0471 , 0.6293,2.5093,23.4171 , 5.4313,0.2398,2920.5266 , 326.3625,0.5639,6.5146 , 0.9954,0.2585,<LOD,1.4403,0.4295,<LOD,0.0000,0.0000,,,,38343.3945 , 218.0267,10.1281,<LOD,4.9065,3.6068,<LOD,0.8763,0.1569,184974.2344 , 673.2276,11.5687,17.6418 , 2.6699,3.0001,<LOD,0.0000,0.0000,,,,5547.7329 , 41.7943,13.4020,137.7357 , 11.9664,2.4718,<LOD,7.5279,0.1654,21.6715 , 0.7745,2.4178,44.9960 , 2.9791,0.5322,91.2118 , 1.2885,9.4671,<LOD,1.6854,0.2073,558128.5625 , 6744.8936,<LOD,2.6871,0.1697,34.9822 , 1.0636,1.5523,287.0300 , 1.6045,14.1052,4.8797 , 0.8168,0.2726,4.3571 , 1.1262,0.5134,337.8152 , 24.3318,14.2236,39594.8750 , 219.9205,37.4493,<LOD,54.9357,0.7856,10802.5264 , 135.9166,4.7624,,,,,,8,403.299988,39.003124,-122.670700,10.000000,528513.750000,4317175.000000,
684,Mining,126.11,35.57,30.20,30.24,30.10,"Fri May 8, 2026 - 10:21:34",User,1.5,ppm,,,,,,,,,Mining,,,,,,,,,,,,<LOD,1.6612,0.7135,82909.6641 , 1472.8358,1.3102,<LOD,3.2983,0.0860,<LOD,1.4187,0.1170,<LOD,2.5330,1.3627,<LOD,61.6122,13.5880,80.4165 , 5.9396,2.6124,13.2720 , 3.0563,0.3169,41726.9023 , 164.4006,87.0602,<LOD,0.0000,0.0000,21080.3906 , 5058.7056,0.0809,951.0601 , 35.1664,1.8987,<LOD,1.1425,4.0415,3.6390 , 0.6408,2.7231,15.7176 , 5.5019,0.2456,2304.1060 , 281.3032,0.4757,7.7311 , 1.0229,0.2842,<LOD,1.4379,0.4911,<LOD,0.0000,0.0000,,,,29205.4844 , 181.5580,8.1186,<LOD,4.7270,3.8178,<LOD,0.8866,0.1651,169647.9531 , 627.1672,10.9138,14.5632 , 2.5507,3.1006,<LOD,0.0000,0.0000,,,,5471.3564 , 42.0070,13.9460,123.4625 , 12.0482,2.5173,<LOD,7.8341,0.1868,19.7834 , 0.7606,2.4227,53.5278 , 3.1424,0.6166,98.4532 , 1.3206,10.3789,<LOD,1.4467,0.1867,595982.5000 , 5894.7759,<LOD,2.7268,0.1792,33.5447 , 1.0448,1.5574,290.6147 , 1.5995,14.9004,3.3267 , 0.8187,0.2719,3.0875 , 1.1096,0.5172,318.9467 , 23.2811,14.6976,38668.4258 , 219.9495,38.4662,<LOD,50.1528,0.7613,10972.0557 , 139.5923,5.0884,,,,,,8,407.100006,39.003132,-122.670670,10.000000,528515.875000,4317175.500000,
685,Mining,126.08,35.54,30.27,30.01,30.26,"Fri May 8, 2026 - 10:23:55",User,1.5,ppm,,,,,,,,,Mining,,,,,,,,,,,,<LOD,1.6770,0.6948,84350.7969 , 1512.3149,1.3308,<LOD,3.1998,0.0855,<LOD,1.3345,0.1097,<LOD,2.5366,1.2938,<LOD,59.6636,13.4759,83.4049 , 5.7675,2.6253,16.6963 , 3.0633,0.3376,41575.4180 , 166.4731,87.5271,<LOD,0.0000,0.0000,29271.0859 , 5261.3638,0.0905,905.0757 , 33.7972,1.8533,<LOD,1.1159,4.0833,2.5514 , 0.6185,2.6746,30.6830 , 5.4958,0.2718,2443.0339 , 281.4668,0.4870,5.4434 , 0.9544,0.2615,<LOD,1.4473,0.4751,<LOD,0.0000,0.0000,,,,29386.7676 , 182.4265,8.2611,<LOD,4.8521,3.8390,<LOD,0.8899,0.1799,168700.8594 , 627.1807,10.9391,10.6281 , 2.6108,3.0979,<LOD,0.0000,0.0000,,,,5395.1167 , 40.9402,13.8911,116.7019 , 11.6269,2.4904,<LOD,7.3222,0.1722,20.3165 , 0.7456,2.4667,53.2802 , 3.0545,0.6177,97.6628 , 1.2910,10.4535,<LOD,1.3874,0.1905,587392.3750 , 6100.0190,<LOD,4.3178,0.2020,33.8420 , 1.0272,1.5892,293.3469 , 1.5865,15.1844,4.2781 , 0.7927,0.2784,3.6849 , 1.0994,0.5383,303.6600 , 23.9344,14.8028,38607.0781 , 216.1616,38.7580,<LOD,50.0814,0.7722,10896.2051 , 135.7576,5.1040,,,,,,8,406.799988,39.003132,-122.670677,10.000000,528515.625000,4317175.500000,
686,Mining,120.71,30.20,30.12,30.19,30.20,"Fri May 8, 2026 - 10:27:48",User,1.5,ppm,,,,,,,,,Mining,,,,,,,,,,,,<LOD,1.9262,0.7149,86105.0625 , 1475.2144,1.3641,<LOD,3.2088,0.0894,<LOD,1.3146,0.1101,<LOD,2.4210,1.2598,<LOD,60.0643,14.2669,71.4107 , 5.8246,2.6073,9.0906 , 2.8390,0.3000,42633.2383 , 166.4874,91.4442,<LOD,0.0000,0.0000,19576.2227 , 4976.9961,0.0780,857.7423 , 32.7621,1.8180,<LOD,1.1015,4.1345,2.3568 , 0.6054,2.6576,12.2578 , 5.2586,0.2375,1985.2446 , 261.0707,0.4114,6.2493 , 0.9544,0.2709,<LOD,1.3965,0.4729,<LOD,0.0000,0.0000,,,,20588.9004 , 156.1765,5.9835,<LOD,4.6012,3.6824,<LOD,0.8530,0.1676,185709.3281 , 659.4764,12.3667,11.6964 , 2.4831,2.9895,<LOD,0.0000,0.0000,,,,5783.9092 , 42.6660,15.0913,109.2553 , 12.0407,2.6203,<LOD,7.0827,0.1668,16.4433 , 0.7056,2.2775,53.4035 , 3.0178,0.6242,97.7695 , 1.2727,10.5194,<LOD,1.3941,0.2005,583728.0625 , 5753.7222,<LOD,2.7916,0.1894,33.0598 , 1.0004,1.5660,283.7199 , 1.5401,14.9149,3.6443 , 0.7722,0.2699,2.4486 , 1.0577,0.5150,274.4771 , 22.5895,13.9920,41367.2969 , 226.1436,42.5384,<LOD,51.4987,0.8112,10677.7285 , 137.4606,5.1660,,,,,,7,402.700012,39.003090,-122.670700,10.000000,528513.312500,4317171.000000,
687,Mining,125.80,35.48,30.20,30.01,30.11,"Fri May 8, 2026 - 10:30:11",User,1.5,ppm,,,,,,,,,Mining,,,,,,,,,,,,1.7130 , 1.1043,0.7386,87149.3281 , 1475.4113,1.3780,<LOD,3.1181,0.0816,<LOD,1.3590,0.1142,<LOD,2.4232,1.2760,<LOD,60.7735,14.0721,67.8473 , 5.6701,2.5834,9.4597 , 2.9031,0.3041,41910.7773 , 170.9673,91.0620,<LOD,0.0000,0.0000,30270.5020 , 5093.5269,0.0899,760.7044 , 32.3266,1.7021,<LOD,1.1113,4.0860,2.4800 , 0.6161,2.6782,17.5083 , 5.3381,0.2393,1992.0502 , 254.2339,0.4224,8.3482 , 1.0150,0.2981,<LOD,1.3886,0.4710,<LOD,0.0000,0.0000,,,,20521.0859 , 151.6898,6.0227,<LOD,4.5891,3.7115,<LOD,0.8526,0.1639,182960.6250 , 643.9379,12.3017,10.0509 , 2.4578,2.9487,<LOD,0.0000,0.0000,,,,5763.4087 , 41.8979,15.1714,106.9720 , 11.7578,2.6165,<LOD,7.3773,0.1759,15.2323 , 0.7103,2.2375,49.5841 , 3.0138,0.6032,93.1573 , 1.2789,10.3049,<LOD,1.4280,0.1918,575865.1250 , 5877.8584,<LOD,3.1194,0.1947,32.8577 , 1.0194,1.5789,276.9915 , 1.5609,14.8100,2.8432 , 0.7839,0.2648,2.4764 , 1.0748,0.5159,250.7566 , 22.3283,13.6840,41170.2031 , 224.1688,42.9074,<LOD,49.8145,0.8153,10687.9346 , 135.5449,5.2300,,,,,,7,402.500000,39.003090,-122.670708,10.000000,528513.000000,4317171.000000,
688,Mining,126.20,35.77,30.09,30.21,30.13,"Fri May 8, 2026 - 10:33:25",User,1.5,ppm,,,,,,,,,Mining,,,,,,,,,,,,<LOD,1.7290,0.6683,83097.2266 , 1640.2023,1.3080,<LOD,3.2494,0.0745,<LOD,1.4584,0.1103,<LOD,2.5808,1.2089,<LOD,62.0405,12.1965,70.8148 , 5.5698,2.2885,6.9649 , 2.9793,0.2678,40749.3828 , 157.0695,78.4677,<LOD,0.0000,0.0000,29366.3887 , 5299.8428,0.0826,771.1941 , 33.4759,1.5204,<LOD,1.1494,3.7648,3.0155 , 0.6284,2.4135,19.0211 , 5.5878,0.2290,1494.0616 , 232.9973,0.2881,5.8658 , 1.0010,0.2425,<LOD,1.5288,0.4819,<LOD,0.0000,0.0000,,,,15191.3701 , 134.0889,3.9861,<LOD,4.9472,3.6127,<LOD,0.8741,0.1428,196074.1094 , 659.4451,11.5764,13.6833 , 2.6702,2.9406,<LOD,0.0000,0.0000,,,,5531.8789 , 39.9504,12.9077,117.6229 , 11.4777,2.2834,<LOD,7.8591,0.1674,15.2992 , 0.7354,2.0134,44.3554 , 3.0455,0.5158,100.7010 , 1.3470,9.7038,<LOD,1.4677,0.1814,579546.8125 , 6412.7803,<LOD,2.8084,0.1719,34.0384 , 1.0569,1.4366,284.6584 , 1.5955,13.5462,3.7245 , 0.8423,0.2574,<LOD,2.3251,0.4466,334.9065 , 24.4652,14.1093,36834.8594 , 205.9216,33.9132,<LOD,50.3996,0.6927,10288.0684 , 131.0738,4.4219,,,,,,7,402.200012,39.003098,-122.670708,10.000000,528512.875000,4317172.000000,
689,Mining,120.64,30.13,30.12,30.27,28.92,"Fri May 8, 2026 - 10:36:26",User,1.5,ppm,,,,,,,,,Mining,,,,,,,,,,,,<LOD,1.7337,0.6568,83497.0000 , 1742.2618,1.3141,<LOD,3.3733,0.0814,<LOD,1.4700,0.1136,<LOD,2.5945,1.1933,<LOD,61.7453,12.2431,66.8153 , 5.6150,2.3139,13.7427 , 3.1205,0.2983,40732.2070 , 162.5923,79.0864,<LOD,0.0000,0.0000,32713.6582 , 5687.3081,0.0867,783.6874 , 33.5791,1.5491,<LOD,1.1596,3.7700,2.5140 , 0.6356,2.4139,14.4231 , 5.4354,0.2122,1595.4003 , 254.2469,0.3145,7.2329 , 1.0309,0.2609,<LOD,1.4676,0.4304,<LOD,0.0000,0.0000,,,,15437.5410 , 142.5120,4.0802,<LOD,4.9856,3.5800,<LOD,0.8980,0.1525,194464.8906 , 695.4019,11.5800,13.9894 , 2.7011,2.9459,<LOD,0.0000,0.0000,,,,5535.2466 , 40.9644,13.1412,115.8074 , 11.6418,2.3373,<LOD,7.8720,0.1704,14.8316 , 0.7300,2.0079,50.4089 , 3.1532,0.5607,101.2725 , 1.3468,9.7785,<LOD,1.4707,0.1768,576554.1250 , 6817.0659,<LOD,3.2590,0.1839,34.1208 , 1.0652,1.4707,279.9375 , 1.5923,13.4374,3.9048 , 0.8507,0.2666,2.8430 , 1.1188,0.4754,315.9772 , 24.6541,13.9436,37261.1172 , 209.3322,34.5467,<LOD,53.3262,0.7037,10387.3066 , 132.2410,4.4970,,,,,,8,402.200012,39.003101,-122.670708,10.000000,528513.000000,4317172.500000,
690,Mining,126.04,35.66,30.00,30.15,30.23,"Fri May 8, 2026 - 10:39:44",User,1.5,ppm,,,,,,,,,Mining,,,,,,,,,,,,<LOD,1.6697,0.7005,103260.2031 , 1722.6768,1.6127,<LOD,3.4767,0.0963,<LOD,1.4561,0.1240,<LOD,2.5156,1.2955,<LOD,62.8355,14.5499,80.6890 , 5.9704,2.6807,10.9513 , 2.9948,0.3066,44568.8047 , 185.3517,94.2147,<LOD,0.0000,0.0000,39614.9961 , 5370.6646,0.0991,809.0483 , 33.3202,1.7506,<LOD,1.1537,4.1012,3.9381 , 0.6374,2.6793,25.1416 , 5.6274,0.2562,1423.4652 , 223.8860,0.3188,8.4761 , 1.0425,0.2966,<LOD,1.4705,0.5010,<LOD,0.0000,0.0000,,,,13364.4961 , 123.5517,3.9009,<LOD,4.7963,3.8214,<LOD,0.9098,0.1733,215969.4531 , 688.9326,14.4087,12.1934 , 2.5765,3.0677,<LOD,0.0000,0.0000,,,,6201.9058 , 44.8243,15.9497,122.0802 , 12.5103,2.7742,<LOD,7.7015,0.1814,17.0128 , 0.7378,2.2707,55.0638 , 3.1598,0.6278,108.4142 , 1.3793,11.1345,<LOD,1.5072,0.2117,520903.6250 , 6455.3086,<LOD,3.8691,0.2026,34.8855 , 1.0683,1.6248,305.2193 , 1.6848,15.6393,4.0847 , 0.8451,0.2926,4.2612 , 1.1415,0.5495,336.8044 , 23.7483,14.9161,41206.6562 , 229.3325,41.7445,<LOD,48.6202,0.7571,11548.1260 , 142.2988,5.4830,,,,,,8,402.100006,39.003105,-122.670700,10.000000,528513.437500,4317172.500000,
691,Mining,120.61,30.16,30.07,30.10,30.28,"Fri May 8, 2026 - 10:42:05",User,1.5,ppm,,,,,,,,,Mining,,,,,,,,,,,,<LOD,1.6921,0.7298,107345.2031 , 1741.7784,1.6721,<LOD,3.5946,0.1023,<LOD,1.4381,0.1196,<LOD,2.4985,1.2892,<LOD,62.8626,14.3329,81.6139 , 5.9892,2.6993,15.0518 , 3.1062,0.3263,44119.5781 , 182.2093,93.0311,<LOD,0.0000,0.0000,30125.3945 , 5228.0356,0.0900,803.0972 , 33.4453,1.7365,<LOD,1.1564,4.0918,4.6417 , 0.6435,2.7175,26.0754 , 5.6355,0.2552,1570.9678 , 233.2129,0.3369,6.9568 , 1.0097,0.2750,<LOD,1.4942,0.5249,<LOD,0.0000,0.0000,,,,14236.3096 , 129.0573,4.1284,<LOD,4.7731,3.8109,<LOD,0.9012,0.1643,219091.1406 , 696.2314,14.6180,12.7597 , 2.5788,3.1103,<LOD,0.0000,0.0000,,,,6128.3105 , 44.7278,15.8064,121.9457 , 12.5000,2.7656,<LOD,7.9063,0.1893,16.9039 , 0.7420,2.2738,57.9220 , 3.2318,0.6494,108.6237 , 1.3851,11.1469,<LOD,1.4893,0.2107,523240.7812 , 6334.6313,<LOD,3.1550,0.1994,36.1646 , 1.0792,1.6551,305.2487 , 1.6853,15.6391,3.7640 , 0.8338,0.2815,2.9165 , 1.1251,0.5277,315.6736 , 23.6111,14.8031,40622.7500 , 227.4564,41.2187,<LOD,50.2170,0.7842,11600.2100 , 142.3546,5.4800,,,,,,8,401.600006,39.003113,-122.670692,10.000000,528514.000000,4317173.500000,
692,Mining,125.90,35.61,30.02,30.16,30.11,"Fri May 8, 2026 - 10:45:15",User,1.5,ppm,,,,,,,,,Mining,,,,,,,,,,,,<LOD,1.9733,0.6326,84417.3906 , 2016.6210,1.3230,<LOD,3.6072,0.0667,<LOD,1.5837,0.0952,<LOD,2.8702,1.0718,<LOD,66.8805,10.3390,63.8886 , 5.8892,2.0097,20.6041 , 3.6126,0.2892,40329.3711 , 149.2004,66.2689,<LOD,0.0000,0.0000,23872.3555 , 5702.4287,0.0728,674.9132 , 34.9307,1.2057,<LOD,1.2594,3.2856,3.5463 , 0.6881,2.1128,16.0960 , 6.0354,0.1970,1455.6450 , 237.0478,0.2348,6.1800 , 1.1113,0.2187,<LOD,1.6989,0.4303,<LOD,0.0000,0.0000,,,,8661.8066 , 111.1002,2.0790,<LOD,5.6393,3.3925,<LOD,1.0474,0.1559,229988.0625 , 710.8858,11.8555,18.9857 , 3.0744,2.8539,<LOD,0.0000,0.0000,,,,5815.7500 , 42.4144,11.6780,98.6992 , 12.1545,2.0084,<LOD,8.7471,0.1522,15.0177 , 0.7933,1.7174,44.6963 , 3.3673,0.4623,107.5757 , 1.4798,8.7096,<LOD,1.6484,0.1705,555567.2500 , 7460.2861,<LOD,4.8827,0.1716,32.5760 , 1.1327,1.1995,290.6769 , 1.7014,11.8392,3.1995 , 0.9021,0.2131,<LOD,2.9734,0.4011,425.9709 , 28.3008,13.9359,37883.4453 , 210.6837,29.8872,<LOD,57.4441,0.6949,10186.2979 , 135.9024,3.7994,,,,,,8,401.399994,39.003120,-122.670692,10.000000,528514.312500,4317174.500000,
693,Mining,120.86,30.27,30.15,30.20,30.24,"Fri May 8, 2026 - 10:47:45",User,1.5,ppm,,,,,,,,,Mining,,,,,,,,,,,,<LOD,1.9080,0.6145,77109.1016 , 1875.5933,1.2147,<LOD,3.5698,0.0726,<LOD,1.6456,0.1136,<LOD,2.8586,1.1182,<LOD,64.3132,10.5680,67.9413 , 5.8252,2.0355,15.9512 , 3.3519,0.2745,40297.3906 , 144.9799,67.5980,<LOD,0.0000,0.0000,25002.9316 , 5683.4526,0.0732,756.4694 , 34.7501,1.3203,<LOD,1.2324,3.3980,4.0665 , 0.6795,2.2078,12.2490 , 5.7430,0.1935,1404.3121 , 238.9553,0.2366,5.4958 , 1.0466,0.2141,<LOD,1.6588,0.4271,<LOD,0.0000,0.0000,,,,9937.0928 , 118.1608,2.3887,<LOD,5.4626,3.2866,<LOD,0.9633,0.1410,211134.7656 , 697.2006,10.9013,15.8541 , 2.9865,2.7913,<LOD,0.0000,0.0000,,,,5569.5220 , 41.1217,11.3749,107.1023 , 11.8962,1.9896,<LOD,8.3251,0.1520,15.4008 , 0.7650,1.7653,44.9081 , 3.2290,0.4691,106.1557 , 1.4137,8.7685,<LOD,1.5610,0.1701,581352.6250 , 7203.0713,<LOD,3.6482,0.1658,32.2925 , 1.0948,1.2323,284.5166 , 1.6198,11.8261,3.1356 , 0.9134,0.2346,3.4831 , 1.1846,0.4254,376.7984 , 27.4064,13.4698,36098.0234 , 206.3252,29.0627,<LOD,56.4949,0.6795,10242.4551 , 135.0260,3.8347,,,,,,7,401.000000,39.003128,-122.670685,10.000000,528514.625000,4317175.500000,
694,Mining,120.50,30.02,30.14,30.13,29.01,"Fri May 8, 2026 - 10:51:18",User,1.5,ppm,,,,,,,,,Mining,,,,,,,,,,,,<LOD,1.6937,0.6667,68449.3281 , 1379.6252,1.0941,<LOD,3.1400,0.0733,<LOD,1.4063,0.1082,<LOD,2.5459,1.2305,<LOD,61.4460,12.7161,56.6844 , 5.3238,2.2296,10.0576 , 2.9987,0.2867,41565.2812 , 152.5151,83.0459,<LOD,0.0000,0.0000,19324.8633 , 4872.8774,0.0675,758.5499 , 32.8740,1.5620,<LOD,1.1444,3.8476,2.6688 , 0.6333,2.5118,14.5450 , 5.2996,0.2013,1271.0267 , 209.5257,0.2290,4.8155 , 0.9613,0.2359,<LOD,1.4148,0.4243,<LOD,0.0000,0.0000,,,,10459.4238 , 116.0646,2.9289,<LOD,4.7962,3.5263,<LOD,0.8479,0.1424,175853.9375 , 647.1678,10.4729,10.6377 , 2.5778,2.8287,<LOD,0.0000,0.0000,,,,5264.0645 , 38.4438,12.7916,103.1508 , 11.0240,2.2473,<LOD,7.4241,0.1574,12.9824 , 0.7040,1.9445,48.8236 , 3.0784,0.5567,95.6125 , 1.2991,9.5955,<LOD,1.4097,0.1767,631029.5000 , 5670.2368,<LOD,2.6126,0.1557,32.2883 , 1.0399,1.4525,269.2161 , 1.5194,13.2586,3.6631 , 0.8169,0.2571,3.9673 , 1.1153,0.4930,263.1013 , 23.4115,13.1630,35744.4492 , 198.5878,33.9365,<LOD,52.2240,0.7455,9347.3447 , 124.4994,4.1951,,,,,,8,400.899994,39.003128,-122.670685,10.000000,528514.875000,4317175.500000,
695,Mining,120.40,30.04,30.20,30.07,30.09,"Fri May 8, 2026 - 10:53:38",User,1.5,ppm,,,,,,,,,Mining,,,,,,,,,,,,<LOD,2.2485,0.6787,67557.7422 , 1324.0631,1.0814,<LOD,3.2380,0.0787,<LOD,1.3777,0.1045,<LOD,2.5045,1.1595,<LOD,61.6681,12.9240,63.3408 , 5.3636,2.2582,11.4726 , 3.0215,0.2929,41586.3164 , 149.0124,82.7503,<LOD,0.0000,0.0000,15050.0342 , 4634.0601,0.0626,775.3739 , 33.0001,1.5830,<LOD,1.1405,3.8650,3.3322 , 0.6327,2.5363,11.8917 , 5.4377,0.2214,1113.7427 , 208.4117,0.2289,5.5162 , 0.9707,0.2423,<LOD,1.4448,0.4359,<LOD,0.0000,0.0000,,,,10465.7529 , 114.0086,2.9194,<LOD,4.8176,3.5075,<LOD,0.8506,0.1421,175990.0156 , 634.2232,10.4447,11.9948 , 2.5882,2.8045,<LOD,0.0000,0.0000,,,,5263.8862 , 37.8475,12.6271,111.8056 , 10.9962,2.2323,<LOD,7.7144,0.1713,13.7171 , 0.7079,1.9828,50.7671 , 3.1083,0.5712,94.2059 , 1.2837,9.4539,<LOD,1.4216,0.1805,635962.1250 , 5407.1592,<LOD,2.7405,0.1734,32.7463 , 1.0273,1.4395,267.4313 , 1.5001,13.1204,3.5596 , 0.8035,0.2512,1.9691 , 1.0763,0.4610,262.2386 , 23.4325,12.9588,35941.4414 , 198.7005,34.0257,<LOD,50.9399,0.7331,9347.5742 , 124.4623,4.1691,,,,,,9,400.600006,39.003124,-122.670677,10.000000,528515.312500,4317175.000000,
696,Mining,120.23,30.26,30.27,30.12,29.58,"Fri May 8, 2026 - 10:56:49",User,1.5,ppm,,,,,,,,,Mining,,,,,,,,,,,,<LOD,1.8458,0.5726,53017.4219 , 1473.7540,0.8562,<LOD,3.4293,0.0626,<LOD,1.4391,0.0807,<LOD,2.7019,0.9907,<LOD,62.6767,9.0108,46.1174 , 5.4962,1.6811,6.3212 , 3.1775,0.2280,36359.0625 , 132.8910,58.6776,<LOD,0.0000,0.0000,12813.0654 , 5180.0708,0.0547,663.2729 , 34.1021,1.1416,<LOD,1.1967,3.1205,1.9628 , 0.6582,2.0195,15.8796 , 5.6110,0.1744,1150.4348 , 230.6246,0.1882,4.8493 , 1.0310,0.1938,<LOD,1.4900,0.3375,<LOD,0.0000,0.0000,,,,8818.3447 , 116.9454,2.0739,<LOD,5.1652,2.9257,<LOD,0.9114,0.1164,169086.1875 , 671.8206,7.9778,10.7591 , 2.8056,2.4280,<LOD,0.0000,0.0000,,,,4857.1865 , 38.5043,9.4663,87.8503 , 11.2326,1.6481,<LOD,8.0111,0.1303,12.0390 , 0.7406,1.5473,35.6642 , 3.1010,0.4008,85.1454 , 1.3172,7.1964,<LOD,1.4425,0.1216,672042.6875 , 6275.2378,<LOD,2.8636,0.1341,28.7637 , 1.0486,1.0644,238.4660 , 1.4953,9.7664,3.2573 , 0.8399,0.1953,<LOD,2.0657,0.3474,277.3839 , 25.4871,11.3645,32191.7930 , 196.9249,24.4794,<LOD,61.7852,0.7368,8146.0972 , 126.4624,2.9662,,,,,,8,400.299988,39.003120,-122.670677,10.000000,528515.312500,4317174.500000,
697,Mining,120.50,30.21,30.08,30.16,28.24,"Fri May 8, 2026 - 10:59:07",User,1.5,ppm,,,,,,,,,Mining,,,,,,,,,,,,<LOD,1.8840,0.5543,51149.1836 , 1387.6403,0.8308,<LOD,3.4528,0.0678,<LOD,1.4304,0.0849,<LOD,2.8106,1.0028,<LOD,60.9067,9.0321,52.8547 , 5.4692,1.7242,6.5752 , 3.0858,0.2290,35823.6797 , 128.0589,57.9217,<LOD,0.0000,0.0000,5055.8398 , 4808.0063,0.0458,638.5323 , 32.7235,1.1126,<LOD,1.1567,3.1134,<LOD,1.4643,1.9507,<LOD,12.6349,0.1699,1181.5618 , 232.6127,0.1872,5.5288 , 1.0113,0.1988,<LOD,1.5642,0.3477,<LOD,0.0000,0.0000,,,,8628.0068 , 117.4800,2.0355,<LOD,5.3615,2.9642,<LOD,0.8955,0.1181,170428.9688 , 681.6198,8.0478,7.4744 , 2.8709,2.3558,<LOD,0.0000,0.0000,,,,4759.6685 , 37.8633,9.3395,78.7453 , 10.9663,1.6150,<LOD,8.1737,0.1454,9.9853 , 0.6997,1.4678,35.0711 , 3.0104,0.4018,82.9269 , 1.2653,7.0819,<LOD,1.4838,0.1482,681960.3750 , 5800.3325,<LOD,2.9357,0.1506,28.8994 , 1.0098,1.0593,234.3701 , 1.4385,9.6530,1.7463 , 0.7990,0.1795,<LOD,1.5690,0.3289,268.8850 , 26.2085,11.1824,31545.4609 , 192.1443,23.9756,<LOD,62.2059,0.7288,8015.6719 , 123.4989,2.9098,,,,,,9,400.100006,39.003117,-122.670685,10.000000,528515.062500,4317174.000000,
698,Mining,120.65,30.23,30.09,30.14,28.69,"Fri May 8, 2026 - 11:02:23",User,1.5,ppm,,,,,,,,,Mining,,,,,,,,,,,,<LOD,1.7200,0.5868,76929.0625 , 1659.4624,1.2147,<LOD,3.2549,0.0740,<LOD,1.4246,0.1039,<LOD,2.6183,1.1098,<LOD,58.8064,10.5046,61.3298 , 5.4503,2.0454,5.0875 , 2.8613,0.2432,37461.6211 , 138.1473,67.8716,<LOD,0.0000,0.0000,15965.6348 , 5106.2119,0.0629,666.8249 , 31.4654,1.2850,<LOD,1.0960,3.4125,2.2150 , 0.6076,2.2506,<LOD,12.0498,0.1780,914.4974 , 210.4668,0.1863,5.7677 , 0.9693,0.2247,<LOD,1.4490,0.3802,<LOD,0.0000,0.0000,,,,6114.0239 , 97.8056,1.6780,<LOD,4.9928,3.2736,<LOD,0.8686,0.1392,205948.0156 , 703.6992,11.2574,11.5597 , 2.6928,2.6586,<LOD,0.0000,0.0000,,,,5159.0967 , 38.6087,11.3620,110.2584 , 11.2100,2.0298,<LOD,7.5448,0.1526,12.7855 , 0.6927,1.7704,43.1854 , 2.9767,0.4852,87.5103 , 1.2380,8.2270,<LOD,1.3928,0.1558,606841.1875 , 6258.9175,<LOD,2.6381,0.1476,30.7439 , 0.9970,1.2625,247.7892 , 1.4361,11.3221,1.9382 , 0.7910,0.2150,<LOD,2.4356,0.4034,303.5355 , 24.6182,12.7219,34029.3750 , 196.1078,29.2468,<LOD,56.8157,0.7237,9046.9404 , 125.2416,3.6687,,,,,,9,399.799988,39.003120,-122.670685,10.000000,528514.750000,4317174.500000,
699,Mining,126.05,35.54,30.21,30.10,30.20,"Fri May 8, 2026 - 11:04:47",User,1.5,ppm,,,,,,,,,Mining,,,,,,,,,,,,<LOD,1.7885,0.6235,72313.6484 , 1596.0020,1.1463,<LOD,3.2772,0.0709,<LOD,1.4471,0.1016,<LOD,2.6166,1.0776,<LOD,60.2152,10.4732,56.1273 , 5.4636,1.9604,5.2847 , 2.9333,0.2422,37688.7812 , 138.8384,67.5371,<LOD,0.0000,0.0000,21156.5918 , 5125.9814,0.0678,638.5219 , 31.6806,1.2381,<LOD,1.1351,3.3638,1.4637 , 0.6281,2.1981,<LOD,12.8618,0.1809,998.6080 , 204.5330,0.1892,5.6308 , 0.9915,0.2228,<LOD,1.4773,0.3869,<LOD,0.0000,0.0000,,,,6102.8110 , 94.3588,1.6633,<LOD,5.0113,3.2008,<LOD,0.8850,0.1378,199285.1562 , 672.5498,10.7020,9.8114 , 2.7109,2.6244,<LOD,0.0000,0.0000,,,,5146.2954 , 38.7699,11.1402,107.6785 , 11.2993,1.9723,<LOD,7.6572,0.1489,12.8298 , 0.7074,1.7508,40.1524 , 2.9826,0.4618,89.1685 , 1.2700,8.2254,<LOD,1.4197,0.1527,613310.9375 , 6272.2690,<LOD,2.6582,0.1417,30.3387 , 1.0202,1.2475,247.1315 , 1.4587,11.1573,2.9325 , 0.8219,0.2259,2.6430 , 1.0865,0.4154,285.4098 , 24.7422,12.4562,33589.7578 , 197.8741,28.5359,<LOD,55.2138,0.7282,8872.2764 , 126.5539,3.5603,,,,,,8,399.600006,39.003124,-122.670685,10.000000,528514.625000,4317175.000000,
700,Mining,126.32,35.64,30.25,30.27,30.16,"Fri May 8, 2026 - 11:17:34",User,1.5,ppm,,,,,,,,,Mining,,,,,,,,,,,,1.8831 , 1.0428,0.6993,88846.2422 , 1308.2635,1.4246,<LOD,3.2689,0.0964,<LOD,1.3698,0.1244,<LOD,2.2697,1.1855,<LOD,60.2214,14.9288,77.3458 , 5.9392,2.8156,17.8627 , 3.0321,0.3569,43149.6719 , 161.6354,96.4882,<LOD,0.0000,0.0000,9499.9014 , 4173.8945,0.0617,740.9592 , 31.3094,1.7297,<LOD,1.1159,4.4101,3.9070 , 0.6183,2.8820,15.2490 , 5.2355,0.2424,1218.1107 , 205.3109,0.3101,7.0580 , 0.9810,0.2975,<LOD,1.2792,0.4224,<LOD,0.0000,0.0000,,,,1720.5295 , 55.4282,0.8131,<LOD,4.3192,3.4915,<LOD,0.8793,0.1859,225808.2344 , 671.2393,16.1456,11.9748 , 2.3229,2.8048,<LOD,0.0000,0.0000,,,,6818.9941 , 45.3361,18.4167,133.7535 , 12.8698,3.1609,<LOD,7.4506,0.1931,15.5274 , 0.7251,2.4717,49.9707 , 2.9589,0.6247,103.5772 , 1.2929,11.3356,<LOD,1.4489,0.2293,558901.5000 , 4850.4966,<LOD,2.6069,0.1872,49.4499 , 1.1634,2.2796,281.1787 , 1.5176,15.4017,4.3466 , 0.8157,0.3172,3.5215 , 1.0909,0.5696,265.7717 , 21.1343,13.2283,41723.1523 , 224.9937,44.8061,<LOD,50.3120,0.9169,20530.3164 , 178.0626,9.9166,,,,,,9,394.600006,39.002838,-122.670326,10.000000,528545.625000,4317143.000000,
701,Mining,120.41,30.06,30.10,30.06,28.10,"Fri May 8, 2026 - 11:19:48",User,1.5,ppm,,,,,,,,,Mining,,,,,,,,,,,,<LOD,1.8673,0.6841,95187.6953 , 1655.4861,1.5222,<LOD,3.2725,0.0941,<LOD,1.2721,0.1040,<LOD,2.3458,1.2316,<LOD,57.7067,12.8561,59.2821 , 5.2206,2.3888,9.4816 , 2.8047,0.2946,39250.9258 , 166.1020,83.9770,<LOD,0.0000,0.0000,24058.1562 , 5200.6768,0.0794,665.5609 , 30.2673,1.5106,<LOD,1.0751,4.0315,3.0094 , 0.5983,2.6530,11.7503 , 4.9005,0.2008,1468.8281 , 248.8520,0.3494,6.3452 , 0.9447,0.2680,<LOD,1.3134,0.4315,<LOD,0.0000,0.0000,,,,1990.4935 , 65.2245,0.8540,<LOD,4.4185,3.5306,<LOD,0.8513,0.1673,253195.1719 , 779.5165,17.2771,13.7344 , 2.3948,2.8962,<LOD,0.0000,0.0000,,,,5820.5713 , 40.7958,15.2402,108.6983 , 11.2589,2.6400,<LOD,6.8240,0.1561,14.3409 , 0.6993,2.2455,43.1912 , 2.8191,0.5479,92.4544 , 1.2321,9.9369,<LOD,1.4941,0.2128,525243.6250 , 6071.2910,<LOD,2.4422,0.1606,43.3971 , 1.0939,1.9544,246.8704 , 1.4478,13.2170,3.6962 , 0.7619,0.2706,1.8521 , 1.0224,0.4868,263.1958 , 21.6665,13.4147,35068.0000 , 200.3584,35.9150,<LOD,58.9320,0.9557,17129.6973 , 156.3879,7.8252,,,,,,8,394.799988,39.002834,-122.670326,10.000000,528545.750000,4317143.000000,
702,Mining,125.97,35.57,30.05,30.22,30.13,"Fri May 8, 2026 - 11:22:48",User,1.5,ppm,,,,,,,,,Mining,,,,,,,,,,,,<LOD,1.5972,0.6691,108398.6953 , 1667.5635,1.7079,<LOD,2.9927,0.0769,<LOD,1.3363,0.1130,<LOD,2.4428,1.2798,<LOD,58.4548,12.9937,80.6065 , 5.8632,2.6876,9.5178 , 2.8364,0.2965,39364.8477 , 165.3417,84.0982,<LOD,0.0000,0.0000,22021.8594 , 4866.2759,0.0785,693.5961 , 30.9065,1.5511,<LOD,1.0878,4.0214,1.6976 , 0.5954,2.5539,13.6398 , 5.0772,0.2207,1078.3135 , 205.3236,0.2652,5.1190 , 0.9213,0.2508,<LOD,1.3981,0.4720,<LOD,0.0000,0.0000,,,,2424.3069 , 64.2532,0.9628,<LOD,4.6179,3.6810,<LOD,0.8188,0.1549,258349.2031 , 742.4825,17.7952,6.4837 , 2.4778,2.9484,<LOD,0.0000,0.0000,,,,6169.5093 , 43.5479,15.9114,127.6141 , 12.2621,2.7800,<LOD,6.9699,0.1602,12.9974 , 0.6848,2.1166,47.8570 , 2.9297,0.5825,89.0782 , 1.2316,9.7841,<LOD,1.3577,0.1909,506168.5625 , 5855.8906,<LOD,2.4974,0.1661,38.4459 , 1.0650,1.7902,257.9738 , 1.4889,13.7638,2.1751 , 0.7588,0.2502,3.8054 , 1.0670,0.5219,268.1548 , 22.7566,14.1601,40282.3867 , 223.2173,41.0903,<LOD,51.8064,0.8290,14083.5439 , 152.2044,6.5848,,,,,,9,394.399994,39.002831,-122.670326,10.000000,528546.187500,4317142.500000,
703,Mining,120.51,30.06,30.22,30.18,28.24,"Fri May 8, 2026 - 11:25:09",User,1.5,ppm,,,,,,,,,Mining,,,,,,,,,,,,<LOD,1.5749,0.6896,116733.6641 , 1829.8895,1.8311,<LOD,2.9501,0.0795,<LOD,1.3066,0.1149,<LOD,2.3711,1.2736,<LOD,56.6832,12.9708,73.3119 , 5.4480,2.5897,10.2300 , 2.7804,0.3029,39160.8828 , 172.1209,84.6427,<LOD,0.0000,0.0000,26336.3008 , 5206.5498,0.0848,668.6215 , 29.8224,1.5313,<LOD,1.0510,4.0083,2.5360 , 0.5820,2.6142,21.5012 , 5.0094,0.2348,1157.9060 , 218.9492,0.2791,5.8129 , 0.9139,0.2626,<LOD,1.3148,0.4381,<LOD,0.0000,0.0000,,,,2381.0769 , 67.0082,0.9591,<LOD,4.5047,3.7178,<LOD,0.8144,0.1636,268843.9062 , 794.5775,18.7381,12.9607 , 2.4415,3.0582,<LOD,0.0000,0.0000,,,,5829.0869 , 41.2422,15.2917,124.2347 , 11.4358,2.6969,<LOD,6.9906,0.1716,13.0369 , 0.6639,2.1198,48.4430 , 2.8672,0.5927,86.1778 , 1.1915,9.6456,<LOD,1.5974,0.2136,487059.2500 , 6252.5557,<LOD,2.4777,0.1731,36.5765 , 1.0156,1.7272,251.8068 , 1.4622,13.6138,2.9557 , 0.7518,0.2652,2.9514 , 1.0177,0.5049,288.7250 , 22.2585,14.4395,37653.0156 , 211.3394,38.9555,<LOD,53.3897,0.8064,13194.9961 , 142.0835,6.2293,,,,,,8,394.200012,39.002834,-122.670326,10.000000,528546.187500,4317143.000000,
704,Mining,126.05,35.63,30.05,30.17,30.20,"Fri May 8, 2026 - 11:28:19",User,1.5,ppm,,,,,,,,,Mining,,,,,,,,,,,,<LOD,1.8086,0.6623,125296.7969 , 2259.9968,1.9400,<LOD,3.7297,0.0918,<LOD,1.5661,0.1195,<LOD,2.7009,1.1926,<LOD,65.2982,12.9736,83.9282 , 6.2427,2.5715,27.3830 , 3.5271,0.3547,43527.5703 , 188.4925,83.1681,<LOD,0.0000,0.0000,38280.9414 , 5818.0659,0.0963,749.1534 , 34.0638,1.5070,1.3565 , 0.8298,3.9885,6.0599 , 0.6834,2.5613,25.7246 , 5.9751,0.2499,1034.8906 , 203.1311,0.2189,8.3203 , 1.1001,0.2748,<LOD,1.6519,0.5132,<LOD,0.0000,0.0000,,,,3053.9749 , 70.8670,1.0020,<LOD,5.2374,3.6395,<LOD,1.0348,0.1920,287612.8750 , 788.9882,18.0707,16.0260 , 2.8540,3.0653,<LOD,0.0000,0.0000,,,,5886.2646 , 45.0963,13.8136,150.3106 , 12.8213,2.5530,<LOD,8.6011,0.1891,18.4842 , 0.8061,2.2433,56.9110 , 3.3776,0.5970,113.1329 , 1.4639,10.4169,<LOD,2.0866,0.2212,441847.6562 , 7644.4761,<LOD,3.9157,0.1936,48.7627 , 1.2660,1.9504,308.9921 , 1.7765,14.3922,3.4651 , 0.8969,0.2709,5.5830 , 1.2336,0.5350,446.7666 , 26.6745,15.5558,35846.4375 , 219.4538,32.9446,<LOD,52.8107,0.7099,15542.2402 , 163.7949,6.4276,,,,,,8,394.100006,39.002834,-122.670319,10.000000,528546.312500,4317143.000000,
705,Mining,120.77,30.21,30.22,30.16,28.68,"Fri May 8, 2026 - 11:30:35",User,1.5,ppm,,,,,,,,,Mining,,,,,,,,,,,,<LOD,1.8607,0.6874,123556.3672 , 2450.6052,1.9108,<LOD,3.8572,0.0943,<LOD,1.6617,0.1287,<LOD,2.6921,1.1479,<LOD,65.4456,12.4866,92.2756 , 6.3240,2.5855,25.8731 , 3.5435,0.3426,44011.7266 , 191.3350,81.6282,<LOD,0.0000,0.0000,38722.6289 , 6231.5059,0.0963,741.3461 , 34.2491,1.4632,<LOD,1.5998,3.8166,5.8132 , 0.6860,2.4643,41.0989 , 6.1188,0.2579,1078.5524 , 217.2294,0.2183,9.4155 , 1.1361,0.2805,<LOD,1.6357,0.4897,<LOD,0.0000,0.0000,,,,3298.5010 , 77.3604,1.0465,<LOD,5.3156,3.6644,<LOD,1.0257,0.1768,285737.7500 , 817.7213,17.4475,13.8797 , 2.8857,3.0528,<LOD,0.0000,0.0000,,,,5935.5098 , 45.2476,13.5334,143.8217 , 12.7880,2.4789,<LOD,8.7726,0.1882,18.5733 , 0.8149,2.1918,56.8416 , 3.4091,0.5822,115.1541 , 1.4868,10.2399,<LOD,2.0808,0.2247,443245.0625 , 8215.9473,2.9851 , 2.1329,0.2033,49.5701 , 1.2779,1.9052,312.3657 , 1.8034,14.0907,4.4303 , 0.9524,0.2925,4.2472 , 1.2304,0.5060,434.6766 , 26.9515,15.3765,36261.9727 , 219.9739,32.3763,<LOD,56.5634,0.7147,16079.5820 , 165.5364,6.4509,,,,,,7,393.899994,39.002834,-122.670319,10.000000,528546.437500,4317143.000000,
706,Mining,120.83,30.02,30.25,30.28,30.28,"Fri May 8, 2026 - 11:34:23",User,1.5,ppm,,,,,,,,,Mining,,,,,,,,,,,,<LOD,1.7107,0.6867,117571.2812 , 2097.9841,1.8389,<LOD,3.1909,0.0777,<LOD,1.2970,0.0942,<LOD,2.5402,1.2313,<LOD,59.1923,11.7392,78.2144 , 5.8812,2.4622,9.2355 , 2.9173,0.2774,38754.4688 , 171.2420,75.7006,<LOD,0.0000,0.0000,34177.9180 , 5674.8066,0.0923,694.3414 , 31.6379,1.4284,<LOD,1.0959,3.7082,3.6337 , 0.6059,2.4328,24.2100 , 5.4063,0.2394,1013.5132 , 215.0711,0.2399,5.4172 , 0.9554,0.2386,<LOD,1.4055,0.4212,<LOD,0.0000,0.0000,,,,2592.7195 , 69.2231,0.9311,<LOD,4.8222,3.5943,<LOD,0.8610,0.1503,288464.7812 , 802.3061,18.5352,18.9923 , 2.6303,3.0112,<LOD,0.0000,0.0000,,,,5659.6729 , 42.9891,13.5349,125.1868 , 12.0602,2.4316,<LOD,7.5432,0.1664,14.6077 , 0.7126,2.0325,49.0590 , 3.0358,0.5531,93.9134 , 1.2850,9.3419,<LOD,1.3998,0.1782,457738.5000 , 7143.2290,<LOD,2.6732,0.1674,39.2919 , 1.0829,1.6473,266.3727 , 1.5613,13.0195,4.6385 , 0.7911,0.2586,<LOD,2.5491,0.4510,354.5740 , 24.0109,14.3483,39215.9609 , 223.2559,36.7994,<LOD,54.3936,0.7491,13029.4668 , 148.4434,5.6092,,,,,,9,393.700012,39.002834,-122.670319,10.000000,528546.875000,4317143.000000,
707,Mining,120.46,30.19,30.06,30.14,28.23,"Fri May 8, 2026 - 11:37:00",User,1.5,ppm,,,,,,,,,Mining,,,,,,,,,,,,<LOD,1.6936,0.7040,126174.1328 , 2141.4163,1.9720,<LOD,2.9880,0.0729,<LOD,1.4613,0.1292,<LOD,2.5178,1.2632,<LOD,58.2943,12.1992,80.8372 , 5.7193,2.5881,5.6825 , 2.7749,0.2696,38608.5312 , 184.3406,79.5160,<LOD,0.0000,0.0000,37856.2539 , 5828.2383,0.0992,708.4956 , 31.4642,1.5134,<LOD,1.0920,3.8376,3.5765 , 0.6083,2.5457,21.2589 , 5.1733,0.2263,1104.5448 , 228.2328,0.2744,7.1127 , 0.9717,0.2660,<LOD,1.4440,0.4686,<LOD,0.0000,0.0000,,,,2520.2339 , 69.9600,0.9507,<LOD,4.8213,3.7691,<LOD,0.8239,0.1498,293880.3125 , 853.7869,20.0154,12.0649 , 2.5951,3.0427,<LOD,0.0000,0.0000,,,,5867.9531 , 43.1364,14.6929,118.8566 , 11.7729,2.5797,<LOD,7.1255,0.1593,14.1146 , 0.6974,2.0889,43.3731 , 2.8792,0.5343,91.3892 , 1.2667,9.6246,<LOD,1.4233,0.1977,439876.5938 , 7199.0605,<LOD,3.5858,0.1843,37.4009 , 1.0630,1.6854,263.1597 , 1.5764,13.5735,<LOD,1.5441,0.2393,3.0923 , 1.0666,0.4957,335.6344 , 23.9332,14.8377,39043.4844 , 223.3296,38.4720,<LOD,55.2615,0.7752,13321.8828 , 146.7484,6.0260,,,,,,7,393.399994,39.002831,-122.670319,10.000000,528546.875000,4317142.500000,
708,Mining,125.90,35.49,30.13,30.11,30.17,"Fri May 8, 2026 - 11:40:23",User,1.5,ppm,,,,,,,,,Mining,,,,,,,,,,,,<LOD,1.5666,0.7288,124131.2656 , 1788.7604,1.9290,<LOD,3.1542,0.0894,<LOD,1.3847,0.1271,<LOD,2.3392,1.3221,<LOD,59.7218,14.4956,79.8760 , 5.6527,2.6996,13.0929 , 2.9233,0.3291,42008.9531 , 186.9601,94.1083,<LOD,0.0000,0.0000,37409.8906 , 5134.8613,0.0974,746.2124 , 31.5668,1.7276,<LOD,1.0977,4.2459,3.5219 , 0.6058,2.7535,27.3212 , 5.3797,0.2697,941.1404 , 188.4842,0.2441,7.3523 , 0.9673,0.2887,<LOD,1.3426,0.4908,<LOD,0.0000,0.0000,,,,1954.7716 , 58.0790,0.8555,<LOD,4.4072,3.7580,<LOD,0.8322,0.1643,254405.6094 , 754.3542,18.2454,10.9146 , 2.3947,3.1235,<LOD,0.0000,0.0000,,,,5651.5288 , 41.3604,15.1708,134.9321 , 11.6552,2.7123,<LOD,7.2741,0.1822,14.8918 , 0.7052,2.3327,51.3169 , 2.9850,0.6308,95.3583 , 1.2749,10.7118,<LOD,1.4195,0.2165,478276.2188 , 6202.6528,<LOD,2.9633,0.1972,41.7504 , 1.0966,1.9789,276.6473 , 1.5851,15.2432,<LOD,1.5514,0.2497,3.1703 , 1.0722,0.5480,292.1104 , 21.9450,14.9087,40417.1758 , 226.5709,43.2484,<LOD,47.8244,0.7611,13004.9697 , 145.8431,6.3852,,,,,,8,393.600006,39.002834,-122.670311,10.000000,528547.062500,4317143.000000,
709,Mining,120.71,30.09,30.19,30.25,30.18,"Fri May 8, 2026 - 11:42:52",User,1.5,ppm,,,,,,,,,Mining,,,,,,,,,,,,<LOD,2.3728,0.7554,125511.9688 , 1791.4231,1.9501,<LOD,3.1783,0.0940,<LOD,1.3380,0.1223,<LOD,2.3920,1.2955,<LOD,58.4981,14.3596,87.7757 , 5.7616,2.7956,10.2984 , 2.7907,0.3103,41686.5859 , 184.4882,92.8140,<LOD,0.0000,0.0000,39134.2227 , 5114.4727,0.0994,757.6944 , 31.1099,1.7312,<LOD,1.0680,4.1477,3.3709 , 0.5926,2.7260,20.1501 , 5.1712,0.2512,841.0274 , 180.0351,0.2266,7.4935 , 0.9568,0.2922,<LOD,1.3697,0.4789,<LOD,0.0000,0.0000,,,,1839.3171 , 56.0804,0.8170,<LOD,4.5734,3.8499,<LOD,0.8441,0.1757,258721.0469 , 750.5864,18.5375,13.7881 , 2.4734,3.1422,<LOD,0.0000,0.0000,,,,5665.3594 , 42.4029,15.3886,119.4363 , 11.7444,2.7211,<LOD,7.0857,0.1791,14.5457 , 0.6863,2.2876,48.6045 , 2.8767,0.6064,94.1703 , 1.2488,10.6060,<LOD,1.8756,0.2408,470489.4688 , 6186.3604,<LOD,2.5615,0.1893,40.4404 , 1.0653,1.9249,278.2053 , 1.5653,15.2540,2.6449 , 0.7641,0.2751,3.6503 , 1.0567,0.5515,295.3607 , 22.5406,14.7995,41160.2969 , 228.8513,44.1752,<LOD,47.0345,0.7529,13153.0986 , 146.6262,6.4722,,,,,,9,393.700012,39.002838,-122.670311,10.000000,528547.500000,4317143.000000,
710,Mining,120.01,30.10,30.11,30.27,29.53,"Fri May 8, 2026 - 11:46:06",User,1.5,ppm,,,,,,,,,Mining,,,,,,,,,,,,<LOD,2.3166,0.6384,91067.3125 , 1764.4023,1.4396,<LOD,3.2949,0.0825,<LOD,1.4275,0.1135,<LOD,2.3728,1.0648,<LOD,59.9230,12.1573,70.6150 , 5.2309,2.2480,13.4989 , 3.0151,0.2949,40408.1289 , 159.7765,79.3865,<LOD,0.0000,0.0000,28582.4316 , 5395.4937,0.0807,711.5819 , 31.7861,1.4642,<LOD,1.1192,3.7646,2.9573 , 0.6168,2.4279,16.5488 , 5.2020,0.2014,773.3054 , 198.4102,0.1977,6.3749 , 0.9740,0.2469,<LOD,1.3562,0.3927,<LOD,0.0000,0.0000,,,,1600.0988 , 60.7567,0.7013,<LOD,4.5651,3.2135,<LOD,0.8624,0.1481,238833.9375 , 738.9171,14.6005,9.6823 , 2.4571,2.5864,<LOD,0.0000,0.0000,,,,5129.7344 , 37.3366,12.2371,129.7004 , 10.7814,2.2481,<LOD,7.5222,0.1648,12.6816 , 0.6991,1.9424,44.0560 , 2.9496,0.5193,89.6917 , 1.2584,9.0653,<LOD,2.3618,0.2174,544182.5000 , 6534.4072,<LOD,2.6806,0.1678,39.1075 , 1.0869,1.6514,265.9963 , 1.5195,12.9652,2.0956 , 0.7977,0.2391,2.5712 , 1.0768,0.4671,256.0540 , 22.3597,12.1698,35700.8516 , 196.6558,33.3554,<LOD,56.9011,0.8312,12048.4766 , 134.2299,5.1684,,,,,,9,393.700012,39.002838,-122.670311,10.000000,528547.187500,4317143.000000,
711,Mining,120.46,30.17,30.09,30.16,28.22,"Fri May 8, 2026 - 11:48:23",User,1.5,ppm,,,,,,,,,Mining,,,,,,,,,,,,<LOD,2.3253,0.6492,111661.6094 , 2085.2544,1.7577,<LOD,3.1227,0.0747,<LOD,1.4154,0.1128,<LOD,2.4762,1.1024,<LOD,59.0214,11.7810,75.6574 , 5.6582,2.3543,9.2402 , 2.8593,0.2679,39578.8359 , 168.6181,76.8399,<LOD,0.0000,0.0000,22672.3262 , 5660.2817,0.0793,739.0986 , 31.9148,1.4730,<LOD,1.0899,3.5893,1.4742 , 0.5992,2.3004,11.4598 , 5.0129,0.1838,951.2172 , 221.2842,0.2233,5.2299 , 0.9397,0.2317,<LOD,1.4484,0.4271,<LOD,0.0000,0.0000,,,,1520.9791 , 64.2160,0.6874,<LOD,4.7551,3.3198,<LOD,0.8339,0.1414,289499.1250 , 830.2830,18.4553,12.6821 , 2.5634,2.6803,<LOD,0.0000,0.0000,,,,5674.6357 , 41.3393,13.3207,124.6471 , 11.6799,2.3654,<LOD,7.0164,0.1444,13.3970 , 0.6929,1.9296,47.1237 , 2.9675,0.5312,85.5908 , 1.2299,8.6545,<LOD,1.3867,0.1774,475007.6250 , 7025.5752,<LOD,3.5658,0.1719,37.0431 , 1.0633,1.5791,255.2992 , 1.5045,12.3736,3.5921 , 0.8133,0.2592,3.9107 , 1.0795,0.4747,271.3532 , 23.2584,12.5094,38581.2422 , 216.3283,35.7885,<LOD,60.4216,0.8281,13155.6494 , 146.3656,5.6008,,,,,,9,393.700012,39.002842,-122.670311,10.000000,528547.187500,4317143.500000,
712,Mining,120.16,30.28,30.17,30.15,29.56,"Fri May 8, 2026 - 11:51:22",User,1.5,ppm,,,,,,,,,Mining,,,,,,,,,,,,<LOD,1.5517,0.6854,101465.0625 , 1687.7877,1.6019,<LOD,2.9901,0.0831,<LOD,1.2977,0.1152,<LOD,2.2959,1.2157,<LOD,56.8738,13.4528,105.3355 , 5.7629,2.8663,6.8132 , 2.6897,0.2879,40503.3633 , 171.3954,88.0467,<LOD,0.0000,0.0000,36778.7383 , 5281.2188,0.0935,683.6146 , 29.8775,1.5830,<LOD,1.0350,3.9469,2.9051 , 0.5804,2.6493,28.9336 , 5.1212,0.2540,831.8576 , 197.6060,0.2336,5.5251 , 0.8962,0.2566,<LOD,1.2665,0.4143,<LOD,0.0000,0.0000,,,,2454.3882 , 65.8395,0.9932,<LOD,4.3646,3.5363,<LOD,0.8112,0.1638,242623.3281 , 747.3835,16.5558,7.8435 , 2.3609,2.8969,<LOD,0.0000,0.0000,,,,5163.6802 , 39.4678,13.6867,121.8169 , 11.1716,2.4955,<LOD,6.9436,0.1719,12.2809 , 0.6473,2.0493,47.6311 , 2.8269,0.5856,81.6775 , 1.1560,9.2697,<LOD,1.3128,0.1912,518931.4688 , 6195.5845,<LOD,2.4672,0.1745,33.7119 , 0.9802,1.6220,245.6667 , 1.4226,13.2740,1.8049 , 0.7258,0.2433,3.4511 , 1.0114,0.5066,241.3960 , 21.5124,13.5726,37624.1758 , 212.5841,38.9755,<LOD,53.2834,0.8655,11993.5273 , 138.8318,5.7364,,,,,,10,394.100006,39.002838,-122.670319,10.000000,528546.437500,4317143.000000,
713,Mining,120.62,30.23,30.22,30.01,30.16,"Fri May 8, 2026 - 11:53:41",User,1.5,ppm,,,,,,,,,Mining,,,,,,,,,,,,<LOD,2.4854,0.6894,99117.1875 , 1630.8877,1.5646,<LOD,3.1291,0.0861,<LOD,1.2509,0.1005,<LOD,2.3920,1.2496,<LOD,56.3085,12.1286,81.3332 , 5.6172,2.5263,7.7174 , 2.7385,0.2800,38172.1680 , 152.9380,78.8004,<LOD,0.0000,0.0000,21894.2930 , 4863.6494,0.0765,668.2182 , 29.9775,1.4657,<LOD,1.0406,3.7617,2.6523 , 0.5847,2.5373,16.4600 , 4.9478,0.2173,803.7004 , 193.0812,0.2165,4.0161 , 0.8718,0.2277,<LOD,1.3071,0.4135,<LOD,0.0000,0.0000,,,,2630.8533 , 66.7389,1.0025,<LOD,4.4281,3.4272,<LOD,0.7962,0.1435,245687.4531 , 717.5055,15.9828,10.5559 , 2.3911,2.7876,<LOD,0.0000,0.0000,,,,5362.6870 , 39.2977,13.3504,141.3690 , 11.4271,2.4610,<LOD,7.0271,0.1655,12.2803 , 0.6569,1.9872,43.6101 , 2.7969,0.5381,81.3353 , 1.1568,8.8574,<LOD,1.2936,0.1777,534768.3125 , 5850.9790,<LOD,2.4666,0.1624,35.2560 , 0.9965,1.5983,240.4246 , 1.3875,12.4887,3.5531 , 0.7396,0.2522,2.0589 , 0.9968,0.4624,268.7177 , 21.7763,13.1776,38100.1094 , 210.7120,37.5307,<LOD,53.8137,0.8667,11843.6982 , 138.5685,5.3805,,,,,,7,394.500000,39.002831,-122.670326,10.000000,528546.062500,4317142.500000,
714,Mining,120.57,30.23,30.08,30.08,28.68,"Fri May 8, 2026 - 12:03:05",User,1.5,ppm,,,,,,,,,Mining,,,,,,,,,,,,<LOD,1.6684,0.6961,134159.5938 , 2174.9929,2.0848,<LOD,3.5882,0.1035,<LOD,1.4562,0.1246,<LOD,2.4910,1.2557,<LOD,62.7314,14.5038,111.7744 , 6.3102,3.0432,18.3305 , 3.1370,0.3380,44421.7617 , 216.3010,94.3249,<LOD,0.0000,0.0000,49438.4766 , 5970.3706,0.1131,842.7031 , 33.8829,1.8036,<LOD,1.1310,3.9648,4.7467 , 0.6313,2.6489,36.0368 , 5.7487,0.2787,1168.8843 , 219.0919,0.2826,6.3229 , 0.9833,0.2645,<LOD,1.4829,0.5080,<LOD,0.0000,0.0000,,,,3038.8269 , 71.5228,1.1107,<LOD,4.7957,3.7673,<LOD,0.9061,0.1699,288442.5938 , 852.8890,20.3291,9.4174 , 2.5874,3.0740,<LOD,0.0000,0.0000,,,,5872.3726 , 45.1970,15.1904,133.7083 , 12.3863,2.7311,<LOD,7.5480,0.1745,18.0061 , 0.7530,2.3603,57.3186 , 3.1923,0.6422,102.7995 , 1.3683,10.6469,<LOD,1.4870,0.2087,416588.9375 , 7372.7876,<LOD,2.8650,0.1857,42.7829 , 1.1395,1.8907,291.1403 , 1.7324,15.0145,2.8401 , 0.8254,0.2734,2.4962 , 1.1005,0.5126,342.7825 , 24.0542,15.2100,41507.7656 , 241.3356,42.4358,<LOD,51.6752,0.7439,13337.6006 , 152.4005,6.2718,,,,,,8,395.399994,39.002800,-122.670326,10.000000,528546.062500,4317139.000000,
715,Mining,120.40,30.00,30.11,30.08,29.28,"Fri May 8, 2026 - 12:05:25",User,1.5,ppm,,,,,,,,,Mining,,,,,,,,,,,,<LOD,2.2316,0.7241,123957.2891 , 1898.6937,1.9326,<LOD,3.1586,0.0888,<LOD,1.3354,0.1162,<LOD,2.4621,1.2430,<LOD,57.7968,13.1790,97.1477 , 5.8377,2.7691,13.1653 , 2.8740,0.3139,40277.1055 , 174.3186,85.3618,<LOD,0.0000,0.0000,21221.5684 , 5138.6821,0.0804,690.7120 , 30.3732,1.5510,<LOD,1.0537,3.9867,2.6527 , 0.5778,2.5647,18.5083 , 5.0931,0.2333,1177.1107 , 217.5219,0.2749,7.0589 , 0.9469,0.2731,<LOD,1.4041,0.4556,<LOD,0.0000,0.0000,,,,2901.8364 , 70.8304,1.0791,<LOD,4.6993,3.6687,<LOD,0.8341,0.1629,272826.1562 , 790.5376,18.8801,14.1895 , 2.5526,3.0391,<LOD,0.0000,0.0000,,,,5568.8477 , 41.2164,14.2936,140.9233 , 11.7106,2.6121,<LOD,7.1891,0.1761,15.4806 , 0.6924,2.2322,51.7822 , 2.9543,0.6099,92.0963 , 1.2324,9.9498,<LOD,1.4025,0.2116,476030.9375 , 6296.6348,<LOD,2.6032,0.1866,38.1609 , 1.0323,1.7335,268.3571 , 1.5197,14.1330,1.8916 , 0.7496,0.2480,<LOD,2.4029,0.4847,325.2348 , 23.3875,14.6181,41676.2539 , 226.7807,42.4429,<LOD,53.1281,0.7920,12585.5508 , 143.0938,5.9029,,,,,,8,395.500000,39.002804,-122.670326,10.000000,528545.875000,4317139.500000,
716,Mining,120.76,30.28,30.05,30.20,30.23,"Fri May 8, 2026 - 12:08:29",User,1.5,ppm,,,,,,,,,Mining,,,,,,,,,,,,<LOD,1.6249,0.7197,137495.6875 , 2034.5597,2.1331,<LOD,3.0987,0.0854,<LOD,1.3422,0.1174,<LOD,2.3749,1.2406,<LOD,58.0748,13.2843,91.8845 , 5.7463,2.7845,17.4687 , 2.9825,0.3382,40045.1641 , 189.7756,86.1274,<LOD,0.0000,0.0000,38960.4492 , 5456.7866,0.1025,711.7053 , 30.7848,1.5904,<LOD,1.0817,4.0626,3.2782 , 0.5977,2.6425,22.3024 , 5.1785,0.2459,928.9102 , 199.4455,0.2456,8.3645 , 0.9798,0.2930,<LOD,1.3948,0.4864,<LOD,0.0000,0.0000,,,,3143.9385 , 70.2646,1.1549,<LOD,4.5872,3.7771,<LOD,0.8108,0.1524,287660.0312 , 817.3408,20.4644,13.2246 , 2.4806,3.0874,<LOD,0.0000,0.0000,,,,5807.4800 , 42.6016,15.1646,138.7922 , 11.7489,2.7370,<LOD,7.4665,0.1904,16.0694 , 0.7064,2.3142,44.7048 , 2.8490,0.5666,97.4764 , 1.2783,10.4831,<LOD,1.4137,0.2067,429627.7188 , 6744.8032,<LOD,2.5997,0.1828,40.8431 , 1.0835,1.8959,271.9474 , 1.5859,14.5334,2.8927 , 0.7743,0.2727,4.3519 , 1.0724,0.5424,325.3066 , 22.8054,14.9215,40927.8359 , 228.5500,42.3456,<LOD,50.6378,0.7720,13592.1680 , 147.1040,6.4641,,,,,,7,396.000000,39.002808,-122.670334,10.000000,528545.437500,4317140.000000,
717,Mining,120.47,30.13,30.16,30.00,30.18,"Fri May 8, 2026 - 12:10:49",User,1.5,ppm,,,,,,,,,Mining,,,,,,,,,,,,<LOD,1.5853,0.6947,132624.4219 , 1938.2629,2.0632,<LOD,3.1773,0.0926,<LOD,1.3274,0.1185,<LOD,2.3635,1.2552,<LOD,57.1303,13.1506,89.8853 , 5.7105,2.7983,12.9538 , 2.8482,0.3177,39068.5156 , 180.6637,84.8647,<LOD,0.0000,0.0000,31266.9727 , 5260.5132,0.0936,709.4403 , 30.5069,1.5966,<LOD,1.0575,4.0164,2.0315 , 0.5819,2.5862,20.3863 , 5.1062,0.2486,1001.5946 , 202.6310,0.2537,6.3767 , 0.9315,0.2723,<LOD,1.3570,0.4665,<LOD,0.0000,0.0000,,,,3060.7385 , 70.3396,1.1495,<LOD,4.5022,3.6920,<LOD,0.8293,0.1656,280943.2500 , 804.2249,20.0795,13.3326 , 2.4392,3.0327,<LOD,0.0000,0.0000,,,,5830.1743 , 42.2512,15.3744,128.5413 , 11.6451,2.7337,<LOD,6.9686,0.1702,14.8182 , 0.6862,2.2570,44.6958 , 2.8107,0.5689,92.2838 , 1.2361,10.2214,<LOD,1.3415,0.1912,449602.4062 , 6429.1094,<LOD,2.5525,0.1861,39.4637 , 1.0549,1.8590,264.3868 , 1.5320,14.3490,3.3962 , 0.7716,0.2819,3.4942 , 1.0442,0.5306,305.2212 , 22.3277,14.5168,41381.3750 , 227.0196,43.2310,<LOD,51.4140,0.7963,13469.8438 , 145.4383,6.4592,,,,,,7,396.100006,39.002811,-122.670334,10.000000,528545.312500,4317140.500000,
718,Mining,120.76,30.11,30.20,30.21,30.24,"Fri May 8, 2026 - 12:59:48",User,1.5,ppm,,,,,,,,,Mining,,,,,,,,,,,,<LOD,2.0782,0.6539,33463.1719 , 983.2078,0.5811,<LOD,4.2492,0.0893,<LOD,1.7808,0.1160,<LOD,3.0881,1.1633,<LOD,80.2788,18.4221,129.4575 , 9.4917,3.8638,7.4555 , 3.5471,0.2732,71037.0703 , 188.7323,133.4144,<LOD,0.0000,0.0000,<LOD,7149.2834,0.0471,376.9287 , 31.0989,1.2071,<LOD,1.3978,3.6916,5.2820 , 0.7605,2.3412,126.0986 , 7.2377,0.2252,7913.8018 , 479.4371,1.2968,7.7114 , 1.2243,0.2542,<LOD,1.8374,0.4728,<LOD,0.0000,0.0000,,,,27244.8438 , 181.3727,6.7428,<LOD,5.9875,3.5277,<LOD,1.1692,0.1837,99084.7109 , 530.7794,5.4244,20.3053 , 3.2663,2.9902,<LOD,0.0000,0.0000,,,,5050.3994 , 51.9340,11.8304,293.1558 , 17.0683,2.8697,<LOD,9.3771,0.1703,16.3279 , 0.8374,1.8105,36.5147 , 3.2711,0.4259,122.9366 , 1.6055,9.7129,6.8437 , 1.3818,0.3073,721810.1250 , 5245.9414,3.8405 , 2.3164,0.1899,30.9384 , 1.1747,1.1977,319.5713 , 1.8113,12.9487,4.5672 , 1.0067,0.2493,4.8702 , 1.3406,0.4667,535.1570 , 30.6166,15.2776,27282.6895 , 231.2635,24.1416,<LOD,61.2019,0.9498,5065.2446 , 131.4903,2.2884,,,,,,8,433.399994,39.000725,-122.663017,10.000000,529179.875000,4316911.000000,
719,Mining,126.31,35.76,30.19,30.13,30.23,"Fri May 8, 2026 - 13:02:13",User,1.5,ppm,,,,,,,,,Mining,,,,,,,,,,,,<LOD,2.1595,0.6686,34197.9258 , 994.0262,0.5918,<LOD,4.0842,0.0828,<LOD,1.6611,0.1007,<LOD,3.2383,1.2125,<LOD,80.0745,18.2259,123.2605 , 9.3149,3.7776,11.0951 , 3.6286,0.2859,70451.9609 , 186.2579,131.6679,<LOD,0.0000,0.0000,<LOD,6965.7195,0.0443,379.9229 , 31.0316,1.1955,<LOD,2.1157,3.7745,5.4773 , 0.7597,2.3391,118.5307 , 7.1366,0.2141,7317.9717 , 470.3112,1.2196,9.9992 , 1.2612,0.2708,<LOD,1.9730,0.5195,<LOD,0.0000,0.0000,,,,29168.3477 , 187.7786,7.2071,<LOD,6.2850,3.6807,<LOD,1.0804,0.1527,97047.2266 , 527.4768,5.2944,15.6843 , 3.4091,3.0712,<LOD,0.0000,0.0000,,,,5182.4321 , 51.5513,12.0165,282.0963 , 16.8435,2.8411,<LOD,9.6463,0.1806,15.9142 , 0.8360,1.8019,36.4149 , 3.2753,0.4263,126.7218 , 1.6234,9.9392,7.4333 , 1.4308,0.3309,721695.8125 , 5141.9438,<LOD,4.1889,0.1774,31.9369 , 1.1804,1.2170,327.4387 , 1.8298,13.2271,4.7312 , 0.9667,0.2368,4.2671 , 1.3270,0.4590,494.4784 , 31.8971,15.4645,27662.4414 , 229.8444,24.3220,<LOD,62.4929,0.9819,5280.5068 , 132.4886,2.3749,,,,,,7,439.399994,39.000660,-122.663010,10.000000,529180.625000,4316904.000000,
720,Mining,126.09,35.49,30.09,30.26,30.25,"Fri May 8, 2026 - 13:06:57",User,1.5,ppm,,,,,,,,,Mining,,,,,,,,,,,,<LOD,2.0233,0.6958,39566.7969 , 945.6605,0.6710,<LOD,4.0695,0.0928,<LOD,1.7354,0.1246,<LOD,3.0869,1.3149,<LOD,80.7298,22.0968,160.9338 , 9.9525,4.5474,10.9157 , 3.5550,0.3115,76735.7188 , 196.6421,159.6461,<LOD,0.0000,0.0000,<LOD,6088.6135,0.0408,526.2605 , 32.5442,1.5785,<LOD,1.3642,3.9387,5.4030 , 0.7522,2.5768,136.4723 , 7.3296,0.2538,3214.4167 , 309.0376,0.6125,9.8142 , 1.2355,0.2935,<LOD,1.8358,0.5329,<LOD,0.0000,0.0000,,,,16580.7109 , 136.9395,4.6653,<LOD,5.9528,3.9386,<LOD,1.0888,0.1770,105030.3516 , 514.7906,6.2364,15.0013 , 3.2095,3.2229,<LOD,0.0000,0.0000,,,,5067.6553 , 53.6205,13.2633,172.9115 , 16.4579,2.7785,<LOD,9.3729,0.1928,19.1433 , 0.8530,2.1202,45.3420 , 3.3618,0.5102,124.0314 , 1.5902,10.6944,2.4928 , 1.2771,0.2705,716481.6250 , 4493.8560,4.8653 , 2.3152,0.2149,33.7926 , 1.1869,1.3870,339.5105 , 1.8342,14.8263,2.5377 , 0.9570,0.2462,4.9891 , 1.3352,0.5219,477.2312 , 30.0305,16.2049,29725.4727 , 244.6814,29.2387,<LOD,57.6545,1.0532,5505.6104 , 138.3920,2.7488,,,,,,8,440.100006,39.000652,-122.662979,10.000000,529182.750000,4316903.000000,
721,Mining,120.16,30.04,30.01,30.25,29.86,"Fri May 8, 2026 - 13:09:20",User,1.5,ppm,,,,,,,,,Mining,,,,,,,,,,,,<LOD,1.9385,0.7352,36797.8633 , 926.5822,0.6282,<LOD,3.9838,0.0981,<LOD,1.7003,0.1319,<LOD,2.8938,1.3255,<LOD,76.8979,21.2474,170.8562 , 9.7142,4.6618,21.5974 , 3.6790,0.3675,71481.6797 , 196.8114,152.4595,<LOD,0.0000,0.0000,<LOD,6716.0054,0.0491,594.2042 , 32.6820,1.6833,<LOD,1.3324,4.1659,5.3203 , 0.7315,2.6960,122.1022 , 6.9959,0.2663,3365.3813 , 328.8270,0.6659,10.6620 , 1.2211,0.3165,<LOD,1.7356,0.5463,<LOD,0.0000,0.0000,,,,18134.2500 , 147.5552,5.2060,<LOD,5.5890,4.0036,<LOD,1.0677,0.1886,90256.7969 , 502.2529,5.4624,14.9905 , 3.0055,3.2416,<LOD,0.0000,0.0000,,,,5151.5381 , 52.3382,13.7118,170.7288 , 16.0221,2.8348,<LOD,8.7289,0.1834,18.3392 , 0.8247,2.1882,53.0957 , 3.4100,0.5783,125.7863 , 1.5651,11.4015,<LOD,3.0097,0.2694,736959.3750 , 4825.1807,4.5449 , 2.1965,0.2148,34.1723 , 1.1615,1.4669,350.6873 , 1.8292,16.0229,2.9856 , 0.9466,0.2695,4.8557 , 1.3060,0.5524,441.7035 , 27.9840,16.0949,30320.4727 , 241.8301,30.5179,<LOD,59.7002,1.0838,5385.9575 , 134.6279,2.7816,,,,,,9,440.299988,39.000652,-122.662979,10.000000,529182.750000,4316903.000000,
722,Mining,120.65,30.10,30.25,30.17,30.13,"Fri May 8, 2026 - 13:15:47",User,1.5,ppm,,,,,,,,,Mining,,,,,,,,,,,,<LOD,1.8230,0.6988,89545.7266 , 1483.7030,1.4020,<LOD,3.6213,0.0913,<LOD,1.5267,0.1197,<LOD,2.7479,1.2859,<LOD,71.5799,19.4011,161.5495 , 8.1449,3.9815,11.1465 , 3.2219,0.3154,63788.8438 , 201.7780,137.0450,<LOD,0.0000,0.0000,11181.8389 , 4658.9321,0.0648,764.8675 , 33.5474,1.8636,<LOD,1.2370,4.1050,5.0794 , 0.6793,2.6522,94.0606 , 6.3974,0.2561,2347.3914 , 258.4915,0.4523,8.9850 , 1.1141,0.2969,<LOD,1.6255,0.5144,<LOD,0.0000,0.0000,,,,8216.8965 , 99.8608,2.5213,<LOD,5.3299,3.9317,<LOD,0.9790,0.1786,184745.0312 , 633.4288,11.8475,16.8618 , 2.8804,3.2251,<LOD,0.0000,0.0000,,,,5576.3916 , 48.2597,14.7269,140.0667 , 14.2746,2.7679,<LOD,8.4252,0.1925,16.8630 , 0.7592,2.1023,45.5697 , 3.1119,0.5397,112.6308 , 1.4382,10.7512,1.9155 , 1.1440,0.2665,594353.7500 , 5571.3145,4.6065 , 2.1065,0.2221,28.5969 , 1.0326,1.2986,315.3070 , 1.7064,15.0545,4.2302 , 0.8783,0.2725,3.0574 , 1.1787,0.5072,430.7147 , 26.7615,16.0006,31897.9004 , 225.6300,32.3254,<LOD,50.6569,0.8324,6180.1011 , 127.6225,3.1239,,,,,,9,441.500000,39.000637,-122.662971,10.000000,529183.500000,4316901.500000,
723,Mining,120.47,30.27,30.13,30.13,29.94,"Fri May 8, 2026 - 13:18:03",User,1.5,ppm,,,,,,,,,Mining,,,,,,,,,,,,<LOD,1.8630,0.7376,115251.3984 , 1812.7678,1.7746,<LOD,3.9351,0.1068,<LOD,1.5293,0.1182,<LOD,2.7586,1.3101,<LOD,70.5009,17.7103,142.6506 , 7.7314,3.7071,11.8414 , 3.2360,0.3123,58439.0977 , 204.7759,123.1758,<LOD,0.0000,0.0000,9337.9316 , 4894.1211,0.0665,739.8032 , 33.6440,1.7536,<LOD,1.2430,4.0819,5.3641 , 0.6864,2.6711,77.0420 , 6.2978,0.2539,2264.3181 , 273.2579,0.4516,8.0181 , 1.1017,0.2854,<LOD,1.6468,0.5324,<LOD,0.0000,0.0000,,,,6801.0391 , 97.0136,2.1081,<LOD,5.2629,3.8400,<LOD,1.0226,0.1896,216246.4375 , 701.0433,13.9761,20.3980 , 2.8754,3.2481,<LOD,0.0000,0.0000,,,,5878.3711 , 48.2197,15.1887,144.3291 , 14.1032,2.8193,<LOD,8.1788,0.1778,17.1526 , 0.7612,2.0884,49.6203 , 3.2105,0.5643,112.7379 , 1.4571,10.8117,3.0944 , 1.1631,0.2801,543690.6875 , 6135.4800,<LOD,3.8446,0.1918,25.6475 , 1.0215,1.2307,315.1077 , 1.7454,15.1256,5.4898 , 0.8993,0.2887,5.2742 , 1.2128,0.5341,424.1981 , 26.5278,15.8323,33683.2070 , 226.2248,33.6055,<LOD,52.8569,0.8053,6299.7656 , 124.9711,3.1353,,,,,,8,441.500000,39.000641,-122.662971,10.000000,529183.812500,4316901.500000,
724,Mining,120.43,30.04,30.10,30.25,30.04,"Fri May 8, 2026 - 13:23:36",User,1.5,ppm,,,,,,,,,Mining,,,,,,,,,,,,<LOD,1.8189,0.6813,171907.2500 , 2615.3142,2.5696,<LOD,3.3958,0.0798,<LOD,1.5105,0.1165,<LOD,2.7300,1.2504,<LOD,69.8375,17.2830,105.6641 , 6.7604,3.0665,16.5527 , 3.2297,0.3133,55557.1289 , 230.4927,113.6799,<LOD,0.0000,0.0000,21360.8027 , 5614.5278,0.0869,786.7185 , 33.7231,1.7329,<LOD,1.4601,3.9309,4.5636 , 0.6623,2.5209,41.4389 , 6.2275,0.2538,1619.2113 , 244.3584,0.3299,5.0823 , 1.0006,0.2378,<LOD,1.5993,0.4859,<LOD,0.0000,0.0000,,,,4098.8926 , 80.8417,1.3306,<LOD,5.1897,3.6565,<LOD,0.9269,0.1594,243341.3438 , 768.9018,15.4104,13.4371 , 2.7855,2.9342,<LOD,0.0000,0.0000,,,,5776.9531 , 45.6656,14.4036,145.9644 , 13.0502,2.6595,<LOD,8.2911,0.1846,21.4429 , 0.7746,2.1973,47.8479 , 3.1371,0.5423,107.0841 , 1.4229,10.1355,4.4220 , 1.1096,0.2709,456794.5625 , 7667.6006,3.3214 , 2.0432,0.2065,21.3621 , 0.9430,1.0396,302.6861 , 1.7672,14.2823,4.5878 , 0.8636,0.2619,4.2320 , 1.1590,0.4901,398.0537 , 25.9685,14.6875,31663.1289 , 212.7976,30.6167,<LOD,54.2044,0.7662,5846.2534 , 114.3641,2.8201,,,,,,9,442.399994,39.000641,-122.662956,10.000000,529184.687500,4316901.500000,
725,Mining,120.27,30.03,30.06,30.01,29.85,"Fri May 8, 2026 - 13:25:56",User,1.5,ppm,,,,,,,,,Mining,,,,,,,,,,,,<LOD,1.7510,0.6728,171867.4844 , 2546.6240,2.5711,<LOD,3.3707,0.0819,<LOD,1.4218,0.1072,<LOD,2.5941,1.1962,<LOD,67.6619,16.4584,102.2138 , 6.6381,3.0646,11.2679 , 3.0622,0.2921,52890.0664 , 222.3375,109.0143,<LOD,0.0000,0.0000,21956.8379 , 5507.8418,0.0876,697.0817 , 32.2239,1.6031,<LOD,1.1756,3.8574,3.8434 , 0.6485,2.5095,37.7094 , 5.9226,0.2341,1639.7889 , 242.3020,0.3357,8.9757 , 1.0699,0.2838,<LOD,1.5662,0.4980,<LOD,0.0000,0.0000,,,,3909.6929 , 78.3986,1.2878,<LOD,4.9749,3.5660,<LOD,0.9060,0.1572,245470.3750 , 766.0027,15.7005,17.0477 , 2.7027,2.9613,<LOD,0.0000,0.0000,,,,5715.8530 , 45.0455,14.3828,150.3802 , 12.8808,2.6852,<LOD,8.0693,0.1816,19.0315 , 0.7503,2.1387,49.0121 , 3.1169,0.5555,105.4290 , 1.4002,10.2271,2.4550 , 1.1184,0.2682,456230.4375 , 7488.3823,<LOD,4.2240,0.1948,23.7235 , 0.9677,1.1516,301.3138 , 1.7464,14.5026,4.6235 , 0.8350,0.2615,5.3542 , 1.1616,0.5153,391.5253 , 25.0261,14.5953,32242.2949 , 212.2324,31.4185,<LOD,53.4539,0.7680,6146.2153 , 115.2901,2.9802,,,,,,7,442.600006,39.000645,-122.662956,10.000000,529184.937500,4316902.000000,
726,Mining,120.18,30.05,30.11,30.14,29.88,"Fri May 8, 2026 - 13:28:57",User,1.5,ppm,,,,,,,,,Mining,,,,,,,,,,,,<LOD,1.9507,0.6704,191161.5156 , 3243.1560,2.8084,<LOD,3.7373,0.0813,<LOD,1.6219,0.1132,<LOD,2.8263,1.1247,<LOD,70.3548,14.2628,104.6770 , 7.1041,2.8977,21.7803 , 3.5766,0.3229,51057.7070 , 210.6547,95.4795,<LOD,0.0000,0.0000,22718.3223 , 5893.3281,0.0882,652.7372 , 33.5442,1.3954,<LOD,1.2642,3.5859,4.5262 , 0.7090,2.4289,65.7191 , 6.6659,0.2758,1381.9843 , 231.8441,0.2553,7.8656 , 1.1314,0.2569,<LOD,1.7272,0.4854,<LOD,0.0000,0.0000,,,,3716.0535 , 79.4596,1.1304,<LOD,5.5867,3.6118,<LOD,1.0367,0.1701,219397.2031 , 737.7676,12.2617,14.0495 , 3.0115,2.9502,<LOD,0.0000,0.0000,,,,5009.5479 , 44.4769,11.5125,129.9724 , 12.9170,2.1937,<LOD,8.7257,0.1716,28.3924 , 0.8670,2.3441,44.6127 , 3.2612,0.4930,113.5252 , 1.5366,10.0786,3.7586 , 1.2168,0.2658,470849.2188 , 8876.7598,4.9705 , 2.1966,0.2029,14.1042 , 0.9154,0.7717,336.1283 , 1.9360,14.7380,5.3117 , 0.9326,0.2597,5.9186 , 1.2715,0.4992,491.6375 , 28.4786,15.3997,27875.2188 , 205.3483,24.4587,<LOD,55.7632,0.7053,4783.5430 , 110.5861,2.1629,,,,,,8,445.100006,39.000637,-122.662956,10.000000,529184.687500,4316901.500000,
727,Mining,120.55,30.21,30.25,30.16,29.93,"Fri May 8, 2026 - 13:31:13",User,1.5,ppm,,,,,,,,,Mining,,,,,,,,,,,,<LOD,1.9269,0.6359,191809.4688 , 3366.9941,2.8167,<LOD,3.7797,0.0829,<LOD,1.6782,0.1201,<LOD,2.8567,1.1224,<LOD,69.6752,13.8434,108.0793 , 7.1147,2.8595,27.0634 , 3.6660,0.3362,51001.9062 , 203.7857,92.7800,<LOD,0.0000,0.0000,20670.5723 , 5921.8071,0.0861,660.4348 , 33.4273,1.3717,<LOD,1.2680,3.5843,4.7138 , 0.7073,2.3938,56.8918 , 6.4409,0.2457,1584.7720 , 236.1251,0.2595,6.8015 , 1.0851,0.2341,<LOD,1.7166,0.4668,<LOD,0.0000,0.0000,,,,3821.4797 , 80.9728,1.1336,<LOD,5.6021,3.5129,<LOD,0.9931,0.1503,223664.2969 , 736.1866,12.1745,12.7414 , 3.0345,2.9203,<LOD,0.0000,0.0000,,,,4874.6597 , 43.7657,10.9309,146.8323 , 12.9148,2.1603,<LOD,8.9507,0.1794,29.8249 , 0.8719,2.3495,51.7442 , 3.3901,0.5275,113.6510 , 1.5195,9.7933,3.7266 , 1.1811,0.2510,468994.3438 , 9082.0059,2.9614 , 2.1663,0.1917,14.1763 , 0.9138,0.7617,335.0151 , 1.9056,14.2948,2.1099 , 0.8975,0.2186,6.5258 , 1.2688,0.4925,498.8715 , 28.7649,15.3309,26861.5098 , 199.8248,22.8619,<LOD,57.1677,0.7172,4634.8276 , 108.4485,2.0351,,,,,,8,445.200012,39.000633,-122.662956,10.000000,529184.937500,4316901.000000,
728,Mining,120.72,30.16,30.29,30.03,30.24,"Fri May 8, 2026 - 13:35:01",User,1.5,ppm,,,,,,,,,Mining,,,,,,,,,,,,<LOD,1.7599,0.6947,107764.9297 , 1777.2454,1.6782,<LOD,3.5657,0.0921,<LOD,1.5400,0.1263,<LOD,2.6422,1.2707,<LOD,66.6686,15.7479,117.0311 , 7.1259,3.3049,11.4241 , 3.1216,0.3044,51407.0547 , 192.2596,106.9703,<LOD,0.0000,0.0000,21893.4941 , 5095.4185,0.0783,489.7056 , 29.5944,1.3339,<LOD,1.1916,3.9794,4.2784 , 0.6551,2.5787,47.6303 , 5.8054,0.2260,1571.4019 , 242.3333,0.3514,7.4067 , 1.0500,0.2737,<LOD,1.5646,0.5075,<LOD,0.0000,0.0000,,,,5917.6187 , 90.0498,1.8530,<LOD,5.0729,3.7953,<LOD,0.9528,0.1750,234768.3125 , 714.2520,15.2044,20.6481 , 2.7718,3.2056,<LOD,0.0000,0.0000,,,,5864.3018 , 46.8632,14.9707,136.3101 , 13.5302,2.7428,<LOD,7.9179,0.1753,14.4792 , 0.7199,1.9709,39.0194 , 2.9455,0.4978,106.2950 , 1.3958,10.4796,2.0630 , 1.0939,0.2560,526966.0625 , 6300.4468,<LOD,3.9306,0.1950,25.8817 , 0.9907,1.2351,300.9103 , 1.6835,14.7527,2.6878 , 0.8513,0.2555,3.6080 , 1.1481,0.5049,405.1011 , 25.4971,15.5513,35385.5664 , 224.4991,34.8446,<LOD,51.5533,0.7817,6726.7515 , 123.7607,3.2791,,,,,,7,445.100006,39.000633,-122.662949,10.000000,529185.375000,4316901.000000,
729,Mining,30.28,30.28,,,,"Fri May 8, 2026 - 13:35:57",User,1.5,ppm,,,,,,,,,Mining,,,,,,,,,,,,<LOD,7.7511,28.5614,,,,<LOD,3.6558,0.0824,<LOD,1.6745,0.1274,<LOD,8.4087,28.2349,<LOD,69.7879,15.5853,69.4102 , 29.6910,0.5216,11.9754 , 3.3765,0.3025,54184.0312 , 140.1961,105.1791,<LOD,0.0000,0.0000,,,,532.2862 , 31.2579,1.3412,<LOD,1.2915,4.0299,3.8802 , 0.7039,2.5537,38.5573 , 6.1818,0.2115,,,,8.3653 , 1.1292,0.2709,<LOD,8.5183,31.2688,<LOD,0.0000,0.0000,,,,,,,<LOD,14.7431,29.9097,<LOD,0.9832,0.1586,,,,<LOD,10.1644,24.5920,<LOD,0.0000,0.0000,,,,6325.5410 , 172.6427,2.4412,135.1557 , 60.0451,0.8415,<LOD,8.7819,0.1836,13.9742 , 0.7676,1.9241,50.7101 , 3.2510,0.5164,108.6160 , 1.4745,10.4669,3.3573 , 1.2033,0.2710,938173.3125 , 409.0470,3.4627 , 2.1963,0.2134,26.1374 , 1.0641,1.2265,304.0351 , 1.6778,14.4955,3.8423 , 0.9407,0.2725,3.3549 , 1.2372,0.4989,,,,,,,,,,,,,,,,,,7,445.200012,39.000629,-122.662949,10.000000,529185.687500,4316900.500000,
730,Mining,120.19,30.19,30.18,30.26,29.56,"Fri May 8, 2026 - 13:38:15",User,1.5,ppm,,,,,,,,,Mining,,,,,,,,,,,,<LOD,1.7158,0.6989,96420.6094 , 1642.8015,1.5083,<LOD,3.3599,0.0855,<LOD,1.4853,0.1227,<LOD,2.5464,1.2441,<LOD,64.6708,15.2830,120.1360 , 7.0506,3.2698,8.5535 , 2.9962,0.2923,49732.1328 , 180.3573,104.0083,<LOD,0.0000,0.0000,19064.9492 , 4962.5742,0.0734,439.3102 , 28.2108,1.2494,<LOD,1.1459,3.9920,3.6644 , 0.6251,2.5513,42.3549 , 5.5540,0.2116,1797.6587 , 250.8483,0.3730,6.7112 , 1.0102,0.2648,<LOD,1.4523,0.4583,<LOD,0.0000,0.0000,,,,7652.3022 , 100.5936,2.2987,<LOD,4.8809,3.6790,<LOD,0.8926,0.1592,213774.0938 , 692.2344,13.6057,9.7171 , 2.6426,3.0404,<LOD,0.0000,0.0000,,,,5603.8276 , 44.7198,14.1696,168.6622 , 13.3741,2.7210,<LOD,7.8579,0.1805,13.1992 , 0.6962,1.9283,41.1487 , 2.9373,0.5164,100.2070 , 1.3313,10.0519,1.2649 , 1.0371,0.2358,565195.8750 , 6004.0010,<LOD,4.3012,0.2020,26.3069 , 0.9623,1.2350,279.9047 , 1.5794,13.9213,2.7301 , 0.8260,0.2534,<LOD,2.5536,0.4653,371.0866 , 24.6022,15.2324,33020.0000 , 216.7478,32.4560,<LOD,52.8597,0.8136,6103.5933 , 119.7313,3.0179,,,,,,7,445.100006,39.000629,-122.662949,10.000000,529185.375000,4316900.500000,
731,Mining,120.32,30.12,30.21,30.13,29.86,"Fri May 8, 2026 - 13:41:35",User,1.5,ppm,,,,,,,,,Mining,,,,,,,,,,,,<LOD,1.9206,0.7268,69058.0625 , 1472.4589,1.1035,<LOD,3.6820,0.0902,<LOD,1.5662,0.1207,<LOD,2.8284,1.2684,<LOD,73.6025,19.9413,124.9562 , 8.1691,3.7481,16.3077 , 3.3949,0.3359,65078.5703 , 241.1511,138.9641,<LOD,0.0000,0.0000,<LOD,10194.9199,0.0528,511.9200 , 30.6152,1.4981,<LOD,1.2477,3.9881,4.6955 , 0.6892,2.6119,84.3304 , 6.5312,0.2484,2413.3643 , 279.0380,0.4887,7.9134 , 1.1110,0.2828,<LOD,1.6720,0.5076,<LOD,0.0000,0.0000,,,,10039.6797 , 112.5130,2.9775,<LOD,5.4962,3.8836,<LOD,0.9900,0.1750,161893.8125 , 642.4081,10.1149,16.8014 , 2.9839,3.2298,<LOD,0.0000,0.0000,,,,5031.8726 , 48.2847,13.2652,142.0789 , 14.2929,2.5955,<LOD,8.3740,0.1819,14.5088 , 0.7491,1.9549,48.0148 , 3.2338,0.5582,109.1717 , 1.4516,10.3064,3.2770 , 1.1844,0.2860,645117.6250 , 7505.0200,26.5422 , 2.7007,0.3828,26.7476 , 1.0299,1.2147,299.1916 , 1.7387,14.1730,2.8195 , 0.8691,0.2451,2.2882 , 1.2167,0.5126,419.0612 , 27.6867,15.8525,30341.8301 , 231.0031,30.4139,<LOD,52.2284,0.8391,5618.4058 , 127.2359,2.8484,,,,,,6,444.799988,39.000629,-122.662949,10.000000,529185.375000,4316900.500000,
732,Mining,126.33,35.74,30.20,30.25,30.14,"Fri May 8, 2026 - 13:43:58",User,1.5,ppm,,,,,,,,,Mining,,,,,,,,,,,,<LOD,1.8578,0.6902,69257.0547 , 1487.1973,1.1059,<LOD,3.4932,0.0785,<LOD,1.5473,0.1139,<LOD,2.8095,1.2804,<LOD,74.0770,19.4045,115.5191 , 8.0800,3.6190,14.6357 , 3.3812,0.3221,64384.2891 , 237.0562,135.3326,<LOD,0.0000,0.0000,<LOD,10176.5325,0.0523,470.4420 , 30.3920,1.4162,<LOD,1.2626,3.9548,3.5874 , 0.6892,2.5212,76.1874 , 6.4248,0.2218,2347.9612 , 275.9055,0.4748,6.7224 , 1.0910,0.2638,<LOD,1.6200,0.4838,<LOD,0.0000,0.0000,,,,9090.8809 , 107.4392,2.7009,<LOD,5.4030,3.8186,<LOD,0.9497,0.1564,164288.3906 , 641.7026,10.1443,15.2477 , 2.9276,3.1594,<LOD,0.0000,0.0000,,,,5328.1909 , 49.3116,13.8153,145.7107 , 14.5401,2.6645,<LOD,8.0396,0.1617,14.4175 , 0.7499,1.8990,43.9009 , 3.1708,0.5192,106.4115 , 1.4529,10.0301,2.0882 , 1.1361,0.2477,642814.8125 , 7531.6489,13.4244 , 2.3479,0.2719,23.8473 , 1.0087,1.1158,299.7794 , 1.7502,14.0186,3.2735 , 0.8716,0.2430,3.5230 , 1.2215,0.5036,402.1565 , 27.1516,15.4707,31468.9160 , 234.1340,31.2448,<LOD,52.7951,0.8562,5751.8691 , 127.9499,2.8783,,,,,,7,445.000000,39.000626,-122.662949,10.000000,529185.375000,4316900.000000,
733,Mining,120.44,30.17,30.02,30.22,30.03,"Fri May 8, 2026 - 13:46:54",User,1.5,ppm,,,,,,,,,Mining,,,,,,,,,,,,<LOD,1.7835,0.7007,102724.7891 , 1737.4534,1.5999,<LOD,3.5653,0.0933,<LOD,1.4182,0.1085,<LOD,2.6302,1.2305,<LOD,66.2312,15.8341,112.0030 , 7.0936,3.2068,6.7899 , 2.9770,0.2807,51665.0117 , 187.2747,106.8955,<LOD,0.0000,0.0000,20738.5938 , 5051.3242,0.0752,522.7598 , 29.6946,1.3691,<LOD,1.1801,3.9489,3.7730 , 0.6489,2.5543,40.9694 , 5.7045,0.2159,2072.4482 , 255.9671,0.3965,6.9253 , 1.0315,0.2678,<LOD,1.5724,0.5025,<LOD,0.0000,0.0000,,,,6317.9141 , 92.7882,1.9333,<LOD,5.0852,3.7433,<LOD,0.9422,0.1730,225243.3750 , 704.1634,14.3454,18.9538 , 2.7667,3.1267,<LOD,0.0000,0.0000,,,,5704.9878 , 45.9562,14.3715,147.0263 , 13.4894,2.6774,<LOD,7.8155,0.1733,15.4865 , 0.7231,2.0180,39.3000 , 2.9320,0.5006,104.6423 , 1.3675,10.2429,3.0525 , 1.1017,0.2713,543555.7500 , 6210.1904,15.6642 , 2.3308,0.3053,26.7188 , 0.9975,1.2616,292.6916 , 1.6335,14.2671,3.9530 , 0.8207,0.2534,4.3248 , 1.1742,0.5304,436.0785 , 25.6824,15.6331,33718.4844 , 220.6161,32.8678,<LOD,51.4440,0.7635,6457.5244 , 122.8794,3.1347,,,,,,8,444.899994,39.000626,-122.662949,10.000000,529185.500000,4316900.000000,
734,Mining,120.94,30.23,30.29,30.19,30.23,"Fri May 8, 2026 - 13:49:36",User,1.5,ppm,,,,,,,,,Mining,,,,,,,,,,,,<LOD,1.8788,0.7462,65140.0000 , 1263.3917,1.0685,<LOD,3.8583,0.1009,<LOD,1.4912,0.1110,<LOD,2.7827,1.3234,<LOD,79.1918,26.5539,62.1237 , 7.8570,3.6837,45.8484 , 4.0403,0.4883,80191.4688 , 260.5316,189.6733,<LOD,0.0000,0.0000,42652.1016 , 5244.4277,0.0945,532.8583 , 30.9688,1.7855,<LOD,1.2422,3.9449,2.9141 , 0.6821,2.5522,118.8731 , 6.9170,0.2349,1408.7131 , 203.9991,0.3199,8.3415 , 1.1324,0.2979,<LOD,1.6164,0.5084,<LOD,0.0000,0.0000,,,,6704.1270 , 87.2456,2.2659,<LOD,5.3503,3.9468,<LOD,0.9865,0.1724,187649.8594 , 629.1084,12.9744,12.3225 , 2.8723,3.1778,<LOD,0.0000,0.0000,,,,4081.2439 , 44.6785,11.9835,127.8649 , 13.5463,2.4649,<LOD,8.2689,0.1803,15.3273 , 0.7592,2.0262,52.7107 , 3.3499,0.6121,103.3151 , 1.4313,10.1868,2.5468 , 1.1828,0.2838,579574.7500 , 5800.5122,33.7629 , 2.8620,0.4441,24.7605 , 1.0192,1.1870,288.9400 , 1.7046,14.1851,3.3086 , 0.8477,0.2414,2.7354 , 1.2379,0.5342,411.3563 , 26.8442,15.9029,26224.3730 , 218.9694,28.9917,<LOD,47.4045,0.8674,4523.4502 , 119.3655,2.5831,,,,,,8,444.799988,39.000629,-122.662949,10.000000,529185.687500,4316900.500000,
735,Mining,120.43,30.11,30.21,30.08,30.03,"Fri May 8, 2026 - 13:51:57",User,1.5,ppm,,,,,,,,,Mining,,,,,,,,,,,,<LOD,1.8456,0.6930,61950.2461 , 1225.5350,1.0213,<LOD,3.8741,0.1019,<LOD,1.5158,0.1148,<LOD,2.8178,1.3145,<LOD,78.9659,26.5642,67.6790 , 7.7645,3.7106,39.1392 , 3.9004,0.4557,80806.7578 , 254.2372,189.7795,<LOD,0.0000,0.0000,37649.9023 , 5145.4888,0.0882,509.1444 , 30.5693,1.7481,<LOD,1.2546,4.0498,3.6287 , 0.6858,2.5872,124.5145 , 6.9762,0.2464,1248.3289 , 208.8300,0.3226,6.0315 , 1.0790,0.2701,<LOD,1.5998,0.4801,<LOD,0.0000,0.0000,,,,6782.6211 , 88.1156,2.2730,<LOD,5.4341,3.9620,<LOD,0.9934,0.1753,184353.4844 , 623.6448,12.6280,15.6901 , 2.9174,3.1863,<LOD,0.0000,0.0000,,,,4116.4976 , 43.6171,11.9327,128.1772 , 13.2724,2.4398,<LOD,8.3187,0.1828,14.2398 , 0.7434,1.9440,55.5616 , 3.3851,0.6263,100.6077 , 1.4135,9.9744,4.8464 , 1.1937,0.3080,590579.8125 , 5670.2817,32.7142 , 2.8307,0.4335,23.8277 , 1.0098,1.1567,293.2921 , 1.7014,14.2576,3.4450 , 0.8540,0.2431,3.6413 , 1.2484,0.5448,425.2967 , 27.1990,15.8752,26163.0371 , 214.9992,28.7890,<LOD,47.6379,0.8633,4497.8501 , 116.7248,2.5387,,,,,,8,444.799988,39.000629,-122.662949,10.000000,529185.812500,4316900.500000,
736,Mining,120.63,30.21,30.01,30.12,30.29,"Fri May 8, 2026 - 13:55:16",User,1.5,ppm,,,,,,,,,Mining,,,,,,,,,,,,<LOD,1.7714,0.7348,157720.9688 , 2219.3533,2.4075,<LOD,3.7440,0.1044,<LOD,1.6522,0.1495,<LOD,2.6264,1.2962,<LOD,71.0627,19.4307,112.7529 , 8.0226,3.8011,17.4021 , 3.2957,0.3515,58311.4492 , 271.0375,131.3433,<LOD,0.0000,0.0000,36334.6523 , 5726.4722,0.1059,645.5776 , 32.2275,1.7219,<LOD,2.0201,4.4315,6.7157 , 0.6876,2.8784,60.2607 , 6.3080,0.2752,3152.8235 , 311.3953,0.6693,9.2283 , 1.1171,0.3182,<LOD,1.6400,0.5872,<LOD,0.0000,0.0000,,,,8496.1689 , 106.2898,2.7303,<LOD,5.1714,4.0996,<LOD,0.9871,0.1918,261509.0781 , 813.6151,19.2012,12.2379 , 2.7931,3.3662,<LOD,0.0000,0.0000,,,,6680.6470 , 55.7261,18.4044,178.9365 , 15.7844,3.4337,<LOD,8.3425,0.2007,22.7493 , 0.8131,2.5610,68.2812 , 3.5226,0.7344,127.2316 , 1.5781,12.8033,6.7111 , 1.2643,0.3853,417989.9062 , 7228.7563,5.7589 , 2.1303,0.2443,30.5629 , 1.0752,1.4872,353.5353 , 2.0294,18.1317,4.4372 , 0.9289,0.3177,4.2299 , 1.2237,0.5844,440.0540 , 26.3557,17.2245,40072.5469 , 268.2081,43.1503,<LOD,51.8395,0.8399,7625.1040 , 141.5423,4.0514,,,,,,8,444.399994,39.000637,-122.662949,10.000000,529185.687500,4316901.500000,
737,Mining,126.22,35.84,30.00,30.21,30.17,"Fri May 8, 2026 - 13:57:43",User,1.5,ppm,,,,,,,,,Mining,,,,,,,,,,,,<LOD,1.8127,0.7848,154813.7500 , 2093.9949,2.3675,<LOD,3.9037,0.1126,<LOD,1.6040,0.1398,<LOD,2.6322,1.3257,<LOD,71.1078,19.2857,123.3318 , 7.8964,3.8604,20.2157 , 3.3785,0.3665,58318.5234 , 254.1039,130.5408,<LOD,0.0000,0.0000,26872.3340 , 5356.5835,0.0957,627.9142 , 32.0439,1.6891,<LOD,2.0196,4.4508,7.6851 , 0.6999,2.9665,64.4534 , 6.3797,0.2853,3024.0139 , 300.9929,0.6549,10.8741 , 1.1599,0.3404,<LOD,1.6298,0.5879,<LOD,0.0000,0.0000,,,,8736.9316 , 104.2483,2.7819,<LOD,5.1282,4.0793,<LOD,1.0362,0.2104,261867.4844 , 775.8654,19.1187,12.3654 , 2.7748,3.3705,<LOD,0.0000,0.0000,,,,6644.5469 , 53.7276,18.1863,162.5018 , 15.2315,3.3340,<LOD,8.7373,0.2191,22.6638 , 0.8138,2.5500,66.2490 , 3.4995,0.7197,125.6974 , 1.5586,12.6281,4.0309 , 1.2343,0.3424,430012.3750 , 6814.5098,2.9672 , 2.1088,0.2311,29.9311 , 1.0786,1.4786,350.6389 , 1.9721,17.8842,5.7071 , 0.9342,0.3311,5.9682 , 1.2495,0.6055,463.5469 , 26.2474,17.4418,40189.7383 , 259.3557,43.0016,<LOD,51.1955,0.8670,7413.5708 , 136.8274,3.9535,,,,,,8,444.600006,39.000645,-122.662949,10.000000,529185.937500,4316902.000000,
738,Mining,120.77,30.21,30.23,30.19,30.14,"Fri May 8, 2026 - 14:05:47",User,1.5,ppm,,,,,,,,,Mining,,,,,,,,,,,,<LOD,1.7605,0.6125,58974.8047 , 1215.3843,0.9610,<LOD,2.9747,0.0718,<LOD,1.2446,0.0922,<LOD,2.2648,1.0404,<LOD,54.8230,10.3828,51.7148 , 5.3241,2.1781,<LOD,5.7081,0.2494,34683.4102 , 129.3662,68.1810,<LOD,0.0000,0.0000,14739.3809 , 4433.5312,0.0586,1481.6145 , 40.2053,2.4199,<LOD,1.0822,3.7985,1.0556 , 0.5967,2.4473,<LOD,9.7359,0.1734,758.7699 , 178.5267,0.1709,6.6445 , 0.9479,0.2512,<LOD,1.2453,0.3518,<LOD,0.0000,0.0000,,,,222.2318 , 45.3289,0.3925,<LOD,4.3828,3.2041,<LOD,0.7958,0.1360,187287.2969 , 645.2182,10.7867,<LOD,5.4623,2.4493,<LOD,0.0000,0.0000,,,,4899.9033 , 37.2189,11.7044,119.4364 , 10.9130,2.1596,<LOD,7.1887,0.1610,16.7916 , 0.6821,2.0366,73.8251 , 3.3748,0.7274,79.7490 , 1.1978,8.9602,1.2425 , 0.9811,0.2275,654336.9375 , 5120.7505,<LOD,3.2128,0.1790,16.5780 , 0.8193,0.9058,298.5295 , 1.5247,14.8012,3.1738 , 0.7265,0.2234,2.9730 , 1.0588,0.4857,220.2772 , 21.1784,11.6476,38765.3164 , 202.5186,36.0940,<LOD,56.5568,0.8997,2958.3591 , 85.7022,1.6595,,,,,,5,444.399994,39.000805,-122.662949,10.000000,529185.625000,4316920.000000,
739,Mining,120.45,30.08,30.04,30.18,29.55,"Fri May 8, 2026 - 14:08:21",User,1.5,ppm,,,,,,,,,Mining,,,,,,,,,,,,<LOD,1.7817,0.6153,56588.8945 , 1369.1780,0.9236,<LOD,2.9664,0.0646,<LOD,1.2603,0.0852,<LOD,2.4800,1.0436,<LOD,53.6688,8.7031,48.9904 , 5.2176,1.9109,<LOD,3.9227,0.2111,31279.6660 , 120.4929,56.1302,<LOD,0.0000,0.0000,14730.6582 , 4867.8569,0.0579,953.6010 , 34.7912,1.5674,<LOD,1.0539,3.3658,<LOD,0.9752,2.1924,<LOD,8.3201,0.1674,802.0971 , 202.3565,0.1709,4.1097 , 0.8994,0.2034,<LOD,1.3567,0.3487,<LOD,0.0000,0.0000,,,,320.3938 , 51.7994,0.4038,<LOD,4.8140,3.2448,<LOD,0.7890,0.1201,197261.1406 , 694.2994,10.2799,<LOD,4.2299,2.4297,<LOD,0.0000,0.0000,,,,4778.5234 , 36.3040,10.3578,110.2972 , 10.6762,1.8909,<LOD,7.0680,0.1396,15.4658 , 0.6762,1.8128,61.3684 , 3.2325,0.5990,74.6505 , 1.1634,7.7051,<LOD,1.8968,0.1783,658074.6250 , 5747.2759,<LOD,2.5234,0.1434,16.0528 , 0.8055,0.8020,255.9752 , 1.4190,11.8812,3.5829 , 0.7390,0.2102,<LOD,2.4940,0.4018,226.1000 , 23.1869,11.6659,31595.5605 , 183.3749,26.3801,<LOD,63.5470,0.8900,2798.2949 , 84.2350,1.4089,,,,,,8,440.200012,39.000534,-122.662910,10.000000,529189.312500,4316890.000000,
740,Mining,126.25,35.76,30.10,30.11,30.28,"Fri May 8, 2026 - 14:11:29",User,1.5,ppm,,,,,,,,,Mining,,,,,,,,,,,,<LOD,2.1034,0.7916,152944.9062 , 1993.4440,2.3803,<LOD,2.9784,0.0971,<LOD,1.2612,0.1277,<LOD,2.1760,1.3573,<LOD,53.6272,13.6286,84.1587 , 6.0121,3.0495,9.6582 , 2.6054,0.3177,37160.8438 , 209.6090,88.9801,<LOD,0.0000,0.0000,74465.0625 , 5694.6973,0.1448,793.1368 , 30.4986,1.8616,<LOD,1.0170,4.4187,2.9390 , 0.5581,2.8347,10.6938 , 4.5283,0.2157,935.3168 , 186.9209,0.2641,6.7790 , 0.8926,0.2994,<LOD,1.2754,0.5281,<LOD,0.0000,0.0000,,,,1365.1195 , 51.0610,0.6968,<LOD,4.1852,4.1085,<LOD,0.7997,0.1866,310534.9688 , 934.2426,24.9204,10.0853 , 2.2409,3.2575,<LOD,0.0000,0.0000,,,,6595.4634 , 49.2589,18.9385,148.8995 , 12.8597,3.3278,<LOD,6.7550,0.1920,15.6148 , 0.6311,2.3005,50.9693 , 2.7913,0.6682,90.4504 , 1.2484,11.8247,8.2723 , 1.0814,0.4355,362631.1250 , 6713.6489,<LOD,2.7435,0.2078,18.2625 , 0.8158,1.1962,328.6057 , 1.8555,19.6652,4.0177 , 0.7260,0.2959,5.7584 , 1.0490,0.6421,303.4234 , 20.7291,15.8876,47378.1914 , 271.6114,54.5082,<LOD,47.3407,0.7849,4097.2842 , 98.7182,2.6653,,,,,,8,442.299988,39.000626,-122.662964,10.000000,529184.250000,4316900.000000,
741,Mining,120.77,30.18,30.14,30.23,29.02,"Fri May 8, 2026 - 14:13:49",User,1.5,ppm,,,,,,,,,Mining,,,,,,,,,,,,<LOD,2.1288,0.7987,168219.4688 , 2146.3784,2.6028,<LOD,2.9880,0.1010,<LOD,1.2794,0.1354,<LOD,2.2535,1.4574,<LOD,54.1328,14.4959,78.0032 , 5.8740,3.0698,9.2921 , 2.5917,0.3239,38567.2773 , 235.1495,95.1730,<LOD,0.0000,0.0000,83001.3672 , 5990.2920,0.1566,720.3846 , 29.4654,1.8082,<LOD,1.1528,4.6579,3.9447 , 0.5584,2.9333,20.6519 , 4.6856,0.2454,930.9191 , 197.4798,0.2784,8.2484 , 0.9140,0.3241,<LOD,1.3194,0.5620,<LOD,0.0000,0.0000,,,,1224.2474 , 51.1641,0.6546,<LOD,4.5379,4.2347,<LOD,0.7803,0.1801,320889.6250 , 1032.1080,26.4440,11.2070 , 2.2674,3.3058,<LOD,0.0000,0.0000,,,,6569.2617 , 50.5413,19.5658,151.2839 , 12.7698,3.4675,<LOD,6.9059,0.2068,16.9399 , 0.6472,2.4764,53.3234 , 2.8228,0.7023,100.4920 , 1.3077,12.7469,9.0344 , 1.1151,0.4794,332767.5000 , 7042.0156,<LOD,2.4452,0.2072,22.5366 , 0.8505,1.3808,318.9930 , 1.9028,19.5638,2.9717 , 0.7180,0.2899,3.9785 , 1.0127,0.6159,298.1810 , 20.9478,15.9971,41812.6523 , 260.4923,48.9999,<LOD,48.7025,0.7790,4188.2354 , 97.4142,2.7106,,,,,,8,441.799988,39.000626,-122.662964,10.000000,529184.375000,4316900.000000,
742,Mining,126.40,35.83,30.08,30.30,30.19,"Fri May 8, 2026 - 14:17:26",User,1.5,ppm,,,,,,,,,Mining,,,,,,,,,,,,<LOD,2.0072,0.6758,121580.4844 , 2839.3206,1.8884,<LOD,3.8869,0.0845,<LOD,1.6996,0.1184,<LOD,2.9049,1.1324,<LOD,62.9454,9.5454,65.9672 , 5.9055,2.0980,15.2985 , 3.4108,0.2773,36423.8672 , 165.7217,61.3601,<LOD,0.0000,0.0000,51021.4609 , 6786.3940,0.1076,537.0161 , 32.1833,1.0594,<LOD,1.2625,3.4672,5.5397 , 0.6992,2.2884,20.3552 , 5.8210,0.2079,1087.5565 , 217.9565,0.1913,7.8000 , 1.1239,0.2421,<LOD,1.7608,0.4789,<LOD,0.0000,0.0000,,,,546.4475 , 52.9159,0.3872,<LOD,5.7305,3.6293,<LOD,1.0258,0.1558,334689.2500 , 842.0339,18.7862,18.0728 , 3.1085,3.0188,<LOD,0.0000,0.0000,,,,6255.1079 , 44.9232,12.8459,141.4731 , 12.6634,2.3008,<LOD,8.4612,0.1533,18.7557 , 0.8016,1.9086,41.9800 , 3.2419,0.4614,116.5441 , 1.5312,9.7302,8.2903 , 1.3358,0.3341,406658.3750 , 9545.1895,5.9544 , 2.2363,0.2039,26.7373 , 1.0527,1.0855,313.6759 , 1.8386,13.3250,3.6800 , 0.9399,0.2426,2.1103 , 1.2091,0.4314,517.5294 , 29.2209,15.6105,36212.0625 , 209.2357,29.0545,<LOD,60.1094,0.6868,3658.6074 , 94.1914,1.6825,,,,,,8,442.200012,39.000626,-122.662956,10.000000,529185.125000,4316900.000000,
743,Mining,120.67,30.12,30.20,30.16,30.19,"Fri May 8, 2026 - 14:19:47",User,1.5,ppm,,,,,,,,,Mining,,,,,,,,,,,,<LOD,1.9586,0.6684,136953.7656 , 2989.6548,2.1150,<LOD,3.8733,0.0869,<LOD,1.6592,0.1166,<LOD,2.9025,1.1776,<LOD,61.8242,9.4106,82.1537 , 6.3848,2.3110,14.2457 , 3.3236,0.2720,35304.1328 , 173.1952,60.0283,<LOD,0.0000,0.0000,51077.1484 , 6787.1074,0.1108,529.1859 , 31.7381,1.0510,<LOD,1.2437,3.4889,5.3330 , 0.6882,2.2934,9.2871 , 5.5425,0.1882,1157.8195 , 225.1626,0.2097,8.0405 , 1.1066,0.2427,<LOD,1.7954,0.5218,<LOD,0.0000,0.0000,,,,652.2377 , 53.6246,0.4063,<LOD,5.7643,3.8375,<LOD,1.0007,0.1511,350738.8750 , 873.8864,20.4018,19.6645 , 3.1287,3.2009,<LOD,0.0000,0.0000,,,,6949.4067 , 49.1478,14.2831,136.6562 , 13.5122,2.4680,<LOD,8.6349,0.1655,18.2696 , 0.7856,1.8921,41.9702 , 3.2076,0.4660,112.5793 , 1.5031,9.5550,6.5366 , 1.2766,0.3073,371186.5312 , 9660.5791,<LOD,5.2932,0.1903,25.1793 , 1.0282,1.0616,301.9238 , 1.8252,13.0267,2.8284 , 0.9072,0.2303,3.3195 , 1.1963,0.4392,546.1187 , 29.5198,16.5895,39901.0820 , 229.9225,32.5707,<LOD,61.1563,0.7255,4215.7134 , 102.6255,1.9232,,,,,,7,442.600006,39.000626,-122.662956,10.000000,529184.937500,4316900.000000,
744,Mining,120.69,30.21,30.01,30.19,30.28,"Fri May 8, 2026 - 14:23:31",User,1.5,ppm,,,,,,,,,Mining,,,,,,,,,,,,<LOD,1.5114,0.7553,146128.1719 , 1921.2963,2.2679,<LOD,3.1285,0.1058,<LOD,1.2295,0.1189,<LOD,2.2729,1.3924,<LOD,52.6386,12.7242,82.7820 , 5.6827,2.8507,7.1068 , 2.5765,0.3032,35981.0000 , 179.0743,83.2488,<LOD,0.0000,0.0000,46080.0742 , 5199.6089,0.1106,478.6358 , 25.9866,1.3149,<LOD,1.0115,4.3063,2.6598 , 0.5595,2.8147,12.8178 , 4.5180,0.2161,820.7101 , 183.1581,0.2324,7.6211 , 0.9075,0.3037,<LOD,1.3301,0.5387,<LOD,0.0000,0.0000,,,,391.6892 , 42.0224,0.4143,<LOD,4.3541,4.1832,<LOD,0.7701,0.1618,305178.4062 , 854.9145,22.9870,14.1967 , 2.3405,3.3545,<LOD,0.0000,0.0000,,,,6015.5605 , 44.1308,16.8498,137.3941 , 11.9776,3.0019,<LOD,6.7487,0.1873,16.7210 , 0.6454,2.3699,41.1288 , 2.6213,0.5771,97.9479 , 1.2305,11.6112,3.9120 , 0.9984,0.3337,415754.5625 , 6330.5186,<LOD,3.2899,0.2157,21.5783 , 0.8383,1.2859,279.6278 , 1.5701,16.3844,4.4734 , 0.7262,0.2981,4.6679 , 1.0093,0.5823,336.7844 , 21.5742,16.3523,38350.5938 , 224.2494,42.0795,<LOD,48.1815,0.7710,3749.1965 , 91.5926,2.3064,,,,,,9,442.899994,39.000626,-122.662949,10.000000,529185.500000,4316900.000000,
745,Mining,120.48,30.02,30.09,30.14,30.23,"Fri May 8, 2026 - 14:25:49",User,1.5,ppm,,,,,,,,,Mining,,,,,,,,,,,,<LOD,1.5184,0.7378,129517.4297 , 1848.8221,2.0165,<LOD,3.1413,0.0964,<LOD,1.3029,0.1212,<LOD,2.2877,1.3620,<LOD,54.8243,12.5704,80.9153 , 5.5158,2.7761,6.7232 , 2.6829,0.2982,36107.6953 , 172.6440,81.5830,<LOD,0.0000,0.0000,44626.0898 , 5201.0054,0.1045,512.2783 , 27.5464,1.3442,<LOD,1.0577,4.2995,3.8422 , 0.5882,2.8448,15.8401 , 4.8402,0.2348,873.6890 , 182.0927,0.2205,5.5535 , 0.9005,0.2709,<LOD,1.2684,0.4692,<LOD,0.0000,0.0000,,,,326.2038 , 41.8504,0.3928,<LOD,4.3737,4.0357,<LOD,0.8147,0.1696,285756.5000 , 813.1243,20.6183,8.9937 , 2.3555,3.2690,<LOD,0.0000,0.0000,,,,6032.4087 , 42.3055,16.4231,150.6966 , 11.6956,2.9684,<LOD,6.7909,0.1713,15.9762 , 0.6663,2.2959,46.3566 , 2.8163,0.6053,95.9979 , 1.2581,11.2439,4.3796 , 1.0120,0.3177,453972.2188 , 6329.3623,<LOD,2.7026,0.1963,23.8917 , 0.8849,1.3267,284.4899 , 1.5978,16.2535,3.0753 , 0.7403,0.2703,2.8999 , 1.0237,0.5437,311.5328 , 21.7640,15.9914,37428.6758 , 212.6962,40.0402,<LOD,48.5450,0.7533,3785.6555 , 89.0190,2.2503,,,,,,7,442.700012,39.000629,-122.662949,10.000000,529185.687500,4316900.500000,
746,Mining,120.56,30.14,30.05,30.18,30.19,"Fri May 8, 2026 - 14:29:41",User,1.5,ppm,,,,,,,,,Mining,,,,,,,,,,,,<LOD,1.4620,0.7734,166887.9375 , 2005.4465,2.5831,<LOD,2.8684,0.0896,<LOD,1.2615,0.1270,<LOD,2.1853,1.4064,<LOD,53.5537,13.3730,79.1876 , 5.4756,2.9284,11.9088 , 2.6881,0.3356,35864.0117 , 194.0097,86.4479,<LOD,0.0000,0.0000,46372.2578 , 5249.6421,0.1160,552.5439 , 27.3837,1.4787,<LOD,1.0187,4.4532,4.5328 , 0.5719,3.0100,10.4581 , 4.6107,0.2305,961.7563 , 191.6010,0.2643,8.0905 , 0.9269,0.3220,<LOD,1.2687,0.5349,<LOD,0.0000,0.0000,,,,706.2506 , 45.5741,0.5075,<LOD,4.1693,4.1678,<LOD,0.7718,0.1728,327130.6562 , 931.0504,26.2685,8.4153 , 2.2291,3.2992,<LOD,0.0000,0.0000,,,,6513.6064 , 45.8902,18.9725,138.0998 , 11.9046,3.3067,<LOD,6.5529,0.1787,16.6910 , 0.6586,2.4944,52.2690 , 2.8359,0.6856,100.4663 , 1.2668,12.2135,7.2084 , 1.0904,0.4301,370873.9375 , 6376.1104,<LOD,2.4053,0.1970,26.5870 , 0.8927,1.5236,275.6598 , 1.6208,16.8302,4.1584 , 0.7365,0.3078,3.1170 , 0.9913,0.5706,324.2769 , 20.7852,16.5307,38476.7031 , 225.9507,44.0500,<LOD,48.7414,0.8001,4589.1953 , 94.2645,2.7855,,,,,,7,442.700012,39.000633,-122.662949,10.000000,529185.687500,4316901.000000,
747,Mining,120.08,30.12,30.31,30.00,29.65,"Fri May 8, 2026 - 14:32:06",User,1.5,ppm,,,,,,,,,Mining,,,,,,,,,,,,<LOD,1.6555,0.7225,145868.2188 , 2404.4370,2.2607,<LOD,3.2089,0.0889,<LOD,1.3713,0.1190,<LOD,2.4170,1.2424,<LOD,55.3177,11.2787,79.4170 , 5.7225,2.6175,9.3164 , 2.7881,0.2856,35681.9453 , 187.2175,73.1755,<LOD,0.0000,0.0000,51698.9766 , 6083.2979,0.1157,435.5974 , 26.7716,1.1169,<LOD,1.0836,3.9939,4.9618 , 0.6018,2.6383,9.5778 , 4.7661,0.1950,1013.3228 , 210.6800,0.2341,5.9627 , 0.9279,0.2548,<LOD,1.4542,0.5132,<LOD,0.0000,0.0000,,,,446.2893 , 47.4201,0.3977,<LOD,4.6521,3.7441,<LOD,0.8521,0.1657,332849.3750 , 932.3460,22.7436,16.4561 , 2.5384,3.1510,<LOD,0.0000,0.0000,,,,6056.7119 , 44.6313,15.1020,127.5741 , 11.8917,2.6700,<LOD,7.3889,0.1809,16.4322 , 0.6777,2.1007,42.4669 , 2.8170,0.5358,100.7093 , 1.3117,10.5378,5.2517 , 1.0592,0.3129,383650.4375 , 7776.2944,<LOD,3.8396,0.2020,22.4636 , 0.8809,1.1540,285.0540 , 1.6797,14.8281,3.4639 , 0.7737,0.2598,2.8042 , 1.0354,0.4922,400.4221 , 23.6232,15.7672,37436.4453 , 221.2359,36.4605,<LOD,54.8169,0.7411,3730.3162 , 90.9627,2.0579,,,,,,8,442.700012,39.000633,-122.662949,10.000000,529185.812500,4316901.000000,
748,Mining,120.58,30.12,30.28,30.12,30.06,"Fri May 8, 2026 - 14:35:22",User,1.5,ppm,,,,,,,,,Mining,,,,,,,,,,,,<LOD,1.5836,0.6833,120207.8047 , 1988.1451,1.8788,<LOD,2.9201,0.0761,<LOD,1.2718,0.1058,<LOD,2.3569,1.2294,<LOD,54.2441,11.1153,83.2468 , 5.5646,2.6261,<LOD,6.5308,0.2648,34536.1406 , 161.4572,71.9837,<LOD,0.0000,0.0000,42588.6602 , 5509.0439,0.1009,460.5968 , 26.8675,1.1558,<LOD,1.0529,3.9264,3.1289 , 0.5841,2.5819,13.7348 , 4.8036,0.2139,812.5743 , 195.9642,0.2133,6.6218 , 0.9247,0.2625,<LOD,1.3363,0.4443,<LOD,0.0000,0.0000,,,,331.5767 , 45.1341,0.3882,<LOD,4.5138,3.6772,<LOD,0.7693,0.1387,292352.6250 , 819.4341,19.4300,13.7149 , 2.4425,3.0082,<LOD,0.0000,0.0000,,,,5621.5649 , 40.9843,14.2777,122.5331 , 11.3294,2.5532,<LOD,6.8181,0.1581,13.3839 , 0.6446,1.9732,40.8479 , 2.7461,0.5266,88.4913 , 1.2184,9.8140,<LOD,2.1196,0.2290,463360.7812 , 6823.9111,<LOD,2.6324,0.1794,21.8474 , 0.8595,1.1443,268.4426 , 1.5335,14.2879,3.0030 , 0.7307,0.2444,2.3559 , 1.0070,0.4824,309.2522 , 22.3375,14.4116,35138.2266 , 203.5293,34.7357,<LOD,53.9097,0.7958,3598.8540 , 87.8918,1.9882,,,,,,8,443.200012,39.000622,-122.662949,10.000000,529185.375000,4316899.500000,
749,Mining,120.30,30.01,30.06,30.00,30.23,"Fri May 8, 2026 - 14:37:44",User,1.5,ppm,,,,,,,,,Mining,,,,,,,,,,,,<LOD,1.6548,0.6743,113457.5234 , 1940.5913,1.7796,<LOD,3.0999,0.0835,<LOD,1.2872,0.1057,<LOD,2.4884,1.2413,<LOD,53.6781,10.5308,89.5319 , 5.6487,2.5817,7.4665 , 2.7263,0.2746,33633.8867 , 151.9137,67.9637,<LOD,0.0000,0.0000,38464.4141 , 5411.1528,0.0952,484.7706 , 27.2467,1.1502,<LOD,1.0482,3.7715,2.3063 , 0.5840,2.5055,9.5194 , 4.7217,0.2006,753.8215 , 196.8077,0.2092,5.5238 , 0.9096,0.2470,<LOD,1.4313,0.4629,<LOD,0.0000,0.0000,,,,372.5647 , 46.1475,0.4007,<LOD,4.7511,3.6785,<LOD,0.8331,0.1618,290361.8750 , 793.2687,18.7182,10.5568 , 2.5584,2.9741,<LOD,0.0000,0.0000,,,,5796.4014 , 41.2568,14.2119,123.5905 , 11.5062,2.5160,<LOD,6.4865,0.1391,14.5795 , 0.6538,1.9845,39.5397 , 2.7229,0.5051,87.9018 , 1.2090,9.5132,<LOD,2.2528,0.2185,476074.8438 , 6737.4180,<LOD,3.0980,0.1750,21.0031 , 0.8619,1.1091,266.3976 , 1.5032,13.8091,3.4213 , 0.7418,0.2467,4.2340 , 1.0393,0.5021,314.1884 , 23.5288,14.4674,35870.6172 , 204.3843,34.4971,<LOD,54.7341,0.8135,3729.5312 , 89.7714,1.9873,,,,,,5,443.600006,39.000626,-122.662956,10.000000,529185.125000,4316900.000000,
750,Mining,120.42,30.00,30.09,30.09,28.74,"Fri May 8, 2026 - 14:44:26",User,1.5,ppm,,,,,,,,,Mining,,,,,,,,,,,,<LOD,1.8080,0.6543,113892.9062 , 2502.9626,1.7807,<LOD,3.3795,0.0752,<LOD,1.3916,0.0931,<LOD,2.6874,1.1752,<LOD,56.7668,8.8030,57.6348 , 5.7722,2.0857,<LOD,6.3395,0.2276,33055.3047 , 145.3297,57.5306,<LOD,0.0000,0.0000,27158.7012 , 6125.1719,0.0816,529.7729 , 30.0227,1.0479,<LOD,1.1143,3.3329,2.7061 , 0.6145,2.1766,8.2753 , 4.9319,0.1623,957.0765 , 231.5112,0.1970,4.4581 , 0.9532,0.2042,<LOD,1.5105,0.4162,<LOD,0.0000,0.0000,,,,375.1389 , 54.6321,0.3777,<LOD,5.1262,3.4808,<LOD,0.8828,0.1340,323480.5000 , 855.1057,18.3430,19.9690 , 2.7931,2.9119,<LOD,0.0000,0.0000,,,,5662.8193 , 42.1126,11.9672,148.9110 , 12.1998,2.2204,<LOD,7.6627,0.1474,12.7525 , 0.6844,1.6418,39.4494 , 2.9697,0.4524,86.1515 , 1.2720,8.0665,<LOD,2.1232,0.1796,457813.5938 , 8182.2466,<LOD,2.7676,0.1553,20.9303 , 0.8966,0.9212,256.9835 , 1.5380,11.5270,3.8441 , 0.8052,0.2203,<LOD,2.0248,0.3799,398.5422 , 25.6098,14.1412,32615.4727 , 198.9878,26.8027,<LOD,65.1858,0.7728,3398.0977 , 91.9284,1.5855,,,,,,8,445.100006,39.000683,-122.662949,10.000000,529185.937500,4316906.500000,
751,Mining,120.72,30.15,30.27,30.11,30.19,"Fri May 8, 2026 - 14:47:12",User,1.5,ppm,,,,,,,,,Mining,,,,,,,,,,,,<LOD,1.6936,0.6495,136812.3906 , 2344.6294,2.1253,<LOD,3.1578,0.0788,<LOD,1.3741,0.1097,<LOD,2.5954,1.2487,<LOD,55.7805,10.4323,74.1090 , 5.8503,2.4281,10.1448 , 2.8674,0.2770,34737.8008 , 164.2910,67.2355,<LOD,0.0000,0.0000,32546.9570 , 5704.8262,0.0932,469.2617 , 27.7172,1.0917,<LOD,1.0931,3.7255,3.2213 , 0.6043,2.4354,<LOD,11.7503,0.1878,1050.7444 , 215.4284,0.2294,5.7192 , 0.9412,0.2406,<LOD,1.4684,0.4483,<LOD,0.0000,0.0000,,,,539.6140 , 50.1004,0.4213,<LOD,4.9287,3.6533,<LOD,0.8526,0.1537,333431.7500 , 863.0598,21.4342,14.4764 , 2.6640,2.9895,<LOD,0.0000,0.0000,,,,6190.2261 , 44.4689,14.4775,144.3155 , 12.3913,2.5918,<LOD,7.1104,0.1534,15.8110 , 0.6852,1.9773,50.2202 , 3.0133,0.5631,99.0081 , 1.2962,9.7866,<LOD,1.6006,0.1964,413670.0000 , 7494.2549,<LOD,4.4725,0.1881,23.0503 , 0.9041,1.1224,270.5545 , 1.5767,13.3711,3.3719 , 0.7820,0.2460,3.4762 , 1.0595,0.4735,376.5374 , 24.6620,14.8393,35646.9688 , 212.5238,32.6746,<LOD,57.7985,0.7899,3810.2478 , 93.6822,1.9323,,,,,,8,444.899994,39.000679,-122.662949,10.000000,529185.375000,4316906.000000,
752,Mining,126.22,35.66,30.09,30.27,30.20,"Fri May 8, 2026 - 14:50:47",User,1.5,ppm,,,,,,,,,Mining,,,,,,,,,,,,<LOD,1.5492,0.6301,143992.8594 , 2035.4940,2.1857,<LOD,3.1472,0.0870,<LOD,1.4010,0.1265,<LOD,2.3193,1.1412,<LOD,54.4179,11.0222,64.9001 , 5.0893,2.2810,7.2530 , 2.7612,0.2843,34650.3789 , 154.3288,72.1592,<LOD,0.0000,0.0000,30861.0625 , 4903.5513,0.0894,481.0060 , 27.4513,1.1910,<LOD,1.0692,4.0969,3.2400 , 0.5843,2.6198,12.7373 , 4.7486,0.2008,801.4127 , 171.9220,0.1864,5.7591 , 0.9260,0.2584,<LOD,1.3768,0.4593,<LOD,0.0000,0.0000,,,,296.5235 , 40.7891,0.3629,<LOD,4.5040,3.5078,<LOD,0.8350,0.1620,261228.4062 , 732.8699,16.7894,15.5199 , 2.4686,2.9915,<LOD,0.0000,0.0000,,,,5462.4985 , 38.5679,13.7391,116.5014 , 10.7767,2.4244,<LOD,7.1236,0.1703,16.3467 , 0.6820,2.1778,52.5514 , 2.9945,0.6167,99.7052 , 1.2731,10.6016,<LOD,1.6592,0.2143,484750.3750 , 6458.0679,2.9635 , 1.8267,0.2107,24.7034 , 0.8967,1.2438,273.7322 , 1.5340,14.5380,2.8169 , 0.7806,0.2658,<LOD,2.2807,0.4784,358.8906 , 22.7809,14.8311,32714.7383 , 189.3681,31.9580,<LOD,48.1606,0.7115,3703.1201 , 85.4353,1.9843,,,,,,7,443.799988,39.000790,-122.663002,10.000000,529180.812500,4316918.000000,
753,Mining,120.65,30.25,30.02,30.18,30.20,"Fri May 8, 2026 - 14:53:35",User,1.5,ppm,,,,,,,,,Mining,,,,,,,,,,,,<LOD,2.0401,0.6009,99389.7031 , 2551.8325,1.5574,<LOD,3.9285,0.0794,<LOD,1.6436,0.1016,<LOD,3.1253,1.1524,<LOD,60.4974,7.8402,52.9804 , 6.2232,1.9065,12.3885 , 3.3652,0.2469,33188.7617 , 132.1835,50.6233,<LOD,0.0000,0.0000,23766.1953 , 6082.3916,0.0733,527.8104 , 32.0316,0.9357,<LOD,1.2490,3.1371,3.7343 , 0.6893,2.0495,11.4502 , 5.4978,0.1684,1102.4025 , 219.7563,0.1694,6.1356 , 1.0862,0.2072,<LOD,1.8275,0.4457,<LOD,0.0000,0.0000,,,,196.4841 , 52.6332,0.3304,<LOD,5.9077,3.3053,<LOD,1.0106,0.1367,317334.3750 , 794.2547,15.8754,22.0632 , 3.2489,2.8628,<LOD,0.0000,0.0000,,,,6143.2534 , 45.2331,11.4410,155.4479 , 13.3706,2.1111,<LOD,8.6167,0.1459,15.3221 , 0.7699,1.6206,45.3670 , 3.3434,0.4497,105.6041 , 1.4444,8.2779,<LOD,1.9819,0.1728,476777.4062 , 8618.1055,4.2350 , 2.2120,0.1806,25.8595 , 1.0406,0.9776,288.8452 , 1.6657,11.3172,4.2612 , 0.9329,0.2264,2.5420 , 1.2007,0.3911,476.7848 , 29.9922,14.1854,36667.0039 , 211.5186,26.5814,<LOD,63.6179,0.6936,3673.5417 , 99.6496,1.5355,,,,,,8,447.000000,39.000782,-122.663010,10.000000,529180.250000,4316917.500000,
754,Mining,120.57,30.13,30.21,30.02,30.21,"Fri May 8, 2026 - 14:56:48",User,1.5,ppm,,,,,,,,,Mining,,,,,,,,,,,,<LOD,2.5154,0.6275,91693.3047 , 1785.8660,1.4514,<LOD,3.3592,0.0749,<LOD,1.3695,0.0911,<LOD,2.6113,1.1291,<LOD,63.0261,11.9533,52.5203 , 6.1501,2.3611,<LOD,4.9494,0.2235,42771.9531 , 155.2944,79.2933,<LOD,0.0000,0.0000,15431.8379 , 5065.1421,0.0660,697.8274 , 32.5220,1.3688,<LOD,1.1344,3.3897,1.6894 , 0.6258,2.1941,15.8757 , 5.2585,0.1641,712.7759 , 200.9490,0.1893,5.6642 , 0.9836,0.2196,<LOD,1.4739,0.4019,<LOD,0.0000,0.0000,,,,129.7132 , 46.3980,0.3520,<LOD,4.9212,3.2628,<LOD,0.8744,0.1327,263168.3438 , 738.8867,15.2670,11.4907 , 2.6233,2.5509,<LOD,0.0000,0.0000,,,,5674.8022 , 43.1246,12.8048,135.4097 , 12.6243,2.3474,<LOD,7.4623,0.1416,11.9763 , 0.6842,1.6440,28.7508 , 2.7378,0.3904,81.0959 , 1.2357,7.7314,<LOD,1.4030,0.1488,538982.4375 , 6352.1333,<LOD,2.5877,0.1342,21.7986 , 0.9181,0.9769,234.7683 , 1.4445,10.7293,2.6779 , 0.7813,0.2047,2.3831 , 1.0597,0.3950,298.1683 , 23.9718,12.2027,36116.0586 , 212.0663,31.6502,<LOD,60.2994,0.8882,3716.6714 , 98.3824,1.8361,,,,,,6,446.100006,39.000748,-122.662994,10.000000,529181.875000,4316913.500000,
755,Mining,125.98,35.50,30.16,30.16,30.16,"Fri May 8, 2026 - 14:59:13",User,1.5,ppm,,,,,,,,,Mining,,,,,,,,,,,,<LOD,1.6858,0.6235,99216.2891 , 1827.3214,1.5669,<LOD,3.1442,0.0718,<LOD,1.3254,0.0933,<LOD,2.5572,1.1777,<LOD,62.8070,13.1749,50.9880 , 6.1781,2.4053,<LOD,6.0161,0.2379,44442.1797 , 168.8483,87.3674,<LOD,0.0000,0.0000,22758.4766 , 5239.5469,0.0756,765.8112 , 32.8214,1.5477,<LOD,1.0901,3.5095,1.9659 , 0.6015,2.2872,9.9647 , 5.0715,0.1534,747.0585 , 200.8312,0.2033,<LOD,1.2541,0.1938,<LOD,1.3491,0.3609,<LOD,0.0000,0.0000,,,,<LOD,97.6800,0.3303,<LOD,4.7460,3.2480,<LOD,0.8189,0.1271,269918.3438 , 760.7358,16.6814,10.0010 , 2.5538,2.6177,<LOD,0.0000,0.0000,,,,5596.1133 , 43.9120,13.3321,141.1556 , 12.8330,2.4594,<LOD,7.0548,0.1383,12.6788 , 0.6755,1.7526,33.3538 , 2.7611,0.4348,81.2182 , 1.2179,8.1240,2.2593 , 0.8996,0.1791,516103.4375 , 6458.7627,<LOD,2.5902,0.1516,23.2616 , 0.9041,1.0496,234.5662 , 1.4400,11.2729,3.5082 , 0.7660,0.2183,<LOD,1.6953,0.3846,277.0731 , 23.3388,12.4617,35745.5820 , 218.2530,33.0349,<LOD,58.0486,0.8701,3824.7158 , 100.9007,1.9630,,,,,,7,445.700012,39.000732,-122.662987,10.000000,529182.437500,4316912.000000,
756,Mining,120.86,30.14,30.24,30.27,30.21,"Fri May 8, 2026 - 15:04:33",User,1.5,ppm,,,,,,,,,Mining,,,,,,,,,,,,<LOD,2.0731,0.6409,58606.9727 , 1561.0264,0.9492,<LOD,4.4850,0.0944,<LOD,1.8686,0.1203,<LOD,3.0607,1.1294,<LOD,69.8169,10.4074,65.5302 , 6.5397,2.1631,15.6158 , 3.6948,0.2745,42047.6914 , 144.7402,67.0725,<LOD,0.0000,0.0000,9946.5635 , 5005.0898,0.0490,768.2034 , 37.4934,1.2875,1.5174 , 0.9363,3.5798,6.3391 , 0.7642,2.2673,21.6028 , 6.4292,0.2064,975.3160 , 200.9690,0.1513,11.1111 , 1.2896,0.2677,<LOD,1.9004,0.5000,<LOD,0.0000,0.0000,,,,1029.6870 , 59.5754,0.4936,<LOD,5.9044,3.4251,<LOD,1.1951,0.1756,218499.2656 , 722.6934,10.5751,10.1589 , 3.1604,2.7265,<LOD,0.0000,0.0000,,,,6151.3687 , 45.2122,11.9295,147.6404 , 13.4628,2.1744,21.7974 , 6.9915,0.2014,19.7780 , 0.8917,1.9647,44.8181 , 3.5406,0.4635,127.2571 , 1.6326,9.6970,3.9283 , 1.3782,0.2706,619082.8125 , 6361.7998,<LOD,4.6061,0.1963,42.8162 , 1.3074,1.4746,338.0010 , 1.8568,13.1914,3.1800 , 1.0333,0.2451,3.5561 , 1.3431,0.4479,339.0714 , 28.9806,12.9870,35859.5117 , 214.0187,27.4078,<LOD,60.7821,0.7145,5808.9092 , 116.3186,2.2848,,,,,,8,432.100006,39.000641,-122.662872,10.000000,529192.000000,4316901.500000,
757,Mining,126.01,35.58,30.22,30.14,30.07,"Fri May 8, 2026 - 15:07:40",User,1.5,ppm,,,,,,,,,Mining,,,,,,,,,,,,<LOD,2.1647,0.6187,51147.0078 , 1620.6646,0.8373,<LOD,4.4343,0.0862,<LOD,1.8059,0.1050,<LOD,3.1232,1.0311,<LOD,69.0143,9.4155,63.8232 , 6.7995,2.0504,21.1033 , 3.8558,0.2794,40965.2109 , 138.8332,60.8866,<LOD,0.0000,0.0000,15096.6680 , 5498.7671,0.0529,707.6398 , 36.7265,1.1423,<LOD,2.0226,3.3456,6.8388 , 0.7727,2.1672,22.2249 , 6.3872,0.1923,916.2528 , 208.6322,0.1454,10.7806 , 1.2889,0.2499,<LOD,1.9920,0.4867,<LOD,0.0000,0.0000,,,,1003.6362 , 61.5640,0.4688,<LOD,6.1172,3.2399,<LOD,1.1864,0.1610,213824.0625 , 736.9226,9.5953,9.4396 , 3.2827,2.6015,<LOD,0.0000,0.0000,,,,6225.0566 , 46.9083,11.2760,152.7695 , 14.0290,2.0729,32.0837 , 7.3017,0.2056,20.0000 , 0.8969,1.8579,46.4446 , 3.6166,0.4514,127.5972 , 1.6263,9.0400,3.3767 , 1.3627,0.2441,627735.0000 , 6974.3154,<LOD,5.6344,0.1989,43.4202 , 1.3213,1.4064,327.2221 , 1.8183,11.9707,4.8505 , 1.0377,0.2413,4.8733 , 1.3655,0.4327,343.5776 , 30.1262,12.4153,35560.7305 , 217.9883,25.2511,<LOD,63.7129,0.6969,5578.3389 , 118.4877,2.0776,,,,,,8,419.399994,39.000645,-122.662842,10.000000,529194.625000,4316902.000000,
758,Mining,126.09,35.64,30.13,30.17,30.15,"Fri May 8, 2026 - 15:10:37",User,1.5,ppm,,,,,,,,,Mining,,,,,,,,,,,,3.9943 , 0.8887,0.7652,56567.9062 , 846.3105,0.9566,<LOD,3.2161,0.1263,<LOD,1.6478,0.2388,11.5546 , 1.3665,1.5190,<LOD,46.5186,10.4667,41.6728 , 4.2199,2.2832,<LOD,3.3448,0.2522,28193.5957 , 111.7548,69.1510,<LOD,0.0000,0.0000,<LOD,4636.1796,0.0438,<LOD,24.5645,0.5306,<LOD,1.0276,5.1382,2.6684 , 0.5525,3.1554,<LOD,8.7980,0.2047,1217.5140 , 191.3449,0.2534,4.7654 , 0.8396,0.2939,4.6130 , 0.8459,0.6438,<LOD,0.0000,0.0000,,,,20206.2168 , 137.9837,6.0750,24.1165 , 2.4773,4.1948,<LOD,0.8080,0.2050,207226.6719 , 597.6138,14.4835,4.5393 , 1.8624,2.6826,<LOD,0.0000,0.0000,,,,2447.1550 , 24.4914,7.4531,84.4665 , 7.3863,1.5942,<LOD,6.8381,0.2170,3.6456 , 0.5359,1.8270,26.3757 , 2.3245,0.5091,78.0295 , 1.0580,10.6100,112.4335 , 2.4248,3.1737,667808.2500 , 3533.4409,15.8711 , 2.1120,0.4155,27.6624 , 0.8715,1.6607,215.6084 , 1.2048,14.1372,1.7531 , 0.7763,0.2827,2.1106 , 0.9616,0.5929,38.4828 , 16.1421,10.4808,8618.7266 , 91.7418,9.5981,<LOD,40.9583,0.6654,7009.5693 , 93.7029,3.4048,,,,,,7,418.000000,39.000652,-122.662857,10.000000,529193.750000,4316903.000000,
759,Mining,120.62,30.12,30.20,30.08,30.22,"Fri May 8, 2026 - 15:13:04",User,1.5,ppm,,,,,,,,,Mining,,,,,,,,,,,,5.2798 , 0.9326,0.8081,60175.2383 , 951.4572,1.0135,<LOD,3.1089,0.1175,<LOD,1.6188,0.2304,10.1061 , 1.3929,1.5030,<LOD,46.1063,10.2418,47.9293 , 4.4326,2.3387,<LOD,3.3715,0.2560,27674.7305 , 117.0946,66.6519,<LOD,0.0000,0.0000,<LOD,6073.0027,0.0485,<LOD,24.0439,0.5054,<LOD,1.0036,5.0033,1.9224 , 0.5330,3.0209,<LOD,10.1947,0.2268,1455.4136 , 202.0135,0.2698,5.0946 , 0.8503,0.3012,5.4420 , 0.8841,0.6736,<LOD,0.0000,0.0000,,,,21276.8809 , 146.9303,6.2784,28.8406 , 2.5733,4.3559,<LOD,0.8216,0.2173,221083.1406 , 646.1422,15.3685,5.9095 , 1.9287,2.7587,<LOD,0.0000,0.0000,,,,2494.9365 , 25.5659,7.4534,89.3161 , 7.7009,1.6076,<LOD,6.8012,0.2146,3.8469 , 0.5360,1.8261,18.5198 , 2.1510,0.4350,83.6202 , 1.0809,10.9574,110.2436 , 2.3973,3.0734,648390.3750 , 4468.7891,15.3095 , 2.0848,0.4036,28.7511 , 0.8730,1.6730,220.2318 , 1.2293,14.2089,3.6024 , 0.7909,0.3151,<LOD,2.2354,0.5719,60.0973 , 16.7560,10.9560,8332.3232 , 93.6044,9.1481,<LOD,42.4156,0.6617,7091.3228 , 97.4509,3.3954,,,,,,8,418.200012,39.000656,-122.662857,10.000000,529193.875000,4316903.500000,
760,Mining,125.87,35.63,30.02,30.20,30.02,"Fri May 8, 2026 - 15:16:10",User,1.5,ppm,,,,,,,,,Mining,,,,,,,,,,,,<LOD,1.9803,0.7009,83156.9297 , 1444.1022,1.3228,<LOD,3.6839,0.1065,<LOD,1.6825,0.1624,<LOD,2.5748,1.3201,<LOD,58.0543,11.4536,76.3370 , 5.8644,2.5510,9.3431 , 2.9918,0.2992,37084.2109 , 143.9957,74.7020,<LOD,0.0000,0.0000,19136.7949 , 4526.1426,0.0666,571.2719 , 30.0196,1.3051,<LOD,1.1599,4.2085,5.9065 , 0.6402,2.7778,14.6710 , 5.1457,0.2139,1041.9481 , 176.4362,0.1869,9.6042 , 1.0744,0.3106,3.0501 , 1.0556,0.6059,<LOD,0.0000,0.0000,,,,3001.0793 , 67.5921,1.0435,5.4322 , 3.1289,3.8490,<LOD,0.9746,0.1975,231315.3594 , 679.3408,14.3194,10.8496 , 2.4820,2.8978,<LOD,0.0000,0.0000,,,,6327.8145 , 43.2044,15.4258,132.2503 , 12.4057,2.7083,<LOD,7.9307,0.1895,16.1085 , 0.7213,2.1611,42.7417 , 2.9627,0.5408,114.6499 , 1.4055,11.7407,23.5669 , 1.5619,0.7273,574632.1250 , 5537.4614,5.8170 , 2.0943,0.2503,27.5584 , 0.9826,1.3266,341.4107 , 1.7109,17.2348,2.6033 , 0.8892,0.2871,<LOD,2.6754,0.5286,202.8773 , 22.2093,12.8054,37793.1797 , 208.4995,36.1605,<LOD,48.7777,0.7098,4894.4790 , 101.0352,2.4889,,,,,,9,418.399994,39.000656,-122.662857,10.000000,529193.625000,4316903.500000,
761,Mining,126.14,35.58,30.23,30.15,30.18,"Fri May 8, 2026 - 15:18:35",User,1.5,ppm,,,,,,,,,Mining,,,,,,,,,,,,<LOD,2.7934,0.7223,82676.3984 , 1502.9213,1.3158,<LOD,3.7255,0.1031,<LOD,1.6709,0.1522,<LOD,2.5655,1.3111,<LOD,59.3212,11.4239,79.2329 , 5.9833,2.5533,13.4891 , 3.1467,0.3148,37551.9648 , 146.6204,74.1035,<LOD,0.0000,0.0000,23613.3750 , 4739.1479,0.0713,613.1082 , 31.1324,1.3410,<LOD,1.1984,4.1280,4.8998 , 0.6586,2.6806,19.5066 , 5.3967,0.2317,942.1236 , 179.4179,0.1842,9.0323 , 1.0869,0.3016,<LOD,2.1859,0.5565,<LOD,0.0000,0.0000,,,,3044.4075 , 68.5054,1.0409,<LOD,5.1981,3.7544,<LOD,1.0077,0.2025,234842.0000 , 685.4517,14.2882,<LOD,3.7578,2.7165,<LOD,0.0000,0.0000,,,,6297.2095 , 43.9739,15.1443,129.5134 , 12.5753,2.6661,<LOD,9.0461,0.1997,16.7964 , 0.7387,2.1528,42.8627 , 3.0218,0.5346,115.9957 , 1.4339,11.5998,23.7670 , 1.5829,0.7106,566451.6250 , 5836.9731,6.1495 , 2.1662,0.2533,27.7017 , 1.0114,1.3261,344.9074 , 1.7452,17.0086,4.4583 , 0.9156,0.3031,3.6721 , 1.1858,0.5529,207.3094 , 22.8802,12.8082,37935.8477 , 211.1255,35.7265,<LOD,48.9987,0.6948,4982.6934 , 102.8540,2.4854,,,,,,8,418.399994,39.000660,-122.662857,10.000000,529193.437500,4316904.000000,
762,Mining,120.90,30.27,30.26,30.19,30.18,"Fri May 8, 2026 - 15:22:14",User,1.5,ppm,,,,,,,,,Mining,,,,,,,,,,,,4.0013 , 1.0124,0.7315,43260.8359 , 861.8516,0.7978,<LOD,4.3764,0.1766,<LOD,1.6999,0.1966,9.1771 , 1.5326,1.3946,<LOD,62.3871,17.3661,34.1027 , 5.4677,2.6358,<LOD,3.9399,0.2731,48310.7383 , 153.8997,113.1106,<LOD,0.0000,0.0000,6430.2939 , 3641.9258,0.0505,<LOD,28.9441,0.6832,<LOD,1.1296,4.5992,6.4661 , 0.6182,2.9876,12.8688 , 5.2298,0.2194,2031.5342 , 236.9301,0.4047,10.3607 , 1.1310,0.4050,4.6002 , 0.9579,0.6094,<LOD,0.0000,0.0000,,,,15115.6338 , 125.3836,4.5671,<LOD,4.1807,3.4784,<LOD,1.0584,0.2676,248136.2344 , 653.3821,17.6622,9.1484 , 2.1662,2.6804,<LOD,0.0000,0.0000,,,,4049.6055 , 37.4668,12.1475,74.0679 , 10.6151,2.2673,<LOD,7.3716,0.1939,<LOD,1.3203,1.8456,35.4242 , 2.9016,0.6154,123.1061 , 1.3164,12.2468,17.4385 , 1.4777,0.7298,603566.1250 , 4026.8088,266.0828 , 5.6918,2.5874,68.6581 , 1.3490,3.0456,199.2312 , 1.2587,11.6082,12.5303 , 1.0269,0.5238,<LOD,2.1225,0.9067,182.5150 , 19.4161,11.9366,252.1736 , 50.2644,0.9097,<LOD,42.7629,0.6704,27777.0254 , 200.0827,12.3711,,,,,,10,418.600006,39.000671,-122.662865,10.000000,529193.000000,4316905.000000,
763,Mining,126.46,35.74,30.25,30.19,30.28,"Fri May 8, 2026 - 15:24:39",User,1.5,ppm,,,,,,,,,Mining,,,,,,,,,,,,4.4107 , 1.0361,0.7414,43058.1875 , 863.1257,0.7958,<LOD,4.4870,0.1848,<LOD,1.6571,0.1853,7.7819 , 1.5467,1.3688,<LOD,62.3571,17.2253,40.8131 , 5.4780,2.6558,<LOD,5.7941,0.2906,48407.3125 , 153.1262,112.0372,<LOD,0.0000,0.0000,7053.2568 , 3654.0330,0.0510,<LOD,28.1704,0.6431,<LOD,1.1278,4.5600,6.6046 , 0.6139,2.9261,16.0138 , 5.2977,0.2298,2065.2263 , 233.8465,0.3958,11.2237 , 1.1406,0.4090,5.0467 , 0.9823,0.6201,<LOD,0.0000,0.0000,,,,14892.0664 , 123.8771,4.4632,<LOD,4.1432,3.4757,<LOD,1.0515,0.2572,252206.4219 , 651.6358,17.8039,8.9024 , 2.2050,2.6839,<LOD,0.0000,0.0000,,,,4136.8599 , 36.9561,12.1137,77.1463 , 10.5352,2.2434,<LOD,7.3961,0.1937,<LOD,0.9423,1.7786,28.9615 , 2.7857,0.5621,122.9524 , 1.3130,12.0928,15.0632 , 1.4432,0.6762,599222.9375 , 4050.6316,269.4026 , 5.7167,2.5897,70.6582 , 1.3489,3.0471,200.0797 , 1.2586,11.5197,12.2506 , 1.0097,0.5060,<LOD,2.0678,0.8477,191.7758 , 19.8136,12.0544,222.3489 , 49.7460,0.8793,<LOD,42.7619,0.6719,27646.3086 , 198.7146,12.1831,,,,,,6,418.500000,39.000679,-122.662857,10.000000,529193.437500,4316906.000000,
764,Mining,125.92,35.36,30.23,30.18,30.15,"Fri May 8, 2026 - 15:28:00",User,1.5,ppm,,,,,,,,,Mining,,,,,,,,,,,,2.6665 , 1.1230,0.7688,85092.6328 , 1335.2318,1.3453,<LOD,3.5143,0.1078,<LOD,1.5385,0.1512,<LOD,2.7115,1.3649,<LOD,54.4327,10.9332,79.4270 , 5.5930,2.5904,12.8318 , 2.9716,0.3278,33915.8125 , 131.0489,70.4637,<LOD,0.0000,0.0000,11337.9971 , 4006.1626,0.0570,591.7135 , 29.4548,1.3588,<LOD,1.1438,4.4909,5.3493 , 0.6379,2.9958,<LOD,10.9654,0.2125,974.5329 , 173.2412,0.1885,9.0919 , 1.0267,0.3162,<LOD,2.3396,0.5804,<LOD,0.0000,0.0000,,,,2351.5815 , 60.8196,0.8824,16.3104 , 3.1662,4.1903,<LOD,0.9283,0.1960,226969.9531 , 655.9429,14.0947,7.6997 , 2.4526,2.9445,<LOD,0.0000,0.0000,,,,6008.8188 , 41.1210,15.2689,141.7789 , 11.8765,2.7684,12.6744 , 5.5256,0.2330,27.7037 , 0.7880,2.9212,55.4575 , 3.1031,0.6588,121.7202 , 1.3590,12.3694,21.8984 , 1.4749,0.7179,597914.3750 , 4949.7720,5.0806 , 2.1141,0.2724,27.3238 , 0.9439,1.3763,297.3811 , 1.5292,15.7759,4.5502 , 0.8527,0.3136,2.1904 , 1.0756,0.5330,169.6823 , 21.8989,12.8418,29711.5586 , 180.1897,29.0197,<LOD,46.4834,0.6828,4110.1606 , 90.1011,2.1237,,,,,,10,419.200012,39.000687,-122.662849,10.000000,529194.000000,4316907.000000,
765,Mining,126.18,35.64,30.19,30.09,30.26,"Fri May 8, 2026 - 15:30:31",User,1.5,ppm,,,,,,,,,Mining,,,,,,,,,,,,<LOD,2.5425,0.7397,85008.3750 , 1447.5035,1.3444,<LOD,3.6016,0.1062,<LOD,1.5897,0.1517,<LOD,3.7655,1.3967,<LOD,55.3903,10.5700,82.8805 , 5.4602,2.5492,11.6782 , 3.0178,0.3170,33103.0742 , 135.0343,67.5753,<LOD,0.0000,0.0000,23208.7754 , 4488.1084,0.0699,584.9293 , 29.9968,1.3140,<LOD,1.1715,4.4088,4.5890 , 0.6499,2.9063,9.3413 , 5.0549,0.2276,963.3181 , 176.9479,0.1866,7.5396 , 1.0199,0.2927,1.8209 , 1.0168,0.5971,<LOD,0.0000,0.0000,,,,2423.6025 , 62.6235,0.8917,12.1191 , 3.1090,4.1079,<LOD,0.9781,0.2104,231546.8594 , 675.0212,14.1567,4.8914 , 2.4109,2.8940,<LOD,0.0000,0.0000,,,,5986.7124 , 40.0833,14.8759,134.8502 , 11.4803,2.6647,<LOD,9.2636,0.2098,27.7466 , 0.8063,2.8714,55.7887 , 3.1763,0.6483,121.5175 , 1.3933,12.1697,21.3741 , 1.4797,0.6816,582815.7500 , 5546.7427,3.4242 , 2.0382,0.2424,27.2908 , 0.9789,1.3813,297.0372 , 1.5751,15.5394,3.2606 , 0.8582,0.2892,4.3264 , 1.1323,0.5576,177.3038 , 21.6749,12.9129,29378.7637 , 176.5689,28.2517,<LOD,47.5611,0.6792,3971.0662 , 87.3667,2.0429,,,,,,7,420.299988,39.000694,-122.662857,10.000000,529193.875000,4316907.500000,
766,Mining,126.09,35.72,30.09,30.05,30.23,"Fri May 8, 2026 - 15:34:05",User,1.5,ppm,,,,,,,,,Mining,,,,,,,,,,,,3.3207 , 1.0755,0.7179,79617.2578 , 1331.6968,1.2693,<LOD,3.2407,0.0885,<LOD,1.4654,0.1335,3.5987 , 1.5931,1.2971,<LOD,56.8934,12.0851,63.8040 , 5.5309,2.4872,15.2299 , 3.0392,0.3342,38733.6641 , 140.7199,80.9321,<LOD,0.0000,0.0000,14084.4258 , 4161.4829,0.0582,664.6043 , 30.5084,1.4882,<LOD,1.1465,4.3883,5.1345 , 0.6288,2.8230,22.3842 , 4.9626,0.2067,806.6799 , 166.2568,0.1671,7.0546 , 0.9878,0.2841,2.9043 , 0.9948,0.5696,<LOD,0.0000,0.0000,,,,910.6041 , 48.1494,0.5147,5.7751 , 2.9393,3.6189,<LOD,0.9047,0.1877,229129.2500 , 670.0035,14.2306,<LOD,5.3573,2.6116,<LOD,0.0000,0.0000,,,,5609.1611 , 40.1278,14.3034,145.6952 , 11.7320,2.6478,<LOD,7.8543,0.2009,16.3148 , 0.7280,2.3655,71.7448 , 3.3715,0.7586,118.2102 , 1.3169,11.2973,9.9360 , 1.2171,0.4330,597614.7500 , 5066.5669,4.7552 , 1.9852,0.2400,45.3964 , 1.1165,1.9925,231.9167 , 1.3542,12.1834,2.9688 , 0.8179,0.2817,1.7719 , 1.0459,0.4893,110.6155 , 20.4305,11.0812,25561.0117 , 172.0555,25.1709,<LOD,47.9774,0.7059,6380.0317 , 106.6280,3.0154,,,,,,7,421.399994,39.000694,-122.662857,10.000000,529193.437500,4316907.500000,
767,Mining,125.96,35.44,30.17,30.28,30.07,"Fri May 8, 2026 - 15:36:36",User,1.5,ppm,,,,,,,,,Mining,,,,,,,,,,,,2.4641 , 1.1007,0.7084,80164.3438 , 1399.4194,1.2752,<LOD,3.4361,0.0916,<LOD,1.4651,0.1220,3.3020 , 1.6487,1.3106,<LOD,57.9947,11.3762,66.3911 , 5.5148,2.4602,9.1792 , 3.0055,0.2983,37621.6680 , 139.8701,75.9514,<LOD,0.0000,0.0000,12931.5361 , 4256.4092,0.0566,680.9119 , 31.7180,1.4563,<LOD,1.1815,4.2650,5.4731 , 0.6495,2.7602,21.4890 , 5.1089,0.2047,750.1459 , 166.9809,0.1536,6.4473 , 1.0030,0.2680,3.4284 , 1.0393,0.5875,<LOD,0.0000,0.0000,,,,948.9796 , 49.9285,0.5115,<LOD,7.3248,3.6439,<LOD,0.9142,0.1712,234574.1250 , 685.3667,14.0888,<LOD,5.4405,2.6480,<LOD,0.0000,0.0000,,,,5470.9932 , 39.6891,13.6186,139.2752 , 11.5395,2.5336,<LOD,8.2672,0.2038,15.3835 , 0.7427,2.2511,70.2535 , 3.4594,0.7301,118.9135 , 1.3538,10.9789,10.4491 , 1.2553,0.4262,595225.6250 , 5271.3613,5.3993 , 2.0948,0.2447,45.7250 , 1.1530,1.9482,226.5411 , 1.3730,11.5720,3.8629 , 0.8390,0.2794,1.8349 , 1.0781,0.4755,108.8462 , 21.1545,11.1920,24559.8965 , 167.3562,23.5661,<LOD,50.1118,0.7096,6207.1304 , 104.2895,2.8490,,,,,,8,422.299988,39.000694,-122.662857,10.000000,529193.312500,4316907.500000,
768,Mining,126.18,35.65,30.19,30.22,30.12,"Fri May 8, 2026 - 15:39:56",User,1.5,ppm,,,,,,,,,Mining,,,,,,,,,,,,1.7538 , 1.0113,0.7690,71845.2578 , 1162.5042,1.1720,<LOD,3.4381,0.1183,<LOD,1.3677,0.1367,3.6737 , 1.5340,1.4661,<LOD,41.7796,6.4137,67.2855 , 4.9671,2.2382,9.7504 , 2.7791,0.3220,19971.5234 , 97.1011,41.2172,<LOD,0.0000,0.0000,4654.8662 , 3605.9814,0.0481,236.1507 , 22.3212,0.7635,<LOD,1.0941,4.7550,4.1138 , 0.5965,3.0061,<LOD,8.0531,0.2082,1225.0516 , 193.6816,0.2099,8.0164 , 0.9669,0.3211,2.8735 , 0.9580,0.6409,<LOD,0.0000,0.0000,,,,8245.3525 , 99.6462,2.2753,<LOD,4.1868,3.9328,<LOD,0.8773,0.2007,257134.9375 , 676.9619,15.7186,5.3909 , 2.2157,2.9758,<LOD,0.0000,0.0000,,,,5568.9941 , 37.7927,14.0785,125.1035 , 10.8396,2.5484,<LOD,7.0854,0.1905,13.5235 , 0.6694,2.3765,21.1614 , 2.3593,0.4282,120.4129 , 1.2363,12.0691,<LOD,1.7010,0.2641,610393.6875 , 4462.7266,36.7008 , 2.6115,0.5436,43.4610 , 1.0784,2.1557,188.3718 , 1.1584,10.8998,6.6631 , 0.8264,0.3724,6.8124 , 1.1068,0.6466,120.3517 , 19.5874,12.6491,11472.7041 , 113.1612,11.1298,<LOD,47.8359,0.6696,8465.9824 , 109.6275,3.5541,,,,,,8,423.399994,39.000702,-122.662872,10.000000,529192.437500,4316908.500000,
769,Mining,126.10,35.52,30.17,30.22,30.19,"Fri May 8, 2026 - 15:42:30",User,1.5,ppm,,,,,,,,,Mining,,,,,,,,,,,,1.9355 , 1.0445,0.7808,71922.1797 , 1164.1924,1.1728,<LOD,3.5013,0.1116,<LOD,1.4421,0.1387,<LOD,2.8902,1.4260,<LOD,43.2250,6.2510,65.6512 , 4.9323,2.2007,10.5947 , 2.9204,0.3245,19914.5000 , 100.1813,40.6924,<LOD,0.0000,0.0000,5588.4331 , 3609.8511,0.0490,261.6613 , 23.8665,0.7954,<LOD,1.1489,4.8162,4.2066 , 0.6192,2.9621,<LOD,8.9264,0.2018,1281.4020 , 194.0883,0.2132,8.6058 , 1.0187,0.3257,<LOD,1.8193,0.5891,<LOD,0.0000,0.0000,,,,8357.9473 , 99.3564,2.2874,<LOD,4.2947,3.8866,<LOD,0.9173,0.2026,259450.8594 , 670.3375,15.6998,<LOD,5.4728,2.9893,<LOD,0.0000,0.0000,,,,5495.0757 , 37.5976,13.8068,114.3020 , 10.7123,2.4749,<LOD,7.5079,0.1954,13.2304 , 0.6978,2.3556,20.8225 , 2.4560,0.4233,122.3896 , 1.2926,12.0752,<LOD,2.3426,0.2821,607907.6250 , 4527.3330,35.7468 , 2.7097,0.5323,45.3629 , 1.1314,2.1874,187.7141 , 1.2018,10.7566,5.6811 , 0.8533,0.3554,5.2059 , 1.1273,0.6111,131.4552 , 20.2437,12.9213,10927.5117 , 110.8749,10.6096,<LOD,47.0384,0.6549,8119.9302 , 107.6009,3.4001,,,,,,8,424.299988,39.000702,-122.662865,10.000000,529192.687500,4316908.500000,
770,Mining,126.23,35.66,30.13,30.22,30.22,"Fri May 8, 2026 - 15:46:06",User,1.5,ppm,,,,,,,,,Mining,,,,,,,,,,,,<LOD,2.2409,0.7796,67250.2891 , 1127.5701,1.0974,<LOD,3.1438,0.1000,<LOD,1.4198,0.1497,3.6934 , 1.5499,1.5208,<LOD,46.6613,8.6238,52.8849 , 4.9495,2.2800,6.7738 , 2.7240,0.3153,26223.4434 , 114.3813,56.7797,<LOD,0.0000,0.0000,<LOD,6479.9883,0.0425,237.2875 , 22.5614,0.8450,<LOD,1.0971,4.9177,5.0785 , 0.5959,3.0898,<LOD,9.2547,0.1979,1128.4207 , 184.3868,0.2065,9.2836 , 0.9805,0.3362,2.2341 , 0.9555,0.6473,<LOD,0.0000,0.0000,,,,5860.0146 , 85.1018,1.7665,<LOD,4.2452,4.1143,<LOD,0.8426,0.1911,232785.5938 , 667.8304,14.5188,6.6829 , 2.2473,3.1073,<LOD,0.0000,0.0000,,,,5483.7119 , 38.6120,14.6886,111.2214 , 10.8862,2.6267,<LOD,7.6604,0.2088,10.4127 , 0.6544,2.2816,19.3888 , 2.3015,0.4148,132.5972 , 1.2552,12.4706,<LOD,1.4739,0.2693,642228.3750 , 4995.0605,9.9928 , 2.0554,0.3186,49.0613 , 1.1002,2.3588,123.8335 , 0.9513,7.4438,2.4440 , 0.7895,0.3156,3.5408 , 0.9755,0.5109,117.1892 , 19.8111,13.0534,8946.9746 , 103.9935,9.3830,<LOD,44.9640,0.6422,7630.5688 , 106.6865,3.3928,,,,,,9,425.399994,39.000710,-122.662872,10.000000,529192.125000,4316909.500000,
771,Mining,120.59,30.15,30.12,30.17,30.15,"Fri May 8, 2026 - 15:48:30",User,1.5,ppm,,,,,,,,,Mining,,,,,,,,,,,,2.8508 , 1.0340,0.8187,68373.8125 , 1084.5022,1.1153,<LOD,3.1553,0.1000,<LOD,1.2900,0.1224,5.2296 , 1.5601,1.5448,<LOD,46.7954,8.6088,56.9177 , 5.0056,2.3396,10.0897 , 2.8095,0.3328,26386.5918 , 110.5209,56.9708,<LOD,0.0000,0.0000,<LOD,5302.8911,0.0415,238.0992 , 22.6016,0.8429,<LOD,1.1005,4.8987,4.3976 , 0.5935,3.0285,9.8176 , 4.3185,0.2092,1164.7467 , 184.5506,0.2050,8.5391 , 0.9736,0.3283,2.9828 , 0.9665,0.6633,<LOD,0.0000,0.0000,,,,6282.4072 , 87.7361,1.8605,<LOD,4.2320,4.0768,<LOD,0.8349,0.1848,236775.2344 , 658.9476,14.7889,8.3374 , 2.2505,3.1280,<LOD,0.0000,0.0000,,,,5442.8022 , 38.5997,14.6813,97.4416 , 10.8506,2.5992,<LOD,7.3128,0.2047,10.8026 , 0.6644,2.3296,18.0175 , 2.2795,0.4036,134.0101 , 1.2554,12.5350,<LOD,1.4531,0.2572,637652.6875 , 4258.6802,12.3820 , 2.1106,0.3368,52.6180 , 1.1300,2.4872,122.5888 , 0.9435,7.3498,5.7031 , 0.7925,0.3482,3.1630 , 0.9792,0.5096,128.1767 , 19.8244,13.1290,9028.1436 , 103.8236,9.4431,<LOD,46.0143,0.6618,7716.7451 , 106.6589,3.4203,,,,,,9,426.299988,39.000713,-122.662880,10.000000,529191.812500,4316910.000000,
772,Mining,120.00,30.33,30.07,30.03,29.57,"Fri May 8, 2026 - 15:52:26",User,1.5,ppm,,,,,,,,,Mining,,,,,,,,,,,,3.3981 , 1.2915,0.6871,80551.6172 , 1813.2058,1.2810,<LOD,3.7912,0.0853,<LOD,1.6180,0.1145,<LOD,2.8267,1.1876,<LOD,60.6594,9.3695,70.5996 , 6.1452,2.2858,13.6597 , 3.3496,0.2850,35682.0234 , 138.9769,61.4040,<LOD,0.0000,0.0000,11999.1240 , 5235.3042,0.0594,592.2291 , 32.4013,1.1410,<LOD,1.2636,3.6639,4.2948 , 0.6998,2.4102,21.9590 , 5.5857,0.2033,1465.4949 , 239.8063,0.2218,7.1330 , 1.1016,0.2478,<LOD,2.7118,0.5112,<LOD,0.0000,0.0000,,,,8571.3486 , 117.1768,2.1524,<LOD,5.2614,3.3270,<LOD,1.0389,0.1696,246999.7031 , 757.4807,13.3303,8.3605 , 2.7969,2.5828,<LOD,0.0000,0.0000,,,,5753.7573 , 44.2020,12.4638,129.7706 , 12.6929,2.2875,21.9576 , 6.4087,0.2143,20.7292 , 0.8351,2.1975,42.6932 , 3.2243,0.4860,113.4463 , 1.4621,9.8063,<LOD,1.8637,0.1989,564110.8750 , 6721.6421,5.0488 , 2.3833,0.2334,42.8086 , 1.2385,1.6667,307.4606 , 1.6902,13.4007,4.5541 , 0.9366,0.2703,7.4302 , 1.3022,0.5344,227.6659 , 25.2293,11.7010,33933.7695 , 206.2260,28.9478,<LOD,59.6026,0.7060,9287.1025 , 132.8124,3.7092,,,,,,9,435.500000,39.000725,-122.662865,10.000000,529192.687500,4316911.000000,
773,Mining,126.21,35.66,30.16,30.14,30.25,"Fri May 8, 2026 - 15:54:52",User,1.5,ppm,,,,,,,,,Mining,,,,,,,,,,,,3.0198 , 1.3211,0.6900,80992.2656 , 1882.6438,1.2893,<LOD,3.7978,0.0828,<LOD,1.6897,0.1211,<LOD,2.8306,1.1310,<LOD,60.6276,9.0530,66.0095 , 6.1743,2.2389,10.7609 , 3.2986,0.2677,35495.8555 , 137.1239,59.2867,<LOD,0.0000,0.0000,16136.7549 , 5389.4365,0.0639,599.1592 , 32.5421,1.1144,<LOD,1.2737,3.6110,5.2369 , 0.7078,2.3954,22.3141 , 5.6106,0.2002,1606.9310 , 241.0677,0.2288,7.3076 , 1.1140,0.2454,1.9443 , 1.2056,0.5317,<LOD,0.0000,0.0000,,,,8633.9541 , 115.6285,2.1135,<LOD,5.3874,3.3330,<LOD,1.0552,0.1703,257822.5156 , 749.5198,13.6409,<LOD,6.6502,2.5781,<LOD,0.0000,0.0000,,,,5758.9941 , 44.6704,12.2130,122.3567 , 12.7490,2.2362,25.9807 , 6.5452,0.2168,21.4058 , 0.8431,2.1716,46.0793 , 3.3080,0.4958,116.3687 , 1.4756,9.6884,<LOD,2.0982,0.2007,548292.1875 , 7027.2729,5.7504 , 2.4320,0.2356,43.1660 , 1.2418,1.6270,308.0834 , 1.6908,13.0448,4.8878 , 0.9693,0.2780,6.9908 , 1.2996,0.5153,205.0682 , 25.8123,11.6150,34185.9375 , 205.9385,28.3411,<LOD,59.7715,0.7164,9452.7393 , 133.2854,3.6555,,,,,,6,435.600006,39.000725,-122.662872,10.000000,529192.250000,4316911.000000,
774,Mining,120.83,30.22,30.14,30.19,30.28,"Fri May 8, 2026 - 15:58:18",User,1.5,ppm,,,,,,,,,Mining,,,,,,,,,,,,<LOD,2.4325,0.6533,63688.4492 , 1479.0984,1.0270,<LOD,4.2202,0.0969,<LOD,1.7247,0.1190,<LOD,2.7966,1.1198,<LOD,67.4254,11.3702,74.0617 , 6.4765,2.3955,11.5772 , 3.4252,0.2736,43343.2539 , 146.5680,74.9552,<LOD,0.0000,0.0000,6150.9209 , 4702.2065,0.0490,435.7078 , 30.8394,1.0145,<LOD,1.3452,3.7557,5.2806 , 0.7578,2.5624,24.1584 , 5.9798,0.1938,1575.0684 , 230.4308,0.2123,8.3569 , 1.1846,0.2618,2.3609 , 1.2039,0.5411,<LOD,0.0000,0.0000,,,,11604.6035 , 128.1988,2.7734,<LOD,5.3339,3.2992,<LOD,1.1164,0.1799,214358.6719 , 701.8513,11.1068,7.9947 , 2.8587,2.6285,<LOD,0.0000,0.0000,,,,6015.6177 , 46.2669,13.1060,116.4297 , 13.2639,2.3499,<LOD,11.8301,0.1843,36.3528 , 0.9850,2.8301,38.4071 , 3.2434,0.4515,128.5390 , 1.5827,10.5419,<LOD,1.7515,0.2019,620243.3125 , 5891.7344,14.5579 , 2.6290,0.2820,37.9852 , 1.2553,1.5164,335.3680 , 1.7979,14.1577,5.4186 , 1.0010,0.2821,10.4890 , 1.4306,0.5885,257.2428 , 25.9642,12.1414,24341.4062 , 183.5506,20.6367,<LOD,57.4577,0.7042,7128.3735 , 122.4317,2.8359,,,,,,7,435.700012,39.000717,-122.662880,10.000000,529191.812500,4316910.000000,
775,Mining,120.45,30.00,30.20,30.21,30.04,"Fri May 8, 2026 - 16:00:41",User,1.5,ppm,,,,,,,,,Mining,,,,,,,,,,,,<LOD,2.9336,0.6542,60667.9453 , 1523.4319,0.9821,<LOD,4.2120,0.0923,<LOD,1.7074,0.1114,<LOD,2.9326,1.0809,<LOD,67.4011,10.8356,66.2429 , 6.4310,2.2922,7.3815 , 3.3318,0.2471,43121.1953 , 142.4778,71.0072,<LOD,0.0000,0.0000,6571.7686 , 4859.5249,0.0486,457.5794 , 31.2539,0.9932,<LOD,1.7618,3.6703,7.3033 , 0.7680,2.5324,18.8583 , 5.9372,0.1808,1782.7196 , 240.2303,0.2180,10.9425 , 1.2422,0.2756,<LOD,2.8293,0.5138,<LOD,0.0000,0.0000,,,,11838.6631 , 131.3054,2.7105,<LOD,5.6521,3.2709,<LOD,1.1036,0.1666,217346.5938 , 711.1383,10.7707,<LOD,7.4796,2.5688,<LOD,0.0000,0.0000,,,,6208.1719 , 46.6019,12.9386,104.2701 , 13.2568,2.2821,<LOD,15.2994,0.1852,36.2058 , 0.9863,2.7102,38.9502 , 3.2770,0.4402,126.7429 , 1.5757,9.9980,<LOD,1.7724,0.1868,619201.5000 , 6135.6079,18.7265 , 2.7655,0.3010,39.5399 , 1.2569,1.4664,340.6323 , 1.8023,13.7040,5.9720 , 1.0071,0.2770,7.8917 , 1.4008,0.5370,280.2237 , 27.5546,12.1174,24683.9609 , 181.8022,19.9459,<LOD,58.9008,0.6883,7010.0503 , 120.8245,2.6952,,,,,,8,435.799988,39.000713,-122.662880,10.000000,529191.437500,4316910.000000,
776,Mining,120.20,30.06,30.21,30.07,29.86,"Fri May 8, 2026 - 16:04:11",User,1.5,ppm,,,,,,,,,Mining,,,,,,,,,,,,2.9340 , 1.1276,0.6482,80333.5781 , 1588.5208,1.2775,<LOD,3.3858,0.0817,<LOD,1.4942,0.1173,3.7555 , 1.6777,1.1829,<LOD,56.6645,9.7374,79.2890 , 5.8665,2.3829,5.7496 , 2.9518,0.2645,34802.4648 , 133.0066,64.1650,<LOD,0.0000,0.0000,8433.6699 , 4676.7046,0.0556,569.9474 , 30.2414,1.1819,<LOD,1.1519,3.6859,2.8553 , 0.6338,2.3966,24.7746 , 5.2389,0.2156,1336.2385 , 225.1477,0.2216,6.9787 , 1.0179,0.2545,3.0737 , 1.0499,0.5214,<LOD,0.0000,0.0000,,,,9888.3105 , 118.1486,2.5370,<LOD,4.5768,3.1463,<LOD,0.9236,0.1625,236017.7969 , 720.4785,13.3097,7.4364 , 2.4369,2.4269,<LOD,0.0000,0.0000,,,,5173.9688 , 41.0141,12.0041,133.9292 , 11.8829,2.2732,<LOD,13.6608,0.2004,12.7776 , 0.7156,1.9244,31.3759 , 2.7838,0.4336,99.2314 , 1.2895,9.1976,<LOD,1.4568,0.1736,585685.1875 , 5878.3208,3.1432 , 2.0812,0.2188,41.0582 , 1.1244,1.6793,247.1401 , 1.4347,11.6699,3.0669 , 0.8457,0.2587,3.8965 , 1.1219,0.4764,127.4015 , 21.5543,10.2495,27830.5176 , 185.1906,25.1375,<LOD,55.7887,0.7141,9088.4658 , 127.2963,3.7704,,,,,,7,435.399994,39.000713,-122.662888,10.000000,529191.000000,4316910.000000,
777,Mining,125.99,35.72,30.11,30.16,30.00,"Fri May 8, 2026 - 16:07:01",User,1.5,ppm,,,,,,,,,Mining,,,,,,,,,,,,5.0748 , 1.2069,0.6949,80833.9531 , 1626.7333,1.2838,<LOD,3.6714,0.0894,<LOD,1.5723,0.1201,3.2615 , 1.7423,1.1872,<LOD,58.6724,9.6245,71.3867 , 5.7524,2.2883,5.2822 , 3.0309,0.2576,34204.6797 , 135.2783,62.1484,<LOD,0.0000,0.0000,13724.8506 , 4821.2256,0.0615,559.9352 , 31.1480,1.1518,<LOD,1.2020,3.7214,2.8368 , 0.6567,2.3769,14.5780 , 5.3658,0.2066,1478.6752 , 222.4412,0.2236,5.8125 , 1.0290,0.2400,3.6972 , 1.1052,0.5389,<LOD,0.0000,0.0000,,,,10234.0674 , 117.9176,2.5934,<LOD,4.7780,3.2035,<LOD,0.9581,0.1587,238023.7812 , 708.4292,13.2437,<LOD,5.6840,2.4064,<LOD,0.0000,0.0000,,,,5161.8560 , 40.7281,11.8162,111.3054 , 11.6299,2.1694,<LOD,11.6225,0.1886,13.3186 , 0.7412,1.9124,29.5500 , 2.8407,0.4171,99.2264 , 1.3367,9.1430,<LOD,1.4788,0.1665,578328.5625 , 6128.9209,<LOD,5.1792,0.2115,39.1745 , 1.1487,1.6101,252.6425 , 1.4976,11.7818,4.1837 , 0.9011,0.2756,4.6709 , 1.1714,0.4834,117.2407 , 22.3824,10.2332,27575.0527 , 183.0123,24.5471,<LOD,55.5102,0.7263,9091.3516 , 126.2653,3.7138,,,,,,7,434.899994,39.000710,-122.662888,10.000000,529191.000000,4316909.500000,
778,Mining,126.09,35.46,30.19,30.28,30.16,"Fri May 8, 2026 - 16:10:37",User,1.5,ppm,,,,,,,,,Mining,,,,,,,,,,,,<LOD,2.4454,0.8096,61744.3477 , 1216.4774,1.0398,<LOD,3.6957,0.1353,<LOD,1.3606,0.1335,<LOD,3.2887,1.5222,<LOD,42.9151,6.7052,50.6217 , 4.6894,2.1086,<LOD,5.5018,0.2920,20369.2168 , 108.9581,42.8710,<LOD,0.0000,0.0000,<LOD,8737.9065,0.0478,49.6076 , 18.6757,0.5231,<LOD,1.0989,4.8074,4.8553 , 0.5966,3.0029,12.4706 , 4.4464,0.2463,1621.4017 , 209.6567,0.2483,7.8243 , 0.9777,0.3241,2.1722 , 0.9911,0.6661,<LOD,0.0000,0.0000,,,,14943.1240 , 130.5562,3.9830,<LOD,6.2610,4.3122,<LOD,0.9029,0.2055,264278.8438 , 732.6255,16.4957,<LOD,5.4153,3.1705,<LOD,0.0000,0.0000,,,,2722.6338 , 29.5864,7.4524,76.0327 , 8.4418,1.5513,<LOD,7.3638,0.2024,6.2270 , 0.6318,2.0481,17.2560 , 2.3440,0.4161,105.4717 , 1.1410,9.9615,2.3183 , 1.0430,0.3205,613145.0625 , 6477.7988,71.5991 , 3.2909,0.8758,54.3330 , 1.1664,2.5587,65.3910 , 0.7250,4.2416,6.7000 , 0.8271,0.3705,2.3294 , 1.0482,0.5588,232.9254 , 21.1462,15.0217,4492.4229 , 77.6102,4.7443,<LOD,45.9988,0.6434,12176.4873 , 128.7398,4.9429,,,,,,7,434.399994,39.000706,-122.662895,10.000000,529190.000000,4316909.000000,
779,Mining,126.36,35.73,30.22,30.19,30.22,"Fri May 8, 2026 - 16:12:58",User,1.5,ppm,,,,,,,,,Mining,,,,,,,,,,,,2.4373 , 1.0638,0.8388,64937.3906 , 1080.2867,1.0873,<LOD,3.4319,0.1241,<LOD,1.3726,0.1449,<LOD,3.3829,1.5268,<LOD,41.3257,6.6037,59.2653 , 4.6951,2.1752,<LOD,4.3414,0.2855,20227.0059 , 97.1304,42.8780,<LOD,0.0000,0.0000,5035.8262 , 3604.4341,0.0501,34.9062 , 17.7369,0.5018,<LOD,1.0655,4.7927,5.2681 , 0.5854,3.0798,15.3921 , 4.2978,0.2460,1679.4188 , 210.4833,0.2472,8.1074 , 0.9526,0.3284,2.6877 , 0.9954,0.6803,<LOD,0.0000,0.0000,,,,15229.3213 , 130.9921,4.0833,<LOD,5.7414,4.2982,<LOD,0.8481,0.1935,267529.6875 , 680.6945,16.8598,<LOD,3.8989,3.1226,<LOD,0.0000,0.0000,,,,2750.3127 , 29.2448,7.6084,70.8590 , 8.3766,1.5610,<LOD,8.2835,0.2134,7.1133 , 0.6160,2.0832,16.5449 , 2.2643,0.4136,105.2644 , 1.0900,10.0011,2.3483 , 1.0188,0.3268,605444.9375 , 4363.8623,73.4734 , 3.2311,0.9014,50.8297 , 1.1102,2.4634,63.7168 , 0.6910,4.1805,6.0497 , 0.8109,0.3700,4.5318 , 1.0509,0.6007,210.7343 , 20.9060,14.7552,4404.9023 , 76.2640,4.7288,<LOD,46.2331,0.6375,12021.6982 , 125.7320,4.9303,,,,,,7,434.100006,39.000702,-122.662903,10.000000,529189.812500,4316908.500000,
780,Mining,126.23,35.64,30.29,30.18,30.12,"Fri May 8, 2026 - 16:16:10",User,1.5,ppm,,,,,,,,,Mining,,,,,,,,,,,,5.0287 , 0.6697,0.7893,11101.2471 , 418.2694,0.3815,<LOD,2.0716,0.0932,<LOD,0.8384,0.1114,13.0993 , 1.0210,1.5569,<LOD,14.6885,1.4457,<LOD,7.7614,1.7612,<LOD,2.6476,0.2757,3074.9744 , 34.0929,8.8585,<LOD,0.0000,0.0000,<LOD,2869.6141,0.0246,<LOD,15.0750,0.2695,<LOD,0.8187,6.4735,5.1095 , 0.4453,4.0780,<LOD,3.1341,0.1395,684.5892 , 137.6334,0.1719,5.7140 , 0.6762,0.3460,3.5567 , 0.6132,0.6082,<LOD,0.0000,0.0000,,,,2787.4932 , 56.9261,1.1690,<LOD,3.0343,3.3606,<LOD,0.5444,0.1656,292105.5938 , 591.0476,23.5231,4.2287 , 1.3334,2.5146,<LOD,0.0000,0.0000,,,,8010.1914 , 35.8348,27.3882,13.7900 , 9.3953,4.0501,<LOD,6.0916,0.3012,<LOD,0.8527,1.7066,177.1926 , 3.7222,2.2979,104.4027 , 0.8595,13.4765,<LOD,0.9938,0.2503,679508.7500 , 2134.0017,29.9168 , 1.9751,0.6562,11.2637 , 0.5171,1.0197,14.6963 , 0.3179,1.8735,3.0583 , 0.5014,0.3005,<LOD,0.9467,0.4543,52.5782 , 11.5080,10.1878,203.7196 , 18.1226,0.4698,<LOD,38.0422,0.7161,2079.7952 , 46.4936,1.2244,,,,,,6,433.799988,39.000710,-122.662903,10.000000,529189.687500,4316909.500000,
781,Mining,120.51,30.16,30.05,30.09,30.21,"Fri May 8, 2026 - 16:19:38",User,1.5,ppm,,,,,,,,,Mining,,,,,,,,,,,,4.7985 , 0.6996,0.7987,12015.6240 , 449.6267,0.3945,<LOD,2.3238,0.1138,<LOD,0.9059,0.1257,12.8713 , 1.0692,1.5813,<LOD,13.7243,1.2175,<LOD,4.9022,1.6358,<LOD,2.7639,0.2901,2578.1963 , 31.4387,7.2076,<LOD,0.0000,0.0000,<LOD,3335.4016,0.0298,<LOD,15.3251,0.2676,<LOD,0.8434,6.6217,5.7779 , 0.4495,4.0007,<LOD,3.2707,0.1509,750.4492 , 141.4712,0.1651,8.5658 , 0.7356,0.3957,4.5697 , 0.6613,0.6589,<LOD,0.0000,0.0000,,,,2698.0996 , 58.3595,1.0986,<LOD,3.9065,3.5258,<LOD,0.5960,0.1910,304237.5312 , 624.3188,23.7788,5.6992 , 1.4178,2.6509,<LOD,0.0000,0.0000,,,,8099.8452 , 36.7974,26.5392,17.4766 , 9.6233,3.9303,<LOD,6.2785,0.3089,<LOD,0.7490,1.6905,184.4676 , 3.7918,2.3008,126.9971 , 0.9383,15.3794,<LOD,1.0962,0.3001,666960.5000 , 2419.1650,28.7457 , 1.9787,0.6307,13.5716 , 0.5427,1.1128,19.9461 , 0.3525,2.2251,3.1502 , 0.5306,0.3186,<LOD,0.9410,0.4326,114.9050 , 12.4865,11.7296,304.9311 , 19.9233,0.5573,<LOD,39.1213,0.6757,1803.2675 , 44.9366,1.0565,,,,,,7,434.200012,39.000706,-122.662888,10.000000,529190.812500,4316909.000000,
782,Mining,120.15,30.12,30.16,30.18,29.69,"Fri May 8, 2026 - 16:22:51",User,1.5,ppm,,,,,,,,,Mining,,,,,,,,,,,,2.3911 , 1.0757,0.7551,31729.5605 , 775.9454,0.5750,<LOD,3.3177,0.0917,<LOD,1.3659,0.1134,<LOD,3.6561,1.3800,<LOD,46.7665,6.8886,40.8985 , 4.4982,1.7446,9.2664 , 2.9620,0.3042,22723.0449 , 101.9551,44.1915,<LOD,0.0000,0.0000,<LOD,4472.8762,0.0285,<LOD,27.1105,0.4166,<LOD,1.1791,4.7042,4.2295 , 0.6169,2.7416,<LOD,6.5131,0.1764,962.1429 , 169.0346,0.1393,7.6758 , 1.0058,0.2907,3.7262 , 1.0239,0.6355,<LOD,0.0000,0.0000,,,,4257.5527 , 78.1654,1.2150,<LOD,4.3912,3.7020,<LOD,0.8893,0.1760,220597.2344 , 645.4146,11.7953,5.5861 , 2.3370,2.8709,<LOD,0.0000,0.0000,,,,5230.1025 , 35.8432,12.4446,73.3078 , 10.1279,2.1020,<LOD,6.9552,0.1525,2.3615 , 0.5756,1.4522,<LOD,2.7179,0.2079,162.7507 , 1.4330,13.9098,3.3987 , 1.0957,0.3055,711171.5000 , 3546.7737,<LOD,4.5608,0.2167,25.1824 , 0.9168,1.2748,166.8116 , 1.1373,9.0412,5.0207 , 0.8069,0.2902,2.8882 , 1.0047,0.4520,125.1069 , 20.6567,12.2064,506.8223 , 30.3270,0.6318,<LOD,45.9275,0.5603,2181.4385 , 61.2156,0.9544,,,,,,6,434.500000,39.000713,-122.662895,10.000000,529190.375000,4316910.000000,
783,Mining,120.66,30.23,30.27,30.16,30.00,"Fri May 8, 2026 - 16:25:11",User,1.5,ppm,,,,,,,,,Mining,,,,,,,,,,,,<LOD,2.5082,0.7223,32381.0078 , 780.3243,0.5892,<LOD,3.3607,0.0942,<LOD,1.4048,0.1202,4.1499 , 1.6212,1.4007,<LOD,46.9882,6.9675,33.5933 , 4.5480,1.7322,7.6094 , 2.9221,0.2963,22678.0645 , 102.0292,44.2263,<LOD,0.0000,0.0000,<LOD,4428.9298,0.0282,<LOD,26.7759,0.4066,<LOD,1.1796,4.7006,4.7553 , 0.6217,2.7881,<LOD,6.6279,0.1855,1108.1416 , 172.4067,0.1492,7.4875 , 1.0009,0.2882,3.2417 , 1.0160,0.6163,<LOD,0.0000,0.0000,,,,4463.2661 , 79.1420,1.2620,<LOD,4.4072,3.7161,<LOD,0.8876,0.1747,230002.3906 , 648.9272,12.4344,8.0689 , 2.3498,2.8674,<LOD,0.0000,0.0000,,,,5125.8628 , 36.4051,12.3209,89.9649 , 10.3824,2.1602,<LOD,6.8217,0.1467,1.7134 , 0.5668,1.4070,<LOD,2.6713,0.2012,164.6602 , 1.4392,14.0491,2.2217 , 1.0634,0.2800,700818.2500 , 3537.4189,3.0351 , 1.8942,0.2205,24.0640 , 0.9130,1.2519,163.9996 , 1.1293,8.9244,4.4623 , 0.8124,0.2885,4.0559 , 1.0280,0.4717,137.3431 , 20.7229,12.1970,533.0527 , 31.2482,0.6576,<LOD,46.0463,0.5693,2225.5486 , 62.3499,0.9697,,,,,,6,435.100006,39.000721,-122.662895,10.000000,529190.125000,4316910.500000,
784,Mining,23.02,23.02,,,,"Fri May 8, 2026 - 16:29:57",User,1.5,ppm,,,,,,,,,Mining,,,,,,,,,,,,<LOD,11.3033,6.2045,,,,<LOD,7.7963,0.0289,<LOD,5.6859,0.0621,<LOD,12.1744,5.9112,<LOD,106.6135,3.0464,<LOD,74.3400,0.1011,75.8697 , 8.3672,0.1842,35012.4727 , 207.1000,20.0067,<LOD,0.0000,0.0000,,,,638.3203 , 59.9516,0.4115,<LOD,1.9851,0.9800,2.6536 , 1.1296,0.6774,<LOD,16.6360,0.0480,,,,5.2252 , 1.8679,0.0742,<LOD,12.1107,6.1701,<LOD,0.0000,0.0000,,,,,,,<LOD,20.7984,5.3906,<LOD,1.7403,0.0488,,,,<LOD,14.4392,4.7497,<LOD,0.0000,0.0000,,,,5057.3701 , 294.1216,0.5535,<LOD,190.7145,0.1819,<LOD,15.6114,0.0580,9.0173 , 1.2465,0.5117,10.8344 , 5.4848,0.1450,73.0300 , 2.1690,2.3173,<LOD,2.6548,0.0490,958886.9375 , 539.6218,<LOD,5.4149,0.0520,30.8837 , 1.9699,0.4436,190.4455 , 2.3812,2.9703,<LOD,4.7985,0.1057,6.9653 , 2.0651,0.1421,,,,,,,,,,,,,,,,,,7,432.500000,39.000656,-122.662949,10.000000,529185.500000,4316903.500000,
785,Mining,15.09,15.09,,,,"Fri May 8, 2026 - 16:30:25",User,1.5,ppm,,,,,,,,,Mining,,,,,,,,,,,,<LOD,13.9921,8.1918,,,,<LOD,7.0459,0.0269,<LOD,3.0000,0.0357,<LOD,15.0034,7.5711,<LOD,135.1507,4.5238,<LOD,84.9211,0.1211,35.0540 , 8.2064,0.1550,40851.4219 , 261.9203,29.7014,<LOD,0.0000,0.0000,,,,729.4335 , 73.2423,0.5701,<LOD,2.4856,1.3418,2.6147 , 1.3682,0.8576,<LOD,23.2191,0.0635,,,,<LOD,3.7404,0.0851,<LOD,15.0996,8.3976,<LOD,0.0000,0.0000,,,,,,,<LOD,25.6965,6.9600,<LOD,1.8209,0.0463,,,,<LOD,17.7455,5.9874,<LOD,0.0000,0.0000,,,,6183.7661 , 370.4651,0.8386,<LOD,192.4012,0.2485,<LOD,17.6491,0.0647,11.7994 , 1.5663,0.7032,23.9641 , 6.6369,0.1863,75.5525 , 2.6783,3.0511,<LOD,4.5114,0.0703,951813.0625 , 708.6528,<LOD,8.1301,0.0676,35.9889 , 2.4604,0.6096,223.4052 , 3.0671,4.2789,8.5025 , 1.9415,0.1168,5.4362 , 2.4861,0.1787,,,,,,,,,,,,,,,,,,8,432.700012,39.000652,-122.662949,10.000000,529185.375000,4316903.000000,
786,Mining,120.47,30.27,30.25,30.16,29.79,"Fri May 8, 2026 - 16:32:53",User,1.5,ppm,,,,,,,,,Mining,,,,,,,,,,,,4.3018 , 1.2970,0.5585,99776.2188 , 2645.3921,1.5810,<LOD,3.2053,0.0552,<LOD,1.4106,0.0792,4.7232 , 1.8973,0.9830,<LOD,64.3898,10.1103,86.0282 , 6.8338,2.3167,13.1237 , 3.1814,0.2354,42051.1250 , 155.5557,66.5720,<LOD,0.0000,0.0000,26027.9648 , 6712.4585,0.0802,951.8925 , 37.0030,1.4414,<LOD,1.1950,3.0756,3.2527 , 0.6600,1.9869,10.0166 , 5.3214,0.1373,1794.3790 , 301.0509,0.3154,6.0089 , 1.0266,0.1958,<LOD,1.6546,0.3686,<LOD,0.0000,0.0000,,,,240.6517 , 57.9562,0.3708,<LOD,6.4372,2.6404,<LOD,0.9162,0.1243,318926.6875 , 842.3427,17.1044,8.1809 , 2.7482,2.0004,<LOD,0.0000,0.0000,,,,6333.4424 , 47.4294,12.2637,161.1643 , 13.9161,2.2645,<LOD,7.6863,0.1232,15.7763 , 0.7694,1.6874,42.1395 , 3.1278,0.4187,89.9406 , 1.3219,7.2037,<LOD,1.5165,0.1505,450017.9375 , 8956.7832,<LOD,2.6994,0.1209,39.3989 , 1.1526,1.3297,256.6278 , 1.5548,10.0202,2.6502 , 0.8158,0.1851,3.3125 , 1.1418,0.3753,150.1576 , 24.4200,8.5831,39881.5938 , 230.5786,30.6663,<LOD,71.7707,0.8630,13101.2979 , 160.6622,4.6522,,,,,,8,433.500000,39.000656,-122.662956,10.000000,529185.250000,4316903.500000,
787,Mining,101.86,30.06,30.13,30.26,11.41,"Fri May 8, 2026 - 16:34:53",User,1.5,ppm,,,,,,,,,Mining,,,,,,,,,,,,3.6312 , 1.1187,0.6157,99211.3906 , 3439.5671,1.5787,<LOD,3.1080,0.0665,<LOD,1.3421,0.0909,<LOD,4.0441,1.0745,<LOD,60.8942,11.2799,79.5372 , 6.3207,2.5388,14.6318 , 3.0770,0.2787,39952.0938 , 213.1499,73.9798,<LOD,0.0000,0.0000,13078.8848 , 9423.8242,0.0659,974.7173 , 36.1853,1.6953,<LOD,1.1326,3.5000,4.2861 , 0.6385,2.3743,11.2062 , 5.1284,0.1697,1747.9471 , 475.9942,0.3319,6.9652 , 0.9997,0.2361,<LOD,1.3659,0.3691,<LOD,0.0000,0.0000,,,,292.4521 , 90.0891,0.3767,<LOD,4.4820,2.8739,<LOD,0.8179,0.1209,293905.6562 , 1410.5685,17.8899,8.5329 , 2.3970,2.2631,<LOD,0.0000,0.0000,,,,5965.1958 , 47.4456,13.5132,145.7492 , 12.8873,2.4839,<LOD,7.1366,0.1341,13.6271 , 0.7210,1.8681,40.4726 , 2.9392,0.4668,87.7906 , 1.3008,8.3210,<LOD,1.4451,0.1677,493610.1875 , 11324.6240,<LOD,2.6065,0.1457,38.4671 , 1.1093,1.5348,249.9202 , 1.6379,11.5259,3.2573 , 0.7920,0.2262,2.9873 , 1.0896,0.4340,160.6917 , 21.3900,9.8600,38116.8828 , 238.8850,33.7690,<LOD,111.0872,0.8588,12272.8584 , 151.3239,5.0176,,,,,,7,433.799988,39.000652,-122.662949,10.000000,529185.375000,4316903.000000,
789,Mining,120.51,30.19,30.17,30.00,30.15,"Fri May 8, 2026 - 16:40:32",User,1.5,ppm,,,,,,,,,Mining,,,,,,,,,,,,<LOD,2.3780,0.6782,98196.9375 , 1787.0166,1.5572,<LOD,3.1492,0.0722,<LOD,1.3512,0.0977,<LOD,2.4784,1.1256,<LOD,64.4891,10.8839,83.7553 , 6.2467,2.5907,15.5802 , 3.0868,0.2965,36538.3594 , 147.0038,69.6777,<LOD,0.0000,0.0000,16103.8672 , 4998.7017,0.0688,1666.9706 , 43.6713,2.5921,<LOD,1.1103,3.5578,2.8472 , 0.6224,2.3881,<LOD,12.7389,0.2063,2483.5342 , 297.0616,0.4728,4.5351 , 0.9390,0.2203,<LOD,1.4249,0.4209,<LOD,0.0000,0.0000,,,,409.1749 , 50.0260,0.4099,<LOD,4.7810,3.4171,<LOD,0.8457,0.1380,278307.2812 , 756.3868,16.9812,16.5530 , 2.6059,2.8560,<LOD,0.0000,0.0000,,,,5446.7954 , 42.8727,12.7944,158.3205 , 12.5691,2.4600,<LOD,7.6067,0.1624,13.2635 , 0.7043,1.9057,34.7513 , 2.8041,0.4500,85.6645 , 1.2291,8.4078,<LOD,1.3984,0.1738,514505.7188 , 6267.3105,<LOD,2.6643,0.1581,36.4224 , 1.0705,1.5369,234.7397 , 1.4223,11.2831,3.8169 , 0.7970,0.2437,3.8350 , 1.0819,0.4544,326.2247 , 23.7055,13.5302,33388.2695 , 206.8136,30.4266,<LOD,57.6491,0.8370,11932.7607 , 145.3268,4.8941,,,,,,7,435.799988,39.000641,-122.662949,10.000000,529185.937500,4316901.500000,
790,Mining,126.10,35.45,30.22,30.15,30.28,"Fri May 8, 2026 - 16:42:59",User,1.5,ppm,,,,,,,,,Mining,,,,,,,,,,,,<LOD,1.6705,0.6268,99627.2969 , 1890.6775,1.5737,<LOD,3.1942,0.0755,<LOD,1.3070,0.0926,<LOD,2.4663,1.1064,<LOD,57.5074,10.4846,74.6877 , 6.0347,2.4917,14.5472 , 3.0236,0.2880,36001.2734 , 146.2315,67.8044,<LOD,0.0000,0.0000,20870.8047 , 5262.5747,0.0743,1580.1274 , 42.3310,2.4512,<LOD,1.0989,3.5512,2.3353 , 0.6082,2.3124,<LOD,11.9064,0.1884,2486.8967 , 298.0033,0.4581,6.3991 , 0.9682,0.2377,<LOD,1.4110,0.4085,<LOD,0.0000,0.0000,,,,379.7918 , 50.8942,0.4078,<LOD,4.7328,3.3166,<LOD,0.8334,0.1342,274557.7188 , 763.9807,16.4651,13.2209 , 2.5635,2.7236,<LOD,0.0000,0.0000,,,,5454.3955 , 42.0305,12.6506,146.5899 , 12.1981,2.3893,<LOD,7.3425,0.1532,12.3072 , 0.6879,1.8397,32.2881 , 2.7196,0.4285,83.3320 , 1.2060,8.1854,<LOD,1.4075,0.1719,513358.4688 , 6615.1729,<LOD,2.5242,0.1419,36.4528 , 1.0526,1.5113,234.4942 , 1.4110,11.1626,4.0054 , 0.7828,0.2415,2.8064 , 1.0478,0.4320,308.2771 , 23.4014,13.0129,32989.1523 , 202.3365,29.8160,<LOD,58.3075,0.8202,11722.3271 , 141.1878,4.7388,,,,,,7,435.899994,39.000637,-122.662941,10.000000,529186.125000,4316901.500000,
791,Mining,120.48,30.11,30.13,30.04,30.20,"Fri May 8, 2026 - 16:45:56",User,1.5,ppm,,,,,,,,,Mining,,,,,,,,,,,,<LOD,2.5053,0.6266,81760.0859 , 1649.6542,1.3116,<LOD,3.1520,0.0754,<LOD,1.2515,0.0868,<LOD,2.5268,1.0867,<LOD,56.1438,10.1317,70.4845 , 5.8304,2.4165,12.2341 , 2.9235,0.2753,34684.5859 , 135.6627,65.0320,<LOD,0.0000,0.0000,16867.4980 , 5022.5830,0.0659,1731.9882 , 43.3800,2.6160,<LOD,1.0753,3.4967,2.0218 , 0.5978,2.2981,<LOD,7.2613,0.1765,1684.1045 , 263.6648,0.3400,5.0147 , 0.9224,0.2207,<LOD,1.3803,0.3605,<LOD,0.0000,0.0000,,,,298.1918 , 49.7990,0.3891,<LOD,4.8021,3.2019,<LOD,0.8158,0.1319,255282.2344 , 743.3434,14.8978,16.8949 , 2.6049,2.6286,<LOD,0.0000,0.0000,,,,5316.2695 , 40.5082,12.2922,147.6151 , 11.8524,2.3442,<LOD,6.7277,0.1310,10.4940 , 0.6637,1.7511,32.0431 , 2.6718,0.4234,77.4845 , 1.1469,7.6594,<LOD,1.3576,0.1668,558129.8750 , 6130.4272,<LOD,2.4918,0.1469,37.2869 , 1.0437,1.5335,211.7936 , 1.3075,10.1222,3.9371 , 0.7562,0.2329,2.6702 , 1.0210,0.4203,295.3025 , 23.5357,12.2835,32373.2441 , 194.6424,29.0360,<LOD,59.6128,0.8487,10946.6504 , 134.3578,4.4212,,,,,,6,436.700012,39.000633,-122.662941,10.000000,529186.250000,4316901.000000,
792,Mining,120.30,30.10,30.23,30.04,29.93,"Fri May 8, 2026 - 16:48:15",User,1.5,ppm,,,,,,,,,Mining,,,,,,,,,,,,<LOD,1.6902,0.5813,82270.9062 , 1740.8585,1.3177,<LOD,3.0743,0.0642,<LOD,1.3067,0.0854,<LOD,2.5386,1.0665,<LOD,58.3369,9.9194,74.5949 , 6.2324,2.3954,13.2030 , 3.0635,0.2729,35554.7617 , 138.3812,64.2315,<LOD,0.0000,0.0000,13886.6338 , 5147.8540,0.0627,1425.6442 , 41.4683,2.1663,<LOD,1.1265,3.4562,2.5119 , 0.6255,2.2639,<LOD,10.9657,0.1750,1925.7118 , 282.0782,0.3602,4.8990 , 0.9538,0.2128,<LOD,1.4205,0.3747,<LOD,0.0000,0.0000,,,,311.2092 , 52.5031,0.3951,<LOD,4.8567,3.1740,<LOD,0.8400,0.1289,259605.0469 , 761.6154,14.7498,14.0558 , 2.6337,2.6154,<LOD,0.0000,0.0000,,,,5438.0708 , 42.5226,12.0277,164.4454 , 12.6539,2.3254,<LOD,7.1692,0.1344,11.6838 , 0.6977,1.7476,36.2396 , 2.8632,0.4389,81.5872 , 1.2110,7.7065,<LOD,1.4111,0.1638,553463.8125 , 6379.6538,<LOD,2.6660,0.1525,36.8750 , 1.0807,1.4729,224.4893 , 1.3859,10.3033,3.0597 , 0.7707,0.2130,3.4718 , 1.0821,0.4254,307.4789 , 23.9957,12.4565,33751.9492 , 207.4557,29.1581,<LOD,61.9991,0.8425,11387.6514 , 143.9721,4.4471,,,,,,7,437.500000,39.000633,-122.662941,10.000000,529186.375000,4316901.000000,
793,Mining,126.12,35.84,30.08,30.03,30.17,"Fri May 8, 2026 - 16:55:54",User,1.5,ppm,,,,,,,,,Mining,,,,,,,,,,,,<LOD,1.6462,0.6825,134989.1875 , 2057.8108,2.1240,<LOD,3.2125,0.0897,<LOD,1.2815,0.1051,<LOD,2.4807,1.2610,<LOD,90.5196,13.8117,83.2611 , 6.5663,2.9411,21.4723 , 3.0481,0.3481,41336.6641 , 196.5015,87.8483,<LOD,0.0000,0.0000,36960.5508 , 5549.9746,0.1004,1457.4752 , 39.7363,2.6305,<LOD,1.1198,4.1494,4.6571 , 0.6052,2.6646,<LOD,11.1546,0.2266,1189.5111 , 221.3079,0.3004,6.9771 , 0.9611,0.2760,<LOD,1.4701,0.5031,<LOD,0.0000,0.0000,,,,335.9904 , 44.2685,0.3891,<LOD,4.7238,3.6910,<LOD,0.8824,0.1822,329133.2188 , 872.4365,23.8811,16.0159 , 2.5765,3.1013,<LOD,0.0000,0.0000,,,,6352.3477 , 49.5579,16.5996,156.0530 , 13.7172,3.0348,<LOD,10.2870,0.1996,15.7976 , 0.7037,2.2511,46.1151 , 2.8833,0.5708,100.3673 , 1.2939,10.4678,<LOD,1.7449,0.2211,393532.7500 , 6838.0923,<LOD,2.8059,0.2006,41.6782 , 1.0905,1.8847,274.4506 , 1.6020,14.3408,4.8479 , 0.7804,0.2866,4.3752 , 1.0751,0.5347,368.7973 , 23.8123,15.2451,40194.1328 , 245.4377,41.2882,<LOD,52.8259,0.8035,13373.2441 , 158.8465,6.2022,,,,,,6,432.500000,39.000706,-122.663033,10.000000,529178.562500,4316909.000000,
794,Mining,120.54,30.19,30.10,30.25,29.10,"Fri May 8, 2026 - 16:58:09",User,1.5,ppm,,,,,,,,,Mining,,,,,,,,,,,,<LOD,1.5974,0.7110,133734.8281 , 2070.4182,2.1046,<LOD,3.1722,0.0866,<LOD,1.4270,0.1290,<LOD,2.3626,1.2609,<LOD,59.7743,13.8012,87.5432 , 6.4890,3.0244,23.5502 , 3.1390,0.3647,41173.6016 , 199.8214,89.1122,<LOD,0.0000,0.0000,33627.0273 , 5632.4160,0.0964,1477.4054 , 40.5587,2.7038,<LOD,1.1096,4.1377,3.4289 , 0.6099,2.6577,13.5095 , 5.2073,0.2322,1331.3870 , 231.6883,0.3128,7.3694 , 0.9816,0.2847,<LOD,1.3683,0.4783,<LOD,0.0000,0.0000,,,,383.3006 , 46.6446,0.4076,<LOD,4.5203,3.7488,<LOD,0.8564,0.1683,321976.5000 , 896.0882,23.6327,15.5658 , 2.4537,3.0992,<LOD,0.0000,0.0000,,,,6428.6348 , 48.8937,16.9823,160.8832 , 13.5011,3.0984,<LOD,7.3815,0.1806,15.7016 , 0.7106,2.2685,49.7139 , 2.9795,0.6024,100.3357 , 1.3115,10.6178,<LOD,1.4481,0.2181,405423.3438 , 6855.8569,<LOD,3.4353,0.1978,39.4717 , 1.0983,1.8684,269.5067 , 1.6106,14.3561,4.0716 , 0.8262,0.3026,6.7281 , 1.1261,0.5808,354.2132 , 22.6369,15.1409,39843.1211 , 242.7429,41.6638,<LOD,54.2872,0.7973,13449.2549 , 157.2804,6.3516,,,,,,6,432.799988,39.000694,-122.663017,10.000000,529179.750000,4316907.500000,
795,Mining,125.84,35.68,30.04,30.04,30.08,"Fri May 8, 2026 - 17:01:14",User,1.5,ppm,,,,,,,,,Mining,,,,,,,,,,,,<LOD,5.2187,0.6674,315799.2500 , 2747.4004,1.5912,<LOD,0.1671,-0.0001,<LOD,0.1645,0.0006,<LOD,7.3880,1.1887,67.5841 , 5.8580,0.0691,248.4883 , 24.7072,2.6623,<LOD,1.9607,0.0220,20.6618 , 10.8044,0.1143,<LOD,0.0000,0.0000,80794.4297 , 11524.1924,0.0761,624.0084 , 42.0825,0.4413,<LOD,0.0049,0.0000,<LOD,0.0042,-0.0000,26.7918 , 3.1094,0.0478,4566.8174 , 638.5172,0.2650,<LOD,0.0448,0.0001,<LOD,4.1205,0.4130,<LOD,0.0000,0.0000,,,,452.8229 , 130.6283,0.3619,<LOD,13.9306,3.4051,<LOD,0.0761,0.0003,448081.9375 , 6345.5049,16.7393,30.0222 , 7.4922,2.7748,<LOD,0.0000,0.0000,,,,16018.1982 , 596.4863,14.3487,444.5135 , 48.7626,2.6629,<LOD,2.8502,0.0092,<LOD,0.0111,-0.0000,<LOD,1.1176,0.0131,<LOD,0.0080,-0.0000,<LOD,0.0936,0.0005,1436.7676,,<LOD,0.6954,0.0034,<LOD,0.0197,0.0001,<LOD,0.0058,-0.0000,<LOD,0.0812,-0.0000,<LOD,0.0401,-0.0000,1408.8301 , 87.6883,13.4794,99682.2734 , 2930.0493,36.6936,<LOD,162.2824,0.8401,30296.6230 , 901.6131,5.4252,,,,,,7,433.299988,39.000679,-122.663002,10.000000,529180.875000,4316906.000000,
796,Mining,120.76,30.16,30.18,30.20,30.22,"Fri May 8, 2026 - 17:03:30",User,1.5,ppm,,,,,,,,,Mining,,,,,,,,,,,,<LOD,1.6587,0.6279,96857.9844 , 1765.4661,1.5353,<LOD,3.0551,0.0737,<LOD,1.2776,0.0946,<LOD,2.4876,1.1477,<LOD,57.7748,11.4627,83.0713 , 5.9891,2.6585,23.5218 , 3.1705,0.3398,37282.9141 , 154.5411,74.2461,<LOD,0.0000,0.0000,29627.3730 , 5274.0137,0.0833,1914.2991 , 45.2123,3.0316,<LOD,1.0834,3.6733,1.9611 , 0.6002,2.3973,<LOD,9.9334,0.1892,1205.6838 , 222.3798,0.2755,4.7239 , 0.9154,0.2270,<LOD,1.3886,0.4013,<LOD,0.0000,0.0000,,,,212.8587 , 44.9084,0.3678,<LOD,4.7693,3.4330,<LOD,0.8114,0.1372,261893.2969 , 749.5930,16.5006,11.0321 , 2.5700,2.7775,<LOD,0.0000,0.0000,,,,5630.0352 , 42.3617,13.7804,144.2858 , 12.1470,2.5660,<LOD,7.2132,0.1583,12.5105 , 0.6811,1.9264,38.9128 , 2.8125,0.4912,84.0612 , 1.2029,8.6446,<LOD,2.1003,0.1994,516266.4375 , 6415.7295,<LOD,2.6060,0.1666,36.0762 , 1.0445,1.5790,238.4275 , 1.4240,11.8865,3.1979 , 0.7520,0.2342,3.6792 , 1.0576,0.4702,290.7810 , 23.5023,13.2837,36124.3164 , 209.8024,34.5240,<LOD,55.5414,0.8384,12008.5361 , 141.1369,5.1876,,,,,,6,433.600006,39.000671,-122.663002,10.000000,529181.312500,4316905.000000,
797,Mining,120.59,30.18,30.18,30.00,30.23,"Fri May 8, 2026 - 17:09:14",User,1.5,ppm,,,,,,,,,Mining,,,,,,,,,,,,<LOD,1.8278,0.6555,93731.6250 , 1574.2028,1.4885,<LOD,3.2122,0.0812,<LOD,1.3579,0.1070,<LOD,2.4283,1.1827,<LOD,59.3085,12.2574,88.0156 , 5.9708,2.7398,13.9735 , 3.0014,0.3046,38755.8711 , 151.4944,79.0560,<LOD,0.0000,0.0000,16454.9199 , 4678.9019,0.0683,1837.8888 , 44.8001,3.0250,<LOD,1.1053,3.8257,2.9652 , 0.6184,2.5521,<LOD,12.0557,0.2084,1453.3861 , 225.7638,0.3076,6.0523 , 0.9687,0.2542,<LOD,1.3151,0.3851,<LOD,0.0000,0.0000,,,,275.4632 , 44.5520,0.3871,<LOD,4.6163,3.4891,<LOD,0.8896,0.1691,252311.4219 , 715.6655,16.0610,13.0922 , 2.4743,2.7725,<LOD,0.0000,0.0000,,,,5300.6069 , 41.2015,13.4205,144.1401 , 11.9375,2.5526,<LOD,7.3354,0.1637,14.7410 , 0.7124,2.1132,40.9779 , 2.8728,0.5133,87.1204 , 1.2292,9.0857,<LOD,1.4173,0.1887,543722.5000 , 5687.4146,<LOD,2.6190,0.1671,37.8684 , 1.0733,1.6766,246.6221 , 1.4437,12.5089,3.4370 , 0.7927,0.2582,3.5914 , 1.0760,0.4869,315.4702 , 22.6659,13.4331,34011.5469 , 201.6064,33.2195,<LOD,53.9542,0.8487,11126.7373 , 135.6727,4.8984,,,,,,7,434.799988,39.000656,-122.662979,10.000000,529182.750000,4316903.500000,
798,Mining,125.97,35.46,30.07,30.21,30.23,"Fri May 8, 2026 - 17:12:39",User,1.5,ppm,,,,,,,,,Mining,,,,,,,,,,,,<LOD,1.6153,0.6876,95720.3203 , 1598.8556,1.5713,<LOD,3.0948,0.0805,<LOD,1.3434,0.1119,<LOD,2.4107,1.2426,<LOD,75.1709,12.9476,122.1102 , 7.0209,3.4234,28.1990 , 3.2530,0.3835,38927.8516 , 168.7233,83.4657,<LOD,0.0000,0.0000,31149.4395 , 5087.0376,0.0869,2746.2170 , 52.6642,4.4439,<LOD,1.0952,3.9965,2.5660 , 0.6073,2.6085,<LOD,12.5706,0.2286,1461.9072 , 224.0966,0.3262,6.4745 , 0.9558,0.2648,<LOD,1.3926,0.4692,<LOD,0.0000,0.0000,,,,257.1122 , 43.0435,0.3791,<LOD,4.6179,3.6988,<LOD,0.8627,0.1697,322644.9062 , 808.3056,23.1701,13.2363 , 2.5041,3.0500,<LOD,0.0000,0.0000,,,,5694.1606 , 47.6617,15.3398,208.9695 , 13.9536,3.1554,<LOD,7.5243,0.1847,19.6772 , 0.7431,2.4606,43.9034 , 2.8936,0.5568,89.6830 , 1.2375,9.6390,<LOD,1.4063,0.2005,450117.5000 , 5977.2510,<LOD,2.6536,0.1827,37.7733 , 1.0628,1.7454,249.9226 , 1.4820,13.2300,1.9519 , 0.7583,0.2432,3.7862 , 1.0649,0.5088,311.3123 , 22.9181,14.5931,38156.4648 , 231.8240,39.1157,<LOD,52.1221,0.8302,11984.5625 , 150.7656,5.5804,,,,,,7,435.500000,39.000648,-122.662971,10.000000,529183.500000,4316902.500000,
799,Mining,120.36,30.02,30.09,30.23,28.82,"Fri May 8, 2026 - 17:15:31",User,1.5,ppm,,,,,,,,,Mining,,,,,,,,,,,,<LOD,1.6488,0.6661,88543.5938 , 1644.0320,1.4694,<LOD,2.9544,0.0711,<LOD,1.2839,0.0989,<LOD,2.4696,1.2150,68.7217 , 38.8631,12.1136,87.4904 , 6.1430,2.8807,15.6326 , 2.9818,0.3109,37255.7969 , 158.9977,76.8129,<LOD,0.0000,0.0000,21630.6094 , 5175.9492,0.0743,2199.1042 , 47.9923,3.5214,<LOD,1.0840,3.7795,2.0468 , 0.6042,2.5017,<LOD,7.2014,0.2057,1031.8718 , 213.6242,0.2363,7.3243 , 0.9756,0.2675,<LOD,1.3751,0.4223,<LOD,0.0000,0.0000,,,,217.3548 , 46.4174,0.3654,<LOD,4.7175,3.5988,<LOD,0.8073,0.1424,334862.1250 , 844.1603,23.1283,12.5587 , 2.5506,2.9424,<LOD,0.0000,0.0000,,,,5456.0386 , 42.8142,13.9818,172.8193 , 12.4149,2.7570,<LOD,7.0420,0.1561,16.4090 , 0.7168,2.2140,39.5949 , 2.8091,0.5072,88.9541 , 1.2310,9.3097,<LOD,1.4340,0.2013,461560.0938 , 6091.2632,<LOD,2.5248,0.1612,37.1360 , 1.0623,1.6854,245.0889 , 1.4555,12.6297,3.7445 , 0.7683,0.2568,4.7930 , 1.0795,0.5075,320.3520 , 23.4061,14.2479,34535.3945 , 207.6807,34.0771,<LOD,56.4540,0.7998,11585.3730 , 139.5051,5.1652,,,,,,7,436.000000,39.000648,-122.662964,10.000000,529184.500000,4316902.500000,
800,Mining,120.54,30.13,30.11,30.15,30.15,"Fri May 8, 2026 - 17:17:52",User,1.5,ppm,,,,,,,,,Mining,,,,,,,,,,,,<LOD,1.6031,0.6479,92983.9688 , 1725.4843,1.5229,<LOD,3.1573,0.0825,<LOD,1.3733,0.1146,<LOD,2.4252,1.2100,<LOD,57.7963,12.0809,94.2351 , 6.5417,2.9175,18.8468 , 3.0353,0.3263,38066.5312 , 163.0684,77.8828,<LOD,0.0000,0.0000,28965.6855 , 5382.9365,0.0830,2177.9817 , 47.3025,3.4807,<LOD,1.0830,3.8317,3.1946 , 0.6038,2.5372,8.8618 , 5.0727,0.2168,1107.8785 , 221.8180,0.2628,7.1883 , 0.9624,0.2633,<LOD,1.3381,0.4115,<LOD,0.0000,0.0000,,,,251.5135 , 45.9276,0.3685,<LOD,4.6072,3.5371,<LOD,0.8482,0.1585,322857.6562 , 834.7675,22.0010,15.3690 , 2.5022,2.9268,<LOD,0.0000,0.0000,,,,5663.3921 , 45.4975,14.3059,184.6605 , 13.2730,2.8230,<LOD,7.2462,0.1668,16.3420 , 0.7119,2.2056,38.5523 , 2.7654,0.4978,90.4365 , 1.2276,9.3136,<LOD,1.4337,0.2077,459156.8125 , 6377.2397,<LOD,2.4771,0.1528,39.4617 , 1.0707,1.7444,248.4176 , 1.4602,12.6507,1.7327 , 0.7659,0.2400,4.0204 , 1.0572,0.4924,322.8580 , 22.8687,14.0124,35595.7930 , 220.9716,34.7482,<LOD,55.7436,0.8011,12078.5938 , 149.1418,5.3170,,,,,,7,436.299988,39.000645,-122.662956,10.000000,529185.062500,4316902.000000,
801,Mining,120.42,30.18,30.13,30.09,30.02,"Fri May 8, 2026 - 17:20:23",User,1.5,ppm,,,,,,,,,Mining,,,,,,,,,,,,<LOD,1.5710,0.6793,84747.2031 , 1517.6606,1.4181,<LOD,3.1878,0.0875,<LOD,1.2828,0.1040,<LOD,2.3209,1.2021,<LOD,65.2025,11.2880,85.0634 , 5.9795,2.8362,43.7417 , 3.5151,0.4544,34712.7422 , 147.6091,72.5006,<LOD,0.0000,0.0000,22194.1934 , 4887.4917,0.0742,2245.9478 , 47.8598,3.6086,<LOD,1.0581,3.8262,2.4799 , 0.5963,2.5909,<LOD,11.1385,0.2176,1194.2581 , 219.9803,0.2740,6.2879 , 0.9363,0.2590,<LOD,1.3207,0.4381,<LOD,0.0000,0.0000,,,,244.3085 , 44.8777,0.3688,<LOD,4.4758,3.6724,<LOD,0.8531,0.1665,338905.9375 , 814.3359,23.4511,14.8518 , 2.4131,2.9658,<LOD,0.0000,0.0000,,,,4584.3760 , 39.6218,12.0707,151.7868 , 11.5567,2.4557,<LOD,7.2832,0.1756,17.7507 , 0.7116,2.3128,39.1455 , 2.7753,0.5198,77.3008 , 1.1398,8.4982,<LOD,1.3536,0.1837,468750.6875 , 5746.4849,<LOD,2.5937,0.1781,35.0733 , 1.0181,1.6371,216.6074 , 1.3341,11.4835,3.2404 , 0.7511,0.2538,4.1648 , 1.0315,0.4882,309.3467 , 21.9895,14.1356,30496.0156 , 193.7716,30.3270,<LOD,55.6630,0.8511,10917.4814 , 134.4406,4.8533,,,,,,6,436.700012,39.000648,-122.662956,10.000000,529185.062500,4316902.500000,
802,Mining,120.54,30.17,30.18,30.20,29.99,"Fri May 8, 2026 - 17:22:40",User,1.5,ppm,,,,,,,,,Mining,,,,,,,,,,,,<LOD,1.6011,0.6752,85761.5391 , 1582.7010,1.4277,<LOD,3.0512,0.0795,<LOD,1.3457,0.1132,<LOD,2.3594,1.1858,57.5735 , 37.6711,11.6990,99.7123 , 6.4466,3.0462,23.2468 , 3.0964,0.3488,35842.2266 , 154.2492,74.3264,<LOD,0.0000,0.0000,27083.0996 , 5158.4194,0.0803,2209.3408 , 47.5064,3.5445,<LOD,1.0653,3.8408,2.8285 , 0.5991,2.5838,<LOD,7.0531,0.2077,1046.6018 , 211.3268,0.2479,6.5254 , 0.9387,0.2576,<LOD,1.3314,0.4252,<LOD,0.0000,0.0000,,,,261.9976 , 45.7281,0.3819,<LOD,4.5438,3.5860,<LOD,0.7849,0.1361,327772.2500 , 822.6392,22.6418,11.2936 , 2.4531,2.9154,<LOD,0.0000,0.0000,,,,5355.7183 , 43.6588,13.8433,172.1172 , 12.6930,2.7527,<LOD,6.9652,0.1589,18.4850 , 0.7198,2.3352,37.8127 , 2.7352,0.4999,81.5230 , 1.1704,8.7857,<LOD,1.3421,0.1754,466644.0938 , 6015.4419,<LOD,2.5837,0.1785,35.8918 , 1.0263,1.6435,229.4903 , 1.3858,11.9922,3.3684 , 0.7788,0.2663,3.6187 , 1.0331,0.4834,284.7365 , 22.3857,13.8478,34821.1953 , 213.3688,34.5660,<LOD,57.5861,0.9014,12133.7275 , 145.3432,5.3882,,,,,,7,436.899994,39.000648,-122.662956,10.000000,529185.062500,4316902.500000,
803,Mining,120.65,30.12,30.03,30.30,30.20,"Fri May 8, 2026 - 17:25:05",User,1.5,ppm,,,,,,,,,Mining,,,,,,,,,,,,<LOD,1.6024,0.6797,98779.7656 , 1706.0969,1.6198,<LOD,3.1219,0.0805,<LOD,1.3681,0.1135,<LOD,2.4085,1.2560,<LOD,59.8738,11.6595,90.0770 , 6.1696,2.8923,22.8315 , 3.1696,0.3542,35843.6016 , 162.2561,74.9304,<LOD,0.0000,0.0000,31339.2383 , 5236.7754,0.0866,1945.6281 , 46.0614,3.2166,<LOD,1.1039,3.9778,1.7883 , 0.6102,2.5701,14.6447 , 5.2017,0.2403,1222.5671 , 214.0417,0.2665,7.6392 , 0.9863,0.2762,<LOD,1.3678,0.4535,<LOD,0.0000,0.0000,,,,193.1900 , 43.6735,0.3535,<LOD,4.5295,3.5938,<LOD,0.8313,0.1508,344159.0938 , 845.7817,24.3044,17.4847 , 2.4648,2.9840,<LOD,0.0000,0.0000,,,,5153.4233 , 42.6015,13.4611,152.4359 , 12.1924,2.6300,<LOD,7.3054,0.1687,22.8760 , 0.7766,2.6369,39.5985 , 2.8256,0.5176,88.0955 , 1.2342,9.4028,<LOD,1.4428,0.2041,433856.7500 , 6256.7817,<LOD,2.5731,0.1674,39.4178 , 1.0943,1.8134,240.7491 , 1.4647,12.6909,3.0050 , 0.7900,0.2652,5.2453 , 1.0918,0.5249,324.6463 , 22.4482,14.2044,35096.5820 , 213.2649,35.1058,<LOD,53.4651,0.7855,11339.6680 , 139.5173,5.1135,,,,,,7,437.299988,39.000648,-122.662956,10.000000,529184.937500,4316902.500000,
804,Mining,126.35,35.72,30.16,30.25,30.22,"Fri May 8, 2026 - 17:27:34",User,1.5,ppm,,,,,,,,,Mining,,,,,,,,,,,,<LOD,1.6506,0.6880,100236.7500 , 1757.4418,1.6423,<LOD,3.1255,0.0847,<LOD,1.2882,0.1057,<LOD,2.4402,1.2179,<LOD,57.2506,11.4403,91.4283 , 6.2156,2.9176,27.3216 , 3.1599,0.3705,35730.0078 , 159.9205,73.6462,<LOD,0.0000,0.0000,31702.9238 , 5328.1240,0.0874,2129.0923 , 46.3666,3.4190,<LOD,1.0619,3.8602,2.4286 , 0.5951,2.5789,9.8649 , 4.9388,0.2225,1150.3334 , 216.4704,0.2650,5.8870 , 0.9258,0.2549,<LOD,1.4208,0.4675,<LOD,0.0000,0.0000,,,,225.7165 , 43.8514,0.3508,<LOD,4.7067,3.7090,<LOD,0.8502,0.1681,350388.4062 , 853.0405,24.5797,14.3775 , 2.5412,3.0150,<LOD,0.0000,0.0000,,,,5260.9854 , 42.8373,13.5227,175.2279 , 12.3868,2.7098,<LOD,7.1176,0.1686,24.3493 , 0.7624,2.6730,41.1225 , 2.7723,0.5239,90.2932 , 1.2068,9.4000,<LOD,1.3667,0.1953,424736.0312 , 6371.8320,<LOD,2.5037,0.1663,38.9384 , 1.0499,1.7569,239.2181 , 1.4222,12.4265,4.5093 , 0.7731,0.2774,4.2523 , 1.0391,0.4994,333.2126 , 23.3059,14.5798,35750.0430 , 214.5417,35.3255,<LOD,54.4538,0.7955,11587.2773 , 140.3093,5.1552,,,,,,7,437.600006,39.000648,-122.662956,10.000000,529185.062500,4316902.500000,
805,Mining,30.22,28.70,,,,"Fri May 8, 2026 - 17:28:17",User,1.5,ppm,,,,,,,,,Mining,,,,,,,,,,,,480.7158 , 428.2923,11.0950,,,,<LOD,29.9817,0.0642,<LOD,13.6997,0.1110,<LOD,35.4346,4.5990,1135.4473 , 315.4228,220.3073,9576.5391 , 113.6908,23.2844,1317.6932 , 55.6218,1.2491,881508.5625 , 581.0336,1493.4325,<LOD,0.0000,0.0000,,,,4024.9866 , 142.1750,14.9240,4965.7573 , 27.2256,53.4051,<LOD,6.6828,0.8240,433.4161 , 62.4384,0.5079,,,,69.6563 , 11.0352,0.3406,<LOD,35.6941,5.4105,<LOD,0.0000,0.0000,,,,,,,<LOD,66.0797,5.4208,<LOD,7.9464,0.1367,,,,120.4819 , 31.5755,6.2297,<LOD,0.0000,0.0000,,,,342.0539 , 88.3258,1.5043,<LOD,187.2811,1.4204,<LOD,64.5359,0.1421,<LOD,4.0142,0.2735,<LOD,26.5567,0.2169,<LOD,4.2163,0.4345,<LOD,15.3239,0.1914,96024.7031 , 15257.5400,<LOD,40.1850,0.1591,<LOD,5.2211,-0.1576,<LOD,2.3221,0.1391,<LOD,19.5937,-1.1307,<LOD,5.9918,-0.0680,,,,,,,,,,,,,,,,,,7,437.500000,39.000648,-122.662956,10.000000,529185.062500,4316902.500000,
