Reading No,Reading Type,Duration,Main,Low,High,Light,Time,User,Sigma Value,Units,Batch,Heat,Lot,Note,Sample,Mode,Ag,Ag 2-Sigma/LOD,Ag CPS/uA,Al,Al 2-Sigma/LOD,Al CPS/uA,As,As 2-Sigma/LOD,As CPS/uA,Au,Au 2-Sigma/LOD,Au CPS/uA,Ba,Ba 2-Sigma/LOD,Ba CPS/uA,Bal,Bal 2-Sigma/LOD,Bi,Bi 2-Sigma/LOD,Bi CPS/uA,Ca,Ca 2-Sigma/LOD,Ca CPS/uA,Cd,Cd 2-Sigma/LOD,Cd CPS/uA,Cl,Cl 2-Sigma/LOD,Cl CPS/uA,Co,Co 2-Sigma/LOD,Co CPS/uA,Cr,Cr 2-Sigma/LOD,Cr CPS/uA,Cu,Cu 2-Sigma/LOD,Cu CPS/uA,Fe,Fe 2-Sigma/LOD,Fe CPS/uA,Hf,Hf 2-Sigma/LOD,Hf CPS/uA,Hg,Hg 2-Sigma/LOD,Hg CPS/uA,K,K 2-Sigma/LOD,K CPS/uA,Mg,Mg 2-Sigma/LOD,Mg CPS/uA,Mn,Mn 2-Sigma/LOD,Mn CPS/uA,Mo,Mo 2-Sigma/LOD,Mo CPS/uA,Nb,Nb 2-Sigma/LOD,Nb CPS/uA,Ni,Ni 2-Sigma/LOD,Ni CPS/uA,P,P 2-Sigma/LOD,P CPS/uA,Pb,Pb 2-Sigma/LOD,Pb CPS/uA,Pd,Pd 2-Sigma/LOD,Pd CPS/uA,Rb,Rb 2-Sigma/LOD,Rb CPS/uA,Re,Re 2-Sigma/LOD,Re CPS/uA,S,S 2-Sigma/LOD,S CPS/uA,Sb,Sb 2-Sigma/LOD,Sb CPS/uA,Se,Se 2-Sigma/LOD,Se CPS/uA,Si,Si 2-Sigma/LOD,Si CPS/uA,Sn,Sn 2-Sigma/LOD,Sn CPS/uA,Sr,Sr 2-Sigma/LOD,Sr CPS/uA,Ta,Ta 2-Sigma/LOD,Ta CPS/uA,Th,Th 2-Sigma/LOD,Th CPS/uA,Ti,Ti 2-Sigma/LOD,Ti CPS/uA,U,U 2-Sigma/LOD,U CPS/uA,V,V 2-Sigma/LOD,V CPS/uA,W,W 2-Sigma/LOD,W CPS/uA,Y,Y 2-Sigma/LOD,Y CPS/uA,Zn,Zn 2-Sigma/LOD,Zn CPS/uA,Zr,Zr 2-Sigma/LOD,Zr CPS/uA,Satellites,Altitude,Latitude,Longitude,Grid,Easting,Northing,
940,Mining,120.59,30.19,30.11,30.08,30.21,"Fri Apr 17, 2026 - 14:02:10",User,1.5,ppm,,,,,,Mining,<LOD,1.4598,0.5463,104180.0391 , 2243.9634,2.2461,<LOD,1.5080,0.2226,<LOD,2.9280,0.0804,270.1831 , 20.1862,12.1817,522091.9062 , 5867.3286,<LOD,1.2509,0.1011,40905.8945 , 237.0386,48.9537,<LOD,2.2176,1.0022,<LOD,39.1061,0.6194,<LOD,60.2789,13.6368,100.6890 , 5.7329,2.7979,110.7457 , 4.7196,0.8158,39204.9492 , 161.9815,86.7466,<LOD,0.0000,0.0000,<LOD,2.8636,0.1796,8171.8901 , 104.1110,5.2691,39864.3438 , 4035.4253,0.1030,569.5284 , 29.5664,1.3415,<LOD,1.0152,3.8803,3.0766 , 0.5703,2.5642,<LOD,8.0893,0.2504,599.8221 , 110.2366,0.1937,8.8905 , 1.0744,0.3166,<LOD,1.2632,0.3639,35.1415 , 1.1143,1.6460,<LOD,0.0000,0.0000,1025.0035 , 36.6953,0.6029,<LOD,4.1842,3.0754,<LOD,0.8161,0.1590,236491.9688 , 658.5620,20.4311,13.6306 , 2.2864,2.5575,265.5164 , 1.5850,14.0843,<LOD,0.0000,0.0000,3.5089 , 0.7398,0.2672,5396.3389 , 43.2759,17.1002,<LOD,2.0973,0.4656,153.7414 , 12.4444,3.0657,<LOD,8.8752,0.2762,14.7045 , 0.7152,2.1282,422.8566 , 6.7101,3.0829,95.6100 , 1.2168,10.1274,4,402.700012,39.005150,-122.671143,10.000000,528474.250000,4317399.500000,
941,Mining,120.26,30.09,30.21,30.25,29.71,"Fri Apr 17, 2026 - 14:04:43",User,1.5,ppm,,,,,,Mining,<LOD,2.2371,0.5970,109275.5625 , 2364.8311,2.3507,<LOD,1.6201,0.2697,<LOD,3.0914,0.0883,307.9836 , 21.4101,12.9912,510790.4062 , 6080.0146,<LOD,1.4177,0.1283,41043.7930 , 233.7311,49.0192,<LOD,2.3639,1.0771,<LOD,38.9500,0.5711,<LOD,61.6106,14.2623,105.6005 , 5.6256,2.8256,113.9480 , 4.7762,0.8256,40624.8867 , 168.1866,89.4422,<LOD,0.0000,0.0000,<LOD,4.1039,0.2088,8179.0781 , 101.4794,5.2514,37320.3438 , 4100.1958,0.0986,612.4044 , 30.1817,1.4002,<LOD,1.0575,4.0236,4.5357 , 0.5984,2.6860,<LOD,8.1487,0.2429,734.1328 , 116.7336,0.2082,9.8735 , 1.1071,0.3316,<LOD,1.4041,0.4270,38.3982 , 1.1674,1.7786,<LOD,0.0000,0.0000,1319.0662 , 40.2247,0.6884,<LOD,4.3883,3.1625,<LOD,0.8556,0.1727,243123.7969 , 682.4359,21.0592,9.2552 , 2.3884,2.6096,283.4168 , 1.6537,14.8356,<LOD,0.0000,0.0000,2.4085 , 0.7865,0.2788,5393.2852 , 42.4201,17.0177,2.5249 , 1.0418,0.5065,165.3773 , 12.2243,3.1009,<LOD,9.0774,0.2858,17.8386 , 0.7516,2.3175,418.1351 , 6.6927,3.0258,103.9995 , 1.2650,10.7114,6,406.500000,39.005184,-122.671204,10.000000,528468.750000,4317403.500000,
942,Mining,84.39,30.24,30.14,24.01,,"Fri Apr 17, 2026 - 14:06:34",User,1.5,ppm,,,,,,Mining,<LOD,1.9644,0.5952,,,,<LOD,1.6615,0.2361,<LOD,3.3959,0.0892,323.5992 , 27.4728,13.6387,886841.1250 , 632.7360,<LOD,1.4929,0.1189,48846.7969 , 248.9659,54.9815,<LOD,2.9928,1.0978,,,,<LOD,67.1329,14.8861,125.7875 , 6.6346,3.1281,54.5731 , 4.1836,0.5322,45451.9141 , 133.4338,94.4169,<LOD,0.0000,0.0000,<LOD,3.2053,0.1914,10750.1484 , 127.0473,7.2284,,,,740.5865 , 33.6710,1.5490,<LOD,1.1683,4.2053,3.6782 , 0.6462,2.6826,<LOD,9.0909,0.2546,,,,6.8109 , 1.1403,0.2926,<LOD,1.6943,0.3940,51.9889 , 1.4357,2.3523,<LOD,0.0000,0.0000,,,,<LOD,5.6049,3.2795,<LOD,0.9351,0.1727,,,,16.2706 , 3.0896,2.8127,297.6997 , 1.7180,15.5443,<LOD,0.0000,0.0000,2.8893 , 0.8595,0.2885,5870.9390 , 47.1686,18.5479,<LOD,1.8864,0.4985,155.7891 , 14.0542,3.2609,<LOD,9.4956,0.2624,14.0000 , 0.8253,2.3001,343.7949 , 6.3462,2.3383,101.6351 , 1.3686,10.8810,7,399.799988,39.005196,-122.671211,10.000000,528468.000000,4317404.500000,
943,Mining,120.53,30.29,30.05,30.08,30.11,"Fri Apr 17, 2026 - 14:08:50",User,1.5,ppm,,,,,,Mining,<LOD,1.4669,0.6010,109419.8203 , 2123.7869,2.3602,<LOD,1.4502,0.2339,<LOD,2.8252,0.0840,305.3940 , 20.4236,13.7014,504140.1250 , 5510.2246,<LOD,1.2636,0.1160,43331.8789 , 249.5691,55.1237,<LOD,2.2254,1.0988,<LOD,37.9738,0.6459,<LOD,59.0180,14.7032,135.3810 , 6.0846,3.2863,47.5634 , 3.5825,0.5276,39491.3711 , 166.1597,92.3092,<LOD,0.0000,0.0000,<LOD,2.8370,0.2057,10515.8779 , 117.2380,7.0832,39227.6484 , 3866.1318,0.1032,644.7502 , 29.7040,1.5213,<LOD,1.0095,4.1983,2.7125 , 0.5580,2.6508,<LOD,7.9097,0.2687,800.1796 , 114.7394,0.2371,8.0952 , 1.0263,0.3246,<LOD,1.2500,0.3873,48.3883 , 1.2237,2.2793,<LOD,0.0000,0.0000,855.7002 , 34.2364,0.5728,<LOD,4.1971,3.3612,<LOD,0.7762,0.1610,244667.9062 , 665.8760,22.7949,8.6214 , 2.2741,2.7358,274.3253 , 1.5842,15.3574,<LOD,0.0000,0.0000,3.1608 , 0.7377,0.2949,5536.6240 , 44.4154,18.5041,1.7007 , 0.9903,0.5216,154.3253 , 12.6874,3.2891,<LOD,8.3464,0.2754,12.6774 , 0.6979,2.2477,268.9339 , 5.2986,2.1694,96.8547 , 1.1941,10.8598,6,399.500000,39.005154,-122.671204,10.000000,528468.750000,4317400.000000,
944,Mining,120.16,30.07,30.11,30.13,29.85,"Fri Apr 17, 2026 - 14:11:53",User,1.5,ppm,,,,,,Mining,<LOD,1.4763,0.6038,127295.7500 , 2487.2839,2.7342,<LOD,1.5706,0.2590,<LOD,3.0402,0.0881,334.0645 , 20.7432,14.1060,451376.2188 , 6330.7930,<LOD,1.4016,0.1296,42726.2930 , 257.9944,54.4033,<LOD,2.2612,1.1294,<LOD,40.4103,0.6341,<LOD,61.7604,14.6527,117.9728 , 5.9670,3.1645,48.5199 , 3.7667,0.5296,40141.9531 , 193.2349,93.7701,<LOD,0.0000,0.0000,3.1116 , 2.0899,0.2351,10772.4502 , 118.8723,7.2418,46305.4883 , 4322.0244,0.1167,653.8535 , 31.1791,1.5286,<LOD,1.0404,4.1367,4.0022 , 0.5776,2.6633,<LOD,8.2657,0.2651,838.1029 , 125.0971,0.2482,8.2666 , 1.0825,0.3274,<LOD,1.2707,0.3978,53.5671 , 1.3353,2.4623,<LOD,0.0000,0.0000,1093.0139 , 38.6105,0.6461,<LOD,4.1856,3.2748,<LOD,0.8628,0.1843,271755.5312 , 760.1089,25.9250,9.6166 , 2.2970,2.7747,277.7595 , 1.7243,15.4877,<LOD,0.0000,0.0000,2.1788 , 0.7864,0.2918,5627.5811 , 46.2853,18.9257,<LOD,1.9490,0.5103,154.8223 , 12.7740,3.3626,<LOD,8.7909,0.2775,12.6607 , 0.7382,2.2694,286.1633 , 5.7260,2.2815,101.0498 , 1.2812,11.0967,8,401.200012,39.005188,-122.671242,10.000000,528466.000000,4317403.500000,
945,Mining,122.86,32.56,30.10,30.04,30.16,"Fri Apr 17, 2026 - 14:16:51",User,1.5,ppm,,,,,,Mining,<LOD,1.5181,0.6118,126447.0312 , 2457.1904,2.7063,<LOD,1.5966,0.2478,<LOD,3.4154,0.1094,355.1254 , 21.2835,14.2402,472542.9062 , 6331.1230,<LOD,1.4171,0.1295,41766.7656 , 255.8763,51.2524,<LOD,2.2581,1.0661,<LOD,38.0913,0.5996,<LOD,61.7287,14.4589,121.1161 , 6.2182,3.0654,35.5732 , 3.5343,0.4570,40706.4258 , 181.7608,91.8347,<LOD,0.0000,0.0000,3.1298 , 2.1475,0.2286,10307.5186 , 120.6827,6.7173,45160.9570 , 4130.2363,0.1124,652.8267 , 30.9440,1.4882,<LOD,1.0711,4.1431,5.5069 , 0.6062,2.7742,<LOD,8.5078,0.2865,749.5778 , 113.6041,0.2181,11.1867 , 1.1413,0.3561,<LOD,1.3538,0.4352,41.4413 , 1.2123,1.9385,<LOD,0.0000,0.0000,918.2699 , 34.8713,0.5627,<LOD,4.3217,3.3697,<LOD,0.9028,0.1899,253048.8906 , 695.0869,22.8374,10.4664 , 2.3561,2.7978,296.0045 , 1.7426,15.8329,<LOD,0.0000,0.0000,2.4441 , 0.7920,0.2878,5925.8784 , 47.8972,19.1076,2.3811 , 1.0627,0.5284,145.7238 , 13.3790,3.2909,<LOD,9.9223,0.3451,18.1226 , 0.7638,2.4071,611.9662 , 8.0954,4.3827,112.7521 , 1.3233,11.6251,7,405.600006,39.005329,-122.671204,10.000000,528469.250000,4317419.500000,
946,Mining,123.08,32.73,30.13,30.04,30.18,"Fri Apr 17, 2026 - 14:19:12",User,1.5,ppm,,,,,,Mining,<LOD,2.1607,0.6299,132656.9688 , 2612.4407,2.8355,<LOD,1.5157,0.2344,<LOD,3.1859,0.0956,369.5883 , 21.3850,14.3266,457197.0000 , 6609.5513,<LOD,1.3924,0.1262,41950.2031 , 254.0791,50.9414,<LOD,2.3014,1.1087,<LOD,39.8835,0.6130,<LOD,61.2251,14.3279,120.3714 , 6.0722,3.0394,39.2143 , 3.5745,0.4714,40560.1250 , 187.3042,90.6695,<LOD,0.0000,0.0000,<LOD,3.3362,0.2191,10360.8975 , 118.2668,6.6923,45689.2070 , 4280.5854,0.1138,625.8141 , 30.3690,1.4402,<LOD,1.0626,4.1138,5.9232 , 0.6030,2.7709,<LOD,8.4330,0.2840,736.8365 , 117.0030,0.2161,7.2418 , 1.0551,0.3061,<LOD,1.3555,0.4334,44.2255 , 1.2347,2.0344,<LOD,0.0000,0.0000,1000.3159 , 36.5773,0.5812,<LOD,4.3200,3.3369,<LOD,0.8842,0.1859,261658.8906 , 727.1140,23.5934,13.4037 , 2.3732,2.8329,294.7106 , 1.7481,15.6361,<LOD,0.0000,0.0000,3.7563 , 0.7989,0.3043,5791.4609 , 47.4846,18.6988,3.1293 , 1.0581,0.5318,143.7419 , 13.0506,3.2511,<LOD,15.7012,0.3766,17.2971 , 0.7533,2.3545,596.6111 , 7.9647,4.2496,113.0776 , 1.3194,11.5439,5,406.000000,39.005379,-122.671219,10.000000,528467.500000,4317425.000000,
947,Mining,120.14,30.20,30.09,30.08,29.77,"Fri Apr 17, 2026 - 14:21:43",User,1.5,ppm,,,,,,Mining,<LOD,1.9080,0.5722,101726.6562 , 2385.2537,2.1968,<LOD,2.1321,0.4260,<LOD,3.2782,0.0904,295.0052 , 21.6835,12.4235,501786.3438 , 6267.8516,<LOD,1.5325,0.1369,38391.3867 , 234.5050,44.9102,<LOD,2.3684,1.0158,<LOD,39.2632,0.5618,<LOD,65.8651,15.7434,126.2432 , 6.0677,2.9670,844.0118 , 11.3784,4.2049,47082.1797 , 181.7289,101.5461,<LOD,0.0000,0.0000,<LOD,3.1313,0.1865,8774.1914 , 110.0077,5.5017,38118.5977 , 4268.7402,0.0994,636.7593 , 30.9866,1.4366,<LOD,1.0666,3.8080,3.8522 , 0.5945,2.4734,<LOD,9.0573,0.2838,711.0404 , 118.0646,0.2042,27.7125 , 1.4595,0.5268,<LOD,1.3724,0.3837,42.7044 , 1.2235,1.8079,<LOD,0.0000,0.0000,759.4026 , 35.4902,0.5045,<LOD,4.4351,3.0288,<LOD,0.9155,0.1813,254184.9844 , 689.0488,21.6707,17.5188 , 2.4634,2.6482,271.9594 , 1.6436,13.4975,<LOD,0.0000,0.0000,<LOD,1.6649,0.2686,5534.8647 , 44.3975,17.0877,<LOD,1.5547,0.4365,135.8089 , 12.6552,2.9577,<LOD,9.4641,0.2851,16.7486 , 0.7744,2.2170,407.7322 , 6.8712,2.9350,104.2940 , 1.2846,10.0443,7,405.799988,39.005386,-122.671204,10.000000,528469.250000,4317425.500000,
948,Mining,120.50,30.16,30.06,30.12,30.16,"Fri Apr 17, 2026 - 14:24:01",User,1.5,ppm,,,,,,Mining,<LOD,1.7125,0.5709,98571.1875 , 2100.3552,2.1297,<LOD,1.9766,0.3651,<LOD,3.1245,0.0858,284.9435 , 21.3588,12.5100,520018.3125 , 5628.8706,<LOD,1.5576,0.1480,39689.1875 , 239.1325,48.6027,<LOD,2.3311,1.0197,<LOD,35.6586,0.5549,<LOD,66.1723,16.6823,130.0212 , 6.2490,3.2110,764.6774 , 10.8235,4.0037,47587.2344 , 178.8092,107.4430,<LOD,0.0000,0.0000,<LOD,3.0934,0.1938,9112.3184 , 112.6042,5.9638,37659.4453 , 3906.5417,0.0980,652.1609 , 31.1590,1.5250,<LOD,1.0633,3.9614,4.2799 , 0.5952,2.5978,<LOD,8.9560,0.2817,620.8101 , 107.1685,0.2006,24.3788 , 1.3979,0.5055,<LOD,1.3844,0.4063,46.9104 , 1.2634,2.0372,<LOD,0.0000,0.0000,697.7256 , 31.7112,0.4849,<LOD,4.3798,3.0694,<LOD,0.8749,0.1715,237647.9375 , 639.4698,20.9950,14.0229 , 2.4138,2.6241,274.1847 , 1.6378,14.2119,<LOD,0.0000,0.0000,<LOD,1.2217,0.2614,5540.7412 , 45.4395,18.0698,<LOD,1.5134,0.4498,169.3033 , 13.2092,3.3019,<LOD,12.0465,0.3194,14.9505 , 0.7640,2.2467,371.5191 , 6.5721,2.8173,103.7477 , 1.2798,10.4726,7,406.399994,39.005371,-122.671204,10.000000,528468.812500,4317424.000000,
949,Mining,120.51,30.24,30.09,30.08,30.10,"Fri Apr 17, 2026 - 14:26:27",User,1.5,ppm,,,,,,Mining,2.2660 , 1.0426,0.6546,119876.7188 , 2357.6995,2.5687,<LOD,1.6218,0.2548,<LOD,3.2468,0.0945,361.9398 , 21.2381,14.1621,485709.7500 , 6124.7002,<LOD,1.4614,0.1325,41328.9453 , 242.7277,50.4273,<LOD,2.3111,1.1242,<LOD,37.1627,0.5739,<LOD,63.2852,14.6771,111.7795 , 5.8529,2.9326,43.8883 , 3.7550,0.4958,41187.5195 , 176.6136,92.3680,<LOD,0.0000,0.0000,<LOD,3.1278,0.2045,9899.2656 , 113.6049,6.4216,40472.5117 , 3983.3833,0.1034,660.0996 , 31.5945,1.4971,<LOD,1.0978,4.1696,6.1237 , 0.6272,2.8519,<LOD,8.7251,0.2888,506.1996 , 103.2928,0.1771,9.0693 , 1.1319,0.3360,<LOD,1.3564,0.4350,45.5179 , 1.2850,2.1052,<LOD,0.0000,0.0000,887.8282 , 34.0033,0.5410,<LOD,4.3100,3.3346,<LOD,0.9179,0.1946,252121.1875 , 677.6974,22.5298,11.3386 , 2.3532,2.7867,306.1213 , 1.7752,16.2377,<LOD,0.0000,0.0000,4.7912 , 0.8513,0.3343,5676.4912 , 45.2087,18.3278,4.2127 , 1.1137,0.5628,132.7522 , 12.5947,3.1430,<LOD,9.7728,0.3219,19.1326 , 0.7929,2.4915,498.9416 , 7.4285,3.6007,115.5853 , 1.3566,11.8528,7,407.700012,39.005318,-122.671219,10.000000,528467.375000,4317418.000000,
950,Mining,122.95,32.69,30.06,30.10,30.10,"Fri Apr 17, 2026 - 14:28:56",User,1.5,ppm,,,,,,Mining,<LOD,2.5339,0.6238,133912.6250 , 2641.4055,2.8684,<LOD,1.5934,0.2575,<LOD,3.1714,0.0918,386.3278 , 21.4878,14.2071,429145.6562 , 6776.7812,<LOD,1.4654,0.1354,41233.0547 , 257.2365,50.8354,<LOD,2.2430,1.0132,<LOD,40.1696,0.6097,<LOD,61.9439,14.1518,118.9387 , 6.1910,3.1448,40.2237 , 3.6394,0.4725,40690.7734 , 195.8572,90.9483,<LOD,0.0000,0.0000,<LOD,3.7805,0.2091,10386.0918 , 119.2804,6.7279,48417.3438 , 4383.8662,0.1194,641.6142 , 31.1259,1.4614,<LOD,1.0753,4.0845,4.7427 , 0.6031,2.6756,<LOD,8.6098,0.2901,807.2750 , 120.3054,0.2257,8.2649 , 1.0890,0.3163,<LOD,1.4474,0.4446,37.6015 , 1.1886,1.7956,<LOD,0.0000,0.0000,717.1491 , 34.2553,0.4919,<LOD,4.3019,3.2094,<LOD,0.8820,0.1820,286714.1875 , 765.6003,26.4014,10.7716 , 2.3607,2.7197,289.0872 , 1.7723,15.3602,<LOD,0.0000,0.0000,3.0439 , 0.8153,0.2971,5788.0527 , 48.7795,18.9344,4.2097 , 1.0809,0.5390,140.9396 , 13.1828,3.2995,<LOD,9.2246,0.2916,17.5389 , 0.7553,2.3007,374.3730 , 6.4817,2.7678,110.1033 , 1.3285,11.2917,6,408.399994,39.005352,-122.671227,10.000000,528467.250000,4317422.000000,
951,Mining,122.78,32.52,30.07,30.08,30.11,"Fri Apr 17, 2026 - 14:35:28",User,1.5,ppm,,,,,,Mining,<LOD,1.6288,0.5372,98799.0469 , 2470.6199,2.1325,<LOD,1.6933,0.2231,<LOD,3.2551,0.0768,330.6911 , 22.6160,12.1693,514999.0312 , 6531.5928,<LOD,1.5065,0.1140,42752.1602 , 252.7225,46.8652,<LOD,2.4219,0.9358,<LOD,40.8359,0.5782,<LOD,67.0629,13.5911,110.3243 , 6.4721,2.7663,109.3489 , 5.0599,0.7329,43191.6133 , 166.9937,86.0848,<LOD,0.0000,0.0000,<LOD,3.3025,0.1743,9401.5527 , 118.9627,5.5302,34587.5391 , 4246.4263,0.0931,710.0587 , 33.7359,1.4150,<LOD,1.1431,3.6950,3.2890 , 0.6349,2.3637,<LOD,9.2892,0.2654,713.2184 , 118.1926,0.1937,9.7213 , 1.1895,0.3009,<LOD,1.4187,0.3632,33.8189 , 1.1965,1.4500,<LOD,0.0000,0.0000,737.4800 , 35.7080,0.4831,<LOD,4.6244,2.9393,<LOD,0.9281,0.1591,246438.5469 , 666.4695,19.5648,12.0170 , 2.5275,2.4559,286.7922 , 1.7319,13.4093,<LOD,0.0000,0.0000,3.5484 , 0.8542,0.2647,5922.6807 , 48.7478,17.1085,3.4200 , 1.1228,0.4622,147.5939 , 13.9475,2.9858,<LOD,17.1753,0.3374,17.3941 , 0.7928,2.0319,573.7324 , 8.2422,3.6366,105.3677 , 1.3490,9.7022,7,413.299988,39.005348,-122.671204,10.000000,528469.000000,4317421.500000,
952,Mining,123.43,33.04,30.17,30.13,30.09,"Fri Apr 17, 2026 - 14:37:47",User,1.5,ppm,,,,,,Mining,<LOD,5.1187,0.5477,398316.0000 , 2556.2263,1.9638,<LOD,0.0915,0.0009,<LOD,0.0526,-0.0000,1100.7993 , 54.8820,12.5054,1917.9535,,<LOD,0.1317,0.0007,100993.8594 , 1854.4445,44.5284,<LOD,5.2454,0.9753,<LOD,91.3072,0.5683,42.7935 , 3.9786,0.0619,256.0695 , 17.5872,2.7093,<LOD,1.4300,0.0206,<LOD,13.2527,0.1338,<LOD,0.0000,0.0000,<LOD,0.5300,0.0028,17273.9258 , 374.6087,5.0739,103393.7812 , 6833.5122,0.0896,434.0885 , 31.0164,0.5295,<LOD,0.0035,0.0000,<LOD,0.0032,-0.0000,5.2371 , 2.2665,0.0487,1671.4901 , 262.5255,0.1879,<LOD,0.0116,-0.0000,<LOD,3.0147,0.3587,<LOD,0.0159,0.0001,<LOD,0.0000,0.0000,1174.9772 , 80.3841,0.4518,<LOD,9.8175,2.9553,<LOD,0.0565,0.0002,360646.9062 , 3674.4058,18.2539,37.4994 , 5.3817,2.4856,<LOD,0.0042,-0.0000,<LOD,0.0000,0.0000,<LOD,0.0668,0.0000,12419.4424 , 317.4045,16.0858,<LOD,0.0296,-0.0000,315.1858 , 35.0840,2.8184,<LOD,2.2432,0.0109,<LOD,0.0017,-0.0000,<LOD,0.8235,0.0130,<LOD,0.0067,-0.0000,7,417.600006,39.005322,-122.671242,10.000000,528465.937500,4317418.500000,
953,Mining,120.52,30.21,30.06,30.06,30.19,"Fri Apr 17, 2026 - 14:40:18",User,1.5,ppm,,,,,,Mining,<LOD,1.6834,0.6132,132824.8125 , 2551.7026,2.8477,<LOD,1.7142,0.3020,<LOD,3.1706,0.0936,355.6077 , 21.0848,14.2726,440735.2812 , 6446.4463,<LOD,1.4411,0.1334,42796.2578 , 258.6956,54.1605,<LOD,2.2379,1.0654,<LOD,40.3263,0.6230,<LOD,61.6701,14.1079,112.0805 , 5.9314,3.0767,80.2642 , 4.3454,0.6858,39132.1523 , 190.7476,89.8560,<LOD,0.0000,0.0000,<LOD,2.9757,0.1986,10056.3291 , 115.4840,6.7251,45171.4414 , 4280.5957,0.1146,653.6241 , 31.4104,1.4972,<LOD,1.0554,4.0298,3.6181 , 0.5944,2.6571,<LOD,8.3909,0.2744,686.2512 , 117.0259,0.2125,12.7615 , 1.1771,0.3779,<LOD,1.3175,0.4177,44.7089 , 1.2640,2.1169,<LOD,0.0000,0.0000,582.9316 , 33.3059,0.4642,<LOD,4.2518,3.3016,<LOD,0.8744,0.1824,280316.5625 , 765.3878,26.4211,14.3948 , 2.3472,2.8405,267.5942 , 1.6975,14.7462,<LOD,0.0000,0.0000,1.8987 , 0.7968,0.2867,5597.5991 , 46.6154,18.6636,3.3047 , 1.0600,0.5288,137.3809 , 12.6520,3.2458,<LOD,8.8328,0.2724,16.2654 , 0.7610,2.3723,295.6922 , 5.8577,2.3215,101.2034 , 1.2837,10.8646,4,415.899994,39.005505,-122.671425,10.000000,528449.687500,4317439.000000,
954,Mining,120.53,30.27,30.04,30.11,30.11,"Fri Apr 17, 2026 - 14:42:41",User,1.5,ppm,,,,,,Mining,<LOD,1.9354,0.6099,128910.4141 , 2565.2534,2.7666,<LOD,1.8017,0.3393,<LOD,3.1056,0.0923,376.4609 , 21.0581,14.1692,446644.9062 , 6395.2563,<LOD,1.4071,0.1314,43977.4648 , 264.5399,54.6379,<LOD,2.2236,1.0424,<LOD,41.0226,0.6291,<LOD,61.1123,14.5891,118.9115 , 6.2085,3.1369,185.9202 , 5.6622,1.2021,41271.2617 , 190.5643,93.0078,<LOD,0.0000,0.0000,<LOD,3.0260,0.1967,12115.0342 , 128.4634,7.9214,41116.9727 , 4282.5366,0.1077,676.2114 , 30.8539,1.5222,<LOD,1.0370,3.9966,3.5011 , 0.5806,2.5982,<LOD,8.1772,0.2601,660.0070 , 115.8106,0.2028,17.9725 , 1.2529,0.4422,<LOD,1.2995,0.4025,54.0967 , 1.3258,2.4252,<LOD,0.0000,0.0000,557.2014 , 33.2887,0.4522,<LOD,4.2397,3.2598,<LOD,0.8895,0.1940,276561.1562 , 753.2670,25.7364,16.1585 , 2.3423,2.8104,278.6082 , 1.6850,14.8904,<LOD,0.0000,0.0000,3.7364 , 0.8156,0.3255,5802.3213 , 48.1263,18.9378,3.7617 , 1.0530,0.5376,159.0619 , 13.3384,3.3650,11.5533 , 6.2159,0.3174,15.8892 , 0.7558,2.3951,357.7365 , 6.2234,2.7002,103.6918 , 1.2646,10.8422,6,416.500000,39.005470,-122.671043,10.000000,528482.937500,4317435.000000,
955,Mining,120.29,30.26,30.10,30.12,29.81,"Fri Apr 17, 2026 - 14:47:08",User,1.5,ppm,,,,,,Mining,<LOD,1.3893,0.6388,113552.0000 , 1993.2903,2.4408,<LOD,2.7242,0.4884,<LOD,2.8861,0.0924,288.4788 , 19.4192,14.5756,516934.4688 , 5145.5386,<LOD,1.4454,0.1604,33791.1172 , 226.7045,45.6657,<LOD,2.0961,1.1501,<LOD,38.4871,0.7324,<LOD,59.9610,16.3357,146.8805 , 6.3936,3.7756,38.9803 , 3.4624,0.5203,41283.3984 , 170.3985,104.1148,<LOD,0.0000,0.0000,4.7860 , 2.0003,0.2523,9536.5820 , 115.2115,6.7955,38420.1562 , 3623.4004,0.1009,615.2012 , 29.3425,1.5989,<LOD,1.0146,4.6160,4.2860 , 0.5635,2.9693,<LOD,8.4988,0.3513,961.1936 , 118.2099,0.2789,18.9752 , 1.2395,0.5025,<LOD,1.2196,0.4391,38.7909 , 1.1294,2.0174,<LOD,0.0000,0.0000,2020.8593 , 42.7617,1.0139,<LOD,3.9840,3.5743,<LOD,0.8266,0.1979,235607.3125 , 651.9393,22.8626,6.5019 , 2.1608,2.9201,261.3009 , 1.5472,15.6633,<LOD,0.0000,0.0000,2.0898 , 0.7899,0.3320,5841.3716 , 47.3608,21.3606,<LOD,2.1021,0.5360,149.6030 , 13.2989,3.7493,<LOD,8.3097,0.2867,14.9450 , 0.7091,2.4718,353.2543 , 6.0095,2.9368,107.4976 , 1.2338,12.2280,8,411.500000,39.005302,-122.671181,10.000000,528471.000000,4317416.500000,
956,Mining,30.17,29.21,,,,"Fri Apr 17, 2026 - 15:02:42",User,1.5,ppm,,,,,,Mining,534.3147 , 453.8717,12.2548,,,,<LOD,18.5224,0.2324,<LOD,26.6197,0.0636,,,,105523.1484 , 15555.3213,<LOD,12.4298,0.0986,,,,<LOD,32.7494,4.8727,,,,<LOD,469.3306,237.3635,8863.3350 , 105.3080,23.1086,1714.0166 , 62.1353,1.6109,874484.2500 , 714.5295,1597.6858,<LOD,0.0000,0.0000,<LOD,26.8992,0.1565,,,,,,,2930.5872 , 120.5512,11.3176,4273.7378 , 24.9296,50.8598,<LOD,7.0004,0.8347,1209.0229 , 150.9182,0.8957,,,,148.5457 , 16.0922,0.6974,<LOD,36.9567,6.0291,<LOD,4.5866,-0.1144,<LOD,0.0000,0.0000,,,,<LOD,58.1729,5.6902,<LOD,7.3998,0.1275,,,,119.7219 , 29.0614,6.6899,<LOD,2.1784,0.1147,<LOD,0.0000,0.0000,<LOD,17.7098,-1.0431,<LOD,524.7876,1.5529,<LOD,4.0013,-0.0372,103.7124 , 50.7657,1.6398,95.6378 , 53.0111,0.2136,<LOD,4.2067,0.2806,<LOD,23.5620,0.1819,<LOD,3.4159,0.4348,6,435.700012,39.000790,-122.662949,10.000000,529185.750000,4316918.000000,
957,Mining,33.25,30.26,2.99,,,"Sat Apr 18, 2026 - 08:14:43",User,1.5,ppm,,,,,,Mining,533.4017 , 464.1557,12.3867,,,,<LOD,20.0711,0.2699,<LOD,42.2132,0.0835,,,,122631.6797 , 16633.3320,<LOD,13.4359,0.1101,<LOD,755.2642,0.9968,<LOD,43.2398,4.9934,,,,<LOD,477.9130,234.7143,9007.3770 , 259.7227,88.2398,1646.9812 , 63.1979,1.5913,857697.9375 , 1223.7129,1583.4431,<LOD,0.0000,0.0000,<LOD,29.2082,0.1571,<LOD,849.4306,0.9302,,,,2850.6804 , 122.9167,11.1068,4025.5518 , 25.1457,50.4144,<LOD,5.1083,0.7798,1332.9248 , 153.2877,0.8983,,,,184.6785 , 17.2340,0.7622,<LOD,35.3306,5.9742,<LOD,3.6063,-0.0671,<LOD,0.0000,0.0000,,,,<LOD,59.7779,5.9032,<LOD,7.6771,0.1334,,,,84.1317 , 29.5400,6.5619,<LOD,2.5177,0.1481,<LOD,0.0000,0.0000,<LOD,16.7174,-0.9216,<LOD,930.3471,2.2034,<LOD,3.4302,-0.0263,<LOD,275.0911,1.7916,<LOD,0.0000,0.1809,<LOD,4.5933,0.3178,<LOD,22.9571,0.1697,4.7323 , 2.5371,0.4786,,,,,,,,
958,Mining,120.50,30.24,30.05,30.13,30.08,"Sat Apr 18, 2026 - 09:12:25",User,1.5,ppm,,,,,,Mining,<LOD,1.3072,0.7011,156968.2344 , 1970.6455,3.3351,<LOD,1.4172,0.2889,<LOD,2.8308,0.1066,699.8343 , 19.9871,21.8376,489254.8125 , 4473.3765,<LOD,1.3071,0.1566,10375.3506 , 118.7011,14.2488,<LOD,1.9891,1.2879,<LOD,37.7071,0.6725,<LOD,50.4656,12.3940,144.2113 , 5.9157,4.0899,24.3883 , 3.0212,0.4649,29631.2168 , 129.1375,77.9875,<LOD,0.0000,0.0000,14.4879 , 2.1325,0.3794,9843.0508 , 106.6925,6.8067,11323.3496 , 2582.9268,0.0561,494.8082 , 26.8431,1.4145,<LOD,0.9805,5.2821,6.4725 , 0.5462,3.4125,<LOD,7.2716,0.3213,889.4738 , 117.3680,0.2652,8.1697 , 0.9805,0.3747,<LOD,1.1676,0.4997,49.0576 , 1.1551,2.6574,<LOD,0.0000,0.0000,1793.2535 , 41.2369,0.9118,<LOD,3.7577,3.9473,<LOD,0.7761,0.2076,280176.0000 , 671.7654,27.6656,16.0303 , 2.0773,3.4547,107.3011 , 0.9248,7.4645,<LOD,0.0000,0.0000,3.8463 , 0.7465,0.3773,7776.4995 , 50.1461,30.0831,<LOD,1.2632,0.4712,201.5014 , 13.7517,5.2585,<LOD,6.8018,0.2279,14.6136 , 0.6817,2.7510,55.4776 , 2.8214,0.7738,128.5476 , 1.1640,13.3880,,,,,,,,
959,Mining,120.48,30.03,30.07,30.25,29.22,"Sat Apr 18, 2026 - 09:17:39",User,1.5,ppm,,,,,,Mining,<LOD,1.3141,0.6820,151520.9219 , 2001.5803,3.2224,<LOD,1.4803,0.3195,<LOD,2.7934,0.1017,761.6952 , 20.6312,22.5781,492175.2500 , 4608.3740,<LOD,1.3670,0.1685,11968.8438 , 130.5456,16.3914,<LOD,2.0242,1.2856,<LOD,37.5696,0.6597,<LOD,51.6452,12.9664,161.0921 , 6.3624,4.4101,25.8680 , 3.0648,0.4717,31239.0586 , 135.0264,81.9742,<LOD,0.0000,0.0000,13.9953 , 2.1024,0.3638,10177.2178 , 111.3724,7.0437,15104.1504 , 2749.8987,0.0620,596.5480 , 28.3844,1.5860,<LOD,0.9895,5.1229,5.6976 , 0.5547,3.3431,<LOD,7.4340,0.3288,764.7538 , 114.6563,0.2479,8.8953 , 1.0032,0.3859,<LOD,1.1901,0.5012,50.7304 , 1.1882,2.7402,<LOD,0.0000,0.0000,1996.4972 , 42.7613,0.9765,<LOD,3.8440,3.9917,<LOD,0.7855,0.2118,275017.4375 , 677.7145,27.1286,10.9310 , 2.0969,3.3735,135.8606 , 1.0448,9.1906,<LOD,0.0000,0.0000,2.9676 , 0.7593,0.3720,7833.8955 , 54.4826,31.2318,1.5787 , 0.8961,0.5263,212.8349 , 14.7351,5.6049,<LOD,6.6756,0.2156,15.6679 , 0.6971,2.8232,65.7832 , 2.9768,0.8491,131.8174 , 1.1987,13.8236,6,378.000000,39.005348,-122.671127,10.000000,528475.312500,4317421.500000,
960,Mining,124.10,33.72,30.28,30.03,30.07,"Sat Apr 18, 2026 - 09:20:29",User,1.5,ppm,,,,,,Mining,<LOD,3.5267,0.7917,498254.5625 , 1836.5470,3.7702,<LOD,0.0774,0.0012,<LOD,0.1098,0.0001,2143.3403 , 66.6905,23.3661,2458.1147,,<LOD,0.1488,0.0017,4550.9380 , 155.0829,2.6660,<LOD,4.6921,1.4923,<LOD,92.5472,0.6459,15.8831 , 2.4199,0.0395,383.0125 , 18.0433,4.7015,<LOD,0.9250,0.0155,<LOD,12.1009,0.1936,<LOD,0.0000,0.0000,<LOD,0.4262,0.0040,11093.8027 , 278.4447,3.5001,<LOD,9115.5337,0.0389,801.6465 , 34.3213,0.8996,<LOD,0.0028,0.0000,<LOD,0.0029,-0.0000,<LOD,2.0907,0.0329,2397.3162 , 282.6862,0.2486,<LOD,0.0136,0.0000,<LOD,2.7466,0.5692,<LOD,0.0064,-0.0001,<LOD,0.0000,0.0000,12772.0332 , 291.1031,2.4431,<LOD,8.6975,4.4053,<LOD,0.0579,0.0008,449339.2188 , 5026.0698,26.3784,35.1040 , 4.7315,3.7647,<LOD,0.0103,0.0003,<LOD,0.0000,0.0000,<LOD,0.0745,0.0000,15208.1465 , 364.4295,28.2368,<LOD,0.0238,-0.0000,546.9166 , 36.2419,5.4903,<LOD,1.5710,0.0098,<LOD,0.0064,0.0001,<LOD,0.5534,0.0106,<LOD,0.0076,-0.0000,6,378.700012,39.005363,-122.671135,10.000000,528475.000000,4317423.000000,
961,Mining,123.27,32.65,30.26,30.13,30.23,"Sat Apr 18, 2026 - 09:23:06",User,1.5,ppm,,,,,,Mining,<LOD,1.1576,0.7463,177644.5781 , 1644.7495,3.7505,<LOD,1.2446,0.3095,<LOD,2.2708,0.0972,520.3721 , 17.2317,21.8259,529271.5625 , 3561.5793,<LOD,1.1062,0.1594,1380.8024 , 47.0657,2.5109,<LOD,1.8143,1.4744,<LOD,32.3421,0.6460,<LOD,39.7251,10.0268,138.6124 , 5.3868,4.4549,17.3005 , 2.5779,0.4753,21059.5391 , 97.1275,62.5341,<LOD,0.0000,0.0000,7.1851 , 1.6923,0.3358,5016.2090 , 73.6388,3.9023,<LOD,2976.6546,0.0371,73.2836 , 17.2311,0.7403,<LOD,0.8695,6.0553,5.7842 , 0.4839,3.8993,<LOD,5.9329,0.3193,754.0489 , 99.0972,0.2466,8.2730 , 0.8715,0.4232,<LOD,1.0648,0.5659,39.5429 , 0.9505,2.5868,<LOD,0.0000,0.0000,3301.3901 , 46.4420,1.5522,<LOD,3.3440,4.2849,<LOD,0.6634,0.2220,253348.5781 , 592.1005,26.3596,9.4418 , 1.8272,3.6067,53.5401 , 0.6051,4.7244,<LOD,0.0000,0.0000,4.3144 , 0.6489,0.4209,6646.1108 , 44.0664,29.4352,<LOD,1.0839,0.4718,229.5986 , 12.3915,5.5901,<LOD,5.5740,0.2154,11.5642 , 0.5764,2.8405,30.2665 , 2.1536,0.6349,127.1939 , 1.0175,14.9832,6,381.200012,39.005371,-122.671112,10.000000,528476.750000,4317424.000000,
962,Mining,120.29,30.00,30.09,30.01,30.19,"Sat Apr 18, 2026 - 09:25:38",User,1.5,ppm,,,,,,Mining,<LOD,1.3870,0.6789,157537.1250 , 1980.7056,3.3380,<LOD,1.4804,0.3111,<LOD,2.7959,0.0991,618.0699 , 20.7610,19.8023,508669.9688 , 4428.9614,<LOD,1.4603,0.1867,7184.7886 , 109.7975,10.0797,<LOD,2.0822,1.2070,<LOD,35.7784,0.6308,<LOD,56.6344,16.3587,171.6202 , 6.8534,4.5995,8.7470 , 2.7178,0.3604,39154.3594 , 146.9932,103.8465,<LOD,0.0000,0.0000,17.9385 , 2.2235,0.3971,6535.7759 , 98.2073,4.6668,11208.4482 , 2563.7166,0.0548,1123.4346 , 34.7156,2.5189,<LOD,0.9831,5.0239,6.6626 , 0.5507,3.2990,<LOD,7.8634,0.3294,1090.5657 , 122.1354,0.3042,8.7210 , 1.0016,0.3727,<LOD,1.2384,0.4840,33.2067 , 0.9920,1.8202,<LOD,0.0000,0.0000,1923.4313 , 41.1381,0.9520,<LOD,3.9757,3.7886,<LOD,0.7585,0.1874,255683.1875 , 635.1822,24.5963,11.1849 , 2.1773,3.2208,64.4571 , 0.7303,4.5089,<LOD,0.0000,0.0000,2.7909 , 0.7807,0.3628,8480.5342 , 56.3883,33.0421,<LOD,1.2139,0.4106,241.8958 , 15.9079,5.8728,<LOD,6.9018,0.2244,12.7114 , 0.6439,2.3441,74.3410 , 3.0999,0.8961,136.0331 , 1.1713,12.8825,5,380.600006,39.005360,-122.671135,10.000000,528474.562500,4317423.000000,
963,Mining,120.41,30.11,30.11,30.12,29.46,"Sat Apr 18, 2026 - 09:28:23",User,1.5,ppm,,,,,,Mining,<LOD,1.3596,0.6554,166517.2344 , 2067.5244,3.5221,<LOD,1.5415,0.3277,<LOD,2.9181,0.1042,707.7621 , 21.4157,21.5231,496806.0000 , 4628.6333,<LOD,1.4289,0.1735,6836.7451 , 109.1403,9.8001,<LOD,2.1293,1.2807,<LOD,36.3305,0.6363,<LOD,58.2248,16.9121,174.4677 , 7.0313,4.7430,13.7540 , 2.8770,0.3929,39843.7812 , 155.6208,107.1663,<LOD,0.0000,0.0000,18.3959 , 2.2659,0.4014,6632.8301 , 100.2656,4.8110,13453.9619 , 2673.2612,0.0586,1023.5017 , 34.1496,2.3802,<LOD,1.0203,5.2717,5.7831 , 0.5548,3.2389,<LOD,8.0619,0.3341,956.9168 , 117.8741,0.2764,9.3343 , 1.0435,0.3924,<LOD,1.2557,0.5032,36.1512 , 1.0437,1.9688,<LOD,0.0000,0.0000,1751.1365 , 40.4795,0.9018,<LOD,4.0210,3.8999,<LOD,0.8455,0.2342,255546.5625 , 655.6243,24.9681,12.7984 , 2.2118,3.3723,65.7891 , 0.7535,4.6407,<LOD,0.0000,0.0000,3.6151 , 0.7862,0.3696,9096.5283 , 60.3229,36.2884,<LOD,1.2369,0.4137,242.9137 , 16.6655,6.3561,<LOD,6.9729,0.2223,12.5027 , 0.6605,2.3870,85.9396 , 3.3169,0.9969,145.5875 , 1.2373,13.7790,5,380.399994,39.005356,-122.671127,10.000000,528475.625000,4317422.500000,
964,Mining,120.36,30.04,30.12,30.08,30.12,"Sat Apr 18, 2026 - 09:30:58",User,1.5,ppm,,,,,,Mining,<LOD,1.3260,0.6925,165123.0781 , 2032.6322,3.5023,<LOD,1.4243,0.3117,<LOD,2.8927,0.1144,853.9805 , 21.3897,24.6128,467376.2812 , 4661.9565,<LOD,1.3271,0.1657,8753.3359 , 109.4904,12.1666,<LOD,2.0618,1.3332,<LOD,37.6210,0.6607,<LOD,49.3751,11.8861,136.9987 , 5.8223,4.0455,20.5569 , 2.9185,0.4441,27948.8340 , 128.3104,74.0089,<LOD,0.0000,0.0000,12.0942 , 2.0139,0.3469,9825.4326 , 105.8745,6.7775,14925.9463 , 2675.0535,0.0615,456.1230 , 26.0883,1.3458,<LOD,0.9541,5.1023,5.2742 , 0.5321,3.3129,<LOD,7.3219,0.3480,747.7601 , 112.0604,0.2374,7.3284 , 0.9565,0.3655,<LOD,1.2132,0.5204,48.4588 , 1.1492,2.6835,<LOD,0.0000,0.0000,2209.6890 , 44.3139,1.0526,<LOD,3.8682,3.9909,<LOD,0.7932,0.2240,293569.9375 , 699.7335,29.3522,13.6315 , 2.1433,3.5493,128.6205 , 1.0097,8.9595,<LOD,0.0000,0.0000,3.5931 , 0.7473,0.3831,7458.6484 , 50.1485,29.4143,<LOD,1.6256,0.5017,177.8629 , 13.4192,5.1065,<LOD,6.4037,0.2060,14.2269 , 0.6716,2.7411,62.1784 , 2.8882,0.8312,120.0880 , 1.1418,13.1359,5,377.799988,39.005352,-122.671127,10.000000,528475.312500,4317422.000000,
965,Mining,120.32,30.16,30.04,30.03,30.09,"Sat Apr 18, 2026 - 09:33:50",User,1.5,ppm,,,,,,Mining,<LOD,1.2100,0.7315,164126.7812 , 1776.6847,3.4760,<LOD,1.3473,0.3585,<LOD,2.4272,0.1008,818.4032 , 19.1819,25.5597,511795.9688 , 3982.9365,<LOD,1.1817,0.1643,3665.3970 , 68.1641,5.6524,<LOD,1.8814,1.4159,<LOD,34.8780,0.6717,<LOD,41.1265,9.7652,135.7908 , 5.0759,3.9947,15.2310 , 2.6114,0.4414,21451.6934 , 102.0821,60.4118,<LOD,0.0000,0.0000,11.7198 , 1.8684,0.3733,8783.9922 , 91.4079,6.3101,12276.1572 , 2300.3894,0.0565,345.5395 , 22.8050,1.1976,<LOD,0.8912,5.6881,6.1182 , 0.5007,3.7381,<LOD,6.3746,0.3455,718.6328 , 101.5942,0.2302,7.6440 , 0.8835,0.3923,<LOD,1.0946,0.5354,51.2766 , 1.0879,3.0718,<LOD,0.0000,0.0000,1836.1702 , 38.9260,0.9536,<LOD,3.4854,4.1421,<LOD,0.6625,0.1935,266107.0938 , 632.3962,26.9845,11.0277 , 1.9132,3.5792,82.8294 , 0.7581,6.5688,<LOD,0.0000,0.0000,4.1222 , 0.6847,0.4172,7371.7163 , 43.8811,30.2939,<LOD,1.1619,0.4979,178.6227 , 11.8679,5.2110,<LOD,5.9705,0.2235,14.4329 , 0.6315,3.0583,54.4207 , 2.5830,0.8273,129.2692 , 1.0691,14.6931,6,377.399994,39.005352,-122.671173,10.000000,528471.250000,4317422.000000,
966,Mining,120.42,30.15,30.06,30.04,30.17,"Sat Apr 18, 2026 - 09:36:50",User,1.5,ppm,,,,,,Mining,<LOD,1.2475,0.7048,190246.9062 , 1928.8687,4.0029,<LOD,1.4860,0.3680,<LOD,2.6370,0.1027,825.9820 , 19.9347,24.7848,501888.7812 , 4184.3730,<LOD,1.3009,0.1732,2237.5396 , 56.9371,3.5705,<LOD,1.9347,1.3512,<LOD,34.3272,0.6253,<LOD,47.7585,12.2016,152.8343 , 5.7440,4.4776,12.2913 , 2.6829,0.4073,27588.9922 , 119.7996,77.0168,<LOD,0.0000,0.0000,23.2460 , 2.2344,0.4792,3973.1174 , 68.3826,3.0452,7949.4224 , 2205.3982,0.0487,1406.0020 , 37.4366,3.0661,<LOD,0.9650,5.7850,7.2961 , 0.5300,3.6380,<LOD,7.0580,0.3480,630.8185 , 99.8578,0.2145,10.4052 , 1.0001,0.4364,<LOD,1.1156,0.5037,33.7146 , 0.9588,2.0160,<LOD,0.0000,0.0000,1625.1984 , 37.3741,0.8548,<LOD,3.6425,4.1071,<LOD,0.7594,0.2271,252128.9219 , 623.3093,24.7570,7.0145 , 1.9766,3.4357,69.8702 , 0.7345,5.3755,<LOD,0.0000,0.0000,6.9268 , 0.7706,0.4670,8744.6143 , 51.3757,36.2235,<LOD,1.1528,0.4347,195.8295 , 13.7239,6.1607,<LOD,6.3429,0.2201,11.4390 , 0.6124,2.5055,55.7310 , 2.7367,0.8112,167.1435 , 1.2472,17.0721,6,376.399994,39.005295,-122.671173,10.000000,528471.312500,4317415.500000,
967,Mining,120.29,30.06,30.13,30.07,30.03,"Sat Apr 18, 2026 - 09:39:30",User,1.5,ppm,,,,,,Mining,<LOD,1.3152,0.7564,188853.2188 , 1851.7545,3.9746,<LOD,1.4304,0.3729,<LOD,2.6437,0.1135,853.6306 , 20.0177,25.8650,512836.2500 , 3976.1860,<LOD,1.3190,0.1955,2569.1479 , 62.3254,4.2311,<LOD,1.9247,1.3697,<LOD,32.4904,0.5992,<LOD,46.6583,12.7910,138.0660 , 5.8320,4.4595,14.3502 , 2.6433,0.4343,27589.9297 , 118.5228,80.8339,<LOD,0.0000,0.0000,18.8992 , 2.0619,0.4465,4076.3860 , 71.3472,3.2633,9355.7490 , 2194.9128,0.0513,1847.3390 , 40.7828,4.0107,<LOD,0.9331,5.9266,6.2259 , 0.5085,3.6684,<LOD,6.7045,0.3345,721.8322 , 100.9590,0.2378,10.0222 , 0.9649,0.4455,<LOD,1.1389,0.5401,29.4732 , 0.8942,1.8986,<LOD,0.0000,0.0000,1724.3109 , 37.5820,0.9291,<LOD,3.6292,4.1847,<LOD,0.7556,0.2472,239535.2969 , 609.8013,24.4550,11.2058 , 1.9840,3.5730,73.3728 , 0.7335,5.8590,<LOD,0.0000,0.0000,5.2481 , 0.7459,0.4586,9315.3027 , 54.6657,40.4373,<LOD,1.1280,0.4590,196.9818 , 14.5437,6.7723,<LOD,5.8964,0.2084,8.9502 , 0.5687,2.3652,49.0554 , 2.5611,0.7797,159.7523 , 1.1967,17.2090,6,376.399994,39.005341,-122.671127,10.000000,528475.437500,4317420.500000,
968,Mining,120.19,30.03,30.10,30.01,29.75,"Sat Apr 18, 2026 - 09:42:27",User,1.5,ppm,,,,,,Mining,<LOD,1.4853,0.6206,79183.8516 , 1654.1438,1.7593,2.6051 , 1.4968,0.6056,<LOD,3.3508,0.1110,409.2605 , 21.8729,16.2513,561276.5000 , 4557.1523,<LOD,1.4826,0.1501,14793.3340 , 171.2435,19.5452,<LOD,2.3237,1.2099,<LOD,39.1582,0.6606,<LOD,65.5406,18.8136,93.8831 , 6.9583,3.6188,9.4793 , 3.0376,0.3565,51766.6133 , 175.7582,130.2643,<LOD,0.0000,0.0000,43.4701 , 2.9273,0.5720,8064.2041 , 121.2714,5.5363,12584.4932 , 3422.3713,0.0740,285.1130 , 24.7522,1.1066,<LOD,1.0729,4.5309,4.1220 , 0.5896,2.8683,<LOD,8.5380,0.2543,1122.1345 , 141.0070,0.3466,26.5910 , 1.4383,0.6031,<LOD,1.3156,0.4356,33.8883 , 1.1260,1.7348,<LOD,0.0000,0.0000,43787.2773 , 178.3638,16.1545,9.2096 , 2.9990,4.0333,<LOD,0.8965,0.2066,220717.8125 , 621.1294,21.0761,13.7906 , 2.4140,3.1483,229.1751 , 1.4565,13.2425,<LOD,0.0000,0.0000,3.6134 , 0.8363,0.3413,5260.9746 , 50.9863,19.7335,<LOD,2.0972,0.5597,118.4330 , 14.3660,3.5042,<LOD,6.7929,0.1707,7.8100 , 0.6732,1.9535,32.9361 , 2.7138,0.5413,119.3904 , 1.2970,12.2453,6,376.200012,39.005344,-122.671165,10.000000,528472.125000,4317421.000000,
969,Mining,120.52,30.05,30.25,30.09,30.13,"Sat Apr 18, 2026 - 09:45:22",User,1.5,ppm,,,,,,Mining,<LOD,1.3705,0.6725,113087.9609 , 1902.2456,2.4562,<LOD,1.6220,0.3589,<LOD,3.0661,0.1105,406.1248 , 20.0047,17.5981,462919.7188 , 4827.1348,<LOD,1.4011,0.1589,31461.2832 , 196.0922,41.0542,<LOD,2.1030,1.2551,<LOD,40.4990,0.6902,<LOD,50.2392,10.5137,105.7859 , 5.3368,3.1670,18.7282 , 3.0219,0.4118,26883.0273 , 129.9591,66.3372,<LOD,0.0000,0.0000,15.3026 , 2.2234,0.3682,6472.1201 , 86.2694,4.5576,19125.1680 , 3201.6033,0.0732,399.5708 , 26.3528,1.1678,<LOD,1.0406,5.0277,5.3205 , 0.5737,3.1676,<LOD,7.1739,0.2783,594.3750 , 109.5107,0.1978,10.1678 , 1.0646,0.3901,<LOD,1.2502,0.5019,33.7743 , 1.0921,1.9488,<LOD,0.0000,0.0000,7156.9185 , 76.1168,2.8189,<LOD,4.0258,3.9876,<LOD,0.8263,0.2073,323429.2188 , 733.6838,32.9941,12.3372 , 2.2036,3.3528,264.1726 , 1.5341,16.6864,<LOD,0.0000,0.0000,3.8089 , 0.7887,0.3659,7266.1357 , 46.2381,25.4827,4.1500 , 1.0420,0.6429,144.6214 , 12.4958,4.1505,<LOD,6.8543,0.2048,11.1201 , 0.6583,2.2627,45.5343 , 2.7775,0.6636,123.5481 , 1.2830,14.1563,5,376.799988,39.005363,-122.671127,10.000000,528475.437500,4317423.000000,
970,Mining,120.10,30.09,30.05,30.19,29.77,"Sat Apr 18, 2026 - 09:48:04",User,1.5,ppm,,,,,,Mining,<LOD,1.3246,0.6317,115123.7578 , 2083.2695,2.4932,<LOD,1.4662,0.2749,<LOD,3.0178,0.1071,347.6884 , 19.2568,16.1988,469210.7812 , 5225.2529,<LOD,1.2831,0.1334,33276.5820 , 205.5285,42.2578,<LOD,2.0515,1.2046,<LOD,42.1929,0.6764,<LOD,48.1981,9.5047,96.5527 , 5.2799,2.9700,6.4131 , 2.7066,0.3295,24718.4609 , 126.7932,59.4401,<LOD,0.0000,0.0000,16.8757 , 2.2198,0.3703,5883.7427 , 84.0357,4.0873,25563.3125 , 3536.2739,0.0832,361.1902 , 25.4544,1.0683,<LOD,0.9994,4.6602,4.8323 , 0.5588,3.0322,<LOD,6.9195,0.2622,550.2104 , 110.5389,0.1814,8.5393 , 1.0110,0.3522,<LOD,1.1749,0.4435,31.1955 , 1.0424,1.7739,<LOD,0.0000,0.0000,4845.2783 , 66.8001,1.9540,<LOD,3.8709,3.6713,<LOD,0.8170,0.2039,313051.2500 , 764.7993,30.7164,13.9457 , 2.1509,3.2230,254.3888 , 1.5066,15.8430,<LOD,0.0000,0.0000,2.8474 , 0.7248,0.3109,6338.0010 , 44.1000,21.6591,2.6569 , 1.0001,0.5926,130.8611 , 11.9202,3.5895,<LOD,6.6221,0.1910,9.5084 , 0.6296,2.0774,43.1887 , 2.7094,0.6310,107.9184 , 1.2117,12.6382,6,376.799988,39.005352,-122.671127,10.000000,528475.750000,4317422.000000,
971,Mining,120.73,30.04,30.24,30.33,28.62,"Sat Apr 18, 2026 - 09:51:26",User,1.5,ppm,,,,,,Mining,<LOD,1.4398,0.6354,114417.1016 , 2178.9121,2.4780,<LOD,1.5854,0.3358,<LOD,3.2105,0.1160,431.7999 , 20.8959,16.5439,471993.1562 , 5401.5659,<LOD,1.3307,0.1368,34165.8281 , 214.2032,42.1086,<LOD,2.2045,1.1833,<LOD,43.4743,0.6690,<LOD,50.4176,10.2117,103.9098 , 5.6406,3.0316,10.7150 , 2.8398,0.3472,28168.5137 , 134.9180,65.3460,<LOD,0.0000,0.0000,13.8466 , 2.2038,0.3417,6010.9629 , 88.2408,4.0577,21544.7617 , 3615.1748,0.0782,368.0683 , 25.6232,1.0666,<LOD,1.0157,4.5390,4.3434 , 0.5610,2.8779,<LOD,7.1877,0.2654,589.9489 , 121.3395,0.2046,8.0743 , 1.0188,0.3401,<LOD,1.3008,0.4644,30.7712 , 1.0477,1.6882,<LOD,0.0000,0.0000,11199.0215 , 98.9978,4.0399,<LOD,4.1878,3.6916,<LOD,0.8361,0.1993,303972.7500 , 757.0333,28.9315,17.3970 , 2.3095,3.1693,299.8033 , 1.6461,17.6270,<LOD,0.0000,0.0000,5.2914 , 0.7795,0.3550,6338.7012 , 45.7311,21.0101,2.9258 , 1.0312,0.6003,142.2760 , 12.5724,3.5515,<LOD,7.0445,0.2071,9.6729 , 0.6343,2.0033,40.1062 , 2.6781,0.5892,110.2509 , 1.2468,12.6794,5,377.700012,39.005333,-122.671188,10.000000,528470.000000,4317420.000000,
972,Mining,120.64,30.26,30.15,30.14,30.09,"Sat Apr 18, 2026 - 09:54:42",User,1.5,ppm,,,,,,Mining,<LOD,1.4501,0.6903,103340.5000 , 1750.1962,2.2642,6.9949 , 1.3502,0.6408,<LOD,3.2887,0.1274,451.2770 , 21.1737,18.0199,472557.3438 , 4569.7544,<LOD,1.3626,0.1502,24196.1523 , 197.0588,33.6728,<LOD,2.1914,1.2423,<LOD,38.3046,0.7075,<LOD,60.2340,17.6570,107.4265 , 6.3630,3.7013,7.7118 , 2.8059,0.3591,44340.7734 , 171.8515,116.9179,<LOD,0.0000,0.0000,35.2601 , 2.6601,0.5507,7189.6567 , 104.3789,5.3070,19011.1777 , 3265.2212,0.0789,368.8128 , 25.2552,1.2681,<LOD,1.0496,5.0146,5.5217 , 0.5792,3.1722,<LOD,8.1507,0.3122,970.5546 , 127.1872,0.3138,15.2408 , 1.1751,0.4759,<LOD,1.2906,0.4891,39.4405 , 1.1504,2.1646,<LOD,0.0000,0.0000,21592.4707 , 124.3638,8.5024,<LOD,4.2448,4.0549,<LOD,0.8343,0.2058,298308.5312 , 692.2292,31.9879,13.1215 , 2.3129,3.3680,260.3759 , 1.5207,16.2260,<LOD,0.0000,0.0000,4.5309 , 0.7855,0.3676,6798.2627 , 51.0360,25.8465,3.3648 , 1.0667,0.6621,179.0991 , 14.4923,4.5148,<LOD,6.8324,0.2046,11.0636 , 0.6720,2.3202,51.6433 , 2.8680,0.7152,133.6652 , 1.3175,14.6606,6,427.100006,39.005383,-122.671188,10.000000,528470.562500,4317425.500000,
973,Mining,123.31,32.71,30.30,30.18,30.12,"Sat Apr 18, 2026 - 09:57:45",User,1.5,ppm,,,,,,Mining,<LOD,1.7706,0.6808,74309.4297 , 1439.1091,1.6569,3.8594 , 1.2589,0.5466,<LOD,2.6631,0.0846,369.9475 , 19.9041,15.9867,570080.7500 , 3924.5483,<LOD,1.3591,0.1535,17853.9316 , 166.6988,24.9248,<LOD,2.1388,1.2202,<LOD,37.1109,0.6944,<LOD,60.3656,18.8139,90.0107 , 6.0526,3.4812,<LOD,3.8015,0.2984,48489.8047 , 160.2102,129.3004,<LOD,0.0000,0.0000,14.9365 , 2.1488,0.3511,5750.9331 , 94.1567,4.3260,12047.0986 , 3037.5168,0.0681,318.1856 , 23.8145,1.2051,<LOD,0.9906,4.7592,4.3247 , 0.5501,3.0730,<LOD,7.8961,0.2725,575.3862 , 111.9473,0.2395,15.1596 , 1.1465,0.4638,<LOD,1.2282,0.4517,32.2247 , 1.0191,1.7618,<LOD,0.0000,0.0000,28340.5273 , 136.8764,11.0853,11.8444 , 2.7549,4.0620,<LOD,0.7561,0.1804,234046.0156 , 607.7902,23.6623,16.5634 , 2.2224,3.1835,182.8931 , 1.2188,11.4440,<LOD,0.0000,0.0000,<LOD,1.6741,0.2935,7119.7622 , 50.2804,27.4100,<LOD,1.6651,0.5000,138.4366 , 14.1638,4.4978,<LOD,6.7422,0.2040,6.6631 , 0.6099,1.9526,66.7020 , 3.0321,0.8184,114.6511 , 1.1733,12.2682,6,430.600006,39.005417,-122.671219,10.000000,528467.500000,4317429.000000,
974,Mining,123.10,32.76,30.17,30.04,30.13,"Sat Apr 18, 2026 - 10:00:30",User,1.5,ppm,,,,,,Mining,<LOD,1.3688,0.6204,92373.3984 , 1726.5171,2.0249,<LOD,2.7714,0.4599,<LOD,3.0231,0.1058,340.2363 , 19.5708,15.3233,499214.5312 , 4630.1133,<LOD,1.2896,0.1327,24829.3320 , 177.5269,32.0050,<LOD,2.0884,1.1450,<LOD,38.3521,0.6655,<LOD,54.4912,13.0363,93.7963 , 5.3529,3.0332,5.8229 , 2.7033,0.3260,33698.4297 , 140.1429,83.0619,<LOD,0.0000,0.0000,33.1317 , 2.5730,0.5074,6048.2056 , 87.0037,4.2305,24538.4141 , 3287.8816,0.0810,355.7793 , 25.0573,1.1173,<LOD,1.0103,4.7002,5.0409 , 0.5628,3.0293,<LOD,7.2933,0.2542,479.4745 , 102.9794,0.1839,15.0681 , 1.1471,0.4484,<LOD,1.1754,0.4061,33.4001 , 1.0576,1.8193,<LOD,0.0000,0.0000,7791.2964 , 75.5620,2.9907,<LOD,3.9734,3.5769,<LOD,0.8092,0.1961,303010.4062 , 684.8763,29.7348,11.8971 , 2.1788,3.0167,188.2404 , 1.2602,11.6698,<LOD,0.0000,0.0000,3.9232 , 0.7453,0.3295,6583.4683 , 44.5281,23.1826,2.1530 , 0.9846,0.5582,135.5541 , 12.3508,3.8325,<LOD,6.6052,0.1875,7.9829 , 0.6245,1.9954,82.1904 , 3.2927,0.9242,118.8271 , 1.2072,12.5109,6,429.399994,39.005405,-122.671211,10.000000,528467.937500,4317428.000000,
975,Mining,120.30,30.09,30.08,30.06,30.07,"Sat Apr 18, 2026 - 10:06:19",User,1.5,ppm,,,,,,Mining,<LOD,1.4534,0.6991,133993.5000 , 2604.8020,2.9119,196.5882 , 3.6580,5.5603,<LOD,3.6414,0.1456,548.1649 , 21.4853,19.1810,451883.3438 , 6177.9619,<LOD,1.9471,0.2821,50200.3711 , 259.7997,59.5447,<LOD,2.1787,1.2369,<LOD,48.6817,0.6459,<LOD,37.1663,4.7033,156.8764 , 5.4506,3.1899,9.9383 , 2.8935,0.3491,13051.0332 , 95.4269,28.6733,<LOD,0.0000,0.0000,41.6669 , 2.8239,0.6192,5269.7246 , 75.1554,3.5339,7324.7988 , 4099.0322,0.0800,<LOD,28.2284,0.4678,<LOD,1.3744,4.9394,6.1497 , 0.5877,3.0663,<LOD,6.5745,0.2644,354.6001 , 150.9858,0.2402,9.5469 , 1.0673,0.3621,<LOD,1.3452,0.5378,20.8289 , 0.9739,1.3123,<LOD,0.0000,0.0000,70723.1406 , 290.5836,24.9822,40.3258 , 3.0000,5.0058,<LOD,0.9244,0.2426,257985.2500 , 786.7757,24.9746,10.7912 , 2.2949,3.3634,312.9001 , 1.7759,18.6088,<LOD,0.0000,0.0000,5.0481 , 0.9172,0.3547,7513.6284 , 48.8751,23.4039,4.1371 , 1.1190,0.6833,180.5655 , 12.3958,3.9445,<LOD,0.0000,0.2212,9.4894 , 0.6291,1.9309,12.8915 , 2.2496,0.4078,134.7225 , 1.3869,14.7674,6,427.200012,39.005383,-122.671204,10.000000,528468.687500,4317425.500000,
976,Mining,120.47,30.23,30.05,30.10,28.91,"Sat Apr 18, 2026 - 10:09:12",User,1.5,ppm,,,,,,Mining,<LOD,1.5067,0.7122,143753.5781 , 2465.7869,3.0955,239.5604 , 3.9923,6.6899,<LOD,3.6804,0.1485,563.0222 , 22.1963,19.4797,453145.0312 , 5663.6284,<LOD,2.0564,0.3146,46496.6523 , 237.8768,55.9244,<LOD,2.2429,1.2396,<LOD,45.6247,0.6279,<LOD,40.1736,5.6238,150.2788 , 5.4146,3.1973,10.4157 , 2.9196,0.3561,15922.8496 , 102.8613,35.4019,<LOD,0.0000,0.0000,39.4033 , 2.7891,0.6048,6104.7720 , 79.5825,4.0490,<LOD,5277.1245,0.0564,<LOD,27.4994,0.4544,<LOD,1.3339,4.9632,7.3977 , 0.5983,3.1811,<LOD,6.8262,0.2783,684.0137 , 142.0121,0.2442,7.9842 , 1.0412,0.3441,<LOD,1.3766,0.5329,22.2688 , 1.0000,1.3924,<LOD,0.0000,0.0000,45942.3047 , 215.5548,16.1083,49.5003 , 3.1387,5.2434,<LOD,0.9549,0.2618,277924.6875 , 766.7825,26.7865,10.0956 , 2.3676,3.3870,315.3512 , 1.7436,18.7633,<LOD,0.0000,0.0000,4.1167 , 0.9331,0.3379,8182.8462 , 49.3924,25.8305,5.3359 , 1.1373,0.7065,181.8309 , 12.7390,4.2578,<LOD,0.0000,0.2133,8.8390 , 0.6263,1.9054,15.5981 , 2.3045,0.4289,134.7785 , 1.3769,14.8068,5,426.299988,39.005375,-122.671211,10.000000,528468.500000,4317424.500000,
977,Mining,120.43,30.24,30.07,30.04,28.59,"Sat Apr 18, 2026 - 10:12:09",User,1.5,ppm,,,,,,Mining,<LOD,1.4101,0.7374,142873.1719 , 2111.6804,3.0524,284.8190 , 4.2631,8.4744,<LOD,3.8218,0.1770,543.9778 , 20.5933,19.8417,490067.8750 , 4888.2148,<LOD,2.1507,0.3787,31070.8027 , 190.1391,40.7709,<LOD,2.1020,1.2911,<LOD,38.8555,0.6061,<LOD,47.3390,9.2873,173.5512 , 5.6972,3.8434,19.5474 , 3.0527,0.4306,24126.0508 , 122.4958,59.7622,<LOD,0.0000,0.0000,56.8110 , 3.0921,0.8200,5722.1538 , 79.3749,4.0997,12205.7783 , 2991.6392,0.0622,<LOD,27.2162,0.5315,<LOD,1.0543,5.1970,6.4623 , 0.5799,3.2786,<LOD,6.8223,0.2637,748.5963 , 117.7390,0.2250,7.2177 , 1.0151,0.3599,<LOD,1.2725,0.5373,18.9514 , 0.9340,1.3015,<LOD,0.0000,0.0000,13329.8408 , 103.7039,5.0854,60.4658 , 2.9712,5.6219,<LOD,0.9302,0.2649,268900.4062 , 705.3438,26.4837,15.5452 , 2.2190,3.5345,311.7093 , 1.6816,19.9458,<LOD,0.0000,0.0000,4.8602 , 0.9616,0.3794,9118.4834 , 51.4534,32.2906,2.6353 , 1.1065,0.7268,165.7961 , 13.4361,5.1143,<LOD,0.0000,0.2134,7.4145 , 0.5974,1.9055,16.2391 , 2.2872,0.4661,140.8841 , 1.3721,16.3276,6,425.000000,39.005371,-122.671204,10.000000,528468.937500,4317424.000000,
978,Mining,120.33,30.13,30.05,30.05,29.20,"Sat Apr 18, 2026 - 10:14:56",User,1.5,ppm,,,,,,Mining,<LOD,1.5263,0.6215,122347.7812 , 2184.9180,2.6225,249.7470 , 4.0781,6.3907,<LOD,3.9784,0.1535,602.7786 , 23.4115,18.5825,519242.7500 , 5114.1191,<LOD,2.1656,0.3083,24200.5117 , 173.6935,28.1013,<LOD,2.3483,1.1598,<LOD,40.9949,0.5881,<LOD,56.3986,11.5765,148.0407 , 5.7830,3.1835,33.9966 , 3.5046,0.4581,33411.1797 , 136.1462,73.7112,<LOD,0.0000,0.0000,66.2804 , 3.3725,0.7849,5366.5396 , 82.6125,3.4308,7299.7661 , 3011.9324,0.0520,<LOD,28.1271,0.4972,<LOD,1.1038,4.5181,6.2158 , 0.6063,2.8472,<LOD,7.8142,0.2567,697.8672 , 124.2241,0.2129,5.2569 , 1.0312,0.2970,<LOD,1.3972,0.4681,24.4161 , 1.0390,1.3355,<LOD,0.0000,0.0000,15384.9971 , 110.7545,5.1349,51.9625 , 3.3062,4.9712,<LOD,0.9760,0.2348,262215.2188 , 674.2919,22.4881,13.0877 , 2.5007,3.2359,280.3766 , 1.5966,15.3655,<LOD,0.0000,0.0000,4.1966 , 0.9773,0.3195,8005.4062 , 48.5807,25.3153,3.2603 , 1.1637,0.6402,164.4204 , 13.5357,4.1245,<LOD,0.0000,0.1968,5.0786 , 0.6113,1.5743,27.5727 , 2.6460,0.5027,141.2994 , 1.3881,13.6644,7,424.299988,39.005363,-122.671204,10.000000,528469.250000,4317423.000000,
979,Mining,120.22,30.08,30.07,30.04,30.03,"Sat Apr 18, 2026 - 10:33:32",User,1.5,ppm,,,,,,Mining,<LOD,0.9845,0.8890,20207.9160 , 566.8925,0.5830,<LOD,1.3801,0.5645,<LOD,2.3557,0.1565,1004.3563 , 16.4892,36.7310,556693.5625 , 2890.2061,<LOD,1.0317,0.2051,25.8628 , 13.5478,0.4315,<LOD,1.5421,1.7580,<LOD,29.3209,0.6291,<LOD,13.0224,1.3262,48.2759 , 3.2895,2.5583,<LOD,2.7729,0.3549,1932.5945 , 28.6219,7.0893,<LOD,0.0000,0.0000,74.1452 , 2.6783,1.4241,<LOD,26.8556,0.3508,<LOD,4287.4039,0.0417,<LOD,15.8796,0.3274,<LOD,0.8436,8.7181,12.7139 , 0.4687,5.6568,<LOD,3.7609,0.2471,512.3487 , 89.2919,0.2194,20.3620 , 0.9608,0.7704,<LOD,0.8849,0.6402,<LOD,0.6412,0.4503,<LOD,0.0000,0.0000,3801.8020 , 49.5599,1.9864,<LOD,2.8361,5.1064,<LOD,0.5763,0.2383,395001.4062 , 710.1083,54.2467,<LOD,2.3195,4.0683,6.4557 , 0.2806,1.5254,<LOD,0.0000,0.0000,1.7717 , 0.5525,0.4132,17535.4180 , 57.7867,83.8761,<LOD,1.0593,0.6654,175.7342 , 12.6929,11.6911,<LOD,0.0000,0.2012,<LOD,0.7971,1.8171,<LOD,1.6744,0.2494,236.8740 , 1.2418,31.4965,6,419.399994,39.004955,-122.666916,10.000000,528840.312500,4317379.000000,
980,Mining,122.83,32.58,30.07,30.09,30.09,"Sat Apr 18, 2026 - 10:36:34",User,1.5,ppm,,,,,,Mining,<LOD,1.1180,0.9191,21667.9844 , 562.9649,0.6151,<LOD,1.3517,0.5794,<LOD,2.5235,0.1834,991.1093 , 15.9428,37.0459,552368.4375 , 2193.4565,<LOD,0.9734,0.1855,<LOD,32.0903,0.4150,<LOD,1.5025,1.7497,<LOD,28.9342,0.6498,<LOD,12.8555,1.3054,42.8441 , 3.2105,2.5274,<LOD,2.7031,0.3424,1943.7787 , 28.5242,7.2643,<LOD,0.0000,0.0000,77.0502 , 2.7209,1.4976,<LOD,26.1244,0.3278,6686.0068 , 1767.7958,0.0489,<LOD,16.2717,0.3503,<LOD,0.8418,8.8674,12.9701 , 0.4677,5.7588,<LOD,3.9094,0.2741,511.3582 , 88.2153,0.2271,16.6533 , 0.9075,0.6985,<LOD,0.8869,0.6779,<LOD,0.9868,0.4602,<LOD,0.0000,0.0000,3868.8750 , 48.4017,2.0331,<LOD,3.4635,5.2578,<LOD,0.6011,0.2600,396721.4688 , 584.8848,55.1417,<LOD,3.4277,4.1742,7.3110 , 0.2880,1.6392,<LOD,0.0000,0.0000,2.8361 , 0.5414,0.4227,14688.9980 , 45.7596,71.2096,<LOD,1.0183,0.6376,160.0131 , 11.7850,10.0642,<LOD,0.0000,0.1809,<LOD,0.8614,1.8406,<LOD,1.7641,0.2817,232.3204 , 1.1860,31.6179,7,419.500000,39.004948,-122.666908,10.000000,528840.750000,4317378.500000,
981,Mining,123.03,32.63,30.18,30.18,30.04,"Sat Apr 18, 2026 - 10:39:13",User,1.5,ppm,,,,,,Mining,<LOD,1.0587,0.9313,13139.1895 , 485.8783,0.4439,<LOD,0.9336,0.2618,<LOD,2.1560,0.1330,421.2737 , 14.3500,25.1722,543827.8750 , 2151.1177,<LOD,0.9514,0.1779,<LOD,24.9774,0.3897,<LOD,1.5495,1.7839,<LOD,28.5928,0.5853,<LOD,11.3609,1.0153,23.7663 , 2.8306,2.2049,<LOD,2.7703,0.3574,1357.3890 , 24.1694,5.1335,<LOD,0.0000,0.0000,35.6943 , 2.0749,0.8208,126.6905 , 19.5461,0.4568,3306.5986 , 1677.3123,0.0418,<LOD,15.6606,0.3180,<LOD,0.8115,8.2824,7.6505 , 0.4311,4.8855,<LOD,3.7697,0.2530,298.4688 , 74.9756,0.1487,2.7770 , 0.6478,0.3523,<LOD,0.8976,0.6615,1.0164 , 0.3921,0.4540,<LOD,0.0000,0.0000,1998.2383 , 37.6396,1.1192,<LOD,2.8643,5.2940,<LOD,0.5616,0.2303,426672.4688 , 582.8563,58.0424,<LOD,2.8953,4.1547,5.9067 , 0.2649,1.3949,<LOD,0.0000,0.0000,<LOD,1.1439,0.3253,8477.4814 , 32.7299,39.6437,<LOD,0.8680,0.4718,89.7153 , 8.7599,5.7168,<LOD,4.5520,0.2139,<LOD,0.6070,1.6899,<LOD,2.3175,0.4081,207.7835 , 1.1062,28.0761,7,421.399994,39.004932,-122.666954,10.000000,528836.812500,4317376.500000,
982,Mining,120.77,30.29,30.12,30.09,30.27,"Sat Apr 18, 2026 - 10:41:54",User,1.5,ppm,,,,,,Mining,<LOD,0.9983,0.9143,13515.1807 , 497.6653,0.4531,<LOD,0.9553,0.2557,<LOD,2.2578,0.1442,435.6695 , 14.4384,25.4470,539125.3750 , 2195.8000,<LOD,0.9502,0.1749,<LOD,24.3041,0.3899,<LOD,1.5615,1.8056,<LOD,29.0128,0.5881,<LOD,11.4488,1.0124,27.9929 , 2.9043,2.2853,<LOD,2.7772,0.3541,1417.1857 , 24.7803,5.3228,<LOD,0.0000,0.0000,34.1327 , 2.0542,0.8369,127.2896 , 19.7500,0.4580,3914.4285 , 1723.1292,0.0431,<LOD,15.6274,0.3117,<LOD,0.8194,8.3162,6.2054 , 0.4256,4.6733,<LOD,3.8513,0.2626,263.6025 , 76.0147,0.1470,4.4972 , 0.6861,0.3902,<LOD,0.8972,0.6572,0.8567 , 0.3966,0.4541,<LOD,0.0000,0.0000,1991.8503 , 38.1320,1.1192,<LOD,3.3450,5.3637,<LOD,0.5814,0.2495,430230.5312 , 593.0746,58.6663,3.4633 , 1.5421,4.2145,6.4741 , 0.2714,1.4439,<LOD,0.0000,0.0000,<LOD,0.9347,0.3116,8597.2725 , 33.4533,40.2238,<LOD,0.8820,0.4825,87.4549 , 8.9031,5.7836,<LOD,0.0000,0.2139,<LOD,0.5342,1.6669,<LOD,2.1377,0.4084,210.5889 , 1.1216,28.3628,7,421.100006,39.004929,-122.666962,10.000000,528836.562500,4317376.500000,
983,Mining,123.26,32.76,30.21,30.08,30.21,"Sat Apr 18, 2026 - 10:45:10",User,1.5,ppm,,,,,,Mining,<LOD,0.9832,0.8975,21681.4375 , 567.4849,0.6192,<LOD,0.9284,0.2580,<LOD,2.4307,0.1743,934.1180 , 16.2616,36.7213,551708.3125 , 2190.0322,<LOD,0.9215,0.1708,215.5245 , 17.1846,0.7120,<LOD,1.5554,1.8105,<LOD,29.5355,0.6337,<LOD,10.2146,0.8465,40.0331 , 3.0420,2.5384,<LOD,2.4829,0.2951,1034.9344 , 21.3726,4.1123,<LOD,0.0000,0.0000,83.1407 , 2.7586,1.5780,356.5819 , 22.7137,0.6443,<LOD,2632.6719,0.0389,<LOD,15.7512,0.3311,<LOD,0.7671,7.5210,5.0490 , 0.4153,4.5950,<LOD,3.7410,0.2611,323.0160 , 77.8448,0.1612,3.1650 , 0.6578,0.3728,<LOD,0.8809,0.6417,3.0961 , 0.4583,0.6376,<LOD,0.0000,0.0000,4353.4663 , 51.9722,2.2072,<LOD,4.5429,5.5732,<LOD,0.5913,0.2618,409256.9688 , 594.1115,56.1120,<LOD,2.9262,4.3251,7.3276 , 0.2833,1.6316,<LOD,0.0000,0.0000,1.5574 , 0.4908,0.3417,9515.2559 , 36.0098,45.7623,<LOD,1.0140,0.6484,94.3250 , 9.4152,6.5806,<LOD,0.0000,0.2236,<LOD,0.7475,1.7393,4.1746 , 1.5339,0.4948,139.9421 , 0.9205,20.0396,5,421.700012,39.004925,-122.666962,10.000000,528836.437500,4317376.000000,
984,Mining,123.93,33.80,30.00,30.07,30.06,"Sat Apr 18, 2026 - 10:48:16",User,1.5,ppm,,,,,,Mining,<LOD,5.9473,0.9060,87901.6797 , 2203.9817,0.5905,<LOD,0.1659,0.0015,<LOD,0.3546,0.0004,8513.1309 , 330.4102,37.8009,3631.8970,,<LOD,0.2111,0.0010,1614.0499 , 110.6298,0.8593,<LOD,9.4088,1.8116,<LOD,158.6017,0.6629,31.9035 , 4.6676,0.0442,153.0644 , 18.9631,2.8586,<LOD,1.7779,0.0174,<LOD,21.6142,0.1921,<LOD,0.0000,0.0000,<LOD,0.6925,0.0031,3898.9680 , 182.9963,1.0164,<LOD,15943.0737,0.0396,1244.7227 , 67.8697,0.8405,<LOD,0.0099,0.0001,<LOD,0.0046,-0.0000,<LOD,3.8837,0.0346,1584.3833 , 404.9384,0.1628,<LOD,0.0759,0.0003,<LOD,5.3068,0.6470,<LOD,0.0335,0.0002,<LOD,0.0000,0.0000,15961.9717 , 524.7831,1.8927,<LOD,17.7151,5.3896,<LOD,0.0895,0.0004,851335.5000 , 9069.3291,56.1183,<LOD,14.2092,4.2420,<LOD,0.0056,-0.0000,<LOD,0.0000,0.0000,<LOD,0.1029,-0.0001,23816.5840 , 837.8154,27.5360,<LOD,0.0400,-0.0000,312.1347 , 44.5907,4.5559,<LOD,2.6186,0.0082,<LOD,0.0040,-0.0000,<LOD,0.8865,0.0082,<LOD,0.0102,-0.0000,5,421.700012,39.004925,-122.666962,10.000000,528836.562500,4317376.000000,
985,Mining,120.24,30.04,30.00,30.10,30.10,"Sat Apr 18, 2026 - 10:51:08",User,1.5,ppm,,,,,,Mining,<LOD,0.9512,0.9015,26704.6758 , 618.6015,0.7218,<LOD,1.0322,0.3303,<LOD,2.2873,0.1538,587.9995 , 14.5157,29.3750,552490.5625 , 2072.4583,<LOD,0.9393,0.1770,489.3144 , 23.7741,1.2233,<LOD,1.4928,1.7865,<LOD,31.0701,0.6779,<LOD,10.7300,0.9247,48.3546 , 3.0827,2.7222,<LOD,2.6047,0.3236,1218.3710 , 22.9899,4.7480,<LOD,0.0000,0.0000,39.4564 , 2.1184,0.8828,2502.1692 , 41.2411,2.3298,<LOD,2201.2597,0.0297,<LOD,16.8106,0.3777,<LOD,0.7609,7.4078,3.7269 , 0.4101,4.4613,<LOD,3.7179,0.2534,278.0739 , 79.9260,0.1628,5.8050 , 0.7137,0.4390,<LOD,0.8505,0.6412,18.6335 , 0.6527,1.7777,<LOD,0.0000,0.0000,4377.7104 , 52.6898,2.2001,<LOD,2.7866,5.4218,<LOD,0.5881,0.2584,404744.3750 , 575.6985,54.9846,<LOD,2.4201,4.2496,15.0415 , 0.3372,2.3286,<LOD,0.0000,0.0000,2.7516 , 0.5289,0.4217,6251.1714 , 29.7948,30.4531,<LOD,0.9391,0.5708,79.9157 , 8.0458,4.6630,<LOD,4.3609,0.2009,2.3568 , 0.4087,2.2420,2.7172 , 1.4597,0.4403,136.7930 , 0.9139,19.8789,7,418.399994,39.004902,-122.666954,10.000000,528837.125000,4317373.500000,
986,Mining,120.00,30.25,30.07,30.13,29.55,"Sat Apr 18, 2026 - 10:54:11",User,1.5,ppm,,,,,,Mining,<LOD,1.2695,0.9133,11073.2139 , 496.9570,0.4067,<LOD,0.8473,0.2033,<LOD,2.0725,0.1148,383.1865 , 14.2657,23.5202,522933.1562 , 2258.0352,<LOD,0.9493,0.1653,<LOD,19.4146,0.3034,<LOD,1.5487,1.7105,<LOD,29.9848,0.5689,<LOD,14.7534,1.6022,36.1208 , 3.0840,2.3040,<LOD,2.7593,0.3326,2703.7363 , 33.4116,9.3779,<LOD,0.0000,0.0000,12.3057 , 1.6673,0.4721,498.7267 , 25.5352,0.7414,3356.9417 , 1803.2761,0.0423,<LOD,15.6427,0.3021,<LOD,0.8631,8.7953,5.2563 , 0.4256,4.4341,<LOD,4.0085,0.2622,302.0855 , 80.3042,0.1496,<LOD,0.8805,0.3066,<LOD,0.8890,0.6228,<LOD,0.5819,0.4079,<LOD,0.0000,0.0000,2696.0718 , 44.6585,1.4008,<LOD,2.8717,5.1093,<LOD,0.5733,0.2293,446496.2812 , 615.6029,60.6113,<LOD,2.3014,3.9350,1.9320 , 0.2251,0.9394,<LOD,0.0000,0.0000,1.0690 , 0.4971,0.3128,9122.2529 , 35.7365,41.4820,<LOD,0.8674,0.4522,103.1592 , 9.5975,5.9878,<LOD,4.8921,0.2321,<LOD,0.5319,1.5828,<LOD,2.4357,0.3893,274.5074 , 1.2884,34.9628,7,429.100006,39.004929,-122.666801,10.000000,528850.250000,4317376.500000,
987,Mining,120.54,30.23,30.02,30.19,30.10,"Sat Apr 18, 2026 - 10:56:58",User,1.5,ppm,,,,,,Mining,<LOD,1.0432,0.9229,11142.0146 , 457.9548,0.3852,<LOD,0.9129,0.2190,<LOD,2.3390,0.1337,439.5262 , 14.9498,24.8365,584051.3750 , 2220.7075,<LOD,1.0223,0.1748,100.1660 , 17.3790,0.5272,<LOD,1.6000,1.7395,<LOD,28.1511,0.5660,<LOD,19.1446,2.4950,39.4016 , 3.2454,2.4464,<LOD,2.8452,0.3230,4714.1675 , 44.4665,15.6370,<LOD,0.0000,0.0000,27.5587 , 2.0422,0.6699,1377.5615 , 34.8740,1.3980,<LOD,2759.3698,0.0362,<LOD,16.8095,0.3255,<LOD,0.8970,8.6100,5.3789 , 0.4469,4.4389,<LOD,4.2771,0.2614,270.6848 , 75.8398,0.1492,<LOD,0.9379,0.3167,<LOD,0.9341,0.6584,<LOD,0.7680,0.4000,<LOD,0.0000,0.0000,4577.0645 , 51.9747,2.1734,<LOD,2.9686,5.1789,<LOD,0.6132,0.2347,382979.2812 , 574.0043,48.2956,<LOD,2.3865,4.0317,2.7552 , 0.2482,1.0381,<LOD,0.0000,0.0000,1.1595 , 0.5321,0.3234,9429.8984 , 37.0082,42.4277,<LOD,0.9134,0.4487,86.1317 , 9.8730,6.0314,<LOD,4.9688,0.2180,<LOD,0.5641,1.6205,17.3402 , 1.8407,0.5876,272.6552 , 1.3222,33.7628,5,429.299988,39.004925,-122.666878,10.000000,528843.750000,4317376.000000,
988,Mining,122.82,32.57,30.15,30.04,30.06,"Sat Apr 18, 2026 - 11:00:00",User,1.5,ppm,,,,,,Mining,<LOD,0.9985,0.9951,9494.3545 , 423.9570,0.3701,<LOD,1.5785,0.7733,<LOD,2.4359,0.1705,2023.3546 , 19.9160,62.5052,567145.7500 , 2056.9568,<LOD,1.0634,0.2219,<LOD,16.7653,0.2919,<LOD,1.5748,1.9846,<LOD,27.4948,0.5817,<LOD,7.6855,0.4731,21.5491 , 4.2102,4.8460,3.7878 , 2.1042,0.4677,320.8513 , 14.4722,1.8011,<LOD,0.0000,0.0000,54.2320 , 2.4183,1.1828,69.7684 , 18.2858,0.4035,<LOD,2361.1745,0.0377,70.0863 , 15.4748,0.6989,<LOD,0.7686,7.3019,2.2680 , 0.4092,4.3086,<LOD,3.9115,0.2837,439.8871 , 86.8190,0.2140,27.5984 , 1.0769,0.9898,<LOD,0.9060,0.7324,5.3417 , 0.5074,0.8502,<LOD,0.0000,0.0000,5481.2065 , 56.0894,2.7301,<LOD,2.9428,5.9321,<LOD,0.6335,0.3024,410606.1250 , 562.4645,56.8247,<LOD,2.4152,4.9295,61.8745 , 0.5975,7.1564,<LOD,0.0000,0.0000,4.4452 , 0.6092,0.5549,4019.7097 , 44.6885,35.1459,<LOD,1.0201,0.6556,37.1440 , 10.2933,7.2030,<LOD,0.0000,0.2312,<LOD,0.5578,1.8072,<LOD,1.7493,0.2767,110.6760 , 0.8794,17.9116,7,415.600006,39.004913,-122.667000,10.000000,528833.375000,4317374.500000,
989,Mining,120.21,30.07,30.03,30.06,28.25,"Sat Apr 18, 2026 - 11:02:41",User,1.5,ppm,,,,,,Mining,<LOD,0.9864,0.9481,7753.4185 , 431.4397,0.3260,<LOD,1.6179,0.8185,<LOD,2.3982,0.1634,1639.7025 , 19.0691,53.0174,592527.8750 , 2839.5647,<LOD,1.0684,0.2209,<LOD,17.6776,0.2660,<LOD,1.5626,1.9113,<LOD,31.3826,0.6589,<LOD,8.9641,0.6283,13.4822 , 4.9370,5.6944,<LOD,5.2643,0.4649,625.0575 , 18.1653,2.8156,<LOD,0.0000,0.0000,34.0189 , 2.0900,0.8687,379.4678 , 23.5523,0.6535,<LOD,4266.9001,0.0430,65.1450 , 15.4429,0.6878,<LOD,0.7815,7.4436,2.8033 , 0.4168,4.4090,<LOD,3.9914,0.2896,615.5198 , 102.3436,0.2632,28.6037 , 1.0876,0.9948,<LOD,0.8791,0.6707,7.7879 , 0.5506,1.0605,<LOD,0.0000,0.0000,6010.9741 , 63.0595,2.9526,<LOD,2.9394,5.8587,<LOD,0.6222,0.2871,380840.2188 , 707.3514,50.8137,<LOD,2.3973,4.6996,65.2177 , 0.6147,7.3412,<LOD,0.0000,0.0000,3.1930 , 0.5982,0.5143,6705.6934 , 56.8040,52.7861,<LOD,1.0506,0.6533,38.1515 , 12.8918,10.1592,<LOD,0.0000,0.2112,<LOD,0.5746,1.8849,<LOD,1.7215,0.2646,116.7902 , 0.9141,18.4501,6,415.899994,39.004913,-122.666992,10.000000,528833.812500,4317374.500000,
990,Mining,120.00,30.09,30.10,30.08,29.73,"Sat Apr 18, 2026 - 11:25:16",User,1.5,ppm,,,,,,Mining,<LOD,1.6535,0.5811,97903.7109 , 1904.6831,2.1382,<LOD,1.9833,0.3152,<LOD,3.6300,0.0954,485.7126 , 24.3197,15.1105,510579.5312 , 4735.7632,<LOD,1.5981,0.1277,6497.8569 , 131.3970,9.0339,<LOD,2.5153,1.0591,<LOD,39.5866,0.6724,<LOD,87.8364,32.7243,143.1966 , 8.4760,4.4647,21.7047 , 3.6003,0.3733,84671.2109 , 237.4516,210.9592,<LOD,0.0000,0.0000,12.4478 , 2.5022,0.2859,11670.2090 , 155.4454,7.9090,3582.4028 , 3252.9739,0.0546,53.6982 , 22.3097,0.8630,<LOD,1.2295,4.2998,6.8981 , 0.6711,2.6836,<LOD,11.5646,0.2618,719.2743 , 122.6051,0.2504,13.9747 , 1.3716,0.3979,<LOD,1.4460,0.3976,62.4903 , 1.5185,2.4752,<LOD,0.0000,0.0000,34627.4023 , 157.4641,12.7058,<LOD,4.8736,3.4294,<LOD,0.9486,0.1654,238107.8906 , 629.8821,22.8054,20.8880 , 2.6793,2.9242,103.7714 , 1.0716,5.3973,<LOD,0.0000,0.0000,2.6014 , 0.8943,0.2783,10207.1543 , 70.7258,37.1696,<LOD,2.1962,0.3902,272.3521 , 20.7573,6.3857,<LOD,8.0405,0.1765,8.2201 , 0.7955,1.9300,38.2779 , 3.0858,0.5195,187.0989 , 1.6037,13.4059,4,414.799988,39.004898,-122.666534,10.000000,528873.375000,4317373.000000,
991,Mining,120.50,30.22,30.05,30.11,29.53,"Sat Apr 18, 2026 - 11:27:56",User,1.5,ppm,,,,,,Mining,<LOD,1.5885,0.5655,105123.2344 , 1988.3220,2.2865,<LOD,1.8806,0.3135,<LOD,3.4308,0.0948,450.9648 , 23.5994,14.9834,500993.2188 , 4870.5361,<LOD,1.5005,0.1255,8074.1113 , 142.4150,11.1113,<LOD,2.4466,1.0588,<LOD,40.1112,0.6778,<LOD,82.3650,30.5625,140.4514 , 8.3034,4.3722,19.3330 , 3.3823,0.3662,78398.7031 , 232.8285,196.0882,<LOD,0.0000,0.0000,9.9741 , 2.2854,0.2653,11124.6123 , 150.6115,7.5759,6743.1665 , 3348.5547,0.0594,51.1357 , 21.3795,0.8385,<LOD,1.1752,4.4005,7.4740 , 0.6451,2.7803,<LOD,10.7913,0.2682,691.4755 , 122.0180,0.2444,13.5908 , 1.3067,0.4026,<LOD,1.4466,0.4224,59.1822 , 1.4292,2.4343,<LOD,0.0000,0.0000,32217.9277 , 154.3413,11.8640,<LOD,4.7004,3.3405,<LOD,0.9367,0.1845,245071.4062 , 647.3427,23.6660,22.2245 , 2.6189,2.9624,116.4127 , 1.0900,6.1733,<LOD,0.0000,0.0000,4.5140 , 0.8754,0.3121,10164.2549 , 70.0736,37.0029,<LOD,2.3754,0.4069,271.5786 , 20.4627,6.3459,<LOD,7.3805,0.1650,7.9932 , 0.7530,1.9364,40.8760 , 2.9881,0.5421,182.1697 , 1.5386,13.6318,5,418.700012,39.004993,-122.666573,10.000000,528870.312500,4317383.500000,
992,Mining,123.02,32.76,30.06,30.08,30.12,"Sat Apr 18, 2026 - 11:30:35",User,1.5,ppm,,,,,,Mining,1.2995 , 0.6640,0.8281,160200.9375 , 1371.9725,3.4146,<LOD,1.1308,0.3687,<LOD,2.2820,0.1353,169.4440 , 13.0586,16.7423,495021.1250 , 3084.6560,<LOD,0.9662,0.1658,555.2602 , 31.2870,1.4434,2.2923 , 1.0259,1.6019,<LOD,29.8426,0.6195,<LOD,20.7844,3.1836,89.4836 , 3.9285,3.4917,3.2480 , 2.0635,0.4088,5754.7783 , 48.2427,18.9992,<LOD,0.0000,0.0000,21.7923 , 1.8561,0.5828,6213.5615 , 68.0318,5.0855,4329.9722 , 1741.5239,0.0457,28.3613 , 14.6343,0.6111,<LOD,0.8200,7.3986,7.2533 , 0.4511,4.6003,<LOD,4.2307,0.2644,468.5340 , 84.7066,0.1962,6.4578 , 0.7570,0.4364,<LOD,0.8910,0.5863,58.3235 , 1.0401,4.3362,<LOD,0.0000,0.0000,5082.4897 , 54.5008,2.4232,<LOD,2.7617,4.4297,<LOD,0.5983,0.2371,312818.3125 , 615.0364,37.3754,8.3269 , 1.5060,3.6220,38.4885 , 0.4865,4.2431,<LOD,0.0000,0.0000,5.0104 , 0.5960,0.5125,8702.4697 , 39.2288,38.9373,1.3843 , 0.6967,0.6366,251.3204 , 10.8429,6.6930,<LOD,4.7758,0.2144,6.9036 , 0.5220,3.1477,<LOD,2.0313,0.3351,153.1316 , 1.0131,20.4640,3,425.799988,39.004917,-122.666611,10.000000,528866.562500,4317375.000000,
993,Mining,120.56,30.17,30.17,30.04,30.18,"Sat Apr 18, 2026 - 11:33:16",User,1.5,ppm,,,,,,Mining,<LOD,1.4792,0.7728,118838.9844 , 1473.1071,2.5605,<LOD,1.5270,0.4625,<LOD,6.2080,0.3982,326.3962 , 20.8866,17.4869,573845.2500 , 3542.0496,<LOD,1.7872,0.2304,98.2339 , 39.8732,0.7969,<LOD,2.2484,1.4114,<LOD,29.0447,0.6430,<LOD,82.5664,47.4005,155.2099 , 7.9439,6.0539,<LOD,0.0000,0.0000,93590.2500 , 242.3586,323.2371,<LOD,17.2956,0.5826,744.6894 , 16.6267,7.9091,3928.8127 , 95.8168,3.8104,3851.2390 , 2475.4980,0.0564,<LOD,28.4602,0.9911,<LOD,1.1975,5.5076,5.4539 , 0.6446,3.2963,51.4636 , 7.5744,0.3770,1356.5564 , 119.0242,0.4447,<LOD,0.0000,0.0000,<LOD,1.3106,0.5441,55.0919 , 1.5405,2.7616,50.0114 , 17.0616,0.9281,28906.6797 , 124.7245,13.8782,<LOD,4.2568,4.2883,<LOD,1.2054,0.3479,170690.7031 , 499.1269,20.0092,10.0690 , 2.3204,3.5684,77.3260 , 0.9672,6.2671,46.8990 , 6.1243,0.3704,2.3812 , 0.8668,0.3233,3044.2888 , 43.2095,15.9623,<LOD,3.1676,1.5913,175.8465 , 13.5893,3.8384,<LOD,0.0000,0.2137,3.4534 , 0.7024,2.1394,<LOD,0.0000,0.0000,144.6800 , 1.3480,13.9924,7,438.299988,39.004749,-122.666824,10.000000,528848.625000,4317356.500000,
994,Mining,120.48,30.07,30.27,30.09,30.05,"Sat Apr 18, 2026 - 11:36:08",User,1.5,ppm,,,,,,Mining,<LOD,1.4317,0.7760,128330.7188 , 1428.8549,2.7605,<LOD,1.2232,0.3989,<LOD,4.4095,0.2729,228.6333 , 18.5048,16.5494,545410.0625 , 3209.3977,<LOD,1.4615,0.2073,197.9893 , 36.5775,0.9319,<LOD,2.0923,1.5083,<LOD,30.1032,0.6609,<LOD,67.5463,33.9098,98.8894 , 6.3636,4.6761,<LOD,0.0000,0.0000,66570.5859 , 183.9203,225.6252,<LOD,12.3510,0.4731,383.3380 , 10.4700,4.4152,3373.4822 , 78.7682,3.2316,<LOD,3171.5746,0.0432,<LOD,25.2610,0.8303,<LOD,1.0300,5.8627,5.9539 , 0.5618,3.6351,<LOD,8.5633,0.2962,512.4455 , 91.4565,0.2302,<LOD,0.0000,0.0000,<LOD,1.3839,0.5905,41.2928 , 1.1826,2.4251,<LOD,16.9559,0.5918,21960.8066 , 109.6024,10.3368,<LOD,3.8538,4.3304,<LOD,0.9161,0.2831,226168.6719 , 548.5753,27.0601,9.8113 , 2.0960,3.5606,38.0434 , 0.6357,3.7392,25.8705 , 4.8922,0.3335,3.4792 , 0.7515,0.3661,6257.9717 , 48.4972,30.5379,<LOD,2.1811,1.1161,228.8938 , 14.7371,5.8047,<LOD,0.0000,0.1992,2.9896 , 0.5846,2.0673,<LOD,0.0000,0.0000,150.0213 , 1.2073,15.4440,7,408.500000,39.004856,-122.666656,10.000000,528863.125000,4317368.500000,
995,Mining,120.60,30.26,30.10,30.07,30.17,"Sat Apr 18, 2026 - 11:39:02",User,1.5,ppm,,,,,,Mining,<LOD,1.8361,0.5767,85308.1016 , 1873.3452,1.8916,1.4883 , 1.2631,0.2777,<LOD,3.9907,0.0976,547.5764 , 27.6801,15.6727,492633.9062 , 5059.2344,<LOD,1.7176,0.1254,8465.8779 , 166.1935,11.7779,<LOD,2.7788,1.0305,<LOD,39.8334,0.6841,<LOD,97.6296,39.2192,123.5443 , 9.8840,4.8186,28.6032 , 4.0381,0.4026,103969.7969 , 285.7145,259.0324,<LOD,0.0000,0.0000,6.7503 , 2.4832,0.2326,11782.2178 , 176.0297,8.1299,<LOD,5473.7977,0.0615,150.9556 , 25.4666,1.1103,<LOD,1.3086,3.9234,6.7495 , 0.7335,2.5887,20.5258 , 8.9460,0.2866,716.3179 , 128.1091,0.2751,<LOD,1.7771,0.2797,<LOD,1.6497,0.4191,55.6248 , 1.5456,2.1154,<LOD,0.0000,0.0000,50956.8984 , 192.9135,19.0031,<LOD,5.4425,3.3806,<LOD,1.0704,0.1817,231537.6719 , 626.5580,22.7374,15.2432 , 3.0009,2.9273,208.1910 , 1.5859,9.6422,<LOD,0.0000,0.0000,1.8212 , 0.9213,0.2368,9474.5928 , 78.6441,35.0626,2.2556 , 1.1972,0.4304,223.7093 , 22.8292,6.0033,<LOD,8.7071,0.1753,16.2368 , 0.9001,2.1190,32.9143 , 3.1655,0.4676,151.5574 , 1.6123,11.3709,6,410.899994,39.004932,-122.666641,10.000000,528864.250000,4317377.000000,
996,Mining,124.48,34.27,30.03,30.05,30.13,"Sat Apr 18, 2026 - 11:41:44",User,1.5,ppm,,,,,,Mining,<LOD,3.2089,0.6348,370957.7188 , 2224.4961,2.4635,<LOD,0.0849,0.0009,<LOD,0.2438,0.0004,1329.1195 , 55.4544,16.5652,2805.7100,,<LOD,0.1493,0.0011,56299.0820 , 1122.4623,26.7466,<LOD,4.8357,1.1377,<LOD,98.5204,0.6762,44.5975 , 4.0806,0.0769,319.0252 , 22.3153,3.8765,<LOD,1.7526,0.0372,<LOD,15.1354,0.2099,<LOD,0.0000,0.0000,<LOD,0.6052,0.0049,24505.3652 , 535.1724,7.4344,35485.5859 , 6479.9907,0.0677,683.5756 , 35.9201,0.7701,<LOD,0.0040,0.0000,<LOD,0.0037,-0.0000,<LOD,3.6625,0.0442,2034.3950 , 283.4416,0.2398,<LOD,0.0432,0.0002,<LOD,2.9651,0.4865,<LOD,0.0063,-0.0001,<LOD,0.0000,0.0000,47594.5703 , 831.1756,8.8294,<LOD,9.1543,3.4826,<LOD,0.0655,0.0003,439290.8125 , 3851.9097,28.2112,36.3052 , 5.1264,3.1575,<LOD,0.0116,0.0002,<LOD,0.0000,0.0000,<LOD,0.0839,0.0004,18180.2695 , 437.7070,27.2963,<LOD,0.0335,-0.0001,433.8350 , 47.5188,4.6452,<LOD,2.3676,0.0148,<LOD,0.0024,-0.0000,<LOD,0.8890,0.0182,<LOD,0.0087,-0.0000,7,411.600006,39.004936,-122.666626,10.000000,528865.250000,4317377.000000,
997,Mining,122.98,32.55,30.10,30.12,30.21,"Sat Apr 18, 2026 - 11:44:19",User,1.5,ppm,,,,,,Mining,<LOD,1.5475,0.6418,154719.9688 , 1888.1879,3.2954,<LOD,1.6252,0.2554,<LOD,3.3710,0.1028,325.7217 , 22.2159,15.0241,460739.2812 , 4458.3428,<LOD,1.5199,0.1446,179.4629 , 38.8844,0.8109,<LOD,2.3141,1.1209,<LOD,30.7060,0.6088,<LOD,89.2787,50.2326,165.5825 , 8.8570,5.8782,36.4142 , 3.7110,0.4974,104543.6875 , 304.2454,322.7540,<LOD,0.0000,0.0000,<LOD,4.1084,0.2467,723.1477 , 58.1907,1.0857,<LOD,4443.6460,0.0436,<LOD,35.2877,1.0451,<LOD,1.1389,4.5895,5.3721 , 0.6135,2.8008,<LOD,12.2039,0.3141,604.9166 , 95.7019,0.2337,6.6152 , 1.1517,0.3486,<LOD,1.3357,0.4272,6.8377 , 0.7077,0.5543,<LOD,0.0000,0.0000,14808.9551 , 92.8454,6.4503,<LOD,4.5228,3.6810,<LOD,0.8818,0.1850,253978.4219 , 607.3511,28.4092,17.7356 , 2.4978,3.1741,20.1676 , 0.5146,1.5681,<LOD,0.0000,0.0000,<LOD,1.0843,0.1756,7936.6387 , 65.7488,35.9933,<LOD,1.8108,0.3001,267.3066 , 19.6716,6.6696,<LOD,0.0000,0.1796,2.3553 , 0.5635,1.2376,<LOD,2.7730,0.2354,153.2409 , 1.3747,11.9801,6,411.700012,39.004925,-122.666634,10.000000,528865.125000,4317376.000000,
998,Mining,120.50,30.22,30.11,30.04,28.93,"Sat Apr 18, 2026 - 11:59:13",User,1.5,ppm,,,,,,Mining,<LOD,1.7573,0.6748,121267.1719 , 1827.1035,2.6132,<LOD,1.7682,0.2167,<LOD,3.8781,0.1077,403.3170 , 26.0101,16.8150,473762.2188 , 4460.4028,<LOD,1.5975,0.1271,262.9861 , 46.7574,0.9853,<LOD,2.7039,1.2545,<LOD,32.4440,0.6043,<LOD,98.8953,53.2694,164.3326 , 9.6704,5.9635,41.7278 , 4.2035,0.5111,116385.6953 , 305.3843,346.1776,<LOD,0.0000,0.0000,13.8219 , 2.6545,0.3200,1267.4967 , 72.8497,1.4933,4935.6982 , 2914.9241,0.0526,<LOD,37.5348,1.0755,<LOD,1.2391,4.2390,5.2067 , 0.6673,2.6043,16.6981 , 9.5002,0.3627,582.5329 , 99.9091,0.2218,8.7806 , 1.3375,0.3738,<LOD,1.5600,0.4780,18.0368 , 0.9688,0.9140,<LOD,0.0000,0.0000,22545.2656 , 118.4517,9.4480,<LOD,5.2571,4.0463,<LOD,1.0345,0.1979,250051.9375 , 605.1840,27.2539,13.3027 , 2.8780,3.4194,19.3158 , 0.5525,1.4334,<LOD,0.0000,0.0000,<LOD,1.1909,0.1817,7812.4463 , 69.8487,34.4927,<LOD,1.3786,0.2896,265.3075 , 21.0576,6.4662,<LOD,8.5082,0.1949,<LOD,1.4542,1.1927,<LOD,3.4539,0.2872,156.6938 , 1.4812,11.2843,6,414.100006,39.004910,-122.666649,10.000000,528863.562500,4317374.000000,
999,Mining,120.44,30.21,30.10,30.04,28.88,"Sat Apr 18, 2026 - 12:02:26",User,1.5,ppm,,,,,,Mining,<LOD,1.4883,0.6583,143969.5938 , 2334.2014,3.0862,<LOD,1.5895,0.3086,<LOD,3.1661,0.1082,442.4845 , 21.8363,17.1262,443965.8125 , 5576.0688,<LOD,1.4310,0.1527,20463.8418 , 188.6335,28.1613,<LOD,2.2658,1.2043,<LOD,41.0015,0.6859,<LOD,65.5745,20.5818,139.6757 , 6.7289,3.9899,19.3806 , 3.0894,0.4025,51328.7070 , 217.4724,132.6507,<LOD,0.0000,0.0000,16.8684 , 2.2870,0.3607,11160.7412 , 129.5115,7.8892,25047.6055 , 3739.3591,0.0878,243.2628 , 23.3675,1.0617,<LOD,1.0514,4.5918,6.3803 , 0.5959,3.0866,<LOD,8.6491,0.2958,861.2123 , 131.7143,0.2874,8.3792 , 1.0732,0.3631,<LOD,1.3449,0.4823,53.2528 , 1.3041,2.6280,<LOD,0.0000,0.0000,19402.1504 , 127.7207,7.5225,<LOD,4.3343,3.7802,<LOD,0.8422,0.1967,274322.8125 , 749.3190,28.2281,14.5217 , 2.3898,3.2548,212.9410 , 1.4303,12.6694,<LOD,0.0000,0.0000,4.0833 , 0.8154,0.3589,7871.3276 , 56.8400,29.3750,3.9351 , 1.0415,0.5826,238.3095 , 15.8353,5.2303,<LOD,6.9602,0.1956,15.1536 , 0.7382,2.5565,50.6212 , 2.8975,0.6727,136.9635 , 1.3518,13.6060,6,414.399994,39.004902,-122.666649,10.000000,528863.687500,4317373.500000,
1000,Mining,120.79,30.16,30.24,30.14,30.25,"Sat Apr 18, 2026 - 12:05:22",User,1.5,ppm,,,,,,Mining,<LOD,1.5057,0.6502,138388.6562 , 2087.1157,2.9663,<LOD,1.5582,0.2851,<LOD,3.2591,0.1139,458.4915 , 22.1603,17.2611,468193.4062 , 4967.5938,<LOD,1.4063,0.1460,22340.7441 , 187.3792,29.4822,<LOD,2.3057,1.2062,<LOD,38.3696,0.6668,<LOD,62.0505,17.2088,125.4552 , 6.4721,3.7425,15.3782 , 3.0214,0.3797,44788.4375 , 174.5037,111.5632,<LOD,0.0000,0.0000,11.7767 , 2.1671,0.3146,11071.2588 , 124.6652,7.5811,14712.4111 , 3124.5569,0.0684,320.0690 , 24.9683,1.1326,<LOD,1.0537,4.6145,5.7304 , 0.5918,3.0340,<LOD,8.4108,0.3029,907.2858 , 120.3132,0.2681,8.9452 , 1.0741,0.3608,<LOD,1.4136,0.5172,52.7937 , 1.2896,2.5820,<LOD,0.0000,0.0000,17645.7891 , 112.2919,6.6321,<LOD,4.4014,3.7739,<LOD,0.8582,0.2019,272504.4688 , 672.7120,26.9914,17.2442 , 2.4369,3.2878,229.0950 , 1.4424,13.4961,<LOD,0.0000,0.0000,2.4213 , 0.7830,0.3208,7749.0737 , 53.6063,27.8545,2.9371 , 1.0284,0.5655,240.7385 , 15.3544,5.0119,<LOD,7.0403,0.1979,15.4711 , 0.7402,2.5658,59.5628 , 3.0378,0.7311,132.3183 , 1.3170,13.3653,7,414.200012,39.004906,-122.666656,10.000000,528863.000000,4317374.000000,
1001,Mining,120.22,30.09,30.11,30.02,28.51,"Sat Apr 18, 2026 - 12:50:35",User,1.5,ppm,,,,,,Mining,<LOD,1.0636,0.9728,21037.5195 , 586.6163,0.6147,<LOD,0.8183,0.2298,<LOD,2.0763,0.1296,811.6318 , 15.1098,34.7826,533699.6250 , 2198.0747,<LOD,0.9021,0.1674,<LOD,18.7420,0.3846,<LOD,1.4932,1.8711,<LOD,30.7235,0.6345,<LOD,8.7829,0.6392,26.6284 , 2.8291,2.2221,<LOD,2.4513,0.2922,655.2024 , 17.7902,2.8826,<LOD,0.0000,0.0000,<LOD,1.7799,0.2461,103.0945 , 18.5571,0.4499,<LOD,2530.9276,0.0372,<LOD,15.5036,0.3249,<LOD,0.7752,7.8958,9.6874 , 0.4375,5.3032,<LOD,3.8654,0.2861,334.0102 , 81.4609,0.1638,<LOD,0.8002,0.2814,<LOD,0.8610,0.6876,2.3799 , 0.3866,0.5495,<LOD,0.0000,0.0000,3808.4963 , 51.6079,2.0059,<LOD,2.7438,5.4345,<LOD,0.5602,0.2437,427649.8750 , 614.7998,61.2018,<LOD,3.1832,4.4031,3.3144 , 0.2297,1.1005,<LOD,0.0000,0.0000,<LOD,1.1413,0.3147,11597.7490 , 38.3807,56.3443,<LOD,0.7182,0.3534,107.6781 , 9.9122,7.8734,<LOD,4.4042,0.2096,<LOD,0.5190,1.6749,<LOD,1.4056,0.1824,153.0978 , 0.9574,22.0795,7,427.600006,39.004856,-122.666336,10.000000,528890.437500,4317368.500000,
1002,Mining,120.36,30.13,30.05,30.12,29.16,"Sat Apr 18, 2026 - 12:53:27",User,1.5,ppm,,,,,,Mining,<LOD,0.9427,0.9322,19086.0273 , 562.0811,0.5727,<LOD,0.7608,0.2057,<LOD,1.9143,0.1198,645.8996 , 14.3820,30.9895,543049.3750 , 2200.4919,<LOD,0.8293,0.1537,19.9377 , 12.7912,0.4038,<LOD,1.4561,1.7867,<LOD,30.2323,0.6352,<LOD,8.2288,0.6092,22.9036 , 2.8396,2.2214,<LOD,2.4200,0.3095,586.4007 , 16.5021,2.6836,<LOD,0.0000,0.0000,<LOD,1.6987,0.2462,<LOD,26.5542,0.3548,5449.0576 , 1816.9347,0.0480,<LOD,14.0828,0.2890,<LOD,0.7408,7.8773,9.0499 , 0.4197,5.3206,<LOD,3.6404,0.2751,353.7721 , 81.2283,0.1696,<LOD,0.7722,0.2864,<LOD,0.8275,0.6368,1.8507 , 0.3731,0.5385,<LOD,0.0000,0.0000,3624.5164 , 49.9681,1.9427,<LOD,2.9035,5.3981,<LOD,0.5121,0.2203,417527.1562 , 623.6693,59.8215,<LOD,2.4453,4.2096,5.2554 , 0.2408,1.3188,<LOD,0.0000,0.0000,<LOD,0.7928,0.2834,9407.6152 , 35.6080,46.5171,<LOD,0.7224,0.3904,69.3288 , 9.1776,6.4412,<LOD,4.1005,0.1972,<LOD,0.4949,1.6582,<LOD,1.3525,0.1836,141.8337 , 0.8993,21.1310,7,427.399994,39.004856,-122.666336,10.000000,528890.562500,4317368.500000,
1003,Mining,120.69,30.22,30.14,30.11,30.22,"Sat Apr 18, 2026 - 13:04:29",User,1.5,ppm,,,,,,Mining,<LOD,0.9690,0.9207,22325.1504 , 572.4266,0.6304,<LOD,0.8262,0.2319,<LOD,1.9802,0.1222,378.4890 , 13.8126,24.4671,545182.1875 , 2152.4629,<LOD,0.8948,0.1703,24.2105 , 13.0409,0.4213,<LOD,1.5108,1.8058,<LOD,28.3290,0.6054,<LOD,8.5537,0.6278,45.1224 , 3.1344,2.4818,<LOD,2.4906,0.3140,684.5436 , 17.7175,2.9782,<LOD,0.0000,0.0000,<LOD,1.7712,0.2489,<LOD,25.8141,0.3441,5352.9702 , 1715.1205,0.0452,<LOD,15.2197,0.3257,<LOD,0.8011,8.8005,12.5116 , 0.4468,5.7626,<LOD,3.6248,0.2604,507.4420 , 88.2971,0.2229,<LOD,0.8384,0.3225,<LOD,0.8632,0.6494,<LOD,0.5632,0.4086,<LOD,0.0000,0.0000,1263.7274 , 32.0610,0.8371,<LOD,2.7838,5.3221,<LOD,0.5357,0.2297,407487.5312 , 591.6346,57.5616,<LOD,2.9692,4.1518,2.2668 , 0.2154,1.0018,<LOD,0.0000,0.0000,1.3329 , 0.4755,0.3382,16402.1016 , 47.5897,80.0375,<LOD,0.7386,0.3886,103.9830 , 11.8410,10.7202,<LOD,4.5749,0.2358,0.7284 , 0.3485,1.7828,<LOD,1.4557,0.2035,225.7150 , 1.1291,31.2010,8,424.500000,39.004856,-122.666344,10.000000,528890.250000,4317368.500000,
1004,Mining,120.49,30.16,30.14,30.11,28.28,"Sat Apr 18, 2026 - 13:07:23",User,1.5,ppm,,,,,,Mining,<LOD,1.3198,0.9724,21899.7188 , 584.3862,0.6309,<LOD,0.7765,0.2270,<LOD,1.9597,0.1313,329.8909 , 12.8676,24.1458,535891.9375 , 2195.3931,<LOD,0.8315,0.1611,<LOD,15.9706,0.3131,<LOD,1.7553,1.8891,<LOD,29.0710,0.6103,<LOD,8.0059,0.6065,45.5231 , 2.9596,2.5548,<LOD,2.3433,0.3043,552.7645 , 15.9514,2.6327,<LOD,0.0000,0.0000,<LOD,1.7106,0.2626,<LOD,20.6254,0.2224,7201.4419 , 1817.3394,0.0492,<LOD,14.6079,0.3270,<LOD,0.7644,8.7950,11.0372 , 0.4264,5.7541,<LOD,3.3937,0.2489,347.3500 , 84.1466,0.1897,<LOD,0.7818,0.3061,<LOD,0.8317,0.6980,<LOD,0.7324,0.4277,<LOD,0.0000,0.0000,1256.4076 , 32.9929,0.8532,<LOD,2.9613,5.4742,<LOD,0.5285,0.2465,417540.6562 , 628.4337,62.1032,<LOD,3.0375,4.2592,2.2032 , 0.2086,1.0315,<LOD,0.0000,0.0000,2.3307 , 0.4615,0.3681,14611.5010 , 44.3588,74.5425,<LOD,0.7050,0.3882,121.7782 , 10.9040,10.2293,<LOD,4.0776,0.2047,<LOD,0.5872,1.7551,<LOD,1.4329,0.2167,185.4637 , 1.0111,27.4122,8,423.299988,39.004860,-122.666351,10.000000,528889.562500,4317369.000000,
1005,Mining,120.01,30.12,30.10,30.05,29.74,"Sat Apr 18, 2026 - 13:09:53",User,1.5,ppm,,,,,,Mining,<LOD,1.1504,0.8995,16961.5234 , 535.7272,0.5210,<LOD,0.7871,0.1995,<LOD,2.0411,0.1217,210.0550 , 13.1424,19.9297,552993.6875 , 2109.5403,<LOD,0.9045,0.1632,34.6166 , 13.6458,0.4294,<LOD,1.5000,1.7255,<LOD,29.3733,0.5959,<LOD,9.6950,0.7560,26.5787 , 3.1127,2.2564,<LOD,2.5325,0.3045,916.4141 , 20.2752,3.6710,<LOD,0.0000,0.0000,<LOD,1.8274,0.2548,<LOD,26.9977,0.3462,<LOD,2477.0755,0.0363,<LOD,15.2579,0.3067,<LOD,0.8121,8.5013,12.3175 , 0.4529,5.5675,<LOD,3.6288,0.2419,393.5023 , 88.0185,0.1978,<LOD,0.7922,0.2682,<LOD,0.8531,0.6142,<LOD,0.5779,0.3832,<LOD,0.0000,0.0000,3860.6152 , 50.5182,1.9772,<LOD,2.7732,5.1113,<LOD,0.5611,0.2394,409355.0938 , 590.1896,56.1074,3.7966 , 1.4859,4.0228,3.0570 , 0.2280,1.0551,<LOD,0.0000,0.0000,1.0386 , 0.4752,0.3127,14911.5498 , 45.5282,70.7677,<LOD,0.7358,0.3612,104.0904 , 11.6583,9.6309,<LOD,4.4416,0.2081,<LOD,0.5145,1.6172,<LOD,1.4504,0.1895,212.0768 , 1.1092,28.6296,9,422.399994,39.004868,-122.666351,10.000000,528889.125000,4317369.500000,
1006,Mining,123.06,32.73,30.06,30.13,30.14,"Sat Apr 18, 2026 - 13:12:31",User,1.5,ppm,,,,,,Mining,<LOD,1.1299,0.8966,18258.7520 , 554.0179,0.5464,<LOD,0.8112,0.2055,<LOD,1.9483,0.1126,211.9288 , 12.7671,19.9243,547773.5625 , 2253.2168,<LOD,0.9006,0.1648,46.5498 , 13.5802,0.4415,<LOD,1.9582,1.7752,<LOD,29.7558,0.6175,<LOD,9.5415,0.7429,30.2777 , 3.0438,2.3234,<LOD,2.5623,0.3158,864.9490 , 19.7336,3.5116,<LOD,0.0000,0.0000,<LOD,2.3607,0.3001,<LOD,26.4180,0.3473,6984.3398 , 1845.3127,0.0491,<LOD,15.6207,0.3268,<LOD,0.8035,8.4449,12.1098 , 0.4489,5.5480,<LOD,3.6529,0.2489,447.2874 , 86.8999,0.1981,<LOD,0.8428,0.3108,<LOD,0.8472,0.6418,<LOD,0.7386,0.4005,<LOD,0.0000,0.0000,3368.6614 , 47.3868,1.7507,<LOD,3.9024,5.1682,<LOD,0.5197,0.2054,408932.0625 , 608.6548,55.7852,3.7313 , 1.4422,4.0040,2.9246 , 0.2256,1.0482,<LOD,0.0000,0.0000,<LOD,1.1707,0.3130,12760.3994 , 42.3810,60.7730,<LOD,0.7432,0.3733,99.5936 , 10.7353,8.4208,<LOD,4.2484,0.1926,<LOD,0.5515,1.6600,<LOD,1.4995,0.2058,202.8820 , 1.0854,27.6203,9,421.399994,39.004875,-122.666359,10.000000,528888.812500,4317370.500000,
1007,Mining,122.90,32.63,30.02,30.09,30.16,"Sat Apr 18, 2026 - 13:15:17",User,1.5,ppm,,,,,,Mining,<LOD,0.9889,0.9314,15261.9795 , 512.1558,0.4838,<LOD,0.8137,0.2019,<LOD,2.1013,0.1263,278.0865 , 13.9365,23.0190,551654.7500 , 2213.6450,<LOD,0.9592,0.1807,<LOD,28.2511,0.4003,<LOD,1.5739,1.9120,<LOD,28.3405,0.5828,<LOD,10.3221,0.8374,12.0567 , 2.8760,1.9606,<LOD,2.6795,0.3341,1071.3713 , 22.0221,4.2503,<LOD,0.0000,0.0000,<LOD,1.9785,0.2953,150.2826 , 19.7196,0.4942,5797.7588 , 1760.2997,0.0458,<LOD,16.7645,0.3656,<LOD,0.8015,8.0259,10.0830 , 0.4492,5.3185,<LOD,3.9564,0.2835,519.1817 , 84.0021,0.1956,<LOD,0.8391,0.2956,<LOD,0.9058,0.6978,1.4618 , 0.3930,0.5112,<LOD,0.0000,0.0000,2559.9106 , 42.0408,1.4186,<LOD,2.8934,5.6100,<LOD,0.5800,0.2511,407341.2188 , 593.5734,56.3640,4.9502 , 1.5561,4.4513,2.7516 , 0.2288,1.0393,<LOD,0.0000,0.0000,<LOD,0.9819,0.3165,15016.9424 , 44.9583,71.6594,<LOD,0.7817,0.3992,142.9291 , 11.4950,9.9384,<LOD,4.7146,0.2298,<LOD,0.5301,1.6653,<LOD,1.5345,0.2079,174.2245 , 1.0285,24.2191,9,420.700012,39.004879,-122.666367,10.000000,528887.937500,4317371.000000,
1008,Mining,120.36,30.00,30.10,30.16,28.61,"Sat Apr 18, 2026 - 13:17:51",User,1.5,ppm,,,,,,Mining,<LOD,0.9150,0.9160,14986.8242 , 522.3649,0.4913,<LOD,0.7971,0.2160,<LOD,2.1109,0.1387,326.4655 , 13.0400,23.9410,538485.6875 , 2129.9309,<LOD,0.8635,0.1572,<LOD,28.7946,0.3886,<LOD,1.4470,1.8542,<LOD,29.2663,0.5790,<LOD,8.2570,0.5869,16.0466 , 2.7211,2.0366,<LOD,2.5301,0.3210,490.7097 , 15.8530,2.3478,<LOD,0.0000,0.0000,<LOD,1.6514,0.2580,620.9307 , 24.5822,0.8795,<LOD,2508.5314,0.0369,<LOD,15.1235,0.3175,<LOD,0.7611,7.8394,8.8269 , 0.4305,5.2857,<LOD,3.7082,0.2722,284.8974 , 78.8621,0.1542,<LOD,0.8034,0.2930,<LOD,0.8351,0.6809,3.7944 , 0.4227,0.6996,<LOD,0.0000,0.0000,2399.8594 , 42.6570,1.3648,<LOD,2.9924,5.4874,<LOD,0.5459,0.2402,430141.2188 , 613.4720,62.5818,<LOD,2.2097,4.2071,1.5484 , 0.2084,0.9323,<LOD,0.0000,0.0000,1.1439 , 0.4621,0.3205,11988.4912 , 38.6546,58.8962,<LOD,0.7504,0.4004,98.4849 , 9.9555,8.0948,<LOD,0.0000,0.2154,<LOD,0.5167,1.7032,<LOD,1.4308,0.1993,145.0879 , 0.9278,21.4197,7,420.200012,39.004879,-122.666367,10.000000,528887.687500,4317371.000000,
1009,Mining,122.87,32.54,30.18,30.04,30.11,"Sat Apr 18, 2026 - 13:20:51",User,1.5,ppm,,,,,,Mining,<LOD,1.0252,0.9288,19306.1211 , 548.5753,0.5670,<LOD,0.8188,0.1957,<LOD,2.1473,0.1261,169.8051 , 13.5672,19.7062,532773.2500 , 2239.5415,<LOD,0.9741,0.1764,<LOD,17.9033,0.3240,<LOD,1.5757,1.8206,<LOD,27.4991,0.5475,<LOD,9.2489,0.6409,36.3095 , 2.9928,2.2075,<LOD,2.7187,0.3269,737.1735 , 19.0745,3.0136,<LOD,0.0000,0.0000,<LOD,1.6987,0.2405,<LOD,24.4356,0.2917,3751.9333 , 1662.0779,0.0413,<LOD,16.2378,0.3227,<LOD,0.8346,8.3237,13.7191 , 0.4729,5.6478,<LOD,3.8104,0.2514,359.4536 , 79.2302,0.1696,<LOD,0.8400,0.2815,<LOD,0.9183,0.6822,<LOD,0.5620,0.4100,<LOD,0.0000,0.0000,1075.3336 , 30.1824,0.7118,<LOD,3.9695,5.4078,<LOD,0.5704,0.2337,428021.3125 , 579.5464,57.9305,4.2410 , 1.5557,4.2065,1.3939 , 0.2146,0.8700,<LOD,0.0000,0.0000,1.6458 , 0.5154,0.3462,13455.5605 , 41.9054,61.8556,<LOD,0.7964,0.3977,88.2445 , 10.7702,8.3433,<LOD,0.0000,0.1962,<LOD,0.5308,1.5998,<LOD,1.5479,0.2057,204.4708 , 1.1162,27.1261,8,419.700012,39.004875,-122.666367,10.000000,528887.812500,4317370.500000,
1010,Mining,124.53,34.31,30.10,30.04,30.08,"Sat Apr 18, 2026 - 13:23:26",User,1.5,ppm,,,,,,Mining,<LOD,5.2939,0.9136,83891.6797 , 2143.7847,0.5802,<LOD,0.2076,0.0030,<LOD,0.1520,0.0001,1203.2185 , 80.1644,19.9770,5864.6392,,<LOD,0.1208,0.0004,<LOD,86.0115,0.3489,<LOD,8.3268,1.8191,<LOD,133.0174,0.5592,16.3718 , 4.1118,0.0414,99.6350 , 14.7332,2.0459,<LOD,1.5589,0.0161,33.0632 , 14.3186,0.2338,<LOD,0.0000,0.0000,<LOD,0.6753,0.0045,<LOD,103.9552,0.2317,21977.6367 , 7313.1509,0.0451,968.6609 , 49.9945,0.7521,<LOD,0.0045,0.0000,<LOD,0.0041,-0.0000,<LOD,3.4418,0.0326,1772.5316 , 369.8455,0.1639,<LOD,0.0845,0.0004,<LOD,4.9153,0.7069,<LOD,0.0096,-0.0000,<LOD,0.0000,0.0000,4871.6724 , 181.3806,0.7922,<LOD,15.4871,5.4333,<LOD,0.0832,0.0007,838709.9375 , 6416.0215,58.5485,<LOD,17.6411,4.2335,<LOD,0.0114,0.0001,<LOD,0.0000,0.0000,<LOD,0.0707,0.0002,40245.6445 , 985.2626,45.0866,<LOD,0.0381,-0.0000,345.3117 , 45.4498,6.2697,<LOD,1.9425,0.0053,<LOD,0.0009,-0.0000,<LOD,0.6361,0.0051,<LOD,0.0073,-0.0000,8,419.200012,39.004879,-122.666367,10.000000,528887.937500,4317371.000000,
1011,Mining,120.05,30.14,30.04,30.09,29.78,"Sat Apr 18, 2026 - 13:28:56",User,1.5,ppm,,,,,,Mining,<LOD,1.3347,0.6571,74411.4219 , 1507.8567,1.6544,<LOD,1.1851,0.2050,<LOD,2.8004,0.1004,449.2161 , 19.1509,17.2790,529259.5000 , 3930.9141,<LOD,1.1140,0.1085,12379.0479 , 115.8563,14.3131,<LOD,2.0243,1.2018,<LOD,42.1204,0.6420,<LOD,43.5523,6.1017,77.3742 , 4.5623,2.5423,<LOD,3.5804,0.2718,16223.1641 , 87.4354,37.2014,<LOD,0.0000,0.0000,<LOD,2.5075,0.2067,7103.4097 , 84.7890,4.2810,4660.2344 , 2606.9834,0.0460,205.1000 , 21.8687,0.7715,<LOD,0.9245,4.3973,1.5348 , 0.5150,2.8227,<LOD,5.9444,0.2230,800.7985 , 124.2601,0.2186,<LOD,1.1714,0.2571,<LOD,1.1437,0.4271,30.0529 , 0.9761,1.7177,<LOD,0.0000,0.0000,9484.1523 , 87.1491,3.2057,<LOD,3.8169,3.6984,<LOD,0.7300,0.1719,340785.6875 , 682.2924,30.5591,9.2804 , 2.0818,3.0842,250.6916 , 1.3615,15.6009,<LOD,0.0000,0.0000,2.7981 , 0.6448,0.2761,3603.1443 , 31.1624,12.0206,2.5114 , 0.9225,0.5576,124.7912 , 9.1213,2.3614,<LOD,6.4234,0.1926,9.4383 , 0.5956,2.0472,51.1648 , 2.7233,0.6824,75.4619 , 1.0225,10.1975,6,422.100006,39.004959,-122.666344,10.000000,528889.937500,4317380.000000,
1012,Mining,120.57,30.25,30.13,30.06,30.13,"Sat Apr 18, 2026 - 13:31:42",User,1.5,ppm,,,,,,Mining,<LOD,1.0322,0.8215,56187.6875 , 952.7692,1.3212,<LOD,0.9172,0.2378,<LOD,2.1757,0.1198,379.8807 , 14.7203,21.7846,506652.4375 , 2824.4604,<LOD,0.9082,0.1423,1576.8242 , 39.8815,2.7956,<LOD,1.6064,1.6038,<LOD,32.8175,0.6187,<LOD,18.6479,2.4533,43.0163 , 3.3012,2.6840,<LOD,2.8361,0.3308,4353.3379 , 42.0919,14.0442,<LOD,0.0000,0.0000,<LOD,1.9740,0.2539,5221.9321 , 60.8978,4.0867,6763.8506 , 2108.1479,0.0545,<LOD,19.6363,0.4628,<LOD,0.7591,5.8677,<LOD,0.8171,3.6663,<LOD,4.1793,0.2574,954.9581 , 112.8275,0.2926,<LOD,0.9145,0.3117,<LOD,0.9327,0.5976,15.2406 , 0.7078,1.5992,<LOD,0.0000,0.0000,14714.4150 , 96.8972,6.2340,<LOD,2.9308,4.5769,<LOD,0.5758,0.2132,401711.4375 , 665.7675,49.9635,<LOD,3.6012,3.7345,380.3717 , 1.4779,34.4642,<LOD,0.0000,0.0000,1.7374 , 0.5131,0.3424,871.9440 , 17.6550,4.9056,3.6513 , 0.8453,0.9391,89.5647 , 5.3034,1.5740,<LOD,4.9842,0.2262,6.2635 , 0.4502,2.3550,28.5770 , 1.9422,0.6758,42.8871 , 0.8379,13.4007,5,422.299988,39.004967,-122.666397,10.000000,528885.000000,4317380.500000,
1013,Mining,122.90,32.74,30.02,30.05,30.09,"Sat Apr 18, 2026 - 13:34:27",User,1.5,ppm,,,,,,Mining,<LOD,0.9894,0.8957,55695.8906 , 825.4728,1.2998,<LOD,0.8593,0.2089,<LOD,2.0412,0.1128,447.3613 , 14.4919,25.5636,559832.3750 , 2379.1118,<LOD,0.9439,0.1663,2217.9651 , 42.7985,3.8955,<LOD,1.5693,1.8248,<LOD,29.2651,0.6117,<LOD,16.5119,2.0493,35.6140 , 2.9450,2.4350,<LOD,2.8426,0.3574,3356.4924 , 36.8681,11.6028,<LOD,0.0000,0.0000,9.1766 , 1.5794,0.4213,3702.1250 , 50.3036,3.1568,<LOD,2473.0078,0.0386,<LOD,18.3968,0.4299,<LOD,0.7206,5.6609,<LOD,0.5970,3.5694,<LOD,4.1155,0.2750,646.7693 , 91.5732,0.2323,<LOD,0.9011,0.3264,<LOD,0.8866,0.6400,6.7771 , 0.5941,1.0886,<LOD,0.0000,0.0000,11078.2959 , 77.6982,5.0070,<LOD,2.8710,5.2651,<LOD,0.5622,0.2229,361468.6250 , 577.7783,45.5409,<LOD,3.8382,4.2336,292.0046 , 1.2542,28.4089,<LOD,0.0000,0.0000,<LOD,1.0865,0.3287,1038.6637 , 15.8965,5.4869,3.7533 , 0.8096,0.9194,74.8495 , 4.8361,1.5090,<LOD,4.9953,0.2436,2.7864 , 0.3982,1.9876,71.8233 , 2.5213,1.2271,18.7040 , 0.6943,9.8373,4,415.500000,39.004917,-122.666298,10.000000,528894.125000,4317375.000000,
1014,Mining,120.55,30.21,30.10,30.08,30.16,"Sat Apr 18, 2026 - 13:37:16",User,1.5,ppm,,,,,,Mining,<LOD,1.0420,0.9045,67606.6719 , 944.4738,1.5403,<LOD,0.9224,0.2226,<LOD,2.3595,0.1359,545.5307 , 15.5735,27.3636,545555.5000 , 2950.5215,<LOD,0.9634,0.1552,1797.8342 , 39.5328,3.2376,<LOD,1.6274,1.7755,<LOD,29.3112,0.5938,<LOD,19.9822,2.7339,52.9555 , 3.1547,2.8053,<LOD,3.1077,0.3854,4742.6270 , 45.7537,16.0505,<LOD,0.0000,0.0000,17.1465 , 1.8684,0.5439,3822.8369 , 51.0776,3.2319,<LOD,3404.3800,0.0419,<LOD,19.9988,0.4642,<LOD,0.7765,5.7199,<LOD,0.6327,3.4723,<LOD,4.4910,0.2884,887.0528 , 100.9447,0.2824,<LOD,0.9511,0.3259,<LOD,0.9578,0.6832,7.7194 , 0.6816,1.2324,<LOD,0.0000,0.0000,10807.8359 , 78.4709,4.8505,<LOD,3.0178,5.2916,<LOD,0.6328,0.2520,361380.1875 , 649.1524,45.2160,5.3335 , 1.6283,4.2974,489.6002 , 1.7837,46.4132,<LOD,0.0000,0.0000,1.3727 , 0.5333,0.3509,920.9454 , 17.1367,5.3878,4.2680 , 0.9685,1.1825,78.6831 , 5.0241,1.5968,<LOD,5.3960,0.2567,4.7880 , 0.4458,2.2362,59.0895 , 2.4869,1.0764,14.4538 , 0.8410,12.6803,5,413.299988,39.004921,-122.666321,10.000000,528892.125000,4317375.500000,
1015,Mining,122.85,32.65,30.07,30.07,30.06,"Sat Apr 18, 2026 - 13:39:58",User,1.5,ppm,,,,,,Mining,<LOD,1.2054,0.8267,145055.7812 , 1478.1252,3.1107,<LOD,1.2857,0.3903,<LOD,2.5516,0.1363,625.5294 , 16.2831,25.6680,535015.8125 , 3493.3279,<LOD,1.0504,0.1586,1447.9983 , 44.6514,2.9026,<LOD,1.6665,1.5788,<LOD,32.5698,0.6823,<LOD,29.4920,5.4493,231.7802 , 5.2873,6.2945,<LOD,3.3953,0.3959,10818.5898 , 71.4697,34.4434,<LOD,0.0000,0.0000,5.3876 , 1.6591,0.3599,10417.2412 , 88.5629,8.0552,11349.7324 , 2257.4485,0.0686,<LOD,23.3654,0.5821,<LOD,0.8998,6.0155,<LOD,1.2253,3.9069,<LOD,5.1801,0.3043,2456.0991 , 158.9801,0.7096,5.2661 , 0.8551,0.4508,<LOD,0.9555,0.5750,12.9584 , 0.9593,1.9844,<LOD,0.0000,0.0000,25714.3691 , 123.8392,11.1346,<LOD,3.0779,4.6383,<LOD,0.6901,0.2593,252266.7812 , 606.3135,28.7074,9.1677 , 1.6737,3.8620,1232.6935 , 3.4132,106.5074,<LOD,0.0000,0.0000,5.4385 , 0.6694,0.5341,2916.1433 , 36.1796,18.1081,15.5287 , 1.4208,2.1982,344.4026 , 10.4410,5.5141,<LOD,5.3561,0.2190,7.6379 , 0.5343,2.6865,<LOD,2.3218,0.3569,45.7035 , 1.3387,27.1692,4,413.100006,39.004925,-122.666321,10.000000,528891.812500,4317376.000000,
1016,Mining,122.93,32.53,30.18,30.10,30.12,"Sat Apr 18, 2026 - 13:42:45",User,1.5,ppm,,,,,,Mining,<LOD,1.1681,0.8902,152085.9531 , 1463.3707,3.2433,<LOD,1.6438,0.5834,<LOD,2.8096,0.1530,798.7116 , 18.2195,29.6727,544013.8750 , 3456.1741,<LOD,1.2100,0.1954,1587.0112 , 47.0877,3.0543,<LOD,1.7721,1.6263,<LOD,30.3426,0.6322,<LOD,37.3550,8.7228,199.5811 , 5.5520,5.8741,7.5725 , 2.5161,0.4672,17088.2090 , 90.7104,54.4343,<LOD,0.0000,0.0000,19.0985 , 2.0828,0.5463,7663.7061 , 81.7025,6.1437,<LOD,3254.8792,0.0444,<LOD,34.0687,0.6809,<LOD,0.9677,6.2362,2.2858 , 0.5386,4.0879,<LOD,5.9042,0.3430,1979.3997 , 142.0782,0.5936,16.8218 , 1.1101,0.7079,<LOD,1.0479,0.6398,8.5488 , 0.9922,1.7935,<LOD,0.0000,0.0000,16253.2305 , 95.0009,7.1742,<LOD,3.3674,5.0928,<LOD,0.7597,0.2912,248697.9531 , 585.0712,28.3003,<LOD,4.3424,4.1026,1442.8649 , 3.8080,120.5353,<LOD,0.0000,0.0000,7.8244 , 0.7736,0.6582,7114.2578 , 46.7098,35.9061,17.6381 , 1.5639,2.4508,303.9363 , 12.7619,7.3462,<LOD,5.9130,0.2489,8.0997 , 0.5627,2.7366,25.7606 , 2.1564,0.6571,66.8216 , 1.5105,31.8370,5,415.500000,39.004959,-122.666336,10.000000,528890.625000,4317380.000000,
1017,Mining,120.45,30.13,30.18,30.05,30.09,"Sat Apr 18, 2026 - 13:45:27",User,1.5,ppm,,,,,,Mining,<LOD,1.0894,0.7765,145077.3906 , 1536.2803,3.1211,<LOD,1.3002,0.3901,<LOD,2.4211,0.1209,313.1792 , 15.4766,19.4930,448104.7188 , 3542.5413,<LOD,1.0364,0.1514,1529.8842 , 46.5760,2.9491,<LOD,1.6922,1.5023,<LOD,35.7605,0.7005,<LOD,30.7046,5.8884,83.4884 , 4.0153,3.1654,11.3653 , 2.3912,0.4398,11746.5781 , 73.5115,35.5996,<LOD,0.0000,0.0000,<LOD,2.1372,0.2475,10831.4004 , 91.7275,8.1389,5285.7095 , 2087.7385,0.0487,<LOD,22.3729,0.5360,<LOD,0.8648,6.3886,5.9172 , 0.4758,3.9877,<LOD,5.0660,0.2752,672.6089 , 104.5084,0.2389,9.2885 , 0.8680,0.4558,<LOD,1.1452,0.6180,54.3459 , 1.0890,3.7128,<LOD,0.0000,0.0000,5157.8789 , 60.5243,2.3228,<LOD,3.1495,4.4942,<LOD,0.6551,0.2287,363001.4688 , 706.1132,42.9786,9.3825 , 1.7245,3.7660,117.1808 , 0.8660,10.2153,<LOD,0.0000,0.0000,4.3254 , 0.6317,0.4493,7693.0737 , 39.2879,32.5393,2.4934 , 0.7666,0.6234,142.5291 , 10.3281,5.1683,<LOD,5.1788,0.2008,5.9750 , 0.5471,2.7199,7.0998 , 1.6832,0.4165,132.6972 , 1.0605,17.5011,5,415.600006,39.004951,-122.666336,10.000000,528890.375000,4317379.000000,
1018,Mining,120.44,30.01,30.17,30.17,29.50,"Sat Apr 18, 2026 - 13:48:08",User,1.5,ppm,,,,,,Mining,<LOD,1.1085,0.8518,126018.6406 , 1377.6008,2.7265,<LOD,1.2324,0.3571,<LOD,2.4396,0.1313,284.0356 , 15.3662,20.1346,489515.2812 , 3262.9080,<LOD,1.0337,0.1610,1541.1702 , 43.6511,2.9569,<LOD,1.6901,1.5820,<LOD,33.4257,0.6458,<LOD,25.3062,4.0915,69.4932 , 3.6261,2.9373,4.3992 , 2.2360,0.4088,8056.9458 , 59.6564,25.2042,<LOD,0.0000,0.0000,<LOD,2.3091,0.2781,9740.7881 , 82.8975,7.4547,4446.6025 , 1966.4279,0.0466,<LOD,21.4324,0.5030,<LOD,0.8540,6.6100,5.1632 , 0.4714,4.1611,<LOD,4.7075,0.2691,704.6895 , 101.6530,0.2396,8.6768 , 0.8501,0.4676,<LOD,0.9971,0.6141,48.9228 , 1.0455,3.6041,<LOD,0.0000,0.0000,7429.8403 , 69.8951,3.2885,<LOD,3.1629,4.8145,<LOD,0.6574,0.2463,345544.5625 , 666.0458,40.9909,6.3432 , 1.7167,3.9275,193.3019 , 1.0956,17.2336,<LOD,0.0000,0.0000,4.2972 , 0.6274,0.4743,6089.1216 , 32.8240,26.3601,3.4815 , 0.8186,0.7638,153.2776 , 9.0606,4.4921,<LOD,5.0953,0.2073,7.1007 , 0.5437,2.9024,<LOD,3.0507,0.3711,123.8914 , 1.0519,18.6657,6,415.500000,39.004948,-122.666328,10.000000,528891.500000,4317378.500000,
1019,Mining,120.57,30.09,30.21,30.14,28.93,"Sat Apr 18, 2026 - 13:50:56",User,1.5,ppm,,,,,,Mining,<LOD,1.4141,0.6451,171072.8281 , 2502.6787,3.6262,<LOD,1.4870,0.2822,<LOD,2.7024,0.0834,477.4678 , 20.7492,17.2002,414292.5312 , 6009.8428,<LOD,1.3295,0.1405,10081.7373 , 127.6045,13.2791,<LOD,2.1289,1.1531,<LOD,39.4839,0.6384,<LOD,71.4916,15.6922,146.3677 , 6.2792,3.8229,23.8311 , 3.0626,0.4169,39379.5039 , 184.0173,98.0265,<LOD,0.0000,0.0000,3.7335 , 1.8714,0.2414,10469.1123 , 119.3099,6.9115,35421.9102 , 3591.9333,0.0963,560.5698 , 28.0315,1.4727,<LOD,1.0139,4.7810,6.4717 , 0.5583,3.0022,<LOD,8.1125,0.3217,841.1221 , 120.8666,0.2463,8.3886 , 1.0155,0.3477,<LOD,1.3329,0.5012,50.1556 , 1.1925,2.4393,<LOD,0.0000,0.0000,1304.2007 , 38.7918,0.6994,<LOD,4.0653,3.6165,<LOD,0.8039,0.1993,307026.2188 , 788.8896,29.5170,15.7451 , 2.2527,3.1608,30.9995 , 0.5455,2.2839,<LOD,0.0000,0.0000,4.7233 , 0.7707,0.3515,8390.4258 , 56.0853,29.9527,1.4655 , 0.8061,0.3740,168.5386 , 14.5672,4.8779,<LOD,6.9062,0.2041,11.7119 , 0.6723,2.2851,55.2634 , 2.8771,0.7004,154.9764 , 1.2979,13.1104,7,415.000000,39.004944,-122.666321,10.000000,528891.937500,4317378.000000,
1020,Mining,120.46,30.12,30.19,30.10,27.95,"Sat Apr 18, 2026 - 13:54:09",User,1.5,ppm,,,,,,Mining,<LOD,1.3155,0.7623,161361.0000 , 2030.8307,3.4312,<LOD,1.5179,0.3604,<LOD,3.0093,0.1268,651.0754 , 20.1253,23.2073,433884.8125 , 4792.1729,<LOD,1.2292,0.1452,2239.8010 , 62.1819,3.5470,<LOD,2.0191,1.4249,<LOD,37.1693,0.5979,<LOD,62.1750,11.2070,122.0966 , 5.3584,3.4864,18.2084 , 2.8639,0.4357,25876.8066 , 125.1390,69.0852,<LOD,0.0000,0.0000,3.2439 , 1.7770,0.2669,8274.5303 , 97.9818,5.7143,16295.6123 , 2729.9019,0.0625,197.6698 , 21.5281,0.9067,<LOD,0.9888,5.5550,7.7668 , 0.5486,3.5571,<LOD,7.2070,0.3503,562.8903 , 107.2665,0.1990,10.6878 , 1.0227,0.4287,<LOD,1.2097,0.5785,46.1801 , 1.1274,2.6491,<LOD,0.0000,0.0000,1793.2290 , 42.2658,0.8872,<LOD,3.8474,4.4725,<LOD,0.8205,0.2458,339212.7500 , 761.5106,34.9228,10.8957 , 2.1008,3.7758,92.5136 , 0.8579,6.7373,<LOD,0.0000,0.0000,6.4531 , 0.7533,0.4323,8964.6641 , 51.3042,33.8529,2.2956 , 0.8399,0.4991,171.5616 , 13.5053,5.3828,<LOD,6.2474,0.2002,9.2416 , 0.6257,2.4212,26.6294 , 2.3088,0.5412,157.3306 , 1.2637,16.1148,8,414.600006,39.004940,-122.666321,10.000000,528891.812500,4317377.500000,
1021,Mining,123.35,33.15,30.05,30.09,30.06,"Sat Apr 18, 2026 - 14:30:25",User,1.5,ppm,,,,,,Mining,<LOD,3.7738,0.7801,214828.7812 , 2166.1812,1.4715,<LOD,0.1427,0.0024,<LOD,0.0975,0.0001,1290.5148 , 61.1710,19.2154,3982.0098,,<LOD,0.1762,0.0014,3250.9363 , 148.3533,2.0460,<LOD,5.9493,1.5578,<LOD,109.8447,0.6644,17.6349 , 3.3653,0.0463,126.5288 , 13.5904,2.5279,<LOD,1.4254,0.0223,21.7360 , 11.1245,0.2331,<LOD,0.0000,0.0000,<LOD,0.5050,0.0037,32605.9941 , 630.3137,8.4494,22409.4883 , 6206.6724,0.0518,776.1312 , 37.7056,0.7553,<LOD,0.0034,0.0000,<LOD,0.0034,-0.0000,<LOD,2.7278,0.0338,3778.9172 , 376.0737,0.3210,<LOD,0.0375,0.0001,<LOD,3.5387,0.6168,<LOD,0.0065,-0.0000,<LOD,0.0000,0.0000,15161.2402 , 324.3646,2.5405,<LOD,11.0076,4.5540,<LOD,0.0484,0.0002,674634.5625 , 4978.2275,49.1672,34.9060 , 6.0311,3.8898,<LOD,0.0039,-0.0000,<LOD,0.0000,0.0000,<LOD,0.0891,0.0001,26505.3105 , 576.8536,37.6637,<LOD,0.0278,-0.0000,575.3029 , 40.6962,6.0540,<LOD,1.6895,0.0067,<LOD,0.0019,-0.0000,<LOD,0.6920,0.0100,<LOD,0.0089,-0.0000,10,410.200012,39.004639,-122.666962,10.000000,528836.375000,4317344.000000,
1022,Mining,122.96,32.65,30.13,30.11,30.07,"Sat Apr 18, 2026 - 14:33:01",User,1.5,ppm,,,,,,Mining,<LOD,1.0949,0.7998,68913.7344 , 1062.0437,1.5813,<LOD,1.4104,0.4686,<LOD,2.3063,0.1158,244.6702 , 15.2859,18.8966,470635.9062 , 3021.6917,<LOD,1.0672,0.1700,766.3467 , 37.3634,1.8292,<LOD,1.7352,1.6248,<LOD,34.1377,0.6877,<LOD,26.1427,4.3612,44.2386 , 3.5537,2.5878,7.8490 , 2.2941,0.4273,8797.7793 , 61.5007,27.0738,<LOD,0.0000,0.0000,<LOD,2.1454,0.2635,10603.5068 , 87.0234,8.0187,8424.0908 , 2119.9390,0.0533,<LOD,20.6555,0.4671,<LOD,0.8867,7.2700,6.8425 , 0.4724,4.2334,<LOD,4.7660,0.2719,1172.9159 , 122.8224,0.3593,15.6386 , 0.9662,0.6005,<LOD,1.0042,0.6017,64.2970 , 1.1327,4.3827,<LOD,0.0000,0.0000,4059.8171 , 53.3555,1.8953,<LOD,3.1530,4.5778,<LOD,0.6481,0.2402,417653.0000 , 674.0582,52.4672,4.7716 , 1.7173,3.7743,16.8667 , 0.3721,2.0939,<LOD,0.0000,0.0000,5.6745 , 0.6637,0.5344,8164.7197 , 37.5406,34.5199,1.5907 , 0.6886,0.5318,178.4725 , 10.2637,5.5832,<LOD,5.2439,0.2181,4.4978 , 0.5468,2.8609,7.9492 , 1.6766,0.4366,204.8154 , 1.2043,24.0672,9,410.600006,39.004631,-122.666946,10.000000,528837.562500,4317343.000000,
1023,Mining,122.88,32.71,30.07,30.01,30.09,"Sat Apr 18, 2026 - 14:35:37",User,1.5,ppm,,,,,,Mining,<LOD,1.4705,0.6285,136803.3906 , 2560.8188,2.9465,<LOD,1.6103,0.2826,<LOD,3.0292,0.0900,442.0482 , 21.6547,16.5782,383147.5938 , 6558.7734,<LOD,1.5320,0.1594,31220.9727 , 222.2567,37.9238,<LOD,2.2508,1.1648,<LOD,45.4188,0.7187,<LOD,57.5822,12.3987,130.9064 , 6.2590,3.4132,21.0070 , 3.1858,0.3860,34376.8984 , 178.6649,78.3992,<LOD,0.0000,0.0000,2.9682 , 1.9803,0.2283,11781.4199 , 125.0938,7.4872,37457.9961 , 4193.6489,0.1057,480.2351 , 28.5388,1.2336,<LOD,1.5318,4.4513,7.0869 , 0.6066,2.9505,<LOD,8.1337,0.2903,1446.9530 , 161.4271,0.3770,9.2238 , 1.0991,0.3473,<LOD,1.3518,0.4774,48.7059 , 1.2826,2.3162,<LOD,0.0000,0.0000,9333.5430 , 92.4635,3.3796,<LOD,4.3265,3.7287,<LOD,0.8566,0.1892,345773.0938 , 848.0988,33.9098,15.1072 , 2.3749,3.1630,267.6018 , 1.6862,15.0468,<LOD,0.0000,0.0000,5.1056 , 0.8739,0.3797,6781.7046 , 51.8463,22.3278,2.7884 , 1.0444,0.5409,221.7601 , 14.1345,4.1114,<LOD,7.5012,0.2063,17.4784 , 0.7626,2.5212,81.9757 , 3.4379,0.8543,122.4510 , 1.3560,12.5464,9,410.899994,39.004627,-122.666939,10.000000,528838.250000,4317343.000000,
1024,Mining,120.28,30.04,30.09,30.04,29.52,"Sat Apr 18, 2026 - 14:38:20",User,1.5,ppm,,,,,,Mining,<LOD,1.7653,0.6181,102795.0156 , 2456.1597,2.2359,<LOD,1.7364,0.2374,<LOD,3.6427,0.0951,532.9510 , 25.8317,16.1244,450326.5000 , 6489.9761,<LOD,1.6360,0.1326,30597.2168 , 219.3812,34.1341,<LOD,2.6472,1.0911,<LOD,45.6135,0.6659,<LOD,71.7532,16.0130,103.6676 , 6.5096,2.9630,15.5702 , 3.4129,0.3266,49294.9961 , 191.8486,102.4984,<LOD,0.0000,0.0000,18.2486 , 2.6810,0.3240,12253.3906 , 133.1318,7.1710,25049.1426 , 4204.4766,0.0833,471.6908 , 30.5005,1.1841,<LOD,1.1659,3.8429,7.3656 , 0.6630,2.6227,<LOD,9.7348,0.2683,1199.0330 , 152.2571,0.3022,7.8531 , 1.1988,0.3003,<LOD,1.5152,0.4050,52.2088 , 1.4177,2.0830,<LOD,0.0000,0.0000,14078.0830 , 110.8936,4.6045,<LOD,5.0811,3.4388,<LOD,0.9972,0.1848,305306.7812 , 737.9472,26.6217,17.3444 , 2.8189,3.0266,266.3066 , 1.7161,12.7796,<LOD,0.0000,0.0000,4.4849 , 0.9299,0.3095,7156.0640 , 53.0480,21.5711,<LOD,2.1892,0.4670,221.2733 , 15.3014,3.9049,<LOD,8.6685,0.2029,16.5993 , 0.8342,2.1813,85.0835 , 3.8252,0.7807,123.1449 , 1.4406,10.7589,9,411.000000,39.004623,-122.666939,10.000000,528838.812500,4317342.500000,
1025,Mining,120.47,30.21,30.03,30.10,28.04,"Sat Apr 18, 2026 - 14:41:25",User,1.5,ppm,,,,,,Mining,<LOD,1.1454,0.7948,74356.5859 , 1249.7581,1.6965,<LOD,3.0567,1.1089,<LOD,2.7027,0.1434,332.3051 , 16.4639,20.2562,449409.4375 , 3379.2085,<LOD,1.2026,0.1932,877.7395 , 41.6071,1.9968,<LOD,1.7991,1.5744,<LOD,38.1275,0.7024,<LOD,35.0212,7.5586,70.8749 , 4.1572,3.0756,11.6953 , 2.4631,0.4462,16005.7510 , 86.1614,48.0952,<LOD,0.0000,0.0000,14.6824 , 1.8476,0.4710,10794.2959 , 94.4839,8.1143,9131.2871 , 2472.7285,0.0566,67.9972 , 16.8390,0.6916,<LOD,0.9693,7.6713,7.4589 , 0.4976,4.1137,<LOD,5.3090,0.2719,710.0408 , 119.2630,0.2682,54.7360 , 1.5142,1.3273,<LOD,1.0661,0.6182,68.4484 , 1.2135,4.4160,<LOD,0.0000,0.0000,7643.1987 , 77.4098,3.3161,<LOD,3.3516,4.7093,<LOD,0.6880,0.2394,420876.1250 , 749.8640,52.7913,10.2856 , 1.8336,3.9413,71.1014 , 0.6923,6.3136,<LOD,0.0000,0.0000,6.7699 , 0.7594,0.6256,8997.5449 , 43.7216,38.0032,1.6312 , 0.7857,0.6094,208.3469 , 11.7462,6.2452,<LOD,0.0000,0.2061,5.3892 , 0.5984,3.0361,3.5913 , 1.6672,0.3957,262.6905 , 1.4484,29.2735,9,411.299988,39.004616,-122.666931,10.000000,528839.250000,4317341.500000,
1026,Mining,122.80,32.55,30.05,30.13,30.07,"Sat Apr 18, 2026 - 14:44:16",User,1.5,ppm,,,,,,Mining,<LOD,1.1970,0.7907,65720.2344 , 1165.7419,1.5122,<LOD,1.6817,0.5611,<LOD,2.6157,0.1189,314.6468 , 16.8722,19.2122,458361.6250 , 3375.8076,<LOD,1.1967,0.1705,988.6431 , 42.8980,2.0310,<LOD,1.8630,1.5370,<LOD,37.1227,0.6757,<LOD,38.7985,5.8479,57.7031 , 4.0531,2.7217,11.8242 , 2.5447,0.4221,12677.1377 , 76.6919,35.2717,<LOD,0.0000,0.0000,<LOD,3.6524,0.2740,11558.3896 , 95.7888,8.0155,6960.7837 , 2335.4343,0.0519,59.4693 , 17.2831,0.6247,<LOD,1.0125,7.5150,8.8964 , 0.5231,4.0975,<LOD,5.4040,0.2630,719.4333 , 112.7497,0.2430,20.2463 , 1.1082,0.6305,<LOD,1.0956,0.5926,74.1865 , 1.2848,4.4759,<LOD,0.0000,0.0000,8793.5127 , 78.9934,3.5178,<LOD,3.4751,4.6322,<LOD,0.7180,0.2333,423791.0000 , 694.3517,49.3520,5.1319 , 1.8722,3.7053,34.2382 , 0.5154,3.1815,<LOD,0.0000,0.0000,4.5302 , 0.7188,0.4830,9354.5645 , 42.9805,36.3617,2.8438 , 0.7856,0.5502,185.6179 , 11.6240,5.7900,<LOD,5.6585,0.2032,6.6135 , 0.6211,2.9309,3.7126 , 1.7247,0.3699,285.0150 , 1.5047,29.1110,8,411.399994,39.004612,-122.666924,10.000000,528839.687500,4317341.000000,
1027,Mining,124.08,33.70,30.19,30.07,30.12,"Sat Apr 18, 2026 - 14:47:16",User,1.5,ppm,,,,,,Mining,<LOD,2.8444,0.6811,251318.7031 , 2230.7646,1.8700,<LOD,0.0914,0.0014,<LOD,0.0982,-0.0001,1225.2550 , 49.0696,18.1943,2548.2178,,<LOD,0.1156,0.0009,53722.2734 , 986.8859,30.1236,<LOD,4.3064,1.2322,<LOD,91.6788,0.7583,36.2017 , 3.4630,0.0726,256.3446 , 16.2290,3.6924,<LOD,1.3422,0.0284,<LOD,12.9872,0.1981,<LOD,0.0000,0.0000,<LOD,0.4698,0.0042,25900.3398 , 496.0880,9.1694,78870.3906 , 6283.1152,0.0999,626.2126 , 32.0575,0.8115,<LOD,0.0031,0.0000,<LOD,0.0030,-0.0000,<LOD,2.5010,0.0406,1731.0784 , 255.4523,0.2367,<LOD,0.0349,0.0002,<LOD,2.6276,0.5216,<LOD,0.0145,0.0001,<LOD,0.0000,0.0000,16319.6182 , 313.9395,3.6230,<LOD,8.2872,3.9673,<LOD,0.0522,0.0005,550574.6250 , 4224.5513,46.2638,28.8212 , 4.5606,3.4149,<LOD,0.0037,-0.0000,<LOD,0.0000,0.0000,<LOD,0.0687,0.0005,16359.4170 , 366.1193,29.1461,<LOD,0.0260,-0.0000,482.5183 , 37.5120,5.1376,<LOD,1.7371,0.0103,<LOD,0.0082,0.0001,<LOD,0.6814,0.0139,<LOD,0.0071,-0.0000,11,412.299988,39.004608,-122.666916,10.000000,528840.312500,4317340.500000,
1028,Mining,120.02,30.19,30.13,30.09,29.61,"Sat Apr 18, 2026 - 14:50:16",User,1.5,ppm,,,,,,Mining,<LOD,1.9577,0.6603,105916.2109 , 2102.1084,2.3152,<LOD,1.5717,0.2799,<LOD,3.1887,0.1064,447.1743 , 21.0653,16.2219,406998.4688 , 5632.0889,<LOD,1.4360,0.1486,26158.3398 , 197.7680,32.3409,<LOD,2.1909,1.1223,<LOD,43.0644,0.6869,<LOD,56.8763,12.9060,140.1214 , 6.1971,3.4630,21.4920 , 3.1513,0.4009,34992.0312 , 160.7717,82.0699,<LOD,0.0000,0.0000,<LOD,4.3808,0.2327,11331.4316 , 121.9798,7.2943,29753.9219 , 3819.5730,0.0901,509.6722 , 28.5396,1.3185,<LOD,1.3191,4.6536,7.3818 , 0.5943,3.0259,<LOD,7.9665,0.2911,1267.9475 , 145.7155,0.3241,10.0556 , 1.0892,0.3627,<LOD,1.4379,0.4859,53.3430 , 1.2933,2.5536,<LOD,0.0000,0.0000,7838.7495 , 82.7738,2.9077,<LOD,4.1755,3.5088,<LOD,0.8667,0.2028,366722.4062 , 803.2216,37.0953,17.2865 , 2.3178,3.0739,234.7002 , 1.4869,13.6013,<LOD,0.0000,0.0000,2.6382 , 0.7995,0.3285,7161.7148 , 50.3986,23.9358,2.1662 , 0.9978,0.5266,190.0170 , 13.9695,4.1431,<LOD,7.4921,0.2187,12.0646 , 0.7117,2.3146,79.9949 , 3.3513,0.8630,130.6404 , 1.3257,13.1010,9,413.000000,39.004608,-122.666916,10.000000,528840.750000,4317340.500000,
1029,Mining,124.97,34.72,30.11,30.11,30.03,"Sat Apr 18, 2026 - 14:53:41",User,1.5,ppm,,,,,,Mining,<LOD,3.4960,0.7255,252232.0156 , 2144.9673,1.8876,<LOD,0.0994,0.0016,<LOD,0.0798,0.0000,1241.2188 , 50.1358,17.8656,2722.1680,,<LOD,0.1418,0.0012,29729.4805 , 598.0580,15.4735,<LOD,4.4895,1.2412,<LOD,95.3184,0.6872,21.2541 , 3.1567,0.0547,263.0907 , 16.5500,3.5984,<LOD,1.4056,0.0288,15.8110 , 9.6823,0.2325,<LOD,0.0000,0.0000,<LOD,0.4952,0.0045,25655.4531 , 505.9104,8.1648,45134.2812 , 6057.6934,0.0731,667.7380 , 33.2527,0.8015,<LOD,0.0033,0.0000,<LOD,0.0031,-0.0000,<LOD,2.2404,0.0300,2343.9272 , 287.2202,0.2584,<LOD,0.0112,0.0000,<LOD,2.7081,0.5110,<LOD,0.0209,0.0002,<LOD,0.0000,0.0000,22555.7441 , 421.2499,4.4284,<LOD,8.5960,3.9570,<LOD,0.0552,0.0005,599334.3125 , 4475.6777,48.2160,30.3905 , 4.7236,3.3924,<LOD,0.0040,-0.0000,<LOD,0.0000,0.0000,<LOD,0.0686,-0.0001,17592.3848 , 384.8397,29.4756,<LOD,0.0278,-0.0000,460.7778 , 38.0784,5.0468,<LOD,1.7695,0.0099,<LOD,0.0011,-0.0000,<LOD,0.6424,0.0114,<LOD,0.0093,0.0001,11,413.700012,39.004608,-122.666916,10.000000,528840.437500,4317340.500000,
1030,Mining,120.61,30.26,30.10,30.08,30.17,"Sat Apr 18, 2026 - 14:56:30",User,1.5,ppm,,,,,,Mining,<LOD,1.5974,0.6147,73207.2891 , 1791.4440,1.6573,<LOD,1.7323,0.2703,<LOD,3.4538,0.1000,431.2619 , 23.2201,15.4756,452462.9062 , 5203.1553,<LOD,1.3921,0.1121,17290.7285 , 178.0065,22.1138,<LOD,2.4523,1.1476,<LOD,42.7248,0.6836,<LOD,77.2385,25.2911,76.7445 , 6.5200,3.3210,41.1043 , 3.8019,0.4784,67708.5469 , 226.7765,165.2933,<LOD,0.0000,0.0000,6.5244 , 2.1891,0.2459,6611.9688 , 108.0229,4.5367,16424.6230 , 4004.4153,0.0819,165.7562 , 23.4670,0.9552,<LOD,1.1156,4.0027,3.3880 , 0.6151,2.5303,<LOD,10.0336,0.2634,1126.0406 , 145.9337,0.3231,11.2414 , 1.2190,0.3640,<LOD,1.4482,0.4541,28.7884 , 1.1051,1.4010,<LOD,0.0000,0.0000,46598.8008 , 197.4648,16.7462,<LOD,4.6422,3.4972,<LOD,0.9263,0.1856,313761.5938 , 726.0234,31.9132,19.1775 , 2.5767,3.0679,214.2715 , 1.4780,11.2368,<LOD,0.0000,0.0000,2.7205 , 0.7842,0.2522,3535.9595 , 40.8657,12.8071,3.0264 , 1.0600,0.4672,120.6794 , 12.0910,2.5768,<LOD,7.6533,0.1846,8.6802 , 0.6857,1.7113,52.5577 , 3.1656,0.6284,85.5807 , 1.2042,8.8066,10,413.899994,39.004604,-122.666908,10.000000,528840.875000,4317340.500000,
1031,Mining,110.99,30.20,30.27,30.04,20.48,"Sat Apr 18, 2026 - 14:59:01",User,1.5,ppm,,,,,,Mining,<LOD,1.8788,0.5421,63372.1836 , 2128.9836,1.4452,<LOD,2.5925,0.4216,<LOD,5.5408,0.1725,577.3267 , 28.3782,14.6785,437151.7188 , 6101.4580,<LOD,1.9267,0.1454,5058.4751 , 130.7724,7.5140,<LOD,2.8304,0.9591,<LOD,48.9296,0.6955,<LOD,107.0869,54.0538,93.8779 , 9.4716,4.6328,107.7960 , 5.5811,0.7182,133493.8281 , 423.2210,350.0966,<LOD,0.0000,0.0000,313.3571 , 7.4797,2.2614,4905.1348 , 122.5019,3.8168,14894.1768 , 5122.9038,0.0734,<LOD,32.8369,0.9003,<LOD,1.2757,3.3746,2.8960 , 0.6778,2.0024,<LOD,25.9871,0.3134,1758.3949 , 197.0734,0.4712,26.9310 , 1.8077,0.5367,<LOD,1.6176,0.3596,15.5932 , 1.0707,0.6550,<LOD,0.0000,0.0000,32637.4004 , 191.8999,12.3843,<LOD,5.5422,3.1348,<LOD,1.2644,0.2228,297706.9688 , 841.6426,31.2191,28.2630 , 3.1074,2.8410,135.5034 , 1.3486,6.2590,<LOD,0.0000,0.0000,<LOD,1.3036,0.1360,7370.9463 , 72.4569,29.1424,<LOD,2.3012,0.5777,175.7173 , 20.7489,5.1114,<LOD,0.0000,0.2028,<LOD,1.2683,1.0307,54.5133 , 3.8878,0.6613,118.9920 , 1.4664,8.3712,9,414.200012,39.004604,-122.666908,10.000000,528841.312500,4317340.500000,
1032,Mining,120.00,30.13,30.02,30.08,29.77,"Sat Apr 18, 2026 - 15:01:43",User,1.5,ppm,,,,,,Mining,<LOD,1.5614,0.6209,98784.6172 , 2205.5457,2.1878,<LOD,1.4846,0.2260,<LOD,3.2962,0.1033,435.6246 , 22.7793,15.9259,401796.1562 , 6052.0459,<LOD,1.4294,0.1342,19152.8906 , 192.1583,24.0076,<LOD,2.3595,1.1163,<LOD,45.5425,0.7154,<LOD,68.0767,19.6128,89.1922 , 6.8134,3.4925,16.6599 , 3.1137,0.3598,52413.5312 , 223.7056,125.6042,<LOD,0.0000,0.0000,<LOD,4.5742,0.2224,8649.6963 , 122.8794,5.6962,30698.2656 , 4471.2461,0.1077,333.3456 , 25.5886,1.1293,<LOD,1.0606,4.1418,4.2248 , 0.5860,2.6306,<LOD,8.9015,0.2702,1021.4343 , 151.2974,0.3221,5.6556 , 1.0374,0.2979,<LOD,1.3803,0.4338,37.5003 , 1.1609,1.8039,<LOD,0.0000,0.0000,48309.7422 , 217.4262,17.1153,<LOD,4.5186,3.5063,<LOD,0.9040,0.2022,333898.1562 , 805.5908,34.2433,15.9633 , 2.5061,3.0706,237.3642 , 1.5555,12.9991,<LOD,0.0000,0.0000,2.7881 , 0.7906,0.2879,3733.2344 , 43.0648,13.2158,2.6709 , 1.0146,0.4924,182.7295 , 13.0733,2.9278,<LOD,7.5584,0.2038,9.9995 , 0.6789,1.9104,68.3251 , 3.2572,0.7479,100.1802 , 1.2429,10.3922,10,414.600006,39.004604,-122.666901,10.000000,528841.562500,4317340.500000,
1033,Mining,30.27,29.67,,,,"Sat Apr 18, 2026 - 15:38:38",User,1.5,ppm,,,,,,Mining,537.8143 , 456.8419,12.3149,,,,<LOD,17.7304,0.2212,<LOD,27.0167,0.0623,,,,104633.8672 , 15809.9521,<LOD,12.4981,0.0948,,,,<LOD,36.4250,4.9393,,,,<LOD,481.6390,238.3053,8796.1504 , 106.4553,22.9703,1721.2083 , 63.8844,1.6181,875458.3125 , 604.7960,1602.7747,<LOD,0.0000,0.0000,<LOD,44.4217,0.1785,,,,,,,2871.3220 , 123.0404,11.2284,4295.4648 , 25.6299,51.1728,<LOD,5.3307,0.8055,1213.6162 , 155.3161,0.9128,,,,71.8347 , 14.9418,0.5721,<LOD,35.1111,5.8425,4.8026 , 1.2476,0.0454,<LOD,0.0000,0.0000,,,,<LOD,59.3016,5.6915,<LOD,7.3969,0.1217,,,,118.1576 , 29.6796,6.6990,<LOD,3.7700,0.1854,<LOD,0.0000,0.0000,<LOD,17.3710,-0.9594,277.4595 , 88.0872,1.6989,<LOD,4.9308,-0.0513,<LOD,195.3716,1.5021,<LOD,108.3249,0.2012,<LOD,4.1213,0.2507,<LOD,26.8144,0.2255,<LOD,4.4266,0.4620,9,442.600006,39.000732,-122.662926,10.000000,529187.812500,4316912.000000,
1038,Mining,30.27,30.27,,,,"Sun Apr 19, 2026 - 08:34:09",User,1.5,ppm,,,,,,Mining,516.9692 , 439.1497,12.1231,,,,<LOD,17.6751,0.2507,<LOD,26.5275,0.0680,,,,116427.3047 , 14759.7930,<LOD,11.3279,0.0878,,,,<LOD,33.4142,4.9627,,,,<LOD,454.0416,233.7801,8831.0625 , 103.3992,22.7260,1672.4965 , 59.6186,1.5900,864053.1250 , 704.0844,1575.5266,<LOD,0.0000,0.0000,<LOD,24.5424,0.1387,,,,,,,2762.6348 , 116.1020,10.9453,4214.6538 , 23.9874,50.6300,<LOD,4.8572,0.7960,1259.3214 , 144.2287,0.8582,,,,115.0024 , 14.8391,0.6377,<LOD,33.4185,6.0018,<LOD,1.1463,0.0063,<LOD,0.0000,0.0000,,,,<LOD,56.2068,5.7365,<LOD,7.1004,0.1255,,,,147.4986 , 28.1432,6.7904,<LOD,2.7225,0.1700,<LOD,0.0000,0.0000,<LOD,17.8495,-1.1121,<LOD,461.0178,1.5151,<LOD,3.7165,-0.0343,<LOD,293.9050,1.5265,<LOD,120.5197,0.2110,<LOD,4.1000,0.2825,<LOD,22.3224,0.1751,<LOD,3.1926,0.4233,5,426.899994,39.000816,-122.662773,10.000000,529200.875000,4316921.500000,
1039,Mining,120.38,30.28,30.06,30.00,30.04,"Sun Apr 19, 2026 - 09:09:54",User,1.5,ppm,,,,,,Mining,<LOD,1.0717,0.8810,178810.4219 , 1524.4604,3.7883,<LOD,1.2483,0.4309,<LOD,2.6187,0.1661,183.7448 , 14.7927,19.6629,496151.0000 , 3353.8962,<LOD,1.0534,0.1824,309.1014 , 25.5799,0.9512,<LOD,1.6728,1.7231,<LOD,31.4335,0.6320,<LOD,27.1133,5.2233,98.3985 , 3.9744,3.5436,<LOD,3.0739,0.3727,9838.4473 , 64.7911,31.9883,<LOD,0.0000,0.0000,20.2075 , 1.8707,0.5908,3637.3413 , 54.6488,3.1114,5612.0879 , 1857.7716,0.0476,<LOD,19.1391,0.4405,<LOD,0.8324,6.9250,5.8291 , 0.4580,4.3322,<LOD,4.7995,0.3001,717.9274 , 97.4613,0.2481,7.9805 , 0.8133,0.4660,<LOD,0.9723,0.6472,42.3120 , 0.9534,3.2611,<LOD,0.0000,0.0000,4888.1021 , 55.5519,2.3188,<LOD,3.1305,5.2531,<LOD,0.6418,0.2516,291576.3750 , 635.3709,33.8470,6.0442 , 1.6946,4.2327,51.8065 , 0.5694,5.3250,<LOD,0.0000,0.0000,5.3691 , 0.6310,0.5175,7675.9785 , 37.6211,34.3618,3.7004 , 0.7482,0.6824,212.9496 , 10.3362,5.8852,<LOD,0.0000,0.2059,4.0488 , 0.4910,2.5670,<LOD,2.0091,0.3089,140.8116 , 1.0151,18.8430,7,401.200012,39.004395,-122.666962,10.000000,528836.937500,4317317.000000,
1040,Mining,120.26,30.11,30.10,30.21,29.84,"Sun Apr 19, 2026 - 09:12:43",User,1.5,ppm,,,,,,Mining,<LOD,1.3510,0.8070,130487.2031 , 1654.8636,2.8011,1.3013 , 1.0113,0.4291,<LOD,3.0555,0.1402,199.1817 , 19.1833,18.2587,521254.8438 , 4387.4736,<LOD,1.2712,0.1667,265.6893 , 36.1291,0.9438,<LOD,2.0802,1.5118,<LOD,31.8182,0.6268,<LOD,59.7151,23.2992,92.3209 , 5.7787,4.0058,10.7661 , 2.7390,0.4333,48122.8398 , 184.1331,151.1887,<LOD,0.0000,0.0000,27.4404 , 2.3647,0.5524,3373.2280 , 75.2948,2.9554,<LOD,4858.4451,0.0435,<LOD,24.2505,0.6661,<LOD,0.9679,5.6755,4.6445 , 0.5261,3.5061,<LOD,7.9730,0.3516,1397.0630 , 127.9105,0.4207,5.7996 , 0.9408,0.3871,<LOD,1.2428,0.6142,40.3716 , 1.0576,2.4500,<LOD,0.0000,0.0000,11452.9893 , 84.7506,5.0032,<LOD,4.0007,4.8241,<LOD,0.7921,0.2401,276987.4375 , 677.2809,31.3140,<LOD,4.6392,3.9292,64.6233 , 0.7275,5.1929,<LOD,0.0000,0.0000,2.6660 , 0.7015,0.3581,3801.3264 , 37.4719,17.0786,<LOD,1.2293,0.4939,188.5959 , 11.6531,3.7048,<LOD,6.0517,0.2029,3.7382 , 0.5678,2.0866,<LOD,3.1962,0.3587,121.0067 , 1.1157,13.4437,7,401.500000,39.004578,-122.666954,10.000000,528837.125000,4317337.500000,
1041,Mining,122.94,32.56,30.29,30.06,30.03,"Sun Apr 19, 2026 - 09:15:38",User,1.5,ppm,,,,,,Mining,<LOD,1.1068,0.8717,172012.2969 , 1470.1379,3.6489,<LOD,1.2852,0.3897,<LOD,3.0618,0.1908,177.1793 , 15.3923,19.3702,504966.6875 , 3284.6160,<LOD,1.2285,0.2111,278.8330 , 26.5399,0.9420,<LOD,1.7231,1.6887,<LOD,29.9192,0.6273,<LOD,40.9758,11.5136,97.5347 , 4.1408,3.6939,<LOD,5.7333,0.4148,21846.3652 , 100.4659,72.4913,<LOD,0.0000,0.0000,154.4264 , 4.0022,2.3113,3563.9814 , 56.9425,3.1535,4374.0317 , 1822.3301,0.0460,<LOD,21.0202,0.5179,<LOD,0.8606,6.2002,4.0735 , 0.4742,3.9212,<LOD,5.7412,0.3015,1074.6467 , 109.0491,0.3459,5.0675 , 0.8385,0.4183,<LOD,1.0076,0.6464,36.4611 , 0.9652,2.6523,<LOD,0.0000,0.0000,6299.2622 , 60.3852,3.0006,<LOD,3.2437,5.1796,<LOD,0.7286,0.2723,279043.0312 , 599.6124,32.9858,6.7160 , 1.7646,4.2425,48.3995 , 0.6038,5.0368,<LOD,0.0000,0.0000,2.6286 , 0.6599,0.4243,5708.9595 , 33.2158,26.4021,<LOD,1.3822,0.8124,193.2361 , 9.7146,4.8385,<LOD,0.0000,0.2276,4.3614 , 0.5188,2.4128,<LOD,2.3675,0.3663,101.7870 , 0.9401,13.8361,8,400.000000,39.004547,-122.666954,10.000000,528837.437500,4317334.000000,
1042,Mining,123.86,33.67,30.04,30.04,30.11,"Sun Apr 19, 2026 - 09:18:23",User,1.5,ppm,,,,,,Mining,<LOD,2.9039,0.8483,463255.2188 , 1789.6453,3.8485,<LOD,0.0937,0.0021,<LOD,0.1297,0.0002,542.3507 , 290.3876,18.9437,1212.5397,,<LOD,0.1333,0.0016,799.7750 , 68.8359,0.8529,<LOD,4.6047,1.7181,<LOD,87.0240,0.6402,15.0557 , 2.3009,0.0423,214.1672 , 12.5617,3.3708,<LOD,1.0137,0.0224,<LOD,11.4738,0.2098,<LOD,0.0000,0.0000,<LOD,0.3308,0.0028,6439.3438 , 200.6350,2.2996,<LOD,11339.3628,0.0422,764.5409 , 34.3510,0.9069,<LOD,0.0022,0.0000,<LOD,0.0022,-0.0000,<LOD,1.8683,0.0314,2905.8203 , 298.9828,0.3060,<LOD,0.0262,0.0001,<LOD,2.6760,0.6446,<LOD,0.0032,-0.0001,<LOD,0.0000,0.0000,11296.9580 , 306.8265,2.3092,<LOD,8.5753,5.1641,<LOD,0.0513,0.0008,501508.0938 , 6662.5166,33.1313,11.7469 , 4.6350,4.1764,<LOD,0.0023,-0.0000,<LOD,0.0000,0.0000,<LOD,0.0650,-0.0001,10627.9795 , 305.2931,19.4980,<LOD,0.0176,-0.0000,406.3981 , 26.3623,3.7464,<LOD,1.2613,0.0075,<LOD,0.0017,-0.0000,<LOD,0.4690,0.0092,<LOD,0.0064,-0.0000,7,403.799988,39.004532,-122.667000,10.000000,528833.562500,4317332.000000,
1043,Mining,123.04,32.84,30.02,30.09,30.09,"Sun Apr 19, 2026 - 09:28:47",User,1.5,ppm,,,,,,Mining,<LOD,1.0247,0.8766,216386.6406 , 1537.0603,4.5468,<LOD,1.1156,0.4107,<LOD,2.8817,0.2065,180.8518 , 14.0913,19.5148,507853.1250 , 3262.8384,<LOD,1.0882,0.2030,167.0341 , 20.6630,0.7205,<LOD,1.5983,1.7140,<LOD,28.5537,0.6009,<LOD,25.8157,5.0828,118.0307 , 3.8171,3.9023,<LOD,0.0000,0.0000,9055.3750 , 61.9735,31.2832,<LOD,9.5587,0.5111,182.0944 , 7.5542,3.2136,2577.8936 , 44.9854,2.4274,7558.7183 , 1778.4751,0.0520,<LOD,19.1277,0.4737,<LOD,0.8281,7.4339,5.8223 , 0.4517,4.5718,<LOD,4.5559,0.2887,1890.0452 , 132.7130,0.5674,<LOD,0.0000,0.0000,<LOD,0.9174,0.6256,33.3723 , 0.9122,2.7866,31.0622 , 8.4178,0.5320,5807.3198 , 57.1415,2.8540,<LOD,3.0811,5.2352,<LOD,0.6670,0.2886,239781.8125 , 583.0686,28.2133,3.6975 , 1.6031,4.1031,74.3506 , 0.6829,8.0484,58.2148 , 4.4829,0.5210,5.4954 , 0.6052,0.4909,7821.1553 , 36.5845,37.0452,<LOD,1.6190,1.0813,245.1598 , 10.0084,6.5085,<LOD,0.0000,0.2143,7.9665 , 0.5037,2.9555,<LOD,0.0000,0.0000,154.7450 , 1.0643,22.0521,7,408.399994,39.004593,-122.666924,10.000000,528840.000000,4317339.000000,
1044,Mining,120.19,30.03,30.04,30.06,30.06,"Sun Apr 19, 2026 - 09:31:58",User,1.5,ppm,,,,,,Mining,<LOD,1.0255,0.8565,161131.8438 , 1473.0507,3.4219,<LOD,1.1617,0.3817,<LOD,2.7182,0.1865,247.3179 , 14.3708,20.4410,536023.1250 , 3587.1143,<LOD,1.0377,0.1862,158.8767 , 20.9257,0.7060,<LOD,1.6076,1.6947,<LOD,29.2570,0.6203,<LOD,26.8708,5.4004,119.1761 , 3.9628,3.9012,4.0434 , 2.1619,0.4387,9672.2480 , 65.8863,32.7257,<LOD,0.0000,0.0000,136.3445 , 3.5447,2.2278,2404.8186 , 44.6650,2.2579,<LOD,3704.5565,0.0394,<LOD,18.9904,0.4537,<LOD,0.8250,7.2262,5.5956 , 0.4492,4.4602,<LOD,4.6483,0.2927,1007.0659 , 104.9359,0.3298,5.4875 , 0.7743,0.4434,<LOD,0.9376,0.6399,26.0344 , 0.8187,2.2468,<LOD,0.0000,0.0000,2467.7551 , 40.2802,1.3422,<LOD,2.9721,5.0016,<LOD,0.6526,0.2719,275907.1562 , 657.3653,32.7426,<LOD,3.6760,4.0000,83.4663 , 0.7191,8.6503,<LOD,0.0000,0.0000,4.4714 , 0.5977,0.4706,8337.3086 , 40.1272,38.8331,<LOD,1.6490,0.9528,245.6651 , 10.4723,6.7081,<LOD,0.0000,0.2049,3.1742 , 0.4564,2.3495,<LOD,2.2035,0.3894,152.1851 , 1.0784,21.4739,5,408.299988,39.004585,-122.666924,10.000000,528839.562500,4317338.000000,
1045,Mining,122.66,32.52,30.05,30.06,30.03,"Sun Apr 19, 2026 - 09:34:42",User,1.5,ppm,,,,,,Mining,<LOD,0.9585,0.9195,270982.2188 , 1612.2207,5.6552,<LOD,1.2003,0.4470,<LOD,2.3621,0.1559,185.5214 , 13.5403,21.7940,483880.3125 , 3484.2932,<LOD,0.9640,0.1776,42.0354 , 19.1679,0.5571,<LOD,1.5143,1.8433,<LOD,26.9790,0.5814,<LOD,20.5121,3.3135,128.4282 , 3.7410,4.1323,<LOD,3.7323,0.4265,5529.3447 , 48.8270,19.9890,<LOD,0.0000,0.0000,59.0428 , 2.4994,1.2275,3840.3901 , 51.5964,3.5010,<LOD,2762.0702,0.0386,<LOD,19.7158,0.5187,<LOD,0.7806,7.2894,5.4448 , 0.4307,4.6175,<LOD,4.3366,0.3040,504.0630 , 78.0895,0.2026,9.0601 , 0.8036,0.5315,<LOD,0.8958,0.7202,39.0209 , 0.8930,3.3113,<LOD,0.0000,0.0000,2585.4207 , 38.8582,1.4484,<LOD,2.8684,5.8130,<LOD,0.6126,0.2751,224552.1562 , 587.2415,26.7059,7.5091 , 1.5550,4.6973,21.8309 , 0.3972,3.0470,<LOD,0.0000,0.0000,3.3113 , 0.5619,0.4674,6402.4849 , 32.8621,31.1829,<LOD,1.0849,0.7042,279.2842 , 9.2407,6.0794,<LOD,0.0000,0.2182,3.5088 , 0.4660,2.7084,<LOD,2.0217,0.3617,127.3289 , 0.9460,18.8884,4,408.200012,39.004574,-122.666924,10.000000,528839.750000,4317337.000000,
1046,Mining,120.52,30.24,30.19,30.05,29.11,"Sun Apr 19, 2026 - 09:37:23",User,1.5,ppm,,,,,,Mining,<LOD,1.0111,0.8891,219482.5312 , 1498.1851,4.6053,<LOD,1.2944,0.4994,<LOD,2.6721,0.1857,205.1723 , 14.3837,21.3965,527501.3125 , 3081.9761,<LOD,1.0767,0.2074,109.9035 , 21.7364,0.7285,<LOD,1.6127,1.8220,<LOD,28.2221,0.5901,<LOD,26.8723,5.5871,109.4024 , 3.5552,3.7324,<LOD,3.0684,0.4045,10157.5625 , 64.5309,35.2820,<LOD,0.0000,0.0000,152.2276 , 3.6887,2.5075,5228.2964 , 57.7396,4.5602,<LOD,2336.4402,0.0356,<LOD,19.3548,0.4932,<LOD,0.8208,7.4302,6.3740 , 0.4472,4.5737,<LOD,4.7039,0.3116,854.5283 , 98.5380,0.3005,9.6511 , 0.8511,0.5562,<LOD,0.9443,0.6961,49.8872 , 0.9945,3.8064,<LOD,0.0000,0.0000,6015.3276 , 57.9025,2.9815,<LOD,3.0056,5.4701,<LOD,0.6613,0.2937,222878.1875 , 550.5159,26.0764,<LOD,3.8136,4.4232,27.0735 , 0.4460,3.5668,<LOD,0.0000,0.0000,4.2616 , 0.6189,0.5199,6825.3301 , 31.7828,32.4913,<LOD,1.2289,0.8227,234.9857 , 9.0328,5.8751,<LOD,0.0000,0.2101,3.3960 , 0.4952,2.8153,<LOD,2.2951,0.4375,144.6122 , 1.0007,20.0774,4,408.200012,39.004566,-122.666924,10.000000,528840.000000,4317336.000000,
1047,Mining,123.22,32.92,30.06,30.07,30.17,"Sun Apr 19, 2026 - 09:40:08",User,1.5,ppm,,,,,,Mining,<LOD,1.0378,0.9488,252042.9375 , 1538.4852,5.2688,1.0087 , 0.6608,0.4454,<LOD,3.0408,0.2207,213.8135 , 14.4664,21.8984,484217.1250 , 3360.5920,<LOD,1.1279,0.2080,96.1835 , 22.0933,0.6880,<LOD,1.6303,1.8838,<LOD,26.5342,0.5614,<LOD,26.1350,4.9412,118.3853 , 3.7754,3.8924,<LOD,0.0000,0.0000,8838.9121 , 62.5232,30.6635,<LOD,9.7905,0.5265,170.2686 , 7.5684,3.0380,4874.4116 , 58.6434,4.2619,6142.1924 , 1602.0306,0.0468,<LOD,20.4040,0.5099,<LOD,0.8383,7.2398,5.7323 , 0.4573,4.4616,<LOD,4.6119,0.2807,449.8396 , 76.6704,0.1925,<LOD,0.0000,0.0000,<LOD,0.9503,0.7112,48.1037 , 1.0454,3.7656,28.2198 , 8.4749,0.5134,2214.3423 , 36.1286,1.2500,<LOD,3.0438,5.7132,<LOD,0.6904,0.2906,233180.0625 , 558.0609,27.2453,<LOD,3.9392,4.5145,23.0790 , 0.4422,3.2112,51.7273 , 4.5207,0.5015,6.2793 , 0.6423,0.5399,6863.8887 , 33.8091,32.5929,<LOD,1.5349,0.9604,261.5003 , 9.6212,6.0781,<LOD,0.0000,0.2285,4.6195 , 0.5111,2.8422,<LOD,0.0000,0.0000,147.3687 , 1.0408,20.3669,5,408.200012,39.004562,-122.666924,10.000000,528840.000000,4317335.500000,
1048,Mining,120.26,30.09,30.03,30.03,30.11,"Sun Apr 19, 2026 - 09:42:57",User,1.5,ppm,,,,,,Mining,<LOD,0.9528,0.8859,238400.0156 , 1582.3555,4.9840,1.3463 , 0.6581,0.4947,<LOD,3.1362,0.2672,242.3983 , 13.6475,22.0346,544190.1875 , 3551.8569,<LOD,1.1107,0.2263,<LOD,22.4999,0.3849,<LOD,1.5157,1.8069,<LOD,25.9536,0.6072,<LOD,31.0752,8.2731,141.0343 , 4.1303,4.7667,<LOD,0.0000,0.0000,13805.9463 , 80.6017,51.8963,9.2108 , 6.0606,0.5473,196.8955 , 6.8262,3.3101,883.7729 , 31.4403,1.1573,<LOD,3373.2689,0.0406,<LOD,18.8180,0.5107,<LOD,0.7947,7.2710,4.4287 , 0.4384,4.6168,<LOD,4.7857,0.3127,516.5631 , 79.1119,0.2292,<LOD,0.0000,0.0000,<LOD,0.8782,0.6743,4.6200 , 0.5765,0.7792,<LOD,11.4924,0.5150,3104.5330 , 40.9662,1.7842,<LOD,2.8239,5.4308,<LOD,0.6790,0.3048,188902.5000 , 549.4521,23.0807,4.7461 , 1.5268,4.3793,10.3284 , 0.3463,2.1719,51.4380 , 4.5535,0.5739,4.0076 , 0.5743,0.4311,7260.2397 , 37.9377,37.9598,<LOD,1.4509,0.9983,268.2880 , 10.2731,7.0335,<LOD,0.0000,0.2218,1.6334 , 0.3926,1.9374,<LOD,0.0000,0.0000,119.3516 , 0.9330,17.8454,7,408.000000,39.004566,-122.666924,10.000000,528839.875000,4317336.000000,
1049,Mining,120.15,30.27,30.09,30.04,29.75,"Sun Apr 19, 2026 - 09:45:48",User,1.5,ppm,,,,,,Mining,<LOD,0.8682,0.9409,303353.0312 , 1435.8667,6.3151,<LOD,1.1873,0.5471,<LOD,2.6068,0.2320,189.1708 , 12.1850,22.2465,464415.9688 , 2913.5588,<LOD,0.9605,0.2148,118.9838 , 16.2770,0.6667,<LOD,1.3786,1.9155,<LOD,23.3740,0.5355,<LOD,23.2858,5.3608,115.9111 , 3.4526,4.4312,10.7964 , 2.1215,0.5679,7794.3022 , 55.1802,31.9614,<LOD,0.0000,0.0000,137.7235 , 3.3726,2.7198,1554.1768 , 32.9357,1.8458,6233.0889 , 1425.6132,0.0469,<LOD,17.8938,0.5332,<LOD,0.7615,8.4442,8.0536 , 0.4271,5.5535,<LOD,4.1888,0.3261,364.1529 , 68.4590,0.1923,9.0317 , 0.7799,0.6088,<LOD,0.9499,0.7778,11.6796 , 0.5822,1.3906,<LOD,0.0000,0.0000,1361.4961 , 28.4325,0.9676,<LOD,2.5471,5.6488,<LOD,0.5970,0.2981,205019.2969 , 520.4348,27.5111,3.7660 , 1.3801,4.5717,10.5615 , 0.3141,2.3022,<LOD,0.0000,0.0000,6.7720 , 0.5791,0.6222,8873.8857 , 36.6436,50.0017,<LOD,1.1052,0.8672,255.4044 , 9.5894,8.5378,<LOD,0.0000,0.2399,4.7707 , 0.4121,2.6545,<LOD,3.0466,0.5394,147.9479 , 0.9652,23.9950,5,407.600006,39.004566,-122.666931,10.000000,528839.125000,4317336.000000,
1050,Mining,8.67,8.67,,,,"Sun Apr 19, 2026 - 09:51:45",User,1.5,ppm,,,,,,Mining,<LOD,15.7372,31.1305,,,,<LOD,3.9991,0.2757,<LOD,7.6070,0.0872,,,,960171.0625 , 764.2725,<LOD,3.3878,0.1199,,,,<LOD,16.9222,30.5926,,,,<LOD,133.0097,10.3560,<LOD,155.4818,0.4770,20.5653 , 7.9792,0.3689,33180.5859 , 267.6304,64.9255,<LOD,0.0000,0.0000,31.6903 , 6.5870,0.4278,,,,,,,421.9569 , 66.4331,1.0390,<LOD,2.7021,4.4099,6.1977 , 1.5352,2.9558,<LOD,19.9219,0.2769,,,,9.1008 , 2.6670,0.3166,<LOD,18.1847,37.0874,43.5513 , 3.0735,2.0787,<LOD,0.0000,0.0000,,,,<LOD,29.0079,33.1967,<LOD,2.2100,0.1975,,,,<LOD,20.2857,27.1582,211.9631 , 3.2689,11.2453,<LOD,0.0000,0.0000,5.0640 , 2.0023,0.3213,5681.4087 , 410.2393,2.3806,4.9985 , 2.7219,0.5652,<LOD,329.9412,0.8509,<LOD,18.5624,0.1928,20.3130 , 1.9377,2.5759,78.7305 , 8.2213,0.7506,112.7914 , 3.0305,10.8722,7,409.500000,39.004082,-122.666992,10.000000,528834.000000,4317282.500000,
1051,Mining,120.56,30.29,30.03,30.11,30.13,"Sun Apr 19, 2026 - 09:54:00",User,1.5,ppm,,,,,,Mining,<LOD,1.3871,0.6104,129491.9141 , 2271.0630,2.7914,<LOD,1.4497,0.2559,<LOD,3.1176,0.1092,408.4839 , 20.4342,16.3092,419765.7500 , 5633.5498,<LOD,1.3972,0.1511,27063.4707 , 196.8087,33.0913,<LOD,2.1441,1.1580,<LOD,43.8787,0.7035,<LOD,51.8087,10.9316,116.8682 , 5.8626,3.2445,21.5362 , 3.0541,0.4022,29121.4629 , 143.0719,68.2038,<LOD,0.0000,0.0000,34.9004 , 2.6494,0.5170,8245.2539 , 103.5773,5.3645,25507.8652 , 3600.0889,0.0833,428.6599 , 26.5911,1.1614,<LOD,0.9960,4.5255,5.7028 , 0.5592,2.9800,<LOD,7.4447,0.2865,1118.3890 , 137.9221,0.2859,7.6883 , 1.0020,0.3297,<LOD,1.2866,0.4724,39.2375 , 1.1210,2.0041,<LOD,0.0000,0.0000,6736.0342 , 77.3410,2.5124,<LOD,4.0966,3.6578,<LOD,0.8257,0.1962,345515.4375 , 797.2322,33.7508,15.1798 , 2.2571,3.1330,195.3502 , 1.3190,11.7381,<LOD,0.0000,0.0000,2.1621 , 0.7576,0.3089,5788.2290 , 44.7662,19.3425,<LOD,2.2999,0.5378,173.3493 , 12.5970,3.5100,<LOD,6.9808,0.2029,16.2215 , 0.7011,2.4606,73.3694 , 3.1932,0.8378,107.5292 , 1.1821,11.3598,7,409.700012,39.004097,-122.666977,10.000000,528835.562500,4317284.000000,
1052,Mining,120.62,30.13,30.25,30.13,30.11,"Sun Apr 19, 2026 - 09:58:57",User,1.5,ppm,,,,,,Mining,<LOD,1.3476,0.6377,133575.6406 , 2104.1753,2.8774,<LOD,1.4367,0.2780,<LOD,2.8667,0.1006,385.5186 , 19.8842,16.9918,419047.1562 , 5272.0381,<LOD,1.2633,0.1347,26796.4316 , 194.6073,35.0443,<LOD,2.0924,1.2214,<LOD,40.4653,0.7065,<LOD,56.3212,11.9114,122.1616 , 5.7225,3.4093,17.7988 , 2.9077,0.3977,29602.7031 , 146.1009,74.1510,<LOD,0.0000,0.0000,16.2865 , 2.2031,0.3754,8008.9229 , 100.7651,5.5637,30752.7305 , 3469.5405,0.0922,494.5004 , 27.1506,1.3311,<LOD,0.9626,4.6143,4.0499 , 0.5349,2.9739,<LOD,7.1828,0.2797,896.2035 , 123.2327,0.2647,7.9653 , 0.9843,0.3476,<LOD,1.2357,0.4815,40.1748 , 1.1103,2.1675,<LOD,0.0000,0.0000,4493.5732 , 61.5785,1.8714,<LOD,4.0004,3.8648,<LOD,0.7877,0.1973,339120.9375 , 785.1015,35.0808,13.2836 , 2.1970,3.2785,203.1983 , 1.3377,12.9708,<LOD,0.0000,0.0000,2.3538 , 0.7083,0.3058,6060.8066 , 45.0915,21.5668,<LOD,2.1599,0.5367,157.0505 , 12.4100,3.7533,<LOD,6.8829,0.2157,14.0454 , 0.6735,2.4708,60.9166 , 2.9494,0.7800,105.5588 , 1.1665,12.0302,7,409.500000,39.004105,-122.666977,10.000000,528835.750000,4317285.000000,
1053,Mining,120.22,30.16,30.19,30.08,29.79,"Sun Apr 19, 2026 - 10:04:28",User,1.5,ppm,,,,,,Mining,<LOD,1.0291,0.8552,135597.8906 , 1352.4371,2.9151,<LOD,1.3332,0.4797,<LOD,2.9627,0.2098,357.0371 , 15.0846,23.2602,500036.7812 , 3211.9858,<LOD,1.1231,0.2063,710.1238 , 33.1586,1.7257,<LOD,1.6213,1.7029,<LOD,31.3884,0.6402,<LOD,23.3554,3.7558,80.2403 , 3.6797,3.1770,14.2736 , 2.4091,0.5159,6798.4512 , 54.2266,22.2918,<LOD,0.0000,0.0000,165.4009 , 3.9062,2.5684,7491.8135 , 71.9490,6.0646,9032.1914 , 1943.3958,0.0520,<LOD,20.2569,0.4786,<LOD,0.8508,7.2877,7.1678 , 0.4644,4.4973,<LOD,4.7317,0.3080,948.1410 , 107.2094,0.3038,10.0358 , 0.8829,0.5465,<LOD,0.9774,0.6941,57.9280 , 1.0949,4.2166,<LOD,0.0000,0.0000,3196.8191 , 46.9211,1.6356,<LOD,3.0605,5.2951,<LOD,0.6976,0.2906,326460.8438 , 647.9054,39.5387,8.0973 , 1.6622,4.3418,34.7877 , 0.5010,4.1127,<LOD,0.0000,0.0000,6.5187 , 0.6734,0.5864,8648.6816 , 39.4448,39.3629,<LOD,1.3459,0.9103,157.7875 , 10.2174,6.2044,<LOD,0.0000,0.2412,5.2699 , 0.5347,3.0002,19.3662 , 1.9945,0.6846,154.3765 , 1.0576,20.3663,7,409.600006,39.004108,-122.666969,10.000000,528836.000000,4317285.000000,
1054,Mining,122.74,32.53,30.07,30.04,30.10,"Sun Apr 19, 2026 - 10:07:39",User,1.5,ppm,,,,,,Mining,<LOD,1.1347,0.8685,148217.1094 , 1420.8352,3.1711,<LOD,1.2978,0.4151,<LOD,2.5522,0.1435,292.8991 , 16.3425,22.0224,486376.4062 , 3298.1228,<LOD,1.0890,0.1785,517.7333 , 32.2324,1.3751,<LOD,1.7656,1.6764,<LOD,31.7716,0.6269,<LOD,27.6354,4.9727,73.1484 , 3.7362,2.9240,9.7482 , 2.3589,0.4550,9579.7773 , 64.6304,29.9769,<LOD,0.0000,0.0000,34.7855 , 2.2522,0.7352,7103.0391 , 73.3378,5.5473,3639.3667 , 1821.1216,0.0431,<LOD,19.9553,0.4365,<LOD,0.8620,6.9463,7.6926 , 0.4743,4.3774,<LOD,4.9439,0.2915,971.6147 , 108.9672,0.3023,9.3728 , 0.8647,0.4832,<LOD,1.0772,0.7043,55.8477 , 1.0775,3.9154,<LOD,0.0000,0.0000,3475.9363 , 48.4647,1.6829,<LOD,3.3810,5.4005,<LOD,0.6574,0.2401,331393.0938 , 640.1595,38.6723,7.6870 , 1.8330,4.3918,23.2420 , 0.4232,2.7201,<LOD,0.0000,0.0000,4.4597 , 0.6447,0.4887,7865.7178 , 37.5797,33.9084,<LOD,1.5731,0.6059,161.0781 , 10.1587,5.4227,<LOD,5.4347,0.2359,5.2909 , 0.5379,2.8065,16.5296 , 1.8842,0.5560,158.3823 , 1.0762,19.5413,6,409.799988,39.004105,-122.666969,10.000000,528836.312500,4317285.000000,
1055,Mining,122.88,32.62,30.05,30.13,30.08,"Sun Apr 19, 2026 - 10:10:21",User,1.5,ppm,,,,,,Mining,<LOD,1.0133,0.9122,153682.9531 , 1302.2092,3.2935,<LOD,1.2192,0.4448,<LOD,2.4601,0.1635,245.8376 , 14.0558,21.3090,478364.7188 , 3008.2866,<LOD,1.0189,0.1920,572.5189 , 30.4189,1.5710,<LOD,1.5691,1.7557,<LOD,30.0005,0.6814,<LOD,23.9390,4.4957,71.2536 , 3.4549,3.1570,9.5502 , 2.2036,0.4873,7883.2256 , 56.5351,27.3352,<LOD,0.0000,0.0000,50.7736 , 2.3709,1.0235,7392.7598 , 69.5135,6.3275,6653.0786 , 1765.8228,0.0500,<LOD,18.5012,0.4560,<LOD,0.8060,7.4910,6.9902 , 0.4429,4.6962,<LOD,4.4968,0.3031,892.7665 , 100.2549,0.3111,9.1970 , 0.8193,0.5325,<LOD,0.9121,0.6587,53.9347 , 1.0123,4.2148,<LOD,0.0000,0.0000,2944.2642 , 42.7639,1.5897,<LOD,2.9147,5.2474,<LOD,0.6401,0.2832,332439.5312 , 627.4330,42.9198,6.9649 , 1.5861,4.3050,28.6493 , 0.4366,3.5530,<LOD,0.0000,0.0000,5.9940 , 0.6248,0.5822,8341.7715 , 36.8063,39.7167,<LOD,1.2841,0.6990,172.9237 , 9.7089,6.3403,<LOD,4.7678,0.2224,4.9656 , 0.5034,3.0240,13.0885 , 1.7119,0.5631,152.2749 , 1.0124,21.1326,7,409.500000,39.004101,-122.666962,10.000000,528837.062500,4317284.500000,
1056,Mining,123.22,32.81,30.25,30.11,30.05,"Sun Apr 19, 2026 - 10:14:09",User,1.5,ppm,,,,,,Mining,<LOD,1.5665,0.6842,125276.1953 , 2033.3999,2.7086,<LOD,1.2832,0.2243,<LOD,2.8108,0.1017,352.5349 , 19.3719,16.1635,424544.2188 , 5082.2173,<LOD,1.2455,0.1374,25644.4922 , 178.0364,31.9006,<LOD,2.0741,1.2063,<LOD,40.9509,0.6721,<LOD,44.7267,8.7658,91.5798 , 5.1109,2.9592,12.2211 , 2.7305,0.3654,22842.6797 , 117.8137,55.1123,<LOD,0.0000,0.0000,21.3021 , 2.2842,0.4248,6795.6641 , 88.1863,4.5434,22649.9004 , 3257.5745,0.0786,342.8056 , 24.2777,1.0374,<LOD,0.9434,4.5639,4.5728 , 0.5472,3.1972,<LOD,6.6951,0.2800,1009.0130 , 129.1934,0.2720,5.5319 , 0.8988,0.3040,<LOD,1.2123,0.4629,31.8066 , 0.9982,1.8015,<LOD,0.0000,0.0000,5736.4917 , 69.3687,2.2163,<LOD,3.9113,3.6924,<LOD,0.7493,0.1839,359395.1875 , 774.6284,36.0381,15.6849 , 2.1707,3.2219,200.0106 , 1.2753,12.7478,<LOD,0.0000,0.0000,2.2156 , 0.6868,0.2983,4663.6592 , 36.9146,15.9222,2.2541 , 0.9276,0.5550,140.3671 , 10.5187,2.9305,<LOD,7.0626,0.2374,28.6242 , 0.7539,3.3308,95.8559 , 3.3459,1.0478,95.1621 , 1.0855,11.1842,6,409.399994,39.004105,-122.666962,10.000000,528837.000000,4317285.000000,
1057,Mining,122.84,32.71,30.02,30.01,30.10,"Sun Apr 19, 2026 - 10:16:57",User,1.5,ppm,,,,,,Mining,<LOD,1.2935,0.6462,116715.3750 , 1909.0475,2.5357,<LOD,1.2719,0.2359,<LOD,2.8088,0.1072,316.2567 , 18.4708,15.9843,421413.0000 , 4921.9888,<LOD,1.1899,0.1323,22892.2461 , 159.1600,28.7633,<LOD,1.9784,1.1998,<LOD,39.8968,0.6655,<LOD,42.0406,7.9879,88.5551 , 4.7507,2.9736,13.1880 , 2.7002,0.3763,20625.2637 , 109.7256,50.5745,<LOD,0.0000,0.0000,22.3481 , 2.2448,0.4366,6102.7759 , 79.1904,4.1418,25768.4570 , 3233.3342,0.0832,276.3449 , 22.6839,0.9334,<LOD,0.9262,4.7000,3.1798 , 0.5271,3.1416,<LOD,6.4223,0.2776,905.4390 , 122.5770,0.2531,5.4800 , 0.8817,0.3089,<LOD,1.1464,0.4524,29.2608 , 0.9490,1.7182,<LOD,0.0000,0.0000,5365.2920 , 66.1594,2.0954,<LOD,3.7412,3.6931,<LOD,0.7569,0.2004,374800.1562 , 777.0861,38.2309,11.5009 , 2.0677,3.1862,181.7752 , 1.1936,11.9662,<LOD,0.0000,0.0000,2.8479 , 0.6696,0.3070,4114.5938 , 33.0736,14.3751,1.6704 , 0.8906,0.5407,134.3854 , 9.4484,2.7380,<LOD,6.7024,0.2250,28.5587 , 0.7370,3.3789,92.6839 , 3.2539,1.0442,89.3744 , 1.0356,10.8312,7,409.600006,39.004108,-122.666962,10.000000,528836.750000,4317285.000000,
1058,Mining,120.45,30.19,30.04,30.14,27.99,"Sun Apr 19, 2026 - 10:20:07",User,1.5,ppm,,,,,,Mining,<LOD,1.2427,0.7814,102184.8984 , 1421.1914,2.2439,<LOD,1.0456,0.3845,<LOD,4.7708,0.4290,278.8615 , 15.7349,18.0274,477229.9062 , 3490.7693,<LOD,1.3820,0.2499,3919.6763 , 61.6502,5.9371,<LOD,1.7430,1.4625,<LOD,37.1353,0.6658,<LOD,34.7812,7.5372,66.6989 , 3.9206,3.1159,<LOD,0.0000,0.0000,16248.3633 , 85.2268,48.1764,26.8926 , 9.6589,0.8425,697.6890 , 13.3712,9.0380,2491.8008 , 49.1834,2.0882,6952.0615 , 2314.2734,0.0519,17.8557 , 15.4588,0.5892,1.5327 , 0.5782,5.6517,5.3515 , 0.4920,3.7591,<LOD,5.5436,0.3023,1805.6328 , 151.8012,0.4587,<LOD,0.0000,0.0000,<LOD,1.0442,0.5869,25.1895 , 0.9714,1.6017,62.0575 , 13.6767,1.0563,8186.7998 , 79.5163,3.4821,<LOD,3.2155,4.2585,<LOD,0.9320,0.3826,377673.0625 , 721.1070,43.5230,8.4971 , 1.7640,3.5893,67.3010 , 0.7345,6.8314,22.4071 , 4.8956,0.3833,2.6794 , 0.6610,0.3541,1832.0225 , 21.0251,7.9438,<LOD,2.4196,1.6769,95.0425 , 6.4447,1.8902,<LOD,0.0000,0.2403,19.6535 , 0.6169,3.3494,<LOD,0.0000,0.0000,78.0723 , 0.8423,10.5985,7,409.500000,39.004105,-122.666962,10.000000,528836.875000,4317285.000000,
1059,Mining,123.13,32.92,30.01,30.05,30.15,"Sun Apr 19, 2026 - 10:23:26",User,1.5,ppm,,,,,,Mining,<LOD,3.0789,0.7221,255667.3125 , 2085.5999,1.8672,<LOD,0.0395,0.0002,<LOD,0.0687,-0.0001,968.4431 , 518.3074,17.1307,110.5499,,<LOD,0.1249,0.0010,15097.1738 , 326.5512,7.0668,<LOD,4.7757,1.3940,<LOD,105.2529,0.6693,27.2957 , 3.0808,0.0523,182.6726 , 12.5627,3.0000,<LOD,1.2050,0.0211,<LOD,13.3523,0.1879,<LOD,0.0000,0.0000,<LOD,0.3653,0.0023,6964.1904 , 188.5881,2.1821,22320.2773 , 5707.7222,0.0547,821.8752 , 35.9710,0.8854,<LOD,0.0037,0.0000,<LOD,0.0034,-0.0000,<LOD,2.2224,0.0295,3487.9724 , 351.8676,0.3039,<LOD,0.0369,0.0002,<LOD,2.7052,0.4950,<LOD,0.0107,-0.0000,<LOD,0.0000,0.0000,16321.3086 , 339.5431,2.8761,<LOD,8.8469,4.1176,<LOD,0.0668,0.0011,671697.7500 , 5150.9614,49.7292,24.2783 , 4.8309,3.4623,<LOD,0.0072,0.0001,<LOD,0.0000,0.0000,<LOD,0.0670,0.0002,6044.7627 , 139.7125,9.5796,<LOD,0.0313,0.0001,264.1651 , 21.3993,2.0647,<LOD,1.3980,0.0061,<LOD,0.0003,-0.0000,<LOD,0.5676,0.0090,<LOD,0.0068,-0.0000,7,409.399994,39.004101,-122.666954,10.000000,528837.187500,4317284.500000,
1060,Mining,120.74,30.24,30.12,30.11,30.27,"Sun Apr 19, 2026 - 10:26:13",User,1.5,ppm,,,,,,Mining,<LOD,1.2000,0.7330,99379.3281 , 1455.1066,2.1878,0.8741 , 0.7981,0.4328,<LOD,4.0876,0.2659,343.4677 , 17.3116,18.8687,446769.7500 , 3770.5308,<LOD,1.3427,0.1972,2179.8357 , 54.4830,3.4239,<LOD,1.8911,1.4628,<LOD,38.7192,0.6986,<LOD,35.0372,6.3331,90.8352 , 4.5221,3.1478,<LOD,0.0000,0.0000,14163.4668 , 82.5867,38.5837,11.4899 , 8.4909,0.5877,354.9734 , 10.6967,4.5020,8045.6655 , 86.1837,5.5648,7727.9375 , 2357.4824,0.0512,41.5754 , 17.2123,0.5990,<LOD,0.9314,5.7070,7.5035 , 0.5253,3.7799,<LOD,5.9294,0.3072,1035.9922 , 122.5327,0.2801,<LOD,0.0000,0.0000,<LOD,1.1279,0.5822,55.9394 , 1.2496,3.3333,46.0761 , 11.4629,0.6275,5376.1216 , 64.7536,2.2201,<LOD,3.5058,4.3116,<LOD,0.8628,0.2905,406131.9062 , 718.7215,45.0402,13.2229 , 1.9363,3.7123,59.9856 , 0.7035,5.3829,57.1780 , 5.4297,0.4605,7.3913 , 0.7435,0.4651,7769.2432 , 41.6009,29.5799,<LOD,2.1180,1.1857,183.1549 , 11.4871,4.9352,<LOD,0.0000,0.2243,11.3596 , 0.6301,2.8721,<LOD,0.0000,0.0000,135.7156 , 1.0947,15.0265,7,409.100006,39.004093,-122.666962,10.000000,528837.062500,4317283.500000,
1061,Mining,123.23,32.98,30.08,30.03,30.14,"Sun Apr 19, 2026 - 10:29:10",User,1.5,ppm,,,,,,Mining,<LOD,3.2674,0.8149,285702.7500 , 2062.3174,2.2638,<LOD,0.0740,0.0009,<LOD,0.2788,0.0007,1124.6122 , 56.3163,19.0779,3304.9011,,<LOD,0.1477,0.0013,2499.5271 , 126.6618,1.8135,<LOD,5.8779,1.6198,<LOD,104.7827,0.7177,16.9035 , 2.8319,0.0423,199.6165 , 13.8150,3.0876,<LOD,1.2836,0.0236,<LOD,14.1276,0.2108,<LOD,0.0000,0.0000,<LOD,0.4018,0.0026,22963.1719 , 609.2194,6.7709,<LOD,12911.4624,0.0432,852.5155 , 41.8698,0.9052,<LOD,0.0049,0.0000,<LOD,0.0044,-0.0000,<LOD,2.4015,0.0342,3011.9045 , 335.5978,0.2920,<LOD,0.0259,-0.0001,<LOD,2.9356,0.5867,<LOD,0.0159,-0.0001,<LOD,0.0000,0.0000,8388.1836 , 253.7634,1.6771,<LOD,9.3363,4.5953,<LOD,0.0636,0.0006,649800.5000 , 7310.8091,49.7685,32.1207 , 5.1092,3.8510,<LOD,0.0028,-0.0000,<LOD,0.0000,0.0000,<LOD,0.0775,0.0002,21619.0801 , 649.9764,35.2235,<LOD,0.0415,0.0002,484.1695 , 35.8378,5.7242,<LOD,1.5640,0.0075,<LOD,0.0017,-0.0000,<LOD,0.6230,0.0106,<LOD,0.0078,-0.0000,7,408.899994,39.004097,-122.666962,10.000000,528836.437500,4317284.000000,
1062,Mining,122.92,32.52,30.22,30.11,30.07,"Sun Apr 19, 2026 - 10:32:29",User,1.5,ppm,,,,,,Mining,<LOD,1.0935,0.8334,108029.0625 , 1254.7256,2.3659,<LOD,1.2254,0.3740,<LOD,2.3308,0.1201,277.2517 , 15.5976,20.7267,483371.1250 , 3060.0125,<LOD,1.0642,0.1717,901.1223 , 37.6074,1.9399,<LOD,1.7105,1.6335,<LOD,33.6159,0.6825,<LOD,27.7839,5.0679,76.4357 , 3.9132,3.1233,9.7605 , 2.3242,0.4450,9855.1934 , 64.8702,30.7606,<LOD,0.0000,0.0000,13.4790 , 1.7721,0.4436,7818.9951 , 77.8346,6.0669,2974.4014 , 1888.0057,0.0437,<LOD,21.1969,0.5040,<LOD,0.8323,6.5484,6.1854 , 0.4621,4.1946,<LOD,4.7406,0.2633,886.2145 , 109.5515,0.2909,7.0869 , 0.8141,0.4301,<LOD,1.0132,0.6411,52.7061 , 1.0386,3.6888,<LOD,0.0000,0.0000,4211.2563 , 53.4897,1.9766,<LOD,3.1967,4.9227,<LOD,0.6378,0.2340,373681.9688 , 653.5416,45.3938,6.5285 , 1.7484,4.1136,33.5194 , 0.4814,3.5429,<LOD,0.0000,0.0000,4.8482 , 0.6379,0.4872,7486.6621 , 37.2402,32.4166,<LOD,1.2706,0.5383,153.0830 , 10.1811,5.2374,<LOD,5.0629,0.2061,6.5484 , 0.5373,2.8404,3.3967 , 1.5916,0.3986,133.1422 , 0.9918,16.9376,7,408.799988,39.004097,-122.666977,10.000000,528835.750000,4317284.000000,
1063,Mining,120.51,30.19,30.04,30.13,27.76,"Sun Apr 19, 2026 - 10:35:38",User,1.5,ppm,,,,,,Mining,<LOD,1.2066,0.7488,86379.5781 , 1457.7512,1.9279,<LOD,1.4007,0.3592,<LOD,2.7130,0.1218,344.0332 , 17.1685,18.6443,443247.5938 , 3821.8098,<LOD,1.1507,0.1499,3769.5154 , 69.5691,5.7359,<LOD,1.8242,1.3548,<LOD,40.3730,0.7048,<LOD,40.4452,8.9069,93.4478 , 4.6891,3.2769,14.4529 , 2.6218,0.4282,19863.7422 , 99.2644,55.0127,<LOD,0.0000,0.0000,11.3718 , 1.8778,0.3662,8970.4170 , 92.7366,6.3590,11199.0938 , 2655.6128,0.0575,149.6190 , 19.4452,0.8156,<LOD,0.9122,5.7515,6.2566 , 0.5056,3.6715,<LOD,6.0777,0.2955,978.4131 , 129.1601,0.2883,10.1957 , 0.9466,0.4339,<LOD,1.0739,0.5287,53.0004 , 1.1226,3.1573,<LOD,0.0000,0.0000,4386.3994 , 62.0785,1.8872,<LOD,3.4833,4.2971,<LOD,0.7187,0.2187,412087.0625 , 764.2621,47.2746,11.6266 , 1.9127,3.6351,75.1202 , 0.7347,5.9802,<LOD,0.0000,0.0000,4.7540 , 0.6894,0.4202,7974.6699 , 43.4502,31.0660,<LOD,1.5895,0.5045,193.1189 , 11.9408,5.2034,<LOD,5.7722,0.2012,12.0012 , 0.6254,2.8733,28.2940 , 2.2157,0.5851,136.2037 , 1.1039,15.1276,7,408.299988,39.004101,-122.666985,10.000000,528835.000000,4317284.500000,
1064,Mining,120.24,30.01,30.05,30.08,28.29,"Sun Apr 19, 2026 - 10:44:07",User,1.5,ppm,,,,,,Mining,<LOD,2.9332,0.5560,42018.2852 , 1413.4504,1.0129,14.4674 , 1.7426,0.5780,<LOD,4.1933,0.1010,463.7212 , 25.3402,12.7890,447399.5938 , 4351.7080,<LOD,1.7568,0.1233,144.0701 , 41.5514,0.6983,<LOD,2.6369,0.9173,<LOD,43.8017,0.6943,<LOD,101.7951,42.8246,138.0133 , 9.2890,4.7197,19.1798 , 3.7582,0.3271,111557.5391 , 253.1371,272.9809,<LOD,0.0000,0.0000,32.4956 , 3.1761,0.3889,760.3090 , 64.3991,0.9658,<LOD,5192.8612,0.0433,<LOD,31.3381,0.7097,<LOD,1.3194,3.8287,5.5272 , 0.7062,2.2885,<LOD,14.0041,0.2578,995.8862 , 143.7733,0.2944,6.7432 , 1.3314,0.2967,<LOD,1.4970,0.3354,2.7393 , 0.7870,0.3591,<LOD,0.0000,0.0000,32209.8184 , 160.2102,11.1885,<LOD,5.0331,2.8308,<LOD,1.1110,0.1844,353458.7500 , 704.4924,35.6299,16.7886 , 2.7812,2.4562,112.3788 , 1.1732,5.1504,<LOD,0.0000,0.0000,<LOD,1.7959,0.1767,10168.3291 , 74.1079,36.6516,3.4506 , 1.1445,0.3627,292.9103 , 22.2730,6.4471,<LOD,8.1097,0.1422,1.8363 , 0.6253,0.9710,<LOD,3.6449,0.2569,177.1418 , 1.6472,11.3947,7,408.500000,39.004086,-122.666992,10.000000,528833.875000,4317282.500000,
1065,Mining,122.84,32.67,30.03,30.09,30.05,"Sun Apr 19, 2026 - 10:46:52",User,1.5,ppm,,,,,,Mining,<LOD,1.1646,0.9222,66299.8203 , 994.8834,1.5127,<LOD,1.1854,0.3230,<LOD,2.9071,0.1784,341.3140 , 16.3167,22.5903,515668.8438 , 2860.5300,<LOD,1.1174,0.1804,139.0665 , 18.3829,0.5376,<LOD,1.7596,1.6734,<LOD,31.5919,0.5765,<LOD,21.8670,2.8297,46.6025 , 3.3368,2.4859,<LOD,3.3168,0.3797,6009.4517 , 51.5165,18.3298,<LOD,0.0000,0.0000,126.0187 , 3.5742,1.9055,482.5645 , 27.7381,0.6849,<LOD,2665.8574,0.0362,<LOD,19.2128,0.3731,<LOD,0.8548,6.5201,4.1163 , 0.4559,3.8600,<LOD,4.9067,0.2999,586.0306 , 97.0700,0.2098,5.3439 , 0.8044,0.4000,<LOD,1.0558,0.6758,3.6574 , 0.5558,0.6273,<LOD,0.0000,0.0000,11689.2295 , 83.8235,4.7289,<LOD,3.3262,5.2166,<LOD,0.7183,0.2798,396313.9375 , 617.5374,46.1634,5.1294 , 1.8048,4.2658,81.4738 , 0.7276,7.7166,<LOD,0.0000,0.0000,3.9278 , 0.6157,0.4010,2007.9507 , 19.4811,8.5413,<LOD,1.2923,0.7522,48.5346 , 5.6346,1.6216,<LOD,0.0000,0.2273,1.3422 , 0.4120,1.6428,10.6083 , 1.8871,0.5390,125.0591 , 0.9984,16.7252,4,409.899994,39.004093,-122.667038,10.000000,528830.375000,4317283.500000,
1066,Mining,122.83,32.63,30.05,30.06,30.09,"Sun Apr 19, 2026 - 10:50:00",User,1.5,ppm,,,,,,Mining,<LOD,1.6007,0.5190,50556.5781 , 1327.8003,1.1809,10.4990 , 1.5611,0.5606,<LOD,3.6710,0.0975,483.1083 , 24.2490,14.5494,478689.5000 , 3821.1494,<LOD,1.6641,0.1386,169.1458 , 39.7695,0.6961,<LOD,2.4083,0.9130,<LOD,39.1391,0.6381,<LOD,88.1161,33.3570,124.6602 , 8.6273,4.4484,19.6385 , 3.5560,0.3636,85170.2969 , 199.1358,211.5695,<LOD,0.0000,0.0000,3.2879 , 2.2590,0.2257,700.0278 , 59.8582,0.9170,<LOD,4065.1670,0.0355,<LOD,29.9939,0.6709,<LOD,1.2354,4.2720,5.8165 , 0.6612,2.5667,<LOD,11.8503,0.2896,1031.3966 , 138.3588,0.3152,8.8892 , 1.2652,0.3382,<LOD,1.3888,0.3490,2.4104 , 0.7093,0.3817,<LOD,0.0000,0.0000,26569.2344 , 135.9367,9.2590,<LOD,4.7739,3.1004,<LOD,0.9934,0.1855,346932.2812 , 652.9252,34.5843,14.9667 , 2.6424,2.7083,133.9589 , 1.1929,6.7819,<LOD,0.0000,0.0000,4.4171 , 0.8980,0.2707,8956.8350 , 67.8256,32.6542,2.0352 , 1.0047,0.3597,227.4326 , 20.0546,5.6511,<LOD,7.9906,0.1742,2.1018 , 0.5897,1.1012,<LOD,3.1255,0.2343,181.4677 , 1.5717,13.2856,6,414.000000,39.004055,-122.666992,10.000000,528834.312500,4317279.500000,
1067,Mining,120.41,30.12,30.06,30.09,30.14,"Sun Apr 19, 2026 - 10:53:14",User,1.5,ppm,,,,,,Mining,<LOD,1.0691,0.8024,85887.9688 , 1086.4905,1.9095,<LOD,1.1869,0.3248,<LOD,2.2884,0.1153,313.0101 , 15.3392,20.6396,523076.9375 , 2817.3857,<LOD,1.0373,0.1625,25.9924 , 16.4376,0.4340,<LOD,1.6993,1.6375,<LOD,30.3292,0.5996,<LOD,29.5305,5.7781,108.4377 , 4.0304,3.5530,<LOD,3.1241,0.3550,11364.2490 , 69.5121,36.3393,<LOD,0.0000,0.0000,2.9669 , 1.5238,0.3153,633.5021 , 29.7494,0.8592,<LOD,2829.4078,0.0397,<LOD,19.5286,0.4292,<LOD,0.9169,7.8364,9.2643 , 0.4937,4.7283,<LOD,4.8735,0.2721,515.1175 , 92.0682,0.2123,7.4551 , 0.8309,0.4474,<LOD,0.9747,0.5963,5.3142 , 0.5615,0.8244,<LOD,0.0000,0.0000,8840.5283 , 72.3086,3.9559,<LOD,3.1500,4.8773,<LOD,0.6303,0.2283,357632.9062 , 619.1949,43.8726,5.9722 , 1.6974,3.9013,102.7466 , 0.7994,9.5814,<LOD,0.0000,0.0000,6.5953 , 0.6366,0.4935,10849.1602 , 43.0052,48.0274,2.5164 , 0.7261,0.5945,207.9467 , 11.5987,7.4752,<LOD,5.0182,0.2019,2.9243 , 0.4358,1.9275,<LOD,2.0527,0.2924,229.6205 , 1.3123,28.9246,7,413.799988,39.004063,-122.667000,10.000000,528833.562500,4317280.000000,
1068,Mining,120.52,30.08,30.13,30.04,28.77,"Sun Apr 19, 2026 - 10:56:21",User,1.5,ppm,,,,,,Mining,<LOD,1.0895,0.8595,96334.2656 , 1250.2991,2.1054,<LOD,1.2149,0.3448,<LOD,2.2062,0.1039,277.4921 , 15.4942,21.0915,563383.5625 , 3458.0759,<LOD,1.0341,0.1578,85.7728 , 17.8933,0.5191,<LOD,1.7011,1.6779,<LOD,31.8239,0.6241,<LOD,31.8002,6.6763,121.4872 , 4.1730,3.7688,<LOD,4.2743,0.4000,13097.3076 , 77.8454,41.7223,<LOD,0.0000,0.0000,7.2768 , 1.6640,0.3747,465.2775 , 28.2458,0.7351,<LOD,3938.2145,0.0405,<LOD,20.4098,0.4676,<LOD,0.9176,7.6464,8.4629 , 0.4949,4.6345,<LOD,5.0460,0.2766,441.6672 , 92.0161,0.1986,6.9854 , 0.8307,0.4370,<LOD,0.9950,0.6411,3.0535 , 0.5158,0.6459,<LOD,0.0000,0.0000,9552.8428 , 77.5270,4.2233,<LOD,3.2145,5.2317,<LOD,0.6488,0.2426,304693.0625 , 667.8456,35.3862,<LOD,3.4086,4.0875,74.1352 , 0.6963,7.0504,<LOD,0.0000,0.0000,5.0040 , 0.6119,0.4313,9425.5479 , 42.8482,41.6885,1.4302 , 0.7042,0.5427,184.8960 , 11.1012,6.5779,<LOD,5.1486,0.2078,3.0994 , 0.4371,1.9016,<LOD,2.0606,0.2878,217.5580 , 1.3078,26.8669,8,413.799988,39.004066,-122.667007,10.000000,528832.875000,4317280.500000,
1069,Mining,120.54,30.17,30.22,30.09,30.06,"Sun Apr 19, 2026 - 10:59:31",User,1.5,ppm,,,,,,Mining,<LOD,1.6287,0.6103,87473.2031 , 1723.6302,1.9280,9.9358 , 1.4721,0.5959,<LOD,3.3736,0.0996,441.8268 , 24.0752,16.0264,444336.6250 , 4486.9121,<LOD,1.6330,0.1619,151.4311 , 37.3221,0.6618,<LOD,2.4593,1.0887,<LOD,38.2344,0.5859,<LOD,75.1268,24.6700,150.4619 , 8.3537,4.3940,18.8006 , 3.2758,0.3709,63460.3281 , 185.4808,155.3406,<LOD,0.0000,0.0000,3.9636 , 2.0663,0.2326,1080.5101 , 61.5603,1.1129,6788.1953 , 2915.8123,0.0490,<LOD,28.0818,0.5948,<LOD,1.2325,5.1516,10.6936 , 0.6594,3.0944,<LOD,9.7395,0.2632,1240.1810 , 142.3707,0.3297,10.6521 , 1.2159,0.3800,<LOD,1.4676,0.4450,8.6932 , 0.8623,0.7300,<LOD,0.0000,0.0000,8822.4990 , 82.5495,3.1802,<LOD,4.7827,3.5350,<LOD,0.9558,0.2134,371259.1250 , 694.0350,36.7778,9.3632 , 2.6269,3.0208,385.6474 , 1.9409,20.1888,<LOD,0.0000,0.0000,6.2639 , 0.9150,0.3605,13742.4990 , 78.5498,49.0222,4.3668 , 1.1605,0.5926,318.5244 , 22.6599,8.0379,<LOD,6.9880,0.1605,5.6660 , 0.6184,1.4791,<LOD,2.8536,0.2348,260.6181 , 1.8651,21.8068,6,413.500000,39.004074,-122.667015,10.000000,528832.000000,4317281.500000,
1070,Mining,122.93,32.64,30.04,30.13,30.12,"Sun Apr 19, 2026 - 11:02:20",User,1.5,ppm,,,,,,Mining,<LOD,1.2712,0.7245,90378.9141 , 1271.7947,1.9961,5.5857 , 1.0810,0.5306,<LOD,2.7357,0.1105,257.0408 , 17.9620,16.8187,491843.8750 , 3155.7065,<LOD,1.2382,0.1557,60.4620 , 26.5257,0.5392,<LOD,1.9791,1.4020,<LOD,32.5218,0.6348,<LOD,58.1855,21.0429,114.8555 , 6.3462,4.2068,10.9126 , 2.6859,0.4106,44765.0039 , 141.1454,134.2944,<LOD,0.0000,0.0000,<LOD,2.4681,0.2403,594.4791 , 43.9212,0.8798,<LOD,3083.5756,0.0378,<LOD,23.6530,0.6004,<LOD,1.0270,6.3008,7.5805 , 0.5458,3.7101,<LOD,7.5304,0.3007,930.2413 , 112.0177,0.3020,4.7271 , 0.9024,0.3511,<LOD,1.1496,0.5310,9.9833 , 0.6891,0.8899,<LOD,0.0000,0.0000,5915.8550 , 61.3972,2.6096,<LOD,3.7159,4.2351,<LOD,0.7475,0.2148,353882.8750 , 623.2060,41.2834,10.2436 , 2.0298,3.5256,113.3554 , 0.9222,8.3442,<LOD,0.0000,0.0000,4.8025 , 0.7033,0.3671,10637.3760 , 59.2564,45.6421,1.4048 , 0.7931,0.4690,225.9467 , 16.9625,7.3679,<LOD,5.8967,0.1901,3.9006 , 0.5094,1.7117,<LOD,2.3409,0.2614,220.5797 , 1.4243,22.2397,9,413.299988,39.004074,-122.667023,10.000000,528831.562500,4317281.500000,
1071,Mining,120.47,30.00,30.05,30.29,30.13,"Sun Apr 19, 2026 - 11:05:47",User,1.5,ppm,,,,,,Mining,1.7478 , 1.0574,0.7054,55724.7266 , 1317.8035,1.2885,5.3491 , 1.3257,0.4825,<LOD,3.1129,0.0886,559.7426 , 22.5906,17.5918,459242.0625 , 4067.5569,<LOD,1.4903,0.1404,50.6737 , 31.6300,0.5191,<LOD,2.3345,1.1895,<LOD,37.5517,0.5973,<LOD,73.0915,23.5472,133.6406 , 7.2924,4.0363,15.2063 , 3.2111,0.3697,60216.6133 , 176.5277,152.0266,<LOD,0.0000,0.0000,<LOD,3.4791,0.2155,1507.3948 , 62.2902,1.3693,<LOD,4517.0453,0.0387,<LOD,27.8224,0.5916,<LOD,1.1937,5.1399,8.8607 , 0.6383,3.0804,<LOD,9.4224,0.2597,1230.7216 , 137.1709,0.3205,8.8285 , 1.1549,0.3576,<LOD,1.3977,0.4841,4.9420 , 0.7310,0.5455,<LOD,0.0000,0.0000,8261.1875 , 79.3475,3.0620,<LOD,4.4392,3.6853,<LOD,0.8745,0.1840,400857.8438 , 693.7524,41.7564,8.6082 , 2.4066,3.0414,188.0609 , 1.3324,10.5697,<LOD,0.0000,0.0000,6.4982 , 0.8581,0.3412,10937.1113 , 65.0927,39.9016,2.7541 , 0.9871,0.4486,206.7267 , 18.5438,6.3352,<LOD,7.1861,0.1773,2.7538 , 0.5653,1.2934,<LOD,2.7094,0.2196,214.3323 , 1.6255,17.8010,7,413.000000,39.004074,-122.667015,10.000000,528832.437500,4317281.500000,
1072,Mining,122.85,32.59,30.13,30.05,30.08,"Sun Apr 19, 2026 - 11:10:19",User,1.5,ppm,,,,,,Mining,<LOD,1.4170,0.6910,53922.6523 , 1122.8246,1.2518,7.8742 , 1.2423,0.5605,<LOD,3.0835,0.1097,268.4619 , 19.7135,15.3350,490122.1875 , 3298.1316,<LOD,1.3426,0.1432,<LOD,41.6133,0.4272,<LOD,2.1394,1.2448,<LOD,33.7956,0.6313,<LOD,68.3557,25.7789,116.7104 , 6.9616,4.1352,7.1040 , 2.8262,0.3590,59472.3945 , 165.0526,168.1115,<LOD,0.0000,0.0000,<LOD,2.9068,0.2338,652.5889 , 48.9328,0.9119,5280.3940 , 2424.1802,0.0466,<LOD,25.9286,0.6430,<LOD,1.1196,5.8096,8.2785 , 0.5919,3.3892,<LOD,8.7376,0.2750,941.8304 , 117.0463,0.2991,5.7202 , 1.0087,0.3421,<LOD,1.2669,0.4946,5.1348 , 0.6417,0.5636,<LOD,0.0000,0.0000,5991.4678 , 63.2641,2.5265,<LOD,4.0809,3.8985,<LOD,0.8332,0.2072,370319.3750 , 633.6300,41.7950,8.7640 , 2.2152,3.1895,53.8305 , 0.6988,3.7732,<LOD,0.0000,0.0000,5.2385 , 0.7589,0.3292,12348.9033 , 66.7669,49.9648,1.4894 , 0.8042,0.3729,224.4925 , 19.1685,7.7513,<LOD,6.7207,0.1949,2.6948 , 0.5244,1.4082,<LOD,2.5447,0.2434,232.4357 , 1.5211,19.8021,8,412.799988,39.004070,-122.667007,10.000000,528832.875000,4317281.000000,
1073,Mining,122.91,32.66,30.03,30.10,30.12,"Sun Apr 19, 2026 - 11:13:07",User,1.5,ppm,,,,,,Mining,<LOD,1.6010,0.5937,63800.4922 , 1446.2057,1.4436,3.3968 , 1.3965,0.4376,<LOD,3.6525,0.1042,610.5740 , 24.1136,17.0177,460374.7812 , 4139.7661,<LOD,1.6404,0.1454,52.4438 , 35.9541,0.5595,<LOD,2.4526,1.1008,<LOD,37.4629,0.5754,<LOD,78.6297,24.1765,158.8529 , 8.0403,4.2340,25.7295 , 3.5876,0.3961,64093.4883 , 174.9955,152.3285,<LOD,0.0000,0.0000,3.2290 , 2.1958,0.2310,2002.4021 , 72.6233,1.6139,3270.9062 , 2703.5249,0.0422,<LOD,30.1230,0.6144,<LOD,1.2763,4.9877,9.7857 , 0.6756,2.9253,<LOD,10.1356,0.2477,1190.0730 , 137.1180,0.3101,11.4796 , 1.2812,0.3756,<LOD,1.4601,0.4443,5.9773 , 0.8034,0.5613,<LOD,0.0000,0.0000,9892.0879 , 84.5875,3.4158,<LOD,4.6766,3.4126,<LOD,1.0162,0.2130,382875.0625 , 661.5943,37.0657,16.8385 , 2.5866,2.9839,248.1663 , 1.5824,12.7559,<LOD,0.0000,0.0000,6.4214 , 0.9309,0.3369,10896.7432 , 68.6753,37.8479,2.6481 , 1.0859,0.4599,209.9707 , 19.6962,6.0897,<LOD,7.6710,0.1730,2.3698 , 0.5958,1.2189,<LOD,2.6828,0.1838,236.0343 , 1.7796,18.3569,9,412.700012,39.004074,-122.667007,10.000000,528832.687500,4317281.500000,
1074,Mining,122.93,32.72,30.05,30.14,30.02,"Sun Apr 19, 2026 - 11:16:06",User,1.5,ppm,,,,,,Mining,<LOD,1.5925,0.5931,72008.8672 , 1445.8971,1.6042,5.8331 , 1.4505,0.5178,<LOD,3.4233,0.0973,484.2859 , 23.7587,16.0273,505488.3438 , 3980.2415,<LOD,1.6726,0.1611,208.1602 , 40.5425,0.7921,<LOD,2.4524,1.1102,<LOD,35.4451,0.6392,<LOD,82.6546,32.6574,137.8806 , 8.0974,4.6193,23.2397 , 3.4926,0.4027,80054.4531 , 203.3785,210.5825,<LOD,0.0000,0.0000,6.3844 , 2.2062,0.2527,1960.7917 , 74.1334,1.7426,7530.2886 , 2800.5466,0.0514,<LOD,28.7816,0.6892,<LOD,1.2122,4.8760,7.3597 , 0.6388,2.8425,<LOD,10.9401,0.2796,1828.3822 , 147.3314,0.4576,12.7108 , 1.2909,0.4060,<LOD,1.4340,0.4323,7.7880 , 0.7752,0.5973,<LOD,0.0000,0.0000,12577.1885 , 89.2418,4.7159,<LOD,4.6888,3.4509,<LOD,0.9605,0.2029,308544.7188 , 620.8542,30.8501,12.9751 , 2.5828,2.9750,127.1908 , 1.1294,6.9548,<LOD,0.0000,0.0000,3.8056 , 0.8935,0.3047,8549.6924 , 63.7613,33.0587,<LOD,2.0875,0.3736,210.5267 , 18.5945,5.6883,<LOD,7.3409,0.1685,2.0881 , 0.5836,1.2355,<LOD,2.9542,0.2402,207.0115 , 1.6114,15.8500,7,412.600006,39.004078,-122.667007,10.000000,528832.562500,4317282.000000,
1075,Mining,120.20,30.09,30.03,30.01,29.14,"Sun Apr 19, 2026 - 11:48:04",User,1.5,ppm,,,,,,Mining,<LOD,1.5345,0.6262,132625.2031 , 2413.3181,2.8356,<LOD,1.7416,0.3234,<LOD,3.2551,0.1004,513.3177 , 22.4000,16.4330,464694.0938 , 6019.9004,<LOD,1.5796,0.1634,25620.9082 , 215.0378,33.2982,<LOD,2.2989,1.1074,<LOD,39.8295,0.6563,<LOD,67.9651,19.5831,166.5287 , 7.4560,4.1376,183.4778 , 5.7496,1.2262,51596.2500 , 214.5216,125.1880,<LOD,0.0000,0.0000,8.3183 , 2.2257,0.2813,9114.1943 , 123.0369,6.2643,37916.8359 , 3987.4475,0.1005,847.8731 , 33.4194,1.9444,<LOD,1.0712,4.3426,6.7836 , 0.6038,2.8966,<LOD,9.2094,0.3108,871.7651 , 124.8953,0.2620,12.1715 , 1.1819,0.3869,<LOD,1.3565,0.4375,39.1294 , 1.1662,1.8478,<LOD,0.0000,0.0000,944.7344 , 35.9305,0.5904,<LOD,4.3862,3.4547,<LOD,0.8930,0.1949,264397.0000 , 724.3763,25.0999,19.5409 , 2.4368,3.0421,147.1516 , 1.1972,8.2926,<LOD,0.0000,0.0000,4.0909 , 0.8727,0.3485,9758.1309 , 65.8044,34.2106,<LOD,2.2474,0.4276,233.7302 , 17.9338,5.7204,<LOD,8.2131,0.2408,15.5036 , 0.7394,2.2740,130.2478 , 4.1518,1.2112,132.9781 , 1.3320,11.7554,5,429.899994,39.006237,-122.664246,10.000000,529071.250000,4317522.500000,
1076,Mining,122.95,32.55,30.20,30.14,30.06,"Sun Apr 19, 2026 - 11:50:56",User,1.5,ppm,,,,,,Mining,<LOD,1.5309,0.5841,120518.5703 , 2352.0854,2.5924,<LOD,1.6049,0.2705,<LOD,2.8636,0.0783,482.4238 , 22.6985,15.8779,464889.2188 , 6020.7026,<LOD,1.3869,0.1271,33653.5703 , 229.5155,41.2985,<LOD,2.3346,1.0725,<LOD,41.7264,0.7077,<LOD,62.4646,15.3876,145.0905 , 6.7058,3.6044,155.3207 , 5.3135,1.0541,42576.6836 , 181.6719,97.1764,<LOD,0.0000,0.0000,4.0573 , 2.0313,0.2324,10955.9580 , 124.6002,7.0807,38051.5469 , 3998.6274,0.1017,707.8158 , 31.4289,1.5929,<LOD,1.0375,4.1327,5.1538 , 0.5821,2.7257,<LOD,8.5486,0.2896,816.5074 , 120.0990,0.2359,10.1702 , 1.1073,0.3437,<LOD,1.3565,0.4101,44.5992 , 1.2070,2.0233,<LOD,0.0000,0.0000,805.5612 , 34.7008,0.5331,<LOD,4.4989,3.4461,<LOD,0.8079,0.1621,278059.5625 , 715.9812,25.5777,18.9272 , 2.4865,2.9841,187.0562 , 1.3300,10.2304,<LOD,0.0000,0.0000,3.8533 , 0.7965,0.3072,7443.6689 , 53.9881,24.4724,<LOD,2.0441,0.4376,207.3316 , 15.1153,4.3043,<LOD,7.8236,0.2198,15.3476 , 0.7345,2.2730,125.2598 , 4.0221,1.1449,116.7193 , 1.2607,10.8891,6,424.500000,39.006214,-122.664230,10.000000,529072.250000,4317520.000000,
1077,Mining,120.24,30.18,30.10,30.18,29.78,"Sun Apr 19, 2026 - 11:53:34",User,1.5,ppm,,,,,,Mining,<LOD,1.0682,0.7544,160534.4062 , 1515.2441,3.4093,<LOD,1.2312,0.3836,<LOD,2.2181,0.1072,329.2095 , 15.5318,19.9138,522197.1875 , 3322.8711,<LOD,1.0649,0.1701,1223.3094 , 41.5693,2.3523,<LOD,1.6816,1.5002,<LOD,31.1098,0.6338,<LOD,36.6054,9.5717,106.0721 , 4.8135,3.9610,12.2136 , 2.3746,0.4636,18929.1406 , 90.7783,60.2519,<LOD,0.0000,0.0000,14.3251 , 1.7943,0.4503,3339.3625 , 59.3692,2.9105,8598.8848 , 1999.0173,0.0518,<LOD,21.5432,0.5699,<LOD,0.8705,7.0628,8.7783 , 0.4788,4.4695,<LOD,5.2712,0.2813,1331.6520 , 123.1683,0.4141,6.2512 , 0.8028,0.4129,<LOD,0.9881,0.5790,19.0442 , 0.7005,1.5317,<LOD,0.0000,0.0000,3117.2056 , 45.6855,1.5761,<LOD,3.1376,4.4955,<LOD,0.6186,0.2183,269900.4062 , 610.0193,30.6715,7.3994 , 1.7126,3.7432,29.2149 , 0.4556,3.1094,<LOD,0.0000,0.0000,6.6765 , 0.6443,0.4925,9869.9775 , 48.7368,44.8356,<LOD,0.9620,0.4495,215.2068 , 13.0895,7.3227,<LOD,5.1717,0.2138,6.4282 , 0.4831,2.3220,3.4101 , 1.5953,0.3988,194.2272 , 1.1897,22.8509,7,427.399994,39.006256,-122.664185,10.000000,529076.312500,4317524.500000,
1078,Mining,120.33,30.15,30.04,30.05,30.09,"Sun Apr 19, 2026 - 11:56:09",User,1.5,ppm,,,,,,Mining,<LOD,1.1120,0.7773,160644.9688 , 1751.3254,3.4139,<LOD,1.1718,0.3070,<LOD,2.4097,0.1214,380.3339 , 16.1666,20.6727,514813.9688 , 4368.9839,<LOD,1.0911,0.1707,1233.0942 , 40.5121,2.3767,<LOD,1.7569,1.5650,<LOD,32.3880,0.6514,<LOD,37.4821,9.6118,97.5026 , 4.4392,3.6871,15.1931 , 2.4684,0.4789,18995.1621 , 104.1675,59.6435,<LOD,0.0000,0.0000,9.0907 , 1.6993,0.3800,3881.2375 , 60.7096,3.2673,<LOD,4722.6178,0.0414,<LOD,21.7812,0.5578,<LOD,0.8696,6.7221,7.9035 , 0.4810,4.3029,<LOD,5.2915,0.2653,1100.2965 , 116.3572,0.3471,6.2045 , 0.8107,0.4023,<LOD,1.0152,0.5797,19.7632 , 0.7212,1.5590,<LOD,0.0000,0.0000,1861.0529 , 38.3960,1.0310,<LOD,3.2351,4.5577,<LOD,0.6552,0.2329,284890.6875 , 735.3229,32.2778,6.9230 , 1.7534,3.7227,18.6907 , 0.3928,2.1997,<LOD,0.0000,0.0000,4.8850 , 0.6345,0.4403,9024.3867 , 48.1095,39.9259,<LOD,0.9602,0.4299,200.4952 , 11.8333,6.5171,<LOD,5.1813,0.2051,5.8414 , 0.4859,2.2391,4.1921 , 1.6368,0.4014,178.7037 , 1.2112,20.7715,6,428.700012,39.006298,-122.664230,10.000000,529072.062500,4317529.000000,
1079,Mining,120.40,30.14,30.21,30.01,30.04,"Sun Apr 19, 2026 - 11:58:55",User,1.5,ppm,,,,,,Mining,<LOD,1.4889,0.8526,50580.9414 , 894.8113,1.1977,<LOD,1.0870,0.3351,<LOD,2.2381,0.1270,195.8244 , 13.9179,18.1623,534221.6875 , 3149.8584,<LOD,0.9598,0.1596,1341.6737 , 38.9664,2.6536,<LOD,1.5758,1.5662,<LOD,32.4915,0.6714,<LOD,29.4192,3.9799,46.6204 , 3.6129,2.7936,<LOD,2.7191,0.3069,7036.2329 , 54.3602,23.1431,<LOD,0.0000,0.0000,<LOD,3.4746,0.3062,5152.9009 , 62.3718,4.3186,<LOD,4184.3950,0.0405,<LOD,18.5902,0.4291,<LOD,0.8243,7.4631,7.9323 , 0.4530,4.6969,<LOD,4.3649,0.2672,681.9410 , 101.5866,0.2552,4.2369 , 0.7236,0.3878,<LOD,0.9425,0.6240,35.9900 , 0.8495,2.7932,<LOD,0.0000,0.0000,1154.3741 , 33.0368,0.7486,<LOD,2.9344,4.7320,<LOD,0.6178,0.2529,386848.1875 , 726.3654,49.6919,5.6241 , 1.5842,3.7800,11.9666 , 0.3207,1.8068,<LOD,0.0000,0.0000,5.2926 , 0.5888,0.4856,10181.7402 , 44.5103,46.2832,<LOD,0.9074,0.4765,157.9218 , 11.0981,7.0279,<LOD,4.6336,0.1970,2.8314 , 0.4616,2.4155,<LOD,1.9516,0.3025,180.8940 , 1.1085,23.1236,3,433.899994,39.005962,-122.664177,10.000000,529076.812500,4317492.000000,
1080,Mining,120.20,30.05,30.04,30.08,28.53,"Sun Apr 19, 2026 - 12:01:41",User,1.5,ppm,,,,,,Mining,<LOD,1.2183,0.8467,46852.6680 , 913.6807,1.1283,<LOD,1.1775,0.3534,<LOD,2.3839,0.1273,222.1511 , 15.0638,18.6949,497390.6562 , 2760.7737,<LOD,1.0468,0.1673,1496.7791 , 40.6123,2.7588,<LOD,1.6861,1.5619,<LOD,35.1677,0.6772,<LOD,24.9104,4.0258,48.7854 , 3.6486,2.7182,<LOD,2.9555,0.3200,7621.0054 , 56.8023,23.7931,<LOD,0.0000,0.0000,<LOD,3.1012,0.2953,5867.1470 , 65.5141,4.6494,3849.8406 , 1996.7792,0.0432,<LOD,20.4786,0.4626,<LOD,0.8698,7.2731,9.1861 , 0.4784,4.5942,<LOD,4.6848,0.2720,628.6143 , 101.4090,0.2185,4.9947 , 0.7720,0.3889,<LOD,1.0098,0.6258,40.4166 , 0.9258,2.9440,<LOD,0.0000,0.0000,842.1234 , 32.1471,0.6013,<LOD,3.1476,4.7263,<LOD,0.6369,0.2323,424162.2500 , 667.9879,53.8661,<LOD,3.7963,3.7629,16.6373 , 0.3692,2.1116,<LOD,0.0000,0.0000,6.1558 , 0.6425,0.5093,10565.2061 , 42.1681,45.4586,<LOD,1.2918,0.4836,184.7072 , 11.3208,6.9992,<LOD,5.1230,0.2127,3.4953 , 0.4936,2.4215,<LOD,2.1240,0.3160,187.1618 , 1.1410,22.6312,6,433.600006,39.006264,-122.664101,10.000000,529083.812500,4317525.500000,
1081,Mining,122.79,32.56,30.04,30.09,30.10,"Sun Apr 19, 2026 - 12:04:27",User,1.5,ppm,,,,,,Mining,<LOD,1.6238,0.6001,105185.8984 , 2414.7854,2.2806,4.4168 , 2.0468,0.9353,<LOD,3.4832,0.1021,519.0627 , 23.5327,15.7166,444610.7812 , 6649.6309,<LOD,1.6615,0.1600,34842.5938 , 226.8518,38.8411,<LOD,2.3440,0.9694,<LOD,44.6313,0.6951,<LOD,95.4362,11.5422,134.2224 , 6.3997,3.1324,7.5692 , 3.0505,0.3033,34169.2812 , 157.1544,71.2408,<LOD,0.0000,0.0000,<LOD,5.0796,0.2287,12143.5352 , 127.8354,7.1301,39382.6445 , 4232.0869,0.1029,504.8619 , 30.1886,1.1861,<LOD,1.8754,4.3222,7.5881 , 0.6520,2.8449,<LOD,8.4275,0.2651,759.0038 , 125.7618,0.2195,66.0259 , 2.0226,1.0168,<LOD,1.4519,0.4290,59.9159 , 1.4798,2.6233,<LOD,0.0000,0.0000,2124.4128 , 47.8246,0.9008,<LOD,4.5878,3.2189,<LOD,0.9674,0.2062,318400.5625 , 745.6307,27.7818,18.7647 , 2.5663,2.8961,474.9525 , 2.3055,24.0766,<LOD,0.0000,0.0000,6.0139 , 0.9966,0.4391,6200.6294 , 48.5361,18.6557,5.7543 , 1.2754,0.6965,186.6731 , 13.7973,3.3935,<LOD,7.9853,0.2010,15.9009 , 0.8303,2.5269,41.1221 , 2.9438,0.5387,127.8006 , 1.5139,13.8068,,,,,,,,
1082,Mining,120.50,30.19,30.14,30.10,28.57,"Sun Apr 19, 2026 - 12:07:16",User,1.5,ppm,,,,,,Mining,<LOD,1.6640,0.6162,124841.4141 , 2859.5454,2.6876,<LOD,1.6359,0.2246,<LOD,3.4308,0.0957,536.5825 , 24.2257,16.0453,405281.2812 , 7416.9648,<LOD,1.5218,0.1299,39058.4883 , 253.7416,43.7078,<LOD,2.4334,1.0269,<LOD,47.7663,0.7013,<LOD,63.2326,12.9328,133.0570 , 6.7192,3.1777,11.7207 , 3.1405,0.3111,39340.3438 , 188.9419,81.1564,<LOD,0.0000,0.0000,<LOD,4.4231,0.2067,11792.8398 , 131.2635,6.9776,40735.3086 , 4630.6201,0.1068,613.6620 , 31.7701,1.3291,<LOD,1.1247,3.9564,7.1088 , 0.6424,2.7066,<LOD,8.8215,0.2732,776.3188 , 133.0211,0.2187,10.2127 , 1.1735,0.3268,<LOD,1.7143,0.4739,48.0468 , 1.3350,2.0562,<LOD,0.0000,0.0000,2289.5342 , 52.1848,0.9518,<LOD,4.7512,3.3980,<LOD,0.9441,0.1885,327609.2812 , 813.3462,28.9577,23.0915 , 2.6524,3.0333,288.5682 , 1.7928,14.3007,<LOD,0.0000,0.0000,4.0553 , 0.8683,0.3084,6201.7661 , 50.7369,18.3707,4.5687 , 1.1300,0.5249,195.5290 , 14.3337,3.3734,<LOD,7.9585,0.1928,19.7635 , 0.8148,2.3743,59.0300 , 3.2444,0.6320,118.3803 , 1.3910,11.0475,4,431.799988,39.006119,-122.664192,10.000000,529075.500000,4317509.000000,
1083,Mining,120.16,30.07,30.04,30.01,28.84,"Sun Apr 19, 2026 - 12:09:56",User,1.5,ppm,,,,,,Mining,<LOD,1.2207,0.8448,37736.7969 , 862.2712,0.9389,<LOD,1.3563,0.3916,<LOD,2.5717,0.1301,269.0223 , 15.4622,19.2480,489951.5625 , 2883.1816,<LOD,1.1220,0.1692,959.6631 , 36.2913,1.9268,<LOD,1.7454,1.6263,<LOD,36.5631,0.7009,<LOD,25.5561,3.7298,43.4216 , 3.7068,2.4919,<LOD,3.2813,0.3479,7436.4658 , 57.8508,21.9599,<LOD,0.0000,0.0000,<LOD,3.9548,0.3007,6001.9634 , 67.0415,4.5376,5345.9160 , 2082.0754,0.0445,<LOD,22.0467,0.4725,<LOD,0.9428,7.5167,12.0923 , 0.5167,4.7242,<LOD,4.8924,0.2631,640.1059 , 103.0903,0.2154,10.8651 , 0.9258,0.4945,<LOD,1.0279,0.6258,43.9475 , 0.9929,2.9948,<LOD,0.0000,0.0000,843.1190 , 32.1659,0.5750,<LOD,3.2125,4.7592,<LOD,0.7003,0.2499,437426.4375 , 664.0184,53.4629,6.8468 , 1.7395,3.8513,17.2805 , 0.3892,2.0643,<LOD,0.0000,0.0000,7.2737 , 0.7004,0.5389,12800.4463 , 46.8222,52.1518,<LOD,1.1650,0.4659,205.5109 , 12.4550,7.8517,<LOD,5.4467,0.2119,4.4726 , 0.5336,2.4901,<LOD,2.1778,0.2923,236.7965 , 1.3186,26.4476,7,434.799988,39.006325,-122.664116,10.000000,529082.437500,4317532.000000,
1084,Mining,120.37,30.13,30.06,30.02,29.55,"Sun Apr 19, 2026 - 12:12:39",User,1.5,ppm,,,,,,Mining,<LOD,1.0972,0.7917,37835.0312 , 872.3247,0.9366,<LOD,1.2696,0.3711,<LOD,2.3737,0.1168,271.4999 , 15.6344,19.6433,508988.3438 , 3479.4280,<LOD,1.0530,0.1571,981.7643 , 36.3849,1.9359,<LOD,1.7356,1.5952,<LOD,35.6108,0.6707,<LOD,23.5527,3.3052,44.1249 , 3.6768,2.4413,<LOD,3.1447,0.3365,6599.6665 , 54.9101,19.6152,<LOD,0.0000,0.0000,<LOD,3.2995,0.2835,5695.9116 , 66.2675,4.3207,<LOD,4636.0811,0.0391,<LOD,21.3819,0.4642,<LOD,0.9083,7.3757,9.2789 , 0.4891,4.4535,<LOD,4.6574,0.2541,674.0525 , 103.5446,0.2205,8.0732 , 0.8504,0.4394,<LOD,1.0443,0.6453,39.2001 , 0.9258,2.7223,<LOD,0.0000,0.0000,982.5303 , 33.4304,0.6307,<LOD,3.2432,4.8430,<LOD,0.6562,0.2328,422810.8125 , 762.3085,51.0036,<LOD,3.9638,3.8280,13.8225 , 0.3540,1.7991,<LOD,0.0000,0.0000,7.0213 , 0.6625,0.5121,12372.9082 , 50.0179,50.5079,<LOD,0.9705,0.4451,206.9495 , 12.3515,7.6554,<LOD,5.0696,0.1932,4.1937 , 0.5094,2.4046,<LOD,2.1027,0.2872,220.1740 , 1.2808,24.9335,6,421.500000,39.006313,-122.664207,10.000000,529074.125000,4317531.000000,
1085,Mining,122.88,32.60,30.09,30.07,30.12,"Sun Apr 19, 2026 - 12:19:15",User,1.5,ppm,,,,,,Mining,<LOD,1.2937,0.7899,64029.4844 , 925.4244,1.4712,<LOD,1.7876,0.8526,<LOD,2.2483,0.1244,245.3814 , 13.6292,18.0740,535345.6250 , 2459.9795,<LOD,1.0424,0.1827,810.5936 , 35.2211,1.9339,<LOD,2.0457,1.5417,<LOD,32.2324,0.7211,<LOD,26.3056,5.0355,44.6182 , 3.6933,2.8592,<LOD,4.0194,0.3972,9369.3467 , 60.8224,30.7975,<LOD,0.0000,0.0000,9.0492 , 1.5870,0.3938,8077.2041 , 75.4296,6.6824,<LOD,2596.9074,0.0377,<LOD,19.2027,0.4598,<LOD,0.8356,7.4259,9.4146 , 0.4702,4.9073,<LOD,4.6857,0.2947,874.2513 , 107.0457,0.3138,36.8625 , 1.2237,1.0928,<LOD,0.8940,0.5638,28.1282 , 0.7857,2.2653,<LOD,0.0000,0.0000,1263.0867 , 32.8776,0.8130,<LOD,2.8194,4.3683,<LOD,0.6059,0.2333,366523.0312 , 600.5614,47.1606,6.4367 , 1.5298,3.5526,23.0799 , 0.4054,2.8004,<LOD,0.0000,0.0000,9.5678 , 0.6907,0.6810,12939.5273 , 46.4632,59.2916,<LOD,0.9994,0.5009,167.7879 , 12.2092,8.6792,<LOD,4.6113,0.1896,5.6395 , 0.4917,2.6831,6.2929 , 1.5814,0.4390,175.5979 , 1.0827,22.5355,5,402.600006,39.006264,-122.664177,10.000000,529077.312500,4317525.500000,
1086,Mining,120.27,30.02,30.04,30.10,30.11,"Sun Apr 19, 2026 - 12:21:59",User,1.5,ppm,,,,,,Mining,1.3029 , 0.6822,0.8035,64073.6016 , 1026.7499,1.4765,<LOD,1.8651,0.8972,<LOD,2.3034,0.1256,245.2005 , 13.7394,17.5891,506745.4062 , 2748.1133,<LOD,1.0672,0.1845,947.3854 , 37.8703,2.0696,2.2944 , 1.0533,1.5503,<LOD,34.7099,0.7011,<LOD,26.4155,4.8977,44.0955 , 3.8927,2.7978,<LOD,3.0345,0.3605,9323.7686 , 61.5389,29.7472,<LOD,0.0000,0.0000,10.8410 , 1.6524,0.4127,7730.8237 , 77.2742,6.2441,4490.0166 , 2013.8395,0.0458,<LOD,19.8082,0.4720,<LOD,0.8466,7.3452,10.6765 , 0.4784,4.8975,<LOD,4.4915,0.2539,938.5768 , 113.1616,0.2985,40.4154 , 1.2749,1.1419,<LOD,0.8953,0.5422,23.9592 , 0.7446,1.9298,<LOD,0.0000,0.0000,1497.5703 , 37.6446,0.9012,<LOD,2.8475,4.3099,<LOD,0.6323,0.2469,389722.5938 , 665.1310,49.8748,8.9555 , 1.5518,3.5315,24.5733 , 0.4167,2.8451,<LOD,0.0000,0.0000,11.8601 , 0.7259,0.7369,13745.3828 , 51.1680,61.2632,<LOD,0.9500,0.4799,174.9066 , 13.1158,8.9347,<LOD,4.7452,0.1942,6.4916 , 0.4946,2.6279,<LOD,2.9216,0.3735,179.2802 , 1.1066,22.2958,5,404.600006,39.006218,-122.664185,10.000000,529076.312500,4317520.000000,
1087,Mining,120.25,30.03,30.05,30.11,30.06,"Sun Apr 19, 2026 - 12:24:37",User,1.5,ppm,,,,,,Mining,<LOD,1.0983,0.7769,63185.1094 , 1029.4758,1.4486,3.6826 , 1.0868,0.6762,<LOD,2.4511,0.1245,228.5061 , 15.1480,17.7103,522641.0938 , 2887.1868,<LOD,1.1297,0.1810,1040.1460 , 45.2510,2.4644,<LOD,1.7246,1.5459,<LOD,34.1535,0.7113,<LOD,27.8259,4.7722,45.0236 , 3.8438,2.5442,4.8148 , 2.2793,0.4030,9616.0186 , 64.6452,29.1501,<LOD,0.0000,0.0000,<LOD,2.1505,0.2556,16465.3184 , 109.0179,12.4946,8746.0547 , 2122.9600,0.0520,<LOD,21.0934,0.4710,<LOD,0.9932,8.7043,12.7927 , 0.5253,5.0060,<LOD,4.8216,0.2593,843.2204 , 112.9455,0.3047,15.2368 , 1.0121,0.6233,<LOD,1.0030,0.5792,85.9425 , 1.3139,5.6291,<LOD,0.0000,0.0000,1639.2057 , 37.4225,0.9351,<LOD,3.1568,4.4497,<LOD,0.6693,0.2406,359515.0000 , 637.5152,43.5213,4.0722 , 1.7032,3.5634,16.8661 , 0.3816,2.0862,<LOD,0.0000,0.0000,15.9341 , 0.8206,0.8568,15360.6191 , 54.1012,65.0976,2.5295 , 0.7473,0.5944,171.3098 , 13.6504,9.2766,<LOD,5.0173,0.1900,4.6016 , 0.6012,3.2440,<LOD,2.1389,0.2991,336.8966 , 1.5677,37.2938,5,404.399994,39.006302,-122.664169,10.000000,529077.687500,4317529.500000,
1088,Mining,120.33,30.08,30.05,30.08,29.21,"Sun Apr 19, 2026 - 12:27:38",User,1.5,ppm,,,,,,Mining,<LOD,1.1188,0.7638,57849.8320 , 1005.1482,1.3359,3.4700 , 1.0680,0.6561,<LOD,2.4109,0.1218,223.6426 , 15.3308,17.1275,546037.4375 , 2525.3538,<LOD,1.0678,0.1632,864.2114 , 42.4000,2.0604,<LOD,1.7406,1.4882,<LOD,36.5213,0.7383,<LOD,29.7490,5.6179,57.4926 , 4.0464,2.7135,6.0180 , 2.2859,0.4101,11521.3008 , 68.0020,34.3763,<LOD,0.0000,0.0000,<LOD,2.0548,0.2741,13780.7725 , 101.7456,10.3531,<LOD,2560.4068,0.0279,<LOD,19.8146,0.4262,<LOD,0.9698,8.3605,11.6059 , 0.5118,4.8057,<LOD,4.8038,0.2510,849.1880 , 120.6881,0.3126,15.1968 , 0.9997,0.6137,<LOD,0.9752,0.5149,68.2967 , 1.1654,4.4580,<LOD,0.0000,0.0000,1341.1849 , 36.7623,0.8064,<LOD,3.2103,4.3702,<LOD,0.6581,0.2409,351097.9375 , 621.8733,41.4372,<LOD,4.0654,3.4421,15.9715 , 0.3691,1.9712,<LOD,0.0000,0.0000,18.2434 , 0.8129,0.8686,15715.8184 , 53.2304,65.8570,2.1782 , 0.7138,0.5481,181.3100 , 14.1272,9.4197,<LOD,0.0000,0.1797,4.0469 , 0.5630,2.8930,<LOD,2.0648,0.2866,334.8024 , 1.5101,36.2766,6,399.600006,39.006260,-122.664192,10.000000,529075.687500,4317525.000000,
1089,Mining,120.54,30.14,30.11,30.18,29.47,"Sun Apr 19, 2026 - 12:30:37",User,1.5,ppm,,,,,,Mining,<LOD,1.2234,0.7456,60623.2539 , 1023.7897,1.3839,<LOD,1.3455,0.4317,<LOD,2.1943,0.0990,212.1420 , 14.3535,16.3530,562686.6250 , 2711.6865,<LOD,1.0225,0.1482,915.1108 , 37.6623,1.9236,<LOD,1.6229,1.4038,<LOD,35.7120,0.7224,<LOD,30.6889,5.9413,46.2613 , 3.8233,2.5748,<LOD,4.5233,0.3734,12415.1973 , 71.3788,37.1409,<LOD,0.0000,0.0000,9.4523 , 1.6630,0.3641,7419.3662 , 76.1299,5.6680,2977.0996 , 1975.3623,0.0417,<LOD,20.8074,0.4718,<LOD,0.8737,6.8103,8.3620 , 0.4829,4.3447,<LOD,5.0436,0.2744,714.1084 , 108.0393,0.2554,9.3753 , 0.8794,0.4696,<LOD,0.9159,0.4938,27.9511 , 0.8097,2.0210,<LOD,0.0000,0.0000,1831.6544 , 40.1170,1.0003,<LOD,3.0116,4.1923,<LOD,0.6321,0.2193,336906.4375 , 625.2454,38.5156,3.6803 , 1.6167,3.3025,22.2901 , 0.4151,2.4665,<LOD,0.0000,0.0000,10.9924 , 0.6972,0.5971,12840.9531 , 48.0964,53.8599,<LOD,0.9821,0.4480,126.2761 , 12.5489,7.6429,<LOD,4.8579,0.1775,2.8980 , 0.4774,2.1165,<LOD,2.2429,0.3293,190.4786 , 1.1633,21.7919,4,399.700012,39.006348,-122.664047,10.000000,529087.937500,4317534.500000,
1090,Mining,120.47,30.22,30.11,30.02,29.23,"Sun Apr 19, 2026 - 12:33:14",User,1.5,ppm,,,,,,Mining,<LOD,1.3230,0.7927,73698.9609 , 1096.3519,1.6637,<LOD,1.4291,0.5069,<LOD,2.3888,0.1248,254.3391 , 14.9224,18.0246,520095.8125 , 2816.8982,<LOD,1.0239,0.1572,1122.8837 , 40.1622,2.3159,<LOD,1.6671,1.4829,<LOD,34.5356,0.6846,<LOD,29.7613,5.8870,44.5709 , 3.9101,2.7131,5.6522 , 2.2469,0.4137,11710.9648 , 69.4768,36.1887,<LOD,0.0000,0.0000,9.7610 , 1.6948,0.3971,7430.6523 , 76.3805,5.8810,<LOD,2946.9225,0.0379,<LOD,20.6000,0.4846,<LOD,0.9017,7.6552,11.1587 , 0.4947,4.8242,<LOD,4.8722,0.2700,786.7186 , 109.8691,0.2734,13.1466 , 0.9469,0.5764,<LOD,0.9885,0.5808,22.5681 , 0.7520,1.7941,<LOD,0.0000,0.0000,1831.3748 , 39.9495,1.0143,<LOD,3.0872,4.3918,<LOD,0.6606,0.2492,368597.1562 , 649.4059,44.9801,6.7114 , 1.6761,3.5809,29.7598 , 0.4582,3.1730,<LOD,0.0000,0.0000,16.4162 , 0.7572,0.7799,13830.8701 , 51.2872,60.0596,<LOD,1.4608,0.4947,147.4492 , 13.1336,8.5862,<LOD,5.1100,0.2087,5.2457 , 0.4863,2.3472,<LOD,2.2717,0.3574,237.7353 , 1.2910,27.6472,6,396.600006,39.006271,-122.664169,10.000000,529077.875000,4317526.000000,
1091,Mining,120.49,30.10,30.04,30.12,30.23,"Sun Apr 19, 2026 - 12:36:08",User,1.5,ppm,,,,,,Mining,1.5841 , 0.7999,0.6321,53931.8945 , 1139.4095,1.2525,5.7880 , 1.4505,0.8773,<LOD,2.6724,0.1090,212.6055 , 15.8696,12.9456,512936.5938 , 3249.1338,<LOD,1.2768,0.1720,4449.8857 , 83.0808,6.6486,<LOD,1.9993,1.1421,<LOD,39.0368,0.7413,<LOD,43.2944,9.8778,117.5515 , 5.7124,3.4965,3.8913 , 2.3980,0.3367,23273.4961 , 101.3523,61.3409,<LOD,0.0000,0.0000,12.3632 , 1.9094,0.3580,13176.4434 , 119.8368,9.0959,7930.5942 , 2497.2073,0.0512,65.9611 , 17.6398,0.6498,<LOD,1.0399,6.9462,14.5702 , 0.5723,4.3687,<LOD,5.8947,0.2339,843.1747 , 117.1507,0.2612,35.2370 , 1.3870,0.8714,<LOD,1.0331,0.4136,63.7202 , 1.2176,3.5051,<LOD,0.0000,0.0000,2898.3167 , 49.6921,1.3382,<LOD,3.2975,3.2427,<LOD,0.7704,0.2421,361139.2188 , 664.4030,39.2071,7.0610 , 1.7941,2.6656,22.5112 , 0.4477,2.1071,<LOD,0.0000,0.0000,26.2992 , 0.9981,0.9655,18278.8477 , 69.7672,68.9971,2.3399 , 0.7989,0.4923,224.5264 , 18.4626,9.9542,<LOD,5.6644,0.1821,6.5786 , 0.6267,2.6279,<LOD,3.7024,0.3319,318.9332 , 1.6064,29.0089,6,404.200012,39.006229,-122.664154,10.000000,529079.062500,4317521.500000,
1092,Mining,120.41,30.06,30.13,30.13,28.30,"Sun Apr 19, 2026 - 12:38:28",User,1.5,ppm,,,,,,Mining,1.7352 , 0.8267,0.6243,50889.5938 , 1205.6536,1.1853,4.0892 , 1.4918,0.7864,<LOD,2.7701,0.1009,236.1886 , 16.4648,12.8929,523425.2500 , 3423.7207,<LOD,1.3115,0.1561,4844.4062 , 85.0863,6.9977,<LOD,1.9044,1.1180,<LOD,42.3905,0.7645,<LOD,55.3803,11.8807,121.7682 , 5.7859,3.5510,<LOD,5.0075,0.3118,28935.3027 , 115.7118,73.7367,<LOD,0.0000,0.0000,15.5233 , 2.0706,0.3662,13284.2207 , 119.1716,8.9491,6240.6372 , 2650.6069,0.0480,194.2882 , 21.3172,0.8709,<LOD,1.0631,6.1771,12.4719 , 0.5911,3.9734,<LOD,6.5676,0.2349,728.8006 , 124.4383,0.2523,35.3499 , 1.4484,0.8173,<LOD,1.0400,0.3860,53.6095 , 1.1861,2.8250,<LOD,0.0000,0.0000,2836.4507 , 52.1456,1.2848,<LOD,4.0552,3.3116,<LOD,0.7823,0.2129,348982.7812 , 688.5858,36.4042,10.5069 , 1.8666,2.6784,23.4643 , 0.4766,2.0466,<LOD,0.0000,0.0000,23.1439 , 1.0010,0.8236,18546.6836 , 69.7879,68.1190,2.1242 , 0.8317,0.4564,246.2358 , 18.5480,9.9452,<LOD,5.8965,0.1700,8.9929 , 0.6594,2.5212,14.7397 , 2.0963,0.4243,281.6348 , 1.5747,24.3039,6,401.700012,39.006382,-122.664162,10.000000,529078.250000,4317538.500000,
1093,Mining,120.30,30.06,30.10,30.09,30.05,"Sun Apr 19, 2026 - 12:41:43",User,1.5,ppm,,,,,,Mining,<LOD,1.1431,0.8062,65290.5508 , 1070.2216,1.4818,<LOD,2.1902,0.6584,<LOD,2.3870,0.1088,340.1747 , 16.3259,20.4492,533541.8125 , 3164.3240,<LOD,1.1642,0.1785,1056.2732 , 42.6027,2.2424,<LOD,1.7865,1.5811,<LOD,33.7519,0.6442,<LOD,26.4579,3.9543,32.6208 , 3.6405,2.2057,5.8176 , 2.3762,0.4058,8191.8071 , 60.8552,23.6428,<LOD,0.0000,0.0000,<LOD,3.4594,0.2805,12789.5176 , 96.1544,9.1931,<LOD,3523.7029,0.0366,<LOD,21.8929,0.4624,<LOD,1.0091,8.3323,13.1935 , 0.5385,4.8998,<LOD,5.0900,0.2814,972.5541 , 115.0450,0.2983,23.5132 , 1.1575,0.7608,<LOD,1.0558,0.6161,70.6969 , 1.2251,4.5165,<LOD,0.0000,0.0000,1396.6404 , 35.8917,0.7937,<LOD,3.3381,4.7887,<LOD,0.7070,0.2575,361026.8750 , 652.1472,40.9584,4.2078 , 1.7961,3.8218,22.5134 , 0.4290,2.4532,<LOD,0.0000,0.0000,16.7799 , 0.8462,0.8479,13786.6514 , 51.0486,55.3197,2.5232 , 0.7560,0.5656,172.9395 , 12.9216,8.0324,<LOD,5.2994,0.1965,6.3152 , 0.6042,3.0873,<LOD,2.3935,0.3479,327.0104 , 1.5718,34.8584,4,409.600006,39.006378,-122.664146,10.000000,529079.562500,4317538.000000,
1094,Mining,120.00,30.07,30.13,30.05,29.75,"Sun Apr 19, 2026 - 12:44:15",User,1.5,ppm,,,,,,Mining,<LOD,1.1793,0.8179,70107.5234 , 1147.0625,1.5849,<LOD,2.5114,0.6924,<LOD,2.6285,0.1306,331.2750 , 16.7335,20.3778,511743.9375 , 3141.0444,<LOD,1.2138,0.1912,1189.5190 , 44.7929,2.4536,<LOD,1.8364,1.5911,<LOD,35.6780,0.6700,<LOD,27.9749,4.0064,34.7142 , 3.7064,2.2454,6.5751 , 2.4071,0.4105,8200.7305 , 61.1211,23.6647,<LOD,0.0000,0.0000,<LOD,2.5296,0.2786,14024.4844 , 100.8248,10.0820,6625.7290 , 2150.2468,0.0471,<LOD,21.6299,0.4446,<LOD,1.0231,8.4023,13.8604 , 0.5474,4.9703,<LOD,5.1800,0.2880,1158.2596 , 125.9753,0.3368,25.2769 , 1.1950,0.7983,<LOD,1.0780,0.6111,75.4045 , 1.2749,4.8169,<LOD,0.0000,0.0000,1516.1741 , 38.4357,0.8479,<LOD,3.4073,4.7147,<LOD,0.7492,0.2810,370105.5625 , 662.2979,42.5670,<LOD,4.5192,3.8347,22.6050 , 0.4325,2.4556,<LOD,0.0000,0.0000,17.7403 , 0.8773,0.8947,14271.1162 , 51.9996,57.3510,3.9687 , 0.7882,0.6060,178.3047 , 13.2401,8.3177,<LOD,5.6306,0.2191,6.8061 , 0.6202,3.1958,<LOD,2.3273,0.3235,340.4489 , 1.6099,36.1521,4,410.000000,39.006351,-122.664146,10.000000,529079.250000,4317535.000000,
1095,Mining,120.43,30.03,30.23,30.14,28.23,"Sun Apr 19, 2026 - 13:38:37",User,1.5,ppm,,,,,,Mining,<LOD,1.0453,0.8801,105638.1953 , 1275.6071,2.3134,<LOD,1.0938,0.3043,<LOD,2.3901,0.1367,250.5672 , 14.9601,21.8006,545799.6875 , 3141.7700,<LOD,1.0455,0.1788,1662.1534 , 45.7792,3.1792,<LOD,1.6312,1.7111,<LOD,34.1322,0.7017,<LOD,28.8271,5.9296,63.6103 , 3.8314,3.1953,<LOD,2.9643,0.3447,11130.8896 , 69.5994,37.1161,<LOD,0.0000,0.0000,7.9820 , 1.6168,0.4376,6248.3398 , 73.0874,5.1780,7666.4209 , 2209.6838,0.0602,<LOD,19.8734,0.4825,<LOD,0.8297,7.0424,5.0065 , 0.4511,4.3350,<LOD,4.9533,0.3132,546.6967 , 104.0195,0.2467,4.6507 , 0.7554,0.3989,<LOD,0.9204,0.6062,34.7661 , 0.8695,2.7354,<LOD,0.0000,0.0000,23423.4961 , 123.5425,10.5398,<LOD,3.1040,5.4140,<LOD,0.6509,0.2706,294543.3125 , 650.2355,35.8982,<LOD,4.1415,4.3594,8.0231 , 0.2980,1.4676,<LOD,0.0000,0.0000,2.5410 , 0.5870,0.4183,2731.9851 , 24.8227,13.0474,<LOD,1.1978,0.5094,79.7253 , 7.1106,2.5064,<LOD,0.0000,0.2213,2.5490 , 0.4709,2.3619,<LOD,2.0846,0.3316,149.4304 , 1.0323,19.4876,8,422.299988,39.005608,-122.661316,10.000000,529324.750000,4317453.500000,
1096,Mining,120.22,30.02,30.11,30.02,30.07,"Sun Apr 19, 2026 - 13:40:56",User,1.5,ppm,,,,,,Mining,<LOD,1.0760,0.9012,121549.2266 , 1226.7009,2.6410,1.5127 , 0.9414,0.5491,<LOD,2.4917,0.1395,281.3055 , 15.4569,22.3689,515098.3438 , 2860.3948,<LOD,1.0770,0.1781,1230.4963 , 39.9074,2.6215,<LOD,1.6712,1.7312,<LOD,30.2259,0.6811,<LOD,41.4447,13.2259,64.8171 , 3.7232,3.3407,<LOD,3.0946,0.3576,24982.6953 , 104.5671,88.1992,<LOD,0.0000,0.0000,16.5565 , 1.8646,0.5499,5226.5801 , 66.4014,4.6980,3111.1023 , 1875.8845,0.0491,<LOD,20.6414,0.5695,<LOD,0.8299,6.5084,2.9333 , 0.4514,3.9942,<LOD,5.6908,0.3156,343.7602 , 80.1240,0.1751,9.3918 , 0.8762,0.5047,<LOD,0.9707,0.6557,32.0787 , 0.8614,2.4900,<LOD,0.0000,0.0000,14499.3438 , 89.9956,7.0162,<LOD,3.2023,5.5624,<LOD,0.6501,0.2485,310939.0938 , 606.4252,40.5907,3.9040 , 1.7190,4.4002,11.0243 , 0.3353,1.7248,<LOD,0.0000,0.0000,3.1867 , 0.6128,0.4281,2405.0071 , 22.8207,12.2836,<LOD,0.9816,0.4775,81.0323 , 6.7109,2.4569,<LOD,0.0000,0.2056,2.0664 , 0.4762,2.2392,<LOD,2.1368,0.3305,104.4937 , 0.9048,14.2133,5,420.399994,39.005581,-122.661316,10.000000,529324.937500,4317450.500000,
1097,Mining,122.97,32.74,30.10,30.09,30.04,"Sun Apr 19, 2026 - 13:44:23",User,1.5,ppm,,,,,,Mining,<LOD,1.2680,0.7089,60507.5117 , 1074.1040,1.3440,<LOD,1.7890,0.5439,<LOD,2.9581,0.1324,405.8179 , 18.7724,19.6347,677011.0625 , 2747.1643,<LOD,1.1896,0.1460,1437.3027 , 47.2799,2.3417,<LOD,1.9846,1.3852,<LOD,34.7959,0.6291,<LOD,37.3634,6.6743,89.3108 , 4.0245,2.6156,147.7146 , 4.7355,1.2744,16148.3623 , 83.3270,41.6968,<LOD,0.0000,0.0000,50.8599 , 2.7274,0.7938,8838.3936 , 87.9135,5.6793,<LOD,2844.5471,0.0333,<LOD,21.8765,0.3913,<LOD,0.9122,5.3104,3.7698 , 0.5045,3.3787,<LOD,5.9021,0.2666,114.3183 , 77.0058,0.1070,23.5708 , 1.1907,0.6322,<LOD,1.0719,0.4471,46.5113 , 1.0883,2.6855,<LOD,0.0000,0.0000,6539.5332 , 64.1478,2.4763,<LOD,4.3593,4.5444,<LOD,0.7448,0.2162,225458.3125 , 544.7351,19.7994,11.6010 , 2.0726,3.6982,38.4266 , 0.5608,3.2791,<LOD,0.0000,0.0000,1.9456 , 0.6726,0.3450,2862.6902 , 25.3494,10.6007,<LOD,1.4244,0.5347,87.3670 , 7.4540,2.0260,<LOD,0.0000,0.2048,1.2759 , 0.5501,1.9934,41.2492 , 2.5901,0.7354,133.1285 , 1.0703,13.8059,6,420.899994,39.005592,-122.661308,10.000000,529325.937500,4317451.500000,
1098,Mining,120.31,30.25,30.03,30.02,28.80,"Sun Apr 19, 2026 - 13:46:59",User,1.5,ppm,,,,,,Mining,<LOD,1.2276,0.6911,60932.7656 , 1201.9221,1.3554,<LOD,1.5114,0.4061,<LOD,2.8218,0.1251,315.3448 , 17.3751,17.1673,675619.5000 , 2919.2024,<LOD,1.0780,0.1246,1263.4592 , 43.2691,2.0147,<LOD,1.8772,1.2863,<LOD,41.8103,0.7098,<LOD,30.3481,4.3065,74.2370 , 3.7128,2.2942,95.6395 , 3.9719,0.9250,10860.8818 , 68.8787,27.1533,<LOD,0.0000,0.0000,88.3364 , 3.2337,1.1613,8339.4258 , 82.7421,5.1475,<LOD,3032.5234,0.0308,<LOD,19.6232,0.3075,<LOD,0.8629,5.0003,1.8210 , 0.4744,3.1216,<LOD,5.3330,0.2422,<LOD,218.5639,0.1138,13.8257 , 0.9988,0.4617,<LOD,1.0157,0.4154,41.6857 , 1.0092,2.3741,<LOD,0.0000,0.0000,8030.3394 , 78.1870,2.8796,<LOD,4.0446,4.1731,<LOD,0.6856,0.1873,231445.3125 , 603.9918,19.6267,<LOD,3.6221,3.2104,26.5158 , 0.4784,2.4862,<LOD,0.0000,0.0000,2.5213 , 0.6209,0.3139,2630.3718 , 23.5782,9.3909,<LOD,1.2485,0.5252,90.9342 , 6.9923,1.8570,<LOD,0.0000,0.1929,1.2452 , 0.5192,1.8674,19.1467 , 2.1855,0.5404,106.7192 , 0.9466,11.3198,6,421.200012,39.005604,-122.661301,10.000000,529326.500000,4317453.000000,
1099,Mining,120.70,30.11,30.29,30.15,30.15,"Sun Apr 19, 2026 - 13:51:28",User,1.5,ppm,,,,,,Mining,<LOD,0.9750,0.9173,140150.6562 , 1297.8228,3.0120,<LOD,1.0197,0.3003,<LOD,2.3358,0.1501,250.0881 , 14.2028,23.8480,502363.0000 , 3175.0178,<LOD,0.9956,0.1859,1107.7965 , 34.0016,2.3295,<LOD,1.5695,1.9169,<LOD,30.6262,0.6828,<LOD,16.8810,2.1612,112.5050 , 3.3729,3.4864,<LOD,2.9593,0.3909,3450.0173 , 38.4422,12.3523,<LOD,0.0000,0.0000,28.0175 , 1.9812,0.7549,6123.2593 , 62.3387,5.2067,16064.1680 , 2010.8547,0.0662,<LOD,18.4294,0.4321,<LOD,0.7877,7.3551,6.5568 , 0.4367,4.7192,<LOD,4.2522,0.2988,170.5076 , 66.9968,0.1168,4.0828 , 0.7063,0.4006,<LOD,0.8982,0.6967,30.2985 , 0.7956,2.6020,<LOD,0.0000,0.0000,8261.9658 , 68.7577,3.9600,<LOD,2.9555,5.9416,<LOD,0.6072,0.2649,318267.3750 , 651.3176,40.1804,<LOD,3.0158,4.6955,17.7706 , 0.3657,2.5512,<LOD,0.0000,0.0000,2.9895 , 0.5631,0.4488,3360.7175 , 22.8907,16.1696,<LOD,0.9492,0.5497,92.7535 , 6.4410,2.9057,<LOD,0.0000,0.2208,2.8848 , 0.4442,2.4420,<LOD,1.9913,0.3440,132.5340 , 0.9522,19.1928,7,422.299988,39.005611,-122.661293,10.000000,529327.187500,4317454.000000,
1100,Mining,120.30,30.02,30.05,30.15,28.58,"Sun Apr 19, 2026 - 13:53:44",User,1.5,ppm,,,,,,Mining,<LOD,0.9714,0.9414,142458.9062 , 1313.7424,3.0585,<LOD,1.0181,0.3098,<LOD,2.3594,0.1549,242.5709 , 13.9566,23.7044,507712.8125 , 3132.6650,<LOD,0.9904,0.1866,1128.0562 , 33.4089,2.3742,<LOD,1.5612,1.9658,<LOD,31.5389,0.7043,<LOD,16.7585,2.1585,108.4279 , 3.2885,3.4766,<LOD,2.8886,0.3775,3436.9641 , 38.2885,12.4355,<LOD,0.0000,0.0000,31.0564 , 2.0402,0.7658,5937.5073 , 60.3807,5.1123,13663.4424 , 1977.8809,0.0619,<LOD,18.0207,0.4178,<LOD,0.7836,7.3822,5.5873 , 0.4306,4.6451,<LOD,4.4057,0.3271,133.8530 , 68.1224,0.1154,3.5191 , 0.6959,0.3940,<LOD,0.8712,0.6742,28.0214 , 0.7782,2.4915,<LOD,0.0000,0.0000,7693.0518 , 67.7110,3.7394,<LOD,2.9276,6.0579,<LOD,0.6282,0.2840,313879.1562 , 654.2151,39.8363,4.6276 , 1.5729,4.7848,16.9906 , 0.3599,2.5061,<LOD,0.0000,0.0000,3.0362 , 0.5597,0.4496,3291.1741 , 22.1612,15.9627,<LOD,0.9803,0.5948,89.3257 , 6.2375,2.8614,<LOD,4.6511,0.2163,2.3594 , 0.4345,2.3685,<LOD,2.0793,0.3748,129.5385 , 0.9398,19.0192,8,422.700012,39.005615,-122.661285,10.000000,529327.625000,4317454.500000,
1101,Mining,122.95,32.68,30.02,30.10,30.15,"Sun Apr 19, 2026 - 13:57:05",User,1.5,ppm,,,,,,Mining,<LOD,0.9592,0.9538,106242.4453 , 1004.5961,2.3139,<LOD,0.8316,0.2420,<LOD,2.0877,0.1350,189.6298 , 13.2265,21.7813,566215.5625 , 2456.2483,<LOD,0.9155,0.1775,641.3286 , 28.1016,1.6237,<LOD,1.5139,1.9198,<LOD,26.0792,0.5889,<LOD,10.7727,0.9782,92.5348 , 3.1843,3.2790,<LOD,2.7695,0.3853,1260.2025 , 23.2917,5.1019,<LOD,0.0000,0.0000,15.7409 , 1.6899,0.5680,5592.5947 , 58.1507,4.9685,7082.3574 , 1583.5884,0.0479,<LOD,16.6481,0.3866,<LOD,0.8080,8.9268,6.5857 , 0.4262,5.1424,<LOD,3.7756,0.2755,91.9783 , 60.6254,0.1118,<LOD,0.8208,0.3061,<LOD,0.8634,0.6876,24.9322 , 0.7177,2.3715,<LOD,0.0000,0.0000,2271.0144 , 36.5345,1.3208,<LOD,2.7950,5.6929,<LOD,0.5607,0.2509,305238.5625 , 555.0560,39.3439,<LOD,3.1902,4.4750,4.4339 , 0.2456,1.3010,<LOD,0.0000,0.0000,2.5085 , 0.5145,0.4221,4730.2363 , 25.3944,23.4241,<LOD,1.1444,0.5736,79.7406 , 6.9854,3.7146,<LOD,4.6078,0.2369,3.8141 , 0.4299,2.6266,<LOD,1.7501,0.2936,213.7724 , 1.1262,30.7058,7,423.500000,39.005611,-122.661278,10.000000,529328.062500,4317454.000000,
1102,Mining,122.98,32.65,30.11,30.17,30.05,"Sun Apr 19, 2026 - 13:59:23",User,1.5,ppm,,,,,,Mining,<LOD,0.9526,0.9439,105712.3750 , 1003.1831,2.3036,<LOD,0.8522,0.2579,<LOD,2.1912,0.1463,188.5432 , 13.2158,21.8338,565422.2500 , 2473.6802,<LOD,0.8751,0.1586,639.5985 , 27.3754,1.6187,<LOD,1.5024,1.8941,<LOD,25.6855,0.5705,<LOD,10.6828,0.9362,93.4640 , 3.1043,3.2869,<LOD,2.8975,0.4134,1265.6904 , 23.6179,5.1366,<LOD,0.0000,0.0000,11.2727 , 1.5903,0.5361,5690.2866 , 57.1393,5.0595,7477.4663 , 1594.6549,0.0486,<LOD,17.3352,0.4120,<LOD,0.8168,8.9332,7.1842 , 0.4347,5.2474,<LOD,3.8112,0.2770,173.3984 , 61.3437,0.1184,<LOD,0.8171,0.2961,<LOD,0.8664,0.6962,24.5370 , 0.7234,2.3576,<LOD,0.0000,0.0000,2316.7056 , 36.9076,1.3490,<LOD,2.8015,5.7644,<LOD,0.5689,0.2569,305926.8750 , 556.5952,39.5598,<LOD,3.4116,4.5058,4.3214 , 0.2464,1.2833,<LOD,0.0000,0.0000,3.8577 , 0.5214,0.4489,4747.0791 , 24.8682,23.5540,<LOD,1.4369,0.5766,81.2688 , 6.8256,3.7412,<LOD,0.0000,0.2078,3.7188 , 0.4331,2.6101,<LOD,1.8368,0.3229,210.1323 , 1.1296,30.3106,7,424.000000,39.005611,-122.661278,10.000000,529328.500000,4317454.000000,
1103,Mining,120.42,30.27,30.01,30.07,29.47,"Sun Apr 19, 2026 - 14:02:49",User,1.5,ppm,,,,,,Mining,<LOD,0.9640,0.9929,173871.0469 , 1406.5604,3.7160,13.3776 , 2.6301,5.1472,<LOD,2.7022,0.2142,268.9645 , 13.8318,25.0678,513743.2188 , 3132.9143,<LOD,1.5494,0.4790,814.0014 , 33.1978,2.1401,<LOD,1.5226,1.9908,<LOD,30.1702,0.6546,<LOD,17.7368,2.5713,306.2782 , 4.7923,7.5959,<LOD,3.5873,0.4555,3912.7046 , 40.8662,14.9004,<LOD,0.0000,0.0000,<LOD,2.8780,0.4033,9073.2061 , 74.8687,8.1131,4766.0024 , 2009.1958,0.0640,<LOD,21.0603,0.6023,<LOD,0.7982,7.5664,5.5470 , 0.4533,5.0692,<LOD,4.2690,0.3209,1125.4679 , 122.7563,0.4496,226.2472 , 2.6660,6.0687,<LOD,0.8594,0.7022,34.0635 , 0.8988,3.3653,<LOD,0.0000,0.0000,34117.4297 , 146.8312,17.1515,<LOD,2.8429,6.0101,<LOD,0.7408,0.4274,253128.8594 , 618.8432,33.6710,<LOD,2.2968,4.7480,282.0991 , 1.3081,30.2930,<LOD,0.0000,0.0000,25.8417 , 1.0779,2.0208,3865.6489 , 30.9566,23.3251,4.4492 , 0.8349,1.0609,294.7420 , 8.9108,5.8991,<LOD,0.0000,0.2513,3.3153 , 0.5523,3.9045,<LOD,1.9699,0.3617,117.5168 , 1.0499,24.0213,5,424.500000,39.005615,-122.661270,10.000000,529328.625000,4317454.500000,
1104,Mining,120.17,30.01,30.01,30.00,28.05,"Sun Apr 19, 2026 - 14:05:06",User,1.5,ppm,,,,,,Mining,<LOD,0.9731,0.9934,191851.4688 , 1536.4698,4.0926,10.0778 , 2.5853,4.9509,<LOD,2.7319,0.2210,293.1317 , 13.9177,25.1524,492543.9375 , 3370.1086,<LOD,1.5044,0.4547,597.7098 , 29.6586,1.7118,<LOD,1.5305,1.9770,<LOD,30.8581,0.6349,<LOD,16.8236,2.3157,299.8698 , 4.6512,7.4122,<LOD,2.9404,0.4175,3598.5566 , 39.4771,13.7479,<LOD,0.0000,0.0000,<LOD,2.0511,0.3823,8446.5967 , 71.5058,7.5570,5710.2114 , 2210.9558,0.0734,<LOD,20.9559,0.5996,<LOD,0.7844,7.3791,4.4451 , 0.4403,4.8134,<LOD,4.1949,0.3147,1360.4508 , 133.7624,0.5111,223.9993 , 2.6546,6.0113,<LOD,0.8823,0.7286,31.7379 , 0.8681,3.1498,<LOD,0.0000,0.0000,47017.6445 , 185.8961,23.7791,<LOD,4.3019,6.1755,<LOD,0.7332,0.4181,243500.9531 , 646.5547,32.5915,4.9934 , 1.5444,4.8338,283.9911 , 1.3364,30.5148,<LOD,0.0000,0.0000,25.8783 , 1.0624,1.9928,3784.3135 , 30.3333,22.7870,3.1209 , 0.8098,1.0053,292.4362 , 8.6441,5.7888,<LOD,0.0000,0.2402,2.2482 , 0.5368,3.7096,<LOD,1.9539,0.3586,112.2194 , 1.0380,23.3543,7,424.200012,39.005642,-122.661255,10.000000,529330.375000,4317457.000000,
1105,Mining,30.27,29.64,,,,"Sun Apr 19, 2026 - 14:33:35",User,1.5,ppm,,,,,,Mining,535.4188 , 454.8087,12.3143,,,,<LOD,20.0704,0.2461,<LOD,28.8255,0.0726,,,,113312.7578 , 15481.7852,<LOD,12.0755,0.0900,,,,<LOD,37.3494,4.9630,,,,<LOD,476.9085,233.7504,8842.8574 , 107.0309,22.7404,1730.0825 , 63.4634,1.6268,866832.4375 , 634.8200,1575.8907,<LOD,0.0000,0.0000,<LOD,25.2419,0.1493,,,,,,,2862.5244 , 122.5376,11.0883,4170.3457 , 25.0467,49.8126,<LOD,5.8551,0.8034,1249.9355 , 151.2726,0.8559,,,,227.2896 , 17.8148,0.8253,<LOD,35.0704,5.9649,4.0410 , 1.1853,0.0452,<LOD,0.0000,0.0000,,,,<LOD,59.0730,5.7464,<LOD,9.4272,0.1445,,,,130.0011 , 29.5238,6.7336,<LOD,2.6532,0.1672,<LOD,0.0000,0.0000,<LOD,17.1747,-0.9521,102.2761 , 84.7349,1.5387,<LOD,5.0716,-0.0524,<LOD,301.5482,1.5296,<LOD,0.0000,0.1778,<LOD,4.3559,0.2807,<LOD,25.8510,0.2187,<LOD,3.6764,0.4422,7,431.600006,39.000702,-122.662918,10.000000,529188.250000,4316908.500000,
1114,Mining,30.04,28.54,,,,"Mon Apr 27, 2026 - 09:06:17",User,1.5,ppm,,,,,,Mining,513.5735 , 436.2675,12.2094,,,,22.3125 , 10.9540,0.2518,<LOD,41.9198,0.0808,,,,122166.6719 , 15323.6924,<LOD,11.9937,0.0905,,,,<LOD,33.1470,4.9342,,,,<LOD,475.6152,232.8777,8832.1914 , 107.5124,22.6904,1677.8857 , 62.6302,1.6119,858302.2500 , 614.5934,1572.0131,<LOD,0.0000,0.0000,<LOD,19.3033,0.1094,,,,,,,2753.2112 , 122.0002,10.9322,4105.0566 , 24.8156,49.8819,<LOD,4.8911,0.7522,1355.1392 , 149.9650,0.8674,,,,<LOD,18.7874,0.4665,<LOD,35.0915,6.0993,<LOD,3.4688,-0.0229,<LOD,0.0000,0.0000,,,,<LOD,58.7684,5.7056,<LOD,9.3140,0.1474,,,,109.1227 , 29.3375,6.7090,<LOD,2.3816,0.1372,<LOD,0.0000,0.0000,<LOD,20.1381,-1.2818,162.5464 , 86.6069,1.5822,<LOD,6.9245,-0.0943,<LOD,253.8802,1.5073,<LOD,0.0000,0.1862,<LOD,4.0128,0.2591,<LOD,23.5059,0.1837,<LOD,3.1844,0.4199,4,407.600006,39.000732,-122.663078,10.000000,529174.375000,4316912.000000,
1115,Mining,120.36,30.04,30.12,30.07,28.92,"Mon Apr 27, 2026 - 09:25:09",User,1.5,ppm,,,,,,Mining,<LOD,1.3967,0.6631,91532.9062 , 1971.2449,2.0200,<LOD,1.5580,0.2935,<LOD,3.1266,0.1082,420.7610 , 20.1785,16.9928,419845.7812 , 5519.8027,<LOD,1.3282,0.1340,29223.1152 , 192.0510,36.3523,<LOD,2.0724,1.1437,<LOD,44.4868,0.7202,<LOD,51.5861,10.4934,113.9933 , 5.3932,3.1444,<LOD,4.7624,0.2942,27800.7871 , 139.8083,65.8519,<LOD,0.0000,0.0000,3.0293 , 1.8790,0.2363,6619.3096 , 87.6245,4.4629,36308.3086 , 3948.5164,0.0993,417.0946 , 26.8495,1.1480,<LOD,1.1025,4.7722,5.2135 , 0.5704,2.9628,<LOD,7.3174,0.2689,605.4134 , 112.9716,0.1834,10.1176 , 1.0690,0.3693,<LOD,1.2545,0.4784,37.3087 , 1.1197,1.9763,<LOD,0.0000,0.0000,2481.5979 , 51.6901,1.0957,<LOD,4.0119,3.7173,<LOD,0.8274,0.1941,377184.4062 , 828.6245,38.3681,14.6427 , 2.2233,3.2431,223.3585 , 1.4357,13.5597,<LOD,0.0000,0.0000,4.5758 , 0.7777,0.3474,6824.9653 , 45.8770,23.0624,2.4060 , 0.9745,0.5300,163.0378 , 12.3561,3.9181,<LOD,6.5943,0.1776,10.1950 , 0.6592,2.1241,24.4354 , 2.4169,0.4712,123.2561 , 1.2803,13.0571,6,423.399994,39.005772,-122.661415,10.000000,529316.437500,4317471.500000,
1116,Mining,120.33,30.05,30.11,30.07,30.10,"Mon Apr 27, 2026 - 09:27:42",User,1.5,ppm,,,,,,Mining,<LOD,1.4321,0.6938,72995.3750 , 1640.0510,1.6488,<LOD,1.5181,0.3090,<LOD,2.9111,0.1009,397.6813 , 20.4987,17.3398,420750.7812 , 4910.7554,<LOD,1.3043,0.1394,17590.0957 , 153.7028,22.4974,<LOD,2.1570,1.2429,<LOD,43.3252,0.7434,<LOD,51.7504,11.6248,123.7671 , 5.7068,3.4372,7.6587 , 2.7304,0.3397,30107.4824 , 136.9227,74.2217,<LOD,0.0000,0.0000,<LOD,2.6082,0.2116,6688.1968 , 91.7698,4.5467,32704.4434 , 3669.5818,0.0933,481.3637 , 27.2218,1.3018,<LOD,1.0082,4.8376,5.7844 , 0.5586,3.0889,<LOD,7.2145,0.2730,491.9123 , 108.3890,0.1776,9.0959 , 1.0207,0.3635,<LOD,1.2601,0.4787,40.1085 , 1.1133,2.1459,<LOD,0.0000,0.0000,2154.9626 , 47.5727,0.9958,<LOD,4.0689,3.7683,<LOD,0.8102,0.2049,407396.0000 , 803.6924,43.0061,10.5569 , 2.2559,3.3004,185.0361 , 1.2527,11.6540,<LOD,0.0000,0.0000,2.9062 , 0.7355,0.3229,7506.0112 , 48.0841,26.2300,2.3420 , 0.9182,0.5109,182.8354 , 13.2971,4.4388,<LOD,6.5698,0.1903,9.1159 , 0.6375,2.1374,25.7970 , 2.3815,0.4933,130.7212 , 1.2485,13.5651,5,421.600006,39.005726,-122.661392,10.000000,529318.187500,4317466.500000,
1117,Mining,122.85,32.49,30.07,30.11,30.18,"Mon Apr 27, 2026 - 09:30:17",User,1.5,ppm,,,,,,Mining,<LOD,1.4870,0.6068,135536.3750 , 2478.8254,2.9077,<LOD,1.5437,0.2494,<LOD,3.1335,0.0941,447.6816 , 21.8702,16.1264,418907.3125 , 6366.2993,<LOD,1.3679,0.1240,41956.7344 , 244.9660,50.8616,<LOD,2.2660,1.1135,<LOD,42.9247,0.7126,<LOD,56.6538,11.5178,112.3599 , 5.8063,3.0571,14.0819 , 3.0524,0.3457,32258.2793 , 163.8677,72.4061,<LOD,0.0000,0.0000,<LOD,3.5363,0.2127,6669.8403 , 92.9006,4.4534,39259.4297 , 3997.8499,0.1049,484.1340 , 28.8432,1.2101,<LOD,1.0718,4.3003,6.3796 , 0.6104,2.9225,<LOD,7.8817,0.2633,930.6713 , 123.5241,0.2426,7.8418 , 1.0670,0.3197,<LOD,1.3690,0.4623,33.8075 , 1.1391,1.7277,<LOD,0.0000,0.0000,249.4187 , 29.0368,0.3410,<LOD,4.3277,3.4922,<LOD,0.8894,0.2005,316017.3750 , 778.2492,29.8166,20.5810 , 2.4195,3.1241,292.9075 , 1.7560,16.3100,<LOD,0.0000,0.0000,3.5694 , 0.7840,0.3001,6431.8926 , 47.6139,20.6058,4.1065 , 1.0725,0.5616,170.6415 , 12.9655,3.5978,<LOD,7.4553,0.1994,18.3493 , 0.7510,2.4176,50.0181 , 2.9789,0.6272,116.2476 , 1.3432,12.3010,6,423.600006,39.005669,-122.661369,10.000000,529320.250000,4317460.000000,
1118,Mining,122.96,32.69,30.08,30.05,30.14,"Mon Apr 27, 2026 - 09:32:43",User,1.5,ppm,,,,,,Mining,<LOD,1.4430,0.6159,142584.5938 , 2507.1135,3.0555,<LOD,1.4374,0.2313,<LOD,3.1122,0.1035,443.5239 , 21.2196,16.3756,412581.7500 , 6221.5815,<LOD,1.2814,0.1207,40882.7891 , 251.2145,51.0158,<LOD,2.1943,1.1248,<LOD,43.8901,0.7300,<LOD,54.1149,11.5933,106.1992 , 5.9367,3.0989,13.7535 , 2.9349,0.3542,31767.3086 , 164.5237,73.4977,<LOD,0.0000,0.0000,<LOD,2.7220,0.2042,6672.2466 , 95.4023,4.5422,37944.8906 , 3996.3000,0.1036,456.0401 , 27.3534,1.1994,<LOD,1.1173,4.4275,4.9374 , 0.5736,2.8631,<LOD,7.8722,0.3082,913.7637 , 128.5841,0.2564,7.5364 , 1.0182,0.3229,<LOD,1.2935,0.4428,34.1732 , 1.0914,1.7729,<LOD,0.0000,0.0000,324.4662 , 30.2032,0.3646,<LOD,4.1960,3.5424,<LOD,0.8467,0.1983,318132.6562 , 810.3734,30.9067,15.2671 , 2.3225,3.0819,286.0605 , 1.7014,16.4696,<LOD,0.0000,0.0000,4.6510 , 0.7593,0.3228,6485.0928 , 49.7740,21.5149,2.4162 , 0.9986,0.5402,166.6774 , 13.3984,3.7353,<LOD,7.0552,0.1976,17.9575 , 0.7197,2.4631,41.4644 , 2.7209,0.5800,109.7391 , 1.2740,12.1782,6,425.399994,39.005680,-122.661301,10.000000,529326.000000,4317461.500000,
1119,Mining,120.37,30.02,30.27,30.02,30.06,"Mon Apr 27, 2026 - 09:35:12",User,1.5,ppm,,,,,,Mining,<LOD,1.5051,0.6085,141381.6406 , 2741.0891,3.0298,<LOD,1.5955,0.2525,<LOD,3.2896,0.0961,459.6815 , 22.1301,16.0537,396771.5312 , 6897.1665,<LOD,1.4249,0.1246,43016.0430 , 259.6873,51.1527,<LOD,2.3017,1.1266,<LOD,46.4182,0.7183,<LOD,59.3181,11.9186,123.6829 , 6.1870,3.1561,19.5405 , 3.2693,0.3682,34650.4492 , 181.1546,76.0403,<LOD,0.0000,0.0000,<LOD,4.7788,0.2127,6414.3477 , 94.8253,4.2157,37590.8711 , 4276.9897,0.1023,553.8353 , 30.6371,1.2931,<LOD,1.1031,4.2114,5.1381 , 0.6165,2.7381,<LOD,8.6069,0.3044,815.2902 , 134.0366,0.2408,7.0202 , 1.0853,0.3056,<LOD,1.3523,0.4399,34.6554 , 1.1724,1.6953,<LOD,0.0000,0.0000,138.8544 , 29.7524,0.3018,<LOD,4.3846,3.5140,<LOD,0.9289,0.2027,330914.8125 , 838.2689,31.0626,16.7732 , 2.4251,3.0511,301.5669 , 1.8532,16.2201,<LOD,0.0000,0.0000,5.0819 , 0.8352,0.3221,6417.7168 , 50.1266,20.2127,3.2343 , 1.0909,0.5370,173.1217 , 13.5528,3.5566,<LOD,7.4758,0.1853,20.0858 , 0.7854,2.4440,48.1756 , 3.0198,0.5978,116.8767 , 1.3893,12.0206,5,423.799988,39.005661,-122.661270,10.000000,529328.937500,4317459.500000,
1120,Mining,120.22,30.01,30.07,30.04,29.45,"Mon Apr 27, 2026 - 09:37:40",User,1.5,ppm,,,,,,Mining,<LOD,1.5981,0.5776,56006.1055 , 1385.7291,1.2492,<LOD,1.7049,0.2653,<LOD,3.5137,0.1027,396.1018 , 23.4004,14.7066,684570.7500 , 3763.8379,<LOD,1.4563,0.1212,22186.5176 , 213.9882,28.3792,<LOD,2.4694,1.0916,<LOD,44.5137,0.8923,<LOD,74.7981,23.3849,95.1951 , 7.7303,3.7561,50.4415 , 4.0568,0.5386,65534.7891 , 171.7493,157.9709,<LOD,0.0000,0.0000,<LOD,3.7349,0.2045,7848.6431 , 126.6658,5.3523,4812.7998 , 2862.2327,0.0453,521.0705 , 29.2687,1.4914,<LOD,1.1522,4.2202,5.9922 , 0.6616,2.9220,<LOD,13.2176,0.3016,2813.1680 , 187.0334,0.6450,8.5614 , 1.1775,0.3350,<LOD,1.4181,0.4075,34.8257 , 1.1878,1.6257,<LOD,0.0000,0.0000,4081.2371 , 58.2918,1.6939,<LOD,4.6714,3.3026,<LOD,0.8949,0.1661,144656.2344 , 533.1403,12.1370,17.6006 , 2.6080,2.9520,272.3075 , 1.6083,13.9569,<LOD,0.0000,0.0000,2.6314 , 0.8163,0.2688,5706.6553 , 54.2107,20.2214,2.6882 , 1.1055,0.5066,197.4734 , 16.3593,3.8998,<LOD,7.7480,0.1867,16.5949 , 0.7845,2.2404,51.6658 , 3.1733,0.6241,109.9384 , 1.3296,10.8239,6,423.399994,39.005688,-122.661301,10.000000,529326.000000,4317462.500000,
1121,Mining,122.78,32.58,30.04,30.09,30.07,"Mon Apr 27, 2026 - 09:40:23",User,1.5,ppm,,,,,,Mining,<LOD,1.4378,0.6538,95565.1172 , 1800.2207,2.0917,<LOD,1.5290,0.2928,<LOD,2.9853,0.1010,408.0406 , 20.9176,16.8407,517758.6250 , 4786.7925,<LOD,1.3058,0.1334,31151.3105 , 219.6869,40.7478,<LOD,2.2026,1.2152,<LOD,40.1897,0.7288,<LOD,55.6941,13.6210,109.8157 , 6.4900,3.5496,19.4272 , 3.0713,0.4145,36778.5156 , 149.9816,90.3574,<LOD,0.0000,0.0000,<LOD,3.6155,0.2275,8608.9219 , 112.5607,5.9794,22804.9531 , 3421.4724,0.0823,379.8309 , 25.5744,1.1738,<LOD,1.1208,4.8804,5.6925 , 0.5789,3.1015,<LOD,7.8597,0.3085,2512.7595 , 181.5930,0.6299,8.7636 , 1.0477,0.3644,<LOD,1.2767,0.4607,35.9140 , 1.1000,1.9263,<LOD,0.0000,0.0000,13927.7217 , 100.9124,5.2931,<LOD,4.1817,3.7535,<LOD,0.8366,0.2086,262106.5938 , 667.1517,25.6823,11.4614 , 2.2997,3.2067,317.8319 , 1.6778,18.9512,<LOD,0.0000,0.0000,3.9740 , 0.7589,0.3360,7093.9819 , 52.0940,25.0844,1.9392 , 1.0142,0.5917,217.9916 , 15.0526,4.5359,<LOD,6.9168,0.2024,11.7054 , 0.6688,2.2443,39.8759 , 2.6717,0.5971,119.2405 , 1.2893,13.7439,6,424.399994,39.005684,-122.661514,10.000000,529307.687500,4317462.000000,
1122,Mining,120.53,30.26,30.10,30.11,30.06,"Mon Apr 27, 2026 - 09:42:49",User,1.5,ppm,,,,,,Mining,<LOD,1.7378,0.5583,111716.8516 , 2175.5032,2.4115,<LOD,1.7989,0.2319,<LOD,3.8011,0.0962,518.4485 , 26.2592,15.1268,457474.0625 , 5766.4575,<LOD,1.6381,0.1242,25024.9629 , 217.0298,35.8279,<LOD,2.6286,0.9960,<LOD,37.3897,0.7120,<LOD,94.6396,41.6812,114.7916 , 7.1938,4.0459,51.1992 , 4.3732,0.5177,108674.2188 , 351.6276,287.7856,<LOD,0.0000,0.0000,5.8467 , 2.3972,0.2281,5263.3721 , 100.5584,4.1733,31177.2344 , 4087.7144,0.0911,3660.3962 , 59.5627,7.1347,<LOD,1.2205,3.6626,4.0582 , 0.6892,2.4531,80.8291 , 8.9673,0.3374,1549.4907 , 142.3139,0.4266,6.4138 , 1.2800,0.3180,<LOD,1.6007,0.4284,28.7912 , 1.1963,1.2740,<LOD,0.0000,0.0000,4912.6245 , 60.4861,2.1284,<LOD,5.1526,3.2701,<LOD,1.0423,0.1882,244428.9375 , 656.8889,24.7533,16.5337 , 2.8500,2.8542,279.2408 , 1.8508,13.0285,<LOD,0.0000,0.0000,2.3802 , 0.8827,0.2373,4598.7778 , 47.3590,18.0815,2.9291 , 1.1811,0.4558,183.3678 , 14.2835,3.6474,<LOD,9.1844,0.2141,23.5710 , 0.8888,2.2840,93.7607 , 4.0566,0.8390,106.9348 , 1.4420,9.6439,6,423.799988,39.005642,-122.661400,10.000000,529317.812500,4317457.000000,
1123,Mining,120.05,30.22,30.01,30.09,29.73,"Mon Apr 27, 2026 - 09:45:17",User,1.5,ppm,,,,,,Mining,<LOD,1.5646,0.6296,99447.1641 , 1992.0564,2.1586,<LOD,1.5878,0.2691,<LOD,3.1319,0.0952,441.1873 , 22.6114,16.0313,529592.5625 , 5034.8901,<LOD,1.3891,0.1294,25983.5801 , 208.6527,32.3575,<LOD,2.3551,1.1238,<LOD,43.6756,0.7529,<LOD,61.9832,15.4841,92.9177 , 6.7095,3.3389,14.5768 , 3.0943,0.3618,44091.6914 , 162.8727,103.3880,<LOD,0.0000,0.0000,<LOD,2.7053,0.1850,8954.7842 , 119.6971,5.8908,18572.8281 , 3433.7043,0.0697,361.7307 , 26.1112,1.1263,<LOD,1.0758,4.3791,4.0232 , 0.5937,2.7734,<LOD,8.2985,0.2623,2578.1335 , 191.2171,0.6005,8.5041 , 1.0940,0.3400,<LOD,1.4110,0.4589,38.4386 , 1.1701,1.8832,<LOD,0.0000,0.0000,1823.2037 , 45.8039,0.8942,<LOD,4.4958,3.5102,<LOD,0.8820,0.1997,259929.3750 , 681.9837,23.6361,20.8398 , 2.5136,3.1428,282.4022 , 1.6156,15.5705,<LOD,0.0000,0.0000,3.6297 , 0.7951,0.3100,7356.6846 , 54.8061,24.9717,2.9427 , 1.0479,0.5405,213.3427 , 15.8860,4.4624,<LOD,6.9293,0.1740,11.6863 , 0.7008,2.1001,49.5229 , 2.9432,0.6236,124.1959 , 1.3332,12.6467,6,428.299988,39.005669,-122.661324,10.000000,529324.000000,4317460.000000,
1124,Mining,120.09,30.22,30.07,30.06,29.74,"Mon Apr 27, 2026 - 09:47:40",User,1.5,ppm,,,,,,Mining,<LOD,1.5607,0.6375,67982.6406 , 1561.8044,1.5044,<LOD,1.6569,0.2627,<LOD,3.4101,0.1047,437.3790 , 22.4050,15.7899,634835.9375 , 4325.0825,<LOD,1.4965,0.1390,22699.5254 , 211.6456,29.7681,<LOD,2.3565,1.1472,<LOD,44.4286,0.8914,<LOD,69.9162,20.7964,116.0746 , 7.8938,4.1809,20.5155 , 3.4167,0.4121,59184.8516 , 177.3143,145.4949,<LOD,0.0000,0.0000,<LOD,2.8745,0.1899,8169.1118 , 125.3002,5.6904,13191.1699 , 3270.7700,0.0629,402.7839 , 27.1316,1.3033,<LOD,1.1560,4.6399,5.1004 , 0.6378,2.9352,21.0730 , 6.3180,0.2954,9460.4482 , 321.7170,2.0403,8.9192 , 1.1701,0.3589,<LOD,1.3592,0.4314,43.7025 , 1.2671,2.0543,<LOD,0.0000,0.0000,4130.3306 , 60.2821,1.7444,<LOD,4.4717,3.5209,<LOD,0.9056,0.1886,170809.5312 , 573.1551,15.1900,19.0948 , 2.4852,3.1009,287.0271 , 1.6463,15.4424,<LOD,0.0000,0.0000,4.9957 , 0.8712,0.3472,7635.4932 , 59.7194,27.2959,2.8326 , 1.1001,0.5465,326.0464 , 18.4923,5.4411,<LOD,7.6477,0.1967,13.6802 , 0.7605,2.2664,58.5840 , 3.2008,0.6875,133.1070 , 1.4049,13.0288,7,428.100006,39.005650,-122.661324,10.000000,529324.187500,4317458.000000,
1125,Mining,120.31,30.06,30.09,30.11,30.05,"Mon Apr 27, 2026 - 09:55:41",User,1.5,ppm,,,,,,Mining,<LOD,1.3000,0.7510,82272.8516 , 1435.9498,1.8396,<LOD,1.4523,0.3139,<LOD,2.8401,0.1087,493.2187 , 19.7185,21.9196,430134.6562 , 4250.0913,<LOD,1.3093,0.1584,779.9155 , 43.2828,1.6309,<LOD,2.0200,1.4363,<LOD,35.3597,0.5592,<LOD,44.3154,8.8030,91.0178 , 4.4403,2.9790,9.7015 , 2.7809,0.3914,21417.7520 , 107.4757,56.1247,<LOD,0.0000,0.0000,<LOD,4.0238,0.2615,10127.4590 , 97.9775,6.6198,17567.2129 , 2758.6382,0.0670,153.3011 , 21.3191,0.8082,<LOD,0.9589,5.1475,7.2486 , 0.5484,3.5391,<LOD,7.3066,0.3726,696.8112 , 107.3125,0.2041,8.2669 , 0.9829,0.3809,<LOD,1.1911,0.5655,44.8045 , 1.1136,2.5519,<LOD,0.0000,0.0000,7082.8428 , 72.3002,2.6986,<LOD,3.9135,4.7121,<LOD,0.7854,0.2158,426031.8438 , 737.7891,46.0407,12.2736 , 2.1447,3.9933,26.1299 , 0.5012,2.3208,<LOD,0.0000,0.0000,4.2477 , 0.7509,0.3909,2816.4583 , 27.5092,10.8152,<LOD,1.4096,0.4016,92.6721 , 7.9471,2.1516,<LOD,6.7046,0.2213,10.1891 , 0.6397,2.4598,10.0415 , 2.0456,0.4046,109.0741 , 1.0450,11.3319,5,433.399994,39.006081,-122.661034,10.000000,529349.250000,4317506.000000,
1126,Mining,122.92,32.64,30.05,30.14,30.09,"Mon Apr 27, 2026 - 09:58:07",User,1.5,ppm,,,,,,Mining,<LOD,1.3223,0.7246,98195.1641 , 1607.7086,2.1595,<LOD,1.4327,0.3028,<LOD,2.9342,0.1152,479.9435 , 20.2896,21.5555,429968.9375 , 4566.8716,<LOD,1.3296,0.1620,986.7895 , 48.3695,1.9110,<LOD,2.0717,1.4089,<LOD,35.6972,0.5648,<LOD,45.0067,9.0935,96.5214 , 4.6677,3.0770,10.6819 , 2.7949,0.3925,22270.0625 , 111.8504,57.8426,<LOD,0.0000,0.0000,<LOD,4.3429,0.2730,11902.3418 , 109.1386,7.6821,21751.4180 , 2898.1584,0.0740,192.5332 , 22.1013,0.8717,<LOD,0.9597,5.1073,7.0501 , 0.5449,3.4526,<LOD,7.1926,0.3493,967.2417 , 118.3039,0.2537,7.8170 , 0.9702,0.3678,<LOD,1.2675,0.6020,47.0265 , 1.1386,2.6368,<LOD,0.0000,0.0000,6448.1187 , 69.4482,2.4702,<LOD,4.0046,4.5714,<LOD,0.7919,0.2148,403682.0625 , 752.2142,42.4864,8.6565 , 2.1975,3.8971,27.5414 , 0.5107,2.3823,<LOD,0.0000,0.0000,3.3156 , 0.7446,0.3715,2723.1685 , 28.4482,10.4668,<LOD,1.7813,0.4136,97.7871 , 8.2294,2.1480,<LOD,6.9985,0.2400,8.6537 , 0.6284,2.3368,15.4998 , 2.1645,0.4498,101.6597 , 1.0169,10.5616,5,437.399994,39.006157,-122.661148,10.000000,529339.125000,4317514.500000,
1127,Mining,120.08,30.27,30.05,30.12,29.64,"Mon Apr 27, 2026 - 10:00:50",User,1.5,ppm,,,,,,Mining,<LOD,1.2742,0.7498,139192.6875 , 1766.7126,2.9693,1.5291 , 1.2448,0.6015,<LOD,2.9102,0.1241,808.6638 , 20.5260,26.1456,550267.6875 , 4252.2090,<LOD,1.2507,0.1575,1147.9751 , 64.3092,2.6772,<LOD,1.9424,1.3689,<LOD,34.8530,0.6933,<LOD,49.5255,13.2131,141.5618 , 5.7964,4.2706,40.1059 , 3.3173,0.6180,30577.3066 , 130.9508,86.9119,<LOD,0.0000,0.0000,8.2077 , 1.9693,0.3472,24890.5059 , 166.9454,17.7468,22080.8555 , 2738.3059,0.0760,306.3499 , 23.3233,1.1843,<LOD,1.0055,5.9804,8.6309 , 0.5683,3.9527,<LOD,7.7144,0.4289,1579.5415 , 137.1681,0.4483,20.7535 , 1.2178,0.6395,<LOD,1.1829,0.5817,111.7385 , 1.6447,6.0888,<LOD,0.0000,0.0000,6723.8271 , 66.2979,2.9123,<LOD,3.7957,4.5523,<LOD,0.7963,0.2405,216519.4062 , 596.8221,21.9459,11.5478 , 2.0784,3.9009,52.5402 , 0.6577,4.2627,<LOD,0.0000,0.0000,9.9246 , 0.8460,0.6109,5120.0513 , 42.4187,21.8216,2.4321 , 0.8951,0.5903,158.8920 , 11.8867,4.1180,<LOD,6.8305,0.2527,11.0416 , 0.7504,3.5332,36.5703 , 2.4923,0.6647,169.6421 , 1.2748,17.3669,7,434.799988,39.006149,-122.661064,10.000000,529346.625000,4317513.500000,
1128,Mining,120.47,30.09,30.19,30.06,30.13,"Mon Apr 27, 2026 - 10:04:00",User,1.5,ppm,,,,,,Mining,<LOD,1.3071,0.7723,89858.0469 , 1391.0869,1.9465,2.5725 , 1.0916,0.4878,<LOD,2.9697,0.1290,754.2658 , 20.4607,25.2802,661170.8125 , 3615.3726,<LOD,1.2571,0.1588,1339.2010 , 64.5196,2.9138,<LOD,2.0389,1.4976,<LOD,35.2734,0.7463,<LOD,50.2168,13.7305,149.9572 , 5.8612,4.4670,58.3305 , 3.6516,0.7483,31516.3613 , 122.0216,89.3852,<LOD,0.0000,0.0000,12.5620 , 2.0812,0.3954,23030.3379 , 156.9812,16.3518,17795.9746 , 2592.1775,0.0673,294.2738 , 23.3330,1.1946,<LOD,1.0643,6.7028,10.9340 , 0.5966,4.3517,<LOD,7.7991,0.4337,1698.0981 , 137.2485,0.4655,7.9110 , 1.0137,0.4386,<LOD,1.1932,0.5776,128.8946 , 1.7446,6.9267,<LOD,0.0000,0.0000,7316.7856 , 67.1984,3.1284,<LOD,3.8261,4.4885,<LOD,0.7970,0.2385,159302.1250 , 509.8860,15.2965,13.2370 , 2.1125,3.9377,62.2356 , 0.7063,4.9356,<LOD,0.0000,0.0000,9.7510 , 0.8470,0.6102,5003.2241 , 41.1516,21.3410,2.4500 , 0.9376,0.6450,177.9284 , 11.8496,4.1820,<LOD,6.7513,0.2456,13.6521 , 0.7948,3.9562,49.0599 , 2.7112,0.7860,220.9737 , 1.4166,21.8573,6,434.700012,39.006161,-122.661026,10.000000,529349.812500,4317515.000000,
1129,Mining,124.51,34.34,30.04,30.01,30.12,"Mon Apr 27, 2026 - 10:07:00",User,1.5,ppm,,,,,,Mining,<LOD,2.6987,0.7340,349298.4062 , 2023.3429,2.5708,<LOD,0.0929,0.0020,<LOD,0.0676,0.0000,1292.5996 , 46.9396,20.7812,1064.4531,,<LOD,0.0983,0.0009,2146.4568 , 122.4063,1.7894,<LOD,4.1884,1.4081,<LOD,81.5248,0.5808,13.0386 , 2.2870,0.0425,200.2364 , 13.1367,3.4757,<LOD,0.9463,0.0196,<LOD,11.6522,0.2186,<LOD,0.0000,0.0000,<LOD,0.2970,0.0022,23805.6992 , 455.3221,7.7715,63684.2539 , 5353.0879,0.0859,645.1962 , 28.5544,0.8683,<LOD,0.0029,0.0000,<LOD,0.0027,-0.0000,<LOD,1.5924,0.0227,1647.8646 , 228.9180,0.1874,<LOD,0.0287,0.0001,<LOD,2.4821,0.5560,<LOD,0.0172,0.0002,<LOD,0.0000,0.0000,7241.0840 , 168.8042,1.6253,<LOD,7.9663,4.4251,<LOD,0.0504,0.0008,542519.5000 , 4510.9741,39.4348,27.7237 , 4.3756,3.8212,<LOD,0.0020,-0.0000,<LOD,0.0000,0.0000,<LOD,0.0548,0.0003,6148.2578 , 138.5189,12.0514,<LOD,0.0249,0.0001,265.2536 , 23.1784,2.5854,<LOD,1.1533,0.0063,<LOD,0.0017,-0.0000,<LOD,0.4700,0.0092,<LOD,0.0056,-0.0000,6,434.299988,39.006039,-122.661011,10.000000,529351.437500,4317501.500000,
1130,Mining,122.80,32.59,30.09,30.03,30.09,"Mon Apr 27, 2026 - 10:09:47",User,1.5,ppm,,,,,,Mining,<LOD,1.2599,0.7239,104951.2031 , 1568.6624,2.2936,<LOD,1.3462,0.2787,<LOD,2.8678,0.1205,446.9864 , 18.9238,20.4964,441097.9062 , 4299.6870,<LOD,1.2384,0.1543,1431.0863 , 50.9852,2.4762,<LOD,1.9595,1.3900,<LOD,32.9843,0.5521,<LOD,48.5784,12.4174,73.1309 , 4.6330,3.0631,8.1014 , 2.6494,0.3888,28649.9902 , 126.3075,79.6309,<LOD,0.0000,0.0000,<LOD,2.5875,0.2484,7494.2588 , 90.7636,5.2844,25710.3848 , 2844.7495,0.0798,394.5949 , 24.6089,1.2847,<LOD,0.9374,5.3410,6.5439 , 0.5250,3.5053,<LOD,7.6173,0.4193,1094.3766 , 117.0855,0.2885,7.6962 , 0.9466,0.3835,<LOD,1.1457,0.5364,38.2571 , 1.0221,2.2879,<LOD,0.0000,0.0000,2567.3535 , 45.5437,1.1985,<LOD,3.7381,4.3598,<LOD,0.7955,0.2409,383417.6562 , 735.8575,41.8265,13.8340 , 2.0720,3.8157,49.5346 , 0.6334,3.9621,<LOD,0.0000,0.0000,4.9825 , 0.7246,0.4020,2275.3606 , 27.1570,9.4353,<LOD,1.9035,0.4321,93.5391 , 8.0005,2.0548,<LOD,6.9167,0.2574,7.9946 , 0.5899,2.2609,48.0206 , 2.6401,0.7398,117.2104 , 1.0683,12.5362,7,435.500000,39.006115,-122.661026,10.000000,529349.812500,4317510.000000,
1131,Mining,120.38,30.24,30.03,30.05,30.06,"Mon Apr 27, 2026 - 10:12:10",User,1.5,ppm,,,,,,Mining,<LOD,1.2785,0.7471,105527.0156 , 1636.4009,2.3073,<LOD,1.3136,0.2830,<LOD,2.6892,0.1121,453.9823 , 18.9530,20.6420,431405.4375 , 4445.3994,<LOD,1.2086,0.1550,1288.0641 , 48.2215,2.2601,<LOD,1.9508,1.3743,<LOD,34.2874,0.5507,<LOD,45.5741,11.2169,77.7646 , 4.6068,3.1262,4.1312 , 2.4879,0.3605,25808.9336 , 120.1058,71.1021,<LOD,0.0000,0.0000,<LOD,2.4897,0.2450,7194.8838 , 87.6451,5.0399,28033.4824 , 2992.6118,0.0839,368.4825 , 23.6678,1.2153,<LOD,0.9164,5.4153,6.9203 , 0.5121,3.5337,<LOD,7.2612,0.4095,1001.5197 , 117.4337,0.2673,7.8968 , 0.9162,0.3800,<LOD,1.1806,0.5719,36.1839 , 0.9756,2.1926,<LOD,0.0000,0.0000,2581.9023 , 47.1726,1.1898,<LOD,3.7738,4.4969,<LOD,0.7253,0.2081,393469.4375 , 776.9078,42.8575,13.4716 , 2.0704,3.8115,49.2689 , 0.6173,3.9641,<LOD,0.0000,0.0000,4.1990 , 0.6947,0.3840,2401.4688 , 26.8980,9.7271,<LOD,1.8274,0.4289,97.8268 , 7.9477,2.0985,<LOD,6.5203,0.2406,7.4168 , 0.5655,2.1978,43.7141 , 2.5047,0.7010,116.5834 , 1.0439,12.5400,8,434.600006,39.006088,-122.660957,10.000000,529355.562500,4317507.000000,
1132,Mining,120.29,30.06,30.06,30.10,30.07,"Mon Apr 27, 2026 - 10:15:07",User,1.5,ppm,,,,,,Mining,<LOD,1.3493,0.6914,124609.5547 , 1815.4752,2.6898,2.8660 , 1.0730,0.4194,<LOD,2.8089,0.0985,514.3791 , 20.2930,19.6739,465646.7812 , 4682.8867,<LOD,1.3064,0.1468,1307.5032 , 64.0082,2.5283,<LOD,2.0629,1.2758,<LOD,35.0195,0.6392,<LOD,58.9172,17.7974,135.2417 , 6.2873,4.2155,26.4010 , 3.1641,0.4822,42231.9609 , 167.9421,116.4774,<LOD,0.0000,0.0000,<LOD,3.9217,0.2426,14734.2383 , 143.5166,10.2072,27711.7656 , 3138.2087,0.0895,478.9593 , 26.6977,1.4895,<LOD,0.9957,5.0592,6.1066 , 0.5559,3.2965,<LOD,8.4479,0.3858,1700.9514 , 144.1069,0.4572,5.0755 , 0.9558,0.3329,<LOD,1.2021,0.4907,56.5276 , 1.2582,2.9772,<LOD,0.0000,0.0000,16298.3584 , 103.6859,6.3608,<LOD,3.9902,4.1463,<LOD,0.7885,0.2027,301140.8125 , 688.1359,31.5337,11.7713 , 2.1783,3.4762,77.2198 , 0.8145,5.4392,<LOD,0.0000,0.0000,5.1338 , 0.7709,0.3878,2958.4075 , 37.4736,12.6518,<LOD,1.8898,0.4457,132.7953 , 10.9153,2.8050,<LOD,6.9506,0.2236,10.7287 , 0.6794,2.5180,54.6186 , 2.8689,0.7553,141.8540 , 1.2403,13.8990,4,431.100006,39.006142,-122.660927,10.000000,529358.312500,4317513.000000,
1133,Mining,120.57,30.25,30.02,30.20,30.10,"Mon Apr 27, 2026 - 10:17:30",User,1.5,ppm,,,,,,Mining,<LOD,1.3356,0.6674,121422.5703 , 1843.3280,2.6232,2.7907 , 1.0956,0.4380,<LOD,3.1145,0.1237,500.2849 , 20.3720,19.4481,472062.1562 , 4726.4375,<LOD,1.2913,0.1460,1256.5795 , 62.0637,2.3936,<LOD,2.0698,1.2670,<LOD,35.9048,0.6453,<LOD,59.0100,18.4808,134.7826 , 6.2146,4.1722,29.0437 , 3.1832,0.4975,43903.8906 , 170.8948,120.6528,<LOD,0.0000,0.0000,<LOD,4.5757,0.2581,14427.1250 , 141.0182,9.9503,27734.6660 , 3218.4570,0.0892,476.3541 , 26.2174,1.4873,<LOD,0.9968,5.0607,5.4098 , 0.5528,3.2261,<LOD,8.5820,0.4102,1750.9966 , 146.3118,0.4542,7.1414 , 0.9942,0.3666,<LOD,1.2175,0.4981,54.9934 , 1.2305,2.8849,<LOD,0.0000,0.0000,15554.3037 , 103.0648,6.0591,<LOD,3.9983,4.0878,<LOD,0.8341,0.2273,297300.2188 , 694.0737,30.8700,12.4134 , 2.1964,3.4919,80.2192 , 0.8185,5.5667,<LOD,0.0000,0.0000,6.3408 , 0.7795,0.4116,2933.9509 , 36.4662,12.3657,1.5154 , 0.8428,0.4550,136.8114 , 10.7524,2.7646,<LOD,7.0796,0.2365,10.9288 , 0.6707,2.4978,56.3772 , 2.8636,0.7667,138.1178 , 1.2130,13.4949,5,418.500000,39.006046,-122.661217,10.000000,529333.250000,4317502.000000,
1134,Mining,122.94,32.73,30.11,30.07,30.03,"Mon Apr 27, 2026 - 10:21:32",User,1.5,ppm,,,,,,Mining,<LOD,1.3045,0.6988,71027.2656 , 1203.5166,1.5823,8.7031 , 1.3645,0.7877,<LOD,2.7307,0.1053,355.4955 , 19.2658,18.3442,618573.8125 , 3189.9866,<LOD,1.2776,0.1585,596.5535 , 49.8630,1.5141,<LOD,2.0363,1.3514,<LOD,35.8332,0.7693,<LOD,58.6002,20.9923,87.6459 , 5.8706,3.8473,52.2181 , 3.5309,0.6820,47628.4375 , 143.8792,140.1208,<LOD,0.0000,0.0000,11.1683 , 1.9878,0.3499,9598.1113 , 118.3790,7.1421,5288.1309 , 2402.1721,0.0531,194.3631 , 20.8808,1.0841,<LOD,0.9281,4.9572,1.7133 , 0.5147,3.1755,<LOD,8.2446,0.3912,1893.7594 , 147.0331,0.5325,19.5132 , 1.1791,0.5780,<LOD,1.1523,0.4871,34.5435 , 0.9848,2.0131,<LOD,0.0000,0.0000,19934.8672 , 107.8598,8.1655,<LOD,3.9302,4.3742,<LOD,0.7300,0.1927,222023.0625 , 557.0836,22.8919,10.6954 , 2.1368,3.6038,61.3281 , 0.6989,4.6428,<LOD,0.0000,0.0000,3.4803 , 0.7211,0.3641,2360.4534 , 32.8678,10.5675,<LOD,1.1738,0.4288,113.2908 , 9.9387,2.4441,<LOD,6.3539,0.2110,6.2311 , 0.5875,2.1348,34.6024 , 2.4682,0.6331,80.5706 , 0.9290,9.3000,7,437.500000,39.005985,-122.661064,10.000000,529346.562500,4317495.500000,
1135,Mining,122.76,32.68,30.02,30.02,30.04,"Mon Apr 27, 2026 - 10:23:53",User,1.5,ppm,,,,,,Mining,<LOD,1.3960,0.7585,61837.9961 , 1092.9006,1.3898,9.9445 , 1.4608,0.8491,<LOD,2.8304,0.1059,341.2020 , 19.7440,17.9614,633443.2500 , 2999.9141,<LOD,1.3407,0.1639,594.0136 , 49.7679,1.5453,<LOD,2.1162,1.3791,<LOD,34.3884,0.7630,<LOD,62.1191,23.1010,88.0382 , 5.8605,3.9328,54.6330 , 3.6636,0.6921,51950.9453 , 148.1944,153.8529,<LOD,0.0000,0.0000,13.4523 , 2.1062,0.3719,9810.6592 , 118.3567,7.3759,4673.3076 , 2284.2395,0.0499,152.3191 , 20.5711,1.0308,<LOD,0.9452,4.7993,2.3244 , 0.5346,3.2135,<LOD,8.5554,0.3722,2202.0542 , 151.5499,0.6100,22.1763 , 1.2618,0.6213,<LOD,1.1806,0.4808,30.7162 , 0.9679,1.8018,<LOD,0.0000,0.0000,16019.2803 , 94.0302,6.6466,<LOD,4.0286,4.3020,<LOD,0.7835,0.2122,216181.1875 , 534.2027,22.2516,8.9164 , 2.1910,3.5491,67.8630 , 0.7493,5.0074,<LOD,0.0000,0.0000,3.9521 , 0.7571,0.3761,2273.1299 , 33.5028,10.6064,<LOD,1.2089,0.4254,104.6963 , 9.8714,2.4549,<LOD,6.5722,0.2126,5.7593 , 0.5940,2.0474,37.6350 , 2.5892,0.6562,70.5885 , 0.9154,8.4564,7,442.000000,39.006096,-122.661079,10.000000,529345.062500,4317507.500000,
1136,Mining,120.39,30.04,30.12,30.07,30.16,"Mon Apr 27, 2026 - 10:27:58",User,1.5,ppm,,,,,,Mining,<LOD,1.4051,0.7476,64027.6758 , 1248.8972,1.4663,116.3750 , 2.7349,3.8109,<LOD,3.1948,0.1322,356.8242 , 20.1331,18.1758,580715.8125 , 3560.6221,<LOD,1.6794,0.2496,13465.3750 , 146.8459,19.4945,<LOD,2.1579,1.4003,<LOD,36.5666,0.6756,<LOD,60.0339,19.2667,119.0851 , 6.0743,3.9938,5.8880 , 2.7648,0.3799,43752.9844 , 149.5680,122.9678,<LOD,0.0000,0.0000,3.1348 , 1.8502,0.3124,7770.0498 , 106.3560,5.8069,<LOD,4209.0154,0.0573,<LOD,27.0977,0.6850,<LOD,0.9926,5.1628,3.4620 , 0.5446,3.2437,<LOD,8.2273,0.3565,264.3077 , 99.8653,0.1758,6.2207 , 0.9761,0.3576,<LOD,1.2451,0.5245,31.2962 , 0.9913,1.8385,<LOD,0.0000,0.0000,48799.2148 , 181.1820,19.8232,144.4352 , 3.3748,7.8886,<LOD,0.8356,0.2375,237763.1875 , 606.7292,25.4778,11.5943 , 2.2388,3.6347,63.9529 , 0.7380,4.7027,<LOD,0.0000,0.0000,<LOD,1.9070,0.3037,2374.8684 , 32.3309,10.0444,<LOD,1.5993,0.4296,99.8695 , 9.6975,2.2313,<LOD,0.0000,0.1980,4.5993 , 0.5815,1.9031,8.8672 , 2.0644,0.4094,90.9645 , 1.0086,9.9550,4,442.799988,39.006046,-122.661041,10.000000,529348.687500,4317502.000000,
1137,Mining,120.55,30.07,30.23,30.03,30.22,"Mon Apr 27, 2026 - 10:30:32",User,1.5,ppm,,,,,,Mining,<LOD,1.2403,0.7728,69558.5312 , 1189.2684,1.5763,75.7410 , 2.1810,2.8740,<LOD,2.9786,0.1379,336.8562 , 17.9070,19.3940,566290.5000 , 3383.6514,<LOD,1.4956,0.2380,3924.7739 , 76.4843,6.2470,<LOD,1.9329,1.4986,<LOD,34.3573,0.6509,<LOD,49.3793,13.7720,82.8420 , 4.9334,3.5029,<LOD,5.5925,0.3833,30311.2617 , 121.3399,89.5429,<LOD,0.0000,0.0000,4.1578 , 1.8552,0.3243,7251.7402 , 91.8245,5.4938,6467.6421 , 2554.7617,0.0628,<LOD,24.9033,0.6100,<LOD,0.9307,5.5529,4.1388 , 0.5170,3.5852,<LOD,7.1215,0.3551,421.3929 , 98.3347,0.1948,4.6181 , 0.8796,0.3495,<LOD,1.1213,0.5654,31.8294 , 0.9430,2.0480,<LOD,0.0000,0.0000,37045.2188 , 153.2088,15.1716,122.4938 , 2.9582,8.0416,<LOD,0.7910,0.2497,275680.3125 , 616.3350,30.4959,10.8042 , 1.9952,3.8579,38.2175 , 0.5677,3.3988,<LOD,0.0000,0.0000,<LOD,1.4864,0.3172,2147.3562 , 27.6791,9.5927,<LOD,1.0991,0.4155,81.3241 , 8.1089,2.0869,<LOD,6.3947,0.2335,4.8560 , 0.5539,2.1044,7.5428 , 1.9276,0.4170,95.8503 , 0.9681,11.2203,5,442.299988,39.006054,-122.660988,10.000000,529353.312500,4317503.000000,
1138,Mining,122.69,32.56,30.03,30.05,30.05,"Mon Apr 27, 2026 - 10:33:08",User,1.5,ppm,,,,,,Mining,<LOD,1.1991,0.9010,34636.0742 , 1086.8168,0.9391,<LOD,1.3269,0.4001,<LOD,2.6942,0.1397,293.1942 , 17.2931,22.0627,645760.0625 , 5402.8286,<LOD,1.1573,0.1764,56677.2891 , 294.0341,92.2396,<LOD,1.9106,1.8408,<LOD,42.0719,0.7441,<LOD,31.3021,5.7623,35.1647 , 3.5347,2.2718,<LOD,3.4440,0.3823,11482.6045 , 86.3242,34.8458,<LOD,0.0000,0.0000,12.7569 , 1.9232,0.4543,3308.5898 , 55.7712,3.1334,<LOD,8373.7764,0.1182,<LOD,20.1000,0.4076,<LOD,0.9052,6.5006,2.8053 , 0.4961,4.0726,<LOD,5.4012,0.3055,<LOD,197.3570,0.2385,5.7894 , 0.8522,0.4060,<LOD,1.1000,0.6799,26.0243 , 0.8669,2.0122,<LOD,0.0000,0.0000,124448.0312 , 438.5070,63.4828,61.4533 , 2.6365,7.4850,<LOD,0.7048,0.2437,118201.3516 , 589.6646,14.9666,6.3036 , 1.9280,4.4673,116.4538 , 0.9404,10.1411,<LOD,0.0000,0.0000,2.0126 , 0.6373,0.3829,1863.6013 , 22.1881,8.1828,<LOD,1.6249,0.6180,48.6074 , 6.1299,1.5797,<LOD,5.5259,0.2165,6.9138 , 0.5430,2.5318,<LOD,2.0649,0.2602,101.0234 , 1.0341,14.3337,4,440.500000,39.005894,-122.660965,10.000000,529355.375000,4317485.500000,
1139,Mining,120.45,30.00,30.03,30.28,27.73,"Mon Apr 27, 2026 - 10:35:31",User,1.5,ppm,,,,,,Mining,<LOD,1.2163,0.9008,32896.4102 , 1074.2712,0.9053,1.0688 , 0.9082,0.4488,<LOD,2.7082,0.1408,324.3956 , 17.6086,22.5412,649308.7500 , 4224.9863,<LOD,1.1694,0.1797,66544.3359 , 287.3397,111.6177,<LOD,1.9261,1.8135,<LOD,43.2705,0.7388,<LOD,32.0284,6.0525,17.2828 , 3.3439,2.0100,<LOD,3.2144,0.3324,12117.8857 , 82.7214,37.0878,<LOD,0.0000,0.0000,13.3177 , 1.9290,0.4587,3000.8379 , 53.4024,2.9877,<LOD,6377.5327,0.1062,<LOD,20.3986,0.4240,<LOD,0.9002,6.3910,2.4705 , 0.4953,4.0402,<LOD,5.4476,0.3084,<LOD,211.2558,0.2719,4.3711 , 0.8252,0.3790,<LOD,1.1210,0.6870,28.5784 , 0.8916,2.1605,<LOD,0.0000,0.0000,122215.7656 , 389.3297,64.3526,65.3234 , 2.6829,7.5819,<LOD,0.6999,0.2385,112062.0938 , 578.5840,14.5749,7.7570 , 1.9586,4.4882,110.4321 , 0.8944,9.6995,<LOD,0.0000,0.0000,1.2405 , 0.6306,0.3640,1148.2620 , 18.6533,5.3424,<LOD,1.2669,0.6052,34.1477 , 5.3025,1.1541,<LOD,5.4006,0.2064,5.1543 , 0.5335,2.4202,<LOD,2.1235,0.2754,90.1405 , 0.9682,13.1959,5,435.899994,39.006042,-122.661072,10.000000,529346.062500,4317502.000000,
1140,Mining,120.74,30.26,30.28,30.05,28.65,"Mon Apr 27, 2026 - 10:37:59",User,1.5,ppm,,,,,,Mining,<LOD,1.2434,0.8352,45554.8555 , 1217.8210,1.1409,<LOD,1.3795,0.3869,<LOD,2.8682,0.1385,361.9771 , 18.0863,21.4234,594139.6250 , 4123.5693,<LOD,1.1830,0.1612,35315.2031 , 201.2072,53.1053,<LOD,1.9454,1.6335,<LOD,42.4837,0.6763,43.2230 , 26.8585,8.9278,43.5889 , 4.0369,2.5445,<LOD,3.2900,0.3047,18455.1855 , 103.2230,53.5546,<LOD,0.0000,0.0000,13.0540 , 1.9553,0.4541,4644.5229 , 69.1692,3.8451,<LOD,5747.5107,0.0874,<LOD,21.3760,0.4293,<LOD,0.9453,6.0374,2.9105 , 0.5161,3.7287,<LOD,5.9121,0.2929,<LOD,216.4408,0.2227,4.8218 , 0.8680,0.3681,<LOD,1.1057,0.5894,30.2976 , 0.9480,2.1375,<LOD,0.0000,0.0000,104152.3516 , 336.3933,47.4903,41.7355 , 2.6363,6.3401,<LOD,0.7547,0.2523,195315.1875 , 682.2087,23.3310,10.5257 , 2.0064,4.1980,136.2717 , 1.0117,10.9370,<LOD,0.0000,0.0000,2.8224 , 0.6659,0.3742,1564.7997 , 22.5069,6.8566,2.1218 , 0.8604,0.6267,41.9586 , 6.3685,1.4177,<LOD,0.0000,0.2154,5.8341 , 0.5564,2.3084,<LOD,2.1133,0.2431,117.1513 , 1.1060,15.1232,4,434.399994,39.005951,-122.661026,10.000000,529350.187500,4317491.500000,
1141,Mining,120.41,30.24,30.06,30.04,28.28,"Mon Apr 27, 2026 - 10:40:22",User,1.5,ppm,,,,,,Mining,<LOD,1.2505,0.8368,45079.8828 , 1171.5187,1.1283,<LOD,1.6810,0.4082,<LOD,2.6840,0.1236,347.8169 , 18.0615,21.0712,597214.9375 , 3780.8699,<LOD,1.1041,0.1434,36257.6992 , 194.4059,55.0745,<LOD,1.9482,1.6209,<LOD,42.0010,0.7031,37.1671 , 27.3778,9.6001,46.0516 , 3.8936,2.5549,<LOD,3.4001,0.3334,19837.0645 , 103.5848,57.9371,<LOD,0.0000,0.0000,16.0992 , 2.0298,0.4573,4473.1465 , 65.7747,3.7604,<LOD,5175.1454,0.0741,<LOD,21.6612,0.4580,<LOD,0.9136,5.8661,2.8206 , 0.5008,3.6903,<LOD,5.8107,0.2786,<LOD,188.3104,0.2072,5.6094 , 0.8743,0.3824,<LOD,1.1131,0.5917,32.0492 , 0.9503,2.2121,<LOD,0.0000,0.0000,100654.4531 , 314.2357,46.1695,43.9770 , 2.6516,6.3641,<LOD,0.7176,0.2280,194221.2812 , 657.4672,23.2910,8.2518 , 2.0018,4.1191,138.2132 , 1.0022,11.0874,<LOD,0.0000,0.0000,3.2713 , 0.6429,0.3683,1429.8563 , 20.8050,6.3101,<LOD,1.8900,0.6110,35.3582 , 5.8905,1.3034,<LOD,5.5990,0.1986,4.6655 , 0.5437,2.2390,<LOD,2.1522,0.2533,110.2767 , 1.0651,14.5046,4,431.799988,39.006073,-122.661087,10.000000,529344.312500,4317505.000000,
1142,Mining,120.38,30.06,30.09,30.04,30.19,"Mon Apr 27, 2026 - 10:42:54",User,1.5,ppm,,,,,,Mining,<LOD,1.5129,0.7181,41120.4297 , 1378.2129,1.0364,133.7195 , 3.0247,3.8973,<LOD,3.4655,0.1303,424.0017 , 22.2532,18.5576,616117.3125 , 5038.5132,<LOD,1.8728,0.2605,53371.6055 , 270.9431,69.2430,<LOD,2.3569,1.3858,<LOD,46.6133,0.6965,<LOD,55.3201,12.1875,44.5951 , 4.9653,2.3800,<LOD,7.0628,0.3489,31719.4609 , 145.7774,75.7591,<LOD,0.0000,0.0000,16.5876 , 2.3247,0.4167,3883.8350 , 74.3414,2.9624,<LOD,6898.1667,0.0926,<LOD,26.4321,0.4843,<LOD,1.0778,4.8158,3.4677 , 0.5922,3.0382,<LOD,8.0355,0.3300,<LOD,215.6385,0.2347,4.2057 , 0.9920,0.3083,<LOD,1.4103,0.5624,26.9093 , 1.0480,1.5782,<LOD,0.0000,0.0000,128946.4531 , 369.6230,52.3940,143.7855 , 3.6422,7.5413,<LOD,0.9001,0.2305,122117.1172 , 574.8129,12.3717,17.4510 , 2.4746,3.7177,319.9972 , 1.7320,19.1158,<LOD,0.0000,0.0000,<LOD,2.1503,0.3141,1429.5576 , 25.3941,5.2280,2.6461 , 1.0944,0.6483,59.4289 , 7.5651,1.2385,<LOD,0.0000,0.2137,5.0217 , 0.6149,1.7848,<LOD,4.9822,0.3489,92.4229 , 1.2301,11.9255,4,429.299988,39.006008,-122.661125,10.000000,529341.062500,4317498.000000,
1143,Mining,120.23,30.05,30.24,30.12,29.82,"Mon Apr 27, 2026 - 10:45:56",User,1.5,ppm,,,,,,Mining,<LOD,1.3563,0.7260,44523.8203 , 1325.9821,1.1078,116.3794 , 2.7061,3.7853,<LOD,3.0155,0.1204,333.1020 , 19.6515,17.9308,616511.5625 , 4642.0776,<LOD,1.6569,0.2483,53070.4688 , 269.2421,76.1035,<LOD,2.1189,1.4126,<LOD,45.0626,0.7312,<LOD,52.2317,13.2592,53.1191 , 4.8809,2.6902,<LOD,3.6555,0.3012,31439.8613 , 144.6282,82.9732,<LOD,0.0000,0.0000,16.6945 , 2.1788,0.4475,4603.2222 , 77.4114,3.7588,<LOD,6492.7625,0.0925,<LOD,25.9510,0.5733,<LOD,0.9910,5.2073,1.1184 , 0.5313,3.1197,<LOD,7.5656,0.3572,<LOD,196.5879,0.2082,4.7745 , 0.9398,0.3392,<LOD,1.2085,0.5155,27.1499 , 0.9741,1.7026,<LOD,0.0000,0.0000,108819.2344 , 340.9754,47.9445,136.9729 , 3.2858,7.7260,<LOD,0.8120,0.2326,138299.1406 , 604.9218,15.2824,12.9206 , 2.1998,3.6734,241.0673 , 1.4288,16.0774,<LOD,0.0000,0.0000,3.0254 , 0.8050,0.3470,1596.4463 , 25.1864,6.2979,<LOD,2.2778,0.6184,74.2716 , 7.6669,1.4940,<LOD,0.0000,0.2136,5.8766 , 0.5874,2.0042,10.3071 , 2.0782,0.4260,99.4810 , 1.1547,12.8011,,,,,,,,
1144,Mining,120.65,30.16,30.25,30.09,30.15,"Mon Apr 27, 2026 - 10:48:48",User,1.5,ppm,,,,,,Mining,<LOD,1.4150,0.7595,22769.0176 , 1158.1616,0.7165,3.0390 , 1.1347,0.4827,<LOD,3.1383,0.1266,426.4283 , 21.3231,20.7614,597769.3750 , 5447.6040,<LOD,1.3516,0.1616,74622.2578 , 344.2898,106.5311,<LOD,2.2494,1.5321,<LOD,51.5413,0.7765,90.3391 , 30.9794,9.4746,45.6564 , 4.4262,2.2974,<LOD,5.5406,0.3590,22196.3457 , 130.0066,56.2774,<LOD,0.0000,0.0000,8.2144 , 2.0944,0.3515,2919.6978 , 61.3388,2.5904,<LOD,8433.8958,0.1254,<LOD,25.1116,0.4774,<LOD,1.0452,5.4457,3.6713 , 0.5729,3.4091,<LOD,6.8874,0.3129,<LOD,246.7728,0.2917,7.6678 , 1.0123,0.3834,<LOD,1.3508,0.6266,27.8987 , 1.0243,1.8047,<LOD,0.0000,0.0000,160113.2188 , 494.6616,74.4916,62.7070 , 3.1519,6.4546,<LOD,0.8477,0.2394,117033.5547 , 620.8353,13.7431,8.0013 , 2.3302,3.9603,309.9394 , 1.7261,20.5025,<LOD,0.0000,0.0000,2.5042 , 0.7460,0.3489,1422.0288 , 22.8384,5.3744,3.7268 , 1.0521,0.7165,39.6283 , 6.5828,1.1412,<LOD,6.8556,0.2265,6.7900 , 0.6113,2.1132,<LOD,2.4733,0.2535,108.3020 , 1.2552,14.3574,2,427.500000,39.006187,-122.660995,10.000000,529352.500000,4317518.000000,
1145,Mining,120.23,30.03,30.01,30.12,30.07,"Mon Apr 27, 2026 - 10:51:20",User,1.5,ppm,,,,,,Mining,<LOD,1.3903,0.6927,19707.5059 , 888.5449,0.5922,5.9439 , 1.2176,0.5293,<LOD,3.2251,0.1202,451.1538 , 21.4681,20.3680,589164.5000 , 3932.8081,<LOD,1.4035,0.1566,50603.3164 , 241.2477,68.1632,<LOD,2.2173,1.4007,<LOD,42.1152,0.6823,55.9357 , 33.8260,10.4047,47.7108 , 4.4740,2.3169,11.2818 , 3.0038,0.4007,25118.4727 , 121.3126,62.9548,<LOD,0.0000,0.0000,<LOD,4.8076,0.2804,3059.2439 , 63.3559,2.4915,<LOD,5554.0441,0.0754,<LOD,26.2790,0.4809,<LOD,1.0670,5.0829,2.8370 , 0.5867,3.2079,<LOD,7.0982,0.2825,<LOD,235.2271,0.2214,5.4095 , 1.0091,0.3425,<LOD,1.3129,0.5586,28.4003 , 1.0767,1.8051,<LOD,0.0000,0.0000,95805.2812 , 285.8742,39.0058,61.3948 , 3.1596,6.1882,<LOD,0.8834,0.2353,214178.2188 , 647.2919,23.2179,9.8190 , 2.3472,3.8320,347.8224 , 1.7698,22.4330,<LOD,0.0000,0.0000,2.9286 , 0.7787,0.3450,1197.0475 , 22.1557,4.6345,4.5227 , 1.1141,0.7305,34.1260 , 6.3751,1.0361,<LOD,6.9873,0.2105,5.4826 , 0.6215,1.9629,<LOD,2.7098,0.2731,91.6452 , 1.2391,13.1671,5,428.899994,39.006008,-122.660973,10.000000,529354.437500,4317498.000000,
1146,Mining,92.06,30.09,30.05,30.09,1.83,"Mon Apr 27, 2026 - 10:54:38",User,1.5,ppm,,,,,,Mining,6.7844 , 1.7060,0.1449,,,,<LOD,1.5543,0.0175,<LOD,4.3928,0.0160,<LOD,33.6241,0.9380,999561.4375 , 127.5445,<LOD,2.1666,0.0267,<LOD,44.5583,0.0412,8.0691 , 2.1006,0.1763,,,,<LOD,12.6522,0.0375,<LOD,11.8419,0.4020,<LOD,9.1668,0.0924,<LOD,29.6287,0.0938,<LOD,0.0000,0.0000,<LOD,4.5242,0.0326,<LOD,171.0418,0.1216,,,,<LOD,31.1249,0.0352,<LOD,1.6622,1.0614,1.7788 , 0.9577,0.7197,<LOD,9.2800,0.0461,,,,<LOD,1.7779,0.0388,<LOD,2.8533,0.0646,<LOD,1.2411,0.0602,<LOD,0.0000,0.0000,,,,<LOD,5.4108,0.4549,<LOD,1.2058,0.0292,,,,<LOD,4.5940,0.3024,0.9314 , 0.5033,0.1477,<LOD,0.0000,0.0000,<LOD,1.5766,0.0392,<LOD,34.3314,0.0501,<LOD,1.7916,0.0615,<LOD,10.6619,0.0725,<LOD,17.0749,0.0864,<LOD,1.2435,0.2747,418.3872 , 11.7122,0.8217,2.5672 , 0.8474,0.4802,6,456.100006,39.007248,-122.660210,10.000000,529420.187500,4317636.000000,
1147,Mining,122.82,32.48,30.02,30.27,30.05,"Mon Apr 27, 2026 - 10:58:33",User,1.5,ppm,,,,,,Mining,<LOD,0.9968,0.9744,125205.0312 , 1133.1915,2.7067,19.9664 , 1.2245,1.4267,<LOD,2.3164,0.1488,211.0610 , 14.0984,23.4265,521275.2812 , 2776.3862,<LOD,1.0403,0.2039,284.6736 , 18.7111,0.8539,<LOD,1.5596,1.9091,<LOD,29.2761,0.6818,<LOD,17.3289,2.3072,55.1958 , 3.0899,2.9098,<LOD,2.9687,0.3965,3464.5447 , 38.6419,12.8311,<LOD,0.0000,0.0000,<LOD,3.5738,0.3479,668.3852 , 25.8130,0.9107,6440.2778 , 1650.1549,0.0473,<LOD,19.0049,0.4652,<LOD,0.8146,7.9307,6.3522 , 0.4435,4.8973,<LOD,4.3786,0.3180,440.3861 , 78.4942,0.1909,8.6974 , 0.8099,0.5334,<LOD,0.9137,0.7316,33.9098 , 0.8456,3.0036,<LOD,0.0000,0.0000,1883.2526 , 35.2511,1.1181,<LOD,2.9525,5.9862,<LOD,0.6280,0.2830,332230.7500 , 601.5599,43.4811,4.9641 , 1.6032,4.8750,59.7163 , 0.5991,6.8639,<LOD,0.0000,0.0000,4.6942 , 0.6023,0.5289,7405.9360 , 32.0898,36.3464,<LOD,0.9859,0.5903,149.4139 , 8.6310,5.7871,<LOD,4.7488,0.2244,2.3240 , 0.4565,2.5821,<LOD,1.8441,0.2921,145.1788 , 1.0143,22.3076,9,435.899994,39.006588,-122.660965,10.000000,529355.250000,4317562.500000,
1148,Mining,120.18,30.02,30.03,30.03,30.10,"Mon Apr 27, 2026 - 11:01:02",User,1.5,ppm,,,,,,Mining,<LOD,0.9731,0.9412,129234.7734 , 1160.7062,2.7873,21.5270 , 1.2061,1.4836,<LOD,2.1705,0.1376,193.9917 , 13.9735,23.1934,530336.4375 , 2804.6099,<LOD,1.0375,0.2142,264.7431 , 18.9952,0.8230,<LOD,1.5794,2.0074,<LOD,29.3873,0.6739,<LOD,18.1139,2.6681,65.2146 , 3.3126,3.1312,<LOD,2.9140,0.4037,4227.2827 , 41.5233,15.6270,<LOD,0.0000,0.0000,2.9975 , 1.4277,0.3659,518.9121 , 25.2648,0.8000,<LOD,2659.5159,0.0374,<LOD,18.6679,0.4777,<LOD,0.8006,7.9193,5.6082 , 0.4357,4.8559,<LOD,4.3547,0.3291,502.8219 , 81.5002,0.2035,7.5030 , 0.7673,0.5054,<LOD,0.9090,0.7368,32.0535 , 0.8147,2.9065,<LOD,0.0000,0.0000,1495.2898 , 33.0515,0.9544,<LOD,2.9329,5.9939,<LOD,0.5831,0.2559,324562.3750 , 616.6201,42.4877,<LOD,3.9809,4.8605,55.9208 , 0.5683,6.5011,<LOD,0.0000,0.0000,4.5046 , 0.5909,0.5286,7580.9922 , 34.1038,37.5707,1.3438 , 0.6512,0.6344,170.4809 , 9.2039,6.1154,<LOD,4.6446,0.2267,2.1097 , 0.4405,2.5372,<LOD,1.7964,0.2929,145.9924 , 0.9945,22.4092,10,437.500000,39.006599,-122.660934,10.000000,529357.375000,4317563.500000,
1149,Mining,122.79,32.50,30.19,30.02,30.08,"Mon Apr 27, 2026 - 11:03:49",User,1.5,ppm,,,,,,Mining,<LOD,1.1047,0.8074,66684.4766 , 948.8264,1.5058,15.5887 , 1.3488,1.2035,<LOD,2.6488,0.1467,152.2455 , 15.1732,17.3475,567167.6875 , 2592.0647,<LOD,1.1981,0.2040,286.8310 , 25.8677,0.9058,<LOD,1.7386,1.6092,<LOD,31.3128,0.7307,<LOD,41.1460,11.9426,70.8381 , 4.4506,3.4317,<LOD,3.3505,0.3891,22597.5820 , 95.3727,74.1998,<LOD,0.0000,0.0000,<LOD,1.9851,0.2532,1404.9836 , 42.5168,1.5032,4637.5977 , 1806.0256,0.0437,<LOD,21.7551,0.5724,<LOD,0.9187,7.1495,7.2069 , 0.5032,4.4682,<LOD,5.6658,0.2935,547.4103 , 88.7094,0.2248,18.6827 , 1.0572,0.6846,<LOD,1.0368,0.6395,41.8300 , 0.9991,3.0801,<LOD,0.0000,0.0000,2177.7727 , 38.0625,1.2007,<LOD,3.2239,4.7677,<LOD,0.6803,0.2499,322441.5625 , 572.3212,39.4716,6.0921 , 1.7453,3.8441,157.6203 , 0.9996,13.9092,<LOD,0.0000,0.0000,4.9492 , 0.6959,0.5218,11177.0283 , 47.9044,51.5950,2.1770 , 0.7958,0.6753,214.9763 , 13.3944,8.0705,<LOD,0.0000,0.1911,3.2525 , 0.5276,2.5307,<LOD,2.1223,0.3024,181.6192 , 1.2252,23.8821,6,441.700012,39.006695,-122.661026,10.000000,529349.562500,4317574.000000,
1150,Mining,122.86,32.53,30.17,30.02,30.14,"Mon Apr 27, 2026 - 11:06:15",User,1.5,ppm,,,,,,Mining,<LOD,1.1205,0.8263,67410.0703 , 942.6403,1.5214,15.9907 , 1.3190,1.2044,<LOD,2.4512,0.1301,151.9580 , 15.2263,17.3427,571797.6250 , 2384.3313,<LOD,1.1360,0.1903,292.4529 , 26.0974,0.9188,<LOD,1.7514,1.6238,<LOD,31.5819,0.7312,<LOD,40.9626,12.3582,70.3944 , 4.4909,3.4735,4.0613 , 2.2885,0.4262,23110.4824 , 93.5534,76.5964,<LOD,0.0000,0.0000,<LOD,2.0166,0.2724,1449.0822 , 43.1252,1.5494,<LOD,2333.0050,0.0298,<LOD,21.2222,0.5695,<LOD,0.9119,7.3516,7.4841 , 0.4974,4.5462,<LOD,5.5662,0.2890,557.3829 , 90.0424,0.2274,17.2819 , 1.0213,0.6630,<LOD,1.0213,0.6142,40.5753 , 0.9690,3.0092,<LOD,0.0000,0.0000,2144.5063 , 38.4259,1.2010,<LOD,3.2476,4.8223,<LOD,0.6447,0.2354,321059.5000 , 562.9778,39.6583,6.1437 , 1.7519,3.8453,148.6402 , 0.9540,13.2479,<LOD,0.0000,0.0000,6.4548 , 0.6874,0.5487,11297.2109 , 48.0157,52.7531,1.8453 , 0.7738,0.6620,223.8914 , 13.6042,8.3009,<LOD,0.0000,0.2213,3.6070 , 0.5200,2.5585,<LOD,2.0156,0.2831,183.3445 , 1.2036,24.1037,8,455.799988,39.006630,-122.660904,10.000000,529360.437500,4317567.000000,
1151,Mining,122.76,32.54,30.05,30.13,30.04,"Mon Apr 27, 2026 - 11:09:18",User,1.5,ppm,,,,,,Mining,<LOD,0.9961,0.9125,110873.7188 , 1116.1367,2.4103,1.8967 , 0.9425,0.6510,<LOD,2.1495,0.1235,253.2909 , 14.3773,23.2186,532921.5625 , 2776.1782,<LOD,1.0701,0.2095,332.2849 , 23.2952,1.0116,<LOD,1.5923,1.8786,<LOD,28.9690,0.6350,<LOD,21.3222,3.4529,62.1215 , 3.2509,2.9240,<LOD,2.9847,0.3892,5814.6118 , 48.7694,20.2986,<LOD,0.0000,0.0000,<LOD,2.9575,0.3243,3484.5469 , 48.5694,3.1270,6830.5933 , 1707.1838,0.0469,<LOD,19.0777,0.4660,<LOD,0.8153,7.6029,6.9985 , 0.4490,4.8176,<LOD,4.5232,0.3154,529.1299 , 82.4568,0.2035,12.6714 , 0.8787,0.6096,<LOD,0.9585,0.7616,39.4903 , 0.9008,3.2885,<LOD,0.0000,0.0000,1917.6611 , 35.8731,1.1024,<LOD,2.9732,5.6751,<LOD,0.6031,0.2550,329591.0312 , 597.0326,41.6378,4.5914 , 1.6158,4.6480,103.2930 , 0.7664,10.7167,<LOD,0.0000,0.0000,4.1801 , 0.6210,0.5437,6940.5903 , 32.1105,33.0002,<LOD,1.5475,0.6548,130.9106 , 8.6968,5.2348,<LOD,4.8336,0.2257,2.9990 , 0.4738,2.6739,<LOD,1.8562,0.2872,141.8163 , 1.0162,21.5464,7,454.899994,39.006630,-122.661064,10.000000,529346.125000,4317567.000000,
1152,Mining,120.46,30.05,30.28,30.11,30.02,"Mon Apr 27, 2026 - 11:11:43",User,1.5,ppm,,,,,,Mining,<LOD,1.0055,0.9406,107538.3828 , 1103.9711,2.3469,2.1884 , 0.9627,0.6760,<LOD,2.4353,0.1581,257.4796 , 14.3405,23.3940,529831.4375 , 2748.8555,<LOD,1.0243,0.1905,335.5023 , 23.4763,1.0401,<LOD,1.5923,1.8990,<LOD,29.8796,0.6638,<LOD,21.2482,3.3976,60.6090 , 3.2587,2.9860,<LOD,3.1022,0.4181,5711.3696 , 48.8574,20.2485,<LOD,0.0000,0.0000,<LOD,2.4839,0.3205,3715.3259 , 49.7108,3.3607,5144.2744 , 1688.0654,0.0447,<LOD,19.3539,0.4762,<LOD,0.8285,7.6439,5.6187 , 0.4515,4.7021,<LOD,4.4598,0.3031,573.5584 , 86.6096,0.2200,13.0658 , 0.8963,0.6294,<LOD,0.9469,0.7490,41.0018 , 0.9263,3.4613,<LOD,0.0000,0.0000,2005.1316 , 37.2027,1.1598,<LOD,2.9784,5.7827,<LOD,0.6539,0.2945,337300.0625 , 606.0203,43.6190,3.6811 , 1.6064,4.6300,99.1231 , 0.7593,10.4726,<LOD,0.0000,0.0000,4.8919 , 0.6178,0.5534,7086.4951 , 32.6125,34.3779,1.4293 , 0.7030,0.6792,124.1298 , 8.7484,5.4013,<LOD,4.7987,0.2209,2.4608 , 0.4767,2.6810,<LOD,1.8584,0.2860,142.7604 , 1.0276,21.9243,7,454.600006,39.006626,-122.661049,10.000000,529347.687500,4317566.500000,
1153,Mining,122.75,32.50,30.03,30.15,30.07,"Mon Apr 27, 2026 - 11:15:26",User,1.5,ppm,,,,,,Mining,<LOD,1.4457,0.6581,115763.2891 , 1995.8308,2.5034,16.9293 , 1.5438,0.8328,<LOD,3.2019,0.1079,423.9447 , 20.9539,16.7159,481005.5312 , 5145.2583,<LOD,1.5075,0.1648,32272.7891 , 239.7533,43.5795,<LOD,2.1665,1.1607,<LOD,39.5303,0.7423,<LOD,62.7507,17.4986,123.1278 , 7.1419,3.9246,<LOD,5.8760,0.3173,46639.1484 , 186.3025,117.7782,<LOD,0.0000,0.0000,<LOD,4.3940,0.2296,6914.6841 , 109.9081,5.0572,29257.9941 , 3551.6531,0.0907,431.0007 , 26.9682,1.3273,<LOD,1.0646,4.6269,4.7786 , 0.5874,2.9326,<LOD,8.5841,0.3124,2016.5847 , 160.8411,0.5162,11.8104 , 1.1464,0.4045,<LOD,1.2868,0.4664,33.6689 , 1.1083,1.7964,<LOD,0.0000,0.0000,5879.9756 , 66.9909,2.4345,<LOD,4.1827,3.7343,<LOD,0.8791,0.2122,272266.9688 , 690.1398,27.3990,14.7387 , 2.3060,3.2107,281.5366 , 1.6440,16.5223,<LOD,0.0000,0.0000,3.3476 , 0.8202,0.3363,6218.1582 , 52.5352,22.6257,2.6196 , 1.0290,0.5618,254.2269 , 15.7727,4.4714,<LOD,7.0365,0.1948,11.1185 , 0.6793,2.1311,32.8841 , 2.6160,0.5333,119.1259 , 1.3164,13.0503,7,452.600006,39.006626,-122.661018,10.000000,529350.437500,4317566.500000,
1154,Mining,123.17,32.73,30.13,30.03,30.28,"Mon Apr 27, 2026 - 11:18:05",User,1.5,ppm,,,,,,Mining,<LOD,1.5173,0.6635,118422.2344 , 2154.0356,2.5575,23.7263 , 1.6467,0.9702,<LOD,3.1537,0.1024,457.1488 , 21.8675,16.7152,458097.6562 , 5594.7231,<LOD,1.5334,0.1668,31744.0352 , 234.2445,42.1686,<LOD,2.2607,1.1577,<LOD,40.2075,0.7189,<LOD,63.6607,18.0212,128.2895 , 6.9611,3.8844,7.6842 , 2.8915,0.3357,49262.5938 , 203.1709,122.5177,<LOD,0.0000,0.0000,<LOD,4.7449,0.2310,6801.2803 , 106.5474,4.9148,36821.6719 , 3875.0232,0.1021,426.5776 , 26.7201,1.3071,<LOD,1.0582,4.4576,4.7847 , 0.5832,2.8222,<LOD,8.3848,0.2681,1495.5387 , 144.5696,0.3875,10.1014 , 1.1076,0.3693,<LOD,1.3502,0.4700,34.2185 , 1.1064,1.7559,<LOD,0.0000,0.0000,4320.0015 , 59.9674,1.8260,<LOD,4.3403,3.6728,<LOD,0.8683,0.2025,285182.0312 , 728.3449,28.4818,15.2342 , 2.3918,3.1560,278.1887 , 1.6563,15.8869,<LOD,0.0000,0.0000,1.7610 , 0.7996,0.2956,6059.5820 , 51.2386,21.7875,1.7925 , 1.0097,0.5282,238.7688 , 15.1299,4.2683,<LOD,7.1492,0.1976,11.4025 , 0.6796,2.0839,32.4376 , 2.6104,0.5203,121.2734 , 1.3272,12.7810,8,451.399994,39.006630,-122.661003,10.000000,529351.625000,4317567.000000,
1155,Mining,122.80,32.59,30.07,30.09,30.05,"Mon Apr 27, 2026 - 11:21:10",User,1.5,ppm,,,,,,Mining,<LOD,1.4902,0.6339,131295.0156 , 2462.9656,2.8170,1.2190 , 1.1065,0.3558,<LOD,3.1353,0.1010,431.3062 , 21.3382,15.9902,435241.8750 , 6185.7852,<LOD,1.3827,0.1351,32334.5234 , 204.9628,37.4509,<LOD,2.1829,1.0622,<LOD,45.0053,0.7069,<LOD,50.5959,9.2889,117.4633 , 5.6370,3.0214,11.2791 , 2.9078,0.3322,26407.4746 , 135.5491,57.9746,<LOD,0.0000,0.0000,<LOD,3.9732,0.2094,5838.2256 , 85.2214,3.7390,30506.4160 , 3783.3523,0.0890,388.6906 , 26.6537,1.0381,<LOD,1.0428,4.4157,5.8488 , 0.5806,2.8536,<LOD,7.3910,0.2643,841.2013 , 126.3064,0.2244,7.0427 , 1.0155,0.3090,<LOD,1.3284,0.4497,29.6872 , 1.0478,1.5612,<LOD,0.0000,0.0000,1252.4742 , 41.2160,0.6555,<LOD,4.2273,3.4510,<LOD,0.8649,0.2013,327821.6250 , 778.5427,29.6518,17.6309 , 2.3609,3.0793,258.3177 , 1.5608,14.5459,<LOD,0.0000,0.0000,4.4645 , 0.7880,0.3236,6834.7070 , 46.6308,21.2551,3.3984 , 1.0055,0.5290,189.7639 , 12.8426,3.7271,<LOD,6.6585,0.1682,11.1927 , 0.6566,1.9751,32.5924 , 2.5950,0.5052,116.5770 , 1.2768,12.0894,8,449.399994,39.006634,-122.660995,10.000000,529352.312500,4317567.500000,
1156,Mining,120.21,30.00,30.05,30.09,30.07,"Mon Apr 27, 2026 - 11:24:24",User,1.5,ppm,,,,,,Mining,<LOD,1.3589,0.6430,142441.6406 , 2406.1643,3.0452,6.6067 , 1.2033,0.5373,<LOD,3.0060,0.1091,384.4111 , 19.5473,16.3196,441257.2188 , 5918.7734,<LOD,1.3209,0.1443,20823.1445 , 163.4018,25.1493,<LOD,2.0498,1.1556,<LOD,43.3015,0.6851,<LOD,46.8139,9.1250,112.7191 , 5.4208,3.2222,14.2924 , 2.8302,0.3669,24295.1328 , 128.9588,57.1378,<LOD,0.0000,0.0000,<LOD,4.2011,0.2265,5051.5513 , 78.6496,3.3553,33188.6719 , 3660.0510,0.0944,218.4707 , 22.3840,0.8344,<LOD,0.9838,4.6672,5.9558 , 0.5489,3.0247,<LOD,6.8991,0.2718,1162.1676 , 142.0738,0.3035,8.9482 , 0.9941,0.3484,<LOD,1.2311,0.4722,26.1998 , 0.9584,1.5223,<LOD,0.0000,0.0000,3835.0842 , 59.9005,1.5020,<LOD,3.8927,3.5820,<LOD,0.8028,0.2001,321314.0938 , 797.8690,29.7841,12.8013 , 2.1596,3.1347,240.9578 , 1.4615,14.7564,<LOD,0.0000,0.0000,3.0571 , 0.7279,0.3130,5224.5532 , 40.1674,17.4456,2.8176 , 0.9372,0.5399,213.9245 , 11.5992,3.4652,<LOD,6.3744,0.1799,8.5275 , 0.5959,1.9113,38.5243 , 2.5733,0.5795,108.5873 , 1.1905,12.3070,8,447.000000,39.006641,-122.660988,10.000000,529352.875000,4317568.000000,
1157,Mining,120.28,30.05,30.03,30.01,30.19,"Mon Apr 27, 2026 - 11:29:10",User,1.5,ppm,,,,,,Mining,<LOD,1.7211,0.5964,38211.7695 , 1235.1422,0.9301,31.7260 , 2.4093,1.3192,<LOD,4.1819,0.1226,840.8806 , 26.9608,18.9851,519508.7500 , 4189.2700,<LOD,1.9780,0.1891,272.5450 , 47.6899,0.9216,<LOD,2.5903,1.0543,<LOD,42.6377,0.7181,<LOD,88.1701,31.1342,120.3008 , 7.7924,4.3014,18.0381 , 3.6369,0.3701,80294.2109 , 203.9360,195.8055,<LOD,0.0000,0.0000,3.7446 , 2.2599,0.2574,6039.6909 , 110.9737,4.0314,3680.3237 , 3388.7034,0.0571,<LOD,30.8392,0.6608,<LOD,1.3319,4.0525,3.2686 , 0.7151,2.4688,<LOD,11.7823,0.2899,1847.2170 , 171.0440,0.4810,41.3882 , 1.9206,0.7613,<LOD,1.4672,0.3860,9.6920 , 1.2910,1.0571,<LOD,0.0000,0.0000,44405.1602 , 177.4594,15.2004,<LOD,6.0892,3.6739,<LOD,1.1050,0.2264,298852.0312 , 654.7698,28.5030,9.6936 , 2.7653,2.9365,1788.6467 , 4.8630,84.7847,<LOD,0.0000,0.0000,5.6041 , 1.1198,0.4282,3692.2788 , 49.0145,14.4958,9.1093 , 2.0443,1.4685,188.7742 , 14.5100,3.3425,<LOD,0.0000,0.1691,1.8592 , 0.7082,1.4742,<LOD,2.7542,0.1785,123.3162 , 2.2481,24.4581,8,444.299988,39.006645,-122.660980,10.000000,529353.937500,4317568.500000,
1158,Mining,120.58,30.10,30.25,30.06,30.17,"Mon Apr 27, 2026 - 11:31:52",User,1.5,ppm,,,,,,Mining,<LOD,1.4593,0.6345,39183.5898 , 1118.4403,0.9609,36.2921 , 2.2215,1.5786,<LOD,3.3273,0.1044,585.2028 , 22.6009,19.0093,525593.1250 , 4614.5381,<LOD,1.6883,0.1865,362.9473 , 50.3243,1.1169,<LOD,2.2804,1.2261,<LOD,38.0843,0.6989,<LOD,77.3034,28.9044,145.0598 , 8.2220,5.0118,9.9953 , 3.1623,0.3758,66591.9531 , 221.2914,183.3549,<LOD,0.0000,0.0000,8.3126 , 2.2324,0.3031,6543.3149 , 117.1217,4.8532,<LOD,6381.0461,0.0560,<LOD,28.4107,0.6765,<LOD,1.2178,4.8859,3.7188 , 0.6524,2.9497,<LOD,9.9784,0.2880,1271.2205 , 146.0683,0.4153,32.7766 , 1.6393,0.7527,<LOD,1.2751,0.4331,13.9654 , 1.1480,1.2745,<LOD,0.0000,0.0000,41470.0469 , 174.0875,16.0983,<LOD,4.4423,4.0383,<LOD,0.9455,0.2261,306922.8125 , 697.4666,33.4208,13.0709 , 2.4075,3.3200,1261.7029 , 4.1788,71.9927,<LOD,0.0000,0.0000,4.7172 , 0.9532,0.4225,7507.1382 , 64.5654,31.2783,6.7736 , 1.6800,1.3482,264.9001 , 18.6421,6.0014,<LOD,6.9169,0.1701,1.9889 , 0.6454,1.6828,<LOD,2.5217,0.1978,154.0155 , 1.9830,25.9538,8,443.600006,39.006653,-122.660973,10.000000,529354.062500,4317569.500000,
1159,Mining,124.23,33.98,30.08,30.03,30.14,"Mon Apr 27, 2026 - 11:35:15",User,1.5,ppm,,,,,,Mining,<LOD,6.7235,0.8822,308108.9688 , 2727.3821,1.2884,<LOD,0.1507,0.0011,<LOD,0.5490,0.0008,2787.8062 , 138.5177,22.5030,1897.8882,,<LOD,0.2418,0.0011,5946.9146 , 423.9060,2.0211,<LOD,10.2688,1.6309,<LOD,208.1768,0.8687,27.2135 , 4.7624,0.0377,864.2599 , 65.2053,6.0926,<LOD,2.1365,0.0208,<LOD,23.9166,0.1916,<LOD,0.0000,0.0000,<LOD,0.7875,0.0030,14965.7178 , 694.3715,2.6364,<LOD,15215.1504,0.0413,1377.3657 , 74.4199,0.8557,<LOD,0.0098,0.0000,<LOD,0.0086,-0.0000,<LOD,3.6243,0.0246,5313.3916 , 583.9028,0.2908,<LOD,0.0612,0.0001,<LOD,5.6393,0.5476,<LOD,0.0472,0.0002,<LOD,0.0000,0.0000,62225.0938 , 1785.3646,5.8689,<LOD,19.7393,5.2424,<LOD,0.1341,0.0009,586848.8750 , 7654.4355,22.7301,<LOD,15.8272,4.0698,<LOD,0.0063,-0.0000,<LOD,0.0000,0.0000,<LOD,0.1267,0.0002,8490.6016 , 375.1916,7.8513,<LOD,0.0837,0.0003,1145.9312 , 94.5641,2.9570,<LOD,3.2064,0.0103,<LOD,0.0049,-0.0000,<LOD,1.1467,0.0114,<LOD,0.0128,-0.0000,8,428.600006,39.006603,-122.660988,10.000000,529352.625000,4317564.000000,
1160,Mining,120.14,30.03,30.02,30.05,30.04,"Mon Apr 27, 2026 - 11:38:03",User,1.5,ppm,,,,,,Mining,<LOD,1.1824,0.8267,132872.6719 , 1302.6807,2.8460,20.2478 , 1.3983,1.1882,<LOD,2.7684,0.1355,291.9035 , 17.6110,21.6025,568188.8750 , 3010.1350,<LOD,1.2596,0.1913,238.9771 , 33.0571,0.9356,<LOD,1.9032,1.7153,<LOD,28.7516,0.6977,<LOD,58.5171,26.2385,137.7448 , 6.2402,5.3350,19.3229 , 2.8725,0.5600,48047.7969 , 152.2338,173.4840,<LOD,0.0000,0.0000,<LOD,2.2493,0.2781,2511.0623 , 66.3889,2.6103,6844.8784 , 1975.2570,0.0528,<LOD,23.1425,0.7080,<LOD,0.9433,6.2848,2.7764 , 0.5074,3.8298,<LOD,7.4586,0.3297,860.7415 , 99.3869,0.3362,7.0694 , 0.9464,0.4603,<LOD,1.0790,0.6190,21.0067 , 0.8502,1.7267,<LOD,0.0000,0.0000,10859.0439 , 74.2400,5.4335,<LOD,3.6191,5.3373,<LOD,0.7194,0.2382,223249.2188 , 532.0239,27.6834,4.3793 , 1.9540,4.3107,200.9616 , 1.2250,16.9099,<LOD,0.0000,0.0000,3.3916 , 0.6923,0.4066,5248.4478 , 43.3309,27.3215,<LOD,1.8513,0.6427,247.1316 , 13.4650,5.6756,<LOD,0.0000,0.2178,<LOD,0.8313,1.8506,<LOD,2.1127,0.2577,122.3515 , 1.1626,17.6533,8,428.299988,39.006603,-122.660988,10.000000,529352.625000,4317564.000000,
1161,Mining,120.80,30.29,30.28,30.12,28.91,"Mon Apr 27, 2026 - 11:40:51",User,1.5,ppm,,,,,,Mining,<LOD,1.8636,0.6829,77705.4531 , 1413.9497,1.6921,67.4414 , 2.6370,1.7633,<LOD,4.1677,0.1136,573.2719 , 29.0954,19.4637,626382.6250 , 3447.7312,<LOD,1.9706,0.1753,234.7820 , 43.1826,0.8939,<LOD,2.8701,1.2576,<LOD,32.4921,0.6840,<LOD,102.6366,58.4336,179.5022 , 8.9615,5.9382,61.6973 , 4.7905,0.6085,127812.1406 , 251.4125,383.0045,<LOD,0.0000,0.0000,<LOD,3.2073,0.2136,1189.5110 , 69.1376,1.4007,<LOD,3593.4203,0.0344,<LOD,32.0347,0.9977,<LOD,1.2258,3.6842,<LOD,0.9744,2.1884,27.9981 , 10.1146,0.3395,1125.6077 , 114.5995,0.3415,<LOD,1.8510,0.3232,<LOD,1.6077,0.4550,15.4273 , 0.9941,0.8236,<LOD,0.0000,0.0000,10614.5264 , 76.9454,4.4908,<LOD,5.7775,4.4078,<LOD,1.0968,0.2080,152308.5938 , 481.0380,14.8420,7.8469 , 3.1361,3.6581,197.0883 , 1.5247,9.7635,<LOD,0.0000,0.0000,<LOD,1.2591,0.1264,1187.9175 , 35.8776,5.9948,<LOD,1.6064,0.3673,208.8021 , 12.9104,2.6451,<LOD,0.0000,0.1863,<LOD,0.9198,1.0250,<LOD,3.0299,0.2050,99.7799 , 1.3837,9.0280,7,427.799988,39.006603,-122.660995,10.000000,529352.375000,4317564.000000,
1162,Mining,122.80,32.58,30.00,30.11,30.11,"Mon Apr 27, 2026 - 11:43:34",User,1.5,ppm,,,,,,Mining,<LOD,1.0761,0.8811,49340.6094 , 867.3041,1.1884,17.0134 , 1.3038,1.3064,<LOD,2.3971,0.1368,310.2456 , 15.3723,22.2602,493416.7188 , 2723.8379,<LOD,1.1462,0.2134,410.2525 , 27.8786,1.1735,<LOD,1.6751,1.7093,<LOD,33.9550,0.7588,<LOD,27.8197,5.4688,68.7393 , 3.7450,3.1206,<LOD,3.0706,0.3693,9952.2324 , 64.4974,33.0834,<LOD,0.0000,0.0000,<LOD,1.9795,0.2881,4822.2183 , 60.6996,4.1117,7591.2744 , 2041.6193,0.0541,<LOD,20.8009,0.5229,<LOD,0.8804,7.2226,5.6331 , 0.4795,4.4621,<LOD,4.7727,0.2902,702.8834 , 101.9450,0.2648,16.7483 , 0.9953,0.6952,<LOD,0.9631,0.6290,39.7493 , 1.0191,3.4081,<LOD,0.0000,0.0000,8579.5947 , 72.9375,3.9802,<LOD,3.1596,5.3023,<LOD,0.6495,0.2668,414721.1562 , 650.7712,55.9002,<LOD,3.2589,4.1553,548.9271 , 1.8783,50.1874,<LOD,0.0000,0.0000,6.3724 , 0.6930,0.6199,9147.0918 , 40.3360,42.4786,6.9770 , 1.0247,1.2959,127.9293 , 10.6231,6.4122,<LOD,0.0000,0.2350,2.5096 , 0.5036,2.6373,<LOD,1.9698,0.2951,165.1224 , 1.3051,30.4095,8,427.799988,39.006596,-122.660995,10.000000,529352.062500,4317563.000000,
1163,Mining,122.71,32.52,30.03,30.10,30.06,"Mon Apr 27, 2026 - 11:46:20",User,1.5,ppm,,,,,,Mining,<LOD,1.1318,0.7963,59788.6758 , 1014.2244,1.3906,19.5935 , 1.4201,1.2638,<LOD,2.6211,0.1302,324.9182 , 16.3771,20.6454,511921.1562 , 2952.0398,<LOD,1.2010,0.1865,472.6371 , 32.9063,1.2574,<LOD,1.7850,1.5899,<LOD,37.5309,0.7942,<LOD,32.8830,6.2571,72.3426 , 4.0882,3.0475,<LOD,3.2062,0.3214,12693.5068 , 75.9558,38.2803,<LOD,0.0000,0.0000,<LOD,2.1620,0.2740,6553.7793 , 74.5055,5.0082,<LOD,3152.8477,0.0447,<LOD,21.8334,0.4715,<LOD,0.9283,6.4034,4.4430 , 0.5050,3.9396,<LOD,5.2097,0.2619,1048.0103 , 124.6047,0.3457,15.5580 , 1.0399,0.6034,<LOD,1.0267,0.5857,34.5444 , 1.0237,2.7091,<LOD,0.0000,0.0000,19342.1973 , 110.7226,7.9970,<LOD,3.3657,4.9261,<LOD,0.7148,0.2583,378926.2500 , 645.8453,45.6873,8.8928 , 1.8244,4.0090,515.7507 , 1.9066,42.3241,<LOD,0.0000,0.0000,5.1634 , 0.7086,0.5037,7930.6372 , 39.6139,33.5770,5.3295 , 1.0529,1.0862,169.8134 , 10.9746,5.4855,<LOD,0.0000,0.2009,3.5950 , 0.5360,2.3971,<LOD,2.0215,0.2479,143.2398 , 1.3113,24.5608,8,427.500000,39.006592,-122.660995,10.000000,529352.187500,4317562.500000,
1164,Mining,110.36,30.18,30.07,30.13,19.98,"Mon Apr 27, 2026 - 11:50:03",User,1.5,ppm,,,,,,Mining,<LOD,1.4636,0.6100,113172.2891 , 2879.8469,2.4635,15.5879 , 1.4456,0.7158,<LOD,3.0185,0.0921,426.1060 , 21.4283,15.8026,435535.1562 , 6955.4668,<LOD,1.4604,0.1486,33137.2148 , 240.5804,41.9945,<LOD,2.2339,1.1247,<LOD,58.3685,0.7649,<LOD,61.1177,15.3439,120.9631 , 6.4032,3.4622,<LOD,5.9790,0.2977,42308.0977 , 218.9455,100.5016,<LOD,0.0000,0.0000,<LOD,3.6613,0.2179,6435.9297 , 99.1740,4.4721,28931.9062 , 5172.6152,0.0944,531.7662 , 28.6680,1.3796,<LOD,1.0520,4.3632,5.2591 , 0.5829,2.7914,<LOD,8.2217,0.2751,773.5693 , 168.8194,0.2533,6.6035 , 1.0252,0.3102,<LOD,1.3034,0.4327,33.5763 , 1.1045,1.7054,<LOD,0.0000,0.0000,17094.8535 , 156.3096,6.2345,<LOD,4.2372,3.4602,<LOD,0.8269,0.1789,314313.8125 , 993.9918,31.3425,10.1411 , 2.3248,2.9387,281.4600 , 1.7692,15.8625,<LOD,0.0000,0.0000,2.7160 , 0.7876,0.2959,6519.0786 , 53.0162,22.3860,1.8696 , 1.0094,0.5201,180.9072 , 14.1772,3.9758,<LOD,7.2708,0.2002,9.3063 , 0.6570,1.9126,35.0397 , 2.6639,0.5296,116.7739 , 1.3421,12.3523,8,427.799988,39.006592,-122.661003,10.000000,529351.625000,4317562.500000,
1165,Mining,122.74,32.60,30.04,30.05,30.05,"Mon Apr 27, 2026 - 11:53:09",User,1.5,ppm,,,,,,Mining,<LOD,1.5396,0.6519,73209.8828 , 1747.8782,1.6522,24.1928 , 1.6899,0.9397,<LOD,3.3714,0.1068,431.2408 , 21.9047,15.9514,538233.6875 , 4999.5195,<LOD,1.5385,0.1529,27234.7285 , 213.2897,34.0663,<LOD,2.2696,1.1096,<LOD,44.0312,0.7185,<LOD,64.8444,16.5753,127.7354 , 6.9331,3.7188,<LOD,5.5788,0.3029,46512.0859 , 174.6858,110.1866,<LOD,0.0000,0.0000,<LOD,4.4283,0.2233,7703.8545 , 111.8520,5.1835,11345.1670 , 3874.1230,0.0802,490.7971 , 28.8274,1.3479,<LOD,1.1170,4.5275,4.5909 , 0.6162,2.8679,<LOD,8.5980,0.2661,1843.0496 , 182.0359,0.5309,8.1475 , 1.1155,0.3405,<LOD,1.3259,0.4301,29.6000 , 1.1100,1.5658,<LOD,0.0000,0.0000,61111.3164 , 225.6420,22.1956,<LOD,4.3797,3.5664,<LOD,0.9030,0.1976,224682.2344 , 658.3571,21.5506,21.9558 , 2.4445,3.1707,320.1005 , 1.7672,17.6225,<LOD,0.0000,0.0000,4.0567 , 0.8435,0.3203,6319.7803 , 51.4476,21.8060,3.8945 , 1.1114,0.5850,176.7504 , 14.8110,3.9271,<LOD,7.1953,0.1818,10.9704 , 0.6959,2.0001,32.2460 , 2.7099,0.5107,117.9075 , 1.3619,12.6554,8,428.000000,39.006584,-122.661018,10.000000,529350.187500,4317562.000000,
1166,Mining,122.77,32.54,30.08,30.03,30.12,"Mon Apr 27, 2026 - 11:55:50",User,1.5,ppm,,,,,,Mining,<LOD,1.6874,0.6199,90781.8047 , 1990.6759,1.9980,23.3939 , 1.7559,0.8738,<LOD,3.6734,0.1109,536.5654 , 24.8921,16.5008,473844.5938 , 5453.2158,<LOD,1.5502,0.1359,17153.1445 , 198.3578,21.2732,<LOD,2.5510,1.1149,<LOD,42.2752,0.6989,<LOD,74.4659,22.4154,113.8092 , 8.0460,3.8757,<LOD,5.6914,0.2917,64343.2891 , 212.9996,151.9765,<LOD,0.0000,0.0000,<LOD,3.7859,0.2045,5239.4746 , 110.9996,3.6105,19559.8047 , 3823.5522,0.0800,225.0201 , 24.6775,1.0131,<LOD,1.1633,4.2239,4.6081 , 0.6315,2.5937,<LOD,15.7287,0.2758,1074.9510 , 141.6289,0.3177,9.9613 , 1.2124,0.3519,<LOD,1.5461,0.4685,32.4361 , 1.1739,1.5429,<LOD,0.0000,0.0000,32334.1797 , 157.3158,11.1476,<LOD,4.9315,3.5949,<LOD,0.9867,0.2072,289377.3438 , 691.9046,27.2940,20.7413 , 2.7210,3.1043,313.1891 , 1.8026,15.8626,<LOD,0.0000,0.0000,4.8372 , 0.8681,0.3017,4666.4653 , 51.8625,16.2407,4.0175 , 1.1397,0.5349,178.2523 , 15.6307,3.2935,<LOD,7.6418,0.1803,9.6160 , 0.7097,1.7938,10.9382 , 2.3773,0.3455,137.5296 , 1.4728,12.7489,7,428.000000,39.006580,-122.661026,10.000000,529349.875000,4317561.500000,
1167,Mining,123.01,32.76,30.11,30.04,30.10,"Mon Apr 27, 2026 - 11:58:41",User,1.5,ppm,,,,,,Mining,<LOD,1.4686,0.6340,78871.8750 , 1635.0627,1.7559,17.2593 , 1.5617,0.7958,<LOD,3.1522,0.0967,417.2173 , 21.3237,16.2307,473055.4688 , 4636.9956,<LOD,1.4547,0.1417,22375.9492 , 169.3268,27.9913,<LOD,2.2492,1.1782,<LOD,39.6338,0.6832,<LOD,62.2131,15.3877,107.1369 , 5.5780,3.1608,<LOD,5.0565,0.2977,43002.3672 , 159.0047,102.6057,<LOD,0.0000,0.0000,<LOD,3.4444,0.2143,5908.9077 , 86.7157,4.0136,18060.3281 , 3280.5117,0.0721,339.4582 , 26.1622,1.1114,<LOD,1.0689,4.4359,4.8004 , 0.5869,2.8118,<LOD,8.4177,0.2769,828.0336 , 122.1572,0.2563,10.0977 , 1.1383,0.3687,<LOD,1.3158,0.4557,33.3306 , 1.1196,1.7059,<LOD,0.0000,0.0000,16237.8857 , 107.0132,5.7821,<LOD,4.2425,3.5648,<LOD,0.8807,0.1979,333190.5000 , 683.7776,32.8732,15.7224 , 2.3609,3.1537,296.2300 , 1.6663,16.7217,<LOD,0.0000,0.0000,5.8828 , 0.8429,0.3535,6902.6782 , 45.2965,23.5625,<LOD,2.5218,0.5335,166.9557 , 12.8903,4.0027,<LOD,7.2000,0.1885,8.1651 , 0.6650,1.8868,19.1360 , 2.4223,0.4211,124.6320 , 1.3551,13.1374,9,428.799988,39.006538,-122.661049,10.000000,529347.625000,4317557.000000,
1168,Mining,122.68,32.54,30.09,30.03,30.02,"Mon Apr 27, 2026 - 13:17:18",User,1.5,ppm,,,,,,Mining,<LOD,2.1727,0.6588,129793.1562 , 2401.0847,2.8000,7.8384 , 1.4145,0.5305,<LOD,3.6174,0.1127,495.3834 , 22.9781,16.1369,393362.6562 , 5869.6807,<LOD,1.5452,0.1414,22495.2754 , 179.1331,25.1186,<LOD,2.3646,1.0870,<LOD,45.3202,0.6549,<LOD,58.2387,10.9232,147.2489 , 6.3946,3.3255,11.8108 , 3.1139,0.3218,33064.2734 , 148.1572,68.7092,<LOD,0.0000,0.0000,10.9151 , 2.3337,0.2901,22167.5684 , 160.5798,12.5738,9385.6143 , 3303.8289,0.0562,192.9601 , 24.3334,0.7652,<LOD,1.2285,4.3035,8.7061 , 0.6429,2.8822,<LOD,8.3630,0.2751,2122.0977 , 183.8704,0.4591,11.0075 , 1.1799,0.3497,<LOD,1.4312,0.4541,63.2311 , 1.4691,2.7058,<LOD,0.0000,0.0000,6371.9517 , 77.3021,2.2157,<LOD,4.9786,3.6518,<LOD,0.9613,0.2044,367980.7188 , 759.4533,33.8948,18.8363 , 2.5282,3.0591,307.3168 , 1.7557,15.8433,<LOD,0.0000,0.0000,4.7642 , 0.8875,0.3442,11547.4863 , 61.8983,34.3647,4.4101 , 1.1635,0.5852,251.0113 , 16.6232,5.5658,<LOD,7.8024,0.1956,13.1048 , 0.7775,2.2609,20.8961 , 2.5507,0.4110,139.7777 , 1.4459,13.0417,8,435.399994,39.006569,-122.660553,10.000000,529390.750000,4317560.500000,
1169,Mining,123.06,32.77,30.08,30.12,30.09,"Mon Apr 27, 2026 - 13:19:47",User,1.5,ppm,,,,,,Mining,<LOD,1.4498,0.6523,152204.5781 , 2490.4712,3.2649,4.0551 , 1.1777,0.4403,<LOD,3.1869,0.1081,436.8652 , 20.8889,16.5755,387673.8750 , 6045.3652,<LOD,1.4471,0.1534,34026.1680 , 227.2012,42.3133,<LOD,2.1355,1.1073,<LOD,44.0298,0.7140,<LOD,53.8531,11.2763,130.1171 , 5.9522,3.3097,7.7342 , 2.8088,0.3227,30338.2109 , 161.0972,70.6872,<LOD,0.0000,0.0000,4.9200 , 2.0085,0.2593,14283.4219 , 132.7236,9.2410,27119.1426 , 3782.6831,0.0904,310.5282 , 25.1544,0.9905,<LOD,1.0455,4.5188,4.9476 , 0.5830,2.9121,<LOD,7.6545,0.2840,1400.3903 , 152.1796,0.3586,7.1383 , 1.0211,0.3234,<LOD,1.2983,0.4677,53.2363 , 1.3244,2.6551,<LOD,0.0000,0.0000,11588.2949 , 101.0925,4.2808,<LOD,4.7303,3.7894,<LOD,0.8522,0.1985,332577.7188 , 820.2271,33.4451,14.5788 , 2.2886,3.1277,284.3251 , 1.7081,16.6406,<LOD,0.0000,0.0000,3.2410 , 0.8075,0.3425,7172.6890 , 51.3399,23.8683,6.2270 , 1.0966,0.6463,186.8096 , 13.6227,4.1145,<LOD,7.1761,0.2041,15.6913 , 0.7396,2.5522,25.7400 , 2.4667,0.4744,119.3530 , 1.3235,13.0268,9,439.100006,39.006565,-122.660576,10.000000,529388.437500,4317560.000000,
1170,Mining,120.57,30.11,30.28,30.08,30.10,"Mon Apr 27, 2026 - 13:22:20",User,1.5,ppm,,,,,,Mining,<LOD,1.3624,0.6527,155033.5781 , 2090.4932,3.3193,16.5960 , 1.4347,0.8462,<LOD,3.0840,0.1170,398.5601 , 19.7192,16.8044,393501.2188 , 4996.9229,<LOD,1.3534,0.1545,4332.5654 , 86.9070,6.0934,<LOD,2.0830,1.2108,<LOD,39.4293,0.6529,<LOD,53.1127,12.9496,131.9889 , 5.9996,3.7541,4.6375 , 2.6024,0.3182,32531.6855 , 145.1595,81.6978,<LOD,0.0000,0.0000,24.0818 , 2.3658,0.4480,13483.5303 , 128.9461,8.7202,12894.4121 , 2877.6709,0.0631,29.1406 , 18.4564,0.6182,<LOD,1.0155,5.0091,7.1682 , 0.5656,3.2261,<LOD,6.9937,0.2404,762.3348 , 117.4798,0.2342,10.2116 , 1.0374,0.3873,<LOD,1.2308,0.4770,51.5822 , 1.2388,2.7261,<LOD,0.0000,0.0000,10079.3467 , 87.5272,3.7349,13.7258 , 2.7187,4.2001,<LOD,0.7991,0.1994,367262.3750 , 761.6375,37.7238,12.6589 , 2.1715,3.1944,195.0460 , 1.2856,12.4038,<LOD,0.0000,0.0000,3.9754 , 0.7625,0.3568,8831.8008 , 53.4848,31.5799,5.0666 , 1.0136,0.6320,230.0906 , 14.6270,5.3876,<LOD,6.4457,0.1892,9.6280 , 0.6562,2.3092,<LOD,4.0055,0.3184,143.0173 , 1.2930,14.7377,8,440.600006,39.006622,-122.660645,10.000000,529382.812500,4317566.000000,
1171,Mining,120.28,30.11,30.04,30.02,27.39,"Mon Apr 27, 2026 - 13:24:52",User,1.5,ppm,,,,,,Mining,<LOD,1.3919,0.6286,146604.3594 , 2267.4075,3.1468,17.4888 , 1.5080,0.8327,<LOD,3.2580,0.1153,422.0141 , 20.3340,16.5369,399512.5625 , 5299.6992,<LOD,1.5531,0.1802,11288.5986 , 129.3245,14.1340,<LOD,2.1419,1.1825,<LOD,42.6910,0.6196,<LOD,54.4801,11.9205,124.2132 , 5.8806,3.4215,<LOD,6.3372,0.3059,31431.1172 , 144.5945,74.3542,<LOD,0.0000,0.0000,30.5244 , 2.5952,0.4824,14581.2354 , 132.1777,9.0417,7560.2002 , 3040.2708,0.0553,<LOD,42.4014,0.5676,<LOD,1.1131,4.8335,7.4036 , 0.5956,3.1449,<LOD,7.6699,0.2837,707.7788 , 129.2343,0.2276,9.6024 , 1.0763,0.3681,<LOD,1.2757,0.4740,57.9115 , 1.3437,2.8501,<LOD,0.0000,0.0000,14191.2363 , 111.6799,4.9735,21.4076 , 2.8319,4.2606,<LOD,0.8586,0.2057,364477.6875 , 789.3118,36.1307,15.3682 , 2.2427,3.1583,236.4937 , 1.4703,14.1526,<LOD,0.0000,0.0000,3.0537 , 0.8379,0.3627,8321.2070 , 51.9214,28.1420,3.6752 , 1.0748,0.6265,216.8799 , 14.2227,4.8238,<LOD,6.6713,0.1789,14.3396 , 0.7343,2.5707,3.6310 , 2.0250,0.3245,139.9904 , 1.3467,14.2050,9,440.500000,39.006615,-122.660645,10.000000,529382.812500,4317565.500000,
1172,Mining,120.31,30.06,30.09,30.08,30.08,"Mon Apr 27, 2026 - 13:27:46",User,1.5,ppm,,,,,,Mining,<LOD,1.4497,0.6331,115046.2656 , 1911.3049,2.4854,6.7488 , 1.4561,0.6335,<LOD,3.3135,0.1120,437.4675 , 21.1878,16.7029,471588.0312 , 4753.7227,<LOD,1.4493,0.1472,4433.8892 , 91.1030,5.9028,<LOD,2.2054,1.1575,<LOD,40.8575,0.6604,<LOD,59.9616,14.5815,111.4219 , 6.4380,3.5523,10.9016 , 3.0175,0.3572,39209.9805 , 149.4587,95.3321,<LOD,0.0000,0.0000,6.3580 , 2.0895,0.2734,6819.8472 , 102.2653,4.4615,8950.7842 , 2835.7866,0.0533,88.6007 , 21.2626,0.7338,<LOD,1.6816,5.1746,8.3805 , 0.6215,3.2403,<LOD,8.2672,0.2889,1545.5183 , 151.8816,0.3778,18.6327 , 1.2925,0.5005,<LOD,1.8152,0.5185,46.0768 , 1.2567,2.3325,<LOD,0.0000,0.0000,9472.7480 , 85.8081,3.3877,<LOD,4.2494,3.7322,<LOD,0.8954,0.2118,332503.2812 , 702.0971,31.6418,15.8289 , 2.3349,3.1745,202.4450 , 1.3568,12.0308,<LOD,0.0000,0.0000,7.3748 , 0.8780,0.4198,9074.5088 , 55.9210,31.4700,4.7692 , 1.0540,0.5704,208.2997 , 15.8806,5.2323,<LOD,7.1253,0.1922,8.9516 , 0.6951,2.1487,9.8365 , 2.2218,0.3683,163.0824 , 1.4302,15.3930,10,440.700012,39.006603,-122.660652,10.000000,529382.187500,4317564.000000,
1173,Mining,123.08,32.77,30.07,30.10,30.14,"Mon Apr 27, 2026 - 13:30:23",User,1.5,ppm,,,,,,Mining,<LOD,1.4445,0.6319,129751.3359 , 2099.6704,2.7951,<LOD,2.7032,0.4269,<LOD,3.1316,0.1042,434.9608 , 21.2517,16.7738,416185.4062 , 5313.2295,<LOD,1.4173,0.1475,21528.1445 , 183.0809,27.4009,<LOD,2.2047,1.1626,<LOD,40.0196,0.6785,<LOD,58.8295,14.5841,123.3737 , 6.3873,3.5564,6.1890 , 2.7947,0.3213,38746.9883 , 165.1648,93.9070,<LOD,0.0000,0.0000,7.2587 , 2.0242,0.2707,6484.1045 , 98.3723,4.4452,23125.3223 , 3313.7571,0.0777,270.7431 , 24.2274,1.0001,<LOD,1.0677,4.7257,7.1192 , 0.5948,3.0618,<LOD,7.8989,0.2688,1432.3810 , 143.6056,0.3631,13.4262 , 1.1594,0.4201,<LOD,1.3545,0.5010,39.3660 , 1.1738,2.0558,<LOD,0.0000,0.0000,3676.7141 , 55.9875,1.5147,<LOD,4.2094,3.6345,<LOD,0.8742,0.2146,349504.0625 , 751.3705,35.0375,16.0002 , 2.3401,3.2049,308.5301 , 1.7170,18.0212,<LOD,0.0000,0.0000,3.5571 , 0.8003,0.3402,7978.9067 , 54.3440,27.7016,4.2437 , 1.0754,0.6211,181.7814 , 14.9578,4.6351,<LOD,6.7477,0.1805,10.9173 , 0.6802,2.1637,22.0351 , 2.3948,0.4498,137.1546 , 1.3836,14.5690,9,440.299988,39.006592,-122.660660,10.000000,529381.500000,4317563.000000,
1174,Mining,120.34,30.06,30.09,30.07,30.12,"Mon Apr 27, 2026 - 13:33:06",User,1.5,ppm,,,,,,Mining,<LOD,1.6539,0.5954,137457.2031 , 2773.2214,2.9465,9.1428 , 1.4629,0.5318,<LOD,3.8028,0.1135,525.2302 , 24.5264,16.2061,401035.1875 , 6888.1763,<LOD,1.6883,0.1539,40118.8125 , 245.4193,44.2362,<LOD,2.4508,1.0184,<LOD,46.5866,0.6528,<LOD,60.9851,11.0676,130.8403 , 6.6254,3.1514,6.6868 , 3.1003,0.2910,34760.9609 , 166.5279,70.7489,<LOD,0.0000,0.0000,20.2740 , 2.5970,0.3405,6556.6929 , 98.4584,4.0059,21715.0410 , 3933.0054,0.0759,243.8050 , 26.1888,0.8243,<LOD,1.8289,4.2307,6.8041 , 0.6523,2.6722,<LOD,8.6200,0.2597,818.2350 , 132.0569,0.2127,8.7439 , 1.1708,0.3130,<LOD,1.5360,0.4624,37.4798 , 1.2723,1.7346,<LOD,0.0000,0.0000,6921.2568 , 81.8775,2.3498,<LOD,7.1775,3.6742,<LOD,1.0040,0.2037,341119.5625 , 791.2984,30.1645,17.4415 , 2.6722,3.0071,331.6341 , 1.9349,16.5652,<LOD,0.0000,0.0000,3.2167 , 0.9101,0.3069,7795.5283 , 55.2626,22.8447,6.1534 , 1.2394,0.6036,186.5200 , 15.0991,3.8866,<LOD,7.5223,0.1652,11.7878 , 0.7440,1.9032,21.2369 , 2.6458,0.4037,134.5046 , 1.4993,12.5486,8,439.600006,39.006599,-122.660660,10.000000,529381.062500,4317563.500000,
1175,Mining,30.28,30.28,,,,"Mon Apr 27, 2026 - 13:34:12",User,1.5,ppm,,,,,,Mining,<LOD,10.4264,32.7036,,,,8.9693 , 1.5930,0.5331,<LOD,4.2263,0.1221,,,,954673.7500 , 391.0715,<LOD,1.7401,0.1416,,,,<LOD,8.1785,31.0905,,,,<LOD,63.9405,11.0036,81.8199 , 33.0795,0.5129,6.7588 , 3.4375,0.3072,36136.0039 , 128.5449,69.9876,<LOD,0.0000,0.0000,36.9513 , 3.1428,0.4798,,,,,,,209.6031 , 27.0111,0.7849,<LOD,1.9508,4.5543,7.3322 , 0.7226,2.8805,<LOD,9.3552,0.2659,,,,12.1191 , 1.3225,0.3485,13.7921 , 5.9466,40.2702,36.1750 , 1.3773,1.7827,<LOD,0.0000,0.0000,,,,<LOD,14.0739,34.3025,<LOD,1.0852,0.2094,,,,<LOD,9.8372,28.0528,356.6743 , 1.9632,18.1309,<LOD,0.0000,0.0000,4.7374 , 0.9830,0.3304,8101.1377 , 213.0462,3.0903,4.5909 , 1.3699,0.6415,148.5560 , 76.1889,1.0032,<LOD,0.0000,0.1918,10.5788 , 0.8058,1.9556,12.3667 , 2.6899,0.3641,138.0391 , 1.6092,13.5545,9,439.200012,39.006599,-122.660667,10.000000,529380.750000,4317563.500000,
1176,Mining,120.23,30.06,30.00,30.11,30.06,"Mon Apr 27, 2026 - 13:36:35",User,1.5,ppm,,,,,,Mining,<LOD,1.5417,0.6127,136016.4844 , 2495.7324,2.9179,8.6924 , 1.3945,0.5395,<LOD,3.6173,0.1141,498.8522 , 22.5633,16.3000,416587.4375 , 6288.3071,<LOD,1.6210,0.1578,36530.0352 , 232.2944,42.9669,<LOD,2.2823,1.0502,<LOD,42.7786,0.6452,<LOD,59.9001,11.8628,129.2096 , 6.2511,3.1944,5.7981 , 2.9801,0.2986,34340.7812 , 165.1654,75.2002,<LOD,0.0000,0.0000,28.5424 , 2.7345,0.4283,6644.8730 , 96.8271,4.2854,25572.4453 , 3763.6655,0.0830,218.8192 , 25.0579,0.8356,<LOD,1.1327,4.3096,5.5137 , 0.6256,2.7358,<LOD,8.2168,0.2522,804.0126 , 125.5118,0.2249,7.4154 , 1.1089,0.3125,<LOD,1.3684,0.4312,36.1259 , 1.2262,1.7917,<LOD,0.0000,0.0000,9189.7041 , 88.6912,3.2194,<LOD,4.4868,3.5654,<LOD,0.9633,0.2095,325554.0312 , 768.4411,30.2286,17.1126 , 2.4593,3.0124,312.5672 , 1.8456,16.8617,<LOD,0.0000,0.0000,2.0381 , 0.8577,0.2963,7164.1499 , 51.2685,22.4219,5.0195 , 1.1976,0.6247,171.9743 , 14.0518,3.8075,<LOD,7.2333,0.1699,10.9539 , 0.7162,1.9647,13.7944 , 2.4242,0.3762,123.6369 , 1.4211,12.6011,10,438.299988,39.006603,-122.660667,10.000000,529380.500000,4317564.000000,
1177,Mining,122.97,32.64,30.13,30.10,30.10,"Mon Apr 27, 2026 - 13:39:14",User,1.5,ppm,,,,,,Mining,<LOD,1.5673,0.6311,112459.4297 , 2146.5347,2.4516,14.5791 , 1.7637,0.9262,<LOD,3.5676,0.1240,439.4559 , 22.8590,16.2044,463383.2812 , 5406.8374,<LOD,1.5557,0.1623,26430.0117 , 215.4104,33.7187,<LOD,2.3250,1.0836,<LOD,43.5566,0.7225,<LOD,65.1927,17.9149,119.7061 , 6.8285,3.6219,12.9658 , 3.0756,0.3598,49875.5938 , 195.2945,119.8678,<LOD,0.0000,0.0000,56.5822 , 3.2029,0.6755,9174.0410 , 121.9648,6.1726,15269.6406 , 3749.8965,0.0789,424.6906 , 27.0460,1.2687,<LOD,1.0871,4.3797,4.9238 , 0.6073,2.8432,<LOD,8.9517,0.3127,1912.1552 , 177.9359,0.5180,31.0053 , 1.4983,0.6423,<LOD,1.3868,0.4419,37.7244 , 1.1887,1.8700,<LOD,0.0000,0.0000,39844.1562 , 183.4824,14.4660,20.0351 , 3.1656,4.1567,<LOD,0.9191,0.2092,274188.7188 , 712.5493,27.1445,20.4063 , 2.5368,3.1925,295.1766 , 1.7059,16.3182,<LOD,0.0000,0.0000,5.0091 , 0.8808,0.3733,5656.1177 , 49.5898,19.7940,3.0553 , 1.1618,0.6441,160.8208 , 14.2057,3.6000,<LOD,7.2653,0.1926,16.2792 , 0.7506,2.4042,28.9927 , 2.6398,0.5035,115.4396 , 1.3243,12.1817,8,437.899994,39.006599,-122.660667,10.000000,529380.750000,4317563.500000,
1178,Mining,120.18,30.06,30.03,30.07,30.02,"Mon Apr 27, 2026 - 13:41:48",User,1.5,ppm,,,,,,Mining,<LOD,1.5592,0.6430,132127.6250 , 2418.0540,2.8492,8.2853 , 1.3740,0.5680,<LOD,3.4484,0.1152,503.1217 , 22.7164,16.7833,406861.6875 , 6089.8574,<LOD,1.4942,0.1489,36902.7969 , 245.6566,45.1667,<LOD,2.3458,1.1484,<LOD,42.4032,0.6649,<LOD,60.0742,13.8055,131.1254 , 6.5333,3.3749,15.1957 , 3.0664,0.3534,39272.3594 , 181.7757,89.3836,<LOD,0.0000,0.0000,36.1067 , 2.8072,0.5037,8530.7021 , 112.7120,5.6029,27260.2168 , 3909.2588,0.0908,476.4954 , 28.2559,1.2461,<LOD,1.7008,4.4097,6.3113 , 0.6093,2.8821,<LOD,8.0603,0.2562,1161.3801 , 142.6253,0.3111,10.7579 , 1.1355,0.3646,<LOD,1.3677,0.4414,37.3706 , 1.1754,1.8338,<LOD,0.0000,0.0000,18099.2617 , 123.6262,6.4061,15.0803 , 3.0792,4.0285,<LOD,0.8988,0.1995,321852.8750 , 774.3013,31.4462,18.7706 , 2.4806,3.1410,309.9510 , 1.7933,16.9723,<LOD,0.0000,0.0000,4.4804 , 0.8382,0.3360,6017.4365 , 49.2962,19.6759,2.7036 , 1.1221,0.6038,168.8759 , 13.8351,3.5127,<LOD,7.3011,0.1933,19.7790 , 0.7659,2.5134,29.3791 , 2.6268,0.4929,119.8690 , 1.3548,12.5075,10,437.600006,39.006592,-122.660660,10.000000,529381.062500,4317563.000000,
1179,Mining,120.36,30.01,30.00,30.06,30.29,"Mon Apr 27, 2026 - 13:46:59",User,1.5,ppm,,,,,,Mining,<LOD,0.9634,0.9386,51903.0625 , 798.7778,1.2224,16.1195 , 1.1158,1.2299,<LOD,2.1045,0.1292,230.0959 , 13.4798,22.3362,574599.4375 , 2797.6919,<LOD,0.9912,0.1956,559.1855 , 24.5051,1.4036,<LOD,1.4991,1.8231,<LOD,31.6976,0.7891,<LOD,17.0102,2.3402,67.7275 , 3.2258,3.0498,<LOD,2.9149,0.4050,3800.4365 , 39.5904,14.0809,<LOD,0.0000,0.0000,<LOD,1.8974,0.2751,2304.7114 , 39.9536,2.2928,<LOD,3691.8966,0.0422,<LOD,18.9906,0.4972,<LOD,0.8013,7.8733,4.5254 , 0.4365,4.8275,<LOD,4.0286,0.2807,680.6751 , 94.4497,0.2714,7.3758 , 0.7683,0.5065,<LOD,0.8448,0.6401,35.5546 , 0.8654,3.2316,<LOD,0.0000,0.0000,4337.0698 , 51.0958,2.2853,<LOD,2.8115,5.5953,<LOD,0.5763,0.2514,348905.9688 , 660.8467,47.3676,<LOD,2.8400,4.3979,143.4079 , 0.8929,15.3680,<LOD,0.0000,0.0000,4.6493 , 0.5851,0.5353,10099.3701 , 39.9513,50.1317,2.7143 , 0.7203,0.7858,154.4129 , 9.8776,7.5242,<LOD,4.6223,0.2254,2.3560 , 0.4541,2.6883,<LOD,1.6630,0.2507,152.9042 , 1.0607,24.9524,8,436.600006,39.006603,-122.660683,10.000000,529379.187500,4317564.000000,
1180,Mining,122.92,32.70,30.03,30.09,30.10,"Mon Apr 27, 2026 - 13:49:53",User,1.5,ppm,,,,,,Mining,<LOD,0.9891,0.9440,58296.6328 , 826.4701,1.3563,15.3945 , 1.1048,1.2168,<LOD,2.1613,0.1398,259.5874 , 14.0003,23.2514,546471.1250 , 2390.3708,<LOD,0.9939,0.2012,484.9503 , 24.1875,1.2773,<LOD,1.5460,1.8503,<LOD,30.6866,0.7526,<LOD,17.4605,2.5386,69.2707 , 3.3387,3.0477,<LOD,2.8399,0.3937,4136.8501 , 40.1507,15.2035,<LOD,0.0000,0.0000,<LOD,1.8949,0.2806,2627.1587 , 42.8203,2.5680,7707.2769 , 1774.9484,0.0513,<LOD,19.3414,0.5303,<LOD,0.7900,7.8287,4.5563 , 0.4272,4.7284,<LOD,4.1114,0.3000,700.8727 , 93.4214,0.2721,8.9890 , 0.7848,0.5411,<LOD,0.8748,0.6560,37.4401 , 0.8612,3.3185,<LOD,0.0000,0.0000,3726.7314 , 47.2106,2.0018,<LOD,2.9035,5.6934,<LOD,0.5744,0.2522,362999.0625 , 596.1949,50.0202,<LOD,3.4291,4.5109,127.7029 , 0.8213,13.6620,<LOD,0.0000,0.0000,4.8908 , 0.5871,0.5511,11988.4619 , 41.9574,59.2950,1.8633 , 0.6886,0.7330,168.8928 , 10.8604,8.7170,<LOD,4.6155,0.2301,2.3615 , 0.4499,2.6916,<LOD,1.7487,0.2845,159.9453 , 1.0440,25.3218,9,428.899994,39.006638,-122.660706,10.000000,529377.437500,4317568.000000,
1181,Mining,120.60,30.26,30.10,30.19,30.05,"Mon Apr 27, 2026 - 13:52:44",User,1.5,ppm,,,,,,Mining,<LOD,0.9986,0.8931,34022.3086 , 715.1973,0.8575,3.8125 , 0.9672,0.6950,<LOD,2.1334,0.1177,109.1211 , 13.6078,18.8684,551229.5000 , 2386.5413,<LOD,0.9863,0.1716,254.3000 , 20.5036,0.8165,<LOD,1.5686,1.7724,<LOD,33.5276,0.7531,<LOD,16.0212,1.8361,63.7406 , 3.3136,2.6731,<LOD,2.8831,0.3505,3072.4395 , 36.0748,10.5779,<LOD,0.0000,0.0000,<LOD,1.9511,0.2590,1774.6254 , 37.5621,1.7404,5823.0562 , 1833.0969,0.0456,<LOD,19.0342,0.4390,<LOD,0.8215,7.5948,6.4738 , 0.4449,4.6358,<LOD,4.2489,0.2841,420.4942 , 84.8687,0.1810,11.8798 , 0.8569,0.5601,<LOD,0.8684,0.5979,41.5583 , 0.9035,3.2824,<LOD,0.0000,0.0000,466.5675 , 25.8158,0.4618,<LOD,2.9424,5.4582,<LOD,0.5909,0.2354,389689.4375 , 611.2923,50.4806,<LOD,3.6897,4.2785,7.0577 , 0.2796,1.4079,<LOD,0.0000,0.0000,3.3585 , 0.5787,0.4603,12648.8838 , 42.4030,57.3949,<LOD,1.0592,0.4998,161.3273 , 11.1241,8.2697,<LOD,4.6763,0.2041,1.0133 , 0.4613,2.4392,<LOD,1.7109,0.2351,189.0068 , 1.1012,24.8233,7,429.000000,39.006641,-122.660706,10.000000,529377.125000,4317568.500000,
1182,Mining,120.19,30.17,30.17,30.03,29.82,"Mon Apr 27, 2026 - 13:55:17",User,1.5,ppm,,,,,,Mining,<LOD,1.0761,0.9402,31293.1523 , 675.1589,0.8046,3.3261 , 0.9003,0.6654,<LOD,2.0775,0.1238,104.9473 , 13.4524,18.5181,561119.5625 , 2355.3066,<LOD,0.9588,0.1797,210.1651 , 19.0147,0.7460,<LOD,1.5708,1.7921,<LOD,33.4901,0.7686,<LOD,14.9406,1.7628,54.8394 , 3.1415,2.5665,<LOD,2.7448,0.3517,2862.0564 , 33.7122,10.1482,<LOD,0.0000,0.0000,<LOD,1.8359,0.2522,1506.6536 , 34.7786,1.5559,<LOD,2919.3358,0.0374,<LOD,18.0130,0.4331,<LOD,0.7857,7.7213,5.6109 , 0.4235,4.6581,<LOD,3.9294,0.2679,340.1496 , 83.8172,0.1770,10.4696 , 0.7993,0.5395,<LOD,0.8686,0.6011,36.3076 , 0.8263,3.0124,<LOD,0.0000,0.0000,381.2953 , 24.6796,0.4273,<LOD,2.9155,5.3890,<LOD,0.5663,0.2381,389595.5312 , 622.7476,51.5545,4.0492 , 1.5680,4.2386,7.1105 , 0.2692,1.4467,<LOD,0.0000,0.0000,3.3123 , 0.5565,0.4673,11518.9727 , 39.9871,53.4468,<LOD,1.2416,0.5127,143.2680 , 10.4070,7.6863,<LOD,4.4711,0.2067,1.2847 , 0.4363,2.4332,<LOD,1.6263,0.2351,181.8606 , 1.0461,24.6681,8,429.100006,39.006645,-122.660698,10.000000,529378.000000,4317569.000000,
1183,Mining,44.85,30.07,14.78,,,"Mon Apr 27, 2026 - 13:56:33",User,1.5,ppm,,,,,,Mining,<LOD,5.4719,45.6483,,,,<LOD,3.2927,0.9578,<LOD,2.6356,0.1293,,,,981881.4375 , 151.8510,<LOD,1.3411,0.2294,247.0871 , 35.7520,0.7448,<LOD,5.9777,50.1146,,,,<LOD,18.6894,1.8034,75.3035 , 6.1258,2.9196,<LOD,3.3232,0.3345,3511.7761 , 41.5282,10.4587,<LOD,0.0000,0.0000,<LOD,2.4810,0.3042,2029.8560 , 68.7466,1.8347,,,,<LOD,23.5922,0.4834,<LOD,1.0316,8.0030,7.4772 , 0.5627,4.9768,<LOD,5.1267,0.2981,,,,40.5430 , 1.3882,1.0745,<LOD,6.3626,57.3961,3.0277 , 0.7469,1.0270,<LOD,0.0000,0.0000,,,,<LOD,10.0735,50.6275,<LOD,0.7379,0.2665,,,,<LOD,7.0517,41.6781,544.3314 , 1.9147,48.5545,<LOD,0.0000,0.0000,3.1343 , 0.7559,0.5450,11250.6680 , 63.3604,46.8859,8.1746 , 1.1460,1.2817,199.4301 , 18.6511,7.2216,<LOD,5.8788,0.2324,3.2299 , 0.5194,2.3057,<LOD,2.0340,0.2388,194.5628 , 1.5005,33.5168,10,430.700012,39.006641,-122.660690,10.000000,529378.562500,4317568.500000,
1184,Mining,120.48,30.01,30.16,30.21,30.10,"Mon Apr 27, 2026 - 13:58:48",User,1.5,ppm,,,,,,Mining,<LOD,1.0279,0.9153,32130.2324 , 701.6185,0.8347,<LOD,1.7823,0.8735,<LOD,2.4292,0.1456,362.0323 , 15.0320,24.9581,518917.9375 , 2494.3940,<LOD,1.0971,0.2028,221.6520 , 19.9989,0.7566,<LOD,1.6279,1.8471,<LOD,32.3680,0.6872,<LOD,16.2701,1.8132,54.9761 , 3.3542,2.7530,<LOD,3.0092,0.3647,2849.3098 , 35.8857,9.9982,<LOD,0.0000,0.0000,<LOD,2.5584,0.3074,1612.3016 , 36.4321,1.6146,3162.4756 , 1810.4100,0.0441,<LOD,19.9118,0.4556,<LOD,0.8843,7.7535,7.5899 , 0.4887,4.9753,<LOD,4.3816,0.2883,805.2660 , 105.4038,0.2837,31.5160 , 1.1904,1.0392,<LOD,0.9583,0.7133,3.4870 , 0.6455,1.0375,<LOD,0.0000,0.0000,5911.3618 , 61.7407,2.8220,<LOD,3.0433,5.6027,<LOD,0.6607,0.2810,423454.0938 , 622.7625,57.3720,<LOD,3.7547,4.5074,450.5135 , 1.6566,43.5051,<LOD,0.0000,0.0000,4.7251 , 0.6537,0.5668,9673.7598 , 38.2486,44.9489,7.5721 , 0.9717,1.2146,157.9975 , 10.2828,6.8677,<LOD,4.6991,0.1964,3.4474 , 0.4513,2.2944,<LOD,1.8001,0.2487,177.7980 , 1.2926,31.7883,8,434.700012,39.006615,-122.660683,10.000000,529379.187500,4317565.500000,
1185,Mining,120.16,30.04,30.03,30.05,30.04,"Mon Apr 27, 2026 - 14:01:47",User,1.5,ppm,,,,,,Mining,<LOD,1.0455,0.9382,32520.5273 , 707.6772,0.8422,<LOD,1.7554,0.8230,<LOD,2.5288,0.1543,389.3177 , 15.3551,25.9164,519680.5938 , 2983.7959,<LOD,1.1403,0.2136,250.2319 , 20.1401,0.8093,<LOD,1.6488,1.8749,<LOD,32.1777,0.6855,<LOD,15.0468,1.5049,58.1070 , 3.2752,2.7786,<LOD,3.0714,0.3697,2268.5791 , 33.0546,8.0994,<LOD,0.0000,0.0000,<LOD,2.2147,0.3134,1679.6510 , 36.0901,1.6664,<LOD,3882.7998,0.0415,<LOD,20.1554,0.4521,<LOD,0.9033,7.9044,8.1066 , 0.4982,5.0488,<LOD,4.6103,0.3177,869.7634 , 105.3448,0.2895,29.1989 , 1.1751,0.9859,<LOD,0.9781,0.7366,4.2451 , 0.6610,1.0834,<LOD,0.0000,0.0000,5789.2520 , 61.1751,2.7615,<LOD,3.0961,5.7590,<LOD,0.6598,0.2666,424528.5312 , 716.3125,57.5566,<LOD,3.6425,4.5912,452.7307 , 1.7489,43.9131,<LOD,0.0000,0.0000,3.5211 , 0.6559,0.5385,9275.0879 , 38.9838,43.1315,6.8940 , 0.9795,1.2025,142.4536 , 9.8022,6.5432,<LOD,5.1716,0.2322,3.1377 , 0.4556,2.2769,<LOD,1.9082,0.2721,178.2799 , 1.3308,32.0184,10,434.399994,39.006618,-122.660690,10.000000,529378.875000,4317566.000000,
1186,Mining,122.86,32.75,30.00,30.09,30.02,"Mon Apr 27, 2026 - 14:04:31",User,1.5,ppm,,,,,,Mining,<LOD,1.0189,0.9279,37230.4219 , 705.2737,0.9308,3.0201 , 1.2852,1.1710,<LOD,2.3664,0.1510,385.2186 , 14.9462,25.5760,551695.0000 , 2995.2856,<LOD,1.0954,0.2207,431.6236 , 24.1632,1.1705,<LOD,1.6220,1.8982,<LOD,30.0348,0.6929,<LOD,16.7501,2.1038,70.5166 , 3.4427,3.1194,<LOD,2.8428,0.3557,3357.9192 , 38.0543,12.0322,<LOD,0.0000,0.0000,<LOD,2.3746,0.3185,2906.6860 , 45.0919,2.6961,<LOD,4122.2988,0.0440,<LOD,20.0277,0.5078,<LOD,0.8732,8.0813,6.7173 , 0.4801,5.1168,<LOD,4.2913,0.3000,1077.5150 , 111.2639,0.3769,39.1528 , 1.2528,1.2568,<LOD,0.9385,0.7045,3.9125 , 0.6851,1.2401,<LOD,0.0000,0.0000,8549.6309 , 69.4017,4.1010,<LOD,3.0045,5.6349,<LOD,0.6342,0.2806,380647.6875 , 692.4563,51.4454,4.2493 , 1.6212,4.5455,626.7859 , 2.0690,61.7840,<LOD,0.0000,0.0000,5.0551 , 0.6588,0.6323,10129.7725 , 42.2878,48.8696,10.3041 , 1.0525,1.5568,167.9568 , 10.4075,7.5122,<LOD,4.5929,0.2052,4.5580 , 0.4600,2.5922,<LOD,1.8390,0.2843,176.4888 , 1.3411,35.7260,9,434.299988,39.006618,-122.660683,10.000000,529379.187500,4317566.000000,
1187,Mining,122.78,32.60,30.06,30.05,30.07,"Mon Apr 27, 2026 - 14:07:08",User,1.5,ppm,,,,,,Mining,<LOD,1.0137,0.9391,45553.8711 , 780.8678,1.1073,5.4105 , 1.3594,1.2738,<LOD,2.3325,0.1377,385.6431 , 14.6009,24.9861,546660.5625 , 2598.0938,<LOD,1.1244,0.2195,519.0825 , 28.5568,1.4218,<LOD,1.5768,1.8242,<LOD,30.9724,0.6948,<LOD,17.2453,2.1140,121.8228 , 4.1241,4.0515,<LOD,2.7998,0.3264,3396.5916 , 38.8795,12.1410,<LOD,0.0000,0.0000,<LOD,2.2587,0.3181,5113.8501 , 59.9791,4.5375,<LOD,3143.0112,0.0457,<LOD,20.5363,0.5058,<LOD,0.8813,7.7130,6.3007 , 0.4873,4.9574,<LOD,4.3793,0.2960,1650.6514 , 134.7167,0.5379,39.4281 , 1.2920,1.2619,<LOD,0.9067,0.6691,3.4425 , 0.6903,1.1601,<LOD,0.0000,0.0000,14303.0762 , 90.9503,6.8456,<LOD,2.9487,5.5559,<LOD,0.6573,0.2899,366267.5000 , 627.3952,50.1064,3.7330 , 1.5819,4.4016,677.5962 , 2.1204,66.3678,<LOD,0.0000,0.0000,5.8093 , 0.6859,0.6536,14234.6738 , 51.1061,69.6315,8.0446 , 1.0764,1.5335,243.9772 , 12.9447,10.7052,<LOD,4.8840,0.2200,2.8837 , 0.4569,2.4013,<LOD,1.8396,0.2688,160.9665 , 1.3445,34.5628,10,434.500000,39.006618,-122.660690,10.000000,529378.875000,4317566.000000,
1188,Mining,120.23,30.00,30.01,30.14,30.08,"Mon Apr 27, 2026 - 14:09:53",User,1.5,ppm,,,,,,Mining,<LOD,1.0307,0.8510,52399.9883 , 898.1772,1.2306,8.5116 , 1.0742,0.8611,<LOD,2.2950,0.1281,326.1199 , 14.9171,22.4716,530970.0000 , 2665.1650,<LOD,1.0144,0.1705,511.1191 , 26.3149,1.2077,<LOD,1.6244,1.6985,<LOD,34.2906,0.7110,<LOD,16.7718,1.8916,57.9747 , 3.4114,2.7184,<LOD,3.0124,0.3596,3384.3523 , 37.9833,11.0400,<LOD,0.0000,0.0000,<LOD,2.0119,0.2565,3209.7036 , 48.3657,2.6940,4886.9521 , 1906.8849,0.0455,<LOD,18.8927,0.4056,<LOD,0.8341,6.9968,4.8556 , 0.4530,4.2678,<LOD,4.4535,0.2934,902.7468 , 111.9290,0.2972,11.9484 , 0.8785,0.5528,<LOD,0.9411,0.6338,37.2086 , 0.9176,2.9929,<LOD,0.0000,0.0000,4573.5176 , 55.8636,2.1229,<LOD,3.0526,5.2341,<LOD,0.6179,0.2390,389764.1875 , 633.0234,47.9622,5.2432 , 1.6495,4.2241,234.9583 , 1.1571,21.6200,<LOD,0.0000,0.0000,5.3958 , 0.6197,0.5146,8421.8750 , 35.9832,36.6839,3.2647 , 0.8034,0.8146,128.4986 , 9.6472,5.5937,<LOD,4.9388,0.2139,2.5062 , 0.4756,2.4451,<LOD,1.8575,0.2607,149.0623 , 1.1026,22.9813,9,434.799988,39.006618,-122.660690,10.000000,529378.625000,4317566.000000,
1189,Mining,120.07,30.05,30.17,30.08,29.77,"Mon Apr 27, 2026 - 14:12:26",User,1.5,ppm,,,,,,Mining,<LOD,0.9587,0.9698,58544.5781 , 861.0206,1.3785,8.3435 , 1.0303,0.9528,<LOD,2.2198,0.1437,287.3322 , 13.7058,24.6967,509320.3750 , 2550.9429,<LOD,0.9884,0.1947,527.8116 , 24.2318,1.3758,<LOD,1.5093,1.9336,<LOD,31.6738,0.7273,<LOD,15.7095,1.9922,53.4950 , 3.0859,2.9433,<LOD,2.8563,0.3884,2978.2737 , 35.3530,11.3371,<LOD,0.0000,0.0000,<LOD,1.9942,0.3085,2948.4717 , 43.2925,2.8536,7679.2251 , 1868.4886,0.0531,<LOD,18.1566,0.4479,<LOD,0.8119,7.9648,5.6073 , 0.4446,4.9517,<LOD,4.2358,0.3194,800.6338 , 103.3317,0.3052,10.9340 , 0.8421,0.6102,<LOD,0.8639,0.7018,38.0180 , 0.9102,3.5441,<LOD,0.0000,0.0000,5189.0015 , 57.3784,2.7011,<LOD,2.8342,5.9654,<LOD,0.6190,0.2940,403089.4062 , 648.8237,58.2821,5.0355 , 1.5267,4.7577,234.1216 , 1.1447,25.0819,<LOD,0.0000,0.0000,5.0301 , 0.6005,0.5788,7999.5547 , 33.8638,40.6234,3.7032 , 0.7923,0.9533,120.0622 , 8.8148,6.1942,<LOD,4.6725,0.2301,2.6456 , 0.4653,2.8125,<LOD,1.6712,0.2531,148.3692 , 1.0857,26.5831,9,435.000000,39.006618,-122.660690,10.000000,529378.437500,4317566.000000,
1190,Mining,120.49,30.29,30.10,30.09,28.82,"Mon Apr 27, 2026 - 14:22:35",User,1.5,ppm,,,,,,Mining,<LOD,1.5548,0.5799,130718.7266 , 2653.1917,2.7993,5.0036 , 1.3260,0.4686,<LOD,3.4240,0.1047,477.9355 , 23.1868,15.8828,442366.0312 , 6718.9409,<LOD,1.5152,0.1413,39968.8477 , 244.4731,46.8112,<LOD,2.4112,1.1073,<LOD,43.5221,0.6523,<LOD,59.9296,12.4897,145.1228 , 6.4528,3.3757,29.9622 , 3.4676,0.4167,37112.8398 , 175.0348,80.5418,<LOD,0.0000,0.0000,3.8141 , 2.0740,0.2304,5652.6172 , 90.5749,3.6936,36811.7656 , 4201.2202,0.0999,628.9067 , 31.3705,1.3985,2.0872 , 0.7501,4.4109,6.6224 , 0.6226,2.8039,<LOD,8.3468,0.2695,1634.5419 , 159.3828,0.3692,10.7841 , 1.1552,0.3483,<LOD,1.4267,0.4390,33.9223 , 1.1556,1.6424,<LOD,0.0000,0.0000,5134.5278 , 69.2672,1.9056,<LOD,4.5981,3.4654,<LOD,0.9367,0.2042,292254.0625 , 762.6721,26.1053,22.5588 , 2.5613,3.0680,313.7850 , 1.8311,16.4689,<LOD,0.0000,0.0000,3.2088 , 0.8343,0.3012,6277.1123 , 48.8371,19.5668,3.5238 , 1.1017,0.5457,197.9315 , 13.7743,3.5832,<LOD,7.5748,0.1916,16.9796 , 0.7521,2.2410,45.4658 , 2.9594,0.5771,121.3320 , 1.3867,12.1545,7,436.799988,39.006279,-122.660591,10.000000,529387.562500,4317528.000000,
1191,Mining,120.32,30.14,30.06,30.04,29.48,"Mon Apr 27, 2026 - 14:25:07",User,1.5,ppm,,,,,,Mining,<LOD,1.5586,0.6238,144832.3906 , 2872.9043,3.0959,<LOD,1.7854,0.3251,<LOD,3.2727,0.0915,500.5197 , 22.7274,16.2206,386433.6875 , 7332.4097,<LOD,1.5119,0.1347,43995.4102 , 271.2140,51.5746,<LOD,2.2763,1.0355,<LOD,45.4884,0.6781,<LOD,74.3996,12.4559,138.0058 , 6.5812,3.2981,19.7650 , 3.2984,0.3601,35976.4922 , 192.3163,77.6206,<LOD,0.0000,0.0000,<LOD,4.6685,0.2152,5660.5249 , 92.9335,3.7425,43734.6367 , 4474.8242,0.1113,545.2535 , 30.7883,1.2686,<LOD,1.7780,4.2316,7.2998 , 0.6368,2.8127,<LOD,8.6699,0.2854,813.4113 , 132.5369,0.2332,9.9091 , 1.1498,0.3303,<LOD,1.3998,0.4505,31.0127 , 1.1454,1.5283,<LOD,0.0000,0.0000,1330.2937 , 42.9017,0.6754,<LOD,4.4296,3.3864,<LOD,0.8937,0.1764,328558.1562 , 848.3973,30.3922,20.0281 , 2.4826,3.0599,306.8788 , 1.9124,16.1172,<LOD,0.0000,0.0000,3.1808 , 0.8385,0.2935,6711.2197 , 53.3855,20.8275,3.7512 , 1.1104,0.5333,181.9259 , 14.3334,3.6676,<LOD,7.8082,0.1947,18.5053 , 0.7744,2.2760,45.4084 , 3.0127,0.5713,122.3448 , 1.4346,12.1276,10,437.100006,39.006279,-122.660583,10.000000,529387.812500,4317528.000000,
1192,Mining,120.38,30.05,30.09,30.11,28.93,"Mon Apr 27, 2026 - 14:27:33",User,1.5,ppm,,,,,,Mining,<LOD,1.5668,0.5879,137192.9531 , 2857.8442,2.9353,<LOD,1.7427,0.2895,4.4478 , 2.4500,0.1129,507.0070 , 23.5112,16.3431,404955.7500 , 7381.8872,<LOD,1.5330,0.1401,41402.5391 , 252.7321,47.7786,<LOD,2.4036,1.0931,<LOD,44.1079,0.6308,<LOD,59.6997,11.7617,128.0222 , 6.1799,3.1315,19.4931 , 3.2830,0.3603,34624.1484 , 181.9828,73.9828,<LOD,0.0000,0.0000,4.3206 , 2.1016,0.2309,5147.5029 , 86.0890,3.3649,47259.8828 , 4545.3545,0.1165,499.6743 , 29.8573,1.1930,<LOD,1.3218,4.1659,6.2508 , 0.6301,2.7835,<LOD,8.6650,0.2990,1005.3996 , 137.9339,0.2551,12.3626 , 1.1948,0.3607,<LOD,1.4176,0.4316,33.0215 , 1.1607,1.6000,<LOD,0.0000,0.0000,1147.3960 , 41.0632,0.6109,<LOD,4.5871,3.4078,<LOD,0.9746,0.2027,319296.7188 , 828.3845,28.6680,19.3159 , 2.5643,3.0604,304.9460 , 1.8756,15.9691,<LOD,0.0000,0.0000,3.0453 , 0.8471,0.3021,6052.5708 , 48.3407,18.5453,3.1697 , 1.1041,0.5308,181.6631 , 13.2467,3.3607,<LOD,7.5042,0.1812,23.4637 , 0.8166,2.5703,44.8369 , 2.9830,0.5664,120.1250 , 1.4086,11.9370,7,437.399994,39.006271,-122.660591,10.000000,529387.562500,4317527.500000,
1193,Mining,120.61,30.28,30.06,30.16,28.62,"Mon Apr 27, 2026 - 14:30:01",User,1.5,ppm,,,,,,Mining,<LOD,1.5397,0.6464,145860.7812 , 2773.7952,3.1199,<LOD,1.6338,0.3103,<LOD,3.3537,0.1102,450.2838 , 22.3699,16.5038,379422.6875 , 7179.8223,<LOD,1.4802,0.1477,43479.3125 , 272.0685,52.8990,<LOD,2.2565,1.0809,<LOD,43.6784,0.6723,<LOD,57.0592,12.0148,134.8257 , 6.2627,3.2971,15.4561 , 3.0609,0.3535,33467.6250 , 189.7159,75.2924,<LOD,0.0000,0.0000,<LOD,4.7229,0.2302,5449.2300 , 88.8653,3.7274,55431.8320 , 4574.7993,0.1317,518.2385 , 29.1468,1.2678,<LOD,1.2919,4.3125,6.3829 , 0.6047,2.9002,<LOD,8.3586,0.3194,929.2690 , 129.9416,0.2466,7.6476 , 1.0535,0.3163,<LOD,1.4022,0.4809,32.0883 , 1.1134,1.6541,<LOD,0.0000,0.0000,1033.5513 , 38.8896,0.5943,<LOD,4.3858,3.5224,<LOD,0.9027,0.2054,326646.6250 , 876.3119,31.3059,16.5538 , 2.4512,3.1566,303.6185 , 1.8798,16.8213,<LOD,0.0000,0.0000,3.2280 , 0.8147,0.3151,6431.8262 , 51.7616,20.7424,3.8744 , 1.0635,0.5602,170.0084 , 13.5773,3.6293,<LOD,7.6246,0.2121,22.9906 , 0.7806,2.6466,44.2537 , 2.8572,0.5860,117.8493 , 1.3703,12.4368,8,437.700012,39.006260,-122.660591,10.000000,529387.437500,4317526.000000,
1194,Mining,122.74,32.54,30.07,30.06,30.07,"Mon Apr 27, 2026 - 14:34:06",User,1.5,ppm,,,,,,Mining,<LOD,1.3862,0.5934,139630.3125 , 2510.9741,2.9917,<LOD,1.6467,0.3192,<LOD,3.0963,0.0991,427.9146 , 20.3947,15.7875,412871.7812 , 6389.5024,<LOD,1.3954,0.1389,42052.8320 , 255.1877,53.0647,<LOD,2.1213,1.1007,<LOD,41.7700,0.6755,<LOD,55.5477,11.9417,131.6972 , 6.0345,3.3492,18.9323 , 3.0857,0.3805,32641.7285 , 173.0412,76.2393,<LOD,0.0000,0.0000,<LOD,4.0811,0.2225,5301.2354 , 85.5786,3.7528,46853.6367 , 4178.6133,0.1176,513.3611 , 28.7967,1.3017,<LOD,1.0341,4.3313,5.5674 , 0.5891,2.9360,<LOD,7.7491,0.2746,729.5191 , 121.4952,0.2305,10.8384 , 1.1023,0.3679,<LOD,1.2692,0.4466,31.2378 , 1.0762,1.6562,<LOD,0.0000,0.0000,626.9119 , 33.4303,0.4711,<LOD,4.0130,3.3658,<LOD,0.8600,0.1999,311145.8438 , 815.5546,30.3286,10.3836 , 2.2116,2.8969,284.7285 , 1.7380,16.4690,<LOD,0.0000,0.0000,3.4640 , 0.7865,0.3191,6344.8525 , 48.9806,21.2088,2.2568 , 1.0115,0.5367,182.1857 , 13.2336,3.7739,<LOD,7.2425,0.2025,20.5919 , 0.7510,2.6073,50.6254 , 2.9224,0.6492,107.5685 , 1.2893,12.0501,9,438.200012,39.006264,-122.660591,10.000000,529387.437500,4317526.500000,
1195,Mining,122.88,32.53,30.21,30.05,30.09,"Mon Apr 27, 2026 - 14:37:17",User,1.5,ppm,,,,,,Mining,<LOD,1.5341,0.5980,144983.5938 , 2713.8093,3.1001,<LOD,1.5898,0.2626,<LOD,3.2483,0.0979,472.9056 , 22.8577,16.2043,380438.2188 , 7056.4473,<LOD,1.4740,0.1391,44529.9766 , 272.1064,52.6920,<LOD,2.3573,1.1166,<LOD,43.3469,0.7041,<LOD,93.1630,12.5858,129.7538 , 6.5258,3.2413,17.2565 , 3.1107,0.3478,35832.7969 , 187.2321,77.9917,<LOD,0.0000,0.0000,<LOD,4.9092,0.2248,5222.3135 , 90.1127,3.5194,48719.8398 , 4320.5435,0.1199,653.9329 , 31.3138,1.4257,<LOD,1.4826,4.1875,6.0022 , 0.6093,2.7847,<LOD,8.2492,0.2759,944.5359 , 124.9100,0.2413,8.1240 , 1.0781,0.3145,<LOD,1.4352,0.4720,31.9870 , 1.1199,1.5882,<LOD,0.0000,0.0000,589.3698 , 32.9264,0.4406,<LOD,4.5216,3.5404,<LOD,0.8943,0.1927,330035.8438 , 817.4164,30.8164,16.4569 , 2.4972,3.0634,298.7238 , 1.8210,15.8330,<LOD,0.0000,0.0000,4.8623 , 0.8401,0.3301,6669.0552 , 53.0225,20.8238,4.6536 , 1.0801,0.5480,190.4857 , 14.3918,3.7066,<LOD,8.5837,0.2089,23.3956 , 0.7882,2.5647,59.1791 , 3.1231,0.6664,116.7255 , 1.3569,11.7944,8,438.700012,39.006260,-122.660591,10.000000,529387.250000,4317526.000000,
1196,Mining,120.53,30.22,30.12,30.11,30.08,"Mon Apr 27, 2026 - 14:39:52",User,1.5,ppm,,,,,,Mining,<LOD,1.5729,0.6241,133966.2812 , 2556.1392,2.8772,<LOD,2.3068,0.3330,<LOD,3.3983,0.1077,411.6266 , 22.7131,15.5862,435759.5938 , 6385.1660,<LOD,1.4980,0.1445,51769.5312 , 293.5049,66.1121,<LOD,2.3385,1.0798,<LOD,43.0617,0.6939,<LOD,63.3555,15.2887,124.5168 , 6.5684,3.3983,26.3933 , 3.3706,0.4136,42700.9375 , 202.6701,98.6835,<LOD,0.0000,0.0000,<LOD,5.1002,0.2313,5569.3950 , 93.2405,4.0112,36219.3867 , 4234.9995,0.1021,1183.8284 , 38.3712,2.3049,<LOD,1.0884,4.2414,6.0659 , 0.6231,2.9156,<LOD,8.8293,0.3111,1156.1371 , 139.5798,0.3024,6.2793 , 1.0592,0.3044,<LOD,1.4003,0.4426,29.2063 , 1.0986,1.5200,<LOD,0.0000,0.0000,2439.6047 , 51.5171,1.1285,<LOD,4.5198,3.4710,<LOD,0.9422,0.2169,282457.1562 , 776.4158,27.4106,13.1110 , 2.4977,3.0072,302.3766 , 1.8189,16.4366,<LOD,0.0000,0.0000,2.9335 , 0.8185,0.2990,5521.0112 , 48.4341,18.4431,4.2019 , 1.0902,0.5592,154.4380 , 13.5141,3.3263,<LOD,7.6829,0.2068,24.3017 , 0.8020,2.6671,41.9351 , 2.8730,0.5704,109.7887 , 1.3377,11.6814,9,439.000000,39.006260,-122.660599,10.000000,529387.125000,4317526.000000,
1197,Mining,122.85,32.69,30.05,30.05,30.06,"Mon Apr 27, 2026 - 14:43:02",User,1.5,ppm,,,,,,Mining,<LOD,1.7482,0.6408,144716.0625 , 2732.0728,3.0901,<LOD,1.7795,0.3568,<LOD,3.1985,0.0962,502.9290 , 23.0178,16.3044,402828.9062 , 6945.5503,<LOD,1.5154,0.1488,39523.3945 , 248.4627,45.7056,<LOD,2.3126,1.0380,<LOD,43.4857,0.6658,<LOD,56.6215,11.3194,122.2685 , 6.3059,3.1336,16.7925 , 3.1198,0.3529,32995.2539 , 169.2146,71.1786,<LOD,0.0000,0.0000,<LOD,4.9945,0.2369,5895.5186 , 93.1282,3.8134,41030.5117 , 4168.4312,0.1067,431.2433 , 27.8243,1.1058,1.1302 , 0.7239,4.3208,6.6430 , 0.6078,2.8217,<LOD,8.2160,0.2928,1299.3408 , 142.1425,0.2986,11.5982 , 1.1392,0.3568,<LOD,1.4506,0.4705,30.9489 , 1.0994,1.5512,<LOD,0.0000,0.0000,3024.8789 , 54.8766,1.2127,<LOD,4.5084,3.4241,<LOD,0.8665,0.1786,320751.8750 , 798.7521,29.0699,19.9917 , 2.5176,3.0583,312.4399 , 1.8327,16.6441,<LOD,0.0000,0.0000,4.1001 , 0.8445,0.3302,6076.4360 , 49.2965,18.8613,3.6605 , 1.0706,0.5453,204.7860 , 13.8007,3.5263,10.0667 , 5.3427,0.2274,18.7779 , 0.7464,2.3336,39.4627 , 2.8040,0.5423,121.0013 , 1.3684,12.2923,9,439.200012,39.006260,-122.660599,10.000000,529386.562500,4317526.000000,
1198,Mining,120.11,30.19,30.07,30.06,29.79,"Mon Apr 27, 2026 - 14:45:29",User,1.5,ppm,,,,,,Mining,<LOD,1.4540,0.6249,161851.6406 , 2726.9155,3.4424,<LOD,1.7263,0.3674,<LOD,3.3099,0.1129,451.0714 , 21.3083,16.4731,391760.3438 , 6891.8013,<LOD,1.4374,0.1466,35009.1758 , 233.6744,42.9435,<LOD,2.1428,1.0585,<LOD,43.1809,0.6916,<LOD,81.9525,11.7494,131.5790 , 6.0315,3.4652,22.6751 , 3.1772,0.4000,31338.9512 , 176.3409,72.6107,<LOD,0.0000,0.0000,4.5538 , 2.0053,0.2495,5440.1885 , 85.9632,3.7281,49047.9023 , 4190.3677,0.1209,441.4910 , 27.5928,1.1729,<LOD,1.3427,4.4646,5.3022 , 0.5912,2.9235,<LOD,8.1242,0.3182,1884.5771 , 167.6587,0.4446,10.8482 , 1.1058,0.3682,<LOD,1.3329,0.4714,29.4449 , 1.0744,1.6123,<LOD,0.0000,0.0000,2963.0796 , 54.1564,1.2363,<LOD,4.1740,3.4814,<LOD,0.8990,0.2164,313775.8125 , 850.6755,29.8153,19.1602 , 2.3402,3.1422,294.0526 , 1.8116,16.9785,<LOD,0.0000,0.0000,3.1780 , 0.7956,0.3192,5113.5312 , 44.1324,17.0302,4.1994 , 1.0580,0.5824,225.7288 , 12.5305,3.4833,<LOD,7.2064,0.1986,22.3828 , 0.7648,2.6912,34.9831 , 2.6681,0.5372,114.1810 , 1.3333,12.5905,9,439.399994,39.006260,-122.660606,10.000000,529386.250000,4317526.000000,
1199,Mining,120.54,30.25,30.06,30.04,29.25,"Mon Apr 27, 2026 - 14:48:29",User,1.5,ppm,,,,,,Mining,<LOD,1.4301,0.5899,145945.0312 , 2574.2153,3.1236,<LOD,2.6347,0.3449,<LOD,3.0760,0.0961,425.1926 , 21.0589,15.7123,406079.4375 , 6313.1665,<LOD,1.3480,0.1269,42199.9180 , 255.1918,52.7874,<LOD,2.2160,1.1274,<LOD,43.6415,0.6904,<LOD,56.1268,11.9659,138.0732 , 6.1166,3.3974,14.3874 , 2.9950,0.3511,33000.3555 , 173.2937,76.4936,<LOD,0.0000,0.0000,<LOD,2.8505,0.2039,5336.2500 , 86.2503,3.7562,36582.1211 , 4048.3909,0.1012,489.7025 , 28.4721,1.2504,<LOD,1.0470,4.3619,4.4735 , 0.5803,2.7808,<LOD,7.6580,0.2549,812.7827 , 126.8391,0.2362,6.2410 , 1.0079,0.3005,<LOD,1.3107,0.4451,29.1663 , 1.0630,1.5684,<LOD,0.0000,0.0000,2074.2766 , 48.7264,0.9750,<LOD,4.1811,3.4407,<LOD,0.8331,0.1817,319862.6250 , 828.2630,31.2871,19.8493 , 2.3303,3.0454,284.3530 , 1.7387,16.3061,<LOD,0.0000,0.0000,3.9411 , 0.7715,0.3060,6372.4863 , 49.3252,21.2213,3.2010 , 1.0284,0.5443,156.5986 , 13.1495,3.6601,<LOD,7.0609,0.1885,14.3962 , 0.6951,2.1810,38.4830 , 2.7306,0.5555,106.6758 , 1.2911,11.8867,8,439.299988,39.006264,-122.660606,10.000000,529386.125000,4317526.500000,
1200,Mining,7.84,7.84,,,,"Mon Apr 27, 2026 - 14:48:55",User,1.5,ppm,,,,,,Mining,<LOD,17.0673,30.4049,,,,<LOD,6.6753,0.4149,<LOD,8.7150,0.0956,,,,953909.4375 , 857.4039,<LOD,4.0659,0.1441,,,,<LOD,18.3779,30.0554,,,,<LOD,150.9524,11.6628,209.4082 , 82.7276,0.6260,27.3113 , 8.9306,0.3859,38291.7969 , 299.3925,73.3419,<LOD,0.0000,0.0000,<LOD,7.7323,0.1907,,,,,,,508.3513 , 75.0392,1.1636,<LOD,3.1608,4.2486,4.4215 , 1.6199,2.6906,<LOD,22.1252,0.2719,,,,17.5637 , 3.2444,0.3901,<LOD,19.6822,35.7381,31.8182 , 2.9918,1.5665,<LOD,0.0000,0.0000,,,,<LOD,31.3413,31.4494,<LOD,2.4573,0.2002,,,,<LOD,22.0405,26.5424,336.3427 , 4.3747,16.6741,<LOD,0.0000,0.0000,<LOD,5.4159,0.3139,6172.1182 , 441.2552,2.4833,4.7495 , 2.9374,0.5546,292.5138 , 170.7603,0.9704,<LOD,20.8869,0.2040,20.8392 , 2.0561,2.4119,56.1921 , 8.0068,0.5924,117.1461 , 3.4817,11.7234,9,439.200012,39.006264,-122.660606,10.000000,529385.937500,4317526.500000,
1201,Mining,122.82,32.49,30.27,30.04,30.02,"Mon Apr 27, 2026 - 14:52:00",User,1.5,ppm,,,,,,Mining,<LOD,1.1442,0.8495,91784.0938 , 1236.4275,2.0326,7.7127 , 1.1681,0.8138,<LOD,2.5960,0.1332,347.0227 , 16.3540,21.6541,520794.2500 , 3339.5093,<LOD,1.2504,0.2122,1184.9462 , 41.6824,2.3964,<LOD,1.7278,1.5318,<LOD,35.5228,0.7304,<LOD,28.0548,4.5930,75.9522 , 3.8901,3.1662,25.5106 , 2.7885,0.5756,9488.1396 , 66.3983,28.7697,<LOD,0.0000,0.0000,2.7676 , 1.6274,0.3192,9440.1504 , 83.7523,7.0364,7154.1162 , 2231.6001,0.0581,<LOD,22.0817,0.4862,<LOD,0.9230,6.8663,7.8907 , 0.5137,4.4321,<LOD,5.1467,0.2882,1344.9386 , 133.4669,0.4208,13.4865 , 0.9872,0.5686,<LOD,1.3415,0.6886,41.4187 , 1.0354,3.0867,<LOD,0.0000,0.0000,24924.6523 , 124.5291,10.2947,<LOD,3.3089,4.9075,<LOD,0.7261,0.2749,327230.5625 , 644.8571,37.9049,9.4588 , 1.8160,4.1484,245.4121 , 1.2798,20.9194,<LOD,0.0000,0.0000,5.2521 , 0.7226,0.5410,5509.5166 , 31.8541,23.1881,4.9900 , 0.9088,0.8422,205.6281 , 9.3074,4.4044,<LOD,5.5584,0.2227,5.5829 , 0.5477,2.6418,<LOD,2.6062,0.3711,146.5272 , 1.1860,21.2127,9,439.299988,39.006264,-122.660614,10.000000,529385.687500,4317526.500000,
1202,Mining,123.14,32.61,30.17,30.13,30.23,"Mon Apr 27, 2026 - 14:54:45",User,1.5,ppm,,,,,,Mining,<LOD,1.2697,0.7934,89732.0391 , 1573.3583,2.0007,<LOD,1.6923,0.4348,<LOD,2.7468,0.1214,388.2216 , 18.1927,20.2631,419764.6562 , 4932.8164,<LOD,1.2760,0.1797,2351.7012 , 53.3021,3.4237,<LOD,1.9342,1.4636,<LOD,39.0857,0.6560,<LOD,28.0514,3.7129,61.5339 , 4.1169,2.5391,17.2633 , 2.7229,0.4451,8701.0156 , 69.3409,22.6963,<LOD,0.0000,0.0000,2.7887 , 1.7232,0.2866,5870.1509 , 73.2572,3.9412,<LOD,5672.0391,0.0445,<LOD,24.5323,0.4865,<LOD,1.1480,5.9558,8.1410 , 0.5256,3.8014,<LOD,5.6044,0.2893,981.9916 , 128.7353,0.2840,10.5511 , 0.9600,0.4355,<LOD,1.1816,0.6160,42.7087 , 1.0607,2.6610,<LOD,0.0000,0.0000,10803.3320 , 91.5534,3.9429,<LOD,3.6541,4.5296,<LOD,0.7530,0.2373,450194.9688 , 904.4692,49.5607,12.8869 , 2.0166,3.8954,176.1899 , 1.1539,13.0959,<LOD,0.0000,0.0000,4.7739 , 0.7325,0.4489,7954.9033 , 44.6912,28.6812,2.5987 , 0.8574,0.6057,183.7336 , 11.1697,4.7382,<LOD,6.1361,0.2209,8.6052 , 0.5873,2.4886,<LOD,2.3722,0.2846,148.8777 , 1.2322,17.5138,9,439.399994,39.006264,-122.660614,10.000000,529385.375000,4317526.500000,
1203,Mining,122.71,32.53,30.02,30.07,30.09,"Mon Apr 27, 2026 - 14:59:55",User,1.5,ppm,,,,,,Mining,<LOD,1.0720,0.8822,72930.0000 , 999.8343,1.6443,31.5106 , 1.6019,2.0484,<LOD,2.2582,0.1206,302.9012 , 15.0315,21.4391,558356.0000 , 2671.7756,<LOD,1.2414,0.2501,1338.4933 , 42.9934,2.7129,<LOD,1.6674,1.7162,<LOD,32.7340,0.7333,<LOD,28.8913,5.9522,66.8587 , 4.0399,3.3355,<LOD,3.0897,0.3738,11163.3447 , 67.4285,36.7807,<LOD,0.0000,0.0000,3.6640 , 1.5321,0.3447,6581.2290 , 74.2823,5.4208,4408.4111 , 1896.5540,0.0485,<LOD,19.3451,0.4557,<LOD,0.8582,7.2781,4.6069 , 0.4590,4.2807,<LOD,4.8329,0.2905,896.9720 , 106.0680,0.3061,27.8399 , 1.1314,0.9016,<LOD,0.9520,0.6189,40.0679 , 0.9415,3.1309,<LOD,0.0000,0.0000,10479.4980 , 77.8160,4.7805,8.8429 , 2.0963,5.4590,<LOD,0.6408,0.2577,327164.3750 , 601.4010,40.3062,4.4395 , 1.6643,4.0757,169.5918 , 0.9990,15.8563,<LOD,0.0000,0.0000,3.2198 , 0.6761,0.5297,5740.7905 , 34.4351,26.8394,1.4290 , 0.7666,0.7143,118.3260 , 9.5505,4.4915,<LOD,4.9857,0.2146,2.2188 , 0.4926,2.5426,<LOD,1.9534,0.2848,155.3291 , 1.1108,22.6210,9,439.700012,39.006268,-122.660622,10.000000,529384.812500,4317527.000000,
1204,Mining,120.62,30.28,30.03,30.24,30.07,"Mon Apr 27, 2026 - 15:04:21",User,1.5,ppm,,,,,,Mining,<LOD,1.1066,0.8790,59649.9062 , 897.4982,1.3550,31.6191 , 1.7103,2.1854,<LOD,2.5103,0.1447,306.6865 , 15.4685,21.1820,624596.0625 , 2453.2783,<LOD,1.2609,0.2486,1264.7961 , 40.4154,2.5797,<LOD,1.7163,1.6994,<LOD,32.4337,0.7470,<LOD,30.4499,6.4585,63.3089 , 3.8053,3.2026,<LOD,3.8866,0.4137,12672.3555 , 70.8778,41.0114,<LOD,0.0000,0.0000,21.6597 , 1.9578,0.6193,6462.0571 , 70.2584,5.2460,2902.6938 , 1787.2450,0.0434,<LOD,21.5807,0.5590,<LOD,0.8655,7.2797,4.7491 , 0.4622,4.3000,<LOD,5.1400,0.3210,858.7302 , 104.7225,0.3047,38.9322 , 1.2813,1.1165,<LOD,0.9807,0.6141,39.2047 , 0.9402,2.9892,<LOD,0.0000,0.0000,8442.7139 , 68.5505,3.8395,7.1386 , 2.1491,5.3400,<LOD,0.6608,0.2635,276575.5312 , 553.9699,31.8968,7.3737 , 1.7235,4.1036,153.7316 , 0.9538,14.1302,<LOD,0.0000,0.0000,2.9097 , 0.6871,0.5257,5638.6768 , 31.8789,25.7441,<LOD,1.4717,0.7127,102.5714 , 8.8768,4.2042,<LOD,0.0000,0.2129,2.3082 , 0.5040,2.5625,<LOD,2.2550,0.3731,154.2881 , 1.1034,21.7469,8,439.700012,39.006271,-122.660629,10.000000,529384.375000,4317527.500000,
1205,Mining,122.82,32.55,30.06,30.18,30.03,"Mon Apr 27, 2026 - 15:07:19",User,1.5,ppm,,,,,,Mining,<LOD,1.1728,0.8664,87091.0078 , 1285.3428,1.9350,2.6359 , 1.0297,0.5892,<LOD,2.4318,0.1172,304.1203 , 16.9584,22.1113,564784.8125 , 3437.6909,<LOD,1.0623,0.1529,659.1523 , 37.7126,1.4974,<LOD,1.8452,1.7164,<LOD,38.7573,0.7846,<LOD,27.2842,4.3194,84.2404 , 4.1985,3.1892,9.1344 , 2.4569,0.4447,8988.3379 , 64.3602,26.6782,<LOD,0.0000,0.0000,<LOD,2.2623,0.2665,8342.2568 , 86.0151,6.0513,6887.6328 , 2460.8857,0.0644,<LOD,19.9896,0.3950,<LOD,0.8825,6.3356,3.8549 , 0.4783,3.8598,<LOD,5.0987,0.2850,2593.6650 , 179.1455,0.7217,11.9845 , 0.9422,0.5184,<LOD,1.0708,0.6458,31.0612 , 0.9068,2.3475,<LOD,0.0000,0.0000,38762.2031 , 161.5814,15.5610,<LOD,3.5072,5.4260,<LOD,0.6695,0.2309,277768.2812 , 638.0548,30.3267,<LOD,3.7479,4.2858,200.4098 , 1.1441,16.9110,<LOD,0.0000,0.0000,5.7031 , 0.6557,0.4727,3171.8542 , 27.7459,13.4934,2.5308 , 0.8232,0.6946,157.5809 , 8.3957,2.9465,<LOD,5.5147,0.2191,1.6646 , 0.4881,2.0988,<LOD,1.9424,0.2334,135.8953 , 1.1227,19.1119,9,440.299988,39.006268,-122.660645,10.000000,529382.937500,4317527.000000,
1206,Mining,120.45,30.27,30.00,30.04,30.14,"Mon Apr 27, 2026 - 15:10:09",User,1.5,ppm,,,,,,Mining,<LOD,1.0337,0.8821,45775.3750 , 798.6484,1.0957,2.3901 , 0.9541,0.6280,<LOD,2.3251,0.1342,298.2787 , 14.8816,22.6846,545412.0000 , 2508.7825,<LOD,1.0682,0.1934,296.9896 , 23.1831,0.9278,<LOD,1.6133,1.7178,<LOD,32.2717,0.7204,<LOD,23.7739,4.0365,51.2672 , 3.2202,2.6479,18.2632 , 2.4752,0.5638,7201.7974 , 54.1642,24.0224,<LOD,0.0000,0.0000,<LOD,2.1422,0.2990,3184.3713 , 47.9301,2.7918,5276.6289 , 1823.2416,0.0464,<LOD,19.4968,0.4611,<LOD,0.8373,7.0430,4.2741 , 0.4586,4.3821,<LOD,4.7552,0.3184,558.0253 , 88.1785,0.2058,11.3040 , 0.8785,0.5638,<LOD,0.9249,0.6290,35.9013 , 0.9339,3.0810,<LOD,0.0000,0.0000,6209.2871 , 60.9061,2.9093,<LOD,3.0664,5.4383,<LOD,0.6191,0.2428,378667.2500 , 601.8597,48.3049,4.0268 , 1.6519,4.3457,304.4673 , 1.3260,28.6336,<LOD,0.0000,0.0000,4.7538 , 0.6359,0.5398,6423.6021 , 30.6032,29.2176,5.6261 , 0.8797,0.9959,120.1842 , 8.5168,4.6347,<LOD,5.1881,0.2417,2.2127 , 0.4764,2.4883,<LOD,2.0086,0.3123,131.7382 , 1.0916,22.8678,9,440.500000,39.006271,-122.660629,10.000000,529384.062500,4317527.500000,
1207,Mining,120.45,30.05,30.25,30.15,30.00,"Mon Apr 27, 2026 - 15:12:57",User,1.5,ppm,,,,,,Mining,<LOD,1.5203,0.6189,150288.2031 , 2783.9915,3.2110,<LOD,1.4602,0.2236,<LOD,3.2580,0.1064,469.7734 , 22.0496,16.1152,388495.6250 , 6840.7285,<LOD,1.4338,0.1417,36058.5156 , 224.6916,41.2052,<LOD,2.2937,1.1145,<LOD,47.4827,0.7158,<LOD,50.6870,9.0688,126.3424 , 5.7474,3.0625,14.9479 , 2.9930,0.3436,26334.3145 , 146.9053,56.6486,<LOD,0.0000,0.0000,<LOD,3.3718,0.2105,6342.4160 , 88.6480,3.9927,33261.5703 , 4063.7910,0.0952,391.1677 , 26.7459,1.0170,<LOD,1.4805,4.3159,6.7761 , 0.5922,2.8875,<LOD,7.4260,0.2616,935.3177 , 136.4327,0.2412,7.8972 , 1.0317,0.3109,<LOD,1.3624,0.4443,35.4250 , 1.1168,1.7483,<LOD,0.0000,0.0000,3635.2747 , 61.9362,1.3937,<LOD,4.3518,3.4523,<LOD,0.8808,0.2010,346287.8438 , 848.7573,31.7059,21.1185 , 2.4305,3.0780,288.4686 , 1.7254,15.8609,<LOD,0.0000,0.0000,2.3999 , 0.7838,0.2977,6624.9712 , 47.9547,20.2953,2.4187 , 1.0134,0.5228,205.0649 , 12.9162,3.6683,<LOD,7.1990,0.1927,19.3062 , 0.7398,2.4501,30.4887 , 2.5759,0.4850,114.3488 , 1.3037,11.9601,8,440.500000,39.006275,-122.660637,10.000000,529383.625000,4317527.500000,
1208,Mining,123.29,32.93,30.05,30.17,30.14,"Mon Apr 27, 2026 - 15:16:06",User,1.5,ppm,,,,,,Mining,<LOD,3.0876,0.5867,392422.8438 , 2320.5745,2.4452,<LOD,0.0861,0.0009,<LOD,0.1097,0.0001,1201.7892 , 52.6959,15.0126,1756.5918,,<LOD,0.2102,0.0022,75897.7344 , 1480.6644,36.0540,<LOD,4.6504,1.0524,<LOD,100.1571,0.7213,51.0033 , 4.2474,0.0811,283.8822 , 17.9457,3.3571,<LOD,1.6119,0.0309,<LOD,14.4278,0.1863,<LOD,0.0000,0.0000,<LOD,0.5177,0.0027,18121.8867 , 404.9498,5.6458,60097.0352 , 6904.6831,0.0873,647.7070 , 35.0950,0.7181,<LOD,0.0056,0.0000,<LOD,0.0052,-0.0000,<LOD,3.9443,0.0455,5774.8252 , 419.6030,0.5849,<LOD,0.0444,0.0002,<LOD,2.7106,0.4024,<LOD,0.0225,0.0000,<LOD,0.0000,0.0000,64367.3359 , 1114.9713,12.1761,<LOD,8.8396,3.2795,<LOD,0.0720,0.0006,368263.9688 , 3500.5522,22.5465,36.5884 , 4.9210,2.8958,<LOD,0.0084,0.0001,<LOD,0.0000,0.0000,<LOD,0.1097,0.0003,10581.4170 , 273.4797,15.8329,<LOD,0.0478,0.0002,495.3152 , 36.0177,3.3064,<LOD,2.3253,0.0140,<LOD,0.0014,-0.0000,<LOD,0.8297,0.0155,<LOD,0.0112,-0.0000,8,440.600006,39.006283,-122.660637,10.000000,529383.375000,4317528.500000,
1209,Mining,123.28,32.99,30.10,30.07,30.12,"Mon Apr 27, 2026 - 15:19:10",User,1.5,ppm,,,,,,Mining,<LOD,1.0276,0.8981,103089.4844 , 1222.9843,2.3004,2.6105 , 1.6036,1.4392,<LOD,2.8695,0.1808,411.7847 , 15.2835,25.5492,509143.6875 , 3193.2029,<LOD,1.2580,0.2363,373.6000 , 35.0254,1.5559,<LOD,1.6371,1.8365,<LOD,34.1807,0.7077,<LOD,19.0738,2.2248,165.7287 , 4.1557,5.1074,<LOD,3.1608,0.3580,3617.9739 , 42.8033,12.5552,<LOD,0.0000,0.0000,<LOD,3.4212,0.3833,16820.4980 , 102.0847,13.3891,<LOD,3349.5791,0.0591,<LOD,20.8370,0.4389,<LOD,0.9234,6.2481,<LOD,0.7513,3.8130,<LOD,4.5881,0.2769,2993.0667 , 186.6651,0.9440,57.5327 , 1.6139,1.6939,<LOD,0.9334,0.6621,10.7682 , 1.0335,2.2674,<LOD,0.0000,0.0000,51583.0508 , 188.1349,23.7585,<LOD,3.0713,5.6319,<LOD,0.7429,0.3148,309508.4375 , 654.0588,40.4232,7.7526 , 1.6618,4.5767,1560.8629 , 3.9903,147.7042,<LOD,0.0000,0.0000,9.6281 , 0.8379,0.8949,212.4606 , 20.6669,4.0750,19.7656 , 1.5983,2.9189,372.3753 , 7.4695,3.6978,<LOD,0.0000,0.2154,2.5814 , 0.5312,2.7009,<LOD,1.9389,0.2616,36.3240 , 1.4829,34.6092,8,440.700012,39.006279,-122.660637,10.000000,529383.812500,4317528.000000,
1210,Mining,120.29,30.03,30.18,30.00,30.08,"Mon Apr 27, 2026 - 15:22:12",User,1.5,ppm,,,,,,Mining,<LOD,1.2768,0.8105,87693.1094 , 1379.1409,1.9441,2.9599 , 2.2342,1.7715,<LOD,3.6194,0.1833,776.6665 , 20.3053,27.6030,575848.0625 , 3729.3262,<LOD,1.6521,0.2616,677.2612 , 46.7613,1.8113,<LOD,2.0070,1.5977,<LOD,36.5535,0.6571,<LOD,39.6337,6.9405,185.7141 , 5.2557,4.7576,8.7466 , 2.9151,0.4546,16757.3926 , 96.3926,47.3991,<LOD,0.0000,0.0000,5.7606 , 1.9799,0.3896,16750.6738 , 121.4819,11.5094,5350.0781 , 2630.2034,0.0647,<LOD,25.9980,0.5124,<LOD,1.0908,5.0501,<LOD,0.8824,3.0571,<LOD,6.2335,0.2760,2928.6067 , 191.5327,0.8017,101.7399 , 2.2945,2.1922,<LOD,1.1417,0.5791,2.1051 , 1.2121,1.6597,<LOD,0.0000,0.0000,47167.4883 , 179.2734,18.5264,<LOD,3.9356,5.1447,<LOD,0.9743,0.3534,241895.5781 , 612.9130,25.2674,7.8449 , 2.0679,4.1502,2265.9019 , 5.3939,167.4599,<LOD,0.0000,0.0000,11.9063 , 1.0826,0.9339,1224.4398 , 25.9304,6.5939,24.8131 , 2.0672,3.0931,299.6219 , 8.9388,3.0617,<LOD,0.0000,0.2180,2.1455 , 0.6309,2.3869,<LOD,2.3172,0.2422,11.3831 , 1.8841,34.6624,9,440.899994,39.006279,-122.660629,10.000000,529384.250000,4317528.000000,
1211,Mining,123.27,32.69,30.29,30.16,30.13,"Mon Apr 27, 2026 - 15:29:49",User,1.5,ppm,,,,,,Mining,<LOD,1.1188,0.8007,23515.4590 , 706.2111,0.6698,5.3846 , 0.9975,0.6387,<LOD,2.3722,0.1194,294.7011 , 15.9327,19.7762,499253.4375 , 3587.3464,<LOD,1.0421,0.1579,2573.7639 , 53.9830,4.4662,<LOD,1.7654,1.6053,140.1295 , 24.3650,0.8096,<LOD,37.1058,9.5136,36.6507 , 4.0928,2.6477,<LOD,3.5300,0.3770,18916.6191 , 97.9568,60.1227,<LOD,0.0000,0.0000,<LOD,2.0974,0.2457,1194.6288 , 40.0289,1.3213,<LOD,5440.6501,0.0523,<LOD,20.3624,0.4938,<LOD,0.9026,7.3826,9.9385 , 0.4914,4.5840,<LOD,5.2697,0.2709,402.9069 , 98.4680,0.2134,7.9519 , 0.8405,0.4398,<LOD,1.0244,0.6012,10.5676 , 0.5874,1.0055,<LOD,0.0000,0.0000,22093.8594 , 123.0442,9.7545,<LOD,3.2694,4.7389,<LOD,0.6637,0.2459,414979.1562 , 799.4874,55.7963,<LOD,3.6896,3.7460,13.1813 , 0.3482,1.7637,<LOD,0.0000,0.0000,4.2124 , 0.6002,0.3952,13224.6934 , 58.6264,59.2754,<LOD,0.8861,0.3772,167.3286 , 14.0019,8.6175,<LOD,5.1061,0.2030,2.1445 , 0.4371,1.8403,<LOD,1.8994,0.2424,213.6883 , 1.2918,24.5846,9,436.100006,39.007206,-122.661469,10.000000,529311.250000,4317630.500000,
1212,Mining,120.21,30.08,30.01,30.08,30.04,"Mon Apr 27, 2026 - 15:32:13",User,1.5,ppm,,,,,,Mining,<LOD,1.0919,0.8117,23399.5762 , 703.3433,0.6646,5.1709 , 0.9855,0.6336,<LOD,2.2538,0.1098,299.8683 , 15.3981,19.7394,506856.2188 , 3064.7236,<LOD,1.0615,0.1670,2542.2981 , 54.0300,4.3504,<LOD,2.2895,1.6664,100.9844 , 24.4373,0.7904,<LOD,36.2374,9.1924,33.1792 , 4.1517,2.6225,<LOD,3.3333,0.3776,18273.7754 , 89.9361,57.8737,<LOD,0.0000,0.0000,<LOD,2.0630,0.2374,1314.3138 , 41.9300,1.4096,<LOD,4346.8748,0.0492,<LOD,20.0980,0.4868,<LOD,0.8955,7.4085,10.6779 , 0.4910,4.6764,<LOD,5.3732,0.3000,324.2685 , 98.8149,0.2049,8.1226 , 0.8331,0.4408,<LOD,0.9713,0.5724,10.6304 , 0.5842,1.0144,<LOD,0.0000,0.0000,21623.1348 , 120.3016,9.5127,<LOD,3.1757,4.7789,<LOD,0.6338,0.2276,410058.9375 , 718.6445,54.6211,<LOD,4.2423,3.7506,12.6745 , 0.3403,1.7210,<LOD,0.0000,0.0000,3.9063 , 0.6013,0.3977,13291.8818 , 55.9856,59.3143,<LOD,0.8823,0.3816,167.4765 , 14.2366,8.6192,<LOD,5.2863,0.2218,1.9991 , 0.4322,1.8335,<LOD,1.8457,0.2327,219.2755 , 1.2620,25.1498,8,443.899994,39.007118,-122.661552,10.000000,529303.937500,4317621.000000,
1213,Mining,120.28,30.02,30.05,30.15,29.46,"Mon Apr 27, 2026 - 15:34:50",User,1.5,ppm,,,,,,Mining,<LOD,1.7014,0.5606,72389.7578 , 2191.0405,1.6201,<LOD,1.8591,0.2787,<LOD,3.5911,0.0890,550.8378 , 25.4257,15.4215,428505.1250 , 6690.6880,<LOD,1.5903,0.1210,21133.8203 , 200.2377,23.8148,<LOD,2.5752,1.0081,<LOD,48.3068,0.7398,<LOD,75.5557,18.0479,175.0018 , 7.7418,3.7639,26.3027 , 3.6808,0.3685,55120.2148 , 206.8138,115.1655,<LOD,0.0000,0.0000,3.9730 , 2.2405,0.2084,17128.1406 , 166.6306,9.8683,39407.2656 , 4844.8750,0.1068,878.1194 , 36.6921,1.7558,<LOD,1.2314,4.1132,7.7411 , 0.6917,2.6958,<LOD,10.4046,0.2948,1116.3385 , 152.3587,0.2953,8.3002 , 1.2299,0.3051,<LOD,1.5194,0.4007,66.5614 , 1.5576,2.5066,<LOD,0.0000,0.0000,15855.0430 , 118.3047,5.1207,<LOD,4.9768,3.2307,<LOD,1.0137,0.1876,337803.0312 , 767.7657,30.3090,20.5829 , 2.7724,2.8753,112.3232 , 1.1108,5.5082,<LOD,0.0000,0.0000,7.1573 , 0.9617,0.3386,9159.9541 , 63.0509,27.6827,2.6415 , 1.0629,0.3892,252.2836 , 18.0037,4.8085,<LOD,8.2788,0.1783,26.2945 , 0.9465,2.7174,64.4281 , 3.5219,0.6411,178.7313 , 1.5852,12.3686,7,442.600006,39.007149,-122.661514,10.000000,529307.375000,4317624.500000,
1214,Mining,120.42,30.15,30.14,30.06,30.07,"Mon Apr 27, 2026 - 15:37:16",User,1.5,ppm,,,,,,Mining,<LOD,1.7257,0.5445,77853.5859 , 2243.8633,1.7326,<LOD,1.9242,0.2906,<LOD,3.5799,0.0864,564.2618 , 26.1594,15.4862,417925.4688 , 6733.1768,<LOD,1.7034,0.1358,20991.0938 , 202.0885,23.1111,<LOD,2.6236,0.9863,<LOD,47.7670,0.7380,<LOD,77.6025,17.7195,166.0327 , 7.8422,3.6496,26.7280 , 3.6966,0.3631,54451.1875 , 202.5988,111.6559,<LOD,0.0000,0.0000,6.1596 , 2.3576,0.2275,17146.2598 , 169.1767,9.6704,36850.5000 , 4687.8066,0.1027,855.3276 , 36.5976,1.6952,<LOD,1.2390,4.0744,8.4935 , 0.6984,2.6923,<LOD,10.2651,0.2723,1308.9163 , 154.1617,0.3134,10.0456 , 1.2764,0.3214,<LOD,1.5844,0.4134,67.2314 , 1.5666,2.4849,<LOD,0.0000,0.0000,16518.1777 , 118.3584,5.2343,<LOD,5.1006,3.2013,<LOD,1.0201,0.1859,345343.3750 , 752.6303,30.6588,17.6902 , 2.8352,2.8373,110.3898 , 1.1044,5.3408,<LOD,0.0000,0.0000,7.3197 , 1.0073,0.3559,9253.5820 , 64.0548,27.4038,1.9876 , 1.0589,0.3764,247.4744 , 18.3405,4.7278,<LOD,8.5517,0.1864,26.0078 , 0.9494,2.6726,63.3540 , 3.5300,0.6291,179.3732 , 1.5896,12.2021,7,445.700012,39.007160,-122.661385,10.000000,529318.500000,4317625.500000,
1215,Mining,120.05,30.27,30.06,30.24,29.48,"Mon Apr 27, 2026 - 15:40:07",User,1.5,ppm,,,,,,Mining,<LOD,1.0784,0.8243,33492.1016 , 800.0167,0.8596,3.6620 , 1.0742,0.7176,<LOD,2.1689,0.1039,281.2397 , 15.6826,21.3652,520975.5625 , 3347.7202,<LOD,1.0673,0.1721,2328.9763 , 47.9659,4.0500,<LOD,1.7170,1.6794,244.5201 , 26.7343,0.9235,<LOD,25.4999,4.1860,28.1779 , 3.2472,2.2414,<LOD,3.1919,0.3704,8004.5439 , 60.3655,25.1115,<LOD,0.0000,0.0000,<LOD,2.0208,0.2348,6828.3926 , 69.9422,5.3702,<LOD,4646.9410,0.0457,<LOD,21.5821,0.5139,<LOD,0.8389,6.6821,5.4532 , 0.4602,4.1780,<LOD,4.8321,0.2882,590.7762 , 100.7810,0.2198,16.6825 , 0.9779,0.6241,<LOD,1.0012,0.6373,45.4025 , 0.9757,3.2531,<LOD,0.0000,0.0000,11927.7637 , 90.3813,5.1761,<LOD,3.2601,5.3140,<LOD,0.6087,0.2141,404760.5000 , 755.9033,51.3448,5.9074 , 1.7542,4.2241,9.8190 , 0.3165,1.5351,<LOD,0.0000,0.0000,4.1419 , 0.6324,0.4720,8027.1045 , 38.2126,34.6383,<LOD,0.9661,0.4630,93.8429 , 9.5580,5.0920,<LOD,5.0324,0.2031,2.8528 , 0.5035,2.4782,<LOD,2.1365,0.3171,136.8172 , 1.0103,17.1743,9,440.399994,39.007191,-122.661507,10.000000,529307.625000,4317629.000000,
1216,Mining,120.14,30.01,30.05,30.01,29.17,"Mon Apr 27, 2026 - 15:42:44",User,1.5,ppm,,,,,,Mining,<LOD,1.1142,0.8438,34330.6836 , 833.0405,0.8686,5.0066 , 1.1004,0.7472,<LOD,2.3436,0.1181,267.7695 , 15.7517,20.4730,533380.2500 , 3426.1638,<LOD,1.0651,0.1663,2379.9980 , 49.8468,4.0315,<LOD,1.7417,1.6539,235.2727 , 27.5683,0.9271,<LOD,24.4428,3.7054,28.3021 , 3.2719,2.0938,<LOD,3.0643,0.3309,7372.4990 , 57.7877,22.4156,<LOD,0.0000,0.0000,<LOD,2.0911,0.2495,7893.9609 , 76.1410,5.9705,<LOD,4727.5052,0.0445,<LOD,21.9348,0.5133,<LOD,0.8437,6.5523,6.6750 , 0.4702,4.2434,<LOD,4.8750,0.2907,455.7720 , 98.6722,0.1942,16.3461 , 0.9781,0.6055,<LOD,0.9950,0.5992,50.6168 , 1.0249,3.4910,<LOD,0.0000,0.0000,11819.8301 , 91.1124,4.9839,<LOD,3.2648,5.0508,<LOD,0.6394,0.2280,390682.5312 , 748.3870,47.4431,<LOD,4.0418,4.0310,8.7299 , 0.3080,1.4106,<LOD,0.0000,0.0000,4.8203 , 0.6430,0.4816,8654.2246 , 40.0870,35.9743,<LOD,1.3051,0.4793,97.4476 , 10.0192,5.2213,<LOD,4.8894,0.1857,3.1147 , 0.5165,2.5246,<LOD,2.0976,0.2965,147.8271 , 1.0463,17.8238,9,440.299988,39.007187,-122.661507,10.000000,529307.687500,4317628.500000,
1217,Mining,123.07,32.74,30.10,30.12,30.11,"Mon Apr 27, 2026 - 15:45:39",User,1.5,ppm,,,,,,Mining,<LOD,0.9972,0.9406,37902.6953 , 715.6909,0.9544,<LOD,2.1276,0.5786,<LOD,2.1214,0.1242,240.5150 , 13.9229,22.3399,534060.1250 , 2440.8162,<LOD,0.9207,0.1593,755.5242 , 32.3012,1.8929,<LOD,1.5354,1.7814,83.1805 , 22.1050,0.8317,<LOD,18.5675,2.6549,25.9724 , 2.9200,2.3061,<LOD,4.3140,0.4347,4327.9321 , 42.2107,15.5069,<LOD,0.0000,0.0000,<LOD,1.9188,0.2637,8375.1123 , 71.7148,7.1567,8619.0410 , 1913.1774,0.0562,24.4991 , 14.4560,0.6233,<LOD,0.7796,7.2324,4.0087 , 0.4276,4.5085,<LOD,4.4956,0.3339,517.8027 , 87.3350,0.2182,11.2627 , 0.8393,0.5716,<LOD,0.8811,0.6520,53.7682 , 0.9957,4.3050,<LOD,0.0000,0.0000,8371.1055 , 69.0113,4.0822,<LOD,2.8901,5.5013,<LOD,0.5748,0.2344,389878.4688 , 612.7407,53.9105,<LOD,3.0313,4.3878,9.5089 , 0.2984,1.7078,<LOD,0.0000,0.0000,4.0886 , 0.5716,0.5017,6521.8745 , 30.6767,31.4207,<LOD,0.9038,0.5160,77.7931 , 8.1745,4.6666,<LOD,4.7416,0.2233,4.2976 , 0.5007,3.0649,<LOD,2.0451,0.3600,131.4336 , 0.9313,18.9713,9,439.899994,39.007187,-122.661507,10.000000,529307.687500,4317628.500000,
1218,Mining,122.76,32.61,30.07,30.03,30.05,"Mon Apr 27, 2026 - 15:49:17",User,1.5,ppm,,,,,,Mining,<LOD,1.0050,0.9019,40982.9922 , 743.2966,1.0137,<LOD,1.9922,0.5345,<LOD,2.2400,0.1385,278.1469 , 14.2127,22.3965,542263.6875 , 2428.0417,<LOD,0.9439,0.1667,792.7538 , 32.9905,1.9541,<LOD,1.6076,1.8728,78.8964 , 22.5663,0.8526,<LOD,19.5684,2.9478,30.7903 , 2.9902,2.3866,<LOD,3.0400,0.4142,5022.5542 , 45.0369,17.7271,<LOD,0.0000,0.0000,<LOD,1.7802,0.2669,8634.5537 , 72.8870,7.3174,6415.5005 , 1884.7635,0.0530,56.0681 , 15.1646,0.6911,<LOD,0.7911,7.4171,5.0798 , 0.4356,4.6568,<LOD,4.5498,0.3398,574.8926 , 89.7383,0.2282,9.1528 , 0.8020,0.5181,<LOD,0.9106,0.6605,53.0094 , 0.9926,4.2308,<LOD,0.0000,0.0000,9912.3320 , 75.0161,4.7613,<LOD,3.8038,5.5120,<LOD,0.5853,0.2457,377683.4375 , 606.6356,51.3466,6.9617 , 1.5922,4.3815,9.4024 , 0.2964,1.6756,<LOD,0.0000,0.0000,4.2136 , 0.5786,0.5063,6964.0283 , 31.6532,33.1911,<LOD,1.5252,0.5534,81.6090 , 8.4311,4.8992,<LOD,0.0000,0.2370,5.0947 , 0.5042,3.0973,<LOD,2.5758,0.4048,134.7701 , 0.9379,19.1196,9,439.500000,39.007183,-122.661522,10.000000,529306.812500,4317628.000000,
1219,Mining,120.59,30.30,30.03,30.09,30.17,"Mon Apr 27, 2026 - 15:52:03",User,1.5,ppm,,,,,,Mining,<LOD,1.0658,0.9701,23989.7559 , 706.0318,0.6655,<LOD,1.6536,0.6602,<LOD,2.3756,0.1383,355.6661 , 15.5057,25.7648,536044.4375 , 3326.7090,<LOD,1.0876,0.1984,3920.1812 , 54.9896,6.6567,<LOD,1.6753,1.9233,541.9992 , 26.8446,1.1016,<LOD,16.9853,1.9695,10.0460 , 2.8146,1.9532,3.8044 , 2.2641,0.4633,3159.7964 , 38.4443,11.1022,<LOD,0.0000,0.0000,<LOD,2.1208,0.2816,3812.3440 , 51.0492,3.3148,49134.0078 , 3059.5156,0.1346,356.1467 , 21.9791,1.2936,<LOD,0.8445,7.5493,6.2588 , 0.4633,4.7244,<LOD,5.7809,0.5248,296.6015 , 90.2864,0.1939,18.5519 , 1.0004,0.7250,<LOD,0.9894,0.7490,31.6515 , 0.8393,2.6259,<LOD,0.0000,0.0000,35837.8477 , 151.8054,16.2601,<LOD,3.1473,5.9058,<LOD,0.6779,0.2977,335672.8750 , 694.8533,43.5700,4.8423 , 1.7043,4.8059,8.8535 , 0.3050,1.5877,<LOD,0.0000,0.0000,4.1257 , 0.6326,0.5178,6528.9424 , 32.6187,29.7768,<LOD,1.0604,0.4935,80.2648 , 8.2091,4.4112,<LOD,5.4952,0.2663,7.8720 , 0.5174,2.9917,29.7655 , 2.0555,0.7357,143.3522 , 1.0247,19.5835,8,439.100006,39.007179,-122.661514,10.000000,529307.375000,4317628.000000,
1220,Mining,123.15,32.70,30.30,30.09,30.06,"Mon Apr 27, 2026 - 15:54:36",User,1.5,ppm,,,,,,Mining,<LOD,1.0540,0.9518,24348.1582 , 706.3307,0.6731,<LOD,1.6743,0.6880,<LOD,2.4950,0.1531,368.2660 , 15.4360,25.8032,540291.5625 , 3277.8728,<LOD,1.0992,0.2024,4001.9524 , 55.0468,6.7998,<LOD,1.6724,1.9291,515.6713 , 26.7825,1.0861,<LOD,17.0539,1.9840,9.4026 , 2.7959,1.9598,6.0038 , 2.3126,0.4832,3170.4253 , 38.5404,11.1683,<LOD,0.0000,0.0000,<LOD,2.1579,0.2921,3705.9822 , 50.0675,3.2447,44880.0703 , 3002.1938,0.1275,348.4998 , 21.9235,1.2854,<LOD,0.8482,7.6053,6.6234 , 0.4666,4.7888,<LOD,5.6773,0.5040,285.6719 , 90.9759,0.1932,20.1126 , 1.0259,0.7620,<LOD,0.9947,0.7616,32.2336 , 0.8485,2.6814,<LOD,0.0000,0.0000,35813.9570 , 152.0563,16.3083,<LOD,3.1276,5.8644,<LOD,0.6773,0.2908,335382.0000 , 691.1053,43.6523,5.2716 , 1.6918,4.7585,8.4999 , 0.3027,1.5616,<LOD,0.0000,0.0000,4.4458 , 0.6431,0.5373,6527.3599 , 32.2598,29.8277,<LOD,1.1577,0.5029,85.3378 , 8.1722,4.4502,<LOD,5.5448,0.2711,7.2860 , 0.5156,2.9615,30.8094 , 2.0798,0.7524,144.4065 , 1.0288,19.7694,7,438.399994,39.007187,-122.661507,10.000000,529307.687500,4317628.500000,
1221,Mining,30.10,28.90,,,,"Mon Apr 27, 2026 - 16:18:19",User,1.5,ppm,,,,,,Mining,532.0050 , 451.9114,12.3089,,,,<LOD,17.7859,0.2407,<LOD,25.3255,0.0554,,,,113958.7422 , 15589.7109,<LOD,19.4344,0.1198,,,,<LOD,33.3640,4.9087,,,,<LOD,478.2253,234.5034,8775.5029 , 107.6196,22.6714,1649.8541 , 62.5017,1.5709,866588.1250 , 694.8842,1581.6287,<LOD,0.0000,0.0000,<LOD,25.2026,0.1344,,,,,,,2784.9534 , 122.2066,10.9860,4230.3486 , 25.3178,50.7005,<LOD,6.6849,0.8239,1332.1921 , 152.7552,0.8838,,,,65.0481 , 14.6105,0.5563,<LOD,35.2408,5.9996,4.6278 , 2.0404,0.0503,<LOD,0.0000,0.0000,,,,<LOD,59.4750,5.8459,<LOD,7.2488,0.1212,,,,78.5890 , 29.4413,6.5724,<LOD,3.9438,0.1842,<LOD,0.0000,0.0000,<LOD,17.9561,-1.0606,<LOD,404.0849,1.4948,<LOD,2.1159,0.0027,<LOD,257.2608,1.5010,<LOD,76.7848,0.1857,<LOD,4.0741,0.2468,<LOD,23.8966,0.1809,<LOD,3.4615,0.4294,5,428.700012,39.000793,-122.662941,10.000000,529186.500000,4316918.500000,
1224,Mining,30.13,30.13,,,,"Mon Apr 27, 2026 - 17:09:58",User,1.5,ppm,,,,,,Mining,541.9810 , 460.3782,12.1450,,,,15.9588 , 10.6889,0.2195,<LOD,32.6338,0.0728,,,,102666.3203 , 15621.7695,<LOD,15.6538,0.1088,,,,<LOD,47.9642,4.9764,,,,<LOD,475.6821,233.6229,8891.8779 , 106.4699,22.8923,1708.1030 , 63.1211,1.5822,877434.0000 , 745.3472,1579.2604,<LOD,0.0000,0.0000,<LOD,27.6936,0.1463,,,,,,,2894.6650 , 122.0252,11.1356,4309.9302 , 25.4302,50.3568,<LOD,6.0512,0.8168,1353.9628 , 152.8397,0.8479,,,,<LOD,18.8771,0.4511,<LOD,35.1133,5.8725,<LOD,0.8839,-0.0054,<LOD,0.0000,0.0000,,,,<LOD,59.2299,5.6970,<LOD,7.8298,0.1368,,,,129.7894 , 29.5612,6.6283,<LOD,2.2151,0.1131,<LOD,0.0000,0.0000,<LOD,17.5893,-0.9963,<LOD,517.5690,1.5299,<LOD,1.0533,-0.0079,53.3918 , 50.2279,1.5459,<LOD,77.3994,0.1868,<LOD,4.2817,0.2828,<LOD,25.1763,0.1987,<LOD,5.3099,0.4566,,,,,,,,
1225,Mining,122.87,32.58,30.10,30.09,30.10,"Mon Apr 27, 2026 - 19:09:41",User,1.5,ppm,,,,,,Mining,<LOD,1.2123,0.7046,100230.1094 , 1409.3618,2.1999,<LOD,1.3932,0.3537,<LOD,2.6187,0.1087,237.0051 , 17.0377,16.5043,490395.2812 , 3583.0581,<LOD,1.2053,0.1582,3482.0742 , 67.5811,5.3393,<LOD,1.8918,1.3741,<LOD,37.2552,0.7176,<LOD,56.5456,8.7963,67.2201 , 4.4923,2.9653,38.5846 , 3.1389,0.5913,19514.5566 , 96.4443,53.6198,<LOD,0.0000,0.0000,<LOD,2.3812,0.2368,10152.4854 , 97.1123,7.0849,4680.7290 , 2273.4604,0.0498,68.2930 , 18.0439,0.6701,<LOD,0.9565,5.9704,7.3655 , 0.5282,3.7706,<LOD,6.2126,0.2989,801.0226 , 112.1452,0.2559,7.0841 , 0.9157,0.3892,<LOD,1.1204,0.5398,65.3899 , 1.2506,3.8226,<LOD,0.0000,0.0000,13314.4824 , 93.2056,5.2125,<LOD,3.5574,4.2146,<LOD,0.7315,0.2225,348292.9688 , 657.9645,37.7873,12.1720 , 1.9473,3.5145,77.2812 , 0.7530,6.0967,<LOD,0.0000,0.0000,6.4256 , 0.7425,0.4806,8163.4609 , 42.4610,31.3727,2.4509 , 0.8154,0.5400,211.8494 , 12.0125,5.3101,<LOD,5.8272,0.1972,4.8169 , 0.6007,2.4867,7.9020 , 1.8803,0.4038,158.9902 , 1.1919,17.1649,6,425.799988,39.004257,-122.665131,10.000000,528995.125000,4317302.500000,
1226,Mining,122.93,32.80,30.00,30.06,30.07,"Mon Apr 27, 2026 - 19:12:32",User,1.5,ppm,,,,,,Mining,<LOD,1.2420,0.7064,108354.4219 , 1570.7321,2.3683,<LOD,1.3658,0.3220,<LOD,2.6372,0.1075,252.4936 , 17.3302,16.3487,461292.0625 , 3971.4910,<LOD,1.1844,0.1489,2614.2068 , 60.7730,4.0847,<LOD,1.9398,1.3838,<LOD,41.1128,0.8019,<LOD,59.8733,9.1474,67.4089 , 4.5269,2.9460,34.7392 , 3.0654,0.5499,20787.1562 , 102.0657,55.8356,<LOD,0.0000,0.0000,<LOD,2.3618,0.2234,10317.1494 , 98.1179,7.0408,9398.7598 , 2540.8723,0.0574,74.1968 , 18.0992,0.6668,<LOD,0.9606,5.8731,8.0389 , 0.5306,3.7070,<LOD,6.3458,0.3022,853.2588 , 115.4691,0.2507,7.5885 , 0.9185,0.3819,<LOD,1.1346,0.5277,63.5013 , 1.2378,3.6243,<LOD,0.0000,0.0000,11292.9766 , 89.5411,4.3589,<LOD,3.5980,4.0964,<LOD,0.7298,0.2146,365619.7812 , 706.5092,39.3099,8.2183 , 1.9570,3.3612,76.6264 , 0.7515,5.8711,<LOD,0.0000,0.0000,5.0354 , 0.7150,0.4263,8480.6768 , 44.2857,32.0020,3.0184 , 0.8184,0.5299,218.3118 , 12.2395,5.4087,<LOD,6.0094,0.2047,5.0935 , 0.5980,2.4025,9.6038 , 1.9156,0.4087,155.6884 , 1.1878,16.3459,6,425.700012,39.004261,-122.665138,10.000000,528994.437500,4317303.000000,
1227,Mining,120.57,30.04,30.24,30.11,29.23,"Mon Apr 27, 2026 - 19:16:38",User,1.5,ppm,,,,,,Mining,<LOD,1.3678,0.6442,156715.2500 , 2310.3472,3.3443,<LOD,1.4140,0.2549,<LOD,2.9879,0.1051,418.7151 , 19.7629,16.5448,416857.5938 , 5534.9185,<LOD,1.2886,0.1347,27062.7871 , 194.5334,34.9257,<LOD,2.0241,1.1048,<LOD,41.2353,0.7055,<LOD,64.3034,12.7673,102.1390 , 5.4131,3.0610,45.1899 , 3.4735,0.5474,32370.3418 , 155.9133,79.4600,<LOD,0.0000,0.0000,<LOD,2.7550,0.2271,9106.2061 , 105.3020,6.1535,25201.1035 , 3384.7083,0.0831,518.2846 , 27.6250,1.3600,<LOD,1.1239,4.6788,5.8319 , 0.5648,3.0890,<LOD,7.6768,0.3137,937.9101 , 124.4835,0.2628,6.8517 , 0.9797,0.3300,<LOD,1.2596,0.4906,42.8195 , 1.1486,2.2359,<LOD,0.0000,0.0000,6595.8457 , 73.5305,2.5853,<LOD,3.8894,3.5073,<LOD,0.8307,0.2120,318063.5938 , 770.6610,31.7826,14.9251 , 2.1721,3.1327,235.0560 , 1.4609,14.4131,<LOD,0.0000,0.0000,3.7845 , 0.7441,0.3343,5375.3760 , 42.5401,18.9464,2.2202 , 0.9487,0.5378,152.2439 , 11.7936,3.3950,<LOD,7.1455,0.2238,17.6481 , 0.7127,2.6597,38.1466 , 2.6162,0.5905,110.0671 , 1.2109,12.3376,5,432.700012,39.004280,-122.665039,10.000000,529003.187500,4317305.000000,
1228,Mining,48.49,30.02,18.47,,,"Mon Apr 27, 2026 - 19:18:11",User,1.5,ppm,,,,,,Mining,<LOD,6.7637,32.7266,,,,<LOD,1.7209,0.3071,<LOD,3.4110,0.1029,,,,943565.0625 , 394.1462,<LOD,1.5010,0.1367,3678.4946 , 108.2374,4.4152,<LOD,7.3089,33.1002,,,,<LOD,58.1436,11.4905,102.6377 , 7.9166,3.0890,45.7309 , 3.9578,0.5299,33202.5664 , 117.7938,71.7509,<LOD,0.0000,0.0000,<LOD,3.1328,0.2224,10965.2900 , 162.4186,6.6885,,,,354.5700 , 27.5680,1.0372,<LOD,1.1916,5.0168,4.9015 , 0.6471,3.0427,<LOD,8.6908,0.3077,,,,7.2288 , 1.1159,0.3210,<LOD,7.8023,39.0434,57.7777 , 1.4723,2.8833,<LOD,0.0000,0.0000,,,,<LOD,12.4472,34.4773,<LOD,0.9070,0.1853,,,,<LOD,8.7217,28.6412,206.1938 , 1.4080,12.0748,<LOD,0.0000,0.0000,4.9752 , 0.8906,0.3695,7403.9067 , 62.3363,23.9999,3.8670 , 1.1180,0.5617,215.6051 , 18.8756,4.2412,<LOD,7.9010,0.2035,10.1438 , 0.7796,2.3505,33.9966 , 2.8563,0.5254,137.0328 , 1.4073,13.6481,6,429.799988,39.004280,-122.665024,10.000000,529004.375000,4317305.000000,
1229,Mining,120.33,30.03,30.18,30.03,30.09,"Mon Apr 27, 2026 - 19:20:30",User,1.5,ppm,,,,,,Mining,<LOD,1.4225,0.6404,127877.3281 , 2229.8098,2.7464,<LOD,1.4896,0.2720,<LOD,2.9545,0.0947,400.8369 , 20.2158,15.8573,443410.2500 , 5576.3906,<LOD,1.3982,0.1464,14979.8154 , 143.4278,17.9600,<LOD,2.0994,1.0943,<LOD,41.9885,0.6613,<LOD,52.2757,10.7871,118.2742 , 5.6915,3.2414,35.6189 , 3.3683,0.4726,29154.2246 , 136.7223,67.1691,<LOD,0.0000,0.0000,<LOD,3.5846,0.2150,11301.4189 , 115.9194,6.8967,24999.8145 , 3425.2324,0.0796,357.3542 , 25.6418,1.0434,<LOD,1.0233,4.5165,5.0414 , 0.5690,2.8971,<LOD,7.5646,0.2868,757.3203 , 116.9576,0.2067,6.7786 , 0.9990,0.3169,<LOD,1.2633,0.4506,52.0248 , 1.2648,2.5479,<LOD,0.0000,0.0000,7385.7598 , 77.7289,2.6250,<LOD,4.0839,3.6299,<LOD,0.8294,0.1964,331709.3750 , 748.3757,30.6561,19.5661 , 2.2585,3.1325,206.4725 , 1.3501,12.1588,<LOD,0.0000,0.0000,3.7295 , 0.7929,0.3451,6852.1309 , 46.0092,22.3910,4.3844 , 0.9956,0.5492,199.8018 , 12.9462,3.9811,<LOD,6.7892,0.1852,10.4005 , 0.6808,2.2121,28.7729 , 2.5025,0.4968,123.5109 , 1.2539,12.4745,7,428.700012,39.004219,-122.665115,10.000000,528996.312500,4317298.000000,
1230,Mining,120.45,30.17,30.04,30.11,30.13,"Mon Apr 27, 2026 - 19:24:15",User,1.5,ppm,,,,,,Mining,<LOD,1.3597,0.6210,106732.5781 , 1822.2827,2.3244,<LOD,1.3975,0.2791,<LOD,2.7180,0.0926,364.2724 , 19.4811,15.6655,453659.6250 , 4598.9863,<LOD,1.1550,0.1148,5444.5908 , 88.9919,7.1155,<LOD,2.0763,1.1498,<LOD,40.8820,0.6869,<LOD,50.3501,11.5887,109.8894 , 5.3601,3.2234,26.5093 , 3.0192,0.4363,29854.5859 , 126.6931,72.6087,<LOD,0.0000,0.0000,<LOD,2.9462,0.2118,10264.8984 , 107.9311,6.4419,16030.4043 , 3011.8630,0.0670,356.4146 , 24.3360,1.0897,<LOD,0.9514,4.7068,5.2506 , 0.5259,2.9911,<LOD,6.9364,0.2603,816.8995 , 121.7147,0.2405,6.4221 , 0.9288,0.3162,<LOD,1.2588,0.4780,53.7480 , 1.1886,2.6733,<LOD,0.0000,0.0000,12232.8027 , 95.2786,4.3119,<LOD,3.9194,3.5223,<LOD,0.7575,0.1881,356696.0625 , 716.4260,34.7774,11.3801 , 2.1566,3.0054,114.9870 , 0.9464,7.3557,<LOD,0.0000,0.0000,3.3254 , 0.6827,0.3070,6850.2480 , 43.8079,23.6416,<LOD,1.6545,0.4341,204.4422 , 12.5552,4.2160,<LOD,6.2230,0.1789,7.3461 , 0.6224,2.1242,29.2554 , 2.3763,0.5154,124.0705 , 1.1394,12.1516,7,428.500000,39.004227,-122.665024,10.000000,529004.250000,4317299.000000,
1231,Mining,120.58,30.29,30.04,30.16,30.09,"Mon Apr 27, 2026 - 19:27:25",User,1.5,ppm,,,,,,Mining,<LOD,1.3542,0.6417,122924.6016 , 1837.3424,2.6489,<LOD,1.4360,0.2860,<LOD,2.7562,0.0955,331.4759 , 19.1557,15.5878,455424.6562 , 4424.1680,<LOD,1.2411,0.1332,2379.6606 , 65.7818,3.4772,<LOD,2.0785,1.2048,<LOD,39.9460,0.6712,<LOD,49.6747,11.1947,88.9714 , 5.2552,3.0066,26.7088 , 3.0474,0.4453,28566.6719 , 120.7980,69.9581,<LOD,0.0000,0.0000,<LOD,2.5347,0.2099,10254.9258 , 109.1259,6.4386,9004.0566 , 2600.1138,0.0518,271.9218 , 22.9728,0.9594,<LOD,0.9854,4.9850,6.6328 , 0.5461,3.1670,<LOD,6.9735,0.2707,571.6222 , 105.0210,0.1810,8.3334 , 0.9781,0.3526,<LOD,1.2226,0.4678,60.7124 , 1.2589,3.0391,<LOD,0.0000,0.0000,4257.7676 , 58.5783,1.6600,<LOD,3.8807,3.5932,<LOD,0.7615,0.1897,357907.5938 , 697.9569,34.5028,12.2933 , 2.1422,3.0908,90.0330 , 0.8418,5.9543,<LOD,0.0000,0.0000,4.4986 , 0.7380,0.3629,7434.1680 , 45.3668,25.7273,2.0368 , 0.8433,0.4554,199.4714 , 12.9712,4.4423,<LOD,6.4533,0.1931,6.7579 , 0.6337,2.1996,24.2238 , 2.3024,0.4846,140.1979 , 1.1846,13.2814,6,420.899994,39.004372,-122.665108,10.000000,528997.375000,4317315.000000,
1232,Mining,60.34,30.22,29.82,,,"Mon Apr 27, 2026 - 19:29:54",User,1.5,ppm,,,,,,Mining,<LOD,6.8275,34.4465,,,,<LOD,1.7826,0.3318,<LOD,3.2782,0.0975,,,,939623.4375 , 396.2173,<LOD,1.5598,0.1524,4914.6445 , 95.9944,5.9248,<LOD,7.3576,34.2377,,,,<LOD,78.6684,12.4450,111.2993 , 6.4164,3.3237,40.2742 , 3.8254,0.5114,34545.3906 , 119.2990,77.0128,<LOD,0.0000,0.0000,<LOD,3.0532,0.2220,11527.0879 , 131.2533,7.2837,,,,377.4063 , 27.6922,1.0980,<LOD,1.1904,5.2100,6.8085 , 0.6538,3.2511,<LOD,8.4143,0.2794,,,,10.4433 , 1.1804,0.3711,<LOD,7.8922,41.3456,61.8418 , 1.4871,3.0947,<LOD,0.0000,0.0000,,,,<LOD,12.5409,35.7935,<LOD,0.9300,0.2075,,,,<LOD,8.7764,29.5906,98.5281 , 0.9941,6.1895,<LOD,0.0000,0.0000,4.9495 , 0.9117,0.3931,8266.8271 , 51.5098,27.5614,2.8421 , 1.0229,0.4836,216.8204 , 15.5230,4.7157,<LOD,7.5748,0.1931,7.5269 , 0.7599,2.2820,33.6174 , 2.8283,0.5321,150.2890 , 1.3847,13.8010,6,421.000000,39.004375,-122.665062,10.000000,529000.875000,4317315.500000,
1233,Mining,123.00,32.69,30.10,30.05,30.16,"Mon Apr 27, 2026 - 19:33:39",User,1.5,ppm,,,,,,Mining,<LOD,1.3343,0.6432,128476.5547 , 1934.1682,2.7736,<LOD,1.4803,0.3058,<LOD,2.9435,0.1060,368.2849 , 19.3270,16.4859,410072.7812 , 4934.7754,<LOD,1.2365,0.1286,7761.7725 , 108.2215,10.2725,<LOD,2.0493,1.2042,<LOD,39.8171,0.6976,<LOD,52.3740,12.3803,100.7798 , 5.5979,3.2861,34.5909 , 3.2530,0.4957,31011.4219 , 138.7352,77.5681,<LOD,0.0000,0.0000,<LOD,2.9339,0.2222,11323.6973 , 117.5945,7.3602,20363.5977 , 3022.6055,0.0728,371.2490 , 25.1209,1.1451,<LOD,1.0435,5.0757,6.7597 , 0.5600,3.2018,<LOD,7.3776,0.2948,649.8903 , 106.0715,0.1972,7.4861 , 0.9844,0.3464,<LOD,1.2186,0.4812,56.9837 , 1.2619,2.9174,<LOD,0.0000,0.0000,5038.8130 , 62.5128,1.9770,<LOD,3.8809,3.7104,<LOD,0.8092,0.2086,376199.6875 , 752.7501,38.5327,14.3144 , 2.1502,3.2294,105.5157 , 0.9346,6.9389,<LOD,0.0000,0.0000,5.1580 , 0.7486,0.3680,7636.4326 , 49.0736,27.1958,3.2689 , 0.8886,0.4908,206.3542 , 13.6471,4.7150,<LOD,6.6136,0.1976,10.1408 , 0.6672,2.3830,33.6024 , 2.5085,0.5615,140.8238 , 1.2347,13.5803,5,425.299988,39.004078,-122.665260,10.000000,528983.812500,4317282.500000,
1234,Mining,120.32,30.13,30.04,30.11,28.54,"Mon Apr 27, 2026 - 19:41:58",User,1.5,ppm,,,,,,Mining,<LOD,1.3097,0.6567,103569.3906 , 1750.1843,2.2700,<LOD,1.4254,0.3046,<LOD,2.7974,0.1052,351.4510 , 19.2686,17.4049,429260.7500 , 4575.9355,<LOD,1.1783,0.1282,5067.5522 , 85.3443,7.0013,<LOD,2.0693,1.3116,<LOD,41.5903,0.7064,<LOD,71.5529,10.9648,98.9394 , 5.1584,3.2106,32.6639 , 3.1430,0.5058,26146.7480 , 122.6273,67.4135,<LOD,0.0000,0.0000,<LOD,2.4531,0.2071,10099.4189 , 106.1494,6.6786,18417.1719 , 3047.3188,0.0702,313.4122 , 23.6640,1.0611,<LOD,0.9703,5.1444,6.0629 , 0.5388,3.2886,<LOD,6.9059,0.2940,588.1089 , 111.6195,0.1980,7.8317 , 0.9628,0.3648,<LOD,1.2461,0.5366,52.8654 , 1.1878,2.8615,<LOD,0.0000,0.0000,7940.8140 , 80.2917,3.0195,<LOD,3.8940,3.9910,<LOD,0.7807,0.2146,390612.1875 , 777.3665,41.3159,13.2406 , 2.1494,3.4342,104.2848 , 0.9072,7.2529,<LOD,0.0000,0.0000,5.4067 , 0.7238,0.3843,6950.3110 , 43.9360,25.2539,1.7499 , 0.8329,0.4756,199.9448 , 12.3800,4.4412,<LOD,6.4336,0.2051,8.4889 , 0.6305,2.3514,22.7780 , 2.2571,0.4971,128.4301 , 1.1575,13.3562,6,427.000000,39.004097,-122.665207,10.000000,528988.437500,4317284.500000,
1235,Mining,16.55,16.55,,,,"Mon Apr 27, 2026 - 19:44:14",User,1.5,ppm,,,,,,Mining,<LOD,8.3489,38.8879,,,,<LOD,2.2639,0.4113,<LOD,4.0474,0.1111,,,,977247.2500 , 381.7235,<LOD,1.8764,0.1631,,,,<LOD,9.0582,40.5396,,,,<LOD,52.7529,5.8982,<LOD,58.0283,0.4730,41.9266 , 4.9298,0.6138,14609.1309 , 113.4287,35.7803,<LOD,0.0000,0.0000,<LOD,3.9593,0.2581,,,,,,,<LOD,37.7517,0.5149,<LOD,1.4894,6.3850,6.3567 , 0.8052,3.8714,<LOD,9.1421,0.2992,,,,9.5043 , 1.4389,0.4118,<LOD,9.6962,47.9872,64.5574 , 1.9271,3.9344,<LOD,0.0000,0.0000,,,,<LOD,15.2924,41.0047,<LOD,1.1013,0.2122,,,,<LOD,10.7084,33.9457,118.0498 , 1.3768,8.9822,<LOD,0.0000,0.0000,4.4540 , 1.1145,0.4508,7724.4316 , 273.3614,3.6850,<LOD,2.7070,0.5766,<LOD,217.2670,1.1873,<LOD,8.9969,0.1983,3.4046 , 0.9216,2.5130,7.1300 , 2.9030,0.4059,163.7984 , 1.8392,18.5646,8,421.500000,39.004345,-122.665077,10.000000,528999.562500,4317312.000000,
1236,Mining,120.51,30.08,30.25,30.13,28.26,"Mon Apr 27, 2026 - 19:47:37",User,1.5,ppm,,,,,,Mining,<LOD,1.4644,0.6175,125699.1094 , 2340.0266,2.7057,<LOD,1.5032,0.2529,<LOD,3.1268,0.1014,396.4036 , 21.2895,15.9217,434989.5000 , 5822.5518,<LOD,1.3997,0.1396,18148.8887 , 157.8402,21.6352,<LOD,2.2585,1.1674,<LOD,44.6489,0.6788,55.6218 , 36.9689,11.9304,114.4708 , 5.5913,3.0899,34.7174 , 3.4072,0.4615,31963.8652 , 148.5801,73.3390,<LOD,0.0000,0.0000,2.8420 , 1.9138,0.2281,9876.6592 , 109.5126,6.0873,24577.5469 , 3637.0400,0.0795,431.1771 , 27.2738,1.1582,<LOD,1.0375,4.4345,5.4384 , 0.5788,2.8631,<LOD,7.6460,0.2926,794.0569 , 124.6968,0.2132,8.1640 , 1.0407,0.3277,<LOD,1.3406,0.4645,47.9887 , 1.2309,2.2993,<LOD,0.0000,0.0000,5744.4238 , 73.1401,2.1025,<LOD,4.2745,3.5935,<LOD,0.8324,0.1842,340556.7812 , 788.6100,31.7032,15.6046 , 2.3635,3.1114,182.7350 , 1.2914,10.6207,<LOD,0.0000,0.0000,3.0620 , 0.7857,0.3182,6034.0757 , 43.9541,19.7590,1.9570 , 0.9576,0.4785,167.4111 , 12.2959,3.5028,<LOD,6.8660,0.1807,11.9560 , 0.6976,2.2203,28.0667 , 2.5364,0.4869,107.4415 , 1.1993,10.8697,6,418.299988,39.004250,-122.665169,10.000000,528991.812500,4317301.500000,
1237,Mining,122.75,32.52,30.00,30.14,30.09,"Mon Apr 27, 2026 - 19:51:25",User,1.5,ppm,,,,,,Mining,<LOD,1.4615,0.6306,142339.4688 , 2378.9517,3.0454,<LOD,1.5791,0.2685,<LOD,3.0825,0.0931,457.3210 , 21.4771,16.7489,428382.8438 , 5973.1733,<LOD,1.5534,0.1640,33538.6094 , 221.2926,41.9528,<LOD,2.1969,1.1193,<LOD,41.2887,0.6867,<LOD,58.9383,13.1735,110.2680 , 5.7800,3.0929,40.3893 , 3.6252,0.5011,35815.7617 , 170.5354,84.0738,<LOD,0.0000,0.0000,<LOD,3.5976,0.2182,10078.7549 , 113.5573,6.6475,30811.9492 , 3680.4497,0.0909,499.6058 , 29.1046,1.3052,<LOD,1.4047,4.5558,6.6727 , 0.6142,3.0187,<LOD,8.3281,0.3024,984.9910 , 125.7796,0.2629,8.1440 , 1.0875,0.3400,<LOD,1.3212,0.4619,45.5553 , 1.2701,2.2646,<LOD,0.0000,0.0000,5274.0684 , 66.5791,2.0623,<LOD,4.2056,3.5083,<LOD,0.8879,0.2055,305098.6250 , 755.5788,29.4797,12.0241 , 2.3350,3.0919,269.5186 , 1.6619,15.4802,<LOD,0.0000,0.0000,3.0575 , 0.8532,0.3471,5878.9106 , 45.7559,19.7965,4.5635 , 1.0801,0.5827,163.8548 , 12.7191,3.5139,<LOD,7.4627,0.2045,15.9307 , 0.7526,2.4576,44.2153 , 2.8948,0.6072,114.8819 , 1.3242,12.3156,7,409.000000,39.004242,-122.665108,10.000000,528997.187500,4317300.500000,
1238,Mining,120.34,30.03,30.13,30.03,30.15,"Mon Apr 27, 2026 - 19:54:27",User,1.5,ppm,,,,,,Mining,<LOD,1.3411,0.7013,138864.9688 , 2071.0627,2.9921,<LOD,1.3966,0.2867,<LOD,2.6619,0.0940,338.5693 , 19.0581,16.9508,413644.5000 , 5176.9292,<LOD,1.2753,0.1498,19729.8496 , 167.8137,27.3123,<LOD,2.0382,1.2841,<LOD,41.9663,0.7996,<LOD,52.3853,13.7373,116.0791 , 5.6172,3.5830,25.6727 , 2.9967,0.4614,32479.0625 , 157.2048,85.9296,<LOD,0.0000,0.0000,<LOD,3.4026,0.2368,10590.5869 , 113.2646,7.5067,31530.8438 , 3479.2178,0.0969,530.1927 , 27.0193,1.4749,<LOD,0.9744,5.0628,6.1992 , 0.5446,3.2818,<LOD,7.1728,0.2939,636.1652 , 113.0311,0.2273,7.0758 , 0.9565,0.3573,<LOD,1.1842,0.4877,50.6866 , 1.1875,2.7622,<LOD,0.0000,0.0000,12240.0293 , 97.7493,4.8472,<LOD,3.8661,3.9822,<LOD,0.7892,0.2231,332346.7500 , 794.2491,35.9535,11.0902 , 2.1177,3.3487,158.2073 , 1.1510,10.6285,<LOD,0.0000,0.0000,4.0136 , 0.7373,0.3731,6342.8291 , 46.2194,24.0079,2.7274 , 0.8877,0.5347,172.4170 , 12.5595,4.2187,<LOD,6.4859,0.2086,11.8734 , 0.6569,2.5337,38.2943 , 2.5170,0.6198,121.3132 , 1.1863,13.2670,5,408.500000,39.004307,-122.665077,10.000000,528999.875000,4317308.000000,
1239,Mining,123.00,32.70,30.03,30.17,30.10,"Mon Apr 27, 2026 - 20:04:49",User,1.5,ppm,,,,,,Mining,<LOD,1.0349,0.8633,157706.3594 , 1586.4689,3.3695,<LOD,1.2168,0.4045,<LOD,2.2903,0.1264,173.9757 , 14.3403,19.4154,490289.1562 , 4162.7285,<LOD,1.0263,0.1738,592.7515 , 31.4496,1.4993,<LOD,1.6217,1.7032,<LOD,32.1949,0.7143,<LOD,23.7978,3.9387,44.7020 , 3.3657,2.5246,<LOD,4.7161,0.4116,7067.9893 , 58.8628,23.4068,<LOD,0.0000,0.0000,<LOD,2.0913,0.2823,6589.0874 , 70.3963,5.4048,<LOD,4579.6549,0.0453,<LOD,19.5633,0.4528,<LOD,0.8576,7.4436,7.9095 , 0.4716,4.6491,<LOD,4.6634,0.2955,491.5269 , 84.1412,0.1897,6.7641 , 0.8029,0.4560,<LOD,0.9827,0.6997,68.4383 , 1.1742,5.0429,<LOD,0.0000,0.0000,10434.0742 , 80.0547,4.7684,<LOD,3.0370,5.2049,<LOD,0.6357,0.2554,314742.2812 , 776.9151,38.3310,<LOD,3.9823,4.1261,88.2692 , 0.7500,8.7557,<LOD,0.0000,0.0000,5.1197 , 0.6365,0.5447,8616.6406 , 44.1003,38.8141,1.4076 , 0.7267,0.6576,123.0815 , 9.9829,5.7899,<LOD,4.8202,0.2027,2.7107 , 0.5291,2.9405,<LOD,1.9210,0.2783,170.1861 , 1.1868,23.3225,7,413.399994,39.004292,-122.665146,10.000000,528994.125000,4317306.000000,
1240,Mining,122.87,32.74,30.03,30.09,30.01,"Mon Apr 27, 2026 - 20:07:28",User,1.5,ppm,,,,,,Mining,<LOD,0.9902,0.8917,154399.2031 , 1319.2836,3.3052,<LOD,1.2030,0.4230,<LOD,2.2558,0.1316,155.5146 , 13.6127,19.6172,501708.1562 , 2995.3650,<LOD,1.0302,0.1877,517.8554 , 28.7568,1.4007,<LOD,1.5728,1.8194,<LOD,31.2932,0.7028,<LOD,22.8345,3.8649,48.4127 , 3.2024,2.5918,3.5984 , 2.1449,0.4400,6723.4277 , 53.1055,23.1445,<LOD,0.0000,0.0000,<LOD,2.0194,0.2781,6037.2134 , 63.5936,5.1456,<LOD,2576.9694,0.0411,<LOD,19.6432,0.4864,<LOD,0.8293,7.4340,6.0033 , 0.4530,4.5830,<LOD,4.6811,0.3246,399.1269 , 80.8424,0.1782,7.3367 , 0.7944,0.4792,<LOD,0.9116,0.6760,62.6392 , 1.1004,4.8553,<LOD,0.0000,0.0000,13508.4180 , 86.9660,6.3167,<LOD,2.9056,5.3904,<LOD,0.6165,0.2552,307941.7188 , 611.2190,38.7177,6.6426 , 1.5724,4.3305,83.6561 , 0.7020,8.6707,<LOD,0.0000,0.0000,3.6871 , 0.6120,0.5207,8105.9648 , 35.9056,37.9543,1.9201 , 0.7141,0.6813,121.5139 , 9.3606,5.7169,<LOD,4.8371,0.2187,2.5136 , 0.5096,2.9313,<LOD,1.7609,0.2497,155.4570 , 1.0631,22.4197,7,418.899994,39.004307,-122.665123,10.000000,528995.687500,4317308.000000,
1241,Mining,120.25,30.21,30.16,30.11,29.77,"Mon Apr 27, 2026 - 20:10:59",User,1.5,ppm,,,,,,Mining,<LOD,1.2998,0.7156,132615.7188 , 1619.7096,2.8570,<LOD,1.3084,0.2680,<LOD,2.7702,0.1126,392.5738 , 19.1345,18.9628,481528.9688 , 3684.2175,<LOD,1.1407,0.1305,250.4946 , 39.7184,0.9893,<LOD,2.0029,1.3454,<LOD,36.8701,0.7609,<LOD,58.2005,20.7062,84.6843 , 5.6117,3.7757,27.7266 , 2.9982,0.5054,44150.7109 , 152.7530,130.6849,<LOD,0.0000,0.0000,<LOD,2.2384,0.2285,8036.1699 , 103.9285,6.1300,4184.3887 , 2349.8994,0.0505,<LOD,24.1632,0.6183,<LOD,0.9245,5.1093,2.4236 , 0.4954,3.0556,<LOD,7.4321,0.2859,773.7947 , 109.1953,0.2645,5.7126 , 0.9125,0.3545,<LOD,1.1329,0.4843,42.2806 , 1.0599,2.4502,<LOD,0.0000,0.0000,15537.1328 , 99.7045,6.4469,<LOD,3.8305,4.2360,<LOD,0.7230,0.2002,305974.5312 , 648.6039,34.2176,7.5916 , 2.0905,3.5406,76.5400 , 0.7707,5.7469,<LOD,0.0000,0.0000,4.5359 , 0.6856,0.3633,5969.4116 , 43.7288,25.3436,<LOD,1.3300,0.4307,226.7834 , 13.1118,4.8814,<LOD,0.0000,0.1846,<LOD,0.9363,1.7360,<LOD,2.3612,0.2673,107.8415 , 1.0456,11.9418,6,420.600006,39.004307,-122.665070,10.000000,529000.625000,4317308.000000,
1242,Mining,122.90,32.62,30.10,30.05,30.13,"Mon Apr 27, 2026 - 20:13:36",User,1.5,ppm,,,,,,Mining,<LOD,1.3566,0.7036,156478.4219 , 1816.9100,3.3303,<LOD,1.4050,0.2829,<LOD,2.8595,0.1074,387.9060 , 19.9896,18.5939,508642.9688 , 4090.6680,<LOD,1.2476,0.1402,174.8437 , 39.9267,0.8464,<LOD,2.1231,1.3726,<LOD,36.3656,0.7032,<LOD,57.4084,17.4390,77.0333 , 5.6035,3.4042,22.5807 , 3.0067,0.4547,40081.6094 , 146.0521,110.4459,<LOD,0.0000,0.0000,<LOD,2.4587,0.2049,8463.9170 , 108.3838,5.9674,2954.2449 , 2357.2422,0.0505,<LOD,24.5849,0.5529,<LOD,0.9676,5.0175,3.8662 , 0.5249,3.0798,<LOD,7.5229,0.2792,738.2917 , 109.2306,0.2525,6.7110 , 0.9656,0.3568,<LOD,1.2292,0.5179,42.9664 , 1.1035,2.3807,<LOD,0.0000,0.0000,26411.9297 , 127.6663,10.0921,<LOD,4.0177,4.2145,<LOD,0.7694,0.1998,250563.6250 , 603.4674,25.0228,9.8048 , 2.2013,3.5615,88.7862 , 0.8480,6.2519,<LOD,0.0000,0.0000,4.4991 , 0.7328,0.3660,4539.8423 , 40.1493,18.2011,<LOD,1.8278,0.4414,190.4062 , 12.1086,3.7070,<LOD,6.2954,0.1922,1.4494 , 0.5601,1.7657,<LOD,2.5791,0.2807,114.2832 , 1.1056,12.0279,7,418.600006,39.004292,-122.665123,10.000000,528995.562500,4317306.000000,
1243,Mining,120.14,30.12,30.08,30.05,29.89,"Mon Apr 27, 2026 - 20:16:58",User,1.5,ppm,,,,,,Mining,<LOD,1.0513,0.9069,181810.4375 , 1455.0537,3.8323,<LOD,1.1161,0.3346,<LOD,2.2922,0.1285,165.2789 , 14.5988,20.4390,545634.0625 , 3179.9692,<LOD,1.0522,0.1847,344.8124 , 24.2348,0.9880,<LOD,1.6413,1.7702,<LOD,29.9982,0.6155,<LOD,21.9208,3.3222,49.6982 , 3.0953,2.4604,<LOD,3.0650,0.3733,5991.8262 , 50.3076,19.5483,<LOD,0.0000,0.0000,<LOD,2.1147,0.2894,3414.1797 , 49.3601,2.8665,3671.5042 , 1647.5973,0.0414,<LOD,19.0578,0.4234,<LOD,0.7980,6.6845,3.8693 , 0.4330,4.0824,<LOD,4.4468,0.2721,240.2602 , 69.4510,0.1249,5.1886 , 0.7500,0.4022,<LOD,0.9609,0.6767,43.0435 , 0.9298,3.2683,<LOD,0.0000,0.0000,5324.5664 , 55.1184,2.4561,<LOD,3.0919,5.4789,<LOD,0.6192,0.2414,248424.2188 , 568.9233,27.1688,<LOD,3.8310,4.4106,18.5841 , 0.3750,2.3913,<LOD,0.0000,0.0000,2.9674 , 0.5967,0.4487,4656.3926 , 26.4695,20.5266,<LOD,1.0570,0.4989,88.2401 , 7.3107,3.3212,<LOD,4.9578,0.2163,1.0117 , 0.4618,2.2989,<LOD,1.8193,0.2505,109.8757 , 0.8852,15.1036,7,413.899994,39.004299,-122.665146,10.000000,528993.937500,4317307.000000,
1244,Mining,120.31,30.18,30.09,30.19,29.85,"Mon Apr 27, 2026 - 20:22:18",User,1.5,ppm,,,,,,Mining,<LOD,1.0215,0.8932,180587.9375 , 1420.3750,3.8066,<LOD,1.0756,0.2999,<LOD,2.3441,0.1343,140.5178 , 14.1244,19.7776,584114.3125 , 2995.1184,<LOD,1.0203,0.1736,441.4256 , 24.8423,1.1220,<LOD,1.5811,1.7066,<LOD,30.6036,0.6603,<LOD,22.6617,3.5577,50.2542 , 3.0226,2.5085,<LOD,2.9135,0.3366,6325.0171 , 51.9716,21.0696,<LOD,0.0000,0.0000,<LOD,2.0425,0.2639,3253.1616 , 47.7906,2.7884,<LOD,2376.1670,0.0358,<LOD,18.7909,0.4128,<LOD,0.7969,6.6792,2.8971 , 0.4334,4.0964,<LOD,4.6233,0.2955,223.1000 , 73.6038,0.1405,4.4933 , 0.7411,0.3923,<LOD,0.9447,0.6836,38.7639 , 0.9010,3.0529,<LOD,0.0000,0.0000,13620.1299 , 84.9310,6.0346,<LOD,3.0117,5.4374,<LOD,0.6433,0.2629,207549.5469 , 528.2346,22.5623,<LOD,3.5837,4.3417,20.1998 , 0.3904,2.5928,<LOD,0.0000,0.0000,2.0209 , 0.5718,0.4068,3439.1304 , 22.6068,15.5894,<LOD,1.1460,0.5058,82.7420 , 6.4549,2.7074,<LOD,5.0642,0.2255,0.8897 , 0.4584,2.2752,<LOD,1.8252,0.2520,103.4348 , 0.8708,14.7270,8,411.200012,39.004292,-122.665176,10.000000,528991.250000,4317306.000000,
1245,Mining,36.77,30.09,6.68,,,"Mon Apr 27, 2026 - 20:25:11",User,1.5,ppm,,,,,,Mining,<LOD,7.3498,33.2499,,,,<LOD,1.7782,0.2582,<LOD,3.7167,0.1046,,,,905187.3125 , 831.9387,<LOD,1.6474,0.1416,37368.8047 , 543.1161,40.1610,<LOD,7.9038,32.5267,,,,<LOD,63.6248,12.2311,129.5436 , 16.4652,3.1906,30.7954 , 3.8234,0.4293,37838.7617 , 128.3920,76.9042,<LOD,0.0000,0.0000,<LOD,4.5646,0.2273,11005.2754 , 313.5879,7.0298,,,,650.6771 , 33.4929,1.3852,<LOD,1.2349,4.4740,6.6334 , 0.6962,2.9754,<LOD,9.1323,0.2795,,,,9.7858 , 1.2373,0.3376,<LOD,8.5023,39.6487,50.9841 , 1.4743,2.4098,<LOD,0.0000,0.0000,,,,<LOD,13.5807,35.3407,<LOD,1.0127,0.2008,,,,<LOD,9.5172,29.2438,268.6335 , 1.6608,14.2952,<LOD,0.0000,0.0000,5.7220 , 0.9709,0.3714,7047.7451 , 123.1197,21.6995,4.6367 , 1.2207,0.5706,192.1325 , 36.9595,3.7987,<LOD,8.5775,0.2082,13.1867 , 0.8322,2.2956,63.2631 , 3.4684,0.6730,126.0983 , 1.4649,12.4125,5,411.200012,39.004269,-122.665123,10.000000,528996.000000,4317303.500000,
1246,Mining,120.54,30.05,30.22,30.11,30.16,"Mon Apr 27, 2026 - 20:29:34",User,1.5,ppm,,,,,,Mining,<LOD,1.1949,0.7198,188345.1094 , 2001.7203,3.9896,<LOD,1.2736,0.2869,<LOD,2.5968,0.1113,294.2852 , 17.2342,17.8989,428903.5938 , 4558.8452,<LOD,1.1686,0.1547,14541.4102 , 139.4739,21.9010,<LOD,1.8782,1.4235,<LOD,36.5006,0.7331,<LOD,52.3911,13.3269,119.4995 , 5.3509,3.8676,39.3657 , 3.0860,0.5990,28428.7969 , 137.6663,82.8500,<LOD,0.0000,0.0000,<LOD,2.9979,0.2455,10963.8643 , 111.2011,8.3526,24491.7031 , 2812.2422,0.0811,375.7396 , 23.3343,1.2987,<LOD,0.8911,5.3913,6.0380 , 0.4992,3.5359,<LOD,6.9397,0.3711,721.9723 , 104.3339,0.2435,6.6501 , 0.8844,0.3764,<LOD,1.0648,0.5104,50.7052 , 1.1179,3.0585,<LOD,0.0000,0.0000,2398.2891 , 44.2650,1.2378,<LOD,3.5155,4.2752,<LOD,0.7090,0.2145,293311.7188 , 733.7077,32.7474,11.0381 , 1.9321,3.6255,115.2861 , 0.9270,8.8539,<LOD,0.0000,0.0000,4.5009 , 0.6911,0.4140,6518.4814 , 44.6883,26.9397,<LOD,1.9173,0.5182,189.1719 , 12.2358,4.7728,<LOD,5.8583,0.2077,7.5730 , 0.5857,2.4709,36.8701 , 2.3523,0.6633,118.3508 , 1.0937,14.0461,5,412.600006,39.004311,-122.665169,10.000000,528992.250000,4317308.500000,
1247,Mining,120.80,30.01,30.31,30.29,30.19,"Mon Apr 27, 2026 - 20:32:18",User,1.5,ppm,,,,,,Mining,<LOD,1.3111,0.6501,149872.7969 , 2180.5364,3.2015,<LOD,1.4290,0.2755,<LOD,2.9466,0.1080,413.6516 , 19.1620,17.1089,427590.8125 , 5415.0854,<LOD,1.2967,0.1435,19318.6387 , 168.9783,26.1216,<LOD,1.9720,1.1572,<LOD,38.4115,0.6832,<LOD,86.3873,14.0327,121.6327 , 5.7708,3.5200,50.2954 , 3.5470,0.6001,33544.2344 , 161.6272,86.8015,<LOD,0.0000,0.0000,<LOD,2.6016,0.2161,11839.2959 , 121.8952,8.1888,36707.0859 , 3467.9026,0.0997,511.4894 , 27.3338,1.4184,<LOD,0.9966,4.9206,6.5894 , 0.5568,3.1919,<LOD,8.0030,0.3679,713.1168 , 108.1588,0.2198,7.7689 , 0.9859,0.3523,<LOD,1.1959,0.4852,54.9299 , 1.2522,2.8724,<LOD,0.0000,0.0000,1533.2384 , 39.4940,0.8160,<LOD,3.8104,3.7514,<LOD,0.7825,0.1939,310376.9375 , 768.5356,31.8476,9.3915 , 2.0818,3.1418,129.8366 , 1.0585,8.5692,<LOD,0.0000,0.0000,3.2316 , 0.7424,0.3469,6816.5601 , 48.9691,25.2695,2.5912 , 0.8903,0.4982,189.0483 , 13.3253,4.4352,<LOD,6.7665,0.2099,8.2707 , 0.6491,2.2702,49.3816 , 2.7727,0.6977,129.1632 , 1.2285,13.1700,6,412.500000,39.004364,-122.665154,10.000000,528992.937500,4317314.000000,
1248,Mining,122.76,32.52,30.07,30.07,30.10,"Mon Apr 27, 2026 - 20:35:35",User,1.5,ppm,,,,,,Mining,<LOD,1.5816,0.6139,140167.2188 , 2096.3225,2.9791,<LOD,1.5328,0.2366,<LOD,3.1882,0.0932,433.9645 , 22.7354,15.4009,528891.8750 , 4712.3335,<LOD,1.3979,0.1240,29357.1777 , 190.4676,36.7265,<LOD,2.3639,1.0780,<LOD,38.7791,0.6948,<LOD,67.4534,18.3796,104.6299 , 5.3996,2.9509,23.0425 , 3.3076,0.3929,49886.8398 , 167.9211,117.0369,<LOD,0.0000,0.0000,<LOD,4.2414,0.2131,9384.7686 , 104.9801,6.1877,6774.1025 , 2730.1270,0.0494,462.4101 , 27.9866,1.2968,<LOD,1.0881,4.2291,4.8437 , 0.6078,2.7478,<LOD,8.9329,0.2732,1193.8246 , 127.9527,0.3098,6.0811 , 1.0593,0.3008,<LOD,1.3757,0.4140,44.4593 , 1.2454,2.0510,<LOD,0.0000,0.0000,7217.9951 , 71.1678,2.7401,<LOD,4.5498,3.4425,<LOD,0.8918,0.1920,219748.0938 , 594.6559,19.5350,15.3544 , 2.5060,2.9519,259.9916 , 1.5564,13.9909,<LOD,0.0000,0.0000,1.7002 , 0.7711,0.2637,5685.1357 , 41.2195,19.2205,2.4266 , 1.0505,0.5108,159.7227 , 11.9891,3.4091,<LOD,7.3400,0.1854,11.4641 , 0.7187,2.0725,53.6287 , 3.0697,0.6437,109.2714 , 1.2805,11.0979,8,413.200012,39.004280,-122.665169,10.000000,528992.250000,4317305.000000,
1249,Mining,120.33,30.09,30.12,30.08,30.04,"Mon Apr 27, 2026 - 20:40:15",User,1.5,ppm,,,,,,Mining,<LOD,1.4137,0.6538,135174.6719 , 2083.8987,2.9051,<LOD,1.5253,0.2874,<LOD,3.0783,0.1047,393.7651 , 20.3758,16.3846,462787.7812 , 4967.2749,<LOD,1.4220,0.1540,36643.5547 , 246.4206,50.6882,<LOD,2.0999,1.1290,<LOD,40.1399,0.7341,<LOD,61.3643,17.1292,119.6260 , 6.6247,3.7441,17.7299 , 3.0649,0.4035,43819.6367 , 180.9785,112.3811,<LOD,0.0000,0.0000,<LOD,2.9597,0.2222,9917.7656 , 122.5376,7.2268,19016.1445 , 3285.8843,0.0739,537.0765 , 28.3590,1.5004,<LOD,1.0469,4.6932,4.8802 , 0.5856,3.0522,<LOD,8.3438,0.3124,1817.7489 , 160.1914,0.4918,7.2427 , 1.0360,0.3457,<LOD,1.2478,0.4549,46.8993 , 1.2373,2.4180,<LOD,0.0000,0.0000,3626.8391 , 55.9341,1.6289,<LOD,4.0733,3.6727,<LOD,0.8334,0.1976,279866.5000 , 712.7750,29.1661,12.4862 , 2.2441,3.1499,295.7309 , 1.6800,17.8314,<LOD,0.0000,0.0000,2.6522 , 0.7906,0.3368,5524.6782 , 48.3507,20.5753,2.5221 , 1.0331,0.5947,184.0795 , 14.0230,3.8718,<LOD,7.1906,0.2136,16.5713 , 0.7393,2.6502,53.1244 , 2.9269,0.6999,110.3198 , 1.2784,12.9204,8,412.600006,39.004337,-122.665115,10.000000,528996.687500,4317311.000000,
1250,Mining,123.12,32.77,30.20,30.03,30.12,"Mon Apr 27, 2026 - 20:43:56",User,1.5,ppm,,,,,,Mining,<LOD,1.5675,0.6079,146440.5781 , 2499.8350,3.1327,<LOD,1.5930,0.2476,<LOD,3.2889,0.0963,469.3146 , 22.6156,15.3120,403819.7188 , 6065.0645,<LOD,1.4461,0.1286,37129.4648 , 243.1066,47.1905,<LOD,2.3418,1.0678,<LOD,41.5303,0.6932,<LOD,70.1060,20.0394,117.9585 , 6.3857,3.3451,18.5553 , 3.2331,0.3653,56280.2930 , 231.7038,131.5569,<LOD,0.0000,0.0000,<LOD,2.9338,0.1971,10105.5000 , 120.2725,6.8107,26119.2422 , 3788.3081,0.0832,495.7076 , 28.5887,1.3712,<LOD,1.4799,4.1539,7.1932 , 0.6215,2.7545,<LOD,9.6519,0.3244,750.8435 , 117.2812,0.2239,7.5212 , 1.1035,0.3158,<LOD,1.4059,0.4384,49.1009 , 1.3080,2.1682,<LOD,0.0000,0.0000,1949.7896 , 45.2242,0.9344,<LOD,4.4652,3.3179,<LOD,0.8900,0.1816,309340.1250 , 754.0319,30.3572,22.3618 , 2.4971,2.9715,297.3582 , 1.7844,15.4683,<LOD,0.0000,0.0000,4.0165 , 0.8308,0.3087,6216.1826 , 49.5265,20.9971,2.3735 , 1.0712,0.5126,178.4273 , 13.9766,3.7476,<LOD,7.7468,0.2010,14.1271 , 0.7515,2.1780,46.1560 , 2.9490,0.5769,118.0694 , 1.3692,11.6391,7,409.899994,39.004250,-122.665161,10.000000,528992.562500,4317301.500000,
1251,Mining,120.60,30.22,30.14,30.10,30.14,"Mon Apr 27, 2026 - 22:28:00",User,1.5,ppm,,,,,,Mining,<LOD,1.5417,0.6233,64723.9102 , 1532.7177,1.4800,1.7688 , 1.3142,0.4346,<LOD,3.5419,0.1147,452.0055 , 22.2545,15.9384,457031.0312 , 4884.4380,<LOD,1.6351,0.1686,2170.0972 , 82.3353,3.3750,<LOD,2.3264,1.1208,<LOD,42.2515,0.6938,<LOD,66.7189,17.2282,97.1937 , 6.9663,3.3977,18.9624 , 3.2700,0.3796,46365.3164 , 169.0557,108.8834,<LOD,0.0000,0.0000,4.9974 , 2.1475,0.2576,15510.7656 , 158.7901,9.5024,<LOD,5617.8783,0.0476,<LOD,29.7772,0.5978,1.2401 , 0.8052,5.3502,11.7069 , 0.6640,3.3436,<LOD,8.7146,0.2561,693.9332 , 124.7542,0.2323,13.3125 , 1.2475,0.4160,<LOD,1.5330,0.4834,95.2241 , 1.7012,4.0582,<LOD,0.0000,0.0000,29875.2305 , 150.5441,10.1582,<LOD,4.4667,3.5788,<LOD,0.9627,0.2205,370332.6562 , 722.4166,37.0113,15.1959 , 2.4441,3.0078,63.7899 , 0.7997,3.8993,<LOD,0.0000,0.0000,5.9040 , 0.9544,0.4282,10895.0605 , 66.2435,36.8907,1.7972 , 0.9834,0.4407,205.3637 , 18.4231,5.8725,<LOD,7.4690,0.1908,12.2592 , 0.8273,2.6746,6.0137 , 2.2246,0.3329,221.8405 , 1.6035,16.9655,6,404.500000,39.004612,-122.662720,10.000000,529204.125000,4317342.500000,
1252,Mining,122.92,32.58,30.10,30.06,30.18,"Mon Apr 27, 2026 - 22:34:29",User,1.5,ppm,,,,,,Mining,<LOD,1.8802,0.5365,67736.2422 , 1755.0026,1.5380,<LOD,2.7799,0.3207,<LOD,4.0176,0.0932,578.9531 , 28.0394,14.4632,457034.8750 , 5097.9429,<LOD,1.8381,0.1352,2096.7532 , 92.6581,3.3289,<LOD,2.7506,0.8858,<LOD,46.5180,0.8744,<LOD,100.0857,39.9620,166.9151 , 9.2350,4.7121,12.8056 , 3.6199,0.3040,107670.8906 , 277.0376,255.1224,<LOD,0.0000,0.0000,4.2808 , 2.4624,0.2131,12901.2979 , 170.4567,8.2796,3986.3384 , 3801.7207,0.0617,<LOD,34.4883,0.8325,<LOD,1.3202,3.9174,9.1061 , 0.7309,2.5151,<LOD,13.8270,0.2779,768.0364 , 128.3079,0.2564,8.9753 , 1.3948,0.3267,<LOD,1.6784,0.3844,81.6976 , 1.7731,2.7401,<LOD,0.0000,0.0000,56620.6484 , 202.9874,19.8285,<LOD,5.5230,3.1100,<LOD,1.0785,0.1733,280914.4688 , 651.4706,27.2028,20.0043 , 3.0427,2.6784,63.0019 , 0.8954,3.0257,<LOD,0.0000,0.0000,4.2943 , 1.0301,0.2937,8912.8135 , 70.3856,31.3652,<LOD,1.5741,0.3091,203.4199 , 20.3793,5.3181,<LOD,8.8517,0.1718,12.2801 , 0.9128,2.0108,10.8663 , 2.7143,0.3230,181.0487 , 1.6350,11.0952,7,406.600006,39.004593,-122.662750,10.000000,529201.187500,4317340.500000,
1253,Mining,120.22,30.27,30.08,30.08,29.79,"Mon Apr 27, 2026 - 22:37:45",User,1.5,ppm,,,,,,Mining,<LOD,1.6156,0.5789,66719.6641 , 1564.2900,1.5166,<LOD,1.8202,0.3094,<LOD,3.1552,0.0802,438.6174 , 23.4794,14.6737,506290.1562 , 4186.8491,<LOD,1.4820,0.1227,4755.9517 , 117.8443,6.8762,<LOD,2.4550,1.0544,<LOD,42.9853,0.7475,<LOD,81.0358,28.5150,134.3881 , 8.2948,4.2729,12.8024 , 3.2222,0.3321,74597.1328 , 204.9535,182.8362,<LOD,0.0000,0.0000,2.7701 , 2.0315,0.2052,16417.5039 , 177.5566,10.7462,<LOD,4726.7802,0.0468,38.7787 , 21.1886,0.7915,<LOD,1.1594,4.3263,7.0083 , 0.6429,2.7794,<LOD,10.5166,0.2614,766.7302 , 127.8076,0.2563,9.2353 , 1.2168,0.3493,<LOD,1.3598,0.3641,78.8824 , 1.5951,3.1218,<LOD,0.0000,0.0000,42916.5859 , 178.2124,15.6062,<LOD,4.7267,3.3644,<LOD,0.8909,0.1693,275054.2500 , 657.0695,27.2394,20.9943 , 2.6097,2.9001,123.7824 , 1.1123,6.5329,<LOD,0.0000,0.0000,5.2017 , 0.8882,0.3313,11202.5713 , 73.3907,40.4373,<LOD,1.4741,0.3860,218.6590 , 20.8691,6.5288,<LOD,7.0307,0.1498,10.0773 , 0.8048,2.2143,4.7267 , 2.2470,0.3056,173.4960 , 1.4921,13.1912,7,407.600006,39.004593,-122.662758,10.000000,529200.375000,4317340.500000,
1254,Mining,122.81,32.54,30.00,30.09,30.18,"Mon Apr 27, 2026 - 22:41:42",User,1.5,ppm,,,,,,Mining,<LOD,1.6727,0.5409,74058.3594 , 1695.5885,1.6652,<LOD,2.0587,0.3573,<LOD,3.4465,0.0849,532.2072 , 25.2227,15.1073,486344.9375 , 4678.3467,<LOD,1.6163,0.1297,3365.9253 , 110.8570,5.0298,<LOD,2.5726,1.0082,<LOD,41.6254,0.7198,<LOD,86.2066,29.9675,155.2560 , 9.0818,4.5287,14.0034 , 3.3920,0.3282,80303.4297 , 224.5637,191.2891,<LOD,0.0000,0.0000,3.5422 , 2.2408,0.2200,18239.8105 , 195.6563,11.6525,3657.1213 , 3419.9958,0.0587,<LOD,31.1717,0.6833,<LOD,1.2663,4.4621,10.4979 , 0.7049,2.8822,<LOD,11.2806,0.2594,822.1304 , 130.0412,0.2760,12.9940 , 1.3606,0.3882,<LOD,1.5020,0.3920,94.2000 , 1.8011,3.5273,<LOD,0.0000,0.0000,44601.7266 , 178.3821,15.8601,<LOD,4.9638,3.2120,<LOD,0.9605,0.1732,274817.0000 , 646.8940,26.6630,22.2654 , 2.7627,2.8466,114.2497 , 1.1108,5.7696,<LOD,0.0000,0.0000,6.8106 , 0.9852,0.3666,12362.9902 , 80.4265,43.3737,2.0762 , 1.0870,0.4184,237.7220 , 22.8864,6.9459,<LOD,7.9944,0.1736,8.7321 , 0.8549,2.1869,<LOD,3.3120,0.2615,211.9753 , 1.6851,14.6915,7,408.500000,39.004585,-122.662773,10.000000,529199.312500,4317339.500000,
1255,Mining,120.40,30.14,30.10,30.06,30.10,"Mon Apr 27, 2026 - 22:44:33",User,1.5,ppm,,,,,,Mining,<LOD,1.3219,0.6785,114188.5625 , 1687.6711,2.4827,<LOD,1.4781,0.3334,<LOD,2.7071,0.0988,328.1564 , 19.2033,17.0753,491421.5000 , 4556.4233,<LOD,1.1999,0.1337,2590.5415 , 77.8855,4.4526,<LOD,2.0515,1.2989,<LOD,36.1315,0.7145,<LOD,59.9168,20.5173,104.3864 , 6.2504,3.9396,5.0056 , 2.6093,0.3548,45901.4336 , 183.2872,132.4913,<LOD,0.0000,0.0000,<LOD,3.4947,0.2376,12470.1357 , 135.5873,9.2723,<LOD,5246.3551,0.0471,<LOD,24.8800,0.6158,<LOD,1.0087,5.6426,7.1601 , 0.5545,3.5430,<LOD,7.6079,0.2694,608.7299 , 105.0266,0.2356,7.5782 , 0.9949,0.3904,<LOD,1.2166,0.5169,74.1674 , 1.3796,3.8947,<LOD,0.0000,0.0000,16336.7422 , 105.3254,6.7481,<LOD,3.9037,4.0489,<LOD,0.7513,0.1993,305082.4688 , 713.9451,34.1247,8.7842 , 2.1261,3.3518,51.6352 , 0.6664,3.9570,<LOD,0.0000,0.0000,5.8530 , 0.7531,0.4195,8504.8398 , 56.8749,35.2847,<LOD,1.1884,0.4262,194.7794 , 15.5777,5.8775,<LOD,5.9042,0.1744,8.5327 , 0.6813,2.6892,<LOD,4.5643,0.3393,169.3083 , 1.3186,16.3377,6,409.299988,39.004585,-122.662773,10.000000,529199.187500,4317339.500000,
1256,Mining,123.12,32.92,30.01,30.04,30.15,"Mon Apr 27, 2026 - 22:47:27",User,1.5,ppm,,,,,,Mining,<LOD,1.0876,0.6717,117017.2188 , 1518.2997,2.5444,<LOD,1.3694,0.3745,<LOD,2.4703,0.1122,295.6578 , 15.3538,16.5098,510766.9062 , 3978.7292,<LOD,1.1183,0.1577,2783.7112 , 64.9282,4.8022,<LOD,1.6667,1.2593,<LOD,35.8100,0.7462,<LOD,41.5768,10.7916,87.5591 , 4.7919,3.4890,5.1428 , 2.3571,0.3860,23302.9824 , 112.6986,69.8631,<LOD,0.0000,0.0000,2.0789 , 1.5559,0.2719,11458.2852 , 107.3260,8.6743,<LOD,4496.5613,0.0475,<LOD,22.0074,0.5230,<LOD,0.8925,6.1352,6.7625 , 0.4997,4.0002,<LOD,5.7192,0.2630,662.5591 , 102.8047,0.2401,10.8984 , 0.9402,0.4766,<LOD,0.9752,0.4820,64.8363 , 1.2007,4.0292,<LOD,0.0000,0.0000,16259.4473 , 103.2878,6.9083,<LOD,3.1409,3.8884,<LOD,0.6696,0.2134,307041.4688 , 699.9673,35.2798,9.4984 , 1.7071,3.1826,64.0335 , 0.6724,5.5215,<LOD,0.0000,0.0000,4.7370 , 0.6806,0.4605,8225.4473 , 46.9056,34.9924,<LOD,1.7780,0.5322,179.3168 , 12.4117,5.7435,<LOD,5.2555,0.1861,8.8076 , 0.6087,2.9810,<LOD,3.0002,0.3466,147.8961 , 1.1343,17.1093,6,409.799988,39.004585,-122.662773,10.000000,529198.937500,4317339.500000,
1257,Mining,94.36,30.18,30.12,30.12,3.94,"Mon Apr 27, 2026 - 22:49:41",User,1.5,ppm,,,,,,Mining,<LOD,1.3569,0.6592,105136.2812 , 7147.6484,2.2870,<LOD,1.6519,0.3932,<LOD,3.0064,0.1117,384.2241 , 20.1834,16.8407,514019.0000 , 11709.0342,<LOD,1.3715,0.1600,3300.3357 , 93.8627,5.3392,<LOD,2.0958,1.2512,<LOD,176.5951,0.6859,<LOD,61.2517,19.6425,107.3272 , 6.9008,3.9633,9.5366 , 2.7810,0.3693,45980.9727 , 373.2058,125.8904,<LOD,0.0000,0.0000,<LOD,3.5413,0.2415,14292.7432 , 168.6654,10.1517,<LOD,13057.5264,0.0240,<LOD,25.4301,0.5882,<LOD,1.0418,5.4760,8.2048 , 0.5787,3.4923,<LOD,7.6966,0.2466,698.5608 , 515.7665,0.2362,10.5761 , 1.0861,0.4240,<LOD,1.2018,0.4621,77.4691 , 1.5653,3.8753,<LOD,0.0000,0.0000,15045.3926 , 473.9081,5.9462,<LOD,3.9841,3.9052,<LOD,0.8168,0.2137,290192.3750 , 2884.9858,30.6875,13.0426 , 2.1734,3.2429,64.3210 , 0.8266,4.5492,<LOD,0.0000,0.0000,5.5967 , 0.8201,0.4356,10247.1055 , 90.2453,40.5023,<LOD,1.5226,0.4481,218.4376 , 17.9953,6.6088,<LOD,6.4065,0.1888,7.6008 , 0.6990,2.5594,<LOD,4.7895,0.3361,180.8388 , 1.7961,16.5530,8,410.399994,39.004581,-122.662773,10.000000,529198.937500,4317339.000000,
1258,Mining,123.21,32.75,30.11,30.08,30.27,"Mon Apr 27, 2026 - 22:53:09",User,1.5,ppm,,,,,,Mining,<LOD,1.5936,0.6512,74203.7422 , 1610.5282,1.6652,<LOD,1.6558,0.2703,<LOD,3.1231,0.0876,479.5805 , 22.8050,16.3610,467027.8438 , 4422.2520,<LOD,1.4868,0.1370,9557.1895 , 136.7133,11.8177,<LOD,2.3675,1.1298,<LOD,42.2297,0.6860,<LOD,66.0781,16.6188,124.0283 , 7.0351,3.6012,10.0204 , 3.0690,0.3283,46664.7969 , 156.8873,107.1367,<LOD,0.0000,0.0000,<LOD,4.3970,0.2218,13212.9336 , 143.8709,8.0510,4868.7974 , 2996.1133,0.0517,154.0652 , 23.0011,0.8148,<LOD,1.1218,4.5539,7.9625 , 0.6249,2.9599,<LOD,8.6726,0.2514,931.2143 , 132.9621,0.2687,8.8294 , 1.1405,0.3413,<LOD,1.3805,0.4351,61.8338 , 1.4110,2.6837,<LOD,0.0000,0.0000,22167.7188 , 128.0888,7.4787,<LOD,4.5477,3.5971,<LOD,0.8675,0.1755,350796.6875 , 685.9882,33.7021,17.4587 , 2.5091,3.1016,181.8297 , 1.3005,9.9212,<LOD,0.0000,0.0000,6.0271 , 0.8855,0.3692,9137.4707 , 59.1589,30.2460,<LOD,2.1538,0.4546,190.3621 , 16.9025,4.9644,<LOD,7.6376,0.1963,11.7761 , 0.7609,2.2560,29.6823 , 2.6950,0.4820,148.1134 , 1.3867,12.8849,5,410.299988,39.004715,-122.662971,10.000000,529182.000000,4317354.000000,
1259,Mining,120.36,30.01,30.12,30.09,30.14,"Mon Apr 27, 2026 - 22:55:56",User,1.5,ppm,,,,,,Mining,<LOD,1.5470,0.6591,99811.5234 , 1875.9695,2.1889,<LOD,1.5766,0.2721,<LOD,3.2324,0.1019,473.8556 , 22.4566,17.0879,444365.7188 , 4890.6724,<LOD,1.4465,0.1407,25735.8555 , 197.7327,31.7845,<LOD,2.3135,1.1579,<LOD,41.6035,0.6865,<LOD,60.6732,14.1618,114.5150 , 6.3020,3.3149,13.8770 , 3.0700,0.3559,38677.0781 , 154.4665,89.7263,<LOD,0.0000,0.0000,<LOD,2.9344,0.2149,12471.2100 , 130.1138,7.9549,11952.6279 , 3195.0427,0.0628,279.6419 , 25.1049,0.9802,<LOD,1.2668,4.6927,7.8843 , 0.6199,3.0754,<LOD,8.0990,0.2581,882.9396 , 126.9336,0.2560,7.1427 , 1.0667,0.3238,<LOD,1.3839,0.4719,61.1754 , 1.3913,2.8068,<LOD,0.0000,0.0000,15056.0498 , 107.5748,5.3550,<LOD,4.4722,3.7483,<LOD,0.8956,0.2036,342024.0938 , 714.4451,33.8759,12.5100 , 2.4495,3.1675,212.2624 , 1.3997,12.0413,<LOD,0.0000,0.0000,3.4166 , 0.8238,0.3331,7461.8994 , 51.7421,24.9193,2.4796 , 1.0203,0.5133,169.7743 , 14.5549,4.1942,<LOD,8.4335,0.2220,13.9849 , 0.7602,2.4616,49.0183 , 2.9666,0.6331,139.4661 , 1.3569,13.1791,5,415.700012,39.004601,-122.662621,10.000000,529212.625000,4317341.000000,
1260,Mining,122.94,32.51,30.17,30.09,30.17,"Mon Apr 27, 2026 - 23:00:17",User,1.5,ppm,,,,,,Mining,<LOD,1.3458,0.6551,144407.7812 , 2185.3123,3.1044,<LOD,1.4859,0.2927,<LOD,2.9374,0.1039,448.8927 , 19.8729,17.6934,399387.3750 , 5478.7798,<LOD,1.3963,0.1618,31723.7812 , 215.3453,42.6285,<LOD,2.0612,1.2179,<LOD,40.5774,0.7296,<LOD,52.9070,12.4079,118.7868 , 5.7486,3.4585,16.1944 , 2.9172,0.3943,30970.7363 , 158.8293,78.2028,<LOD,0.0000,0.0000,3.1406 , 1.8743,0.2526,11732.6855 , 118.9946,8.1960,33331.9727 , 3586.8840,0.0986,402.7688 , 26.0215,1.2110,<LOD,0.9970,4.8298,5.9251 , 0.5567,3.1502,<LOD,7.5469,0.3125,824.5217 , 117.5889,0.2490,8.3803 , 1.0170,0.3639,<LOD,1.2425,0.5019,50.7816 , 1.2341,2.6617,<LOD,0.0000,0.0000,7904.7793 , 79.3650,3.1809,<LOD,3.9480,3.8739,<LOD,0.8107,0.2058,331166.9062 , 798.7746,35.3625,16.5411 , 2.1747,3.3160,235.4807 , 1.4886,14.9634,<LOD,0.0000,0.0000,3.4672 , 0.7865,0.3719,6875.7139 , 49.3650,24.8824,<LOD,2.1403,0.5493,176.3589 , 13.1528,4.2922,<LOD,6.8871,0.2123,16.5530 , 0.7218,2.7671,48.2011 , 2.7713,0.6781,122.2483 , 1.2747,13.7051,8,432.399994,39.004654,-122.662750,10.000000,529200.875000,4317347.000000,
1261,Mining,120.31,30.02,30.10,30.08,30.11,"Mon Apr 27, 2026 - 23:03:31",User,1.5,ppm,,,,,,Mining,<LOD,1.3991,0.6947,113017.4922 , 1808.4242,2.4654,<LOD,1.5705,0.3372,<LOD,2.9606,0.1079,459.1711 , 20.5700,18.6494,420786.4375 , 4653.1050,<LOD,1.3493,0.1546,19947.6836 , 162.0857,26.0196,<LOD,2.1213,1.2591,<LOD,39.5991,0.6881,<LOD,50.7970,11.4842,91.5618 , 5.3813,3.0916,13.2072 , 2.8317,0.3793,28815.3535 , 131.6807,71.6027,<LOD,0.0000,0.0000,3.8555 , 1.8664,0.2607,13423.4531 , 122.7039,8.9325,15143.9492 , 3004.5957,0.0675,198.1134 , 22.0753,0.8676,<LOD,1.0243,5.1099,7.6375 , 0.5760,3.3680,<LOD,7.1802,0.2872,644.5947 , 113.5483,0.2223,11.1257 , 1.0690,0.4128,<LOD,1.2989,0.5386,66.2869 , 1.3600,3.3928,<LOD,0.0000,0.0000,13643.9072 , 100.4973,5.1064,<LOD,4.1268,4.1745,<LOD,0.8267,0.2215,364784.0000 , 734.1222,38.7802,13.3071 , 2.2488,3.4668,215.3228 , 1.3413,13.7051,<LOD,0.0000,0.0000,4.9527 , 0.7979,0.4124,8324.4443 , 50.2343,29.5031,3.6398 , 0.9877,0.6087,183.9574 , 13.6519,4.8649,<LOD,6.5849,0.1983,13.9881 , 0.7203,2.8021,28.4406 , 2.4121,0.5252,154.0671 , 1.3358,15.9400,7,430.600006,39.004608,-122.662811,10.000000,529195.750000,4317342.000000,
1262,Mining,122.92,32.54,30.10,30.16,30.12,"Mon Apr 27, 2026 - 23:15:44",User,1.5,ppm,,,,,,Mining,<LOD,0.9930,0.8969,30899.3535 , 706.4461,0.8204,<LOD,1.0850,0.3556,<LOD,2.1425,0.1288,246.5573 , 14.0653,22.0132,525546.2500 , 2814.4382,<LOD,0.9608,0.1774,469.5629 , 28.1061,1.3808,<LOD,1.5710,1.8093,52.7224 , 23.0988,0.7863,<LOD,13.8262,1.4792,30.8261 , 3.0856,2.3293,<LOD,2.6566,0.3240,2363.8950 , 31.4071,8.5082,<LOD,0.0000,0.0000,7.9398 , 1.5304,0.4144,6775.4746 , 65.3487,5.7836,<LOD,3887.4485,0.0478,<LOD,16.9692,0.3754,<LOD,0.8046,7.9328,5.6971 , 0.4295,4.6618,<LOD,3.7622,0.2419,604.4806 , 97.1860,0.2344,6.1986 , 0.7429,0.4546,<LOD,0.9033,0.6625,52.3965 , 0.9736,4.1466,<LOD,0.0000,0.0000,14600.8184 , 96.9229,6.8730,<LOD,4.1774,5.6180,<LOD,0.5942,0.2598,404890.6562 , 710.8208,56.4036,<LOD,3.8337,4.3450,6.7435 , 0.2710,1.4328,<LOD,0.0000,0.0000,4.6231 , 0.5846,0.5281,11633.9912 , 44.2869,54.7083,<LOD,0.9279,0.5468,110.9516 , 10.5391,7.6934,<LOD,4.5709,0.2128,3.0004 , 0.4795,2.8609,<LOD,1.9631,0.3388,173.1607 , 1.0546,23.6700,7,420.399994,39.004601,-122.662842,10.000000,529193.000000,4317341.000000,
1263,Mining,120.16,30.02,30.27,30.10,29.77,"Mon Apr 27, 2026 - 23:18:49",User,1.5,ppm,,,,,,Mining,<LOD,1.0211,0.9659,30409.4297 , 726.2324,0.8144,<LOD,1.1066,0.3811,<LOD,2.1147,0.1280,245.7910 , 14.1996,22.7055,511480.9062 , 2521.7849,<LOD,0.9824,0.1892,471.2604 , 27.0547,1.3916,<LOD,1.5832,1.8629,45.8774 , 23.0036,0.7356,<LOD,14.5218,1.6760,29.1374 , 3.0467,2.3305,<LOD,2.7197,0.3465,2561.9114 , 32.4306,9.3623,<LOD,0.0000,0.0000,4.2269 , 1.4237,0.3604,6218.5962 , 61.2704,5.4775,5996.7632 , 2092.8030,0.0543,<LOD,17.2991,0.4002,<LOD,0.7942,7.8346,5.6144 , 0.4272,4.6952,<LOD,4.1140,0.2993,588.6625 , 102.4334,0.2451,6.8570 , 0.7523,0.4757,<LOD,0.9189,0.6968,48.5097 , 0.9347,3.9190,<LOD,0.0000,0.0000,12495.2002 , 92.6190,6.0527,<LOD,2.9631,5.6929,<LOD,0.5867,0.2582,415459.1875 , 678.0685,59.8453,4.2620 , 1.5964,4.5349,6.2122 , 0.2648,1.3940,<LOD,0.0000,0.0000,4.4262 , 0.5875,0.5357,13624.1846 , 45.6836,65.5284,<LOD,0.8837,0.5058,121.6858 , 11.0915,9.0858,<LOD,4.4852,0.2083,3.4828 , 0.4759,2.8843,<LOD,1.9762,0.3505,167.8289 , 1.0258,23.4193,7,420.000000,39.004608,-122.662842,10.000000,529193.125000,4317342.000000,
1264,Mining,122.92,32.68,30.05,30.11,30.08,"Mon Apr 27, 2026 - 23:22:12",User,1.5,ppm,,,,,,Mining,<LOD,1.0445,0.9305,19699.1016 , 637.3285,0.6009,<LOD,1.0784,0.3182,<LOD,2.3298,0.1354,373.8768 , 15.2391,25.3189,496346.4688 , 2722.7351,<LOD,1.0053,0.1719,278.8720 , 21.4822,0.8455,<LOD,1.6412,1.8439,<LOD,32.6592,0.6048,<LOD,12.5905,1.0824,15.5738 , 2.8083,2.0466,<LOD,2.9273,0.3466,1591.5061 , 27.2015,5.6370,<LOD,0.0000,0.0000,<LOD,2.4495,0.3062,2557.8992 , 42.3697,2.2380,5975.0146 , 2229.2366,0.0598,<LOD,17.9519,0.3664,<LOD,0.8086,7.0657,5.6785 , 0.4408,4.3745,<LOD,4.3246,0.2916,495.3781 , 97.2729,0.1943,4.3156 , 0.7248,0.3824,<LOD,0.9510,0.6885,27.9252 , 0.7734,2.2778,<LOD,0.0000,0.0000,28386.3398 , 136.5935,12.2620,<LOD,3.0674,5.5790,<LOD,0.6359,0.2610,439664.4688 , 676.3161,59.2621,<LOD,3.2592,4.5353,5.2035 , 0.2634,1.2028,<LOD,0.0000,0.0000,3.0290 , 0.5712,0.4210,4401.0444 , 25.5814,19.8073,<LOD,0.8607,0.4214,35.8211 , 6.7432,2.9492,<LOD,5.1148,0.2348,1.9316 , 0.4409,2.1849,<LOD,3.4968,0.3990,130.5768 , 0.9434,17.6399,7,419.899994,39.004612,-122.662827,10.000000,529194.437500,4317342.500000,
1265,Mining,120.47,30.25,30.12,30.00,30.10,"Mon Apr 27, 2026 - 23:25:13",User,1.5,ppm,,,,,,Mining,<LOD,0.9836,0.9497,29379.0332 , 693.9296,0.7923,<LOD,0.9974,0.3294,<LOD,2.0915,0.1325,206.8452 , 13.5883,21.8288,517448.6562 , 2512.8550,<LOD,0.9060,0.1699,542.6908 , 26.5974,1.4345,<LOD,1.5239,1.8278,196.8164 , 24.2360,0.8622,<LOD,12.8307,1.3657,18.2922 , 2.6779,2.1121,<LOD,2.7617,0.3759,2012.1912 , 28.5205,7.5545,<LOD,0.0000,0.0000,7.3432 , 1.4968,0.4208,5408.3423 , 56.5897,4.7182,8985.8232 , 2088.1775,0.0592,<LOD,16.3850,0.3739,<LOD,0.7696,7.8323,5.4030 , 0.4139,4.6947,<LOD,4.0611,0.3111,599.0132 , 98.5186,0.2394,4.1789 , 0.6736,0.4026,<LOD,0.8855,0.6852,31.8964 , 0.7740,2.7739,<LOD,0.0000,0.0000,11689.0908 , 87.0345,5.5927,<LOD,2.8567,5.6132,<LOD,0.5696,0.2544,417467.5625 , 668.8861,59.1760,<LOD,3.7381,4.4628,3.2619 , 0.2302,1.1141,<LOD,0.0000,0.0000,2.5349 , 0.5188,0.4255,5777.5200 , 27.6240,27.6385,<LOD,0.8590,0.5044,43.4720 , 7.1969,3.9205,<LOD,4.7175,0.2428,2.0052 , 0.4232,2.4396,17.9185 , 1.6997,0.6185,150.0947 , 0.9508,21.5299,8,420.100006,39.004612,-122.662819,10.000000,529195.125000,4317342.500000,
1266,Mining,123.15,32.70,30.24,30.10,30.11,"Mon Apr 27, 2026 - 23:28:19",User,1.5,ppm,,,,,,Mining,<LOD,0.9568,0.9253,28819.1348 , 667.3820,0.7818,<LOD,1.0142,0.3214,<LOD,2.1889,0.1406,220.9681 , 13.3668,21.8777,522251.8438 , 2493.4155,<LOD,0.9286,0.1725,473.6127 , 24.8419,1.2846,<LOD,1.5142,1.8716,132.6226 , 23.0268,0.8074,<LOD,14.2409,1.6412,21.0897 , 2.7968,2.1261,<LOD,2.6756,0.3415,2437.1890 , 31.5147,8.9826,<LOD,0.0000,0.0000,10.3650 , 1.5683,0.4571,4008.4761 , 49.9014,3.6123,<LOD,3173.1522,0.0459,<LOD,16.1999,0.3552,<LOD,0.7953,8.0908,5.2730 , 0.4199,4.6670,<LOD,4.0324,0.2924,706.7554 , 101.1059,0.2653,4.7525 , 0.6970,0.4169,<LOD,0.8711,0.6843,28.7906 , 0.7518,2.5121,<LOD,0.0000,0.0000,14082.9922 , 93.6276,6.7222,<LOD,2.7898,5.4931,<LOD,0.5766,0.2492,416658.4688 , 660.2952,59.4653,5.0200 , 1.5135,4.4633,3.1083 , 0.2331,1.1019,<LOD,0.0000,0.0000,3.1950 , 0.5383,0.4476,9295.8232 , 35.9901,44.4487,<LOD,0.8584,0.4843,78.7674 , 9.0891,6.1948,<LOD,4.5024,0.2140,2.0721 , 0.4264,2.4012,3.2705 , 1.4492,0.4342,172.3661 , 1.0290,24.1546,8,420.200012,39.004608,-122.662819,10.000000,529195.312500,4317342.000000,
1267,Mining,122.88,32.54,30.19,30.05,30.10,"Mon Apr 27, 2026 - 23:33:01",User,1.5,ppm,,,,,,Mining,<LOD,1.1879,0.9074,16078.7725 , 507.7338,0.4869,<LOD,0.9941,0.2845,<LOD,2.4537,0.1612,338.6609 , 13.7900,22.6323,598170.2500 , 2335.4597,<LOD,1.0035,0.1840,135.5811 , 16.1822,0.5835,<LOD,1.5305,1.7554,<LOD,29.0927,0.6141,<LOD,12.7902,1.1974,19.8081 , 3.2176,2.5245,<LOD,2.8090,0.3435,1823.5865 , 28.2379,6.5750,<LOD,0.0000,0.0000,76.1253 , 2.7543,1.4279,251.3738 , 22.1048,0.5551,<LOD,3059.0517,0.0401,<LOD,17.7675,0.3846,<LOD,0.8074,7.6003,8.9084 , 0.4523,5.0094,<LOD,3.8301,0.2421,321.2387 , 77.7642,0.1573,2.8704 , 0.6780,0.3598,<LOD,0.8634,0.6134,2.3494 , 0.4389,0.5233,<LOD,0.0000,0.0000,10279.3994 , 75.5348,4.7168,<LOD,2.7982,5.0670,<LOD,0.6027,0.2481,361642.8750 , 590.0716,45.9913,4.3355 , 1.5107,4.0799,4.8663 , 0.2704,1.3463,<LOD,0.0000,0.0000,1.3023 , 0.5231,0.3430,9771.3408 , 39.8323,47.1452,<LOD,0.9812,0.5477,88.2249 , 10.1165,6.9606,<LOD,0.0000,0.2107,<LOD,0.5305,1.5417,<LOD,2.2068,0.4117,150.0379 , 0.9796,20.5306,7,420.100006,39.004601,-122.662819,10.000000,529195.312500,4317341.000000,
1268,Mining,123.29,33.13,30.05,30.01,30.10,"Mon Apr 27, 2026 - 23:36:12",User,1.5,ppm,,,,,,Mining,<LOD,6.0543,0.9029,70097.2109 , 2195.1357,0.4851,<LOD,0.1357,0.0009,<LOD,0.3188,0.0003,1561.4760 , 96.2533,20.1979,6385.5742,,<LOD,0.2021,0.0009,<LOD,102.2218,0.3784,<LOD,9.4996,1.7866,<LOD,148.9727,0.5810,19.0059 , 4.4546,0.0387,63.0800 , 15.3452,1.7881,<LOD,1.9078,0.0190,<LOD,26.2578,0.2127,<LOD,0.0000,0.0000,<LOD,0.7688,0.0045,420.3788 , 97.8967,0.4300,13526.5947 , 8354.8428,0.0458,1052.2812 , 56.4165,0.7199,<LOD,0.0053,0.0000,<LOD,0.0051,-0.0000,<LOD,3.5664,0.0275,2287.4985 , 396.4087,0.1663,<LOD,0.0802,0.0003,<LOD,5.5526,0.6807,<LOD,0.0269,0.0001,<LOD,0.0000,0.0000,52487.6367 , 1210.0703,5.7806,<LOD,17.6313,5.2828,<LOD,0.1002,0.0007,807826.9375 , 6204.9170,53.2633,<LOD,19.6698,4.1634,<LOD,0.0068,-0.0000,<LOD,0.0000,0.0000,<LOD,0.0983,-0.0000,43885.9336 , 1184.6282,43.8732,<LOD,0.0441,-0.0000,386.3627 , 49.7882,6.0810,<LOD,2.2323,0.0056,<LOD,0.0139,0.0001,<LOD,0.8226,0.0067,<LOD,0.0098,-0.0000,7,420.200012,39.004597,-122.662811,10.000000,529195.875000,4317341.000000,
1269,Mining,123.04,32.94,30.00,30.06,30.04,"Mon Apr 27, 2026 - 23:39:36",User,1.5,ppm,,,,,,Mining,<LOD,7.2715,0.8596,75616.3672 , 2404.2083,0.4313,<LOD,0.2213,0.0018,<LOD,0.2312,0.0001,1699.7365 , 116.0783,18.5135,7298.9653,,<LOD,0.2295,0.0007,228.0463 , 86.8477,0.4192,<LOD,11.2379,1.6427,<LOD,179.8404,0.5823,23.3265 , 5.1861,0.0347,74.6184 , 18.8247,1.6462,<LOD,2.0481,0.0144,<LOD,26.3903,0.1832,<LOD,0.0000,0.0000,<LOD,0.8166,0.0028,802.3709 , 129.5426,0.4691,<LOD,14642.6396,0.0307,1205.1492 , 69.6083,0.6721,<LOD,0.0057,0.0000,<LOD,0.0054,0.0000,<LOD,4.3632,0.0273,2114.7571 , 463.9545,0.1527,<LOD,0.0480,0.0000,<LOD,6.3853,0.5901,<LOD,0.0408,0.0002,<LOD,0.0000,0.0000,54834.1133 , 1442.2457,4.9452,<LOD,21.0504,4.9687,<LOD,0.1350,0.0009,805458.4375 , 7032.9102,43.1086,<LOD,25.6012,3.8999,<LOD,0.0071,-0.0000,<LOD,0.0000,0.0000,<LOD,0.1191,0.0001,50246.1797 , 1563.9301,40.4381,<LOD,0.0468,-0.0000,397.9227 , 59.9667,5.5689,<LOD,2.9206,0.0063,<LOD,0.0043,-0.0000,<LOD,0.8585,0.0048,<LOD,0.0120,-0.0000,7,420.000000,39.004597,-122.662811,10.000000,529195.562500,4317341.000000,
1270,Mining,122.91,32.51,30.00,30.28,30.12,"Mon Apr 27, 2026 - 23:45:04",User,1.5,ppm,,,,,,Mining,<LOD,1.0127,0.9401,22753.1543 , 583.1274,0.6446,<LOD,0.9673,0.2819,<LOD,2.0956,0.1248,220.8105 , 13.9172,21.4714,530146.1875 , 2612.3787,<LOD,0.9224,0.1656,212.4985 , 17.4545,0.7000,<LOD,1.5760,1.8329,<LOD,31.1160,0.7072,<LOD,13.5868,1.4467,25.5409 , 2.9124,2.1663,<LOD,2.7329,0.3462,2184.0718 , 30.0584,7.9072,<LOD,0.0000,0.0000,9.7218 , 1.5923,0.4539,198.9974 , 21.0050,0.5217,<LOD,3469.4678,0.0408,<LOD,16.1914,0.3423,<LOD,0.7867,7.6953,7.5031 , 0.4306,4.8335,<LOD,3.8905,0.2633,351.4005 , 79.4579,0.1694,3.5495 , 0.6686,0.3730,<LOD,0.9248,0.6994,1.9462 , 0.4046,0.5345,<LOD,0.0000,0.0000,5047.1128 , 55.0778,2.4703,<LOD,2.9189,5.4666,<LOD,0.5788,0.2486,427514.6875 , 661.9570,58.7619,<LOD,3.7610,4.3333,4.9136 , 0.2508,1.2445,<LOD,0.0000,0.0000,2.4200 , 0.5089,0.3708,9605.5625 , 37.5924,44.8430,<LOD,0.8142,0.4224,85.0445 , 9.4543,6.2858,<LOD,4.7791,0.2353,<LOD,0.5221,1.5980,<LOD,1.6012,0.2257,149.9824 , 0.9669,20.8947,6,414.700012,39.004662,-122.662842,10.000000,529193.375000,4317348.000000,
1271,Mining,120.82,30.27,30.30,30.08,30.17,"Mon Apr 27, 2026 - 23:48:02",User,1.5,ppm,,,,,,Mining,<LOD,1.0028,0.9199,19446.1367 , 553.5137,0.5634,<LOD,0.9990,0.2940,<LOD,2.3168,0.1477,248.7832 , 13.8536,21.5612,562122.7500 , 2170.1445,<LOD,0.9575,0.1709,150.3710 , 15.8685,0.5927,<LOD,1.5620,1.7979,<LOD,30.0130,0.6273,<LOD,13.4898,1.3665,22.5174 , 2.8062,2.0243,<LOD,2.6956,0.3222,2031.7119 , 29.3693,7.3031,<LOD,0.0000,0.0000,2.5492 , 1.4184,0.3819,<LOD,43.6208,0.3859,<LOD,2408.0748,0.0349,<LOD,16.8187,0.3532,<LOD,0.8238,8.1069,7.7971 , 0.4417,4.8806,<LOD,4.0556,0.2780,325.0341 , 78.9396,0.1592,3.7058 , 0.6802,0.3702,<LOD,0.9149,0.6829,1.9859 , 0.4167,0.5521,<LOD,0.0000,0.0000,3404.5750 , 47.1212,1.7262,<LOD,3.5379,5.4337,<LOD,0.5834,0.2395,402080.6562 , 578.0371,53.0226,6.3937 , 1.5641,4.3194,2.6383 , 0.2314,1.0142,<LOD,0.0000,0.0000,1.6240 , 0.5140,0.3511,9891.9473 , 35.2090,45.3791,<LOD,0.8224,0.4179,63.4079 , 9.2835,6.1681,<LOD,0.0000,0.2115,<LOD,0.5288,1.5687,<LOD,1.7231,0.2560,185.4466 , 1.0639,24.8958,6,415.000000,39.004654,-122.662842,10.000000,529192.937500,4317347.000000,
1272,Mining,120.57,30.13,30.23,30.10,30.11,"Mon Apr 27, 2026 - 23:50:52",User,1.5,ppm,,,,,,Mining,<LOD,0.9732,0.9671,24932.8652 , 583.7446,0.6790,<LOD,1.0633,0.3691,<LOD,2.1268,0.1347,202.6112 , 13.2225,21.4046,567610.6875 , 2164.7568,<LOD,0.9623,0.1883,226.4193 , 18.5305,0.7812,<LOD,1.5172,1.8972,<LOD,29.8770,0.6937,<LOD,17.4123,2.5107,31.4587 , 2.9518,2.3531,<LOD,2.7597,0.3693,4011.3083 , 39.5365,14.7644,<LOD,0.0000,0.0000,4.0971 , 1.4616,0.3900,891.5687 , 28.6092,1.1080,2934.3599 , 1656.2916,0.0430,<LOD,17.1813,0.4124,<LOD,0.7936,8.1452,8.3823 , 0.4392,5.2435,<LOD,4.1442,0.3029,383.3950 , 79.8100,0.1829,5.9500 , 0.7167,0.4492,<LOD,1.1769,0.7572,4.1140 , 0.4526,0.7493,<LOD,0.0000,0.0000,7127.6865 , 63.5614,3.5628,<LOD,3.9187,5.6620,<LOD,0.5716,0.2499,381792.7812 , 576.8894,53.1400,5.2035 , 1.5050,4.4401,15.4830 , 0.3380,2.3693,<LOD,0.0000,0.0000,1.9077 , 0.5207,0.3956,9571.5586 , 36.0647,47.3152,<LOD,0.8391,0.4725,83.1477 , 9.4947,6.6444,<LOD,4.7781,0.2456,<LOD,0.5843,1.8096,<LOD,1.7138,0.2713,154.9963 , 0.9749,22.6422,5,417.000000,39.004631,-122.662842,10.000000,529193.562500,4317344.500000,
1273,Mining,122.86,32.56,30.09,30.07,30.14,"Mon Apr 27, 2026 - 23:54:15",User,1.5,ppm,,,,,,Mining,<LOD,0.9675,0.9745,14611.7334 , 480.0797,0.4755,<LOD,0.8751,0.2435,<LOD,2.2115,0.1405,30.7752 , 12.5531,17.7281,549753.7500 , 2139.3115,<LOD,0.9471,0.1761,<LOD,15.2686,0.2435,<LOD,1.4899,1.8564,<LOD,27.2772,0.5835,<LOD,11.8860,1.1164,34.3739 , 2.9416,2.2481,<LOD,2.5872,0.3126,1503.9733 , 25.6217,5.8145,<LOD,0.0000,0.0000,28.5116 , 1.9702,0.7831,<LOD,22.5106,0.2451,<LOD,2477.5109,0.0367,<LOD,15.5252,0.3129,<LOD,0.8141,8.3275,9.6304 , 0.4488,5.3176,<LOD,3.9940,0.2882,414.6518 , 80.3230,0.1893,<LOD,0.8793,0.3265,<LOD,0.8754,0.7104,0.8008 , 0.3808,0.4337,<LOD,0.0000,0.0000,2080.0146 , 37.3646,1.2038,<LOD,2.7670,5.5841,<LOD,0.5842,0.2589,417582.9062 , 572.9099,59.0795,<LOD,2.2224,4.3064,<LOD,0.3000,0.7873,<LOD,0.0000,0.0000,2.3238 , 0.5130,0.3724,13440.6973 , 41.6548,64.9328,<LOD,0.8341,0.4376,95.5624 , 10.7410,8.7757,<LOD,0.0000,0.2110,<LOD,0.5282,1.6621,<LOD,1.6085,0.2343,174.7578 , 1.0340,24.6896,7,412.200012,39.004650,-122.662827,10.000000,529194.812500,4317346.500000,
1274,Mining,120.43,30.10,30.08,30.11,30.14,"Mon Apr 27, 2026 - 23:57:29",User,1.5,ppm,,,,,,Mining,<LOD,0.9477,0.9177,18185.3789 , 527.4344,0.5520,<LOD,0.9217,0.3004,<LOD,2.4113,0.1801,84.3281 , 12.5375,18.0558,546699.6250 , 2104.3745,<LOD,0.8636,0.1576,<LOD,16.9343,0.2869,<LOD,1.4860,1.8245,<LOD,29.2651,0.6589,<LOD,11.6702,1.1644,54.4182 , 3.1914,2.6752,<LOD,2.5001,0.3153,1526.8997 , 25.0139,5.9829,<LOD,0.0000,0.0000,93.5489 , 2.8640,1.7906,58.8819 , 18.7571,0.4224,3223.9436 , 1670.9149,0.0436,<LOD,14.7753,0.3067,<LOD,0.8031,8.6855,10.0140 , 0.4405,5.4805,<LOD,3.6562,0.2581,435.0311 , 84.8155,0.2048,<LOD,0.9055,0.3743,<LOD,0.8697,0.6901,1.0469 , 0.4381,0.5386,<LOD,0.0000,0.0000,3257.0435 , 45.8282,1.7927,<LOD,2.7269,5.3328,<LOD,0.5843,0.2684,411436.6875 , 585.3521,59.1864,<LOD,2.6976,4.1216,1.8781 , 0.2335,1.1523,<LOD,0.0000,0.0000,2.8937 , 0.4833,0.3686,14601.8848 , 44.5611,72.0441,<LOD,1.0553,0.7386,125.8914 , 11.4356,9.8987,<LOD,0.0000,0.2035,<LOD,0.5218,1.7320,<LOD,1.6723,0.2724,200.5904 , 1.0756,28.4151,8,412.600006,39.004639,-122.662827,10.000000,529194.437500,4317345.500000,
1275,Mining,120.21,30.01,30.00,30.07,30.13,"Tue Apr 28, 2026 - 00:00:46",User,1.5,ppm,,,,,,Mining,<LOD,0.9421,0.9102,18735.3848 , 526.5410,0.5630,<LOD,0.9670,0.3182,<LOD,2.2889,0.1634,100.5088 , 12.4626,18.1179,548865.6875 , 2080.7610,<LOD,0.9054,0.1741,<LOD,18.6440,0.3629,<LOD,1.5663,1.8140,<LOD,28.3279,0.6331,<LOD,11.9887,1.2314,57.5756 , 3.1862,2.7806,<LOD,2.5495,0.3295,1663.5707 , 26.0161,6.5060,<LOD,0.0000,0.0000,66.5488 , 2.5117,1.3814,199.3214 , 20.5172,0.5437,3549.4646 , 1665.1887,0.0443,<LOD,15.0955,0.3226,<LOD,0.7928,8.5309,9.3112 , 0.4349,5.3830,<LOD,3.5218,0.2378,496.8510 , 82.3693,0.2031,3.5222 , 0.6525,0.3882,<LOD,0.8502,0.6602,1.8795 , 0.4323,0.5829,<LOD,0.0000,0.0000,3932.6277 , 48.9527,2.1186,<LOD,3.3081,5.2997,<LOD,0.5455,0.2322,407183.8750 , 580.6673,58.8724,<LOD,2.8893,4.0599,2.5789 , 0.2350,1.1777,<LOD,0.0000,0.0000,1.4947 , 0.4834,0.3504,14800.7549 , 44.4103,73.6304,<LOD,0.9749,0.6384,135.8363 , 11.3722,10.1811,<LOD,0.0000,0.2295,<LOD,0.5124,1.6700,<LOD,1.6943,0.2814,193.1977 , 1.0577,27.6283,9,412.799988,39.004635,-122.662827,10.000000,529194.437500,4317345.000000,
1276,Mining,30.13,29.82,,,,"Tue Apr 28, 2026 - 00:57:18",User,1.5,ppm,,,,,,Mining,511.5296 , 434.5327,12.2961,,,,<LOD,18.2974,0.1991,<LOD,27.1158,0.0674,,,,116553.8047 , 15367.0449,<LOD,19.9667,0.1247,,,,<LOD,32.6585,4.9045,,,,<LOD,567.3580,239.9733,8793.6680 , 106.1597,23.1477,1761.7386 , 63.4079,1.6892,863985.6875 , 619.8809,1609.9109,<LOD,0.0000,0.0000,<LOD,27.2734,0.1554,,,,,,,2784.7800 , 121.2234,11.1994,4186.6108 , 24.9230,51.4072,<LOD,5.0427,0.8125,1077.1155 , 150.5752,0.8944,,,,170.0460 , 16.5274,0.7415,<LOD,34.4264,5.9535,<LOD,4.7165,-0.0999,<LOD,0.0000,0.0000,,,,<LOD,58.2436,5.8614,<LOD,6.5426,0.1015,,,,94.1518 , 28.9892,6.7310,<LOD,2.3842,0.1400,<LOD,0.0000,0.0000,<LOD,17.4871,-1.0596,<LOD,313.4917,1.4851,<LOD,6.0682,-0.0759,80.8572 , 51.1551,1.6063,<LOD,0.0000,0.1905,<LOD,4.3088,0.2969,<LOD,24.3858,0.2022,<LOD,5.8084,0.4694,4,440.899994,39.000786,-122.662964,10.000000,529184.437500,4316918.000000,
1287,Mining,30.24,30.24,,,,"Wed Apr 29, 2026 - 08:32:12",User,1.5,ppm,,,,,,Mining,551.9645 , 468.8512,12.4811,,,,<LOD,16.8077,0.2125,<LOD,26.3157,0.0647,,,,107237.5469 , 15214.3301,<LOD,12.5398,0.1034,,,,<LOD,32.2397,4.8749,,,,<LOD,461.0518,235.3336,8789.7451 , 102.1574,22.7841,1666.0092 , 60.5287,1.5719,873011.3125 , 585.1220,1589.6368,<LOD,0.0000,0.0000,<LOD,22.1838,0.1461,,,,,,,2864.5569 , 118.0827,11.1365,4235.1440 , 24.4200,50.3069,<LOD,5.3832,0.8082,1331.6206 , 147.1362,0.8572,,,,69.2665 , 14.2255,0.5618,<LOD,35.5001,6.0084,3.4478 , 1.3807,0.0421,<LOD,0.0000,0.0000,,,,<LOD,57.3022,5.7081,<LOD,6.6321,0.1086,,,,140.3850 , 28.7183,6.7811,<LOD,2.4590,0.1524,<LOD,0.0000,0.0000,<LOD,16.5626,-0.9567,99.0418 , 81.3193,1.5474,<LOD,3.7607,-0.0324,<LOD,186.2354,1.4712,<LOD,0.0000,0.1908,<LOD,4.1606,0.2791,<LOD,23.7454,0.1960,<LOD,4.8185,0.4590,,,,,,,,
1288,Mining,123.02,32.55,30.27,30.10,30.10,"Wed Apr 29, 2026 - 09:53:26",User,1.5,ppm,,,,,,Mining,<LOD,1.8064,0.5643,56928.5820 , 1276.8938,1.2770,<LOD,2.3293,0.3481,<LOD,4.1129,0.1012,536.1697 , 27.4008,15.3725,601745.2500 , 3719.0642,<LOD,1.7416,0.1264,5791.0078 , 142.6794,9.7562,<LOD,2.7721,1.0411,<LOD,47.9962,1.1426,<LOD,106.3971,63.2475,102.8421 , 9.7372,5.6928,91.5058 , 5.4971,0.7453,145099.3594 , 298.4186,435.2540,<LOD,0.0000,0.0000,7.5621 , 2.5062,0.2306,6491.0322 , 139.8916,5.5566,7194.0029 , 2933.5125,0.0519,63.0138 , 23.7308,1.3426,<LOD,1.2753,3.5964,<LOD,1.7435,2.3090,173.8351 , 10.9654,0.3686,2043.2863 , 138.8601,0.5607,19.0590 , 1.6691,0.4881,<LOD,1.5741,0.3846,35.5255 , 1.3574,1.4943,<LOD,0.0000,0.0000,11810.3691 , 79.7882,5.1862,<LOD,5.3962,3.3474,<LOD,1.0983,0.1868,158449.2344 , 483.0740,16.1832,21.7611 , 2.9986,2.9610,309.0052 , 1.9535,14.2914,<LOD,0.0000,0.0000,<LOD,1.1218,0.0915,2767.6565 , 51.9248,13.2628,<LOD,2.9308,0.4766,183.9639 , 16.4190,3.5223,<LOD,8.9098,0.1781,3.1087 , 0.7652,1.4469,35.6473 , 3.3301,0.5124,97.2520 , 1.4847,9.3474,2,440.700012,39.006783,-122.667336,10.000000,528803.312500,4317582.000000,
1289,Mining,120.27,30.02,30.05,30.02,30.18,"Wed Apr 29, 2026 - 09:56:08",User,1.5,ppm,,,,,,Mining,<LOD,1.7955,0.5910,65399.8672 , 1428.8440,1.4533,<LOD,2.6035,0.4618,<LOD,3.8929,0.0933,563.2970 , 26.9280,15.8427,601823.0625 , 4114.3452,<LOD,1.8107,0.1411,5637.3496 , 138.2705,9.2763,<LOD,2.7508,1.0910,<LOD,37.5620,0.9156,<LOD,102.8438,56.4478,145.5218 , 9.9079,6.0506,136.9244 , 6.1564,0.9650,134235.9062 , 304.0622,393.9005,<LOD,0.0000,0.0000,16.2317 , 2.7546,0.2960,8506.0469 , 152.3002,6.8861,10527.6396 , 3229.1045,0.0608,80.0061 , 23.9706,1.3042,<LOD,1.2894,3.7790,2.3510 , 0.7057,2.4048,186.1255 , 10.4359,0.3767,2528.7068 , 162.8421,0.7097,28.9783 , 1.8292,0.6067,<LOD,1.6113,0.4290,35.0005 , 1.3735,1.5302,<LOD,0.0000,0.0000,19482.6934 , 105.2892,8.2627,<LOD,5.2873,3.4066,<LOD,1.0738,0.1862,146789.6562 , 488.8992,14.7219,26.2820 , 2.9544,3.0597,502.9782 , 2.5194,23.3761,<LOD,0.0000,0.0000,<LOD,1.3220,0.1827,2795.6548 , 52.0294,13.2726,<LOD,2.6064,0.5944,399.1544 , 18.6283,4.8028,<LOD,9.1291,0.1944,4.5056 , 0.7840,1.5759,55.3064 , 3.6777,0.6450,90.7928 , 1.5830,10.8024,5,433.399994,39.006645,-122.667534,10.000000,528786.062500,4317566.500000,
1290,Mining,123.43,33.06,30.10,30.10,30.17,"Wed Apr 29, 2026 - 10:00:58",User,1.5,ppm,,,,,,Mining,<LOD,1.8452,0.5625,51087.4023 , 1239.2063,1.1608,<LOD,2.3690,0.3576,<LOD,4.1328,0.1011,529.8973 , 27.6367,14.9120,591560.8750 , 3641.8352,<LOD,1.8015,0.1340,4700.5947 , 130.2711,7.8831,<LOD,2.7486,0.9671,<LOD,39.4115,1.0471,<LOD,105.8673,61.6264,120.3224 , 9.8021,5.7943,68.5356 , 5.0821,0.6301,145095.3125 , 289.0611,425.3353,<LOD,0.0000,0.0000,18.5190 , 2.8616,0.3092,8658.8779 , 155.8449,7.0370,3989.5554 , 2883.6077,0.0468,85.8817 , 23.9960,1.3534,<LOD,1.2837,3.6265,2.9958 , 0.7096,2.3537,175.2573 , 10.8290,0.3478,2125.2485 , 148.1373,0.5980,20.5373 , 1.6940,0.4979,<LOD,1.6201,0.3896,36.7959 , 1.3526,1.4798,<LOD,0.0000,0.0000,13594.8525 , 86.8102,5.7984,<LOD,5.4009,3.1664,<LOD,1.1096,0.1890,174661.7344 , 505.7830,17.7600,19.3505 , 3.0168,2.8491,315.0038 , 1.9588,14.2780,<LOD,0.0000,0.0000,<LOD,1.1949,0.1133,2782.9680 , 52.2016,13.1892,<LOD,1.8777,0.4484,213.3613 , 16.7091,3.6722,<LOD,9.1903,0.1889,2.9738 , 0.7635,1.4266,34.2036 , 3.2957,0.4968,98.8960 , 1.4879,9.3006,4,430.600006,39.006550,-122.667358,10.000000,528801.125000,4317556.000000,
1291,Mining,120.35,30.01,30.13,30.09,30.12,"Wed Apr 29, 2026 - 10:04:56",User,1.5,ppm,,,,,,Mining,<LOD,1.2417,0.6816,68932.6719 , 1189.6027,1.5536,<LOD,1.4975,0.3732,<LOD,2.5372,0.0970,281.2599 , 17.5892,16.2685,534706.2500 , 3137.9133,<LOD,1.1511,0.1371,7641.3809 , 105.2399,11.6022,<LOD,1.9243,1.3064,<LOD,36.0548,0.7446,<LOD,53.5996,17.0472,72.6557 , 5.1977,3.3071,19.3975 , 2.8035,0.4546,38394.0430 , 130.8597,111.1227,<LOD,0.0000,0.0000,<LOD,2.2983,0.2130,9939.2725 , 109.1127,7.4828,6794.8901 , 2323.7583,0.0492,75.3959 , 18.1699,0.7876,<LOD,0.9317,5.2765,3.7118 , 0.5141,3.3235,<LOD,6.8365,0.2572,765.5894 , 108.7685,0.2638,12.3943 , 1.0219,0.4617,<LOD,1.0872,0.4655,48.7512 , 1.1194,2.8309,<LOD,0.0000,0.0000,1824.3109 , 39.7293,0.9936,<LOD,3.6063,3.9312,<LOD,0.6698,0.1725,323047.9375 , 630.6292,36.2048,5.8684 , 1.9571,3.2164,84.5719 , 0.7928,6.3420,<LOD,0.0000,0.0000,3.7322 , 0.6847,0.3704,7036.2329 , 44.5915,28.9996,2.4174 , 0.8137,0.5053,181.6516 , 12.9532,4.9738,<LOD,5.4207,0.1629,1.4877 , 0.5532,1.9717,7.2336 , 1.8687,0.3838,116.8559 , 1.0625,12.9314,4,435.000000,39.006580,-122.667755,10.000000,528767.062500,4317559.500000,
1292,Mining,120.43,30.16,30.08,30.08,30.11,"Wed Apr 29, 2026 - 10:08:25",User,1.5,ppm,,,,,,Mining,<LOD,1.5824,0.6952,50147.1133 , 1109.0427,1.1535,2.7952 , 1.6360,0.6901,<LOD,3.3474,0.1078,377.0011 , 22.6878,16.5857,600457.0000 , 3260.2834,<LOD,1.5398,0.1580,5140.2812 , 122.1640,8.4934,<LOD,2.4310,1.3003,<LOD,37.5954,0.8985,<LOD,80.0886,37.5373,106.4057 , 8.4089,5.0386,43.6897 , 3.9125,0.5900,87759.9531 , 206.5862,261.7193,<LOD,0.0000,0.0000,7.3078 , 2.1486,0.2744,8555.0928 , 140.7102,6.9004,5367.8076 , 2604.0884,0.0495,113.6954 , 21.5680,1.1337,<LOD,1.1444,4.9477,5.5202 , 0.6267,3.1093,77.5844 , 7.4360,0.3662,2475.0251 , 162.3363,0.6865,33.5634 , 1.6152,0.7400,<LOD,1.4103,0.4956,59.3159 , 1.3973,2.7874,<LOD,0.0000,0.0000,8749.4492 , 73.2076,3.8676,<LOD,4.5888,3.9240,<LOD,0.9277,0.2176,224038.8125 , 560.4324,23.9643,15.4591 , 2.5269,3.3642,126.5118 , 1.0970,7.5979,<LOD,0.0000,0.0000,2.0953 , 0.8602,0.3410,5919.6118 , 58.1824,26.0631,<LOD,2.4343,0.4800,244.6240 , 17.9655,5.2785,<LOD,7.4268,0.1992,3.3728 , 0.7079,2.0118,29.5573 , 2.7079,0.5336,141.3310 , 1.3426,12.8254,1,431.899994,39.006779,-122.667847,10.000000,528758.750000,4317581.500000,
1293,Mining,122.64,32.53,30.01,30.03,30.07,"Wed Apr 29, 2026 - 10:11:18",User,1.5,ppm,,,,,,Mining,<LOD,1.5665,0.6355,50891.2031 , 1176.9839,1.1663,<LOD,3.1284,0.5339,<LOD,3.4170,0.1042,392.0518 , 22.7258,15.6296,594262.0000 , 4426.2476,<LOD,1.5366,0.1463,5358.6216 , 123.0710,8.7223,<LOD,2.4062,1.1861,<LOD,35.7537,0.8224,<LOD,83.8163,39.8318,104.4449 , 8.2322,4.8379,55.5367 , 4.2016,0.6321,93691.6797 , 268.9160,276.1203,<LOD,0.0000,0.0000,6.8431 , 2.1892,0.2631,8344.0332 , 138.2828,6.6821,<LOD,5986.2213,0.0431,93.8234 , 21.6918,1.1124,<LOD,1.1560,4.6745,3.9464 , 0.6270,2.8727,68.8871 , 7.6412,0.3171,1786.8746 , 141.9274,0.5220,24.2158 , 1.5032,0.5917,<LOD,1.3582,0.4268,55.9991 , 1.3902,2.5346,<LOD,0.0000,0.0000,7590.3936 , 68.3596,3.3576,<LOD,4.6050,3.7176,<LOD,0.9170,0.1940,227977.4062 , 594.7971,24.2027,13.3450 , 2.5074,3.0826,133.3436 , 1.1644,7.6984,<LOD,0.0000,0.0000,<LOD,1.4658,0.2795,6362.1748 , 59.5839,27.5693,<LOD,1.4889,0.4315,224.5691 , 17.9427,5.2848,<LOD,7.6181,0.1946,2.8794 , 0.7074,1.8590,31.3655 , 2.8146,0.5348,130.2260 , 1.3491,11.6867,,,,,,,,
1294,Mining,122.90,32.70,30.10,30.04,30.06,"Wed Apr 29, 2026 - 10:15:10",User,1.5,ppm,,,,,,Mining,<LOD,1.5031,0.6272,117019.8047 , 2102.4768,2.5159,<LOD,1.6285,0.2641,<LOD,3.3774,0.1034,453.0283 , 22.0362,16.6394,492502.1250 , 5185.6553,<LOD,1.4830,0.1372,28055.4844 , 183.6804,31.7234,<LOD,2.3026,1.1649,<LOD,43.0070,0.6741,<LOD,54.4494,9.6582,123.1551 , 5.5983,2.9797,19.3550 , 3.3026,0.3791,28533.7520 , 128.3888,61.4629,<LOD,0.0000,0.0000,<LOD,3.6558,0.2132,9653.2158 , 105.0362,5.7800,9917.1504 , 2949.9197,0.0526,272.7081 , 25.9642,0.8844,<LOD,1.1887,4.5408,6.5947 , 0.6231,2.8687,<LOD,8.0248,0.2752,841.5266 , 120.2407,0.2127,8.1592 , 1.1139,0.3282,<LOD,1.3768,0.4724,53.0039 , 1.3625,2.4542,<LOD,0.0000,0.0000,2968.6543 , 53.0478,1.1711,<LOD,4.3961,3.6578,<LOD,0.9237,0.2011,302335.7500 , 685.5325,26.1706,11.6408 , 2.4141,3.1167,303.0379 , 1.6996,16.5273,<LOD,0.0000,0.0000,4.3627 , 0.8585,0.3437,6571.9487 , 43.6171,20.1692,3.8028 , 1.1248,0.5836,181.6855 , 12.5760,3.5480,<LOD,7.4125,0.1845,5.6459 , 0.6912,1.8723,27.1033 , 2.6590,0.4684,127.3339 , 1.3851,12.9637,,,,,,,,
1295,Mining,120.48,30.15,30.20,30.07,30.06,"Wed Apr 29, 2026 - 10:18:42",User,1.5,ppm,,,,,,Mining,<LOD,1.7900,0.6109,23281.8457 , 912.5032,0.5715,<LOD,3.6929,0.5789,<LOD,4.0369,0.1119,508.1812 , 26.2921,15.8633,768964.2500 , 3076.3352,<LOD,1.7449,0.1443,7300.7456 , 136.3920,9.1210,<LOD,2.7123,1.1025,474.6992 , 36.6669,1.3359,<LOD,81.3778,24.4535,127.3885 , 8.3374,4.2927,71.6766 , 4.7611,0.6188,71270.6641 , 169.4073,164.9843,<LOD,0.0000,0.0000,14.8614 , 2.6714,0.3082,13083.8252 , 160.6916,7.9970,<LOD,3848.4368,0.0334,154.3881 , 24.9828,0.9468,<LOD,1.2843,4.2254,5.6263 , 0.7107,2.7097,<LOD,18.2560,0.2971,4831.3252 , 231.5687,0.9821,35.6108 , 1.7844,0.6437,<LOD,1.6045,0.4406,56.6647 , 1.5423,2.3230,<LOD,0.0000,0.0000,14404.2979 , 98.8937,4.9338,<LOD,5.2067,3.4623,<LOD,1.0781,0.2060,90802.3672 , 439.6893,6.8879,14.9173 , 2.8733,3.0039,401.6577 , 2.0439,19.0157,<LOD,0.0000,0.0000,3.2605 , 0.9914,0.3316,3798.3525 , 49.1105,13.5636,4.4742 , 1.3549,0.6259,191.1455 , 15.0020,3.1116,<LOD,8.7063,0.1963,6.1230 , 0.8029,1.8666,65.4563 , 3.6571,0.6908,126.2466 , 1.5533,12.2064,3,435.000000,39.006706,-122.667915,10.000000,528753.125000,4317573.000000,
1296,Mining,120.52,30.29,30.08,30.01,30.14,"Wed Apr 29, 2026 - 10:21:38",User,1.5,ppm,,,,,,Mining,<LOD,1.9469,0.6165,75714.4609 , 1658.0448,1.6788,<LOD,3.1435,0.6335,<LOD,4.3592,0.1098,627.8422 , 29.3827,16.8077,506420.6562 , 4481.4844,<LOD,1.9385,0.1509,14804.3193 , 182.3175,20.6890,<LOD,2.9647,1.1197,<LOD,37.6226,0.7092,<LOD,102.7560,46.0548,117.5234 , 7.8539,4.1717,47.4782 , 4.5943,0.4957,119419.7109 , 281.8506,309.5940,<LOD,0.0000,0.0000,18.1659 , 2.9194,0.3131,7859.6187 , 128.7111,5.8095,3512.9512 , 3165.8086,0.0485,103.7051 , 24.9131,1.1370,<LOD,1.3091,3.7272,4.4691 , 0.7076,2.2943,77.4062 , 9.8556,0.3199,979.3353 , 123.5350,0.3022,48.9948 , 2.1243,0.7656,<LOD,1.7904,0.4715,50.5486 , 1.5191,1.8978,<LOD,0.0000,0.0000,21556.4805 , 118.7388,8.2994,<LOD,5.7619,3.6002,<LOD,1.1527,0.1977,242718.8125 , 605.9885,24.1504,21.6533 , 3.1876,3.1501,251.0788 , 1.7643,11.2926,<LOD,0.0000,0.0000,<LOD,1.4221,0.1996,5332.8955 , 53.5614,20.7131,<LOD,1.9819,0.4283,159.5640 , 15.8839,3.8592,<LOD,9.3167,0.1900,2.5374 , 0.7964,1.5014,28.3516 , 3.1775,0.4460,121.4188 , 1.5406,9.8167,,,,,,,,
1297,Mining,122.76,32.48,30.09,30.12,30.07,"Wed Apr 29, 2026 - 10:24:52",User,1.5,ppm,,,,,,Mining,<LOD,1.9012,0.6071,71310.4531 , 1635.4933,1.5762,<LOD,2.5191,0.4297,<LOD,4.0159,0.0987,620.3006 , 29.1504,17.2529,591261.7500 , 4682.6367,<LOD,1.8340,0.1437,10333.0615 , 166.8049,13.9513,<LOD,2.8850,1.0887,1572.0281 , 40.9372,1.9496,<LOD,95.1065,36.9841,165.2730 , 9.0067,4.8467,22.4567 , 4.0148,0.3980,99982.4297 , 248.1455,250.4999,<LOD,0.0000,0.0000,4.0786 , 2.5604,0.2384,9328.6025 , 148.0502,6.4649,10805.0273 , 3420.0376,0.0632,170.4003 , 25.9659,1.1495,<LOD,1.3224,3.9567,5.0838 , 0.7244,2.4886,66.4132 , 9.0293,0.3320,2790.1462 , 176.6380,0.6644,27.9689 , 1.7579,0.5568,<LOD,1.7472,0.4635,52.7327 , 1.5459,2.0809,<LOD,0.0000,0.0000,28392.4062 , 133.1053,10.4407,<LOD,5.6956,3.6416,<LOD,1.1151,0.1993,167932.6250 , 534.1070,15.0608,19.8662 , 3.1571,3.2087,341.3492 , 2.0225,15.6825,<LOD,0.0000,0.0000,<LOD,2.3521,0.2838,4359.8262 , 53.2746,16.4806,2.9975 , 1.3139,0.5217,274.8332 , 17.2038,3.9563,<LOD,9.9014,0.2296,5.1726 , 0.8098,1.6772,31.1043 , 3.1702,0.4689,121.6328 , 1.5758,10.9644,3,451.700012,39.006912,-122.667435,10.000000,528794.937500,4317596.000000,
1298,Mining,120.33,30.18,30.15,30.14,29.86,"Wed Apr 29, 2026 - 10:27:57",User,1.5,ppm,,,,,,Mining,<LOD,1.9095,0.6140,67726.1719 , 1601.9336,1.5004,17.5363 , 3.2153,1.7146,<LOD,4.6925,0.1341,595.1665 , 28.5443,16.3950,612463.6250 , 4499.9375,<LOD,2.2342,0.2097,8771.1035 , 161.2754,12.4547,<LOD,2.8230,1.0385,<LOD,39.9268,0.7929,<LOD,97.7320,42.4982,191.7135 , 9.9775,5.7493,34.3567 , 4.3450,0.4639,113095.4922 , 264.8362,294.3961,<LOD,0.0000,0.0000,5.9599 , 2.4748,0.2673,9591.5781 , 155.2422,6.9093,6319.2217 , 3369.7307,0.0560,270.5221 , 27.4254,1.4160,<LOD,1.3634,4.1282,6.6990 , 0.7531,2.6357,117.4130 , 9.4134,0.3291,5380.6943 , 242.4676,1.2798,139.6595 , 3.1434,1.7610,<LOD,1.7873,0.4875,56.6340 , 1.6018,2.2054,<LOD,0.0000,0.0000,27851.6230 , 134.6055,10.6141,<LOD,5.6159,3.5451,<LOD,1.2031,0.2298,141988.3281 , 514.9785,12.9506,21.5310 , 3.1068,3.0980,293.6923 , 1.8744,13.3617,<LOD,0.0000,0.0000,<LOD,2.0481,0.4048,4577.7090 , 59.4774,18.6374,4.9177 , 1.3318,0.5282,282.0144 , 18.6714,4.4749,<LOD,0.0000,0.2139,8.2610 , 0.9095,2.0685,50.9423 , 3.5429,0.5903,137.3836 , 1.6144,11.2936,4,448.700012,39.006683,-122.667557,10.000000,528784.187500,4317571.000000,
1299,Mining,120.43,30.16,30.09,30.07,30.11,"Wed Apr 29, 2026 - 10:30:21",User,1.5,ppm,,,,,,Mining,<LOD,1.7150,0.5765,55519.0078 , 1308.9208,1.2476,20.0099 , 3.1405,1.8412,<LOD,4.3234,0.1259,538.5150 , 25.5481,15.4064,655709.1250 , 3843.9836,<LOD,2.1749,0.2208,7442.8628 , 147.3120,11.4072,<LOD,2.5836,1.0232,<LOD,36.0776,0.7691,<LOD,95.5109,45.8692,172.2123 , 9.4487,5.7797,33.5753 , 4.2434,0.4920,114246.7969 , 252.7612,319.5998,<LOD,0.0000,0.0000,9.0770 , 2.5485,0.2691,8394.9492 , 143.6453,6.4846,4896.0864 , 3044.6453,0.0537,261.3936 , 26.5756,1.5040,<LOD,1.3195,4.3109,5.1502 , 0.7262,2.7281,133.6041 , 9.3518,0.3657,5562.3765 , 229.0003,1.3593,135.4966 , 3.0334,1.8244,<LOD,1.5036,0.3973,58.2199 , 1.5699,2.3746,<LOD,0.0000,0.0000,25827.5547 , 122.7697,10.4799,<LOD,5.0445,3.3432,<LOD,1.1425,0.2267,116343.6953 , 454.3777,11.0389,19.7261 , 2.7827,2.8905,284.8261 , 1.8000,13.8269,<LOD,0.0000,0.0000,<LOD,1.7013,0.3673,3935.5886 , 55.3210,17.3982,2.6079 , 1.2686,0.5298,249.2643 , 17.3011,4.2729,<LOD,8.9601,0.2044,7.4311 , 0.8854,2.1769,54.1303 , 3.5077,0.6347,136.6686 , 1.5697,11.9179,4,453.600006,39.006577,-122.667625,10.000000,528778.000000,4317559.000000,
1300,Mining,123.17,32.77,30.09,30.12,30.19,"Wed Apr 29, 2026 - 10:34:27",User,1.5,ppm,,,,,,Mining,<LOD,1.5396,0.6438,99884.2969 , 1540.9452,2.1826,<LOD,2.1623,0.4726,<LOD,3.5872,0.1144,406.4859 , 22.7017,16.2635,511702.2188 , 4016.1074,<LOD,1.5591,0.1505,11506.8965 , 169.7318,20.0129,<LOD,2.3873,1.2244,<LOD,32.2714,0.7694,<LOD,89.4866,52.2329,158.8005 , 8.5631,6.0185,30.2529 , 3.8269,0.5285,114158.8906 , 308.5229,368.4388,<LOD,0.0000,0.0000,5.9766 , 2.1570,0.2521,10596.7422 , 150.6037,9.3463,14585.1621 , 3041.8682,0.0704,203.3099 , 23.8598,1.5702,<LOD,1.1579,4.5077,4.9794 , 0.6405,2.9220,151.7808 , 8.5700,0.3843,1798.4268 , 136.5743,0.5732,20.0334 , 1.4811,0.5719,<LOD,1.3558,0.4480,49.6231 , 1.3723,2.3585,<LOD,0.0000,0.0000,14763.7090 , 91.1888,7.0257,<LOD,4.5835,3.8489,<LOD,0.9895,0.2290,214865.5938 , 561.5183,25.4937,15.0258 , 2.5039,3.2247,366.2650 , 1.9959,20.4828,<LOD,0.0000,0.0000,<LOD,1.2238,0.2578,4315.3374 , 51.4868,21.0672,<LOD,1.7290,0.5809,260.7904 , 16.4391,4.9570,<LOD,7.7814,0.2027,4.2138 , 0.7179,1.9014,31.7098 , 2.8180,0.5404,113.4906 , 1.4433,13.0100,3,449.399994,39.006348,-122.667923,10.000000,528752.250000,4317533.500000,
1301,Mining,123.00,32.74,30.13,30.04,30.09,"Wed Apr 29, 2026 - 10:37:25",User,1.5,ppm,,,,,,Mining,<LOD,2.1732,0.4905,34015.6641 , 1183.2463,0.8103,4.1788 , 2.8496,0.6793,<LOD,5.2938,0.0883,691.5004 , 33.4716,13.8171,557537.4375 , 4232.1724,<LOD,2.6275,0.1528,2857.2046 , 114.8993,5.3055,<LOD,3.1698,0.7947,916.9000 , 32.2249,1.6883,<LOD,143.8460,94.4874,105.4604 , 10.3561,5.7246,39.6547 , 5.8015,0.4473,218747.4375 , 430.1098,638.3104,<LOD,0.0000,0.0000,20.5797 , 3.7434,0.2801,9738.9629 , 172.8817,8.1184,5491.6758 , 3532.5645,0.0515,126.6728 , 29.9788,1.8191,<LOD,1.6069,2.9474,<LOD,1.5012,1.7908,252.6386 , 17.1033,0.3559,2112.4597 , 144.7494,0.6045,57.6803 , 2.9083,0.7861,<LOD,1.8350,0.3127,35.0306 , 1.6308,1.1214,<LOD,0.0000,0.0000,17137.6504 , 95.3320,7.3840,<LOD,6.4449,2.8124,<LOD,1.4584,0.1761,145045.5156 , 469.8657,14.6924,20.7935 , 3.5918,2.5226,404.2712 , 2.7151,14.4249,<LOD,0.0000,0.0000,<LOD,1.2759,-0.0247,4292.5576 , 61.5164,19.6481,<LOD,2.3439,0.3670,166.0526 , 18.7537,4.1444,<LOD,12.6776,0.1923,3.8294 , 0.9893,1.2580,88.4711 , 5.2612,0.6926,89.7223 , 1.8584,7.5297,3,462.700012,39.007034,-122.667648,10.000000,528775.812500,4317609.500000,
1302,Mining,123.10,32.86,30.02,30.06,30.16,"Wed Apr 29, 2026 - 10:40:11",User,1.5,ppm,,,,,,Mining,<LOD,8.6463,0.5630,284006.8125 , 3584.1990,0.9156,<LOD,0.3141,0.0018,<LOD,0.8485,0.0007,3221.1196 , 229.8427,14.9422,3895.4163,,<LOD,0.3380,0.0008,34330.3477 , 2076.9468,6.9487,<LOD,12.9918,0.9932,13487.5020 , 627.6301,2.5264,92.2804 , 11.3232,0.0692,1044.7063 , 133.1110,7.1054,<LOD,4.7000,0.0375,86.2015 , 29.1050,0.2441,<LOD,0.0000,0.0000,<LOD,1.6144,0.0043,115738.3359 , 5222.3735,14.3573,<LOD,30133.5908,0.0578,1973.2084 , 152.1235,0.8461,<LOD,0.0136,0.0000,<LOD,0.0119,-0.0000,<LOD,8.7066,0.0420,19948.7637 , 1173.1276,0.9585,<LOD,0.0847,0.0000,<LOD,7.4442,0.3713,<LOD,0.0512,0.0000,<LOD,0.0000,0.0000,178576.5000 , 6307.9111,16.5291,<LOD,25.4364,3.2849,<LOD,0.3079,0.0021,322034.1875 , 5159.0479,10.4403,89.9351 , 14.2324,2.9035,<LOD,0.0231,0.0001,<LOD,0.0000,0.0000,<LOD,0.1687,-0.0000,18603.0312 , 1225.7192,12.3557,<LOD,0.1141,0.0001,2871.7476 , 273.0919,4.7644,<LOD,6.7443,0.0169,<LOD,0.0061,-0.0000,<LOD,2.3582,0.0178,<LOD,0.0169,-0.0000,6,436.200012,39.006573,-122.667473,10.000000,528791.562500,4317558.500000,
1303,Mining,120.41,30.15,30.03,30.09,30.14,"Wed Apr 29, 2026 - 10:51:12",User,1.5,ppm,,,,,,Mining,<LOD,0.9855,0.8703,10514.8945 , 457.2711,0.3728,<LOD,0.9923,0.2765,<LOD,2.2845,0.1400,211.8347 , 13.5140,19.8670,580013.5625 , 2131.8516,<LOD,0.9695,0.1709,<LOD,17.8315,0.2910,<LOD,1.5427,1.7219,<LOD,29.0481,0.5808,<LOD,7.3056,0.4016,21.3477 , 2.9345,2.0212,<LOD,2.8683,0.3561,211.7399 , 12.6961,1.2894,<LOD,0.0000,0.0000,<LOD,1.9808,0.3215,211.8939 , 20.9963,0.5268,2724.2795 , 1648.7183,0.0381,<LOD,16.0492,0.3066,<LOD,0.8720,8.9200,13.1958 , 0.4762,5.6063,<LOD,3.7791,0.2442,294.5221 , 75.0337,0.1428,3.7182 , 0.6857,0.3674,<LOD,1.0582,0.6853,0.9222 , 0.3894,0.4572,<LOD,0.0000,0.0000,549.0079 , 25.9848,0.4871,<LOD,3.9327,5.1817,<LOD,0.5879,0.2396,391512.1875 , 574.1267,50.4140,<LOD,2.5131,3.9313,4.0938 , 0.2488,1.1482,<LOD,0.0000,0.0000,1.1927 , 0.5140,0.3376,13310.9727 , 41.2775,60.2948,<LOD,0.7920,0.3826,144.8513 , 10.9912,8.5176,<LOD,0.0000,0.1965,<LOD,0.5516,1.6800,<LOD,1.5939,0.2132,255.8167 , 1.2462,33.0907,6,425.899994,39.006565,-122.667297,10.000000,528806.437500,4317558.000000,
1304,Mining,123.08,32.64,30.29,30.09,30.06,"Wed Apr 29, 2026 - 10:53:45",User,1.5,ppm,,,,,,Mining,<LOD,1.5038,0.9053,9831.4658 , 435.0463,0.3674,<LOD,0.9186,0.2417,<LOD,2.0291,0.1181,214.7179 , 12.8471,19.6926,569453.4375 , 2294.7246,<LOD,0.8884,0.1544,<LOD,14.9670,0.2148,<LOD,1.7206,1.7344,<LOD,28.6706,0.6113,<LOD,6.5276,0.3464,27.8570 , 3.0279,2.1789,<LOD,2.6912,0.3376,139.9433 , 11.1325,1.0659,<LOD,0.0000,0.0000,4.3405 , 1.3955,0.3502,<LOD,25.1934,0.2907,<LOD,3071.2894,0.0368,<LOD,15.1975,0.2956,<LOD,0.8237,8.5621,10.6606 , 0.4485,5.3403,<LOD,3.6095,0.2398,298.1948 , 75.7772,0.1562,3.5296 , 0.6572,0.3637,<LOD,0.8650,0.6536,<LOD,0.7253,0.4156,<LOD,0.0000,0.0000,309.0818 , 22.7982,0.3934,<LOD,2.6970,4.9913,<LOD,0.5454,0.2205,403349.9062 , 604.7527,53.9137,<LOD,2.1612,3.8378,4.4000 , 0.2452,1.1982,<LOD,0.0000,0.0000,0.9923 , 0.4753,0.3138,14896.4893 , 45.7768,69.1218,<LOD,0.7960,0.4100,151.8685 , 11.5582,9.6581,<LOD,4.1840,0.1808,<LOD,0.5268,1.6574,<LOD,1.4915,0.1970,234.3816 , 1.1784,31.1428,6,422.399994,39.006538,-122.667564,10.000000,528783.687500,4317554.500000,
1305,Mining,123.03,32.77,30.10,30.03,30.13,"Wed Apr 29, 2026 - 10:57:06",User,1.5,ppm,,,,,,Mining,1.6221 , 0.6630,0.9452,10634.2949 , 438.4478,0.3727,<LOD,0.9201,0.2387,<LOD,2.0260,0.1180,262.3104 , 13.2906,20.7802,596330.8750 , 2379.6160,<LOD,0.9718,0.1866,31.8751 , 13.9294,0.4240,<LOD,2.2025,1.7703,<LOD,28.4057,0.6006,<LOD,7.5887,0.4635,25.3922 , 3.0022,2.1023,<LOD,2.7775,0.3610,348.1138 , 14.1973,1.7499,<LOD,0.0000,0.0000,6.5501 , 1.4690,0.3911,91.2205 , 19.8636,0.4360,<LOD,3268.3781,0.0362,<LOD,15.2950,0.3008,<LOD,0.8319,8.7856,11.3990 , 0.4523,5.4542,<LOD,3.7589,0.2603,280.7734 , 71.9196,0.1413,3.8138 , 0.6653,0.3744,<LOD,0.8853,0.6600,1.2788 , 0.3881,0.4876,<LOD,0.0000,0.0000,584.5590 , 25.5420,0.5097,<LOD,2.7548,5.0134,<LOD,0.5563,0.2327,376660.2812 , 604.6954,48.4635,<LOD,2.2096,3.8763,6.0563 , 0.2609,1.3652,<LOD,0.0000,0.0000,<LOD,0.7611,0.3198,12955.3066 , 43.1495,59.4312,<LOD,0.7973,0.4117,120.4237 , 10.9514,8.2576,<LOD,4.3655,0.1977,<LOD,0.5358,1.7136,<LOD,1.4633,0.1899,234.3902 , 1.1751,30.9841,5,422.899994,39.006516,-122.667496,10.000000,528789.562500,4317552.000000,
1306,Mining,120.48,30.08,30.27,30.09,30.04,"Wed Apr 29, 2026 - 11:04:00",User,1.5,ppm,,,,,,Mining,<LOD,1.3478,0.9542,11724.4912 , 416.8732,0.3936,<LOD,0.8291,0.2424,<LOD,2.0892,0.1366,157.4786 , 12.5170,19.7392,631217.5625 , 1830.2014,<LOD,0.8431,0.1516,<LOD,18.5085,0.3601,<LOD,1.4522,1.8138,<LOD,29.7118,0.7692,<LOD,7.1099,0.4426,25.0121 , 2.9580,2.2527,<LOD,2.6333,0.3519,268.4279 , 13.0373,1.5990,<LOD,0.0000,0.0000,<LOD,1.8924,0.2978,103.8831 , 19.1159,0.4540,<LOD,2116.4969,0.0334,<LOD,14.8544,0.3066,<LOD,0.8256,9.4101,9.3906 , 0.4415,5.6425,<LOD,3.5977,0.2581,444.6350 , 78.0327,0.1980,<LOD,0.8209,0.3097,<LOD,0.8360,0.6619,<LOD,0.8025,0.4487,<LOD,0.0000,0.0000,1368.7936 , 31.1404,0.9081,<LOD,3.2312,5.3802,<LOD,0.5718,0.2666,340556.6250 , 523.8220,45.9278,3.9088 , 1.4366,4.2108,1.9770 , 0.2186,1.0389,<LOD,0.0000,0.0000,1.4145 , 0.4589,0.3267,13763.6689 , 41.3118,68.2786,<LOD,0.7592,0.4126,118.6602 , 11.0233,9.3938,<LOD,4.3778,0.2160,<LOD,0.8050,1.8683,<LOD,1.4650,0.2068,234.0582 , 1.1503,33.4306,5,423.799988,39.006603,-122.667435,10.000000,528794.625000,4317562.000000,
1307,Mining,122.82,32.64,30.06,30.09,30.03,"Wed Apr 29, 2026 - 11:07:35",User,1.5,ppm,,,,,,Mining,<LOD,0.9945,0.9307,11620.4629 , 421.3971,0.3908,<LOD,0.8635,0.2720,<LOD,1.7937,0.1011,206.0774 , 12.4370,20.7855,630010.7500 , 1882.6255,<LOD,0.8919,0.1721,103.6297 , 15.3029,0.5442,<LOD,2.1083,1.8715,<LOD,29.2197,0.7179,<LOD,8.8229,0.6728,17.6133 , 2.9252,2.3210,10.4795 , 2.1548,0.5376,723.9015 , 18.2868,3.1982,<LOD,0.0000,0.0000,<LOD,1.8797,0.2957,725.3423 , 26.6022,0.9668,<LOD,2292.4966,0.0351,<LOD,15.0618,0.3202,<LOD,0.7901,8.6992,7.2701 , 0.4248,5.2657,<LOD,3.6120,0.2597,378.1725 , 74.3159,0.1730,<LOD,0.8367,0.3273,<LOD,0.8369,0.6897,1.1387 , 0.3712,0.4970,<LOD,0.0000,0.0000,1186.6322 , 29.9790,0.8123,<LOD,3.9617,5.4195,<LOD,0.5111,0.2167,343890.0312 , 537.6305,46.0147,5.4555 , 1.4134,4.2468,3.8977 , 0.2358,1.2228,<LOD,0.0000,0.0000,<LOD,0.6764,0.2890,10642.7861 , 37.0201,53.0227,<LOD,0.7499,0.4063,107.2786 , 9.8804,7.5711,<LOD,4.4164,0.2217,<LOD,0.5170,1.7573,<LOD,1.5270,0.2267,197.8765 , 1.0581,28.5773,5,421.600006,39.006550,-122.667465,10.000000,528792.437500,4317556.000000,
1308,Mining,120.52,30.22,30.07,30.05,30.18,"Wed Apr 29, 2026 - 11:10:33",User,1.5,ppm,,,,,,Mining,<LOD,1.0492,0.9316,12408.0488 , 449.6647,0.4102,<LOD,0.9652,0.2943,<LOD,2.0680,0.1313,286.6357 , 13.1222,22.4341,606522.5000 , 2035.5421,<LOD,0.8978,0.1693,<LOD,19.4369,0.3625,<LOD,1.4674,1.7928,<LOD,29.2935,0.6641,<LOD,7.8127,0.5157,21.0036 , 2.9653,2.2333,7.6231 , 2.1014,0.4967,473.0952 , 15.5816,2.2459,<LOD,0.0000,0.0000,<LOD,1.9440,0.3096,326.2495 , 22.4401,0.6272,<LOD,2522.5635,0.0350,<LOD,15.2489,0.3180,<LOD,0.8075,8.8183,8.1265 , 0.4295,5.2128,<LOD,3.5436,0.2437,322.9387 , 76.9010,0.1686,5.1126 , 0.6770,0.4130,<LOD,0.8498,0.6635,1.1742 , 0.3817,0.5064,<LOD,0.0000,0.0000,769.3328 , 26.9960,0.5978,<LOD,2.6910,5.2111,<LOD,0.5547,0.2432,366514.0000 , 563.7667,48.5816,<LOD,2.6726,4.1240,8.7603 , 0.2799,1.6770,<LOD,0.0000,0.0000,<LOD,0.6871,0.2924,11628.3252 , 39.1878,55.8897,<LOD,0.7761,0.4224,102.8050 , 10.3073,7.8092,<LOD,4.4339,0.2172,<LOD,0.5248,1.7480,<LOD,1.5543,0.2283,209.2497 , 1.0907,29.2018,5,422.200012,39.006542,-122.667511,10.000000,528788.250000,4317555.000000,
1309,Mining,120.31,30.21,30.02,30.02,30.06,"Wed Apr 29, 2026 - 11:14:05",User,1.5,ppm,,,,,,Mining,<LOD,1.3941,0.9327,12719.4521 , 481.3942,0.4450,<LOD,0.8441,0.2610,<LOD,1.9648,0.1229,156.0597 , 12.3846,19.2089,547049.4375 , 2268.8005,<LOD,0.8777,0.1674,132.9660 , 15.1291,0.5884,<LOD,2.2348,1.8329,77.1949 , 21.0647,0.7396,<LOD,7.8794,0.5519,32.8013 , 3.0901,2.3956,7.0876 , 2.0589,0.4969,452.0148 , 15.2020,2.2312,<LOD,0.0000,0.0000,<LOD,1.8812,0.3015,<LOD,25.9661,0.3512,<LOD,3021.0546,0.0400,<LOD,15.2085,0.3320,<LOD,0.8197,9.4321,10.8729 , 0.4391,5.6664,<LOD,3.6628,0.2734,332.7933 , 78.5350,0.1679,<LOD,0.8224,0.3170,<LOD,0.8517,0.6872,0.7541 , 0.3550,0.4514,<LOD,0.0000,0.0000,3007.2593 , 45.2867,1.6786,<LOD,3.7384,5.2735,<LOD,0.5344,0.2354,418185.6562 , 633.1782,61.3272,<LOD,3.3487,4.0570,1.1339 , 0.2043,0.9197,<LOD,0.0000,0.0000,1.0858 , 0.4648,0.3292,16565.9180 , 49.4949,82.4507,<LOD,0.7262,0.3827,171.4152 , 12.1515,11.4793,<LOD,4.2888,0.2113,0.5770 , 0.3505,1.8353,<LOD,1.4834,0.2163,247.3369 , 1.1935,34.8251,4,420.899994,39.006416,-122.667702,10.000000,528771.437500,4317541.000000,
1310,Mining,123.22,33.06,30.00,30.06,30.10,"Wed Apr 29, 2026 - 11:18:37",User,1.5,ppm,,,,,,Mining,<LOD,1.0423,0.8913,11818.4609 , 460.7484,0.4169,<LOD,0.8084,0.2308,<LOD,1.9382,0.1190,95.0964 , 12.1163,17.4535,562401.9375 , 2076.7822,<LOD,0.8804,0.1683,<LOD,29.0185,0.3978,2.0087 , 0.9738,1.8215,<LOD,30.3437,0.7124,<LOD,7.4994,0.5006,33.9294 , 3.0421,2.3459,<LOD,3.9248,0.4394,340.3278 , 13.7805,1.8178,<LOD,0.0000,0.0000,<LOD,1.7854,0.2672,66.0752 , 18.6014,0.4267,5549.4941 , 1715.6656,0.0461,<LOD,14.3919,0.2939,<LOD,0.7921,8.7571,9.7374 , 0.4322,5.4737,<LOD,3.5611,0.2566,305.8664 , 77.2344,0.1686,<LOD,0.8068,0.3034,<LOD,0.8236,0.6302,0.6270 , 0.3555,0.4479,<LOD,0.0000,0.0000,1192.7925 , 31.3157,0.8153,<LOD,2.6251,5.0824,<LOD,0.5277,0.2290,401703.7188 , 584.6480,57.2561,<LOD,2.9627,3.9318,0.4682 , 0.1958,0.8401,<LOD,0.0000,0.0000,<LOD,1.0532,0.3151,16118.5742 , 46.5224,79.5950,<LOD,0.7313,0.3874,151.0187 , 11.8607,10.9820,<LOD,4.1895,0.2003,<LOD,0.5129,1.7348,<LOD,1.5428,0.2333,209.8261 , 1.0878,29.7547,5,413.799988,39.006638,-122.667557,10.000000,528784.062500,4317565.500000,
1311,Mining,122.92,32.65,30.09,30.10,30.08,"Wed Apr 29, 2026 - 11:22:38",User,1.5,ppm,,,,,,Mining,<LOD,1.2437,0.8922,10172.9775 , 447.6608,0.3780,<LOD,0.8987,0.2451,<LOD,2.1545,0.1212,37.7172 , 12.4961,15.9412,547774.4375 , 2578.8594,<LOD,0.9403,0.1583,<LOD,16.4999,0.2538,1.8403 , 1.0208,1.7964,<LOD,28.0800,0.5727,<LOD,7.4578,0.4101,26.3358 , 3.0638,2.0595,<LOD,3.6306,0.4143,246.3510 , 13.3165,1.3979,<LOD,0.0000,0.0000,<LOD,2.7802,0.3124,<LOD,25.7365,0.3109,<LOD,3555.7646,0.0373,<LOD,15.7226,0.2882,<LOD,0.9103,9.5576,14.1225 , 0.4866,5.7271,<LOD,3.9396,0.2607,319.6902 , 73.8585,0.1472,<LOD,0.8683,0.2892,<LOD,1.1450,0.6811,0.9718 , 0.3967,0.4628,<LOD,0.0000,0.0000,319.9189 , 22.8087,0.3885,<LOD,3.8371,5.1138,<LOD,0.5897,0.2363,422430.6562 , 647.6465,56.7953,<LOD,2.4464,3.8492,0.4618 , 0.2111,0.8051,<LOD,0.0000,0.0000,<LOD,1.2233,0.3039,16470.5273 , 50.9025,75.1979,<LOD,0.8126,0.3934,149.3140 , 12.2349,10.3283,<LOD,4.7354,0.2114,0.6110 , 0.3786,1.7553,<LOD,1.6076,0.2084,305.4173 , 1.4088,39.0087,5,410.600006,39.006741,-122.667397,10.000000,528797.687500,4317577.000000,
1312,Mining,122.79,32.70,30.00,30.05,30.04,"Wed Apr 29, 2026 - 11:25:41",User,1.5,ppm,,,,,,Mining,<LOD,0.9595,0.8971,11456.2939 , 448.8633,0.4032,<LOD,0.8348,0.2379,<LOD,2.1125,0.1352,89.8159 , 12.8153,18.1458,573164.1875 , 2516.0193,<LOD,0.9475,0.1863,393.7605 , 19.1452,0.9972,<LOD,1.5189,1.8218,<LOD,29.1795,0.6502,<LOD,7.1424,0.4313,27.6957 , 2.7930,2.1872,15.6033 , 2.2698,0.5727,272.9363 , 13.1527,1.5707,<LOD,0.0000,0.0000,3.8613 , 1.3953,0.3665,<LOD,25.4050,0.3519,<LOD,3565.0430,0.0388,<LOD,15.3724,0.3192,<LOD,0.8362,9.3339,8.8284 , 0.4361,5.3036,<LOD,3.6519,0.2574,292.1227 , 73.6508,0.1515,<LOD,0.8242,0.3026,<LOD,0.8955,0.6993,1.4626 , 0.3794,0.5022,<LOD,0.0000,0.0000,1755.1548 , 35.5397,1.0504,<LOD,3.3292,5.3861,<LOD,0.5592,0.2435,398873.9375 , 649.8694,54.9396,<LOD,2.6089,4.1051,0.7126 , 0.2049,0.8786,<LOD,0.0000,0.0000,<LOD,0.6986,0.2829,11374.4512 , 39.7101,54.6088,<LOD,0.7589,0.3916,113.8238 , 9.7734,7.6641,<LOD,4.2925,0.2005,<LOD,0.8908,1.8292,<LOD,1.5252,0.2169,253.4558 , 1.2344,34.9077,5,414.299988,39.006924,-122.666985,10.000000,528833.437500,4317597.500000,
1313,Mining,120.54,30.27,30.05,30.17,30.05,"Wed Apr 29, 2026 - 11:29:19",User,1.5,ppm,,,,,,Mining,<LOD,1.2616,0.9490,13038.3066 , 464.6367,0.4319,<LOD,0.9902,0.2939,<LOD,2.1735,0.1320,201.5818 , 13.1779,20.6132,577109.9375 , 2092.9451,<LOD,0.9728,0.1810,315.0656 , 18.7705,0.8661,<LOD,1.5122,1.8166,<LOD,29.6110,0.6749,<LOD,8.7497,0.5906,26.3944 , 2.8976,2.2041,21.3846 , 2.4556,0.6188,569.5177 , 17.3694,2.5497,<LOD,0.0000,0.0000,3.6631 , 1.4479,0.3620,233.2103 , 21.1169,0.5496,2951.0715 , 1601.9287,0.0405,<LOD,15.7159,0.3075,<LOD,0.8642,9.2001,9.1371 , 0.4531,5.2803,<LOD,3.9076,0.2709,336.3434 , 75.6435,0.1618,3.3661 , 0.6753,0.3732,<LOD,0.8816,0.6816,1.3201 , 0.4046,0.5164,<LOD,0.0000,0.0000,1786.4713 , 35.5008,1.0570,<LOD,2.7711,5.2823,<LOD,0.5762,0.2380,392059.7500 , 560.9025,52.7505,3.6511 , 1.4951,4.2171,5.1357 , 0.2593,1.3055,<LOD,0.0000,0.0000,<LOD,1.1412,0.3382,10977.8984 , 37.0625,51.8213,<LOD,0.8260,0.4299,105.1835 , 9.8815,7.2581,<LOD,4.5584,0.2087,<LOD,0.8296,1.8054,<LOD,1.6568,0.2365,241.5686 , 1.2127,32.8904,5,410.399994,39.006565,-122.667549,10.000000,528785.062500,4317557.500000,
1314,Mining,122.99,32.64,30.13,30.06,30.16,"Wed Apr 29, 2026 - 11:34:18",User,1.5,ppm,,,,,,Mining,1.3568 , 0.6379,0.9161,12589.7900 , 493.7669,0.4415,<LOD,0.8637,0.2499,<LOD,2.0879,0.1302,35.7349 , 12.0235,15.6220,521613.4375 , 2242.0767,<LOD,0.9586,0.1877,18.9955 , 13.3952,0.4115,1.6805 , 0.9820,1.7582,<LOD,30.2234,0.6467,<LOD,7.3536,0.4549,26.2861 , 3.0030,2.2411,<LOD,4.4820,0.4327,297.4371 , 13.3498,1.6090,<LOD,0.0000,0.0000,<LOD,3.1761,0.3226,288.6589 , 21.5961,0.6048,6358.4541 , 1804.4907,0.0474,<LOD,15.2089,0.3097,<LOD,0.8691,9.9979,14.2006 , 0.4605,5.8768,<LOD,3.6530,0.2553,359.4864 , 81.8230,0.1760,<LOD,0.8587,0.3241,<LOD,1.1600,0.6713,1.1392 , 0.3816,0.4939,<LOD,0.0000,0.0000,569.8272 , 26.1080,0.5039,<LOD,2.8460,4.9628,<LOD,0.5778,0.2615,442523.6562 , 608.4222,62.6613,<LOD,2.2494,3.7715,0.4510 , 0.1990,0.8189,<LOD,0.0000,0.0000,1.2262 , 0.5004,0.3521,14834.6445 , 44.6717,70.0630,<LOD,0.7753,0.4103,155.0775 , 11.4095,9.8142,<LOD,4.3320,0.2023,0.9224 , 0.3611,1.8282,<LOD,1.5037,0.2087,307.5718 , 1.3280,40.6858,4,407.200012,39.006695,-122.667419,10.000000,528795.875000,4317572.000000,
1315,Mining,120.08,30.45,30.02,30.12,29.49,"Wed Apr 29, 2026 - 11:36:57",User,1.5,ppm,,,,,,Mining,<LOD,0.9462,0.8815,12120.5449 , 484.9904,0.4195,<LOD,0.8747,0.2416,<LOD,2.1458,0.1305,42.7546 , 12.4161,16.5930,548276.3750 , 2188.9976,<LOD,1.0030,0.1944,<LOD,15.8297,0.2543,<LOD,2.4271,1.8439,<LOD,29.1755,0.5892,<LOD,7.3017,0.4260,25.8841 , 2.8929,2.0016,<LOD,5.1348,0.4456,237.0920 , 12.8686,1.4106,<LOD,0.0000,0.0000,<LOD,2.0156,0.3075,<LOD,24.1000,0.2957,3839.7598 , 1708.0784,0.0411,<LOD,16.2445,0.3342,<LOD,0.8868,9.8061,13.7626 , 0.4725,5.8439,<LOD,3.7548,0.2551,306.0663 , 78.1618,0.1559,<LOD,0.8714,0.3158,<LOD,1.2621,0.7105,0.6463 , 0.3865,0.4684,<LOD,0.0000,0.0000,631.3497 , 26.9154,0.5281,<LOD,3.2146,5.2438,<LOD,0.5746,0.2402,418554.9062 , 595.0803,57.5975,<LOD,2.3051,3.9673,<LOD,0.2978,0.7692,<LOD,0.0000,0.0000,1.0177 , 0.5183,0.3526,15505.2998 , 45.0180,72.8052,<LOD,0.8027,0.4164,138.5460 , 11.5560,9.9918,<LOD,4.5820,0.2142,0.9288 , 0.3716,1.8318,<LOD,1.6008,0.2238,305.0161 , 1.3466,40.1528,5,404.799988,39.006527,-122.667595,10.000000,528780.937500,4317553.500000,
1316,Mining,122.72,32.53,30.02,30.05,30.12,"Wed Apr 29, 2026 - 13:05:52",User,1.5,ppm,,,,,,Mining,<LOD,1.6543,0.6635,62049.6797 , 1371.7733,1.4179,<LOD,2.0190,0.3560,<LOD,3.5426,0.1084,499.4665 , 24.1634,17.0081,476721.0625 , 4087.9792,<LOD,1.5551,0.1447,2203.4539 , 89.4167,3.7085,<LOD,2.4752,1.1632,<LOD,39.4416,0.8205,<LOD,83.2633,34.9120,165.0645 , 8.8961,5.1147,30.7532 , 3.5978,0.4452,83041.2734 , 221.9807,223.2776,<LOD,0.0000,0.0000,22.0471 , 2.6217,0.3852,9593.7900 , 147.9249,6.9303,11715.9727 , 3125.4197,0.0636,198.0991 , 23.8095,1.1711,<LOD,1.1324,4.3759,5.0866 , 0.6159,2.7073,<LOD,11.1278,0.3075,1055.3295 , 123.5656,0.3191,9.1620 , 1.2053,0.3665,<LOD,1.4638,0.4655,49.2264 , 1.2966,2.1498,<LOD,0.0000,0.0000,21619.8555 , 117.0524,8.3215,<LOD,4.7805,3.7086,<LOD,0.9571,0.2058,322756.8125 , 643.6063,34.5568,15.3999 , 2.6374,3.2087,47.6454 , 0.7186,2.9536,<LOD,0.0000,0.0000,1.8454 , 0.8334,0.2755,7800.6631 , 65.0221,30.7521,<LOD,1.4030,0.3667,208.7005 , 19.1387,5.4285,<LOD,7.6551,0.1908,4.7529 , 0.6878,1.7278,47.3558 , 3.0821,0.6190,137.4713 , 1.3014,10.7843,6,411.000000,39.006474,-122.667694,10.000000,528772.437500,4317547.500000,
1317,Mining,124.10,33.71,30.15,30.10,30.14,"Wed Apr 29, 2026 - 13:08:50",User,1.5,ppm,,,,,,Mining,<LOD,3.6730,0.6693,272594.6875 , 2263.0488,1.6595,<LOD,0.1383,0.0020,<LOD,0.1704,0.0002,1424.2239 , 63.0864,17.6119,3037.1855,,<LOD,0.1594,0.0011,6542.2153 , 261.3324,3.1250,<LOD,5.5492,1.2018,472.3473 , 94.6294,1.0149,16.9187 , 3.2412,0.0409,400.1826 , 25.0574,4.0417,<LOD,1.4600,0.0222,<LOD,16.3919,0.2096,<LOD,0.0000,0.0000,<LOD,0.4631,0.0028,24686.3145 , 589.1553,6.0835,29476.7402 , 6705.8428,0.0583,812.9376 , 40.1301,0.7851,<LOD,0.0069,0.0001,<LOD,0.0031,0.0000,<LOD,2.6778,0.0309,3485.7512 , 369.9102,0.2922,<LOD,0.0733,0.0005,<LOD,3.3620,0.5023,<LOD,0.0168,0.0001,<LOD,0.0000,0.0000,48677.4219 , 933.5162,7.2881,<LOD,10.7309,3.9065,<LOD,0.0750,0.0008,588420.0000 , 4927.7822,36.6867,30.8521 , 5.8956,3.3827,<LOD,0.0036,-0.0000,<LOD,0.0000,0.0000,<LOD,0.0781,-0.0000,19412.9609 , 471.1862,26.2085,<LOD,0.0255,-0.0000,509.1938 , 51.0286,4.5706,<LOD,1.6683,0.0062,<LOD,0.0027,-0.0000,<LOD,0.6090,0.0073,<LOD,0.0078,-0.0000,5,419.000000,39.006729,-122.667686,10.000000,528772.750000,4317576.000000,
1318,Mining,122.98,32.66,30.08,30.07,30.17,"Wed Apr 29, 2026 - 13:11:20",User,1.5,ppm,,,,,,Mining,<LOD,1.7980,0.5846,52648.1250 , 1409.3195,1.2107,2.5467 , 1.4998,0.4004,<LOD,3.9635,0.0997,557.3734 , 26.7312,15.5165,512651.0312 , 5070.0229,<LOD,1.7292,0.1315,1382.3381 , 82.7891,2.5427,<LOD,2.6716,1.0035,<LOD,36.7699,0.6742,<LOD,97.3431,41.9552,208.3915 , 10.0055,5.5096,47.3931 , 4.3450,0.4834,106117.0469 , 285.2761,270.6744,<LOD,0.0000,0.0000,13.8835 , 2.7246,0.2965,8087.4590 , 147.6213,5.6852,<LOD,6423.0791,0.0449,103.3576 , 24.2702,1.0779,<LOD,1.2680,3.9833,5.7006 , 0.6871,2.4487,<LOD,13.5800,0.2988,2055.7441 , 156.4203,0.5069,11.9065 , 1.4214,0.3742,<LOD,1.5778,0.4035,49.4862 , 1.4063,1.8580,<LOD,0.0000,0.0000,21712.0000 , 118.2295,7.9337,<LOD,5.2881,3.4018,<LOD,1.0669,0.1867,285306.4375 , 643.2279,27.9821,17.8785 , 2.9006,2.8938,39.4711 , 0.7263,2.1996,<LOD,0.0000,0.0000,2.6014 , 0.9341,0.2540,6844.0146 , 65.7612,25.7820,<LOD,1.4624,0.2903,190.3224 , 19.4771,4.6656,<LOD,8.9549,0.1936,3.8109 , 0.7510,1.4960,35.2914 , 3.1961,0.4931,138.8993 , 1.4263,9.3679,6,420.799988,39.006447,-122.667664,10.000000,528774.750000,4317544.500000,
1319,Mining,122.67,32.50,30.04,30.08,30.05,"Wed Apr 29, 2026 - 13:14:59",User,1.5,ppm,,,,,,Mining,<LOD,1.7943,0.6099,44858.0469 , 1151.5978,1.0628,14.8210 , 2.0396,0.7588,<LOD,4.4375,0.1154,480.8853 , 26.7412,15.7624,533318.6250 , 3825.3943,<LOD,1.8650,0.1418,925.6580 , 73.6051,2.2174,<LOD,2.7224,1.0968,447.9744 , 29.3251,1.3156,<LOD,110.2031,63.4820,132.4181 , 9.9438,6.0534,66.5400 , 5.1938,0.6493,141041.2188 , 316.4998,431.7672,<LOD,0.0000,0.0000,13.8901 , 2.8620,0.3023,5906.0640 , 133.7427,5.1537,3661.4314 , 3121.4900,0.0576,<LOD,34.8166,1.1313,<LOD,1.4248,4.5455,6.0002 , 0.7550,2.6807,132.1834 , 11.0788,0.3623,1363.2579 , 128.2111,0.4431,19.0678 , 1.7314,0.5139,<LOD,1.6202,0.4488,49.0671 , 1.5049,1.9484,<LOD,0.0000,0.0000,34259.1484 , 138.8143,14.9467,<LOD,5.3227,3.5722,<LOD,1.1914,0.2162,227483.0312 , 555.2739,25.7358,16.9823 , 2.9329,3.0803,54.6532 , 0.8936,3.0490,<LOD,0.0000,0.0000,<LOD,1.3954,0.2026,5314.3774 , 63.2073,24.7125,<LOD,1.5992,0.3187,211.9788 , 19.3290,5.0855,<LOD,9.4977,0.1996,2.0706 , 0.8025,1.5497,35.7387 , 3.4294,0.5314,184.9084 , 1.7302,12.6880,7,420.600006,39.006523,-122.667625,10.000000,528778.312500,4317553.000000,
1320,Mining,124.63,34.40,30.06,30.09,30.08,"Wed Apr 29, 2026 - 13:18:09",User,1.5,ppm,,,,,,Mining,<LOD,7.6556,0.6132,224825.0000 , 3187.4966,0.7880,<LOD,0.2424,0.0014,<LOD,0.5852,0.0005,2809.1121 , 168.9722,16.3389,4840.6982,,<LOD,0.2713,0.0007,4891.6567 , 580.8477,1.6961,<LOD,11.6749,1.1208,<LOD,267.2135,0.9043,45.9048 , 7.4844,0.0480,1242.8455 , 116.0547,7.4796,<LOD,3.7267,0.0331,<LOD,47.3909,0.2290,<LOD,0.0000,0.0000,<LOD,1.2817,0.0042,24043.7695 , 1232.5303,3.3855,<LOD,20996.8096,0.0456,1908.8201 , 117.8641,0.9109,<LOD,0.0109,0.0000,<LOD,0.0098,-0.0000,<LOD,5.8873,0.0342,15640.3330 , 1038.5625,0.6365,<LOD,0.1279,0.0003,<LOD,6.7046,0.4191,<LOD,0.0919,0.0007,<LOD,0.0000,0.0000,138809.1875 , 4456.9844,11.0670,<LOD,22.8413,3.7321,<LOD,0.2059,0.0012,551857.6250 , 7271.1963,19.3718,74.8810 , 12.5048,3.2119,<LOD,0.0189,0.0001,<LOD,0.0000,0.0000,<LOD,0.1675,0.0005,26999.5332 , 1255.1135,18.6990,<LOD,0.0921,0.0001,2010.6357 , 192.6614,4.9814,<LOD,5.1481,0.0138,<LOD,0.0105,-0.0000,<LOD,1.7954,0.0145,<LOD,0.0173,-0.0000,6,416.100006,39.006481,-122.667412,10.000000,528796.687500,4317548.500000,
1321,Mining,120.76,30.28,30.26,30.05,30.17,"Wed Apr 29, 2026 - 13:20:57",User,1.5,ppm,,,,,,Mining,<LOD,3.0471,0.4836,24517.0430 , 1367.5338,0.6232,25.7848 , 3.4752,0.6530,<LOD,6.8521,0.0802,910.3723 , 46.6302,13.2474,509553.3438 , 5653.1860,<LOD,3.1324,0.1178,404.9741 , 76.3018,1.3356,<LOD,4.3855,0.7594,<LOD,36.8686,0.6861,<LOD,179.3753,113.2329,184.4832 , 14.9663,7.6183,271.5402 , 11.5522,0.9863,289658.2500 , 594.6567,748.7709,<LOD,0.0000,0.0000,35.5488 , 5.1521,0.2962,3405.1707 , 137.4752,3.0473,<LOD,7234.4619,0.0504,<LOD,50.7700,1.6507,<LOD,1.9351,2.3197,<LOD,1.9302,1.3429,267.4204 , 24.7440,0.3686,1972.5074 , 159.7513,0.5394,23.7859 , 2.9626,0.4423,<LOD,2.4252,0.2712,30.3360 , 1.7124,0.6976,<LOD,0.0000,0.0000,48339.5664 , 175.3704,18.5230,<LOD,8.9527,2.7033,<LOD,1.8610,0.1551,116144.1172 , 473.0041,10.5588,24.4874 , 4.9660,2.3993,32.4258 , 1.0230,1.1412,<LOD,0.0000,0.0000,<LOD,1.4522,-0.2693,3728.2136 , 72.3030,15.5335,<LOD,2.1327,0.1564,327.9738 , 24.7797,4.5920,<LOD,16.1094,0.1667,<LOD,1.5441,0.7237,27.5793 , 5.1887,0.3677,115.0931 , 1.9401,4.6283,6,408.000000,39.006451,-122.667740,10.000000,528768.125000,4317545.000000,
1322,Mining,123.00,32.69,30.15,30.07,30.09,"Wed Apr 29, 2026 - 13:26:53",User,1.5,ppm,,,,,,Mining,<LOD,1.7455,0.5886,46966.5625 , 1390.9242,1.1185,1.6586 , 1.2799,0.3506,<LOD,3.3059,0.0826,481.0044 , 25.6910,15.2855,439327.1875 , 4528.7622,<LOD,1.4962,0.1173,8896.4258 , 147.0841,11.5343,<LOD,2.6547,1.0710,176.3522 , 32.6775,0.9949,<LOD,132.1990,30.5166,128.7774 , 8.0046,3.9576,17.7430 , 3.3650,0.3403,79990.2734 , 216.5754,191.2095,<LOD,0.0000,0.0000,3.2036 , 2.1455,0.2120,9906.7256 , 142.9332,6.4711,11117.6035 , 3593.1931,0.0653,353.4900 , 26.9327,1.2715,<LOD,1.1715,4.0393,4.7266 , 0.6308,2.4284,<LOD,11.2585,0.2874,671.0947 , 120.9427,0.2267,8.2159 , 1.1968,0.3169,<LOD,1.5530,0.4179,48.5925 , 1.3204,1.9482,<LOD,0.0000,0.0000,29608.9453 , 146.8039,10.3289,<LOD,5.1155,3.4014,<LOD,0.9123,0.1644,364305.1562 , 694.8347,37.1777,20.0801 , 2.8361,2.9787,90.9765 , 0.9706,4.6837,<LOD,0.0000,0.0000,2.7831 , 0.8307,0.2508,7518.2720 , 60.5278,26.1867,1.6498 , 0.9754,0.3552,174.9039 , 17.6381,4.4639,<LOD,7.7164,0.1698,3.8538 , 0.6895,1.5200,31.0470 , 2.8448,0.4615,142.6772 , 1.3694,10.4498,5,416.200012,39.006424,-122.667618,10.000000,528779.250000,4317542.000000,
1323,Mining,120.07,30.00,30.12,30.13,29.82,"Wed Apr 29, 2026 - 13:30:27",User,1.5,ppm,,,,,,Mining,<LOD,1.6293,0.5448,45500.9648 , 1401.7473,1.0881,<LOD,2.6467,0.3343,<LOD,3.4522,0.0836,465.7032 , 23.7917,14.1227,445938.8125 , 4511.7861,<LOD,1.6748,0.1362,3211.8657 , 99.3329,4.4736,<LOD,2.4858,1.0024,<LOD,54.1401,0.9174,<LOD,85.2765,27.4883,114.9434 , 8.1662,3.9600,12.4825 , 3.3835,0.3174,74368.6406 , 203.4690,174.3855,<LOD,0.0000,0.0000,5.1607 , 2.2527,0.2195,10313.6934 , 147.7612,6.5020,6210.7319 , 3479.7312,0.0566,353.7346 , 28.1068,1.2286,<LOD,1.2121,4.0995,6.6253 , 0.6617,2.5579,<LOD,11.2071,0.2662,596.4346 , 126.3255,0.2176,8.3815 , 1.2481,0.3193,<LOD,1.4010,0.3590,51.6444 , 1.4019,2.0526,<LOD,0.0000,0.0000,28858.9863 , 150.2203,9.7234,<LOD,4.7152,3.0647,<LOD,0.9496,0.1651,375411.0000 , 711.5196,37.3086,20.4146 , 2.6278,2.7225,95.9642 , 1.0316,4.9342,<LOD,0.0000,0.0000,3.2860 , 0.9221,0.2846,8075.0171 , 62.9471,27.5261,<LOD,1.9228,0.3512,188.3607 , 18.4100,4.7014,<LOD,7.7545,0.1583,4.5326 , 0.7311,1.5885,35.8941 , 3.0458,0.4889,146.7431 , 1.4372,10.7724,6,416.200012,39.006516,-122.667587,10.000000,528781.625000,4317552.000000,
1324,Mining,122.79,32.45,30.20,30.10,30.04,"Wed Apr 29, 2026 - 13:36:33",User,1.5,ppm,,,,,,Mining,<LOD,2.0433,0.5168,40746.7383 , 1453.1068,0.9817,6.5603 , 1.6508,0.3737,<LOD,4.4459,0.0888,558.5646 , 30.0491,13.2275,434307.3125 , 4892.9517,<LOD,1.8691,0.1091,1271.4884 , 85.7923,2.2212,<LOD,3.0265,0.8809,<LOD,42.3384,0.6992,136.7866 , 75.6126,47.2672,145.6931 , 10.3325,4.7644,36.7230 , 4.4562,0.3654,129916.2031 , 276.5737,296.4000,<LOD,0.0000,0.0000,5.2931 , 2.7827,0.2119,9281.2900 , 163.3965,5.9233,4151.4609 , 3800.2136,0.0535,<LOD,36.3482,0.8519,<LOD,1.4160,3.4090,6.8960 , 0.7699,2.1026,<LOD,12.5700,0.2773,781.7701 , 127.2309,0.2425,4.9459 , 1.4345,0.2688,<LOD,1.7401,0.3345,57.6606 , 1.6487,1.7999,<LOD,0.0000,0.0000,34379.8125 , 155.6304,11.3832,<LOD,5.8764,2.8054,<LOD,1.2073,0.1701,335452.7812 , 663.6358,31.7722,21.4987 , 3.2887,2.5381,70.5462 , 1.0034,2.9593,<LOD,0.0000,0.0000,2.6770 , 1.0038,0.2048,8263.6377 , 73.2401,27.8876,2.7888 , 1.1717,0.2988,182.3977 , 21.6368,4.7610,<LOD,13.7010,0.1802,3.7491 , 0.8354,1.2924,33.5004 , 3.4866,0.4199,171.2655 , 1.6940,9.4215,7,421.799988,39.006462,-122.667633,10.000000,528777.937500,4317546.000000,
1325,Mining,120.19,30.21,30.14,30.04,29.80,"Wed Apr 29, 2026 - 13:39:39",User,1.5,ppm,,,,,,Mining,<LOD,1.5702,0.6325,51360.0938 , 1298.6991,1.2097,1.3564 , 1.1596,0.3382,<LOD,3.2834,0.0963,443.8040 , 22.7349,15.8250,470937.9062 , 4016.0669,<LOD,1.3338,0.1100,2370.5557 , 85.2639,3.9267,<LOD,2.3482,1.1086,<LOD,41.2557,0.8145,<LOD,81.7884,34.7044,120.0804 , 7.7867,4.4068,27.7811 , 3.4907,0.4337,82905.5469 , 221.0431,224.1446,<LOD,0.0000,0.0000,3.0312 , 2.0489,0.2286,7750.0142 , 127.1443,5.6744,8196.2881 , 3227.1433,0.0617,173.7931 , 22.9623,1.1237,<LOD,1.1361,4.4810,5.2061 , 0.6183,2.7613,<LOD,10.8999,0.3039,791.8104 , 122.0226,0.2722,4.7252 , 1.0907,0.3102,<LOD,1.3542,0.4196,49.9824 , 1.2979,2.2248,<LOD,0.0000,0.0000,29115.9434 , 141.9199,11.1952,<LOD,4.4964,3.4491,<LOD,0.9161,0.1978,338512.6250 , 671.7385,37.0775,15.1182 , 2.4981,3.0435,84.8537 , 0.9131,4.8950,<LOD,0.0000,0.0000,2.8621 , 0.7608,0.2560,6784.5171 , 57.2765,26.7934,2.1201 , 0.9526,0.4007,169.3146 , 16.7512,4.6851,<LOD,7.3382,0.1813,4.3920 , 0.6755,1.7250,19.6834 , 2.5179,0.4268,146.5806 , 1.3429,11.8322,5,425.600006,39.006481,-122.667625,10.000000,528778.625000,4317548.500000,
1326,Mining,122.87,32.61,30.06,30.11,30.09,"Wed Apr 29, 2026 - 13:43:24",User,1.5,ppm,,,,,,Mining,<LOD,2.2742,0.5044,41428.2891 , 1555.7732,0.9793,<LOD,2.5930,0.2795,<LOD,4.9812,0.0936,730.4921 , 34.8886,14.3063,469949.8125 , 5379.5649,<LOD,2.1095,0.1174,3706.6514 , 116.8157,5.1273,<LOD,3.4352,0.8951,<LOD,39.2904,0.6217,222.0670 , 82.7047,55.7066,108.3866 , 9.5661,4.2672,59.4758 , 5.2494,0.4310,152405.7344 , 321.5426,348.7019,<LOD,0.0000,0.0000,23.6178 , 3.4989,0.2995,7461.9468 , 145.0657,4.9208,9624.3350 , 4221.6206,0.0607,<LOD,38.9583,0.9701,<LOD,1.4544,3.0123,4.3489 , 0.7815,1.8282,<LOD,14.1180,0.3083,677.7125 , 122.6490,0.2320,17.3328 , 1.8288,0.3691,<LOD,1.9976,0.3498,42.7350 , 1.5443,1.2842,<LOD,0.0000,0.0000,35488.9922 , 156.1537,11.8329,<LOD,6.7861,2.9846,<LOD,1.3581,0.1825,270828.8438 , 635.6785,24.3515,31.9401 , 3.7909,2.6869,69.0426 , 1.0489,2.7005,<LOD,0.0000,0.0000,<LOD,1.4651,0.1233,6799.0400 , 67.9139,23.6031,<LOD,2.8895,0.2771,132.0781 , 19.5704,4.0364,<LOD,10.6937,0.1693,2.3383 , 0.8355,1.0812,51.6239 , 4.0990,0.4922,133.1910 , 1.6035,7.0637,7,424.799988,39.006462,-122.667648,10.000000,528776.625000,4317546.000000,
1327,Mining,120.09,30.11,30.12,30.16,29.70,"Wed Apr 29, 2026 - 13:46:35",User,1.5,ppm,,,,,,Mining,<LOD,1.6097,0.6562,44130.8008 , 1270.8260,1.0662,<LOD,1.6777,0.2937,<LOD,3.1253,0.0860,465.8205 , 23.6848,17.0420,497404.6250 , 4307.2905,<LOD,1.5693,0.1505,2928.4858 , 90.1978,4.5366,<LOD,2.4580,1.2060,90.4612 , 31.2407,0.9623,<LOD,79.2204,29.3786,107.5700 , 7.3985,4.0264,14.3361 , 3.2640,0.3713,72377.0703 , 213.5803,189.5473,<LOD,0.0000,0.0000,<LOD,3.7079,0.2180,9117.2490 , 132.6331,6.3958,10142.9453 , 3615.1111,0.0739,216.6499 , 24.2543,1.1271,<LOD,1.1453,4.5979,5.6053 , 0.6214,2.8341,<LOD,10.5356,0.3104,896.1055 , 136.4424,0.3186,4.9115 , 1.0997,0.3114,<LOD,1.4336,0.4667,55.9568 , 1.3637,2.4660,<LOD,0.0000,0.0000,53847.3750 , 199.9690,20.3460,<LOD,4.7052,3.7667,<LOD,0.8918,0.1852,300293.7812 , 674.7091,31.8891,9.5281 , 2.5753,3.1862,78.9723 , 0.8948,4.6589,<LOD,0.0000,0.0000,1.7128 , 0.8428,0.2906,7467.4443 , 58.0209,28.3782,<LOD,1.3774,0.3709,160.7102 , 16.6846,4.7646,<LOD,7.6299,0.1935,5.4425 , 0.7073,1.8742,25.6866 , 2.6689,0.4710,150.7389 , 1.3738,12.2311,7,425.299988,39.006420,-122.667641,10.000000,528776.937500,4317541.500000,
1328,Mining,122.85,32.70,30.09,30.02,30.04,"Wed Apr 29, 2026 - 13:49:31",User,1.5,ppm,,,,,,Mining,<LOD,1.6360,0.6424,62529.0195 , 1458.5687,1.4391,<LOD,1.6900,0.2849,<LOD,3.3590,0.0979,443.5772 , 23.8704,16.2192,424877.4062 , 4537.3022,<LOD,1.4472,0.1254,6575.5786 , 126.8708,9.9115,<LOD,2.5026,1.1878,<LOD,36.6330,0.6871,<LOD,84.0369,36.4204,112.6612 , 7.5308,4.2135,19.6714 , 3.3984,0.3981,86959.7266 , 261.7170,241.5273,<LOD,0.0000,0.0000,4.6157 , 2.1448,0.2423,8728.8975 , 133.3404,6.5679,25552.8887 , 3636.5842,0.0850,288.4780 , 25.2704,1.3661,<LOD,1.1221,4.2716,4.4869 , 0.6115,2.6611,<LOD,15.6768,0.2908,481.1081 , 101.7239,0.2003,5.9080 , 1.1351,0.3254,<LOD,1.4347,0.4422,47.4802 , 1.2893,2.1181,<LOD,0.0000,0.0000,11792.5156 , 90.4930,4.7899,<LOD,4.7735,3.6819,<LOD,0.8885,0.1747,364477.0000 , 718.0125,41.7126,19.4968 , 2.6412,3.2005,90.9510 , 0.9698,5.2522,<LOD,0.0000,0.0000,2.1335 , 0.7960,0.2595,6653.1147 , 56.6689,26.8465,<LOD,1.3893,0.3644,165.9324 , 16.4900,4.6550,<LOD,7.6741,0.1926,6.2484 , 0.7002,1.7994,24.0420 , 2.6456,0.4565,137.0890 , 1.3511,11.3316,7,424.299988,39.006458,-122.667618,10.000000,528778.937500,4317546.000000,
1329,Mining,120.48,30.28,30.00,30.12,30.08,"Wed Apr 29, 2026 - 14:01:55",User,1.5,ppm,,,,,,Mining,<LOD,0.9886,0.9605,19309.7422 , 519.1555,0.5609,<LOD,0.9574,0.3075,<LOD,2.2864,0.1502,138.7111 , 13.2669,19.9474,574855.2500 , 2509.1445,<LOD,0.9304,0.1705,<LOD,29.9914,0.4049,<LOD,1.5330,1.8582,35.7709 , 19.7689,0.7288,<LOD,20.9390,3.5576,27.6255 , 2.9837,2.2984,<LOD,2.9033,0.3959,6255.7173 , 49.7359,22.5930,<LOD,0.0000,0.0000,34.6258 , 2.0830,0.8758,225.3781 , 21.6397,0.5653,<LOD,3456.1981,0.0393,<LOD,16.1740,0.3603,<LOD,0.8014,7.9771,9.2194 , 0.4484,5.2658,<LOD,4.2422,0.2951,308.2860 , 72.7488,0.1593,<LOD,0.9231,0.3613,<LOD,0.8906,0.6943,0.7117 , 0.3871,0.4352,<LOD,0.0000,0.0000,3847.9619 , 47.1150,2.0352,<LOD,2.8402,5.5420,<LOD,0.5920,0.2639,382754.8750 , 626.1609,52.9417,<LOD,2.6868,4.3088,3.0510 , 0.2414,1.1509,<LOD,0.0000,0.0000,<LOD,0.7809,0.2891,10172.7285 , 39.1491,49.9174,<LOD,0.8651,0.4680,81.7706 , 9.8647,6.9118,<LOD,0.0000,0.2081,<LOD,0.5192,1.5921,<LOD,1.7833,0.2892,160.5789 , 1.0070,22.7219,5,424.799988,39.006439,-122.667671,10.000000,528774.312500,4317543.500000,
1330,Mining,120.21,30.04,30.08,30.00,30.09,"Wed Apr 29, 2026 - 14:04:50",User,1.5,ppm,,,,,,Mining,<LOD,0.9223,0.9496,20990.8301 , 558.9177,0.6149,<LOD,0.9423,0.3274,<LOD,2.0297,0.1363,307.5909 , 13.1455,24.5553,534369.9375 , 2143.4712,<LOD,0.8807,0.1758,<LOD,17.7458,0.3628,<LOD,1.4614,1.9289,102.2621 , 20.7889,0.7297,<LOD,10.1384,0.9248,20.3716 , 2.7415,2.1679,<LOD,2.6436,0.3753,1194.9520 , 22.1583,4.9518,<LOD,0.0000,0.0000,11.9724 , 1.5397,0.5021,<LOD,21.6004,0.2321,3342.4902 , 1669.9719,0.0433,<LOD,14.7698,0.3255,<LOD,0.7484,8.0901,7.2301 , 0.4113,5.1386,<LOD,3.7260,0.2884,368.6174 , 78.4732,0.1719,3.2408 , 0.6262,0.3801,<LOD,0.8545,0.7291,<LOD,0.7184,0.4264,<LOD,0.0000,0.0000,2436.4348 , 41.2284,1.4056,<LOD,2.6976,5.7125,<LOD,0.5376,0.2458,427219.3125 , 603.5087,63.1295,<LOD,3.0272,4.4742,4.5842 , 0.2385,1.3067,<LOD,0.0000,0.0000,<LOD,0.8954,0.3190,9371.1807 , 34.7053,47.2792,<LOD,0.7673,0.4344,91.4624 , 9.1113,6.6851,<LOD,4.2058,0.2103,<LOD,0.4932,1.6719,<LOD,1.6351,0.2739,157.5398 , 0.9451,23.6604,7,428.399994,39.006390,-122.667732,10.000000,528769.312500,4317538.000000,
1331,Mining,123.20,32.91,30.04,30.12,30.13,"Wed Apr 29, 2026 - 14:07:53",User,1.5,ppm,,,,,,Mining,<LOD,0.9679,0.9782,19215.6680 , 546.6125,0.5761,<LOD,0.8938,0.2876,<LOD,2.0799,0.1320,268.4698 , 13.5067,23.5757,535217.1250 , 2722.1128,<LOD,0.8830,0.1627,<LOD,18.4062,0.3690,<LOD,1.5059,1.9051,178.4487 , 21.8630,0.8003,<LOD,12.4840,1.2918,23.6382 , 2.7566,2.1402,<LOD,2.6460,0.3461,1928.9547 , 28.2268,7.3658,<LOD,0.0000,0.0000,7.0255 , 1.4893,0.4216,<LOD,24.4102,0.2939,<LOD,3913.6282,0.0417,<LOD,15.3180,0.3251,<LOD,0.7552,7.5817,5.5931 , 0.4123,4.7405,<LOD,3.8598,0.2801,404.1216 , 80.0142,0.1770,<LOD,0.8502,0.3254,<LOD,0.8850,0.7297,<LOD,0.5175,0.3697,<LOD,0.0000,0.0000,2819.5964 , 43.6111,1.5475,<LOD,2.7844,5.6414,<LOD,0.5444,0.2298,428859.0625 , 716.3722,61.3475,<LOD,2.6317,4.4751,2.5151 , 0.2223,1.0424,<LOD,0.0000,0.0000,<LOD,0.6812,0.2779,8562.8252 , 35.5157,41.6202,<LOD,0.7655,0.3991,79.0706 , 8.7469,5.8577,<LOD,4.5430,0.2265,<LOD,0.4956,1.5601,<LOD,1.5816,0.2353,142.0077 , 0.9385,20.7927,5,431.899994,39.006432,-122.667709,10.000000,528771.000000,4317543.000000,
1332,Mining,122.90,32.68,30.06,30.10,30.06,"Wed Apr 29, 2026 - 14:11:14",User,1.5,ppm,,,,,,Mining,<LOD,0.9525,0.9157,23104.7598 , 581.2010,0.6542,<LOD,1.0770,0.3713,<LOD,2.2326,0.1461,272.4011 , 13.7322,23.5693,543496.7500 , 2824.9229,<LOD,0.9167,0.1679,162.4258 , 19.1971,0.7209,<LOD,1.5147,1.8659,86.3228 , 21.0392,0.7649,<LOD,17.3936,2.4599,19.6149 , 2.9067,2.2947,<LOD,2.6355,0.3312,4045.7791 , 40.4783,14.6864,<LOD,0.0000,0.0000,35.8973 , 2.0793,0.8885,2476.8083 , 41.4615,2.3896,<LOD,4078.5425,0.0452,<LOD,16.7270,0.3839,<LOD,0.7683,7.4489,4.9265 , 0.4194,4.6391,<LOD,4.1319,0.2986,319.1217 , 79.1376,0.1727,6.4501 , 0.7280,0.4558,<LOD,0.8676,0.6785,18.2725 , 0.6542,1.7700,<LOD,0.0000,0.0000,9634.0430 , 74.3749,4.6875,<LOD,2.8268,5.6411,<LOD,0.5732,0.2506,405576.1250 , 705.7244,57.1752,<LOD,2.6560,4.4784,8.0007 , 0.2846,1.6403,<LOD,0.0000,0.0000,1.5780 , 0.5045,0.3714,8118.6758 , 36.1499,39.9716,<LOD,0.9394,0.5696,84.7936 , 8.9146,5.8195,<LOD,0.0000,0.2126,<LOD,0.6516,2.0137,<LOD,1.7045,0.2687,134.3511 , 0.9318,19.5640,7,429.000000,39.006447,-122.667633,10.000000,528777.750000,4317544.500000,
1333,Mining,123.12,32.89,30.05,30.07,30.11,"Wed Apr 29, 2026 - 14:14:04",User,1.5,ppm,,,,,,Mining,<LOD,0.9626,0.9320,16990.8672 , 516.3399,0.5275,<LOD,1.0224,0.3581,<LOD,2.2136,0.1479,279.8970 , 13.6192,23.3449,555287.2500 , 2063.0405,<LOD,0.8896,0.1638,33.2549 , 13.9155,0.4275,<LOD,1.5092,1.8444,<LOD,30.9745,0.7192,<LOD,13.9148,1.6101,20.1225 , 2.8747,2.2311,<LOD,2.5582,0.3213,2353.9390 , 30.6567,8.8292,<LOD,0.0000,0.0000,47.4529 , 2.2469,1.0721,459.2140 , 24.0948,0.7401,<LOD,2374.2885,0.0364,<LOD,15.1594,0.3175,<LOD,0.7556,7.4944,5.6738 , 0.4175,4.7849,<LOD,3.8793,0.2789,350.2146 , 80.4987,0.1770,4.1739 , 0.6714,0.3993,<LOD,0.8707,0.6795,5.1600 , 0.4774,0.8099,<LOD,0.0000,0.0000,7791.4487 , 67.0967,3.8322,<LOD,2.8206,5.6301,<LOD,0.5723,0.2593,407374.2812 , 575.6073,57.3896,<LOD,3.2788,4.4048,7.4081 , 0.2777,1.6137,<LOD,0.0000,0.0000,<LOD,1.1395,0.3185,8777.3193 , 34.2076,43.0475,<LOD,0.9342,0.5762,93.8834 , 9.1625,6.2150,<LOD,0.0000,0.2285,<LOD,0.5266,1.7083,<LOD,1.7076,0.2777,118.4661 , 0.8522,17.7879,8,425.399994,39.006462,-122.667671,10.000000,528774.437500,4317546.000000,
1334,Mining,122.92,32.69,30.15,30.06,30.02,"Wed Apr 29, 2026 - 14:16:55",User,1.5,ppm,,,,,,Mining,<LOD,1.0357,0.9323,26559.4121 , 627.9057,0.7193,<LOD,1.1092,0.3740,<LOD,2.1554,0.1261,279.0210 , 14.7272,23.2966,541202.5625 , 2831.4519,<LOD,0.9909,0.1830,146.9417 , 20.5891,0.7107,<LOD,1.6235,1.8401,<LOD,31.6686,0.7239,<LOD,16.2988,1.9940,18.0508 , 2.8482,2.1247,<LOD,2.8859,0.3689,3319.8728 , 37.3357,11.6566,<LOD,0.0000,0.0000,22.7814 , 1.8744,0.6248,4081.4209 , 51.3012,3.5543,<LOD,3923.6836,0.0428,<LOD,16.7834,0.3566,<LOD,0.7906,7.3569,4.8689 , 0.4267,4.4673,<LOD,4.1048,0.2745,458.2495 , 81.5844,0.1802,6.1641 , 0.7365,0.4331,<LOD,0.9403,0.6856,26.4122 , 0.7471,2.2604,<LOD,0.0000,0.0000,6405.3721 , 61.9120,3.0818,<LOD,3.0496,5.6731,<LOD,0.5667,0.2231,407355.1875 , 691.3505,54.9861,<LOD,2.4440,4.3699,6.8706 , 0.2778,1.4538,<LOD,0.0000,0.0000,<LOD,1.2888,0.3721,7824.2207 , 34.4392,36.4897,<LOD,0.9118,0.5016,87.3601 , 8.6893,5.3143,<LOD,4.6006,0.2074,<LOD,1.0442,2.1425,<LOD,1.8701,0.2956,144.6981 , 0.9756,20.0524,8,426.000000,39.006481,-122.667679,10.000000,528773.750000,4317548.500000,
1335,Mining,120.17,30.26,30.05,30.12,29.74,"Wed Apr 29, 2026 - 14:20:48",User,1.5,ppm,,,,,,Mining,<LOD,0.9560,0.9950,13186.6729 , 450.4724,0.4394,1.0444 , 0.8811,0.6974,<LOD,2.1599,0.1552,45.2153 , 12.5085,18.6354,580574.8125 , 1971.8158,<LOD,0.9441,0.2030,352.0526 , 19.8234,1.0182,<LOD,1.4863,1.9376,<LOD,27.5167,0.6354,<LOD,12.0661,1.3243,15.4153 , 2.8531,2.2719,11.8793 , 2.1544,0.5683,1828.4965 , 26.7348,7.3472,<LOD,0.0000,0.0000,16.3687 , 1.6770,0.5998,715.3694 , 26.0239,0.9914,3027.5789 , 1539.7075,0.0403,<LOD,15.3291,0.3563,<LOD,0.7985,9.2811,10.2903 , 0.4349,5.7876,<LOD,3.7579,0.2900,375.2011 , 73.7773,0.1712,14.3139 , 0.8298,0.6774,<LOD,0.8881,0.7677,2.9988 , 0.4108,0.6625,<LOD,0.0000,0.0000,1927.1873 , 35.8095,1.1815,<LOD,2.7511,5.7876,<LOD,0.5739,0.2819,386098.8125 , 557.6283,55.9025,<LOD,2.1908,4.3708,5.6365 , 0.2525,1.4713,<LOD,0.0000,0.0000,<LOD,0.7256,0.3541,11458.2432 , 37.9117,58.4588,<LOD,0.8007,0.4731,103.1660 , 10.0244,8.1317,<LOD,4.5933,0.2530,<LOD,0.8928,2.0066,12.5387 , 1.5972,0.5988,216.6855 , 1.0957,31.8664,9,426.200012,39.006454,-122.667656,10.000000,528775.875000,4317545.500000,
1336,Mining,120.45,30.26,30.05,30.11,30.03,"Wed Apr 29, 2026 - 14:23:40",User,1.5,ppm,,,,,,Mining,<LOD,0.9602,0.9061,12850.6719 , 476.4248,0.4352,<LOD,1.2413,0.4698,<LOD,2.3355,0.1505,64.1224 , 12.8433,18.0085,555482.5625 , 2095.8032,<LOD,0.9992,0.1882,220.5884 , 17.6429,0.7188,<LOD,1.5137,1.8175,124.3784 , 21.4466,0.7570,<LOD,10.8953,0.8994,13.4501 , 2.8702,1.9618,<LOD,4.3267,0.4393,1116.6263 , 22.7280,4.3519,<LOD,0.0000,0.0000,11.6313 , 1.6451,0.5198,172.2718 , 20.6907,0.5058,<LOD,2300.8629,0.0331,<LOD,16.2250,0.3272,<LOD,0.8350,8.3885,10.2809 , 0.4561,5.2750,<LOD,4.1234,0.2973,351.9941 , 81.1146,0.1759,11.4482 , 0.8292,0.5579,<LOD,0.8910,0.6979,1.9747 , 0.3965,0.5031,<LOD,0.0000,0.0000,2099.0908 , 38.4524,1.1788,<LOD,3.2550,5.5300,<LOD,0.6120,0.2711,415161.2188 , 566.8798,56.5829,<LOD,2.8086,4.2332,3.4979 , 0.2438,1.1335,<LOD,0.0000,0.0000,<LOD,1.0479,0.3450,11978.5039 , 39.2930,55.9090,<LOD,0.7831,0.3743,110.3080 , 10.4944,7.7663,<LOD,0.0000,0.2118,<LOD,0.5459,1.6883,<LOD,2.1196,0.3911,215.3893 , 1.1457,29.0750,9,425.700012,39.006462,-122.667656,10.000000,528775.750000,4317546.000000,
1337,Mining,120.27,30.03,30.05,30.10,30.09,"Wed Apr 29, 2026 - 14:26:49",User,1.5,ppm,,,,,,Mining,<LOD,0.9856,0.8846,16893.5840 , 547.4252,0.5245,<LOD,1.0369,0.3560,<LOD,2.1036,0.1270,347.7291 , 14.2403,23.7051,537581.3750 , 2104.6001,<LOD,0.9669,0.1843,<LOD,17.2235,0.2729,<LOD,1.5698,1.8157,<LOD,31.4828,0.6759,<LOD,10.8325,0.9341,30.0935 , 3.3432,2.2937,<LOD,2.6498,0.3293,1219.0439 , 22.9553,4.6850,<LOD,0.0000,0.0000,6.3836 , 1.4696,0.3904,<LOD,26.8131,0.3265,<LOD,2383.9413,0.0321,<LOD,15.2039,0.3011,<LOD,0.8534,9.1635,11.4666 , 0.4529,5.4255,<LOD,3.8877,0.2747,526.9936 , 94.8314,0.2303,4.0265 , 0.6720,0.3806,<LOD,0.9026,0.6630,0.7570 , 0.3708,0.4326,<LOD,0.0000,0.0000,2435.4299 , 42.6520,1.3622,<LOD,2.8891,5.3139,<LOD,0.5666,0.2389,419929.3750 , 593.3259,59.1370,<LOD,2.9415,4.1862,8.5116 , 0.2839,1.6068,<LOD,0.0000,0.0000,<LOD,0.7343,0.3083,20550.8945 , 54.8829,98.1165,<LOD,0.7771,0.3875,175.8547 , 14.0139,13.3811,<LOD,4.3824,0.1994,<LOD,0.5359,1.7042,<LOD,1.6304,0.2373,278.4750 , 1.2746,36.6397,9,425.600006,39.006462,-122.667664,10.000000,528775.312500,4317546.000000,
1338,Mining,120.06,30.12,30.06,30.06,29.82,"Wed Apr 29, 2026 - 14:29:38",User,1.5,ppm,,,,,,Mining,<LOD,1.5672,0.9243,18266.1836 , 550.8007,0.5457,<LOD,1.1240,0.4277,<LOD,2.1325,0.1302,286.0328 , 13.5463,21.4877,552196.3125 , 2120.0200,<LOD,0.9251,0.1681,<LOD,18.1131,0.2988,<LOD,1.8140,1.7711,30.9417 , 21.5008,0.7292,<LOD,13.4041,1.4255,33.4398 , 3.2211,2.2560,<LOD,2.7129,0.3441,2114.3411 , 29.2793,7.6706,<LOD,0.0000,0.0000,13.6562 , 1.6543,0.5027,<LOD,44.6865,0.3975,<LOD,2481.4828,0.0360,<LOD,15.2350,0.3046,<LOD,0.8361,8.7823,11.1677 , 0.4516,5.3834,<LOD,3.9005,0.2688,486.6444 , 89.4493,0.2097,6.2408 , 0.7136,0.4292,<LOD,0.8615,0.6152,0.6456 , 0.3724,0.4232,<LOD,0.0000,0.0000,2684.8569 , 43.5560,1.4630,<LOD,3.0227,5.1332,<LOD,0.5674,0.2373,406201.5938 , 590.3892,55.8230,4.0184 , 1.5019,4.0426,6.5870 , 0.2680,1.4258,<LOD,0.0000,0.0000,<LOD,0.8298,0.3012,17255.2188 , 49.6808,81.5391,<LOD,0.8006,0.4070,154.6852 , 12.8245,11.1872,<LOD,4.5585,0.2154,<LOD,0.6089,1.7274,<LOD,1.6283,0.2356,247.4263 , 1.2028,32.6954,8,425.500000,39.006466,-122.667664,10.000000,528774.875000,4317546.500000,
1339,Mining,122.95,32.52,30.09,30.14,30.20,"Wed Apr 29, 2026 - 14:32:45",User,1.5,ppm,,,,,,Mining,<LOD,1.1795,0.9200,17102.8613 , 505.0092,0.5251,<LOD,0.9967,0.3693,<LOD,2.0709,0.1334,158.5144 , 12.3753,19.2262,564560.6875 , 1963.5865,<LOD,0.8648,0.1596,<LOD,18.4997,0.3473,<LOD,1.4348,1.7707,<LOD,29.1252,0.6752,<LOD,14.1481,1.7189,33.2816 , 3.1072,2.4115,<LOD,2.7973,0.3980,2650.6370 , 31.8496,9.9254,<LOD,0.0000,0.0000,24.1257 , 1.8058,0.6703,86.9526 , 19.4720,0.4503,<LOD,2264.7486,0.0343,<LOD,14.6320,0.3069,<LOD,0.8045,8.8252,10.8990 , 0.4416,5.5977,<LOD,3.8237,0.2774,418.1174 , 83.9816,0.2077,2.6451 , 0.6267,0.3586,<LOD,0.8148,0.6280,1.0774 , 0.3830,0.4839,<LOD,0.0000,0.0000,2824.8862 , 42.4467,1.5872,<LOD,2.6348,5.1785,<LOD,0.5417,0.2339,396154.9688 , 559.6079,56.3158,<LOD,2.0973,3.9091,4.0842 , 0.2412,1.2519,<LOD,0.0000,0.0000,<LOD,0.7731,0.2893,15611.4404 , 45.3350,77.1852,<LOD,0.8276,0.4705,126.2548 , 11.8011,10.5240,<LOD,4.2144,0.1996,<LOD,0.5603,1.7754,<LOD,1.6258,0.2556,228.6004 , 1.1331,31.8192,9,425.399994,39.006466,-122.667664,10.000000,528775.000000,4317546.500000,
1340,Mining,122.66,32.50,30.07,30.06,30.03,"Wed Apr 29, 2026 - 14:35:39",User,1.5,ppm,,,,,,Mining,<LOD,1.1965,0.8724,13611.7354 , 524.2297,0.4623,<LOD,1.7545,0.4418,<LOD,2.1500,0.1304,249.6064 , 13.2947,20.0445,520714.2188 , 2220.4512,<LOD,0.9665,0.1807,<LOD,15.8232,0.2211,<LOD,2.0925,1.7235,<LOD,31.8328,0.6743,<LOD,11.4074,1.0184,36.7431 , 3.4591,2.2500,<LOD,2.9176,0.3938,1436.2617 , 24.6327,5.3312,<LOD,0.0000,0.0000,17.6384 , 1.7258,0.5907,<LOD,23.2768,0.2237,<LOD,2716.0417,0.0376,<LOD,15.0979,0.2940,<LOD,0.9235,10.5493,16.7609 , 0.4849,6.1104,<LOD,3.8090,0.2590,519.8926 , 97.9904,0.2388,3.4748 , 0.6666,0.3675,<LOD,0.8883,0.6495,<LOD,0.6979,0.4201,<LOD,0.0000,0.0000,2239.8069 , 41.6649,1.2626,<LOD,2.7689,4.9396,<LOD,0.5697,0.2421,435898.0938 , 617.6467,62.1148,<LOD,2.3721,3.7897,3.2030 , 0.2383,1.1038,<LOD,0.0000,0.0000,<LOD,0.9864,0.3176,24524.6074 , 62.8143,115.9742,<LOD,0.8510,0.4536,198.2316 , 15.3942,15.6322,<LOD,0.0000,0.2094,2.0204 , 0.3852,1.9632,<LOD,1.6650,0.2479,397.2095 , 1.5385,50.0493,9,425.299988,39.006470,-122.667664,10.000000,528774.750000,4317547.000000,
1341,Mining,122.94,32.70,30.09,30.05,30.10,"Wed Apr 29, 2026 - 14:38:05",User,1.5,ppm,,,,,,Mining,<LOD,0.9719,0.8540,14326.5283 , 521.3764,0.4750,<LOD,1.3072,0.4353,<LOD,2.1306,0.1328,423.9074 , 14.0680,23.8349,520923.7188 , 2212.4653,<LOD,0.9633,0.1857,<LOD,15.0837,0.2175,<LOD,1.9073,1.7153,<LOD,29.7044,0.6179,<LOD,11.1036,1.0006,33.9021 , 3.2447,2.2115,<LOD,2.7475,0.3605,1310.5621 , 23.4033,4.9549,<LOD,0.0000,0.0000,13.1567 , 1.6080,0.5294,<LOD,23.1257,0.2400,5098.3208 , 1813.0845,0.0455,<LOD,14.5876,0.2822,<LOD,0.8959,10.2945,15.5118 , 0.4710,5.9758,<LOD,3.7064,0.2530,494.9835 , 92.5229,0.2246,4.3073 , 0.6709,0.3857,0.8918 , 0.6129,0.6931,<LOD,0.9358,0.4334,<LOD,0.0000,0.0000,2295.6023 , 40.9732,1.2909,<LOD,3.3183,4.9868,<LOD,0.5488,0.2293,433083.0625 , 608.8162,61.5734,<LOD,2.7544,3.8454,3.6809 , 0.2385,1.1466,<LOD,0.0000,0.0000,<LOD,1.1185,0.3349,21421.9707 , 56.6846,101.5934,<LOD,0.8108,0.4271,172.2108 , 13.9264,13.7200,<LOD,0.0000,0.1948,1.7339 , 0.3764,1.9414,<LOD,1.5820,0.2312,375.9513 , 1.4799,48.0751,9,425.500000,39.006470,-122.667664,10.000000,528775.187500,4317547.000000,
1342,Mining,122.82,32.58,30.12,30.09,30.03,"Wed Apr 29, 2026 - 14:49:55",User,1.5,ppm,,,,,,Mining,<LOD,1.5413,0.5954,84952.9375 , 1980.5708,1.8987,<LOD,1.7406,0.2731,<LOD,3.6309,0.1093,474.9392 , 22.3455,15.3312,465576.4375 , 5643.9517,<LOD,1.6319,0.1523,34125.4531 , 243.7688,42.2398,<LOD,2.2462,0.9823,<LOD,46.4473,0.8009,<LOD,70.6381,18.0207,131.8171 , 7.1443,3.6952,19.8314 , 3.4186,0.3791,51190.0742 , 202.9851,117.5642,<LOD,0.0000,0.0000,<LOD,3.9358,0.2169,9575.9512 , 124.8794,6.3236,18694.1738 , 4183.8232,0.0910,322.5346 , 27.1169,1.0864,<LOD,1.3866,4.3387,6.2266 , 0.6471,2.7753,<LOD,9.3648,0.2736,1867.2572 , 180.2206,0.5182,9.6879 , 1.2095,0.3530,<LOD,1.4013,0.4419,49.8212 , 1.3715,2.2323,<LOD,0.0000,0.0000,57021.1172 , 222.5263,20.5063,<LOD,4.4107,3.2889,<LOD,0.9841,0.2077,269044.2812 , 703.2181,26.5970,19.7041 , 2.4565,2.9114,300.4897 , 1.8033,15.7833,<LOD,0.0000,0.0000,4.2085 , 0.9200,0.3460,6242.7930 , 52.6548,20.9200,2.5611 , 1.1359,0.5371,190.9837 , 15.1804,3.8491,<LOD,8.0591,0.2025,9.9452 , 0.7520,2.0192,47.8603 , 3.1210,0.6001,118.8931 , 1.4158,11.8944,7,416.399994,39.006374,-122.667427,10.000000,528795.250000,4317536.500000,
1343,Mining,120.36,30.07,30.12,30.10,30.07,"Wed Apr 29, 2026 - 14:52:30",User,1.5,ppm,,,,,,Mining,<LOD,1.6405,0.5957,101246.0547 , 2515.4995,2.2376,<LOD,1.6381,0.2294,4.2648 , 2.5526,0.1111,519.6168 , 24.4463,16.0928,412139.9688 , 6764.5430,<LOD,1.5498,0.1303,45848.1211 , 284.4084,54.8021,<LOD,2.4718,1.0599,<LOD,53.1463,0.8533,<LOD,71.0701,17.2114,121.5786 , 6.8355,3.2602,14.6706 , 3.2957,0.3343,51070.3320 , 231.6996,111.0090,<LOD,0.0000,0.0000,<LOD,4.6619,0.2162,9403.0303 , 121.3711,6.0761,24803.3945 , 4892.5718,0.1008,344.6638 , 27.5746,1.0595,<LOD,1.4201,4.0380,6.7329 , 0.6464,2.6230,<LOD,9.5288,0.2774,1470.9885 , 177.0700,0.3980,6.6906 , 1.1389,0.2955,<LOD,1.5360,0.4716,46.3038 , 1.3396,1.9920,<LOD,0.0000,0.0000,51188.0820 , 234.0612,17.9265,<LOD,4.8205,3.4889,<LOD,1.0417,0.2132,294863.0312 , 797.4787,29.0011,23.2463 , 2.6840,3.0881,291.8930 , 1.8435,14.5496,<LOD,0.0000,0.0000,3.3871 , 0.8701,0.2918,6223.6152 , 52.6305,19.6411,2.7332 , 1.1296,0.5027,182.2956 , 14.7718,3.5488,<LOD,8.1525,0.1967,9.8065 , 0.7405,1.8554,48.8891 , 3.1487,0.5794,116.6372 , 1.4193,11.0344,7,416.500000,39.006367,-122.667435,10.000000,528795.000000,4317535.500000,
1344,Mining,123.26,32.91,30.14,30.08,30.13,"Wed Apr 29, 2026 - 14:55:47",User,1.5,ppm,,,,,,Mining,<LOD,1.5523,0.6065,74351.6641 , 1681.2048,1.6785,<LOD,1.6091,0.2479,<LOD,3.3737,0.1019,412.9681 , 22.1606,14.7955,552244.9375 , 4807.1406,<LOD,1.4102,0.1224,22696.3418 , 206.0114,30.3341,<LOD,2.2907,1.0330,<LOD,41.5967,0.7349,<LOD,75.2788,25.2778,100.7982 , 7.0334,3.7336,13.0833 , 3.2268,0.3660,67206.3125 , 219.0466,169.3642,<LOD,0.0000,0.0000,<LOD,2.9297,0.1975,8090.3359 , 120.2226,5.7646,6954.2505 , 3818.5525,0.0793,169.7798 , 23.2982,0.9955,<LOD,1.1257,4.4370,5.7283 , 0.6224,2.8533,<LOD,9.8911,0.2841,1584.1945 , 168.8400,0.5187,7.3103 , 1.1325,0.3332,<LOD,1.3755,0.4263,42.8040 , 1.2516,1.9890,<LOD,0.0000,0.0000,73618.8984 , 240.6104,28.5872,<LOD,4.4299,3.3225,<LOD,0.8761,0.1728,186070.4219 , 597.0842,18.5281,14.4138 , 2.4410,2.8517,250.7408 , 1.5758,13.5393,<LOD,0.0000,0.0000,3.0447 , 0.8044,0.2861,5826.6167 , 51.0821,21.3961,<LOD,2.5801,0.4964,170.6341 , 14.9772,3.9100,<LOD,7.6607,0.1973,6.3192 , 0.6895,1.8110,43.4794 , 2.9629,0.5858,114.9026 , 1.3336,11.4384,7,416.299988,39.006363,-122.667435,10.000000,528794.812500,4317535.500000,
1345,Mining,123.46,33.00,30.13,30.21,30.12,"Wed Apr 29, 2026 - 14:58:55",User,1.5,ppm,,,,,,Mining,<LOD,2.0183,0.5183,58265.3047 , 1708.6974,1.3546,<LOD,2.1617,0.1600,<LOD,4.7568,0.0882,593.4427 , 31.0603,14.2005,513882.2188 , 6818.7656,<LOD,2.0020,0.1094,7092.2744 , 163.1867,12.0459,<LOD,3.0585,0.9241,<LOD,36.2546,0.7719,<LOD,133.8468,89.7797,106.2512 , 10.5056,6.1038,13.2518 , 4.8412,0.3803,204585.3594 , 766.6570,618.5395,<LOD,0.0000,0.0000,4.3350 , 2.8870,0.1907,5839.1934 , 141.0994,5.2460,<LOD,9816.7332,0.0801,<LOD,53.5644,1.5624,<LOD,1.4740,3.1033,<LOD,1.1834,1.8744,309.0183 , 15.3075,0.3759,1419.4740 , 148.0366,0.5418,5.0264 , 1.7351,0.3430,<LOD,1.7741,0.3607,32.2021 , 1.4537,1.1216,<LOD,0.0000,0.0000,80494.0000 , 275.1905,36.8564,<LOD,6.0496,3.0695,<LOD,1.2960,0.1702,122172.6406 , 508.0228,13.5966,23.5249 , 3.3651,2.7256,254.1489 , 2.1538,10.1025,<LOD,0.0000,0.0000,<LOD,0.9774,-0.0144,2117.5132 , 49.4986,10.3494,<LOD,1.9327,0.3097,209.3214 , 16.7291,3.3613,<LOD,11.5098,0.1954,4.3919 , 0.8825,1.2519,40.6833 , 3.9798,0.4845,91.2296 , 1.6576,7.2813,6,415.799988,39.006359,-122.667435,10.000000,528795.125000,4317535.000000,
1346,Mining,122.62,32.51,30.01,30.04,30.06,"Wed Apr 29, 2026 - 15:01:49",User,1.5,ppm,,,,,,Mining,<LOD,1.4416,0.6929,103560.5234 , 1746.1398,2.2709,<LOD,1.4142,0.2504,<LOD,2.9227,0.0996,438.9961 , 20.8585,17.6891,478557.2812 , 4578.7197,<LOD,1.3871,0.1558,18656.6836 , 185.8316,25.9941,<LOD,2.1453,1.2031,<LOD,37.6229,0.6816,<LOD,62.0051,19.2207,123.1983 , 7.0724,4.1735,20.2980 , 3.0801,0.4330,47270.8125 , 178.1282,125.8638,<LOD,0.0000,0.0000,<LOD,3.8168,0.2404,8145.4253 , 118.2674,5.9847,16982.6426 , 3279.1912,0.0794,222.7237 , 22.6513,1.0421,<LOD,1.0299,4.8280,5.0448 , 0.5801,3.2019,<LOD,8.3450,0.3176,1673.2554 , 156.4561,0.4958,5.6285 , 0.9933,0.3374,<LOD,1.2951,0.5010,37.4818 , 1.1131,2.0572,<LOD,0.0000,0.0000,32487.2930 , 153.2128,12.7262,<LOD,4.1575,3.9131,<LOD,0.8550,0.2288,285112.6250 , 678.8615,30.5033,14.2724 , 2.2878,3.3462,240.5485 , 1.4543,14.9631,<LOD,0.0000,0.0000,2.6394 , 0.7645,0.3318,6039.2363 , 51.8345,23.4065,3.0321 , 0.9844,0.5738,217.3205 , 15.2858,4.5022,<LOD,7.0681,0.2192,17.9308 , 0.7214,2.7064,44.7730 , 2.7466,0.6549,120.3072 , 1.2566,13.3889,6,410.799988,39.006310,-122.667343,10.000000,528802.937500,4317529.500000,
1347,Mining,120.66,30.22,30.29,30.00,30.15,"Wed Apr 29, 2026 - 15:04:59",User,1.5,ppm,,,,,,Mining,<LOD,1.3714,0.7288,101371.9922 , 1675.3633,2.2454,<LOD,1.3958,0.2611,<LOD,2.9167,0.1098,383.3251 , 20.0576,18.6527,481503.7188 , 4299.7627,<LOD,1.3601,0.1657,21907.9062 , 182.5265,33.2874,<LOD,2.1106,1.3664,<LOD,39.0841,0.7340,<LOD,61.1673,20.7707,108.1014 , 6.0029,3.9891,11.3477 , 2.8649,0.4148,48848.1367 , 189.2053,141.7421,<LOD,0.0000,0.0000,2.5876 , 1.8263,0.2599,9215.4990 , 112.0535,7.3260,9657.9941 , 3288.4700,0.0763,414.7024 , 25.4264,1.4792,<LOD,1.0237,5.2565,4.4041 , 0.5657,3.3413,<LOD,8.1425,0.3267,2337.2925 , 183.6649,0.7075,6.3322 , 1.0021,0.3796,<LOD,1.2726,0.5656,41.8946 , 1.1529,2.4449,<LOD,0.0000,0.0000,42758.4844 , 186.3654,18.5308,<LOD,4.0230,4.2498,<LOD,0.8344,0.2395,274587.6562 , 701.3218,32.5720,11.7804 , 2.2136,3.6339,262.7019 , 1.5255,17.6306,<LOD,0.0000,0.0000,3.9304 , 0.7759,0.3919,6179.0200 , 46.7532,25.7593,3.0979 , 0.9980,0.6485,203.6189 , 13.5401,4.7565,<LOD,6.6793,0.2164,10.8591 , 0.6635,2.4902,45.6710 , 2.7067,0.7047,117.9283 , 1.2537,14.5786,7,425.600006,39.006313,-122.667358,10.000000,528801.187500,4317530.000000,
1348,Mining,120.02,30.24,30.07,30.25,29.46,"Wed Apr 29, 2026 - 15:07:49",User,1.5,ppm,,,,,,Mining,<LOD,1.6669,0.6285,107987.3750 , 2252.1941,2.3606,<LOD,1.7241,0.2593,<LOD,3.7534,0.1116,510.2295 , 24.7650,16.7502,443485.3750 , 5901.1021,<LOD,1.5642,0.1338,28269.7988 , 230.2201,36.3609,<LOD,2.5110,1.1167,<LOD,44.1352,0.7184,<LOD,77.6332,23.3327,146.1084 , 7.3946,3.9760,15.7884 , 3.4162,0.3640,64576.1836 , 248.3485,154.9906,<LOD,0.0000,0.0000,<LOD,5.3423,0.2248,10313.7090 , 133.0029,6.9978,19765.2188 , 4132.4463,0.0850,397.0975 , 28.5431,1.3011,<LOD,1.1824,4.1750,5.8961 , 0.6549,2.6847,<LOD,15.7606,0.3292,1945.7922 , 179.3947,0.5084,7.3830 , 1.1914,0.3267,<LOD,1.5488,0.4898,44.7480 , 1.3444,2.0115,<LOD,0.0000,0.0000,36014.8555 , 178.6805,13.2160,<LOD,4.9056,3.6851,<LOD,1.0091,0.2082,280170.0938 , 738.2841,28.0949,17.1173 , 2.7005,3.1626,317.9438 , 1.9193,16.3947,<LOD,0.0000,0.0000,3.7265 , 0.8855,0.3058,5652.8311 , 52.0911,19.9940,2.7818 , 1.1661,0.5382,175.9159 , 14.9982,3.7284,<LOD,8.2278,0.2020,9.6261 , 0.7510,1.9156,41.2534 , 3.0504,0.5507,123.1446 , 1.4743,12.0988,8,429.000000,39.006287,-122.667435,10.000000,528795.187500,4317527.000000,
1349,Mining,122.90,32.64,30.14,30.07,30.05,"Wed Apr 29, 2026 - 15:10:27",User,1.5,ppm,,,,,,Mining,<LOD,1.5991,0.6284,104190.9375 , 2120.7761,2.2836,<LOD,1.6511,0.2442,<LOD,3.5232,0.1062,527.2225 , 23.8049,16.9884,452874.6875 , 5652.1929,<LOD,1.5901,0.1497,28067.3984 , 234.0215,35.9404,<LOD,2.4144,1.1239,<LOD,42.7538,0.7275,<LOD,73.3152,21.7083,154.0280 , 7.6778,4.0834,16.1018 , 3.2987,0.3665,60073.1719 , 227.2322,143.9290,<LOD,0.0000,0.0000,<LOD,4.6158,0.2178,10284.3262 , 136.1649,6.9551,20472.7031 , 3989.2578,0.0875,408.1535 , 27.9125,1.2966,<LOD,1.1429,4.2276,6.2308 , 0.6376,2.7624,<LOD,9.8270,0.2991,1916.3217 , 175.0522,0.5224,9.0130 , 1.1803,0.3478,<LOD,1.4753,0.4821,46.1468 , 1.3221,2.1106,<LOD,0.0000,0.0000,40285.9258 , 182.3090,14.7408,<LOD,4.6957,3.6711,<LOD,0.9665,0.2087,274374.6875 , 705.9762,27.4084,19.9142 , 2.5984,3.1975,318.5120 , 1.8543,16.7122,<LOD,0.0000,0.0000,2.0986 , 0.8644,0.3016,5582.2710 , 52.8896,19.6874,3.6165 , 1.1441,0.5624,186.3065 , 15.4214,3.7456,<LOD,7.7856,0.1954,9.4352 , 0.7289,1.9545,48.3254 , 3.0705,0.6030,122.4903 , 1.4234,12.2714,9,428.500000,39.006287,-122.667435,10.000000,528795.000000,4317527.000000,
1350,Mining,123.39,33.00,30.13,30.11,30.15,"Wed Apr 29, 2026 - 15:13:07",User,1.5,ppm,,,,,,Mining,<LOD,1.8951,0.5936,51696.7305 , 1502.1963,1.2150,<LOD,2.3589,0.3867,<LOD,4.0742,0.0992,580.9091 , 27.8267,15.3075,493595.5312 , 4920.9575,<LOD,1.7344,0.1248,6445.4102 , 145.7721,9.5636,<LOD,2.7852,0.9960,<LOD,40.2734,0.7536,<LOD,103.8040,50.0409,121.8510 , 9.6712,5.0546,33.7382 , 4.2285,0.4347,123918.7500 , 334.8905,335.1122,<LOD,0.0000,0.0000,15.8092 , 2.8631,0.3085,5816.6797 , 131.9253,4.5319,10416.0752 , 4160.5269,0.0780,3537.2556 , 59.4383,7.1739,<LOD,1.2741,3.6625,3.2950 , 0.7030,2.3483,40.4233 , 10.0395,0.3437,2923.4519 , 200.2049,0.8176,17.0645 , 1.5902,0.4419,<LOD,1.6379,0.3967,35.8178 , 1.3273,1.4491,<LOD,0.0000,0.0000,57802.4492 , 207.0451,22.8065,<LOD,5.4382,3.2376,<LOD,1.0948,0.1846,237719.4219 , 634.9205,25.0128,22.8076 , 3.0287,2.8805,219.6110 , 1.6513,10.0483,<LOD,0.0000,0.0000,2.1221 , 0.9349,0.2366,4771.5806 , 60.7981,19.6453,<LOD,2.8018,0.4208,108.0301 , 17.4621,3.6358,<LOD,9.5178,0.2059,12.3747 , 0.8418,1.7990,41.6974 , 3.3946,0.5286,101.1448 , 1.4252,8.6110,7,428.399994,39.006290,-122.667435,10.000000,528795.000000,4317527.000000,
1351,Mining,120.44,30.06,30.19,30.01,30.18,"Wed Apr 29, 2026 - 15:16:49",User,1.5,ppm,,,,,,Mining,<LOD,1.6784,0.5761,80296.9922 , 1822.2590,1.8050,<LOD,1.8609,0.2634,<LOD,3.7956,0.1037,536.3362 , 25.4089,15.8910,476882.7812 , 5166.9062,<LOD,1.6899,0.1430,10365.1377 , 170.1969,15.1135,<LOD,2.5668,1.0573,<LOD,39.8264,0.7014,<LOD,93.3283,42.4766,128.5280 , 9.0128,5.0579,23.4497 , 3.7527,0.4077,104942.3047 , 323.8504,284.5856,<LOD,0.0000,0.0000,6.2915 , 2.3734,0.2461,7938.1562 , 140.6905,5.9920,12048.1729 , 4094.6824,0.0818,920.2836 , 35.0112,2.5364,<LOD,1.2035,3.8616,3.4060 , 0.6706,2.5153,45.8594 , 8.6857,0.3301,2015.4380 , 177.2955,0.6025,10.0289 , 1.3351,0.3740,<LOD,1.4992,0.4134,38.9044 , 1.3060,1.7032,<LOD,0.0000,0.0000,55917.9219 , 212.4709,22.3043,<LOD,4.9714,3.3753,<LOD,1.0143,0.1908,243222.5156 , 664.6910,25.9677,18.1198 , 2.7566,2.9669,241.3260 , 1.6713,11.9667,<LOD,0.0000,0.0000,<LOD,2.0648,0.2582,4043.1582 , 52.7132,16.4927,3.0778 , 1.1612,0.4760,185.4860 , 16.2347,3.6343,<LOD,8.6228,0.2023,12.5715 , 0.7976,1.9545,43.4375 , 3.1975,0.5600,110.3014 , 1.4097,10.0847,7,427.799988,39.006306,-122.667435,10.000000,528795.000000,4317529.000000,
1352,Mining,122.91,32.74,30.00,30.11,30.06,"Wed Apr 29, 2026 - 15:22:11",User,1.5,ppm,,,,,,Mining,<LOD,1.0420,0.9635,13342.4131 , 447.9675,0.4158,<LOD,1.3498,0.5369,<LOD,2.4445,0.1577,112.5262 , 14.2228,20.4536,623612.8750 , 2426.6870,<LOD,1.0239,0.1891,241.2844 , 18.1576,0.7450,<LOD,1.6677,2.0002,<LOD,26.6598,0.5702,<LOD,14.6817,1.5500,17.0282 , 2.7352,1.8901,23.1307 , 2.5517,0.6308,2570.7644 , 33.3485,9.0796,<LOD,0.0000,0.0000,44.4189 , 2.3124,0.9883,306.7151 , 22.5564,0.5995,<LOD,3308.6144,0.0350,<LOD,17.7295,0.3809,<LOD,0.8142,7.5805,6.2384 , 0.4446,4.7361,<LOD,4.3309,0.3059,286.5633 , 67.7139,0.1364,14.5311 , 0.8958,0.6245,<LOD,0.9706,0.7485,2.1759 , 0.4431,0.5539,<LOD,0.0000,0.0000,1064.6541 , 28.5233,0.7055,<LOD,3.0849,5.9683,<LOD,0.6146,0.2571,347842.7812 , 580.1074,43.2003,<LOD,3.8499,4.6505,8.2457 , 0.2993,1.6357,<LOD,0.0000,0.0000,<LOD,0.8172,0.3302,8625.2393 , 34.2724,39.5538,<LOD,0.9487,0.5170,63.5114 , 8.8690,5.4763,<LOD,0.0000,0.2454,<LOD,0.5516,1.6374,<LOD,2.2870,0.4353,149.3347 , 0.9895,20.6072,8,426.299988,39.006302,-122.667427,10.000000,528795.875000,4317528.500000,
1353,Mining,120.12,30.04,30.06,30.22,29.80,"Wed Apr 29, 2026 - 15:24:50",User,1.5,ppm,,,,,,Mining,<LOD,0.9260,0.9890,17901.5293 , 507.5448,0.5485,<LOD,0.7820,0.2160,<LOD,2.0373,0.1377,104.2890 , 12.6170,21.0130,547836.7500 , 2081.2466,<LOD,0.8754,0.1751,86.1832 , 12.7669,0.4825,<LOD,1.4600,1.9811,156.1425 , 20.3974,0.7582,<LOD,6.5145,0.4026,15.7728 , 2.5789,2.0705,<LOD,2.5755,0.3581,119.1361 , 10.5028,1.0947,<LOD,0.0000,0.0000,28.7680 , 1.8978,0.7928,<LOD,19.6432,0.2051,3239.2473 , 1578.0646,0.0418,<LOD,15.3790,0.3519,<LOD,0.7639,8.4774,6.6452 , 0.4137,5.2136,<LOD,3.7236,0.2968,277.0621 , 70.7095,0.1479,<LOD,0.8090,0.3210,<LOD,0.8668,0.7762,<LOD,0.8281,0.4800,<LOD,0.0000,0.0000,934.3966 , 28.5203,0.7017,<LOD,3.0062,6.1239,<LOD,0.5548,0.2673,419011.5000 , 579.9393,62.4394,4.1815 , 1.4722,4.8083,0.9148 , 0.2064,0.9780,<LOD,0.0000,0.0000,<LOD,0.8126,0.3060,10042.9678 , 34.1475,51.2610,<LOD,0.8575,0.5419,74.1296 , 8.8747,7.0098,<LOD,4.3486,0.2266,<LOD,0.4995,1.7313,<LOD,1.6782,0.2901,160.4050 , 0.9563,24.5772,8,425.799988,39.006298,-122.667419,10.000000,528796.312500,4317528.000000,
1354,Mining,123.93,33.72,30.07,30.07,30.07,"Wed Apr 29, 2026 - 15:28:45",User,1.5,ppm,,,,,,Mining,<LOD,6.5729,0.8595,53607.0781 , 2187.6941,0.4038,<LOD,0.2380,0.0026,<LOD,0.1437,0.0000,4677.7720 , 187.3564,25.5835,8361.5117,,<LOD,0.2905,0.0014,1201.4401 , 110.4691,0.7445,<LOD,10.3528,1.7125,<LOD,166.6471,0.6413,21.7703 , 5.2780,0.0427,195.0792 , 23.1342,2.7965,<LOD,2.4156,0.0243,42.6420 , 18.4259,0.2447,<LOD,0.0000,0.0000,<LOD,1.0028,0.0059,5267.4663 , 217.4833,1.2328,<LOD,14352.7646,0.0358,1380.6328 , 73.7925,0.8245,<LOD,0.0067,0.0000,<LOD,0.0064,-0.0000,<LOD,6.6809,0.0407,2097.1663 , 436.3013,0.1661,<LOD,0.0074,-0.0000,<LOD,5.8938,0.6190,<LOD,0.0293,0.0001,<LOD,0.0000,0.0000,4192.2710 , 194.6356,0.6603,<LOD,27.9249,5.1346,<LOD,0.0824,0.0002,861236.4375 , 7561.3882,55.8598,<LOD,15.3896,3.8880,<LOD,0.0082,-0.0000,<LOD,0.0000,0.0000,<LOD,0.1564,0.0003,57143.9062 , 1754.4862,55.4304,<LOD,0.0560,-0.0000,574.8484 , 66.7572,7.9981,<LOD,3.0286,0.0082,<LOD,0.0039,-0.0000,<LOD,1.0786,0.0092,<LOD,0.0159,-0.0000,6,424.899994,39.006302,-122.667404,10.000000,528797.625000,4317528.500000,
1355,Mining,120.30,30.04,30.21,30.01,30.04,"Wed Apr 29, 2026 - 15:31:50",User,1.5,ppm,,,,,,Mining,<LOD,1.3713,0.9263,12528.7441 , 501.3917,0.4464,<LOD,0.8454,0.2529,<LOD,2.5015,0.1938,323.7758 , 13.2951,22.8171,519479.2500 , 2376.4832,<LOD,0.9171,0.1780,<LOD,15.5285,0.2679,<LOD,1.8677,1.7970,<LOD,31.2133,0.6492,<LOD,6.3966,0.3567,24.8976 , 2.7675,2.1430,<LOD,2.5570,0.3277,153.0324 , 11.0790,1.1356,<LOD,0.0000,0.0000,90.9032 , 2.8214,1.7269,<LOD,23.0057,0.2703,<LOD,3165.8320,0.0389,<LOD,14.5686,0.2923,<LOD,0.7943,8.4716,9.2683 , 0.4311,5.2357,<LOD,3.7230,0.2779,312.1226 , 78.3808,0.1517,<LOD,0.8252,0.3084,<LOD,0.8741,0.6848,<LOD,0.6067,0.4083,<LOD,0.0000,0.0000,571.6210 , 26.9982,0.5088,<LOD,4.1666,5.2704,<LOD,0.5878,0.2663,454252.3125 , 667.4649,65.7548,<LOD,2.2834,3.9891,0.8630 , 0.2203,1.0203,<LOD,0.0000,0.0000,<LOD,0.6769,0.2708,10999.4697 , 38.2821,52.7412,<LOD,1.0292,0.6996,88.6271 , 9.5375,7.2605,<LOD,0.0000,0.2037,<LOD,0.5081,1.6548,<LOD,1.6104,0.2508,211.7671 , 1.1092,29.4277,8,420.100006,39.006332,-122.667343,10.000000,528802.500000,4317532.000000,
1356,Mining,120.07,30.20,30.29,30.08,29.50,"Wed Apr 29, 2026 - 15:34:27",User,1.5,ppm,,,,,,Mining,<LOD,0.9084,0.9094,11983.0635 , 480.9729,0.4364,<LOD,0.7483,0.1992,<LOD,2.0779,0.1440,309.8895 , 12.7137,22.9020,522211.3125 , 2126.0686,<LOD,0.8181,0.1528,<LOD,15.4092,0.2690,<LOD,1.4185,1.7927,<LOD,29.7076,0.6350,<LOD,6.0249,0.3432,28.1694 , 2.7760,2.2152,<LOD,2.4414,0.3219,105.2999 , 9.9771,0.9899,<LOD,0.0000,0.0000,9.0729 , 1.4742,0.4565,<LOD,22.1474,0.2468,4702.8350 , 1736.0458,0.0452,<LOD,13.9820,0.2899,<LOD,0.7645,8.5719,9.0628 , 0.4162,5.3367,<LOD,3.5514,0.2707,234.4257 , 72.6900,0.1381,<LOD,0.7702,0.2900,<LOD,0.8176,0.6554,<LOD,0.5123,0.3891,<LOD,0.0000,0.0000,535.5254 , 25.7615,0.5000,<LOD,2.6214,5.2344,<LOD,0.5488,0.2577,448798.3438 , 612.1772,66.3835,<LOD,3.3296,4.1043,<LOD,0.2797,0.7985,<LOD,0.0000,0.0000,<LOD,0.9355,0.2884,10788.3135 , 36.8174,53.2231,<LOD,0.7683,0.4409,80.6919 , 9.4662,7.2880,<LOD,4.3143,0.2235,<LOD,0.4911,1.6827,<LOD,1.4345,0.2111,204.0045 , 1.0532,29.2814,5,419.700012,39.006329,-122.667343,10.000000,528803.062500,4317531.500000,
1357,Mining,120.42,30.17,30.01,30.09,30.15,"Wed Apr 29, 2026 - 15:37:19",User,1.5,ppm,,,,,,Mining,<LOD,0.9242,0.9112,7870.7261 , 435.7437,0.3489,<LOD,0.8491,0.2389,<LOD,2.1054,0.1362,166.1332 , 12.6337,20.2400,537179.5000 , 2080.4719,<LOD,0.8950,0.1684,<LOD,14.7657,0.2311,<LOD,1.4686,1.8661,<LOD,31.0006,0.6654,<LOD,6.5141,0.3669,19.1091 , 2.8469,2.1183,<LOD,2.5643,0.3272,163.2279 , 11.3919,1.1920,<LOD,0.0000,0.0000,6.8124 , 1.4578,0.4102,<LOD,23.4404,0.2666,<LOD,2492.3441,0.0372,<LOD,15.2041,0.3169,<LOD,0.7938,8.5026,9.8404 , 0.4369,5.4194,<LOD,3.6121,0.2569,259.3708 , 79.0350,0.1564,<LOD,0.8670,0.3411,<LOD,0.8313,0.6561,<LOD,0.5197,0.3660,<LOD,0.0000,0.0000,487.9566 , 25.8509,0.4785,<LOD,2.6853,5.4040,<LOD,0.5492,0.2362,441069.5000 , 603.5662,64.2482,<LOD,2.9391,4.2237,0.8643 , 0.2043,0.8849,<LOD,0.0000,0.0000,<LOD,0.6787,0.2823,12459.4033 , 40.0251,60.8777,<LOD,0.7828,0.4222,105.4550 , 10.4016,8.3887,<LOD,4.2877,0.2030,<LOD,0.5115,1.6797,<LOD,1.5332,0.2226,202.1115 , 1.0813,28.6854,6,419.399994,39.006336,-122.667290,10.000000,528807.687500,4317532.500000,
1358,Mining,122.71,32.65,30.03,30.01,30.02,"Wed Apr 29, 2026 - 15:39:53",User,1.5,ppm,,,,,,Mining,<LOD,0.9487,0.9559,8339.9453 , 414.9365,0.3536,<LOD,0.8473,0.2592,<LOD,2.1909,0.1567,148.8486 , 12.7062,20.1131,553935.7500 , 2141.3157,<LOD,0.8907,0.1764,<LOD,14.8462,0.2494,<LOD,2.3940,1.9570,<LOD,30.2061,0.7095,<LOD,6.3157,0.3646,21.2242 , 2.7716,2.1564,<LOD,2.5092,0.3315,157.0105 , 11.0564,1.1874,<LOD,0.0000,0.0000,21.9307 , 1.7604,0.7037,<LOD,23.1035,0.2800,<LOD,2801.1328,0.0383,<LOD,14.5291,0.3058,<LOD,0.7841,8.7779,8.7128 , 0.4232,5.3583,<LOD,3.4961,0.2557,266.5182 , 73.2171,0.1509,<LOD,0.8467,0.3440,<LOD,0.8475,0.6777,<LOD,0.5441,0.4239,<LOD,0.0000,0.0000,465.2099 , 24.4593,0.4789,<LOD,2.7062,5.4342,<LOD,0.5392,0.2409,423234.4375 , 604.7300,61.4712,3.5178 , 1.4609,4.3356,<LOD,0.3739,0.8580,<LOD,0.0000,0.0000,<LOD,0.6615,0.2748,12393.7871 , 39.8508,61.4944,<LOD,0.8202,0.4843,90.4569 , 10.0505,8.3733,<LOD,0.0000,0.2148,<LOD,0.4977,1.6764,<LOD,1.4861,0.2252,204.2635 , 1.0710,29.4044,7,413.299988,39.006348,-122.667366,10.000000,528800.625000,4317533.500000,
1359,Mining,120.30,30.02,30.09,30.11,30.08,"Wed Apr 29, 2026 - 15:43:01",User,1.5,ppm,,,,,,Mining,<LOD,0.9798,0.9633,14859.3379 , 496.8751,0.4827,<LOD,0.8096,0.2011,<LOD,2.2288,0.1421,51.4356 , 13.1894,19.2484,550912.7500 , 2139.2061,<LOD,0.9297,0.1699,120.7961 , 14.0996,0.5220,<LOD,1.5610,1.9778,<LOD,30.3370,0.6806,<LOD,12.1670,1.1464,16.1427 , 2.7265,2.0397,<LOD,2.8693,0.3836,1792.5355 , 27.9441,6.9071,<LOD,0.0000,0.0000,23.5269 , 1.9055,0.6794,<LOD,21.1954,0.2189,<LOD,2391.4118,0.0365,<LOD,16.5472,0.3576,<LOD,0.8032,8.0545,7.4355 , 0.4383,5.0372,<LOD,3.9935,0.2839,334.5657 , 77.2015,0.1619,<LOD,0.8324,0.2912,<LOD,0.9175,0.7568,0.8256 , 0.3837,0.4451,<LOD,0.0000,0.0000,4037.3335 , 50.5074,2.1081,<LOD,2.8789,5.8315,<LOD,0.5987,0.2660,417396.4688 , 582.1989,59.3912,<LOD,2.9582,4.6034,1.1159 , 0.2187,0.9437,<LOD,0.0000,0.0000,<LOD,0.7467,0.2870,10196.7324 , 35.5207,49.6506,<LOD,0.8329,0.4366,94.0898 , 9.4127,6.9363,<LOD,4.7285,0.2310,<LOD,0.5103,1.5399,<LOD,1.8825,0.3152,154.9055 , 0.9841,22.4635,5,407.200012,39.006252,-122.667366,10.000000,528800.687500,4317523.000000,
1360,Mining,122.83,32.51,30.11,30.08,30.13,"Wed Apr 29, 2026 - 15:45:42",User,1.5,ppm,,,,,,Mining,<LOD,0.9936,0.9681,14574.4219 , 501.3969,0.4817,<LOD,0.8138,0.2026,<LOD,2.2106,0.1407,62.6007 , 13.2082,18.9791,535091.3750 , 2780.1665,<LOD,0.9138,0.1643,133.1828 , 14.0883,0.5369,<LOD,1.5665,1.9454,<LOD,30.4589,0.6779,<LOD,8.4160,0.5628,25.7386 , 2.7377,2.1147,<LOD,2.6531,0.3275,506.3885 , 16.5763,2.3741,<LOD,0.0000,0.0000,8.2955 , 1.5670,0.4422,<LOD,20.6545,0.2038,<LOD,4014.4471,0.0416,<LOD,16.0136,0.3295,<LOD,0.7874,7.7563,7.2474 , 0.4344,4.9716,<LOD,3.8846,0.2759,301.9179 , 77.6376,0.1613,<LOD,0.8386,0.2972,<LOD,0.9156,0.7343,<LOD,0.8422,0.4274,<LOD,0.0000,0.0000,2658.3306 , 42.5640,1.4560,<LOD,2.8982,5.8140,<LOD,0.5676,0.2336,432985.1562 , 723.4152,61.8358,4.9500 , 1.5615,4.5858,1.1892 , 0.2143,0.9114,<LOD,0.0000,0.0000,<LOD,0.7772,0.2858,10973.4658 , 40.4376,52.6948,<LOD,0.8026,0.4136,86.6414 , 9.4838,7.2167,<LOD,4.6751,0.2260,<LOD,0.5114,1.5627,<LOD,1.7646,0.2767,155.6362 , 1.0056,22.4425,5,407.200012,39.006260,-122.667358,10.000000,528801.250000,4317524.000000,
1361,Mining,122.75,32.54,30.02,30.06,30.13,"Wed Apr 29, 2026 - 15:48:25",User,1.5,ppm,,,,,,Mining,<LOD,1.4012,0.9708,9074.9873 , 431.7086,0.3575,<LOD,0.9950,0.3093,<LOD,2.1155,0.1310,52.7597 , 12.7510,17.5962,559022.8750 , 2114.8230,<LOD,0.9451,0.1787,<LOD,19.3283,0.3701,<LOD,1.5172,1.8296,68.9117 , 20.6172,0.7309,<LOD,8.7896,0.6227,22.8345 , 3.0187,2.1310,<LOD,2.5935,0.3191,665.1113 , 17.9906,2.8767,<LOD,0.0000,0.0000,1.9566 , 1.3626,0.3771,210.4011 , 20.8552,0.5473,5855.1450 , 1722.6956,0.0455,<LOD,15.9960,0.3369,<LOD,0.8060,8.3205,11.3636 , 0.4518,5.5115,<LOD,3.8821,0.2830,299.9218 , 75.7060,0.1600,4.7672 , 0.6811,0.3976,<LOD,0.8731,0.6680,<LOD,0.8254,0.4162,<LOD,0.0000,0.0000,790.1906 , 27.5020,0.6103,<LOD,2.7970,5.4072,<LOD,0.5591,0.2408,406672.9062 , 578.6122,56.4798,<LOD,2.2410,4.1557,0.4688 , 0.2023,0.8246,<LOD,0.0000,0.0000,<LOD,0.7178,0.3000,16912.6699 , 47.7616,80.9778,<LOD,0.7621,0.3818,141.4324 , 12.1753,11.0452,<LOD,0.0000,0.2188,<LOD,0.5170,1.6187,<LOD,1.5958,0.2347,191.2932 , 1.0635,26.4045,5,410.000000,39.006340,-122.667259,10.000000,528810.312500,4317533.000000,
1362,Mining,120.25,30.11,30.00,30.10,30.04,"Wed Apr 29, 2026 - 15:51:01",User,1.5,ppm,,,,,,Mining,<LOD,1.2974,0.9414,8816.0566 , 443.9313,0.3542,<LOD,0.9497,0.2690,<LOD,2.1088,0.1299,49.8723 , 12.3380,17.0676,554042.5625 , 2128.5808,<LOD,0.8787,0.1545,<LOD,18.9501,0.3532,<LOD,1.4726,1.7905,87.6033 , 21.2807,0.7266,<LOD,8.8112,0.6220,21.3539 , 3.0543,2.1354,<LOD,2.7269,0.3536,729.3857 , 18.6407,3.0957,<LOD,0.0000,0.0000,7.1449 , 1.4898,0.4080,154.1575 , 20.3221,0.5015,4918.0293 , 1752.2559,0.0438,<LOD,15.4943,0.3166,<LOD,0.7928,8.0349,11.4104 , 0.4516,5.5130,<LOD,3.6993,0.2540,289.9673 , 76.7303,0.1529,4.3868 , 0.6710,0.3861,<LOD,0.8633,0.6800,<LOD,0.5695,0.3895,<LOD,0.0000,0.0000,631.0148 , 26.9780,0.5419,<LOD,2.7100,5.2731,<LOD,0.5624,0.2382,412699.8750 , 597.8300,57.8281,4.6545 , 1.4625,4.1779,0.5976 , 0.2047,0.8434,<LOD,0.0000,0.0000,<LOD,0.6716,0.2649,17192.9941 , 48.8107,82.5862,<LOD,0.7792,0.3966,155.5103 , 12.4252,11.3453,<LOD,4.3989,0.2040,<LOD,0.5152,1.6095,<LOD,1.6504,0.2467,183.3826 , 1.0439,25.4476,3,414.000000,39.006264,-122.667259,10.000000,528810.062500,4317524.500000,
1363,Mining,30.12,30.12,,,,"Wed Apr 29, 2026 - 16:34:09",User,1.5,ppm,,,,,,Mining,528.9813 , 449.3450,12.4507,,,,<LOD,17.3104,0.2356,<LOD,24.1405,0.0528,,,,115110.7812 , 15462.2881,<LOD,17.2762,0.1175,,,,<LOD,32.7631,4.9387,,,,<LOD,467.1451,235.8900,8764.6816 , 104.9290,22.9269,1686.8016 , 61.9305,1.6337,865128.2500 , 620.1008,1601.7440,<LOD,0.0000,0.0000,<LOD,28.8705,0.1490,,,,,,,2839.4297 , 120.1493,11.2073,4204.1084 , 24.7176,51.1766,<LOD,4.9715,0.7876,1560.6044 , 148.3342,0.8560,,,,65.7879 , 14.3582,0.5673,<LOD,42.1788,6.2266,<LOD,2.2708,-0.0291,<LOD,0.0000,0.0000,,,,<LOD,58.1245,5.7331,<LOD,7.4666,0.1395,,,,110.6419 , 29.0271,6.7720,<LOD,2.5679,0.1644,<LOD,0.0000,0.0000,<LOD,16.8319,-0.9941,<LOD,302.1598,1.4023,<LOD,2.1269,-0.0150,<LOD,187.0009,1.4483,<LOD,78.3483,0.2059,<LOD,4.2748,0.2962,<LOD,24.5819,0.2028,<LOD,3.4072,0.4295,5,442.500000,39.000797,-122.663124,10.000000,529170.437500,4316919.000000,
1366,Mining,30.05,30.05,,,,"Thu Apr 30, 2026 - 08:21:13",User,1.5,ppm,,,,,,Mining,541.2115 , 459.7252,12.1414,,,,<LOD,17.6663,0.2332,<LOD,24.5994,0.0534,,,,106007.9219 , 15223.5742,<LOD,21.1750,0.1230,,,,<LOD,40.4953,4.9085,,,,<LOD,466.7949,232.6756,8760.0078 , 104.2126,22.4418,1694.3615 , 61.6719,1.5699,874286.3750 , 706.5964,1570.0321,<LOD,0.0000,0.0000,<LOD,31.5203,0.1472,,,,,,,2837.3665 , 119.1800,10.9428,4348.6650 , 25.0496,50.8298,<LOD,4.9626,0.7621,1301.3719 , 149.7838,0.8538,,,,85.0171 , 14.7666,0.5838,<LOD,34.4473,5.8711,<LOD,2.6946,-0.0413,<LOD,0.0000,0.0000,,,,<LOD,58.3113,5.8092,<LOD,7.2310,0.1255,,,,137.7586 , 29.0290,6.6524,<LOD,2.3001,0.1272,<LOD,0.0000,0.0000,<LOD,18.8602,-1.1841,<LOD,381.1956,1.4777,<LOD,2.1172,-0.0143,<LOD,284.1885,1.5058,<LOD,74.4000,0.1778,<LOD,4.1874,0.2742,<LOD,24.2005,0.1907,<LOD,3.2601,0.4176,,,,,,,,
1367,Mining,122.73,32.51,30.01,30.12,30.09,"Thu Apr 30, 2026 - 11:16:07",User,1.5,ppm,,,,,,Mining,<LOD,1.0916,0.9066,52695.5352 , 883.2473,1.2505,<LOD,1.4447,0.5077,<LOD,2.4778,0.1307,501.9161 , 16.6146,27.6736,501556.9062 , 2806.0481,<LOD,1.1432,0.1905,275.1395 , 26.3461,0.9819,<LOD,1.7217,1.8033,<LOD,32.7411,0.6580,<LOD,17.3261,1.7740,35.8866 , 3.1220,2.3035,<LOD,5.5307,0.4224,3072.2246 , 38.7044,10.0613,<LOD,0.0000,0.0000,<LOD,3.1172,0.3132,6933.8745 , 66.5710,5.4015,<LOD,2770.2740,0.0398,<LOD,21.5385,0.4636,<LOD,0.9065,7.3002,6.0925 , 0.4897,4.3953,<LOD,4.8481,0.3078,672.8103 , 97.9107,0.2282,12.1401 , 0.9462,0.5622,<LOD,1.0180,0.7075,54.7040 , 1.1182,4.0908,<LOD,0.0000,0.0000,9169.3799 , 75.5209,4.0175,<LOD,3.2814,5.7286,<LOD,0.6929,0.2681,417390.3750 , 630.6909,53.1649,4.2660 , 1.7729,4.6655,130.4044 , 0.9183,12.3082,<LOD,0.0000,0.0000,4.5229 , 0.6804,0.5325,7188.2622 , 32.8972,31.3229,2.9757 , 0.8110,0.7260,97.4108 , 8.7964,4.7357,<LOD,5.5429,0.2368,3.0381 , 0.5405,2.7412,<LOD,2.2898,0.3491,160.3375 , 1.1564,22.4296,4,405.700012,39.005909,-122.667366,10.000000,528801.062500,4317485.000000,
1368,Mining,123.06,32.69,30.09,30.12,30.16,"Thu Apr 30, 2026 - 11:39:53",User,1.5,ppm,,,,,,Mining,<LOD,1.0986,0.9021,43711.8047 , 797.1207,1.0631,<LOD,1.3484,0.4976,<LOD,2.5093,0.1504,481.5189 , 16.6419,27.1104,518976.8125 , 2628.9736,<LOD,1.0802,0.1901,328.4962 , 27.9166,1.0843,<LOD,1.7341,1.7987,<LOD,30.9587,0.6585,<LOD,25.7949,4.6114,39.8256 , 3.3638,2.5304,<LOD,3.8967,0.4203,8902.8545 , 60.8328,29.5147,<LOD,0.0000,0.0000,<LOD,2.0774,0.2635,5861.1484 , 65.9209,4.8738,7168.6870 , 1903.8209,0.0496,<LOD,19.8185,0.4673,<LOD,0.8625,7.5747,6.7725 , 0.4644,4.5604,<LOD,5.3672,0.3977,773.5922 , 97.2869,0.2563,10.8464 , 0.8800,0.5420,<LOD,1.0260,0.7065,54.1643 , 1.0444,4.0533,<LOD,0.0000,0.0000,3881.1497 , 49.9587,1.9277,<LOD,3.3078,5.7319,<LOD,0.6806,0.2860,402327.2188 , 619.0189,52.8562,<LOD,3.7534,4.5426,24.8694 , 0.4250,2.9866,<LOD,0.0000,0.0000,3.4579 , 0.6281,0.4937,7198.1255 , 34.2471,32.7611,<LOD,1.5766,0.5522,79.0242 , 9.2110,4.7982,<LOD,5.3027,0.2424,2.9309 , 0.5130,2.7500,<LOD,2.0944,0.3274,166.6819 , 1.0793,21.7670,4,397.000000,39.005997,-122.667427,10.000000,528795.562500,4317494.500000,
1369,Mining,120.59,30.27,30.09,30.08,30.15,"Thu Apr 30, 2026 - 11:42:26",User,1.5,ppm,,,,,,Mining,<LOD,1.1446,0.9664,43423.9531 , 820.6204,1.0531,<LOD,1.4233,0.4802,<LOD,2.4484,0.1280,553.7430 , 16.8408,27.5457,518695.9062 , 2628.4805,<LOD,1.1409,0.1901,379.6486 , 27.5026,1.1191,<LOD,1.7452,1.7886,<LOD,32.4370,0.6727,<LOD,30.3464,5.8997,30.2561 , 3.1730,2.3299,<LOD,5.3079,0.4184,11790.5947 , 70.9918,37.7487,<LOD,0.0000,0.0000,3.2582 , 1.6052,0.3336,5714.6050 , 63.1118,4.6223,3359.5212 , 1837.7301,0.0419,<LOD,21.2662,0.4987,<LOD,0.8889,7.1885,6.1648 , 0.4772,4.2973,<LOD,5.4431,0.3442,556.4232 , 88.0391,0.1921,13.4787 , 0.9551,0.5735,<LOD,1.0310,0.6993,50.5272 , 1.0470,3.6278,<LOD,0.0000,0.0000,3205.0425 , 47.0575,1.5859,<LOD,3.2945,5.5357,<LOD,0.6609,0.2399,405803.6875 , 617.5876,51.7335,<LOD,4.1151,4.4627,34.3280 , 0.4993,3.6817,<LOD,0.0000,0.0000,3.2333 , 0.6554,0.4747,6133.4609 , 30.9116,27.3204,<LOD,1.1901,0.5279,82.7142 , 8.4368,4.1609,<LOD,5.4837,0.2329,2.7142 , 0.5241,2.5709,<LOD,4.0585,0.4002,156.7286 , 1.0865,19.8554,5,385.700012,39.005833,-122.667572,10.000000,528782.937500,4317476.500000,
1370,Mining,122.79,32.64,30.02,30.06,30.07,"Thu Apr 30, 2026 - 11:45:45",User,1.5,ppm,,,,,,Mining,<LOD,1.1077,0.9638,33567.2656 , 694.9642,0.8575,1.1897 , 0.9404,0.5553,<LOD,2.4281,0.1357,513.4749 , 16.6816,28.4057,527819.8750 , 2404.2773,<LOD,1.0639,0.1780,214.0262 , 21.6851,0.8392,<LOD,1.7267,1.8665,<LOD,30.0501,0.6643,<LOD,33.1239,7.8277,24.4957 , 2.9071,2.2604,6.4446 , 2.3449,0.4724,15968.2432 , 80.1542,54.4953,<LOD,0.0000,0.0000,<LOD,2.9827,0.3133,3673.3293 , 49.1221,3.2906,2839.0859 , 1725.8519,0.0412,<LOD,20.8104,0.5374,<LOD,0.8801,7.5647,5.9788 , 0.4689,4.4657,<LOD,5.3582,0.3368,326.5265 , 75.5792,0.1564,10.1764 , 0.8831,0.5271,<LOD,1.0056,0.7103,36.7432 , 0.9041,2.8693,<LOD,0.0000,0.0000,2431.8521 , 40.2864,1.3281,<LOD,3.3106,6.0120,<LOD,0.6607,0.2602,405562.4062 , 590.5944,55.1374,4.3492 , 1.7759,4.7927,12.3331 , 0.3420,1.8569,<LOD,0.0000,0.0000,2.8251 , 0.6067,0.4339,6731.7344 , 30.8387,32.2629,<LOD,1.1313,0.5007,81.2109 , 8.3191,4.8065,<LOD,5.2528,0.2310,1.1603 , 0.4775,2.3037,<LOD,2.0891,0.3161,165.2498 , 1.0852,21.3425,4,383.299988,39.006039,-122.667610,10.000000,528780.125000,4317499.000000,
1371,Mining,122.86,32.67,30.06,30.04,30.09,"Thu Apr 30, 2026 - 11:48:11",User,1.5,ppm,,,,,,Mining,<LOD,1.0358,1.0332,39639.2852 , 710.0016,0.9957,2.9853 , 0.8956,0.6570,<LOD,2.2514,0.1451,385.4516 , 14.8617,26.9790,525398.5625 , 2315.1567,<LOD,1.0057,0.1970,259.3098 , 22.3708,1.0185,<LOD,1.6096,2.0019,<LOD,29.9433,0.7335,<LOD,30.0949,7.8653,36.9215 , 2.9555,2.6992,<LOD,3.0439,0.4360,14190.3535 , 74.0984,54.1778,<LOD,0.0000,0.0000,3.5649 , 1.4494,0.4190,3976.9302 , 50.3770,3.9259,6582.0723 , 1789.7278,0.0502,<LOD,18.8187,0.5347,<LOD,0.8076,7.9386,3.9896 , 0.4285,4.6369,<LOD,4.8051,0.3357,386.3775 , 76.6031,0.1811,8.5699 , 0.7965,0.5314,<LOD,0.8994,0.6906,31.9155 , 0.8079,2.8277,<LOD,0.0000,0.0000,2203.5593 , 38.6458,1.3547,<LOD,3.0010,6.0304,<LOD,0.5825,0.2523,399623.2500 , 610.8173,60.4016,5.3095 , 1.6183,4.8519,11.5685 , 0.3182,1.9925,<LOD,0.0000,0.0000,2.0746 , 0.5587,0.4443,7013.1040 , 31.5745,37.4866,<LOD,0.8881,0.5054,84.2877 , 8.3786,5.5626,<LOD,0.0000,0.2359,1.0706 , 0.4395,2.4356,<LOD,1.8809,0.3226,149.4669 , 0.9934,21.9920,5,391.000000,39.006050,-122.667366,10.000000,528800.750000,4317500.500000,
1372,Mining,124.08,33.75,30.11,30.07,30.15,"Thu Apr 30, 2026 - 11:52:30",User,1.5,ppm,,,,,,Mining,<LOD,5.0743,0.9519,160298.6094 , 2268.8481,0.9904,<LOD,0.1044,0.0009,<LOD,0.2549,0.0003,2954.1091 , 106.5883,27.2350,4111.4805,,<LOD,0.1645,0.0009,2083.7556 , 131.0446,1.2492,<LOD,7.9878,1.8836,<LOD,142.7759,0.7565,15.4384 , 3.7849,0.0399,179.9777 , 16.7139,2.6626,<LOD,1.6216,0.0200,18.1785 , 13.4239,0.2340,<LOD,0.0000,0.0000,<LOD,0.5581,0.0028,19557.7402 , 459.7755,4.3085,14557.1719 , 7012.1841,0.0443,1024.1425 , 49.1861,0.8201,<LOD,0.0037,0.0000,<LOD,0.0036,-0.0000,<LOD,3.0598,0.0295,2488.2952 , 382.7490,0.2125,<LOD,0.0309,-0.0001,<LOD,4.7223,0.7418,<LOD,0.0068,-0.0000,<LOD,0.0000,0.0000,12166.2598 , 310.6487,1.7363,<LOD,15.2453,5.9389,<LOD,0.0815,0.0006,752793.6250 , 5923.7285,49.6096,<LOD,12.2367,4.6281,<LOD,0.0044,-0.0000,<LOD,0.0000,0.0000,<LOD,0.0927,0.0003,27379.7520 , 663.6190,32.2689,<LOD,0.0307,-0.0000,371.4387 , 42.1285,4.8611,<LOD,2.0780,0.0071,<LOD,0.0031,-0.0000,<LOD,0.7774,0.0087,<LOD,0.0095,-0.0000,5,382.100006,39.006020,-122.667381,10.000000,528799.750000,4317497.000000,
1373,Mining,120.27,30.10,30.24,30.11,29.82,"Thu Apr 30, 2026 - 11:55:29",User,1.5,ppm,,,,,,Mining,<LOD,1.0615,0.9726,38651.4883 , 758.9796,0.9678,1.6563 , 0.9533,0.6097,<LOD,2.3421,0.1340,483.7006 , 15.7107,27.7419,511367.4062 , 2566.1160,<LOD,1.1110,0.2069,323.1986 , 26.0582,1.0856,<LOD,1.6328,1.8316,<LOD,31.0177,0.6682,<LOD,28.8265,6.0751,28.2789 , 3.0595,2.3806,<LOD,4.9479,0.4348,11355.2334 , 68.4108,39.0601,<LOD,0.0000,0.0000,5.4697 , 1.5881,0.3815,5286.9521 , 60.3837,4.5882,8076.0034 , 1937.8981,0.0514,<LOD,18.7845,0.4426,<LOD,0.8596,7.7663,5.3309 , 0.4531,4.4607,<LOD,4.9844,0.3243,394.1190 , 80.8013,0.1713,11.6982 , 0.8909,0.5720,<LOD,0.9662,0.7201,44.8302 , 0.9586,3.4858,<LOD,0.0000,0.0000,2840.2998 , 44.2234,1.5192,<LOD,3.5081,5.9251,<LOD,0.6554,0.2763,415061.4688 , 633.2309,57.1673,<LOD,3.4948,4.6316,14.6736 , 0.3540,2.1254,<LOD,0.0000,0.0000,2.8338 , 0.6244,0.4840,5791.9766 , 29.5873,27.4745,<LOD,0.9634,0.5111,79.1182 , 8.0673,4.1718,<LOD,5.1301,0.2341,3.1492 , 0.4981,2.6857,<LOD,2.0742,0.3310,171.0906 , 1.0894,22.6939,4,385.299988,39.006077,-122.667381,10.000000,528799.312500,4317503.500000,
1374,Mining,122.85,32.59,30.08,30.10,30.08,"Thu Apr 30, 2026 - 11:58:14",User,1.5,ppm,,,,,,Mining,<LOD,1.0968,0.9258,39686.9648 , 743.7530,0.9841,1.8628 , 0.9783,0.6276,<LOD,2.4068,0.1381,493.4284 , 16.5336,27.4752,519797.3125 , 2485.6150,<LOD,1.0946,0.1961,415.9791 , 27.7209,1.2160,<LOD,1.7147,1.8057,<LOD,30.0909,0.6686,<LOD,31.1979,7.1166,35.9846 , 3.2339,2.5588,4.0398 , 2.2286,0.4429,13477.3555 , 73.5744,45.7651,<LOD,0.0000,0.0000,10.2237 , 1.6959,0.4353,5225.2124 , 61.2764,4.5057,5849.5752 , 1822.0046,0.0473,<LOD,20.0744,0.5080,<LOD,0.8662,7.6623,5.3336 , 0.4567,4.4065,<LOD,5.1548,0.3300,363.3104 , 76.9006,0.1636,12.7695 , 0.9151,0.5897,<LOD,1.0204,0.7194,43.4559 , 0.9544,3.3425,<LOD,0.0000,0.0000,3298.3765 , 45.4193,1.7102,<LOD,3.2878,5.8277,<LOD,0.6752,0.2878,405156.0938 , 601.2246,54.7676,<LOD,4.1855,4.6058,19.6236 , 0.3921,2.5435,<LOD,0.0000,0.0000,3.0359 , 0.6216,0.4727,5844.9507 , 30.3647,27.5942,<LOD,1.2516,0.5488,78.5732 , 8.3181,4.2065,<LOD,5.0245,0.2193,2.8221 , 0.4961,2.5945,<LOD,2.2080,0.3678,173.6953 , 1.0977,22.5759,4,387.700012,39.006058,-122.667313,10.000000,528805.375000,4317501.500000,
1375,Mining,120.03,30.07,30.04,30.12,29.80,"Thu Apr 30, 2026 - 12:04:36",User,1.5,ppm,,,,,,Mining,<LOD,1.1492,0.9351,25845.8047 , 581.8571,0.6737,5.6240 , 1.2283,0.8334,<LOD,2.6741,0.1350,378.0683 , 16.9070,24.6661,637649.3125 , 2002.3397,<LOD,1.2556,0.2051,290.5488 , 33.1738,1.1085,<LOD,1.8368,1.9212,<LOD,28.2823,0.7789,<LOD,56.8457,25.7285,56.7089 , 5.2638,4.0510,5.0966 , 2.6337,0.5030,45730.8828 , 133.7549,179.0013,<LOD,0.0000,0.0000,7.1099 , 1.8511,0.4053,1910.5624 , 58.4985,2.2491,<LOD,2334.8075,0.0343,<LOD,22.6631,0.7160,<LOD,0.9847,7.5614,3.3207 , 0.5183,4.3833,<LOD,7.4081,0.3694,799.6473 , 91.4463,0.3175,15.2529 , 1.0878,0.6578,<LOD,1.0512,0.7029,10.3336 , 0.6516,1.0713,<LOD,0.0000,0.0000,4173.9233 , 46.9762,2.4098,6.2217 , 2.3112,6.0194,<LOD,0.7063,0.2411,276942.9375 , 516.1085,38.7134,5.9958 , 1.8492,4.6233,17.5640 , 0.4293,2.3576,<LOD,0.0000,0.0000,<LOD,0.9251,0.2941,5887.5474 , 44.2015,33.2326,<LOD,1.0192,0.4299,87.9007 , 12.4389,5.2831,<LOD,5.8700,0.2404,<LOD,0.6990,1.8055,3.2252 , 1.8001,0.4464,166.4252 , 1.2042,21.2810,5,396.600006,39.006035,-122.667488,10.000000,528790.625000,4317499.000000,
1376,Mining,120.65,30.25,30.14,30.12,30.14,"Thu Apr 30, 2026 - 12:07:34",User,1.5,ppm,,,,,,Mining,<LOD,1.3069,0.9604,24685.2422 , 598.6505,0.6445,6.6347 , 1.2382,0.7671,<LOD,2.9358,0.1440,467.4372 , 19.2229,25.3426,627843.5000 , 2050.4226,<LOD,1.3225,0.2015,321.7212 , 35.8401,1.1446,<LOD,2.0277,1.8384,<LOD,27.9509,0.7331,<LOD,63.0789,31.2765,58.5624 , 5.4185,3.9294,14.2114 , 2.8983,0.5447,57195.4141 , 144.6659,212.2612,<LOD,0.0000,0.0000,14.5441 , 2.1099,0.4768,2662.0029 , 68.1878,2.8411,<LOD,2321.5556,0.0303,<LOD,24.3766,0.8188,<LOD,1.0428,7.3934,4.1532 , 0.5371,4.0973,<LOD,8.2251,0.3699,758.1725 , 90.5512,0.2978,12.1124 , 1.0709,0.5615,<LOD,1.1607,0.6779,17.0363 , 0.7600,1.3500,<LOD,0.0000,0.0000,3884.6895 , 45.4169,2.1662,7.6619 , 2.6007,6.0252,<LOD,0.7601,0.2450,275994.0625 , 511.2390,36.7285,4.9997 , 2.0742,4.5906,20.1448 , 0.4579,2.3557,<LOD,0.0000,0.0000,<LOD,0.9887,0.3027,5755.4771 , 44.3380,30.8086,<LOD,1.0539,0.4001,74.5395 , 12.4670,4.8117,<LOD,6.1991,0.2384,<LOD,0.7432,1.7776,3.8202 , 1.8869,0.4371,193.8969 , 1.3050,21.8788,4,408.500000,39.006161,-122.667374,10.000000,528800.437500,4317513.000000,
1377,Mining,122.94,32.55,30.15,30.11,30.13,"Thu Apr 30, 2026 - 12:12:19",User,1.5,ppm,,,,,,Mining,<LOD,1.0970,0.9476,36278.1836 , 754.5204,0.9221,<LOD,1.3911,0.4846,<LOD,2.4635,0.1299,420.8619 , 16.2388,26.5785,484553.0312 , 2738.4612,<LOD,1.1590,0.1965,251.7552 , 25.1949,0.9359,<LOD,1.7174,1.8555,<LOD,33.0673,0.6837,<LOD,17.3084,1.7681,21.3341 , 2.9398,2.0401,6.3530 , 2.3816,0.4471,3197.6914 , 39.2822,10.4250,<LOD,0.0000,0.0000,<LOD,2.2448,0.2832,5911.3462 , 61.4529,4.6407,3033.3989 , 1811.7092,0.0424,<LOD,20.9762,0.4403,<LOD,0.8920,7.3252,6.3166 , 0.4763,4.3289,<LOD,5.0002,0.3305,427.3071 , 81.3513,0.1567,9.5254 , 0.8869,0.4947,<LOD,1.0388,0.7640,50.0957 , 1.0511,3.6933,<LOD,0.0000,0.0000,2664.4841 , 43.8788,1.3365,<LOD,3.2786,5.9353,<LOD,0.6857,0.2632,455931.6875 , 623.6231,59.4716,4.2415 , 1.7670,4.7762,32.3161 , 0.4896,3.5781,<LOD,0.0000,0.0000,2.9751 , 0.6554,0.4722,6964.9253 , 31.4702,30.0555,<LOD,1.3863,0.5318,71.5499 , 8.4048,4.3761,<LOD,5.4104,0.2258,2.2777 , 0.5185,2.5359,4.8773 , 1.6773,0.4249,153.4491 , 1.0806,19.9464,5,411.000000,39.005997,-122.667297,10.000000,528806.687500,4317494.500000,
1378,Mining,122.82,32.57,30.06,30.05,30.14,"Thu Apr 30, 2026 - 12:14:43",User,1.5,ppm,,,,,,Mining,<LOD,1.0529,0.9608,37642.5352 , 738.7540,0.9526,<LOD,1.3556,0.4882,<LOD,2.5035,0.1462,384.7312 , 15.5286,26.6676,495661.3125 , 2619.2944,<LOD,1.1015,0.1928,242.2857 , 24.5062,0.9485,<LOD,1.6538,1.8963,<LOD,31.8946,0.6788,<LOD,16.2743,1.7015,18.9564 , 2.8468,2.0416,<LOD,3.6032,0.4154,2700.0750 , 35.9681,9.4059,<LOD,0.0000,0.0000,<LOD,2.1729,0.2816,5557.2437 , 59.4080,4.6144,3050.3962 , 1757.3187,0.0428,<LOD,20.2535,0.4434,<LOD,0.8716,7.4670,5.7784 , 0.4716,4.5130,<LOD,4.7951,0.3305,354.6563 , 78.3029,0.1527,10.4671 , 0.8859,0.5372,<LOD,0.9906,0.7637,50.7559 , 1.0485,3.9888,<LOD,0.0000,0.0000,2614.6648 , 43.0604,1.3753,<LOD,3.1308,5.9227,<LOD,0.6647,0.2625,444892.5312 , 621.1523,60.6093,<LOD,2.8598,4.7597,36.7067 , 0.5091,4.2056,<LOD,0.0000,0.0000,2.7876 , 0.6308,0.4816,6551.6953 , 30.5097,29.9654,1.4940 , 0.7008,0.5902,68.2804 , 8.1425,4.3809,<LOD,5.5524,0.2589,1.8568 , 0.5088,2.6508,<LOD,2.1623,0.3385,150.7901 , 1.0620,20.9445,3,411.600006,39.006115,-122.667236,10.000000,528811.812500,4317508.000000,
1379,Mining,120.43,30.11,30.18,30.11,30.03,"Thu Apr 30, 2026 - 14:01:58",User,1.5,ppm,,,,,,Mining,<LOD,1.1578,0.8415,110343.2500 , 1366.0244,2.4135,<LOD,1.3140,0.3746,<LOD,2.6435,0.1397,268.2350 , 16.4625,20.4385,458764.5625 , 3442.4346,<LOD,1.1221,0.1723,347.7483 , 30.8100,1.0748,<LOD,1.7821,1.5842,<LOD,33.6198,0.6210,<LOD,41.8448,7.2171,79.8774 , 3.9977,3.0724,5.6364 , 2.3269,0.4041,14437.5010 , 81.0351,43.6681,<LOD,0.0000,0.0000,24.0517 , 2.0959,0.5712,6409.6670 , 73.3637,4.9144,7380.9624 , 2151.0850,0.0514,<LOD,22.1598,0.5224,<LOD,0.8877,6.4866,5.3019 , 0.4784,3.8762,<LOD,5.3849,0.2921,658.1653 , 99.3791,0.2148,9.9027 , 0.8982,0.4733,<LOD,1.0589,0.6298,47.4603 , 1.0401,3.2447,<LOD,0.0000,0.0000,8516.0176 , 75.6726,3.6404,<LOD,3.3871,4.9663,<LOD,0.6948,0.2467,385752.5312 , 695.7729,46.1407,6.9218 , 1.8529,4.1512,93.1176 , 0.7811,8.1894,<LOD,0.0000,0.0000,3.8902 , 0.6532,0.4469,6546.8604 , 35.8846,27.5491,1.4747 , 0.7893,0.6249,150.3153 , 9.9107,4.5784,<LOD,5.5208,0.2220,4.4660 , 0.5310,2.4796,<LOD,2.1713,0.2964,142.0561 , 1.0852,17.8749,6,416.100006,39.005825,-122.667175,10.000000,528817.687500,4317475.500000,
1380,Mining,120.28,30.08,30.06,30.07,30.07,"Thu Apr 30, 2026 - 14:04:31",User,1.5,ppm,,,,,,Mining,<LOD,1.1486,0.8137,132134.9531 , 1460.8004,2.8545,<LOD,1.3491,0.3913,<LOD,2.6780,0.1373,278.2370 , 16.5213,20.2982,445820.5000 , 3631.1418,<LOD,1.1579,0.1760,330.7708 , 31.1997,1.0764,<LOD,1.7676,1.5273,<LOD,32.9645,0.6317,<LOD,39.9765,8.3329,84.1556 , 4.0906,3.1542,7.4719 , 2.4046,0.4147,16854.9414 , 89.4624,50.8994,<LOD,0.0000,0.0000,27.9100 , 2.2006,0.6078,6329.5640 , 73.9376,4.8731,9440.0332 , 2149.7007,0.0543,<LOD,23.0385,0.5573,<LOD,0.8878,6.2988,6.4967 , 0.4855,3.9320,<LOD,5.7188,0.3106,715.4440 , 100.9380,0.2370,8.8264 , 0.9007,0.4553,<LOD,1.0799,0.6470,50.4872 , 1.0805,3.3653,<LOD,0.0000,0.0000,6455.8506 , 64.7146,2.8166,<LOD,3.3833,4.8603,<LOD,0.7126,0.2503,374411.4688 , 691.7164,44.2300,<LOD,4.3276,4.0075,84.1237 , 0.7572,7.3676,<LOD,0.0000,0.0000,5.4713 , 0.6912,0.4904,6641.1724 , 36.8127,27.9861,<LOD,1.7649,0.6069,159.6479 , 10.1485,4.6939,<LOD,5.5676,0.2166,4.5817 , 0.5450,2.4923,<LOD,2.2417,0.3037,147.8913 , 1.1204,18.0803,7,415.700012,39.005825,-122.667137,10.000000,528821.187500,4317475.500000,
1381,Mining,120.45,30.05,30.06,30.30,30.04,"Thu Apr 30, 2026 - 14:23:00",User,1.5,ppm,,,,,,Mining,<LOD,1.0554,0.8647,100021.5703 , 1331.1658,2.2096,<LOD,1.1926,0.3666,<LOD,2.1605,0.1096,225.5395 , 14.4690,19.2816,496606.9375 , 4006.6667,<LOD,1.0516,0.1786,714.2285 , 36.7360,1.7862,<LOD,1.6457,1.6947,351.8969 , 29.0637,1.2308,<LOD,32.3126,7.6495,71.2327 , 3.9079,3.2392,<LOD,4.2409,0.3968,14714.2832 , 87.6951,48.2493,<LOD,0.0000,0.0000,8.7958 , 1.6246,0.3915,8394.8877 , 83.6649,6.8484,<LOD,5073.7588,0.0474,<LOD,20.6230,0.5365,<LOD,0.8105,6.5309,4.0389 , 0.4434,4.0587,<LOD,5.0015,0.2926,644.5179 , 98.9566,0.2409,7.6437 , 0.8109,0.4548,<LOD,0.9338,0.6020,49.1293 , 1.0081,3.5867,<LOD,0.0000,0.0000,8178.9844 , 74.0785,3.8112,<LOD,3.0271,4.9500,<LOD,0.6016,0.2226,360212.2188 , 818.8735,45.8590,6.7488 , 1.6367,3.9817,80.4172 , 0.7116,7.7333,<LOD,0.0000,0.0000,3.5442 , 0.6130,0.4649,6407.1934 , 38.1090,29.3556,<LOD,1.4644,0.5969,138.6897 , 9.6926,4.8411,<LOD,4.9452,0.2097,4.8153 , 0.5118,2.7214,5.7020 , 1.5975,0.4297,123.2927 , 1.0061,17.0989,4,419.799988,39.005692,-122.667122,10.000000,528822.375000,4317461.000000,
1382,Mining,120.53,30.27,30.09,30.07,30.10,"Thu Apr 30, 2026 - 14:25:23",User,1.5,ppm,,,,,,Mining,<LOD,1.0306,0.8508,95201.7891 , 1138.1157,2.1116,<LOD,1.1401,0.3540,<LOD,2.0993,0.1107,223.3983 , 14.3668,19.8054,507618.9375 , 2772.6133,<LOD,0.9815,0.1662,650.4777 , 34.1400,1.7212,<LOD,1.6062,1.6584,258.9543 , 27.3239,1.1573,<LOD,30.7777,7.3273,62.4785 , 3.5866,3.0707,<LOD,3.0066,0.3763,13681.5811 , 74.4214,46.5417,<LOD,0.0000,0.0000,5.4877 , 1.4877,0.3487,8289.2920 , 77.8132,6.9961,4480.1460 , 1934.8395,0.0494,<LOD,20.6042,0.5681,<LOD,0.7821,6.5468,3.5109 , 0.4299,4.1063,<LOD,4.8043,0.2910,610.9384 , 95.5410,0.2378,6.9538 , 0.7811,0.4511,<LOD,0.9042,0.5817,48.6823 , 0.9767,3.6818,<LOD,0.0000,0.0000,7414.9800 , 68.2111,3.5975,<LOD,2.9777,4.9052,<LOD,0.5844,0.2251,354752.7188 , 643.6062,46.4666,9.4370 , 1.6377,4.1497,80.9915 , 0.6888,8.1022,<LOD,0.0000,0.0000,3.8872 , 0.5892,0.4719,6345.2397 , 33.1868,30.0255,<LOD,1.0097,0.5806,130.2888 , 9.1365,4.8780,<LOD,4.6179,0.1950,3.2131 , 0.4891,2.6514,<LOD,2.3083,0.3719,116.6251 , 0.9366,17.0690,6,418.200012,39.005913,-122.666969,10.000000,528835.312500,4317485.500000,
1383,Mining,122.97,32.60,30.16,30.12,30.09,"Thu Apr 30, 2026 - 14:28:31",User,1.5,ppm,,,,,,Mining,<LOD,1.5555,0.7790,126009.7656 , 1635.9537,2.7192,11.0488 , 1.3297,0.7647,15.4219 , 4.3683,0.4188,426.2925 , 23.2333,20.3629,500417.1250 , 4248.8843,<LOD,1.8930,0.2472,773.1692 , 55.9473,1.8292,<LOD,2.4041,1.4652,<LOD,33.5720,0.7202,<LOD,78.5310,34.4315,144.7522 , 7.4370,4.9966,<LOD,0.0000,0.0000,72725.5703 , 231.1116,224.6485,<LOD,17.8076,0.6466,613.3320 , 15.8588,6.6009,4957.2866 , 101.9380,4.2027,<LOD,4369.5392,0.0493,<LOD,29.1316,0.8256,<LOD,1.2364,5.0245,2.2413 , 0.6847,3.1336,<LOD,10.6042,0.3655,1131.7289 , 116.7473,0.3503,<LOD,0.0000,0.0000,<LOD,1.4041,0.5710,32.7240 , 1.4821,2.1810,72.8172 , 16.9051,0.8747,28696.6367 , 131.7996,12.3713,<LOD,4.7299,4.9420,<LOD,1.3368,0.3854,258123.2812 , 610.4182,29.3383,9.4193 , 2.5453,3.9652,165.2712 , 1.3391,11.3958,77.1119 , 6.9731,0.4721,5.7825 , 0.9488,0.3974,4488.5020 , 48.3652,20.6208,14.6669 , 2.2615,1.9499,152.4355 , 14.2241,4.0291,<LOD,7.8404,0.2273,4.2293 , 0.6684,1.8739,<LOD,0.0000,0.0000,128.8890 , 1.3599,13.5715,6,419.700012,39.005733,-122.667030,10.000000,528830.437500,4317465.500000,
1384,Mining,120.04,30.13,30.00,30.05,29.86,"Thu Apr 30, 2026 - 14:31:18",User,1.5,ppm,,,,,,Mining,<LOD,1.2241,0.7861,125164.8984 , 1445.5291,2.7044,2.5096 , 0.9013,0.6133,18.5668 , 3.8204,0.5691,263.7346 , 17.4393,18.6995,510460.7500 , 3404.7087,<LOD,1.4470,0.2545,571.0375 , 37.5064,1.3994,<LOD,1.9186,1.5448,<LOD,32.3702,0.6643,<LOD,50.0406,17.6983,104.0097 , 4.9374,3.8733,<LOD,0.0000,0.0000,36049.9688 , 132.5869,116.1588,<LOD,13.9093,0.6443,767.6191 , 13.1137,9.2600,4248.3970 , 72.8407,3.6274,8417.4189 , 2293.4966,0.0588,<LOD,21.9163,0.5882,<LOD,0.9655,5.4081,<LOD,0.8088,3.3666,<LOD,6.6941,0.3216,925.6515 , 109.0029,0.3008,<LOD,0.0000,0.0000,<LOD,1.0792,0.5451,19.2794 , 1.1344,1.8932,<LOD,20.3914,1.0624,20896.4258 , 112.3861,9.2263,<LOD,3.6071,4.6962,<LOD,1.1014,0.4291,288585.6562 , 626.2693,34.1152,6.3893 , 1.9516,3.8048,107.9371 , 0.9249,9.9212,41.3473 , 5.0705,0.4145,4.6861 , 0.7160,0.4007,3160.2544 , 30.7136,14.7196,12.8738 , 1.9320,2.6273,86.6978 , 8.8797,2.7638,<LOD,5.7258,0.2083,4.3264 , 0.5163,2.0225,<LOD,0.0000,0.0000,79.5386 , 0.9128,11.2291,3,418.899994,39.005836,-122.667084,10.000000,528825.187500,4317477.000000,
1385,Mining,122.82,32.59,30.04,30.16,30.03,"Thu Apr 30, 2026 - 14:33:44",User,1.5,ppm,,,,,,Mining,<LOD,1.2772,0.8171,115419.9922 , 1292.4111,2.5075,3.2706 , 0.8703,0.5101,<LOD,4.0714,0.2597,266.8340 , 18.5375,19.8701,522499.1250 , 3196.4927,<LOD,1.3821,0.2054,520.2690 , 44.8489,1.5348,<LOD,2.0276,1.6467,<LOD,30.3117,0.7382,<LOD,61.6325,27.8105,127.7137 , 6.1438,4.8436,<LOD,0.0000,0.0000,52461.0273 , 165.7144,180.9828,<LOD,12.4410,0.5655,240.4554 , 9.7827,3.4609,5959.4609 , 96.5617,5.3861,8798.4170 , 2227.0991,0.0614,<LOD,24.6178,0.7700,<LOD,0.9666,5.8472,2.9585 , 0.5242,3.5781,<LOD,7.9074,0.3356,901.5963 , 101.3157,0.3269,<LOD,0.0000,0.0000,<LOD,1.1507,0.5950,43.6153 , 1.1730,2.8291,44.8244 , 10.9169,0.5697,23302.4805 , 110.2121,11.1260,<LOD,3.8218,4.9988,<LOD,0.8762,0.2962,263875.1875 , 568.1262,33.2700,10.8592 , 2.0921,4.1944,98.5876 , 0.8987,8.4263,60.3064 , 5.4670,0.4847,5.6459 , 0.7488,0.4394,5079.1025 , 43.1682,25.2989,<LOD,1.9918,1.0274,148.7794 , 12.6573,4.6174,<LOD,0.0000,0.1911,2.9515 , 0.5714,2.2279,<LOD,0.0000,0.0000,126.5458 , 1.1384,15.4516,4,419.700012,39.005733,-122.667084,10.000000,528825.562500,4317465.500000,
1386,Mining,120.29,30.17,30.04,30.06,30.02,"Thu Apr 30, 2026 - 14:38:19",User,1.5,ppm,,,,,,Mining,<LOD,1.4554,0.6887,98654.6484 , 1592.7267,2.1443,2.9302 , 1.5837,0.7217,<LOD,3.1271,0.1042,343.4699 , 21.5766,17.7844,553234.1250 , 3922.8755,<LOD,1.4794,0.1611,1694.9685 , 63.6277,2.7443,<LOD,2.2710,1.3255,<LOD,37.7693,0.6840,<LOD,65.9982,20.8075,157.2562 , 6.6472,4.2384,23.9914 , 3.2850,0.4482,50994.6680 , 160.2032,134.4415,<LOD,0.0000,0.0000,10.5986 , 2.1979,0.3223,6196.5073 , 99.6612,4.3655,<LOD,3873.3849,0.0432,<LOD,27.3337,0.6176,<LOD,1.0216,4.4681,2.0051 , 0.5554,2.7664,<LOD,8.7956,0.3021,816.2385 , 115.8097,0.2504,35.2481 , 1.5365,0.7452,<LOD,1.2895,0.4836,33.6118 , 1.0633,1.7582,<LOD,0.0000,0.0000,27025.9199 , 132.5468,9.9864,<LOD,4.4418,4.4286,<LOD,0.8780,0.2168,254465.5781 , 609.5479,24.5982,13.6514 , 2.4197,3.6665,88.4969 , 0.8933,5.6926,<LOD,0.0000,0.0000,2.4451 , 0.8159,0.3420,5743.4292 , 45.5215,21.7579,<LOD,1.3123,0.4055,207.7591 , 13.8004,4.1617,<LOD,7.1916,0.2063,3.2197 , 0.6145,1.7433,38.1003 , 2.7522,0.5986,108.9303 , 1.1434,10.5612,7,422.399994,39.005798,-122.667137,10.000000,528821.062500,4317472.500000,
1387,Mining,60.11,30.07,30.04,,,"Thu Apr 30, 2026 - 14:40:06",User,1.5,ppm,,,,,,Mining,<LOD,7.2325,34.6171,,,,2.8080 , 1.7063,0.6552,<LOD,3.5637,0.1058,,,,933091.2500 , 417.8394,<LOD,1.6402,0.1547,1553.7039 , 65.0624,2.3479,<LOD,7.8822,36.4656,,,,<LOD,71.4673,20.1787,152.6442 , 7.0052,3.9422,22.3800 , 3.6419,0.4305,53638.3945 , 139.8735,129.7039,<LOD,0.0000,0.0000,12.0067 , 2.5099,0.3280,5606.6621 , 104.6964,4.0007,,,,<LOD,29.9681,0.6115,<LOD,1.1799,4.6533,2.6856 , 0.6376,2.8423,<LOD,9.8386,0.2978,,,,35.1932 , 1.6536,0.6738,<LOD,8.3825,42.0106,35.1878 , 1.2368,1.8653,<LOD,0.0000,0.0000,,,,<LOD,13.5855,40.1133,<LOD,0.9979,0.2183,,,,<LOD,9.4868,32.4187,94.7572 , 1.0182,5.8968,<LOD,0.0000,0.0000,3.4743 , 0.9262,0.3537,5394.4365 , 46.8291,19.7901,<LOD,2.0908,0.4324,194.3001 , 14.4051,3.7800,<LOD,8.2516,0.2125,3.0564 , 0.6979,1.7499,41.4253 , 3.0897,0.5898,115.6207 , 1.3052,11.0317,7,421.100006,39.005783,-122.667152,10.000000,528819.750000,4317471.000000,
1388,Mining,0.33,0.33,,,,"Thu Apr 30, 2026 - 14:43:14",User,1.5,ppm,,,,,,Mining,<LOD,237.6708,43.5698,,,,<LOD,70.3752,0.6449,<LOD,182.2305,0.3224,,,,945558.2500 , 9809.6338,<LOD,1.3118,-0.0012,,,,<LOD,203.1256,33.2965,,,,<LOD,1494.0297,11.8671,<LOD,1477.8901,0.6148,<LOD,207.1488,0.6429,40376.5820 , 3261.7615,93.7085,<LOD,0.0000,0.0000,<LOD,99.0484,0.3219,,,,,,,<LOD,827.8768,0.6450,<LOD,40.9528,6.2882,<LOD,29.4427,3.1775,<LOD,138.8492,-0.0011,,,,<LOD,41.5101,0.3151,<LOD,252.0726,50.6421,<LOD,77.4106,1.9327,<LOD,0.0000,0.0000,,,,<LOD,361.2605,43.3084,<LOD,32.8834,0.3221,,,,<LOD,250.3076,34.7420,118.0524 , 28.6550,7.4160,<LOD,0.0000,0.0000,<LOD,32.8025,0.3186,13802.7295 , 6066.3022,5.8425,<LOD,33.3025,0.3215,<LOD,2232.7214,0.6226,<LOD,262.7726,0.3221,<LOD,22.6609,1.2894,<LOD,257.2247,1.2883,144.4139 , 36.5530,13.8693,8,421.799988,39.005810,-122.667137,10.000000,528821.062500,4317474.000000,
1389,Mining,122.73,32.58,30.00,30.07,30.08,"Thu Apr 30, 2026 - 14:54:33",User,1.5,ppm,,,,,,Mining,<LOD,1.3623,0.7410,115384.9141 , 1578.1619,2.5012,1.8146 , 1.3645,0.6466,<LOD,2.8623,0.1060,309.6897 , 19.8454,18.4156,521708.6875 , 3867.6982,<LOD,1.3831,0.1713,3259.3188 , 79.8254,5.2706,<LOD,2.1249,1.4310,<LOD,36.6787,0.7539,<LOD,61.4650,21.1498,150.8820 , 6.3561,4.4342,26.9343 , 3.1723,0.5071,47252.5898 , 161.5920,136.8107,<LOD,0.0000,0.0000,8.9044 , 2.0258,0.3312,6526.2349 , 99.3878,5.0066,5806.6074 , 2581.7429,0.0587,<LOD,25.8618,0.6470,<LOD,0.9981,5.2297,4.5244 , 0.5482,3.3024,<LOD,8.2635,0.3385,825.4788 , 114.8268,0.2879,25.7377 , 1.3310,0.6787,<LOD,1.2585,0.5694,42.2213 , 1.1107,2.3732,<LOD,0.0000,0.0000,34015.5859 , 146.7210,13.8348,<LOD,4.0557,4.4775,<LOD,0.8163,0.2289,258541.8125 , 610.7063,27.8974,5.8295 , 2.2057,3.6971,103.6284 , 0.9264,7.3421,<LOD,0.0000,0.0000,4.0034 , 0.7905,0.4080,5634.1289 , 44.4967,23.4123,<LOD,1.2675,0.4618,186.1451 , 13.2085,4.3622,<LOD,6.7287,0.2189,7.3753 , 0.6362,2.2908,41.1037 , 2.6528,0.6749,125.8600 , 1.1755,13.3576,7,422.500000,39.005871,-122.667198,10.000000,528815.250000,4317480.500000,
1390,Mining,120.46,30.27,30.05,30.29,29.85,"Thu Apr 30, 2026 - 14:57:44",User,1.5,ppm,,,,,,Mining,<LOD,1.4403,0.7116,146246.9219 , 2241.6995,3.1291,<LOD,1.5032,0.2856,<LOD,3.1698,0.1158,417.7914 , 20.7864,17.9903,421368.8750 , 5581.0552,<LOD,1.3967,0.1546,22115.2695 , 176.0645,28.4811,<LOD,2.1474,1.2411,<LOD,40.3670,0.6786,<LOD,62.9784,12.5973,117.5196 , 5.6606,3.3764,12.8306 , 2.8866,0.3678,31759.5488 , 154.1982,78.3649,<LOD,0.0000,0.0000,6.6410 , 2.0434,0.2890,9619.6006 , 108.6332,6.4586,28608.7227 , 3446.1885,0.0881,456.9144 , 27.1753,1.2753,<LOD,1.3884,4.7950,4.7853 , 0.5698,3.0648,<LOD,7.5663,0.2890,922.0532 , 121.7643,0.2524,8.5182 , 1.0296,0.3563,<LOD,1.2760,0.4985,42.5771 , 1.1644,2.2524,<LOD,0.0000,0.0000,8707.6572 , 83.2397,3.3097,<LOD,4.1188,3.9217,<LOD,0.8431,0.2091,323062.4062 , 772.3994,32.2992,8.7127 , 2.2705,3.3809,161.9679 , 1.2048,10.1841,<LOD,0.0000,0.0000,3.6342 , 0.7845,0.3529,5957.0151 , 44.5500,21.0064,3.4999 , 0.9550,0.5275,164.5046 , 12.2948,3.7270,<LOD,7.3669,0.2318,18.8078 , 0.7328,2.7510,92.4090 , 3.4558,1.0045,110.8371 , 1.1885,11.6917,5,424.799988,39.005798,-122.667152,10.000000,528819.437500,4317472.500000,
1391,Mining,122.99,32.72,30.09,30.10,30.08,"Thu Apr 30, 2026 - 15:00:24",User,1.5,ppm,,,,,,Mining,<LOD,1.3401,0.6827,160041.8594 , 2146.1289,3.4134,<LOD,1.4850,0.3160,<LOD,3.1605,0.1285,402.7753 , 19.5584,17.8419,401528.0625 , 5364.2817,<LOD,1.3533,0.1618,11997.6006 , 128.0583,15.8395,<LOD,2.0812,1.3134,<LOD,38.5990,0.6743,<LOD,50.3317,11.7783,126.4647 , 5.5416,3.5427,20.6279 , 2.9393,0.4239,29008.8770 , 142.6204,73.9014,<LOD,0.0000,0.0000,13.3303 , 2.1240,0.3618,9865.0371 , 107.4799,6.6152,27115.4531 , 3154.6292,0.0852,293.5695 , 23.5897,1.0364,<LOD,1.3253,5.0285,6.2250 , 0.5527,3.2423,<LOD,7.0437,0.2813,1001.2208 , 121.2786,0.2738,8.9382 , 1.0034,0.3778,<LOD,1.2277,0.5141,48.5128 , 1.1803,2.6151,<LOD,0.0000,0.0000,9037.6182 , 81.6219,3.4378,<LOD,3.9136,3.9864,<LOD,0.8405,0.2333,342373.3750 , 774.8238,34.9782,14.6647 , 2.1606,3.4368,154.0921 , 1.1380,10.1880,<LOD,0.0000,0.0000,4.0329 , 0.7674,0.3818,6580.9590 , 45.8083,23.9722,2.5307 , 0.9169,0.5415,171.6125 , 12.3876,4.1704,<LOD,6.8183,0.2209,15.2222 , 0.6877,2.6922,44.9937 , 2.6724,0.6683,122.3326 , 1.1923,13.0528,5,425.200012,39.005886,-122.667252,10.000000,528810.750000,4317482.500000,
1392,Mining,120.60,30.27,30.11,30.08,30.14,"Thu Apr 30, 2026 - 15:39:46",User,1.5,ppm,,,,,,Mining,<LOD,1.5154,0.6277,182566.1875 , 2543.8201,3.8561,<LOD,1.6259,0.3020,<LOD,3.0142,0.0935,361.3156 , 21.4878,14.9912,432157.7500 , 5897.2300,<LOD,1.4154,0.1426,26659.2734 , 214.0529,34.4793,<LOD,2.2761,1.1174,<LOD,38.4937,0.6518,<LOD,100.7338,18.2851,127.6617 , 6.7894,3.6618,23.3487 , 3.1555,0.3996,46784.3008 , 200.7094,114.0118,<LOD,0.0000,0.0000,3.3298 , 1.9417,0.2323,4366.3804 , 87.8917,3.2030,27129.1504 , 3401.6626,0.0834,720.0229 , 30.8488,1.7194,<LOD,1.0364,4.3431,6.4481 , 0.5900,2.9459,<LOD,8.8058,0.3221,916.4031 , 122.1226,0.2702,11.3727 , 1.1142,0.3748,<LOD,1.3051,0.4141,24.3943 , 0.9689,1.3212,<LOD,0.0000,0.0000,1240.1686 , 37.1763,0.6872,<LOD,4.3133,3.4251,<LOD,0.8402,0.1903,269029.7812 , 712.9313,25.3278,11.7173 , 2.3783,2.9449,194.9593 , 1.3582,11.1313,<LOD,0.0000,0.0000,3.7534 , 0.7893,0.3147,7269.5176 , 54.9966,25.3568,2.3987 , 0.9458,0.4616,184.1208 , 15.2829,4.3594,<LOD,7.1993,0.1996,19.4336 , 0.7230,2.4071,59.7492 , 3.0406,0.7055,127.0844 , 1.2980,12.1522,6,411.799988,39.007671,-122.666779,10.000000,528850.875000,4317680.500000,
1393,Mining,122.88,32.68,30.01,30.10,30.09,"Thu Apr 30, 2026 - 15:42:50",User,1.5,ppm,,,,,,Mining,<LOD,1.5276,0.6104,177000.4531 , 2706.9236,3.7338,<LOD,1.5675,0.2695,<LOD,3.0643,0.0897,353.1953 , 21.4696,14.3985,457192.0000 , 6209.7622,<LOD,1.4532,0.1388,19714.5645 , 171.2605,23.1511,<LOD,2.3066,1.1029,<LOD,41.9401,0.6649,135.8920 , 40.7470,14.3246,106.6306 , 6.1483,3.2617,23.9102 , 3.2477,0.3878,38493.5078 , 166.9772,87.2586,<LOD,0.0000,0.0000,<LOD,3.7652,0.2083,3815.0603 , 77.9467,2.5843,22948.6016 , 3351.4827,0.0746,768.2057 , 32.5511,1.6448,<LOD,1.0399,4.1942,5.5949 , 0.5862,2.7900,<LOD,8.2689,0.3131,1165.7863 , 133.5443,0.2801,7.2049 , 1.0382,0.3004,<LOD,1.2872,0.3836,25.7741 , 0.9960,1.3169,<LOD,0.0000,0.0000,1019.9583 , 37.3008,0.5829,<LOD,4.3460,3.3548,<LOD,0.8388,0.1736,270949.1250 , 708.8370,23.0530,17.7102 , 2.4122,2.9304,181.9980 , 1.3138,10.0716,<LOD,0.0000,0.0000,2.4523 , 0.7852,0.2794,5734.8359 , 45.5919,18.6362,<LOD,2.2689,0.4214,161.2922 , 12.9363,3.3664,<LOD,7.2980,0.1889,18.3257 , 0.7277,2.2720,40.4541 , 2.8075,0.5519,117.4532 , 1.2629,10.9950,5,410.700012,39.007671,-122.666794,10.000000,528849.750000,4317680.500000,
1394,Mining,122.82,32.68,30.07,30.01,30.06,"Thu Apr 30, 2026 - 15:45:55",User,1.5,ppm,,,,,,Mining,<LOD,1.4911,0.5847,179587.2188 , 2608.7017,3.7735,<LOD,2.1122,0.3284,<LOD,3.0029,0.0855,370.5470 , 21.0795,14.1607,491773.3125 , 5791.2017,<LOD,1.4561,0.1383,5400.7607 , 93.0630,6.1960,<LOD,2.2207,1.0207,<LOD,40.7951,0.5975,135.0392 , 39.5561,13.2505,89.2863 , 5.9791,3.1068,18.9269 , 3.1721,0.3646,36795.5195 , 140.9945,80.7000,<LOD,0.0000,0.0000,<LOD,3.8980,0.2092,2807.2676 , 69.3324,1.8597,9733.3594 , 2727.0728,0.0490,1024.3320 , 35.6521,1.9455,<LOD,1.0559,4.2704,6.3104 , 0.5959,2.8291,<LOD,8.9759,0.3983,1380.9921 , 143.5457,0.3083,7.3266 , 1.0320,0.2953,<LOD,1.2950,0.3922,23.3605 , 0.9459,1.1898,<LOD,0.0000,0.0000,764.4465 , 34.7330,0.4739,<LOD,4.2552,3.2407,<LOD,0.8078,0.1578,265844.5312 , 658.4885,20.6492,20.5387 , 2.3760,2.8795,105.9377 , 0.9705,5.9012,<LOD,0.0000,0.0000,3.9176 , 0.8017,0.2973,3726.0947 , 36.5721,11.7786,2.2102 , 0.8873,0.3776,214.4201 , 11.6389,2.7381,<LOD,7.4778,0.1956,17.2587 , 0.7062,2.1427,26.9704 , 2.5613,0.4536,120.1544 , 1.1969,10.1967,6,419.500000,39.007603,-122.666656,10.000000,528861.437500,4317673.000000,
1395,Mining,122.84,32.68,30.12,30.01,30.03,"Thu Apr 30, 2026 - 15:48:37",User,1.5,ppm,,,,,,Mining,<LOD,1.3911,0.6473,211036.0156 , 2217.2478,4.4215,3.1403 , 1.1250,0.4779,<LOD,2.7820,0.1018,290.7573 , 18.4298,14.7906,487696.9375 , 4845.0859,<LOD,1.1514,0.1194,5872.4473 , 95.6925,8.0670,<LOD,2.0098,1.1747,<LOD,36.0873,0.6686,<LOD,64.1876,15.5041,91.1752 , 6.0202,3.8595,<LOD,6.3782,0.3290,36774.2188 , 146.4780,97.9390,<LOD,0.0000,0.0000,<LOD,2.4505,0.2002,2722.5820 , 66.9955,2.1468,13699.3086 , 2483.5046,0.0582,1935.6869 , 42.4772,3.8430,<LOD,1.4546,5.0073,5.8321 , 0.5450,3.2859,<LOD,8.2031,0.4093,1626.6367 , 134.0749,0.3932,11.0195 , 1.0148,0.3965,<LOD,1.2088,0.4790,24.8089 , 0.8882,1.4752,<LOD,0.0000,0.0000,1101.6576 , 33.7620,0.6514,<LOD,3.7779,3.5717,<LOD,0.7444,0.1861,232345.9688 , 618.5812,21.2921,13.4541 , 2.0777,3.0296,77.6167 , 0.7854,5.3315,<LOD,0.0000,0.0000,4.9986 , 0.6886,0.3294,4243.5234 , 39.0809,16.3020,2.2383 , 0.7901,0.4153,274.5219 , 12.4954,3.9108,<LOD,6.5524,0.2075,18.9893 , 0.6694,2.6628,17.4740 , 2.1372,0.4370,108.9800 , 1.0656,11.0387,5,415.200012,39.007702,-122.666718,10.000000,528856.625000,4317684.000000,
1396,Mining,120.21,30.00,30.03,30.10,30.08,"Thu Apr 30, 2026 - 15:51:32",User,1.5,ppm,,,,,,Mining,<LOD,1.7186,0.5855,149310.7344 , 2752.6074,3.1675,<LOD,1.8090,0.2465,<LOD,3.5924,0.0937,515.9654 , 25.3103,15.2825,469811.9688 , 6821.5034,<LOD,1.6054,0.1296,39038.3945 , 281.9468,49.7929,<LOD,2.5947,1.0497,<LOD,43.6936,0.8444,<LOD,80.2314,23.8348,202.0617 , 9.0114,4.5594,20.9769 , 3.5281,0.3586,68064.7500 , 270.4930,155.2476,<LOD,0.0000,0.0000,5.4915 , 2.2954,0.2297,2068.1829 , 76.0820,1.8032,39498.0938 , 4233.3188,0.1049,991.4199 , 37.0531,2.1134,<LOD,1.3769,4.1551,7.9788 , 0.6764,2.6789,<LOD,10.9438,0.3107,729.0798 , 113.0923,0.2235,12.6112 , 1.3054,0.3614,<LOD,1.5601,0.4340,10.5585 , 0.8772,0.6681,<LOD,0.0000,0.0000,5786.9272 , 66.8701,2.2615,<LOD,4.9577,3.2572,<LOD,0.9808,0.1810,210457.7969 , 645.7128,18.7237,19.4800 , 2.7603,2.8932,246.3652 , 1.6970,11.8839,<LOD,0.0000,0.0000,5.4409 , 0.9117,0.2978,12672.7168 , 82.9635,42.2779,1.9600 , 1.0800,0.4188,261.8588 , 22.3780,6.7950,<LOD,8.5259,0.2000,18.3245 , 0.7758,1.9419,77.7198 , 3.6846,0.7409,163.1286 , 1.6189,12.9204,6,410.500000,39.007744,-122.666756,10.000000,528853.312500,4317688.500000,
1397,Mining,120.30,30.29,30.09,30.06,29.86,"Thu Apr 30, 2026 - 15:54:07",User,1.5,ppm,,,,,,Mining,<LOD,1.7112,0.5556,147413.0000 , 2654.7534,3.1233,<LOD,1.8138,0.2449,6.3626 , 2.7551,0.1170,505.9852 , 25.3422,14.7490,495825.7812 , 6448.6265,<LOD,1.7462,0.1494,38864.6680 , 284.6303,49.8763,<LOD,2.5457,0.9586,<LOD,42.9863,0.8282,<LOD,82.1249,24.7029,205.7269 , 9.4369,4.7504,17.0555 , 3.5106,0.3458,70041.4844 , 258.5921,160.1192,<LOD,0.0000,0.0000,<LOD,4.8407,0.2171,2346.5703 , 81.3741,1.9935,30217.5156 , 3954.9023,0.0886,1019.3552 , 37.7192,2.1711,<LOD,1.2288,4.0626,7.5243 , 0.6890,2.6899,<LOD,11.4909,0.3481,497.3396 , 106.1251,0.1937,11.0513 , 1.2964,0.3459,<LOD,1.5357,0.4020,10.7593 , 0.9104,0.6979,<LOD,0.0000,0.0000,8096.7944 , 77.1232,3.0692,<LOD,4.9334,3.0660,<LOD,1.0854,0.2041,190291.7656 , 610.5748,16.7846,16.2598 , 2.7528,2.7463,268.4970 , 1.7706,12.8398,<LOD,0.0000,0.0000,4.1899 , 0.9494,0.2989,13791.0654 , 87.0582,46.2314,2.8239 , 1.1229,0.4439,280.6768 , 23.8414,7.3918,<LOD,8.9211,0.2134,20.2236 , 0.8061,2.0416,71.8746 , 3.6447,0.7068,165.6778 , 1.6438,13.1938,7,411.100006,39.007298,-122.667206,10.000000,528814.375000,4317639.000000,
1398,Mining,123.07,32.60,30.28,30.12,30.07,"Thu Apr 30, 2026 - 15:57:27",User,1.5,ppm,,,,,,Mining,<LOD,1.5439,0.6274,179704.7188 , 2572.9006,3.7975,<LOD,1.6563,0.2751,<LOD,3.3518,0.1048,477.0515 , 22.7675,16.3573,435892.0312 , 6222.4590,<LOD,1.5211,0.1491,32013.7402 , 257.6292,46.9568,<LOD,2.2798,1.0653,<LOD,46.2728,1.1449,<LOD,75.9508,27.6288,227.0007 , 8.6664,5.3078,14.1900 , 3.1607,0.3676,68684.3281 , 307.2384,182.6483,<LOD,0.0000,0.0000,3.5538 , 2.0405,0.2303,2217.5466 , 74.3632,2.1059,47773.4336 , 4044.7556,0.1203,1083.1292 , 36.1422,2.5920,<LOD,1.0850,4.2806,6.8206 , 0.6127,2.8903,13.7593 , 6.9845,0.3713,605.9028 , 103.0443,0.2207,9.8956 , 1.1659,0.3694,<LOD,1.3575,0.4339,10.4899 , 0.8220,0.7513,<LOD,0.0000,0.0000,2184.2236 , 43.4388,1.1216,<LOD,4.4348,3.4521,<LOD,0.9029,0.1958,215656.2500 , 682.2740,21.9009,12.3008 , 2.4521,3.0069,267.2073 , 1.7632,14.8783,<LOD,0.0000,0.0000,2.9980 , 0.8221,0.2931,12678.7432 , 83.3693,49.1439,<LOD,2.1622,0.4684,229.9253 , 21.2594,7.6695,<LOD,7.7061,0.2074,16.5073 , 0.7116,2.0864,79.5458 , 3.4792,0.8437,134.7103 , 1.4635,13.1974,3,408.299988,39.007771,-122.666862,10.000000,528844.062500,4317691.500000,
1399,Mining,122.93,32.67,30.11,30.05,30.10,"Thu Apr 30, 2026 - 15:59:57",User,1.5,ppm,,,,,,Mining,<LOD,1.4831,0.6200,177131.0469 , 2460.2749,3.7439,<LOD,1.6037,0.2601,<LOD,3.3509,0.1080,494.4471 , 21.9439,16.4484,438244.7188 , 6070.1621,<LOD,1.4402,0.1380,35417.7422 , 266.3386,52.5490,<LOD,2.2203,1.0904,<LOD,44.0572,1.1254,<LOD,74.7003,27.0392,201.5083 , 8.2821,5.0481,15.0508 , 3.1351,0.3737,66147.4844 , 295.0617,177.2847,<LOD,0.0000,0.0000,<LOD,3.6609,0.2149,2239.5210 , 72.9771,2.1370,51795.0430 , 3959.1345,0.1266,1003.4560 , 35.1752,2.4770,<LOD,1.0897,4.3666,5.5614 , 0.6100,2.8711,<LOD,10.1423,0.3520,617.3687 , 99.7997,0.2253,9.4268 , 1.1465,0.3689,<LOD,1.3202,0.4404,12.3824 , 0.8521,0.8544,<LOD,0.0000,0.0000,2216.9641 , 42.0914,1.1438,<LOD,4.2625,3.4300,<LOD,0.9231,0.2140,212014.2500 , 660.5232,21.7692,19.3496 , 2.3805,3.0673,268.7840 , 1.7515,15.2578,<LOD,0.0000,0.0000,3.4721 , 0.7982,0.2946,11690.4453 , 78.5857,45.6506,2.0611 , 1.0127,0.4929,230.1755 , 20.2846,7.2618,<LOD,7.6176,0.2104,17.4611 , 0.7183,2.1974,71.8115 , 3.3376,0.8017,130.4487 , 1.4331,13.1881,7,410.200012,39.007710,-122.666779,10.000000,528851.312500,4317685.000000,
1400,Mining,122.72,32.48,30.05,30.08,30.11,"Thu Apr 30, 2026 - 16:03:48",User,1.5,ppm,,,,,,Mining,<LOD,1.5332,0.6161,166478.0312 , 2823.9304,3.5424,<LOD,1.5207,0.2337,4.0351 , 2.3326,0.1106,451.5855 , 22.4129,15.8718,375337.4375 , 7111.5571,<LOD,1.5285,0.1508,45299.3828 , 292.2543,57.4269,<LOD,2.2987,1.0887,<LOD,45.8509,0.8394,<LOD,63.6163,15.4677,128.3381 , 6.6845,3.4134,10.4498 , 2.9779,0.3223,42523.8555 , 232.0724,98.1003,<LOD,0.0000,0.0000,<LOD,2.8503,0.1914,8631.1035 , 115.0685,5.8964,53078.8477 , 4445.9790,0.1299,674.1117 , 31.6417,1.5569,<LOD,1.3946,4.2326,6.2577 , 0.6069,2.7802,<LOD,8.8099,0.3072,585.8215 , 110.1970,0.1926,6.8817 , 1.0588,0.3046,<LOD,1.3965,0.4590,29.4907 , 1.0911,1.5104,<LOD,0.0000,0.0000,2170.5110 , 47.3953,1.0141,<LOD,4.4212,3.4668,<LOD,0.9332,0.2003,296807.5312 , 831.7438,28.9192,20.2205 , 2.4648,3.0753,294.0813 , 1.8866,16.0098,<LOD,0.0000,0.0000,3.6942 , 0.8433,0.3219,7075.9375 , 57.2151,23.4363,2.8754 , 1.0462,0.5162,185.0407 , 15.0282,4.0600,<LOD,7.7831,0.2124,19.0771 , 0.7536,2.3440,54.5294 , 3.0635,0.6478,120.8896 , 1.4060,12.3026,7,408.200012,39.007763,-122.666801,10.000000,528848.812500,4317691.000000,
1401,Mining,120.55,30.11,30.11,30.16,30.17,"Thu Apr 30, 2026 - 16:06:10",User,1.5,ppm,,,,,,Mining,<LOD,1.5595,0.6027,147724.5469 , 2708.2095,3.1490,<LOD,1.6299,0.2477,<LOD,3.3406,0.0992,491.3649 , 22.8887,15.8905,418202.9062 , 6813.6890,<LOD,1.5376,0.1452,42379.7891 , 267.2332,52.2118,<LOD,2.3181,1.0427,<LOD,45.6099,0.8174,<LOD,65.2026,15.6755,114.1117 , 6.4059,3.1260,13.9791 , 3.1158,0.3363,43741.9766 , 210.0741,98.5650,<LOD,0.0000,0.0000,<LOD,4.9808,0.2255,8696.1221 , 113.9035,5.7712,43842.1719 , 4244.7593,0.1113,708.3452 , 32.3329,1.5739,<LOD,1.3278,4.2077,6.7617 , 0.6214,2.7774,<LOD,8.8596,0.2847,528.9601 , 108.1222,0.1802,10.5924 , 1.1596,0.3493,<LOD,1.4147,0.4451,32.7908 , 1.1370,1.5841,<LOD,0.0000,0.0000,1870.9005 , 44.5801,0.8800,<LOD,4.5037,3.4075,<LOD,0.9225,0.1971,284345.7500 , 765.4035,26.4835,17.5479 , 2.4923,2.9648,304.5547 , 1.8572,16.0949,<LOD,0.0000,0.0000,3.0802 , 0.8463,0.3072,6599.7769 , 52.9103,21.4431,1.9787 , 1.0649,0.5079,168.3143 , 14.4087,3.7139,<LOD,7.8662,0.2067,17.2741 , 0.7557,2.2440,53.5387 , 3.0969,0.6315,122.9050 , 1.4100,12.2095,5,408.399994,39.007652,-122.666862,10.000000,528843.687500,4317678.500000,
1402,Mining,30.02,30.02,,,,"Thu Apr 30, 2026 - 16:27:13",User,1.5,ppm,,,,,,Mining,533.7435 , 453.3870,12.5555,,,,<LOD,19.5237,0.2344,<LOD,24.7973,0.0552,,,,117235.8672 , 15400.9365,<LOD,12.5786,0.1021,,,,<LOD,32.8759,5.0163,,,,<LOD,471.5718,237.2612,8783.0303 , 105.8736,22.9148,1726.1919 , 62.5644,1.6518,863253.1250 , 602.0021,1597.5298,<LOD,0.0000,0.0000,<LOD,25.9795,0.1528,,,,,,,2716.9932 , 120.1381,11.0066,4203.3828 , 24.8644,51.3189,<LOD,5.0089,0.7852,1100.3268 , 148.3463,0.7964,,,,223.2291 , 17.5055,0.8337,<LOD,34.6894,6.0948,<LOD,1.6422,-0.0390,<LOD,0.0000,0.0000,,,,<LOD,58.2424,5.7633,<LOD,7.6087,0.1438,,,,122.4969 , 29.1601,6.8407,<LOD,2.4203,0.1443,<LOD,0.0000,0.0000,<LOD,17.7497,-1.0636,101.6402 , 84.1504,1.5596,<LOD,4.2610,0.0291,<LOD,266.1620,1.5316,<LOD,113.1670,0.1998,<LOD,4.3073,0.2889,<LOD,23.1698,0.1780,<LOD,3.3776,0.4323,6,439.299988,39.000755,-122.662964,10.000000,529184.187500,4316914.500000,
1405,Mining,30.19,30.19,,,,"Fri May 1, 2026 - 08:30:22",User,1.5,ppm,,,,,,Mining,512.7459 , 435.5651,12.4070,,,,19.5587 , 10.7509,0.2571,<LOD,38.3603,0.0770,,,,123293.7656 , 14923.9482,<LOD,12.2754,0.1016,,,,<LOD,32.1370,5.0295,,,,<LOD,464.1400,237.0093,8734.7803 , 104.0501,22.8523,1627.5861 , 60.1907,1.5930,857392.9375 , 561.7418,1597.6825,<LOD,0.0000,0.0000,<LOD,28.7385,0.1594,,,,,,,2829.4045 , 119.3936,11.1868,4109.5693 , 24.2000,50.8422,<LOD,4.6541,0.7197,1225.3457 , 145.7076,0.8522,,,,<LOD,18.5401,0.4836,<LOD,33.8337,6.0441,<LOD,2.8843,-0.0268,<LOD,0.0000,0.0000,,,,<LOD,56.9422,5.7837,<LOD,6.6882,0.1097,,,,<LOD,67.6343,6.6248,<LOD,2.4925,0.1607,<LOD,0.0000,0.0000,<LOD,17.2021,-1.0403,170.9412 , 84.6553,1.6143,<LOD,5.0367,-0.0563,83.2270 , 50.9340,1.6213,<LOD,0.0000,0.1904,<LOD,4.0668,0.2848,<LOD,23.2094,0.1918,<LOD,3.6124,0.4558,,,,,,,,
1406,Mining,120.10,30.22,30.11,30.19,29.58,"Fri May 1, 2026 - 09:32:06",User,1.5,ppm,,,,,,Mining,<LOD,1.7526,0.6171,71249.7891 , 1608.9736,1.5698,24.1825 , 2.4855,1.3788,<LOD,3.7333,0.1032,529.2065 , 25.8653,16.1986,627009.3750 , 4376.6401,<LOD,1.9468,0.1949,20182.7402 , 222.2408,26.8540,<LOD,2.6386,1.0960,<LOD,41.2187,0.8135,<LOD,82.2436,28.4604,119.7174 , 8.8634,4.3944,41.8697 , 4.1199,0.5039,80714.7891 , 210.8276,198.6017,<LOD,0.0000,0.0000,14.5248 , 2.5590,0.3014,9860.6475 , 150.0115,6.8516,8821.4414 , 3242.3896,0.0575,518.4735 , 29.9343,1.5863,<LOD,1.2165,4.2397,4.8653 , 0.6731,2.7201,76.5274 , 7.7852,0.3558,6671.8105 , 269.3347,1.5166,68.9503 , 2.1817,1.0412,<LOD,1.5853,0.4543,44.6999 , 1.3505,1.9047,<LOD,0.0000,0.0000,16566.0273 , 105.7962,6.2081,<LOD,5.0818,3.4559,<LOD,1.0230,0.2020,149048.5156 , 529.8342,13.2153,20.3562 , 2.8344,3.0906,305.3998 , 1.7873,14.9576,<LOD,0.0000,0.0000,<LOD,1.9729,0.3476,7502.6064 , 66.2017,27.3332,<LOD,2.6037,0.5157,327.6008 , 20.5142,5.5232,<LOD,8.7572,0.2147,19.2206 , 0.8846,2.5076,129.7194 , 4.4145,1.0963,126.9297 , 1.4706,11.6451,5,422.000000,39.006115,-122.667900,10.000000,528754.937500,4317507.500000,
1407,Mining,123.04,32.65,30.15,30.11,30.13,"Fri May 1, 2026 - 09:34:40",User,1.5,ppm,,,,,,Mining,<LOD,1.6788,0.6000,72845.3125 , 1525.7317,1.6030,27.2926 , 2.6780,1.5418,<LOD,3.9424,0.1107,469.3791 , 24.9150,15.7230,633383.8125 , 4024.6296,<LOD,2.0359,0.2046,18482.2793 , 208.7029,25.7745,<LOD,2.5835,1.1204,<LOD,41.1975,0.8870,<LOD,86.5026,31.6928,114.0479 , 8.5769,4.5304,37.0713 , 4.1878,0.5010,86443.1953 , 217.1931,223.1429,<LOD,0.0000,0.0000,8.4640 , 2.4984,0.2674,9736.2168 , 145.4598,7.0649,4432.0186 , 2925.6868,0.0491,528.1257 , 30.8126,1.6987,<LOD,1.2795,4.3725,4.7549 , 0.7113,2.8137,101.3086 , 8.3047,0.3834,5796.5464 , 245.7483,1.3545,76.1170 , 2.3439,1.1538,<LOD,1.4978,0.4290,44.2621 , 1.4011,1.9575,<LOD,0.0000,0.0000,10223.6094 , 82.8856,4.0899,<LOD,4.9749,3.5471,<LOD,1.0507,0.2016,148910.2188 , 519.2812,13.6572,16.5596 , 2.7376,3.0433,308.2115 , 1.8466,15.4333,<LOD,0.0000,0.0000,<LOD,1.8929,0.3603,7402.6948 , 64.5130,28.4229,3.1876 , 1.2522,0.5506,326.1587 , 19.9705,5.7652,<LOD,9.2829,0.2321,18.5493 , 0.9123,2.5505,131.5341 , 4.5752,1.1331,129.0910 , 1.5284,12.0782,5,420.600006,39.006084,-122.667679,10.000000,528773.875000,4317504.500000,
1408,Mining,123.41,32.98,30.03,30.19,30.21,"Fri May 1, 2026 - 09:37:34",User,1.5,ppm,,,,,,Mining,<LOD,9.0851,0.6008,415498.9688 , 3351.2424,1.2160,<LOD,0.2226,0.0008,<LOD,0.4429,0.0002,3873.0652 , 235.0909,16.2861,5037.8418,,<LOD,0.4176,0.0013,101291.0234 , 3879.8113,20.4165,<LOD,13.8677,1.1035,<LOD,256.6549,0.9514,94.1541 , 10.2023,0.0623,1449.3562 , 124.6323,6.5918,<LOD,4.5499,0.0373,<LOD,38.3821,0.2012,<LOD,0.0000,0.0000,<LOD,1.7571,0.0060,20020.5371 , 989.8040,3.0113,<LOD,22267.1250,0.0441,2125.0615 , 140.2939,0.8939,<LOD,0.0118,0.0000,<LOD,0.0109,-0.0000,<LOD,7.3761,0.0408,32733.1426 , 1543.1321,1.2469,<LOD,0.1636,0.0004,<LOD,8.2781,0.4484,<LOD,0.0562,0.0001,<LOD,0.0000,0.0000,76811.3203 , 2477.3552,6.4315,<LOD,26.6811,3.4921,<LOD,0.2464,0.0013,310846.5625 , 5491.2700,8.1225,90.0250 , 14.6308,3.0424,<LOD,0.0138,-0.0000,<LOD,0.0000,0.0000,<LOD,0.2290,0.0003,28311.3691 , 1436.1520,17.4261,<LOD,0.0995,-0.0001,1817.5104 , 190.3199,4.3427,<LOD,6.9363,0.0190,<LOD,0.0005,-0.0000,<LOD,2.2864,0.0177,<LOD,0.0232,-0.0000,5,419.399994,39.006035,-122.667458,10.000000,528792.812500,4317499.000000,
1409,Mining,120.12,30.13,30.07,30.21,29.71,"Fri May 1, 2026 - 09:40:28",User,1.5,ppm,,,,,,Mining,<LOD,1.9990,0.6013,69339.9844 , 1887.7257,1.5303,12.6194 , 2.2207,0.8070,<LOD,4.0228,0.0900,570.4304 , 29.2943,15.2618,615198.8125 , 6153.5977,<LOD,1.9817,0.1525,19914.2930 , 238.0632,26.1150,<LOD,2.9515,1.0195,<LOD,43.6913,0.8464,<LOD,98.5224,38.8029,146.7180 , 9.9857,4.9255,26.2968 , 4.2144,0.4016,110378.2500 , 314.4973,268.4003,<LOD,0.0000,0.0000,9.4292 , 2.6381,0.2374,5207.5205 , 124.5299,3.8323,<LOD,7469.8513,0.0454,644.7843 , 33.3982,1.9022,<LOD,1.3417,3.7014,4.3865 , 0.7437,2.3837,121.7385 , 9.6567,0.3484,4263.1216 , 229.2934,0.9820,42.1298 , 2.0229,0.6707,<LOD,1.7604,0.4184,35.4708 , 1.3650,1.4095,<LOD,0.0000,0.0000,12173.8682 , 95.0624,4.5251,<LOD,5.7677,3.3266,<LOD,1.1295,0.1876,154808.7344 , 566.2478,13.3323,19.5070 , 3.1876,2.8983,298.6836 , 1.9530,12.8270,<LOD,0.0000,0.0000,<LOD,2.2455,0.2683,4191.0015 , 59.2507,15.7939,3.6870 , 1.3084,0.4685,229.3926 , 18.3568,3.6883,<LOD,9.5188,0.1918,14.4696 , 0.8899,1.8873,68.7531 , 3.8974,0.6494,124.8202 , 1.5950,10.0494,3,427.700012,39.005917,-122.667450,10.000000,528793.875000,4317485.500000,
1410,Mining,120.58,30.28,30.10,30.02,30.18,"Fri May 1, 2026 - 09:42:58",User,1.5,ppm,,,,,,Mining,<LOD,2.1409,0.6458,67982.0312 , 1598.8896,1.5015,12.0261 , 2.2248,0.8322,<LOD,4.1009,0.0966,539.1985 , 27.9490,15.6057,627183.5000 , 4295.6763,<LOD,1.9895,0.1589,20626.0254 , 230.1583,28.0125,<LOD,2.8841,1.1060,<LOD,42.6189,0.8883,<LOD,97.4858,38.4539,140.5693 , 9.2890,4.7986,23.9228 , 4.1969,0.4114,107580.8359 , 245.7788,269.9475,<LOD,0.0000,0.0000,10.0905 , 2.7021,0.2564,4933.3501 , 116.1451,3.7572,3229.7478 , 3131.6924,0.0471,612.8559 , 33.0989,1.8937,<LOD,1.3511,3.9023,4.3450 , 0.7437,2.4701,143.2149 , 9.5974,0.3704,4319.0117 , 219.1364,0.9940,43.0843 , 2.0395,0.7060,<LOD,1.6835,0.4306,38.4289 , 1.3976,1.5522,<LOD,0.0000,0.0000,12210.8574 , 91.2504,4.6834,<LOD,5.5216,3.4255,<LOD,1.1670,0.2082,145056.8438 , 522.5940,12.8059,22.3871 , 3.0742,3.0471,302.2343 , 1.9190,13.5253,<LOD,0.0000,0.0000,<LOD,1.5433,0.2612,4526.4414 , 55.5853,17.0797,2.5369 , 1.2997,0.4775,255.8210 , 17.7991,3.9488,<LOD,9.8656,0.2138,13.7081 , 0.8910,1.9552,63.4841 , 3.8159,0.6433,123.4416 , 1.5819,10.4254,4,426.500000,39.006084,-122.667847,10.000000,528759.437500,4317504.000000,
1411,Mining,120.73,30.22,30.16,30.14,30.21,"Fri May 1, 2026 - 09:46:05",User,1.5,ppm,,,,,,Mining,<LOD,1.8234,0.5584,38979.8633 , 1228.0145,0.8993,21.3010 , 2.3937,1.0244,<LOD,4.1351,0.0993,477.0454 , 26.6315,13.8848,704133.3125 , 5395.4365,<LOD,1.9255,0.1498,14544.9316 , 204.0450,20.9659,<LOD,2.8141,1.0538,<LOD,43.1412,1.1049,<LOD,100.5099,47.6372,120.9727 , 9.5511,5.1506,15.1604 , 4.0197,0.3823,125755.2812 , 333.5934,335.6411,<LOD,0.0000,0.0000,8.6189 , 2.5669,0.2326,5344.7490 , 124.4236,4.2471,<LOD,7446.8569,0.0464,647.5087 , 32.3486,2.1299,<LOD,1.2880,3.6682,<LOD,1.5713,2.3031,185.0343 , 10.1765,0.3724,4664.7720 , 215.3344,1.1472,44.9892 , 2.0625,0.7258,<LOD,1.5617,0.3660,34.7712 , 1.3218,1.3900,<LOD,0.0000,0.0000,14668.8457 , 94.3397,5.8462,<LOD,5.3287,3.1908,<LOD,1.1346,0.1957,82844.6406 , 404.8781,7.3342,22.9526 , 2.9448,2.7675,255.6879 , 1.7787,11.3532,<LOD,0.0000,0.0000,<LOD,1.4133,0.1984,4183.3857 , 57.0031,17.1537,<LOD,2.3829,0.4211,254.0279 , 18.1298,4.1408,<LOD,9.3757,0.1936,13.3898 , 0.8784,1.9073,70.2974 , 3.8883,0.6766,103.8738 , 1.4671,8.8957,5,433.700012,39.006092,-122.667946,10.000000,528750.500000,4317505.000000,
1412,Mining,123.86,33.44,30.17,30.03,30.22,"Fri May 1, 2026 - 09:48:51",User,1.5,ppm,,,,,,Mining,<LOD,10.8780,0.5519,369774.2500 , 3658.1731,0.9288,<LOD,0.4809,0.0029,<LOD,0.6361,0.0003,3685.4734 , 240.5073,13.8736,6081.5430,,<LOD,0.4013,0.0008,123217.9531 , 4477.4937,21.0986,<LOD,16.4859,0.9987,<LOD,304.5184,1.0858,101.3783 , 11.8254,0.0586,1166.5095 , 118.5173,5.3699,<LOD,5.0805,0.0314,<LOD,46.0619,0.2009,<LOD,0.0000,0.0000,<LOD,1.8499,0.0043,31781.8047 , 1313.3651,3.9271,<LOD,22332.6694,0.0315,2220.7192 , 148.9218,0.7545,<LOD,0.0124,0.0000,<LOD,0.0112,-0.0000,<LOD,8.1766,0.0338,31324.1191 , 1512.4294,1.0673,<LOD,0.1643,0.0003,<LOD,9.3994,0.3672,<LOD,0.0799,0.0002,<LOD,0.0000,0.0000,74615.4375 , 2255.5242,5.5495,<LOD,31.8095,3.1931,<LOD,0.2296,0.0005,318523.8125 , 4987.5811,7.4991,96.1339 , 17.2923,2.7110,<LOD,0.0266,0.0001,<LOD,0.0000,0.0000,<LOD,0.2016,0.0000,35085.0742 , 1719.7444,17.3481,<LOD,0.1033,-0.0000,2325.7029 , 219.0718,4.2930,<LOD,7.4674,0.0148,<LOD,0.0070,-0.0000,<LOD,2.6493,0.0161,<LOD,0.0203,-0.0000,5,432.500000,39.006050,-122.667915,10.000000,528753.125000,4317500.500000,
1413,Mining,123.10,32.57,30.22,30.21,30.10,"Fri May 1, 2026 - 09:51:32",User,1.5,ppm,,,,,,Mining,<LOD,1.7241,0.6096,41022.1758 , 1152.7251,0.9421,17.7913 , 2.1736,1.0291,<LOD,3.8098,0.1046,417.6497 , 24.7437,14.6269,720899.5000 , 3979.1726,<LOD,1.6677,0.1389,20782.4453 , 228.9698,28.9481,<LOD,2.6224,1.1137,<LOD,43.8456,1.0651,<LOD,86.4969,34.2459,127.1173 , 9.0312,4.7831,7.3566 , 3.5094,0.3555,93937.1094 , 223.8511,244.5634,<LOD,0.0000,0.0000,6.5385 , 2.3449,0.2403,5094.2148 , 116.8801,3.9592,<LOD,5168.5426,0.0430,414.9891 , 28.3525,1.5592,<LOD,1.2075,4.0607,2.8186 , 0.6696,2.6219,112.3888 , 8.1077,0.3184,3571.5125 , 198.2655,0.8953,44.4614 , 1.9006,0.7658,<LOD,1.4323,0.3731,32.2953 , 1.2165,1.4557,<LOD,0.0000,0.0000,13514.0635 , 92.0150,5.3344,<LOD,4.9994,3.4470,<LOD,1.0353,0.2010,93983.0312 , 430.2878,8.2468,16.9880 , 2.7431,2.9252,287.3795 , 1.7483,14.0658,<LOD,0.0000,0.0000,<LOD,2.2764,0.2761,4351.9946 , 54.4398,17.0133,<LOD,2.2786,0.4789,246.9132 , 17.3637,3.9587,<LOD,8.5061,0.1972,11.4548 , 0.7987,1.9757,52.2829 , 3.3450,0.6129,105.0431 , 1.3980,10.2199,5,426.399994,39.006077,-122.667900,10.000000,528754.562500,4317503.500000,
1414,Mining,123.29,32.92,30.24,30.05,30.08,"Fri May 1, 2026 - 09:54:49",User,1.5,ppm,,,,,,Mining,<LOD,1.9576,0.5779,63294.0391 , 1709.3408,1.3983,20.2993 , 2.4999,1.0400,<LOD,4.1609,0.0956,646.5355 , 29.2952,15.7180,638049.8750 , 5124.5405,<LOD,2.0079,0.1543,19398.1387 , 229.6174,23.5237,<LOD,2.9434,1.0214,<LOD,42.5464,0.7613,<LOD,92.7174,30.5339,154.6946 , 9.7627,4.5479,34.1174 , 4.3690,0.4258,95960.5469 , 231.4182,216.0449,<LOD,0.0000,0.0000,13.2228 , 2.7730,0.2611,5171.2559 , 122.3145,3.5395,<LOD,5818.5447,0.0406,431.0097 , 30.5928,1.4077,<LOD,1.3299,3.7385,6.1878 , 0.7340,2.4014,132.7270 , 9.0698,0.3441,4603.9175 , 229.5800,0.9448,56.4756 , 2.2055,0.7928,<LOD,1.7238,0.4018,35.1554 , 1.3369,1.3518,<LOD,0.0000,0.0000,13702.3838 , 98.3226,4.6958,<LOD,5.7398,3.3293,<LOD,1.1646,0.1970,151695.2656 , 541.3167,12.0601,20.6219 , 3.1641,2.8837,315.2712 , 1.9404,13.2431,<LOD,0.0000,0.0000,4.0178 , 1.1044,0.3151,4794.1943 , 58.4657,16.1848,<LOD,2.6147,0.4404,261.7559 , 18.6192,3.6974,<LOD,9.8492,0.2041,13.7692 , 0.8816,1.8444,90.8441 , 4.2309,0.7558,128.2810 , 1.5941,10.1643,5,424.600006,39.006046,-122.667839,10.000000,528759.875000,4317500.000000,
1415,Mining,120.68,30.27,30.08,30.17,30.16,"Fri May 1, 2026 - 09:57:29",User,1.5,ppm,,,,,,Mining,<LOD,2.0001,0.5850,62458.5000 , 1684.7488,1.3814,22.7038 , 2.5173,1.0609,<LOD,4.2084,0.0969,629.4913 , 29.4828,15.3679,636839.5625 , 4553.0947,<LOD,1.9509,0.1441,18072.9648 , 220.0502,21.7777,<LOD,3.0057,1.0362,<LOD,44.4007,0.7846,<LOD,92.9597,30.7034,140.6155 , 9.5516,4.4045,25.8512 , 4.2048,0.3901,97052.8281 , 215.1801,217.6064,<LOD,0.0000,0.0000,12.4486 , 2.7734,0.2566,4986.0381 , 119.0254,3.3798,<LOD,4863.1099,0.0440,430.6756 , 30.5115,1.4020,<LOD,1.3218,3.6458,5.3589 , 0.7285,2.3345,138.9239 , 9.1305,0.3445,4794.1816 , 237.4866,0.9593,54.4836 , 2.1764,0.7644,<LOD,1.7881,0.4202,36.4503 , 1.3545,1.3791,<LOD,0.0000,0.0000,13833.7334 , 100.8438,4.7044,<LOD,5.7992,3.2916,<LOD,1.1629,0.1932,152229.0625 , 549.7701,11.9982,28.0649 , 3.2279,2.9254,314.9609 , 1.9255,13.1024,<LOD,0.0000,0.0000,3.5391 , 1.0719,0.2932,4516.1655 , 58.4381,15.5565,<LOD,2.8145,0.4397,223.6695 , 18.0245,3.4826,<LOD,10.0310,0.2098,14.5553 , 0.8906,1.8639,94.1791 , 4.2820,0.7667,125.2984 , 1.5785,9.9087,4,424.600006,39.006042,-122.667931,10.000000,528751.812500,4317499.500000,
1416,Mining,123.35,32.75,30.25,30.18,30.17,"Fri May 1, 2026 - 10:00:33",User,1.5,ppm,,,,,,Mining,<LOD,1.9540,0.5847,45318.3164 , 1438.7423,1.0461,25.5854 , 3.1516,1.5431,<LOD,4.8095,0.1239,675.7543 , 29.4705,16.3009,668583.2500 , 4499.5610,<LOD,2.2893,0.1948,19235.5801 , 225.3500,23.1684,<LOD,2.9386,1.0327,<LOD,48.6162,0.9289,<LOD,93.5833,28.6575,132.3992 , 9.5180,4.4057,18.5065 , 4.1411,0.3692,90992.3828 , 218.5327,203.3363,<LOD,0.0000,0.0000,17.0547 , 2.9930,0.3011,10204.0176 , 157.9546,6.4253,<LOD,5309.5679,0.0498,465.6738 , 32.0848,1.4274,<LOD,2.1114,4.0157,7.7717 , 0.7955,2.6318,109.2926 , 8.8932,0.3138,6076.9434 , 270.5562,1.2948,108.1577 , 2.8986,1.3291,<LOD,1.8012,0.4488,46.2171 , 1.5373,1.7584,<LOD,0.0000,0.0000,47662.5977 , 182.7083,16.1980,<LOD,5.7185,3.3356,<LOD,1.2989,0.2360,104746.8828 , 482.4600,8.4275,32.9252 , 3.2270,3.0905,361.4923 , 2.1135,15.3989,<LOD,0.0000,0.0000,<LOD,2.6836,0.3695,4723.7603 , 61.1126,16.5926,3.4253 , 1.4108,0.5239,232.1862 , 18.4707,3.7098,<LOD,9.9609,0.2022,20.2897 , 1.0153,2.3675,59.9540 , 3.8403,0.6014,139.6138 , 1.7039,11.2994,5,416.899994,39.006088,-122.667831,10.000000,528760.312500,4317504.500000,
1417,Mining,120.48,30.25,30.06,30.12,30.05,"Fri May 1, 2026 - 10:03:05",User,1.5,ppm,,,,,,Mining,<LOD,2.0483,0.6108,39318.1094 , 1458.8541,0.9269,23.2681 , 2.9620,1.4244,<LOD,4.4361,0.1104,656.8979 , 30.5383,16.4327,675060.1875 , 5562.3628,<LOD,2.2282,0.1930,20201.2363 , 229.9023,23.8778,<LOD,3.0260,1.0342,<LOD,50.3455,0.9269,<LOD,90.7846,27.8017,135.2448 , 9.5308,4.3965,25.8121 , 4.1924,0.3956,89369.8984 , 236.4269,196.3266,<LOD,0.0000,0.0000,17.3939 , 2.9121,0.2982,11143.7891 , 163.7122,6.8938,<LOD,7163.6770,0.0567,485.2209 , 31.6714,1.4313,<LOD,1.3458,3.8569,7.3165 , 0.7549,2.5654,112.5136 , 8.7995,0.3430,6350.9106 , 284.0431,1.3442,99.8444 , 2.7260,1.2279,<LOD,1.8518,0.4495,45.1385 , 1.4670,1.6807,<LOD,0.0000,0.0000,53745.8242 , 202.3419,18.0976,<LOD,5.9253,3.3835,<LOD,1.1938,0.2073,96868.6953 , 483.4960,7.7131,14.0787 , 3.2718,2.9569,356.1946 , 2.0678,15.0369,<LOD,0.0000,0.0000,<LOD,1.9554,0.3434,4427.9604 , 59.6996,15.3482,<LOD,2.5384,0.4814,235.6624 , 18.1333,3.5491,<LOD,9.6662,0.1989,21.2193 , 0.9901,2.3620,49.0560 , 3.5549,0.5381,140.0005 , 1.6619,11.1643,5,419.399994,39.006023,-122.667862,10.000000,528758.187500,4317497.500000,
1418,Mining,120.12,30.05,30.15,30.08,29.84,"Fri May 1, 2026 - 10:08:21",User,1.5,ppm,,,,,,Mining,<LOD,1.8545,0.6169,23767.4648 , 882.5325,0.6003,<LOD,2.0413,0.2844,<LOD,4.1919,0.1106,542.0011 , 27.5752,16.1440,737451.0000 , 3063.7437,<LOD,1.7117,0.1283,8170.2974 , 159.6557,12.7589,<LOD,2.8254,1.1240,<LOD,39.2390,0.9487,<LOD,100.0789,51.6515,89.2872 , 9.1842,5.0769,<LOD,5.3465,0.3227,126584.0234 , 244.4004,364.5041,<LOD,0.0000,0.0000,49.9848 , 3.5758,0.5467,4632.6045 , 118.8230,3.9434,<LOD,4098.8903,0.0400,107.8288 , 24.3326,1.2986,<LOD,1.3311,4.1920,2.8336 , 0.7321,2.6733,168.5505 , 9.8615,0.3288,717.2275 , 109.2063,0.2730,8.7369 , 1.4459,0.3834,<LOD,1.6232,0.4240,32.4121 , 1.3233,1.4458,<LOD,0.0000,0.0000,43175.1055 , 154.5622,18.0523,<LOD,5.4998,3.6467,<LOD,1.0627,0.1795,50614.6680 , 321.1068,4.7899,17.7528 , 3.0045,3.0670,307.2325 , 1.9009,14.6260,<LOD,0.0000,0.0000,<LOD,1.3048,0.1977,3217.6545 , 51.2393,14.2425,<LOD,3.1091,0.5627,194.1793 , 16.3812,3.5513,<LOD,8.6090,0.1754,12.2303 , 0.8517,1.9419,11.1726 , 2.7810,0.3724,125.7059 , 1.5790,11.3085,3,420.200012,39.005924,-122.667915,10.000000,528753.312500,4317486.500000,
1419,Mining,120.07,30.03,30.12,30.06,29.86,"Fri May 1, 2026 - 10:10:40",User,1.5,ppm,,,,,,Mining,<LOD,1.8853,0.6373,24217.4141 , 901.0032,0.6094,<LOD,2.0858,0.2871,<LOD,4.1238,0.1080,503.3034 , 27.6585,15.9964,737530.8125 , 3188.1157,<LOD,1.7709,0.1388,8359.3770 , 163.4161,12.8582,<LOD,2.8912,1.1822,<LOD,39.8881,0.9526,<LOD,98.7510,50.1882,103.6321 , 9.5076,5.2250,<LOD,5.2717,0.3169,124998.7969 , 245.9978,356.5945,<LOD,0.0000,0.0000,43.6561 , 3.4319,0.5032,4858.8247 , 122.9628,4.0698,<LOD,4292.7682,0.0429,135.0356 , 24.5823,1.3273,<LOD,1.3276,4.2201,3.8493 , 0.7347,2.7284,177.2804 , 9.7101,0.3263,712.7581 , 111.2968,0.2764,12.6971 , 1.5198,0.4284,<LOD,1.6045,0.4119,33.1585 , 1.3242,1.4711,<LOD,0.0000,0.0000,43363.1719 , 156.6224,17.9627,<LOD,5.5272,3.6574,<LOD,1.0769,0.1887,51108.9844 , 325.7321,4.7964,17.1607 , 3.0315,3.1127,309.4613 , 1.8959,14.6732,<LOD,0.0000,0.0000,<LOD,1.4073,0.2294,3171.6255 , 53.3561,14.1964,<LOD,3.2769,0.5586,190.0549 , 16.7536,3.5461,<LOD,8.8185,0.1869,12.4789 , 0.8515,1.9617,10.3309 , 2.7413,0.3653,126.0737 , 1.5717,11.3149,4,418.500000,39.005970,-122.667999,10.000000,528746.250000,4317491.500000,
1420,Mining,120.68,30.21,30.15,30.20,30.12,"Fri May 1, 2026 - 10:13:44",User,1.5,ppm,,,,,,Mining,<LOD,1.7039,0.5938,80628.5078 , 2064.3696,1.7926,<LOD,1.7969,0.2726,<LOD,3.6333,0.0978,481.8568 , 25.2480,15.4215,562202.6250 , 6998.0298,<LOD,1.5631,0.1255,17333.0312 , 199.4431,23.2605,<LOD,2.5856,1.0735,<LOD,39.9098,0.6906,<LOD,86.5628,33.1029,109.2191 , 7.6629,3.9239,<LOD,6.0620,0.2991,87837.3516 , 340.1540,220.6981,<LOD,0.0000,0.0000,36.9774 , 3.0605,0.4639,8936.6953 , 135.9635,6.2756,<LOD,8867.4705,0.0655,261.3112 , 25.9380,1.2351,<LOD,1.2174,4.0923,4.2273 , 0.6852,2.7094,<LOD,18.2277,0.2792,1859.8694 , 166.4061,0.5148,6.1089 , 1.2205,0.3216,<LOD,1.4770,0.3987,31.2606 , 1.2243,1.4570,<LOD,0.0000,0.0000,60571.6406 , 233.0890,23.0152,<LOD,4.9779,3.3858,<LOD,0.9528,0.1722,171119.9219 , 609.2449,16.3159,17.9621 , 2.7620,2.9762,325.8516 , 2.0120,15.9453,<LOD,0.0000,0.0000,4.9409 , 0.8969,0.2959,4725.7744 , 51.3064,17.5674,3.6472 , 1.2650,0.5800,195.3194 , 15.3858,3.5969,<LOD,7.8805,0.1740,22.5377 , 0.8660,2.4208,44.1652 , 3.1697,0.5638,114.1778 , 1.4733,11.0798,4,418.000000,39.005924,-122.667915,10.000000,528753.437500,4317486.500000,
1421,Mining,120.41,30.05,30.29,30.05,30.02,"Fri May 1, 2026 - 10:16:17",User,1.5,ppm,,,,,,Mining,<LOD,1.6851,0.5837,72589.0312 , 1765.4126,1.6260,<LOD,1.7698,0.2593,<LOD,3.7056,0.0994,456.9348 , 24.5477,14.7453,575855.6250 , 5038.7197,<LOD,1.4729,0.1085,17039.8828 , 190.9795,22.2898,<LOD,2.5006,1.0020,<LOD,41.3235,0.7089,<LOD,86.6035,31.4273,117.0608 , 7.5783,3.9032,6.5076 , 3.2913,0.3118,83532.9922 , 243.7739,205.9873,<LOD,0.0000,0.0000,32.8702 , 3.0042,0.4335,8783.9531 , 132.2659,6.0310,9459.3447 , 3925.1489,0.0758,260.0437 , 26.1619,1.1879,<LOD,1.1944,3.9814,3.8803 , 0.6693,2.6302,<LOD,11.5560,0.2789,1892.2007 , 170.2654,0.5127,5.5024 , 1.1960,0.3015,<LOD,1.4847,0.4058,28.0276 , 1.1712,1.3075,<LOD,0.0000,0.0000,60664.7812 , 213.7562,22.5907,<LOD,4.9031,3.3261,<LOD,0.9735,0.1758,164080.9062 , 571.0228,15.2147,19.1951 , 2.7103,2.8836,307.7272 , 1.8457,15.0377,<LOD,0.0000,0.0000,2.1240 , 0.8123,0.2266,4517.5459 , 48.5438,16.4647,<LOD,2.7572,0.5244,173.2184 , 14.7207,3.3202,<LOD,7.9452,0.1724,21.2963 , 0.8525,2.3099,40.1276 , 3.1294,0.5354,109.2476 , 1.4255,10.5716,6,418.299988,39.005867,-122.667946,10.000000,528750.875000,4317480.000000,
1422,Mining,120.64,30.11,30.24,30.13,30.16,"Fri May 1, 2026 - 10:19:14",User,1.5,ppm,,,,,,Mining,<LOD,2.1854,0.6013,18780.7695 , 888.7620,0.5090,<LOD,2.9388,0.3101,<LOD,5.2572,0.1019,647.2303 , 33.2325,16.0872,673194.5625 , 3917.0879,<LOD,2.4739,0.1581,1297.8756 , 85.0054,2.9602,<LOD,3.3570,1.1100,<LOD,35.5950,0.9195,<LOD,135.2488,95.6480,96.8802 , 10.8935,6.7396,<LOD,7.1671,0.3500,212807.4531 , 443.3428,687.4255,<LOD,0.0000,0.0000,24.2109 , 3.6080,0.3061,2827.4971 , 110.1572,3.0233,<LOD,5627.2639,0.0600,72.9667 , 28.2170,1.8567,<LOD,1.6455,3.6425,2.6953 , 0.9113,2.3679,511.8664 , 16.2429,0.4077,782.0460 , 114.1004,0.3565,23.1003 , 2.2492,0.5476,<LOD,1.8598,0.3900,28.2933 , 1.4848,1.0660,<LOD,0.0000,0.0000,59499.8281 , 181.2704,27.9110,<LOD,6.5353,3.5450,<LOD,1.3966,0.1859,27779.8633 , 238.9256,2.9803,22.5414 , 3.6069,3.0841,291.6145 , 2.2537,11.7341,<LOD,0.0000,0.0000,<LOD,0.9667,-0.0857,958.4000 , 43.6786,5.7176,<LOD,2.2268,0.3866,199.2166 , 15.5926,2.9518,<LOD,11.8491,0.1953,17.4471 , 1.1071,1.9024,15.3638 , 3.5708,0.3693,118.3002 , 1.8691,9.0417,5,418.799988,39.005886,-122.667953,10.000000,528749.875000,4317482.000000,
1423,Mining,122.95,32.68,30.00,30.14,30.13,"Fri May 1, 2026 - 10:21:48",User,1.5,ppm,,,,,,Mining,<LOD,2.3861,0.3812,8104.3540 , 754.8095,0.2624,<LOD,3.8869,0.2780,<LOD,6.5531,0.0834,623.6409 , 35.3607,9.8583,662875.1875 , 3679.0850,<LOD,2.7119,0.0997,<LOD,89.6779,0.5993,<LOD,3.3835,0.5825,<LOD,39.7129,1.0437,<LOD,170.5296,112.3339,93.2054 , 12.7650,6.6059,<LOD,8.6274,0.2670,272395.9062 , 437.4053,766.5861,<LOD,0.0000,0.0000,17.3233 , 4.2900,0.2627,1755.2501 , 107.1738,1.9882,<LOD,4965.7474,0.0322,<LOD,49.3469,1.7179,<LOD,1.8652,2.4210,<LOD,1.5470,1.5682,415.7859 , 22.8755,0.3057,3641.0938 , 183.3989,0.9287,31.1227 , 3.0283,0.5201,<LOD,1.8168,0.1939,22.0707 , 1.6141,0.6451,<LOD,0.0000,0.0000,32549.5332 , 129.6191,13.2144,<LOD,6.8335,2.0238,<LOD,1.6769,0.1433,16490.0527 , 188.4699,1.5266,38.9864 , 3.9093,1.9444,206.7817 , 2.2399,6.1923,<LOD,0.0000,0.0000,<LOD,0.7991,-0.0869,495.6115 , 43.7001,2.9228,<LOD,2.6003,0.2549,160.7072 , 16.0049,2.1973,<LOD,0.0000,0.1496,7.8510 , 1.1647,1.0799,<LOD,9.5532,0.2837,75.4931 , 1.8632,4.6817,4,417.500000,39.005764,-122.668091,10.000000,528738.062500,4317468.500000,
1424,Mining,123.15,32.50,30.28,30.19,30.18,"Fri May 1, 2026 - 10:25:46",User,1.5,ppm,,,,,,Mining,<LOD,3.0309,0.4679,12325.0342 , 909.2851,0.3527,<LOD,4.2059,0.2036,<LOD,8.3064,0.0913,1004.4323 , 46.9101,13.3357,580243.1875 , 4827.1182,<LOD,3.5394,0.1167,<LOD,81.4906,0.5367,<LOD,4.3776,0.7413,<LOD,30.6472,0.7357,<LOD,205.4791,152.3860,92.2410 , 12.6802,7.0232,<LOD,10.3789,0.2664,343066.2812 , 674.7885,1028.6997,<LOD,0.0000,0.0000,14.3557 , 5.1347,0.2131,651.4086 , 81.4170,1.2607,<LOD,6432.6519,0.0491,<LOD,56.4744,2.1249,<LOD,2.1251,2.1222,<LOD,1.7543,1.3719,503.6316 , 31.6462,0.3641,594.2738 , 89.8553,0.2281,14.5955 , 3.4288,0.4580,<LOD,2.5392,0.2941,11.2010 , 1.3519,0.3089,<LOD,0.0000,0.0000,41441.9492 , 142.2991,18.2489,<LOD,8.9037,2.6070,<LOD,2.2340,0.1723,19415.3652 , 192.3090,1.9311,34.9780 , 4.9935,2.3870,110.2605 , 1.9385,3.1510,<LOD,0.0000,0.0000,<LOD,2.4122,-0.4016,251.3322 , 47.0351,2.7580,<LOD,2.0769,0.1130,158.4513 , 16.1968,2.3951,<LOD,19.1466,0.1800,6.2228 , 1.2712,0.8835,<LOD,7.2918,0.2500,60.7637 , 1.8949,3.3422,5,415.000000,39.005939,-122.667961,10.000000,528749.687500,4317488.000000,
1425,Mining,120.49,30.11,30.18,30.07,30.13,"Fri May 1, 2026 - 10:28:36",User,1.5,ppm,,,,,,Mining,<LOD,2.4371,0.5357,21886.5449 , 1010.6056,0.5575,<LOD,3.1400,0.2217,<LOD,5.9186,0.0895,705.5784 , 37.1332,14.3780,643899.0625 , 3920.2283,<LOD,2.6085,0.1211,68.6945 , 49.5071,0.8487,<LOD,3.6518,0.9296,<LOD,35.1936,0.9201,<LOD,157.5976,117.7898,79.1639 , 11.3652,6.7080,<LOD,8.1282,0.3110,261541.7812 , 492.5126,831.7730,<LOD,0.0000,0.0000,8.8281 , 3.7165,0.2580,597.1894 , 75.1035,1.1945,<LOD,5310.8928,0.0441,<LOD,46.9864,1.9190,<LOD,1.7246,2.7123,<LOD,1.4193,1.7347,603.3126 , 20.7912,0.3711,1553.4628 , 131.1303,0.5140,17.3938 , 2.5243,0.4756,<LOD,2.0292,0.3316,19.2210 , 1.4050,0.6485,<LOD,0.0000,0.0000,45455.7148 , 153.6823,20.7921,<LOD,7.2712,3.1290,<LOD,1.4628,0.1408,22755.3711 , 215.6090,2.3632,27.5542 , 4.0305,2.7565,204.5947 , 2.1085,7.1444,<LOD,0.0000,0.0000,<LOD,1.0437,-0.2452,322.9148 , 42.2020,2.9267,<LOD,2.1347,0.2415,161.3034 , 14.8760,2.4170,<LOD,0.0000,0.1657,8.7121 , 1.0889,1.2512,<LOD,5.5537,0.2797,83.5458 , 1.8026,5.7812,6,414.700012,39.005848,-122.667900,10.000000,528755.062500,4317478.000000,
1426,Mining,123.25,32.67,30.22,30.10,30.26,"Fri May 1, 2026 - 10:31:05",User,1.5,ppm,,,,,,Mining,<LOD,2.3077,0.5481,22079.9727 , 919.4086,0.5611,<LOD,3.0539,0.2669,<LOD,5.4529,0.0906,666.2415 , 34.9720,14.6062,662467.0625 , 3670.6072,<LOD,2.4165,0.1253,654.8680 , 69.8663,1.8426,<LOD,3.4716,0.9624,<LOD,32.7802,0.9076,<LOD,146.0795,110.8643,84.2350 , 11.5392,6.9514,<LOD,7.3724,0.3084,242994.2656 , 452.1580,792.7224,<LOD,0.0000,0.0000,27.8326 , 3.8553,0.2935,1217.1941 , 88.7166,1.7357,<LOD,5026.3308,0.0485,<LOD,43.6921,1.8142,<LOD,1.6809,3.1295,<LOD,1.9397,2.0633,601.1757 , 18.6215,0.3771,1600.0907 , 127.0098,0.5502,19.5100 , 2.3936,0.5145,<LOD,1.9979,0.3694,28.4133 , 1.5268,0.9502,<LOD,0.0000,0.0000,43878.4414 , 143.8619,20.5313,<LOD,6.8404,3.1565,<LOD,1.5097,0.1842,22541.3594 , 203.8516,2.3948,28.9844 , 3.8132,2.8245,240.3463 , 2.1540,8.9845,<LOD,0.0000,0.0000,<LOD,0.4545,-0.1385,547.6993 , 45.2452,4.1694,<LOD,2.1887,0.3066,203.8030 , 16.2157,2.9190,<LOD,12.2930,0.1721,11.4338 , 1.0921,1.5182,8.9136 , 3.6377,0.3199,98.1449 , 1.8204,7.1135,7,415.500000,39.005913,-122.667953,10.000000,528750.312500,4317485.000000,
1427,Mining,120.43,30.21,30.03,30.10,30.09,"Fri May 1, 2026 - 10:34:11",User,1.5,ppm,,,,,,Mining,<LOD,1.6520,0.6309,62165.7461 , 1355.1790,1.4069,<LOD,1.7469,0.2878,<LOD,3.7776,0.1249,459.2632 , 24.3275,16.3520,622763.0000 , 3766.7996,<LOD,1.5331,0.1424,16166.8779 , 191.3981,23.1320,<LOD,2.4998,1.1328,<LOD,40.6390,0.8696,<LOD,79.6505,31.4624,125.4430 , 8.0218,4.5004,<LOD,4.4503,0.3046,80911.5625 , 207.9954,217.3648,<LOD,0.0000,0.0000,114.4982 , 4.2837,1.1667,9903.5742 , 142.4505,7.3257,<LOD,4460.9246,0.0513,129.3744 , 22.4874,1.0428,<LOD,1.1552,4.4713,4.6524 , 0.6478,2.9612,38.5159 , 7.0557,0.2911,1678.0802 , 149.4791,0.4826,9.1229 , 1.2324,0.3881,<LOD,1.4299,0.4220,44.3951 , 1.3308,2.0845,<LOD,0.0000,0.0000,41705.7656 , 162.7909,16.7266,<LOD,4.8475,3.6518,<LOD,0.9370,0.1984,157804.7031 , 526.1139,15.4922,13.7553 , 2.6633,3.1185,309.0445 , 1.7395,16.6736,<LOD,0.0000,0.0000,2.6233 , 0.8447,0.2963,5292.9502 , 53.4961,21.0556,<LOD,3.1388,0.7355,191.9808 , 16.1628,4.1373,<LOD,0.0000,0.1938,16.1218 , 0.8028,2.4344,25.5546 , 2.7676,0.5124,123.4097 , 1.4076,12.5856,5,415.500000,39.005814,-122.667961,10.000000,528749.312500,4317474.000000,
1428,Mining,123.30,32.85,30.24,30.03,30.18,"Fri May 1, 2026 - 10:36:43",User,1.5,ppm,,,,,,Mining,<LOD,1.6258,0.6289,58853.3594 , 1388.2563,1.3356,<LOD,1.7542,0.2801,<LOD,3.8251,0.1180,422.5616 , 23.5815,15.6446,625872.3125 , 4077.4197,<LOD,1.5360,0.1313,14774.2500 , 185.9159,20.4164,<LOD,2.4739,1.1481,<LOD,41.1511,0.8370,<LOD,80.9858,29.0117,124.5270 , 8.0743,4.3746,<LOD,4.5326,0.2892,76891.6406 , 208.2799,199.0577,<LOD,0.0000,0.0000,85.4974 , 3.9495,0.9097,10634.4795 , 148.2294,7.5166,5339.1016 , 3247.5000,0.0622,108.6785 , 22.9006,0.9603,<LOD,1.1984,4.4719,3.4300 , 0.6585,2.8194,28.9933 , 7.2031,0.2921,1591.2040 , 148.2793,0.4409,6.0840 , 1.1930,0.3337,<LOD,1.3974,0.4142,41.3747 , 1.3299,1.9219,<LOD,0.0000,0.0000,42306.6562 , 166.2628,16.3139,<LOD,4.7345,3.5889,<LOD,0.9418,0.1833,157255.6562 , 532.4911,14.8062,15.5810 , 2.6071,3.0796,316.0347 , 1.8133,16.6587,<LOD,0.0000,0.0000,2.6501 , 0.8509,0.2788,4969.4521 , 52.7225,19.1041,<LOD,2.9784,0.6709,193.1979 , 15.9934,3.8625,<LOD,0.0000,0.1835,18.7053 , 0.8423,2.4849,23.3669 , 2.7924,0.4782,121.2063 , 1.4467,12.2479,5,417.600006,39.006004,-122.667740,10.000000,528768.437500,4317495.500000,
1429,Mining,120.33,30.03,30.09,30.05,30.16,"Fri May 1, 2026 - 11:03:45",User,1.5,ppm,,,,,,Mining,<LOD,1.5694,0.5898,130600.0938 , 2449.9883,2.8044,<LOD,1.7445,0.3094,<LOD,3.5737,0.1105,480.4048 , 23.4160,16.1311,429579.3125 , 6125.1377,<LOD,1.4952,0.1332,30707.9902 , 216.1803,36.5232,<LOD,2.3788,1.0633,<LOD,43.3110,0.6765,<LOD,65.0868,15.0601,129.6070 , 6.3084,3.2266,20.7480 , 3.3367,0.3738,43252.3242 , 183.8271,96.5361,<LOD,0.0000,0.0000,3.0911 , 2.0785,0.2234,7954.1143 , 107.1198,5.0901,24244.0742 , 3752.7197,0.0800,543.2971 , 30.3939,1.3408,<LOD,1.1223,4.2117,5.2811 , 0.6292,2.7570,<LOD,9.0306,0.2954,924.2559 , 130.8116,0.2498,8.7446 , 1.1385,0.3266,<LOD,1.4404,0.4469,42.5428 , 1.2641,1.9594,<LOD,0.0000,0.0000,8016.5420 , 82.7843,2.8623,<LOD,4.6283,3.4827,<LOD,0.9539,0.2029,316319.9062 , 750.6500,29.2475,14.2048 , 2.5519,3.0038,264.4554 , 1.6603,13.9715,<LOD,0.0000,0.0000,3.3366 , 0.8391,0.3003,6504.6533 , 49.3979,20.8786,3.5255 , 1.0965,0.5215,189.2794 , 14.0182,3.7262,<LOD,7.6184,0.1873,21.6355 , 0.8191,2.5677,42.1051 , 2.9464,0.5546,124.4701 , 1.3867,11.8949,8,400.799988,39.008152,-122.667381,10.000000,528798.562500,4317734.000000,
1430,Mining,120.50,30.11,30.09,30.13,30.17,"Fri May 1, 2026 - 11:06:38",User,1.5,ppm,,,,,,Mining,<LOD,1.5159,0.6049,113311.9219 , 2075.9546,2.4466,<LOD,1.6083,0.2859,<LOD,3.1787,0.0930,389.9749 , 21.8780,15.2218,485745.6562 , 5180.1421,<LOD,1.3817,0.1210,33638.3516 , 216.7090,40.4329,<LOD,2.3085,1.1090,<LOD,42.8526,0.7332,<LOD,61.0237,13.4433,138.5276 , 6.2747,3.3476,18.5711 , 3.2251,0.3706,37662.6055 , 152.7210,84.7201,<LOD,0.0000,0.0000,<LOD,3.9151,0.2146,7731.0054 , 103.0676,5.0001,15466.9639 , 3250.9238,0.0652,520.6263 , 29.6776,1.2940,<LOD,1.0958,4.3252,5.2232 , 0.6169,2.8550,<LOD,8.3711,0.2724,976.8957 , 127.7399,0.2595,5.0674 , 1.0290,0.2840,<LOD,1.3353,0.4189,41.4483 , 1.2188,1.9604,<LOD,0.0000,0.0000,7229.3906 , 76.0369,2.6612,<LOD,4.3859,3.4259,<LOD,0.8667,0.1789,290045.0000 , 683.7508,26.4890,10.5633 , 2.4122,2.9279,273.4532 , 1.6196,14.9270,<LOD,0.0000,0.0000,3.7361 , 0.7967,0.2979,6411.8896 , 47.4199,20.7577,1.8580 , 1.0504,0.5136,193.6627 , 13.7440,3.7476,<LOD,7.4526,0.1907,19.5626 , 0.7853,2.5293,43.0978 , 2.9129,0.5758,114.9732 , 1.3194,11.7953,6,402.500000,39.008278,-122.667320,10.000000,528804.187500,4317748.000000,
1431,Mining,120.46,30.12,30.23,30.23,29.88,"Fri May 1, 2026 - 11:09:10",User,1.5,ppm,,,,,,Mining,<LOD,1.6908,0.5897,101382.1719 , 2223.9021,2.2019,<LOD,1.8231,0.3096,4.2276 , 2.5073,0.1061,532.0902 , 25.0470,15.9464,458250.6562 , 5830.6777,<LOD,1.5975,0.1365,18566.3945 , 175.4188,20.9737,<LOD,2.5280,1.0303,<LOD,43.2617,0.6442,<LOD,70.9083,17.3190,125.5246 , 6.6682,3.2405,21.9846 , 3.4621,0.3624,51464.7930 , 178.5615,110.1203,<LOD,0.0000,0.0000,4.3653 , 2.2247,0.2310,8572.8887 , 115.5435,5.1018,17991.7324 , 3649.6621,0.0688,524.7468 , 30.2846,1.2931,<LOD,1.5907,4.1469,6.6145 , 0.6436,2.6703,<LOD,9.7301,0.2882,917.8323 , 130.8032,0.2360,8.5526 , 1.1693,0.3088,<LOD,1.5138,0.4236,51.2881 , 1.3571,2.0874,<LOD,0.0000,0.0000,13714.7314 , 104.7017,4.4242,<LOD,4.9036,3.3287,<LOD,0.9727,0.1773,320637.2500 , 706.9623,27.8690,13.1526 , 2.7116,2.9069,214.2965 , 1.4681,10.5423,<LOD,0.0000,0.0000,3.6176 , 0.8902,0.2999,6589.5381 , 50.4127,20.4140,<LOD,2.2655,0.4328,200.4896 , 14.7657,3.7081,<LOD,8.0567,0.1885,21.0083 , 0.8451,2.4372,40.4516 , 3.0054,0.5193,139.6246 , 1.4223,11.4611,8,405.100006,39.008228,-122.667374,10.000000,528799.437500,4317742.500000,
1432,Mining,122.85,32.58,30.07,30.14,30.06,"Fri May 1, 2026 - 11:11:57",User,1.5,ppm,,,,,,Mining,<LOD,1.7449,0.6281,108755.2188 , 2384.2754,2.3533,<LOD,1.9018,0.3166,<LOD,3.7426,0.1039,543.6841 , 25.3390,16.1821,433714.0625 , 6336.1050,<LOD,1.5337,0.1202,19365.3652 , 186.6540,21.9251,<LOD,2.5358,1.0290,<LOD,43.8694,0.6660,<LOD,73.1392,17.9040,127.8607 , 7.0349,3.3148,20.4437 , 3.4729,0.3494,53348.7500 , 194.8134,114.1571,<LOD,0.0000,0.0000,5.8633 , 2.2968,0.2369,8550.7109 , 120.4377,5.1167,25112.6758 , 3915.5916,0.0801,531.6080 , 30.8604,1.3063,<LOD,1.3854,4.0478,7.3012 , 0.6699,2.6885,<LOD,9.7133,0.2555,974.2319 , 129.5687,0.2341,10.3060 , 1.2410,0.3329,<LOD,1.5819,0.4635,49.7710 , 1.3725,2.0251,<LOD,0.0000,0.0000,12748.2656 , 101.6533,4.1460,<LOD,4.9776,3.4329,<LOD,1.0026,0.1921,328762.0938 , 725.7836,28.8616,17.8882 , 2.7604,3.0164,215.1961 , 1.5119,10.4934,<LOD,0.0000,0.0000,6.5174 , 0.9181,0.3276,6719.9839 , 53.3079,20.8163,2.3455 , 1.0987,0.4455,207.9346 , 15.5701,3.7943,<LOD,8.2094,0.1876,21.0082 , 0.8584,2.4010,44.4166 , 3.1271,0.5385,136.4744 , 1.4456,11.1941,8,406.200012,39.008205,-122.667374,10.000000,528799.312500,4317740.000000,
1433,Mining,120.16,30.17,30.11,30.23,29.65,"Fri May 1, 2026 - 11:14:39",User,1.5,ppm,,,,,,Mining,<LOD,1.5110,0.6073,90734.6406 , 1804.8037,1.9862,<LOD,3.0252,0.3988,<LOD,3.3779,0.1076,463.6283 , 22.2619,16.0641,488650.4688 , 4805.4468,<LOD,1.5227,0.1511,7906.3613 , 123.4660,10.6423,<LOD,2.2664,1.0695,<LOD,38.5675,0.6483,<LOD,71.6943,23.3272,114.7737 , 6.7126,3.6443,13.2204 , 3.0907,0.3531,59876.8555 , 193.0907,149.0650,<LOD,0.0000,0.0000,5.1685 , 2.1014,0.2532,10335.8555 , 127.8525,6.8998,19037.0254 , 3371.2065,0.0710,596.4857 , 29.5624,1.6292,<LOD,1.1531,4.9498,9.4317 , 0.6402,3.1686,<LOD,9.5627,0.3023,737.0002 , 114.4911,0.2249,11.1945 , 1.1845,0.3868,<LOD,1.3322,0.4222,71.7364 , 1.4800,3.1068,<LOD,0.0000,0.0000,15359.4805 , 105.1352,5.6045,<LOD,4.4167,3.5090,<LOD,0.9163,0.2054,296471.6250 , 675.6085,28.8278,19.3079 , 2.4538,3.0880,107.8228 , 1.0024,6.1686,<LOD,0.0000,0.0000,4.4550 , 0.8725,0.3598,8957.1025 , 58.4634,32.2064,2.0057 , 0.9738,0.4440,254.7498 , 16.9544,5.6085,<LOD,7.4853,0.1983,15.9402 , 0.8031,2.6265,44.8693 , 2.9093,0.5953,198.8078 , 1.5224,15.6480,8,404.700012,39.008247,-122.667305,10.000000,528805.625000,4317744.500000,
1434,Mining,120.16,30.30,30.10,30.14,29.62,"Fri May 1, 2026 - 11:17:14",User,1.5,ppm,,,,,,Mining,<LOD,1.6443,0.6359,91081.7891 , 1953.5131,1.9936,<LOD,3.1426,0.3917,<LOD,3.4682,0.1025,506.7143 , 23.8717,16.3364,469940.2188 , 5325.7612,<LOD,1.5632,0.1437,9007.8877 , 134.7236,11.5302,<LOD,2.4400,1.0965,<LOD,40.5250,0.6553,<LOD,73.8482,22.3101,124.1393 , 7.0486,3.6096,17.1282 , 3.2795,0.3593,59848.3945 , 200.2249,142.2726,<LOD,0.0000,0.0000,3.4166 , 2.1452,0.2349,10556.9629 , 133.2362,6.7724,23110.8926 , 3673.8074,0.0778,602.2516 , 30.5704,1.5707,<LOD,1.1967,4.7875,10.3453 , 0.6675,3.1009,<LOD,9.8059,0.2847,699.1492 , 119.4395,0.2216,11.6822 , 1.2343,0.3793,<LOD,1.4576,0.4472,71.1690 , 1.5268,2.9687,<LOD,0.0000,0.0000,16209.8291 , 110.6971,5.6708,<LOD,4.7071,3.5027,<LOD,0.9361,0.1925,308527.1562 , 699.7096,29.1234,13.3625 , 2.5902,3.0086,120.0772 , 1.0879,6.5118,<LOD,0.0000,0.0000,5.9248 , 0.9189,0.3698,9043.4355 , 61.0681,31.1672,3.3327 , 1.0331,0.4521,219.7809 , 17.3767,5.2562,<LOD,7.9254,0.2012,15.8791 , 0.8265,2.5085,46.4760 , 3.0376,0.5861,202.5892 , 1.5906,15.3158,7,401.799988,39.008114,-122.667397,10.000000,528797.750000,4317729.500000,
1435,Mining,30.17,29.26,,,,"Fri May 1, 2026 - 11:18:00",User,1.5,ppm,,,,,,Mining,<LOD,7.8610,31.6717,,,,<LOD,2.2056,0.3658,<LOD,4.0361,0.1046,,,,921407.3125 , 526.9810,<LOD,1.8513,0.1521,,,,<LOD,8.4383,30.4855,,,,<LOD,82.2928,22.8755,80.8105 , 31.3878,0.6362,18.7384 , 3.7946,0.3633,65634.5859 , 155.5730,144.4200,<LOD,0.0000,0.0000,4.0343 , 2.5520,0.2494,,,,,,,673.2553 , 34.1761,1.6242,<LOD,1.3845,4.8155,9.9897 , 0.7718,3.1191,<LOD,11.4743,0.2983,,,,15.0406 , 1.4528,0.3961,<LOD,9.0352,36.8070,71.9705 , 1.7583,3.0232,<LOD,0.0000,0.0000,,,,<LOD,14.4854,32.5001,<LOD,1.0956,0.1988,,,,<LOD,10.1534,27.1099,127.1453 , 1.2342,6.6229,<LOD,0.0000,0.0000,7.1987 , 1.1007,0.4042,11437.3145 , 221.5777,4.8093,3.0494 , 1.1943,0.4544,231.2276 , 76.4464,1.4212,<LOD,11.3792,0.2224,16.9764 , 0.9668,2.5937,55.8212 , 3.5593,0.6081,205.5317 , 1.7584,15.3715,7,401.100006,39.008347,-122.667320,10.000000,528804.000000,4317755.500000,
1436,Mining,120.73,30.20,30.11,30.17,30.25,"Fri May 1, 2026 - 11:20:31",User,1.5,ppm,,,,,,Mining,<LOD,1.5861,0.6537,84255.5547 , 1798.0024,1.8633,<LOD,1.7595,0.3359,<LOD,3.2631,0.0976,421.2278 , 22.5672,15.9392,452342.4062 , 4959.5781,<LOD,1.4757,0.1378,19175.3438 , 172.6409,23.2263,<LOD,2.3739,1.1538,<LOD,42.5138,0.7107,<LOD,64.4304,15.7898,122.7365 , 6.4695,3.4451,28.3161 , 3.4334,0.4204,44030.8516 , 162.6905,101.0831,<LOD,0.0000,0.0000,4.7415 , 2.0657,0.2373,10344.9346 , 120.8058,6.5006,17725.0273 , 3399.8767,0.0695,574.2108 , 30.2412,1.4212,<LOD,1.1027,4.3645,5.5537 , 0.6148,2.8247,<LOD,8.8773,0.2983,1165.1520 , 138.8600,0.3055,9.6760 , 1.1432,0.3503,<LOD,1.4036,0.4574,51.6399 , 1.3158,2.3307,<LOD,0.0000,0.0000,13272.1221 , 100.6899,4.6143,<LOD,4.5117,3.5629,<LOD,0.8956,0.1916,347754.0625 , 709.7890,33.4924,12.6662 , 2.4878,3.0699,208.1530 , 1.3985,11.3817,<LOD,0.0000,0.0000,5.4193 , 0.8638,0.3532,8056.3677 , 53.5611,26.6435,2.1979 , 1.0295,0.4871,225.4032 , 15.4192,4.6692,<LOD,7.3588,0.1852,15.7902 , 0.7715,2.3993,44.0374 , 2.9247,0.5805,146.3795 , 1.3956,13.1172,4,398.500000,39.008228,-122.667366,10.000000,528800.000000,4317742.500000,
1437,Mining,120.39,30.10,30.09,30.14,30.06,"Fri May 1, 2026 - 11:23:10",User,1.5,ppm,,,,,,Mining,<LOD,1.4212,0.5654,72958.9062 , 1551.2286,1.6368,<LOD,1.8248,0.3984,<LOD,3.2148,0.1055,390.4049 , 21.1816,15.2977,464044.2812 , 4360.9053,<LOD,1.3866,0.1352,3349.6636 , 84.3241,4.9057,<LOD,2.2404,1.1195,<LOD,41.4006,0.7401,<LOD,67.3628,20.7663,112.1678 , 6.4821,3.6567,25.8056 , 3.2695,0.4251,51906.9180 , 170.8376,131.0080,<LOD,0.0000,0.0000,7.0517 , 2.0782,0.2715,10408.2910 , 124.0089,6.9219,15647.4336 , 3166.8127,0.0651,547.4802 , 28.6221,1.5298,<LOD,1.0987,4.8905,8.3801 , 0.6153,3.1928,<LOD,8.8384,0.2848,979.2759 , 125.3116,0.2676,13.7938 , 1.1965,0.4280,<LOD,1.3265,0.4445,67.0897 , 1.4109,3.0686,<LOD,0.0000,0.0000,8617.9033 , 81.3029,3.2648,<LOD,4.2728,3.5054,<LOD,0.8558,0.1918,360488.3125 , 704.0192,36.9059,14.0066 , 2.3417,2.9582,79.1155 , 0.8506,4.8929,<LOD,0.0000,0.0000,6.0823 , 0.8414,0.3836,9799.6973 , 58.5878,35.5894,2.2201 , 0.9357,0.4443,278.9772 , 16.9805,6.1635,<LOD,7.0901,0.1913,12.8150 , 0.7544,2.5115,49.6722 , 2.9320,0.6504,184.2405 , 1.4253,15.1702,6,395.500000,39.008137,-122.667397,10.000000,528797.312500,4317732.000000,
1438,Mining,122.98,32.59,30.22,30.05,30.12,"Fri May 1, 2026 - 11:26:02",User,1.5,ppm,,,,,,Mining,<LOD,1.3733,0.6920,92628.1172 , 1466.0605,2.0440,1.9994 , 1.2494,0.5132,<LOD,3.1557,0.1207,371.8024 , 19.4826,16.6887,479466.4062 , 3844.9871,<LOD,1.3859,0.1603,2313.9749 , 72.9776,4.0587,<LOD,2.0761,1.2516,<LOD,35.6358,0.7182,<LOD,66.1742,24.2537,112.5818 , 6.3344,4.0796,34.2709 , 3.3235,0.5229,54137.6602 , 175.3935,154.0981,<LOD,0.0000,0.0000,4.7197 , 1.9539,0.2810,10885.1660 , 123.9806,8.1003,10782.6074 , 2727.4517,0.0621,576.4471 , 27.9548,1.7706,<LOD,1.1181,6.0532,12.0030 , 0.6287,3.9720,<LOD,8.6655,0.3184,1091.0272 , 122.3784,0.3392,15.6411 , 1.2045,0.5147,<LOD,1.2287,0.4959,88.1496 , 1.5420,4.3895,<LOD,0.0000,0.0000,20458.2891 , 113.2513,8.3471,<LOD,3.9230,3.8190,<LOD,0.8394,0.2187,316264.5000 , 644.1042,35.5523,16.4123 , 2.1721,3.3166,48.6039 , 0.6652,3.5748,<LOD,0.0000,0.0000,8.3514 , 0.8737,0.5059,10096.2900 , 58.8002,41.4550,2.9235 , 0.9169,0.5066,261.1400 , 16.7607,7.0098,<LOD,6.9216,0.2166,20.1735 , 0.8222,3.5405,58.3183 , 2.9541,0.7851,242.3997 , 1.5654,21.0818,8,394.299988,39.008179,-122.667374,10.000000,528799.312500,4317737.000000,
1439,Mining,120.12,30.06,30.04,30.16,29.86,"Fri May 1, 2026 - 11:28:22",User,1.5,ppm,,,,,,Mining,<LOD,1.3995,0.6065,76971.0078 , 1454.8505,1.7073,2.6908 , 1.3703,0.5300,<LOD,3.4106,0.1194,414.0988 , 20.6878,16.2234,516082.3125 , 4077.7383,<LOD,1.4680,0.1526,2049.5969 , 67.1882,3.3767,<LOD,2.1319,1.1078,<LOD,36.2728,0.6696,<LOD,69.7376,22.9963,97.0671 , 5.9513,3.5286,37.5577 , 3.6094,0.5234,54360.1055 , 174.5596,146.0317,<LOD,0.0000,0.0000,8.4141 , 2.2032,0.3072,9519.6289 , 114.3703,6.6986,14766.6094 , 2926.2815,0.0643,581.3145 , 29.6485,1.7005,<LOD,1.2114,6.0257,12.9956 , 0.6763,3.8932,<LOD,9.4195,0.3382,920.3431 , 118.1165,0.2808,17.2409 , 1.3079,0.5152,<LOD,1.3227,0.4898,91.7138 , 1.6544,4.3003,<LOD,0.0000,0.0000,17974.1113 , 108.0975,6.8977,<LOD,4.1314,3.5961,<LOD,0.9261,0.2284,296093.3125 , 639.5121,30.5237,11.1206 , 2.2623,3.0338,48.2869 , 0.6994,3.3652,<LOD,0.0000,0.0000,7.7439 , 0.9175,0.4701,9324.2227 , 54.9756,36.0463,3.4592 , 0.9953,0.5058,262.1188 , 15.9274,6.2184,<LOD,7.5501,0.2188,21.2024 , 0.8835,3.4701,61.6809 , 3.1921,0.7782,260.0472 , 1.6889,21.1512,8,392.399994,39.008171,-122.667389,10.000000,528798.312500,4317736.000000,
1440,Mining,120.67,30.25,30.15,30.08,30.19,"Fri May 1, 2026 - 11:34:13",User,1.5,ppm,,,,,,Mining,<LOD,0.9981,0.9712,9919.1426 , 442.5141,0.3799,<LOD,1.0354,0.3554,<LOD,2.1974,0.1394,259.4416 , 13.7768,22.6920,549011.4375 , 2150.5896,<LOD,0.9537,0.1798,<LOD,16.6019,0.2497,<LOD,1.5335,1.8372,<LOD,28.6634,0.6320,<LOD,19.7702,3.1733,19.9662 , 3.0094,2.2050,<LOD,2.6994,0.3423,5291.4839 , 45.0724,18.9072,<LOD,0.0000,0.0000,<LOD,1.9167,0.2762,<LOD,25.7576,0.2937,5447.9370 , 1729.4021,0.0462,<LOD,15.9811,0.3492,<LOD,0.7871,7.7800,8.0296 , 0.4356,5.0041,<LOD,4.2211,0.2962,310.4101 , 74.1868,0.1554,3.8159 , 0.6725,0.3815,<LOD,0.9073,0.7157,0.6138 , 0.3690,0.4372,<LOD,0.0000,0.0000,3678.4121 , 47.2684,1.9206,<LOD,4.4378,5.7303,<LOD,0.5941,0.2635,416200.0625 , 580.1487,58.4074,<LOD,2.4996,4.3480,5.1798 , 0.2522,1.2727,<LOD,0.0000,0.0000,<LOD,1.0024,0.3218,9631.2256 , 37.1093,46.6748,<LOD,0.7595,0.3788,71.3946 , 9.8020,6.4599,<LOD,4.6817,0.2283,<LOD,0.5159,1.5782,<LOD,1.5420,0.2120,141.4827 , 0.9325,20.1483,7,385.600006,39.008209,-122.667114,10.000000,528821.812500,4317740.500000,
1441,Mining,120.52,30.30,30.01,30.07,30.14,"Fri May 1, 2026 - 11:38:44",User,1.5,ppm,,,,,,Mining,<LOD,0.9619,0.9482,10418.6631 , 468.5523,0.3967,<LOD,1.1106,0.4174,<LOD,2.0277,0.1172,269.0485 , 13.3142,22.5884,533393.2500 , 2250.8960,<LOD,0.9566,0.1788,<LOD,15.9316,0.2609,<LOD,1.4870,1.8222,<LOD,30.3477,0.6499,<LOD,11.3367,1.0062,18.2267 , 2.8564,2.0979,<LOD,2.8008,0.3636,1298.3159 , 24.1761,5.1017,<LOD,0.0000,0.0000,<LOD,2.1407,0.3057,<LOD,23.9888,0.2759,6784.3311 , 1823.2638,0.0484,<LOD,16.3309,0.3454,<LOD,0.8058,8.1383,8.3599 , 0.4409,5.1031,<LOD,3.7941,0.2549,298.9019 , 79.8033,0.1638,5.2896 , 0.7009,0.4118,<LOD,0.8467,0.6514,<LOD,0.7992,0.4210,<LOD,0.0000,0.0000,938.6168 , 30.1920,0.6842,6.2493 , 1.8603,5.7346,<LOD,0.5565,0.2298,434833.9062 , 614.5809,62.1109,4.6720 , 1.4872,4.3613,5.0436 , 0.2539,1.2793,<LOD,0.0000,0.0000,<LOD,0.7249,0.2982,11475.2197 , 39.2531,55.4375,<LOD,0.7763,0.3922,85.1587 , 10.0823,7.5884,<LOD,4.4645,0.2048,<LOD,0.5260,1.6383,<LOD,1.5613,0.2147,156.7613 , 0.9914,22.4882,8,386.799988,39.008217,-122.667107,10.000000,528822.812500,4317741.000000,
1442,Mining,120.11,30.12,30.09,30.07,29.83,"Fri May 1, 2026 - 11:42:09",User,1.5,ppm,,,,,,Mining,<LOD,1.0536,1.0005,14796.3896 , 488.5193,0.4792,1.3463 , 0.6936,0.4263,<LOD,2.1027,0.1335,189.8827 , 12.9746,21.7364,567916.6875 , 2091.4119,<LOD,0.9572,0.1898,247.4361 , 17.1408,0.7724,<LOD,1.4902,1.9313,54.3732 , 21.1304,0.7623,<LOD,10.1259,0.8444,29.2769 , 2.8024,2.3122,<LOD,2.9600,0.4301,1037.8572 , 21.7629,4.3572,<LOD,0.0000,0.0000,5.6278 , 1.4952,0.4182,328.5130 , 21.5935,0.6362,<LOD,2459.0440,0.0374,<LOD,16.7547,0.3849,<LOD,0.8120,8.7681,7.1712 , 0.4320,5.1817,<LOD,3.9289,0.2943,309.3419 , 77.2105,0.1651,<LOD,0.8971,0.3594,<LOD,0.8412,0.6759,1.2602 , 0.3941,0.5260,<LOD,0.0000,0.0000,1084.8549 , 30.7895,0.7678,<LOD,2.7462,5.7030,<LOD,0.5707,0.2549,404054.3438 , 585.6520,57.6659,<LOD,3.0627,4.4578,6.3110 , 0.2653,1.4815,<LOD,0.0000,0.0000,<LOD,1.0668,0.3362,9539.6270 , 34.3556,47.4724,<LOD,0.8108,0.4468,74.3488 , 9.0182,6.5692,<LOD,4.7152,0.2421,<LOD,0.5246,1.7246,<LOD,1.6545,0.2554,187.4126 , 1.0635,27.4547,7,389.399994,39.008209,-122.667114,10.000000,528821.812500,4317740.500000,
1443,Mining,120.03,30.01,30.05,30.20,29.77,"Fri May 1, 2026 - 11:44:39",User,1.5,ppm,,,,,,Mining,<LOD,0.9097,0.9760,14657.5518 , 479.0495,0.4766,0.8808 , 0.6459,0.3949,<LOD,2.0246,0.1332,170.1523 , 12.4194,21.6475,568856.1250 , 2034.3170,<LOD,0.8655,0.1666,309.7322 , 18.2080,0.9032,<LOD,1.4377,1.9737,190.1466 , 21.5688,0.8409,<LOD,9.2630,0.7589,27.5740 , 2.7442,2.2992,<LOD,2.6970,0.3832,868.6489 , 19.7329,3.8337,<LOD,0.0000,0.0000,5.5630 , 1.4069,0.4034,324.2214 , 21.3685,0.6411,4863.1284 , 1651.1437,0.0451,<LOD,15.0989,0.3335,<LOD,0.7694,8.4998,6.0248 , 0.4120,5.0873,<LOD,3.6457,0.2721,359.2231 , 79.1227,0.1844,<LOD,0.8410,0.3398,<LOD,0.8216,0.7088,1.4537 , 0.3691,0.5072,<LOD,0.0000,0.0000,1185.9572 , 31.1223,0.8295,<LOD,2.6389,5.7736,<LOD,0.5367,0.2408,399055.8125 , 582.7587,58.1547,3.6053 , 1.4205,4.5696,5.5847 , 0.2515,1.4306,<LOD,0.0000,0.0000,<LOD,0.6734,0.2895,8871.2090 , 33.1397,45.3243,<LOD,0.7425,0.4017,67.4719 , 8.6920,6.2742,<LOD,4.1806,0.2039,<LOD,0.4973,1.6681,<LOD,1.5475,0.2403,169.9380 , 0.9946,25.8414,8,388.299988,39.008202,-122.667145,10.000000,528819.187500,4317739.500000,
1444,Mining,122.89,32.61,30.19,30.00,30.09,"Fri May 1, 2026 - 11:47:27",User,1.5,ppm,,,,,,Mining,<LOD,1.0165,0.8953,25875.7422 , 635.3743,0.7044,<LOD,1.5370,0.4924,<LOD,2.1525,0.1263,118.4406 , 14.1781,19.8623,609101.4375 , 2475.7529,<LOD,0.9376,0.1634,4528.9521 , 59.1557,7.8861,<LOD,1.6276,1.8518,<LOD,29.8398,0.6429,<LOD,23.5699,4.3579,41.4343 , 3.1232,2.4936,8.2217 , 2.2297,0.5018,7911.0386 , 55.8747,27.6507,<LOD,0.0000,0.0000,<LOD,1.9976,0.2872,990.8069 , 32.0327,1.1790,6574.4619 , 2210.0320,0.0694,<LOD,18.9975,0.4873,<LOD,0.8401,8.3480,3.1645 , 0.4261,4.4453,<LOD,4.6398,0.3319,377.4903 , 92.7560,0.2188,7.3981 , 0.7686,0.4727,<LOD,0.9579,0.7146,5.8292 , 0.4877,0.8357,<LOD,0.0000,0.0000,45818.1250 , 160.7638,21.7568,<LOD,3.0471,5.6517,<LOD,0.5827,0.2386,292085.1562 , 581.1657,38.2992,<LOD,3.0371,4.4216,7.6410 , 0.2835,1.5166,<LOD,0.0000,0.0000,3.0134 , 0.5341,0.4005,6246.4385 , 30.8434,29.7073,<LOD,0.8394,0.4377,60.2520 , 8.2181,4.2969,<LOD,4.7458,0.2214,1.3530 , 0.3964,1.9731,17.3112 , 1.7663,0.6041,216.2671 , 1.1729,28.7525,4,388.100006,39.008045,-122.666916,10.000000,528839.062500,4317722.000000,
1445,Mining,123.06,32.63,30.15,30.21,30.07,"Fri May 1, 2026 - 11:50:17",User,1.5,ppm,,,,,,Mining,<LOD,0.9770,0.9472,25385.6543 , 667.4620,0.7140,<LOD,1.7345,0.5245,<LOD,2.2497,0.1386,132.8728 , 13.8038,21.8216,549156.1250 , 2613.9373,<LOD,0.9780,0.1784,7072.9751 , 69.5917,12.2345,<LOD,1.5769,1.9931,<LOD,32.9138,0.6915,<LOD,14.9986,1.7001,23.6292 , 2.8262,2.1661,4.4407 , 2.1746,0.4766,2562.4089 , 33.4380,9.4573,<LOD,0.0000,0.0000,<LOD,2.0686,0.3034,1625.5623 , 35.3083,1.6984,5920.2612 , 2246.3809,0.0653,<LOD,20.3234,0.5273,<LOD,0.8510,8.5716,5.6778 , 0.4434,4.8407,<LOD,4.4580,0.3370,328.3623 , 93.1425,0.1935,8.1583 , 0.7906,0.5021,<LOD,0.9160,0.7476,18.2317 , 0.6717,1.7945,<LOD,0.0000,0.0000,33902.8086 , 148.3652,16.2277,<LOD,2.9555,6.1031,<LOD,0.6101,0.2621,366516.5938 , 656.8743,51.5211,<LOD,3.5439,4.8444,3.4551 , 0.2450,1.1380,<LOD,0.0000,0.0000,2.6794 , 0.5528,0.4288,7029.0269 , 31.5898,33.4769,<LOD,1.1872,0.5019,67.5955 , 8.1982,4.7787,<LOD,5.1507,0.2620,2.5035 , 0.4331,2.3361,14.3297 , 1.7348,0.5822,216.6296 , 1.1918,29.7074,6,388.399994,39.008133,-122.667053,10.000000,528827.187500,4317732.000000,
1446,Mining,122.89,32.60,30.07,30.11,30.11,"Fri May 1, 2026 - 11:53:11",User,1.5,ppm,,,,,,Mining,<LOD,1.3702,0.8875,14256.6670 , 653.0352,0.4819,<LOD,3.2926,1.7302,<LOD,3.2083,0.1516,253.7174 , 19.4735,20.2561,526362.0625 , 3129.8044,<LOD,1.4939,0.2240,8042.5078 , 98.6799,13.4489,<LOD,2.1345,1.7134,<LOD,33.8189,0.6732,<LOD,63.8293,26.9749,33.8092 , 4.2532,2.6757,10.5132 , 2.8063,0.4482,54146.9414 , 171.1923,175.3773,<LOD,0.0000,0.0000,<LOD,4.0687,0.3239,1401.8033 , 46.2969,1.5440,<LOD,4556.9073,0.0597,<LOD,23.8284,0.6535,<LOD,1.0773,6.9536,4.8437 , 0.5452,3.6951,<LOD,8.2968,0.3517,477.2270 , 106.1672,0.2417,115.0776 , 2.2936,2.2695,<LOD,1.2210,0.6309,7.6812 , 0.6427,0.7716,<LOD,0.0000,0.0000,44057.4961 , 172.9085,20.2370,<LOD,4.0676,5.3618,<LOD,0.8170,0.2534,342692.5938 , 670.1467,45.7334,4.9782 , 2.1884,4.2755,21.4604 , 0.4706,2.1784,<LOD,0.0000,0.0000,4.3007 , 0.8769,0.5675,7186.4473 , 42.6277,33.1854,<LOD,1.0800,0.3794,62.3201 , 11.4051,4.7764,<LOD,0.0000,0.1996,3.7309 , 0.5776,2.1350,<LOD,3.3827,0.3700,251.9592 , 1.5364,24.6866,8,392.100006,39.008224,-122.667030,10.000000,528828.875000,4317742.000000,
1447,Mining,122.89,32.59,30.11,30.09,30.10,"Fri May 1, 2026 - 11:55:39",User,1.5,ppm,,,,,,Mining,<LOD,1.2817,0.8330,11517.5596 , 593.3768,0.4240,<LOD,3.1201,1.6574,<LOD,3.0491,0.1488,245.6022 , 18.2229,19.3622,556613.1250 , 2782.3188,<LOD,1.4159,0.2196,8133.6504 , 104.9107,13.5674,<LOD,1.9895,1.5955,<LOD,33.8221,0.6781,<LOD,57.3572,21.6162,39.1682 , 4.6619,2.9137,10.6701 , 2.7331,0.4609,43318.6328 , 142.3306,140.3456,<LOD,0.0000,0.0000,6.1397 , 1.8896,0.3544,1817.7538 , 53.7661,1.8788,<LOD,3898.9651,0.0577,<LOD,23.0494,0.6075,<LOD,1.0398,7.1461,4.6659 , 0.5279,3.8233,<LOD,7.5417,0.3439,518.4016 , 111.3766,0.2690,110.6973 , 2.1994,2.2881,<LOD,1.1330,0.5813,7.2659 , 0.6126,0.7651,<LOD,0.0000,0.0000,50738.1055 , 181.8066,23.3741,<LOD,3.7913,4.9995,<LOD,0.8123,0.2722,319461.8125 , 633.2999,41.9686,<LOD,5.0527,4.0181,19.1667 , 0.4427,2.1201,<LOD,0.0000,0.0000,2.4968 , 0.8168,0.5306,7106.8115 , 44.6328,32.8590,<LOD,1.0416,0.3804,77.0749 , 12.2034,4.8852,<LOD,6.1914,0.2277,1.9355 , 0.5429,2.0678,6.1178 , 1.9003,0.4230,243.1367 , 1.4569,25.1152,8,395.399994,39.008209,-122.667068,10.000000,528826.125000,4317740.500000,
1448,Mining,120.26,30.26,30.06,30.10,29.84,"Fri May 1, 2026 - 11:58:38",User,1.5,ppm,,,,,,Mining,<LOD,1.0130,0.9689,19792.2285 , 545.1413,0.5619,<LOD,1.3018,0.5385,<LOD,2.2397,0.1350,309.0274 , 14.3340,24.3211,590968.0000 , 2173.1230,<LOD,0.9938,0.1824,732.9041 , 26.5896,1.6019,<LOD,1.5799,1.8943,<LOD,31.2218,0.7232,<LOD,16.0396,1.9011,26.6755 , 2.9110,2.2957,12.0355 , 2.3281,0.5374,3182.5083 , 36.7419,11.4477,<LOD,0.0000,0.0000,14.6397 , 1.7486,0.5277,1722.8981 , 36.0432,1.7323,4382.9141 , 1676.9425,0.0424,<LOD,18.1786,0.4148,<LOD,0.8354,8.2033,5.9244 , 0.4439,4.8155,<LOD,4.3311,0.3071,640.6038 , 93.0919,0.2458,10.3947 , 0.8277,0.5446,<LOD,0.9231,0.7179,12.1420 , 0.5955,1.3149,<LOD,0.0000,0.0000,1853.4869 , 36.6137,1.0814,<LOD,2.9571,5.8011,<LOD,0.6040,0.2545,368807.3438 , 574.1176,48.4259,<LOD,2.6843,4.4974,14.7753 , 0.3471,2.2646,<LOD,0.0000,0.0000,<LOD,1.3152,0.3672,7251.1240 , 31.1174,34.4759,<LOD,0.9200,0.5112,84.5579 , 8.4463,5.0670,<LOD,4.8171,0.2252,0.8320 , 0.4059,2.0302,<LOD,2.0680,0.3588,174.9935 , 1.0622,24.4700,8,395.100006,39.008236,-122.667168,10.000000,528817.000000,4317743.000000,
1449,Mining,120.30,30.10,30.03,30.09,30.08,"Fri May 1, 2026 - 12:01:07",User,1.5,ppm,,,,,,Mining,<LOD,1.0296,0.9074,18452.7676 , 546.9359,0.5244,<LOD,1.3432,0.5270,<LOD,2.2985,0.1326,332.7788 , 14.9673,24.2062,600564.1250 , 2180.9614,<LOD,1.0085,0.1745,439.5098 , 23.1561,1.0652,<LOD,1.6244,1.8135,<LOD,30.9295,0.6505,<LOD,15.0398,1.5532,22.8825 , 2.8376,1.9548,4.9053 , 2.2120,0.4518,2712.1462 , 34.1819,9.2079,<LOD,0.0000,0.0000,14.6392 , 1.7683,0.5023,1461.3794 , 34.8532,1.4413,2614.1831 , 1649.2593,0.0377,<LOD,18.1165,0.3813,<LOD,0.8426,7.7839,5.6248 , 0.4451,4.5135,<LOD,4.3929,0.2982,545.8376 , 87.0208,0.1969,12.1354 , 0.8649,0.5554,<LOD,0.9548,0.6988,15.5329 , 0.6383,1.4555,<LOD,0.0000,0.0000,1329.9144 , 33.1229,0.8053,<LOD,3.0562,5.5961,<LOD,0.6256,0.2556,364129.9375 , 568.7647,44.2920,<LOD,3.8094,4.5056,14.4683 , 0.3464,2.1056,<LOD,0.0000,0.0000,1.0659 , 0.5419,0.3583,7068.5498 , 30.8062,31.2784,<LOD,0.9183,0.4747,75.9086 , 8.4171,4.5389,<LOD,4.9269,0.2197,0.7784 , 0.4163,1.9852,<LOD,2.0384,0.3247,180.9101 , 1.0783,23.6298,8,397.100006,39.008347,-122.667130,10.000000,528820.750000,4317755.500000,
1450,Mining,122.80,32.54,30.11,30.15,30.00,"Fri May 1, 2026 - 12:08:25",User,1.5,ppm,,,,,,Mining,<LOD,1.5336,0.6094,126459.4688 , 2329.4565,2.7255,<LOD,1.8117,0.3212,<LOD,3.4429,0.1049,476.4488 , 22.6682,16.2899,447937.8750 , 5847.7368,<LOD,1.5190,0.1407,35747.6250 , 241.5159,44.0106,<LOD,2.3110,1.0857,<LOD,42.6873,0.7085,<LOD,65.3643,15.6369,124.5968 , 6.7611,3.4926,10.4686 , 3.0955,0.3298,44262.4375 , 187.1659,101.5109,<LOD,0.0000,0.0000,5.5445 , 2.1746,0.2532,9535.6348 , 120.3352,6.2633,22720.1055 , 3748.4929,0.0826,1165.0952 , 38.7852,2.2743,<LOD,1.3289,4.2771,5.3628 , 0.6228,2.7409,<LOD,8.8456,0.2792,1829.7976 , 170.4139,0.4746,14.0646 , 1.2427,0.3999,<LOD,1.4004,0.4567,37.1624 , 1.2159,1.8046,<LOD,0.0000,0.0000,17371.7148 , 117.7906,6.1897,<LOD,4.4688,3.4939,<LOD,0.9239,0.1944,285700.9062 , 719.0249,27.1653,18.8333 , 2.4909,3.1067,356.3546 , 1.9621,19.0215,<LOD,0.0000,0.0000,2.4437 , 0.8391,0.3009,5868.2793 , 50.0854,19.6321,3.1509 , 1.1477,0.5838,187.0921 , 14.3584,3.6597,<LOD,7.7946,0.2017,13.0064 , 0.7374,2.1077,36.9694 , 2.8467,0.5309,109.5609 , 1.3798,12.0423,8,396.799988,39.008270,-122.667030,10.000000,528829.000000,4317747.000000,
1451,Mining,122.67,32.57,30.02,30.03,30.05,"Fri May 1, 2026 - 12:12:07",User,1.5,ppm,,,,,,Mining,<LOD,1.6032,0.6175,112799.6953 , 2328.1956,2.4517,<LOD,1.8039,0.3035,<LOD,3.6342,0.1096,523.8387 , 23.5943,16.4391,458991.7500 , 6011.3428,<LOD,1.5991,0.1471,34400.5195 , 247.4196,41.3721,<LOD,2.3762,1.0590,<LOD,44.6068,0.7176,<LOD,67.4521,15.9681,127.1338 , 7.3131,3.6108,9.6684 , 3.1475,0.3208,47257.8281 , 193.6932,105.6902,<LOD,0.0000,0.0000,6.9108 , 2.2128,0.2497,10003.3760 , 128.8879,6.3798,20519.0352 , 3999.0789,0.0845,1253.1534 , 40.1880,2.3552,<LOD,1.1503,4.1800,5.4461 , 0.6371,2.6791,<LOD,9.0391,0.2653,3615.7041 , 225.1791,0.8136,11.6803 , 1.2237,0.3629,<LOD,1.4075,0.4250,34.7226 , 1.2120,1.6612,<LOD,0.0000,0.0000,32340.3809 , 165.0510,11.1827,<LOD,4.6665,3.5588,<LOD,0.9778,0.2062,271271.8125 , 712.1717,25.3575,18.2497 , 2.5708,3.0582,366.5575 , 2.0098,18.8238,<LOD,0.0000,0.0000,<LOD,2.0655,0.2825,6095.5005 , 54.7369,20.2691,3.6244 , 1.1821,0.5807,177.7912 , 15.4703,3.7371,<LOD,7.6041,0.1799,12.8907 , 0.7444,2.0138,36.1004 , 2.8789,0.5107,116.6462 , 1.4304,12.1385,10,399.700012,39.008305,-122.666985,10.000000,528832.750000,4317751.000000,
1452,Mining,120.54,30.11,30.13,30.10,30.20,"Fri May 1, 2026 - 12:15:26",User,1.5,ppm,,,,,,Mining,<LOD,1.5808,0.5739,104112.6406 , 2267.9758,2.2723,<LOD,1.8002,0.3218,<LOD,3.4785,0.1018,500.8141 , 24.0565,16.2408,483876.6250 , 5931.5850,<LOD,1.5827,0.1456,31572.8184 , 242.6146,39.5629,<LOD,2.4513,1.0886,<LOD,46.5153,0.7957,<LOD,71.8300,20.1193,117.5721 , 7.3351,3.7141,24.4364 , 3.4842,0.4020,57699.3594 , 220.2102,134.6446,<LOD,0.0000,0.0000,10.2067 , 2.3281,0.2805,9229.9736 , 127.4340,6.1600,23154.6074 , 4192.1934,0.0894,677.7603 , 31.9110,1.6472,<LOD,1.1358,4.0840,4.3223 , 0.6331,2.6526,<LOD,9.6643,0.2905,2194.6819 , 189.3675,0.5603,9.1021 , 1.1777,0.3405,<LOD,1.4319,0.4234,40.6786 , 1.2786,1.8931,<LOD,0.0000,0.0000,32288.1523 , 166.6248,11.5646,<LOD,4.7749,3.5759,<LOD,0.9268,0.1851,248716.2188 , 705.7997,23.5136,18.2082 , 2.6290,3.0681,348.6777 , 1.9501,17.9077,<LOD,0.0000,0.0000,2.9045 , 0.8700,0.3046,5038.2871 , 50.7238,17.5193,5.0043 , 1.1990,0.6031,155.4505 , 14.5697,3.3321,<LOD,8.0699,0.2065,14.3257 , 0.7651,2.1429,74.4411 , 3.4949,0.7674,112.7475 , 1.4017,11.7283,10,395.600006,39.008293,-122.666908,10.000000,528839.687500,4317749.500000,
1453,Mining,120.64,30.13,30.19,30.17,30.15,"Fri May 1, 2026 - 12:18:05",User,1.5,ppm,,,,,,Mining,<LOD,1.5303,0.6037,124834.0703 , 2304.8352,2.6924,<LOD,2.7574,0.3777,<LOD,3.3446,0.1043,467.5822 , 22.8945,16.4119,447578.4688 , 5863.6069,<LOD,1.4463,0.1349,35410.9453 , 257.8825,46.8186,<LOD,2.3244,1.0928,<LOD,41.9744,0.7435,<LOD,69.2906,20.2792,133.8183 , 7.2854,3.8494,22.4222 , 3.3012,0.3999,54381.0938 , 227.2387,132.9533,<LOD,0.0000,0.0000,19.7148 , 2.4755,0.3653,9247.5732 , 126.5992,6.5163,33042.1016 , 4040.1106,0.0998,597.0427 , 30.0796,1.5746,<LOD,1.0913,4.2305,4.9915 , 0.6096,2.7561,<LOD,9.1299,0.2822,1874.3915 , 164.3403,0.4805,9.5106 , 1.1405,0.3549,<LOD,1.3757,0.4378,40.8349 , 1.2343,1.9716,<LOD,0.0000,0.0000,14760.4062 , 108.9276,5.6591,<LOD,4.5092,3.5361,<LOD,0.9068,0.1991,270916.5312 , 728.9506,27.0948,18.6511 , 2.5128,3.1422,311.8552 , 1.8344,17.0744,<LOD,0.0000,0.0000,1.9207 , 0.7914,0.2784,5917.9424 , 53.3249,21.0929,2.9509 , 1.1247,0.5863,197.4733 , 15.3891,3.9633,<LOD,7.6170,0.2038,12.7506 , 0.7272,2.1478,86.3243 , 3.5677,0.8854,108.6561 , 1.3393,11.7746,10,395.000000,39.008286,-122.666924,10.000000,528838.500000,4317749.000000,
1454,Mining,1.22,1.22,,,,"Fri May 1, 2026 - 12:18:54",User,1.5,ppm,,,,,,Mining,<LOD,123.3980,27.6872,,,,<LOD,30.1133,0.1633,<LOD,5.6272,-0.0005,,,,940653.4375 , 6921.7334,<LOD,31.7251,0.1628,,,,<LOD,134.3391,29.0442,,,,<LOD,1298.5668,18.1071,<LOD,1724.1804,1.0964,<LOD,63.8761,0.1618,50524.2695 , 2548.8430,117.1230,<LOD,0.0000,0.0000,<LOD,163.2607,0.7808,,,,,,,<LOD,1084.4927,1.1990,<LOD,20.6632,3.7691,<LOD,26.1154,3.5230,<LOD,158.4894,0.1631,,,,<LOD,46.0088,0.4813,<LOD,138.8657,30.2349,<LOD,66.9495,2.1260,<LOD,0.0000,0.0000,,,,<LOD,234.7080,34.3056,<LOD,0.4215,-0.0007,,,,<LOD,158.4811,23.4349,271.1352 , 31.1631,15.5055,<LOD,0.0000,0.0000,<LOD,26.4125,0.3206,8451.7666 , 3639.6443,3.8602,<LOD,65.5549,1.1462,<LOD,2078.3447,1.1477,<LOD,20.2222,-0.0009,<LOD,24.1941,1.8021,<LOD,2.8049,-0.0011,99.3705 , 25.4333,11.4743,9,395.000000,39.008282,-122.666924,10.000000,528838.250000,4317748.500000,
1455,Mining,122.85,32.55,30.18,30.11,30.01,"Fri May 1, 2026 - 12:22:33",User,1.5,ppm,,,,,,Mining,<LOD,1.4888,0.6169,138856.4219 , 2372.9141,2.9765,<LOD,1.4641,0.2394,<LOD,3.0366,0.0946,421.1298 , 21.7159,15.8711,433342.0625 , 5873.9795,<LOD,1.3305,0.1253,42266.8086 , 258.0519,54.7238,<LOD,2.2692,1.1330,<LOD,39.2788,0.6568,<LOD,61.4952,15.9800,110.1442 , 6.1477,3.2911,13.4615 , 2.9651,0.3512,43739.8164 , 196.3554,104.4113,<LOD,0.0000,0.0000,<LOD,3.3704,0.2084,8344.5049 , 108.5445,5.8161,35124.1602 , 3877.0750,0.1002,634.6441 , 29.8676,1.5470,<LOD,1.0279,4.1653,4.4623 , 0.5773,2.7466,<LOD,8.2143,0.2742,1054.2920 , 129.6733,0.2923,6.3630 , 1.0155,0.3086,<LOD,1.3222,0.4352,36.6115 , 1.1366,1.8388,<LOD,0.0000,0.0000,5865.0806 , 69.6963,2.3838,<LOD,4.3008,3.4676,<LOD,0.8334,0.1848,284771.2188 , 738.2328,28.0839,18.1993 , 2.4029,3.0995,330.6828 , 1.8485,18.4896,<LOD,0.0000,0.0000,3.2111 , 0.7586,0.2962,4699.9673 , 43.4992,16.3163,2.4776 , 1.0431,0.5637,167.6933 , 12.5558,3.1610,<LOD,7.2203,0.2003,13.8547 , 0.6980,2.1975,73.6100 , 3.2442,0.7990,99.1416 , 1.2652,11.5984,9,394.399994,39.008278,-122.666916,10.000000,528838.812500,4317748.000000,
1456,Mining,120.60,30.24,30.11,30.07,30.18,"Fri May 1, 2026 - 12:25:07",User,1.5,ppm,,,,,,Mining,<LOD,1.4840,0.5972,131171.8438 , 2337.5225,2.8252,<LOD,1.6154,0.2921,<LOD,3.1428,0.0935,458.0015 , 21.9330,15.9453,432539.5938 , 5817.5703,<LOD,1.4045,0.1290,40326.1680 , 258.2690,52.2352,<LOD,2.3007,1.1415,<LOD,41.3204,0.6948,<LOD,65.6865,17.3328,120.4217 , 6.6405,3.5572,26.7288 , 3.3586,0.4179,47127.9531 , 205.6534,112.3370,<LOD,0.0000,0.0000,<LOD,3.5643,0.2087,8752.1904 , 114.9554,6.0827,28965.5469 , 3887.7539,0.0924,465.6254 , 28.1483,1.3040,<LOD,1.0785,4.2027,5.1857 , 0.6089,2.8048,<LOD,8.6976,0.2751,1322.8260 , 145.9193,0.3610,6.1695 , 1.0529,0.3062,<LOD,1.3618,0.4524,38.7864 , 1.2158,1.9324,<LOD,0.0000,0.0000,11441.7617 , 96.4793,4.3530,<LOD,4.3540,3.4997,<LOD,0.8586,0.1808,290701.8750 , 745.5927,29.0212,21.0521 , 2.4200,3.0768,359.8343 , 1.9845,19.7826,<LOD,0.0000,0.0000,2.8253 , 0.7903,0.2921,5762.6211 , 49.3559,19.9508,4.3814 , 1.1324,0.6133,196.6960 , 14.1778,3.7687,<LOD,7.4205,0.1957,14.4260 , 0.7337,2.2341,62.2580 , 3.1894,0.7153,105.2505 , 1.3467,12.1376,8,394.600006,39.008274,-122.666916,10.000000,528839.062500,4317747.500000,
1457,Mining,124.58,34.30,30.01,30.08,30.19,"Fri May 1, 2026 - 12:28:37",User,1.5,ppm,,,,,,Mining,<LOD,3.1187,0.6433,365072.5312 , 2446.2349,2.3450,<LOD,0.0711,0.0006,<LOD,0.2282,0.0004,1395.5576 , 56.1639,16.8240,1856.7657,,<LOD,0.0947,0.0005,84933.8594 , 1677.1617,43.7667,<LOD,4.5534,1.0712,<LOD,96.4092,0.7223,58.6937 , 4.4411,0.0911,285.5220 , 21.0447,3.8610,<LOD,1.5522,0.0295,<LOD,13.4957,0.1652,<LOD,0.0000,0.0000,<LOD,0.4725,0.0021,16142.8125 , 394.6620,5.5208,82038.6719 , 7232.0806,0.1094,652.2630 , 35.7654,0.7691,<LOD,0.0045,0.0000,<LOD,0.0041,0.0000,4.3013 , 2.1425,0.0524,4855.3691 , 382.0528,0.5398,<LOD,0.0487,0.0002,<LOD,2.7877,0.4589,<LOD,0.0110,-0.0001,<LOD,0.0000,0.0000,81323.9062 , 1377.1603,16.9526,<LOD,8.8833,3.5662,<LOD,0.0774,0.0008,349407.4688 , 3297.7939,23.3867,31.8237 , 4.8898,3.0694,<LOD,0.0033,-0.0000,<LOD,0.0000,0.0000,<LOD,0.0485,0.0000,11598.8623 , 310.5101,18.8084,<LOD,0.0380,0.0001,341.5962 , 39.9701,3.5084,<LOD,2.2216,0.0130,<LOD,0.0092,0.0001,<LOD,0.7526,0.0132,<LOD,0.0048,-0.0000,7,394.899994,39.008266,-122.666924,10.000000,528838.375000,4317746.500000,
1458,Mining,120.23,30.14,30.28,30.02,29.79,"Fri May 1, 2026 - 12:31:04",User,1.5,ppm,,,,,,Mining,<LOD,1.7290,0.6174,97790.3906 , 2389.8809,2.1430,<LOD,1.9373,0.3194,<LOD,3.5302,0.0927,557.7114 , 25.5858,16.3877,478087.7188 , 6500.2520,<LOD,1.5501,0.1241,33861.9961 , 272.6517,41.0112,<LOD,2.5606,1.0545,<LOD,44.7799,0.6985,<LOD,76.3468,21.2575,124.2917 , 8.5206,3.9731,14.5340 , 3.4027,0.3417,64437.9805 , 244.0062,143.9895,<LOD,0.0000,0.0000,9.5415 , 2.3484,0.2540,8326.6807 , 134.1211,5.4695,28618.7070 , 4659.8857,0.1015,387.2360 , 28.1313,1.1966,<LOD,1.2837,3.9243,5.6787 , 0.6564,2.5315,23.1580 , 7.0047,0.3097,2080.3833 , 184.7955,0.5129,13.3701 , 1.3096,0.3748,<LOD,1.5617,0.4526,35.3238 , 1.2424,1.5597,<LOD,0.0000,0.0000,43871.3438 , 197.4270,15.2865,<LOD,5.0245,3.5094,<LOD,1.0038,0.1995,235276.7969 , 695.8524,21.5708,15.2443 , 2.7634,3.0116,411.2212 , 2.2109,19.6215,<LOD,0.0000,0.0000,2.1494 , 0.8534,0.2594,5683.9033 , 59.0113,18.9671,2.1631 , 1.2179,0.5512,191.3786 , 17.1803,3.6811,<LOD,8.1388,0.1861,12.6077 , 0.7640,1.8933,46.6810 , 3.1454,0.5546,111.7997 , 1.4735,11.4228,7,395.299988,39.008270,-122.666931,10.000000,528837.812500,4317747.000000,
1459,Mining,123.01,32.84,30.01,30.09,30.07,"Fri May 1, 2026 - 12:34:06",User,1.5,ppm,,,,,,Mining,<LOD,1.7676,0.6138,66719.0000 , 1821.7981,1.5025,<LOD,2.0437,0.3351,<LOD,3.9459,0.1049,530.7067 , 25.7512,15.6997,568415.8125 , 5544.1177,<LOD,1.7051,0.1358,24774.5996 , 240.3247,30.1791,<LOD,2.6726,1.1062,<LOD,44.2979,0.7632,<LOD,82.7231,24.1890,118.4334 , 8.6907,4.0881,17.8754 , 3.6860,0.3627,72716.6250 , 225.2623,165.4343,<LOD,0.0000,0.0000,15.6138 , 2.6519,0.2988,9346.5332 , 144.5233,6.0301,17988.9883 , 4256.0698,0.0872,382.8123 , 29.0057,1.2413,<LOD,1.2577,3.9699,6.3787 , 0.7069,2.6402,29.3097 , 7.4839,0.2877,4282.2261 , 234.8530,0.9764,10.7289 , 1.3315,0.3482,<LOD,1.5817,0.4411,36.7516 , 1.3213,1.5925,<LOD,0.0000,0.0000,55378.0508 , 205.0479,19.3170,<LOD,5.0955,3.4244,<LOD,1.0373,0.1857,173885.9062 , 586.9333,15.2722,19.6996 , 2.8193,2.9866,400.8426 , 2.1573,18.7715,<LOD,0.0000,0.0000,<LOD,2.1792,0.2587,4575.6782 , 55.0202,15.7864,2.5742 , 1.2976,0.5607,157.4232 , 16.1936,3.1809,<LOD,8.5552,0.1854,14.3332 , 0.8244,1.9848,56.5004 , 3.4821,0.6146,116.5778 , 1.5366,11.4260,8,407.200012,39.008266,-122.667061,10.000000,528826.375000,4317746.500000,
1460,Mining,120.37,30.11,30.02,30.15,30.09,"Fri May 1, 2026 - 12:36:38",User,1.5,ppm,,,,,,Mining,<LOD,2.0119,0.6349,70784.2188 , 1948.5717,1.5865,<LOD,1.9410,0.2931,<LOD,3.9579,0.1072,529.9130 , 26.6315,15.6928,559148.2500 , 5783.9834,<LOD,1.7897,0.1523,25299.9297 , 245.7456,30.6079,<LOD,2.7062,1.0495,<LOD,45.9640,0.7656,<LOD,81.8929,23.9393,106.4551 , 8.7161,3.9600,17.8997 , 3.6452,0.3605,71875.2891 , 229.8236,163.0283,<LOD,0.0000,0.0000,22.4729 , 2.7960,0.3448,8886.1377 , 143.4905,5.7423,18550.6289 , 4418.9243,0.0885,386.5325 , 29.0091,1.2498,<LOD,1.4050,4.0153,5.6872 , 0.6953,2.5866,23.0746 , 7.3729,0.2826,3634.6650 , 232.8683,0.8808,10.2773 , 1.3135,0.3442,<LOD,1.6142,0.4282,35.5020 , 1.3013,1.5568,<LOD,0.0000,0.0000,57116.6406 , 215.8413,19.8764,<LOD,5.2361,3.3565,<LOD,1.0467,0.1932,178415.0625 , 611.7780,15.6984,18.3469 , 2.9105,2.9703,400.6430 , 2.1571,18.7810,<LOD,0.0000,0.0000,<LOD,1.8826,0.2665,4393.2920 , 56.7730,15.4538,2.8981 , 1.3029,0.5737,143.7220 , 16.3593,3.1161,<LOD,8.3753,0.1804,13.8433 , 0.8099,1.9472,64.7668 , 3.5915,0.6646,113.8580 , 1.5161,11.2696,8,406.000000,39.008274,-122.667007,10.000000,528831.125000,4317747.500000,
1461,Mining,120.49,30.21,30.07,30.15,30.06,"Fri May 1, 2026 - 14:19:55",User,1.5,ppm,,,,,,Mining,<LOD,1.1597,0.8656,47377.7422 , 882.1579,1.1435,<LOD,1.3076,0.3891,<LOD,2.5370,0.1303,294.3998 , 16.7835,21.8153,509691.6875 , 2827.0215,<LOD,1.0495,0.1530,987.9232 , 38.8183,2.1715,<LOD,1.8116,1.6832,141.2470 , 23.9270,0.8765,<LOD,42.6167,12.6966,61.4178 , 3.7848,3.0363,19.2260 , 2.6622,0.5436,25376.4297 , 105.3765,84.2666,<LOD,0.0000,0.0000,9.6186 , 1.7780,0.4028,6361.2266 , 73.2694,5.3750,9233.5615 , 2223.3044,0.0597,<LOD,23.1415,0.6517,<LOD,0.8780,6.5131,4.8867 , 0.4854,4.1493,<LOD,6.0053,0.3258,606.4956 , 96.5905,0.2393,7.3591 , 0.8765,0.4554,<LOD,1.0604,0.6486,40.9386 , 0.9823,2.9403,<LOD,0.0000,0.0000,16878.5801 , 99.8970,7.7105,<LOD,3.4398,5.2481,<LOD,0.6947,0.2546,377625.5000 , 639.4057,50.0533,<LOD,4.1050,4.2554,54.5906 , 0.6188,5.2792,<LOD,0.0000,0.0000,6.2149 , 0.6600,0.4914,4984.1133 , 31.2590,23.3840,<LOD,1.4122,0.5452,94.6240 , 8.7328,3.8278,<LOD,5.4853,0.2235,8.1287 , 0.5604,2.8281,7.8632 , 1.7690,0.4571,126.2338 , 1.0253,16.3785,8,415.899994,39.008175,-122.666626,10.000000,528864.062500,4317736.500000,
1462,Mining,122.82,32.51,30.07,30.12,30.12,"Fri May 1, 2026 - 14:22:24",User,1.5,ppm,,,,,,Mining,<LOD,1.1544,0.8361,50255.8477 , 950.2032,1.1979,<LOD,1.3562,0.3771,<LOD,2.6140,0.1288,323.3315 , 16.9385,21.7959,557287.1250 , 2995.5830,<LOD,1.1539,0.1718,1141.6884 , 46.1561,2.3949,<LOD,1.8302,1.6818,<LOD,37.4689,0.8769,<LOD,44.0559,12.7360,72.4033 , 4.4703,3.3399,21.7159 , 2.7929,0.5566,26444.5352 , 109.6921,84.6593,<LOD,0.0000,0.0000,5.6441 , 1.7373,0.3495,7645.3828 , 88.2899,6.2007,5622.5420 , 2428.9612,0.0641,<LOD,23.7469,0.6443,<LOD,0.9077,6.4173,4.4509 , 0.5037,4.1190,<LOD,6.3224,0.3415,1209.2740 , 130.4489,0.4232,8.9368 , 0.9295,0.4759,<LOD,1.0629,0.6364,46.4485 , 1.0521,3.1500,<LOD,0.0000,0.0000,39212.8359 , 155.6800,17.3949,<LOD,3.4785,5.2758,<LOD,0.6896,0.2279,305083.0000 , 620.8097,37.7216,4.4225 , 1.8725,4.2185,74.2358 , 0.7238,6.6532,<LOD,0.0000,0.0000,5.5917 , 0.6989,0.4950,5242.1289 , 36.1072,23.9917,<LOD,1.1291,0.5362,122.4182 , 10.2247,4.1179,<LOD,5.7626,0.2292,14.3282 , 0.6343,3.3873,15.6829 , 1.9749,0.5305,136.0486 , 1.0898,17.0322,8,415.700012,39.008183,-122.666649,10.000000,528862.187500,4317737.500000,
1463,Mining,123.34,32.77,30.29,30.12,30.16,"Fri May 1, 2026 - 14:25:15",User,1.5,ppm,,,,,,Mining,<LOD,1.2026,0.8844,52113.6445 , 926.1414,1.2448,<LOD,1.4303,0.4007,<LOD,2.8468,0.1433,418.8970 , 18.1328,24.7091,510431.1250 , 2788.7568,<LOD,1.2313,0.1841,934.9350 , 41.0696,2.1177,<LOD,1.9165,1.7947,<LOD,32.9826,0.7304,<LOD,51.3267,17.7735,86.0716 , 4.3535,3.4680,48.8345 , 3.3699,0.7700,35897.1875 , 127.4935,120.2464,<LOD,0.0000,0.0000,6.0196 , 1.8215,0.3606,5961.3496 , 76.9230,5.1701,<LOD,3142.5502,0.0456,<LOD,23.8764,0.6682,<LOD,0.9377,6.3342,3.6865 , 0.5081,3.8845,<LOD,6.9938,0.3562,1121.4042 , 121.6636,0.3953,8.2300 , 0.9721,0.4870,<LOD,1.1284,0.7025,46.5431 , 1.0955,3.1788,<LOD,0.0000,0.0000,25907.4375 , 123.9163,11.9809,<LOD,3.6574,5.6514,<LOD,0.7667,0.2680,360668.4062 , 622.1439,48.4467,<LOD,4.8097,4.5558,90.6487 , 0.8186,7.9473,<LOD,0.0000,0.0000,9.6371 , 0.7893,0.6179,5998.0923 , 37.0717,28.7456,<LOD,1.7401,0.5783,99.0638 , 10.2737,4.5586,<LOD,6.0973,0.2428,5.1533 , 0.5802,2.5846,6.7452 , 1.8698,0.4489,136.8941 , 1.1363,17.3368,8,413.700012,39.008144,-122.666603,10.000000,528865.812500,4317733.000000,
1464,Mining,120.68,30.28,30.12,30.14,30.14,"Fri May 1, 2026 - 14:27:47",User,1.5,ppm,,,,,,Mining,<LOD,1.1612,0.9152,51537.1523 , 905.1616,1.2350,<LOD,1.2785,0.3986,<LOD,2.5259,0.1398,361.6347 , 16.8045,23.6462,532426.1250 , 2715.1721,<LOD,1.0421,0.1630,893.3748 , 41.5410,2.1021,<LOD,1.8053,1.7660,<LOD,34.0382,0.7575,<LOD,40.6560,12.2764,89.9063 , 4.4466,3.6081,33.1518 , 2.8647,0.6806,23276.3359 , 99.3464,79.3731,<LOD,0.0000,0.0000,3.4360 , 1.6104,0.3463,6259.9941 , 79.7287,5.4635,<LOD,3186.5339,0.0496,<LOD,21.6080,0.5991,<LOD,0.8607,6.7248,4.9799 , 0.4747,4.2858,<LOD,5.8947,0.3525,1209.0577 , 128.0334,0.4285,7.4415 , 0.8620,0.4763,<LOD,1.0433,0.6599,44.9092 , 1.0018,3.3188,<LOD,0.0000,0.0000,28781.5469 , 133.3801,13.4945,<LOD,3.3962,5.3859,<LOD,0.6899,0.2709,348645.4688 , 633.5662,47.0472,5.8358 , 1.8460,4.4387,89.7379 , 0.7598,8.5286,<LOD,0.0000,0.0000,5.8061 , 0.6499,0.5120,6070.4048 , 37.5731,29.2734,<LOD,1.3320,0.5956,111.7659 , 10.4834,4.7188,<LOD,5.4873,0.2418,3.9150 , 0.5232,2.6258,5.6699 , 1.6944,0.4527,132.3339 , 1.0430,18.2529,9,413.100006,39.008148,-122.666672,10.000000,528859.937500,4317733.500000,
1465,Mining,122.84,32.57,30.11,30.09,30.07,"Fri May 1, 2026 - 14:30:48",User,1.5,ppm,,,,,,Mining,<LOD,1.3635,0.7798,43904.6250 , 945.3138,1.0547,<LOD,1.4608,0.3185,<LOD,2.8598,0.1132,433.4506 , 20.2761,21.2747,517914.5938 , 3035.6790,<LOD,1.2887,0.1579,722.1532 , 43.9314,1.6255,<LOD,2.1493,1.5466,<LOD,34.5378,0.6783,<LOD,53.4856,14.9812,78.8554 , 4.7843,3.0742,14.8768 , 2.8829,0.4391,34419.8398 , 124.4325,97.5816,<LOD,0.0000,0.0000,3.8738 , 1.8592,0.2914,8121.8027 , 95.2061,5.9100,3084.3806 , 2239.6387,0.0472,<LOD,25.6713,0.5993,<LOD,0.9932,5.6259,4.9131 , 0.5396,3.4625,<LOD,7.2936,0.3056,1167.7831 , 123.2561,0.3447,8.3171 , 1.0115,0.4135,<LOD,1.2706,0.6098,50.6698 , 1.1719,2.9019,<LOD,0.0000,0.0000,18623.6426 , 105.4268,7.3680,<LOD,4.0796,4.8035,<LOD,0.7700,0.2108,364818.5000 , 616.8345,41.4348,<LOD,5.0266,3.8815,24.2736 , 0.4890,2.2558,<LOD,0.0000,0.0000,8.3388 , 0.8081,0.4991,6301.2085 , 40.1932,25.4623,<LOD,1.7157,0.4409,139.4887 , 11.5390,4.2516,<LOD,6.4041,0.2097,4.0859 , 0.6044,2.1891,<LOD,2.6138,0.3034,150.3469 , 1.1882,15.0988,5,410.299988,39.007969,-122.666512,10.000000,528873.875000,4317714.000000,
1466,Mining,120.47,30.17,30.05,30.15,30.10,"Fri May 1, 2026 - 14:33:07",User,1.5,ppm,,,,,,Mining,<LOD,1.3046,0.7043,35146.8750 , 906.9550,0.8640,<LOD,1.5378,0.3462,<LOD,2.9259,0.1137,352.7702 , 19.1090,18.3451,621994.3750 , 3222.2021,<LOD,1.1998,0.1313,1048.8258 , 55.0643,2.0231,<LOD,2.0120,1.3255,<LOD,36.1876,0.6772,<LOD,53.9862,14.7359,91.6166 , 5.6713,3.3599,12.3522 , 2.8941,0.4251,34620.9922 , 126.7157,95.5805,<LOD,0.0000,0.0000,4.2692 , 1.9213,0.2998,7825.9146 , 107.7322,5.5785,<LOD,4061.7371,0.0534,<LOD,26.2578,0.6058,<LOD,1.0129,5.5976,4.7827 , 0.5549,3.5144,<LOD,7.3280,0.2931,1172.6848 , 133.9911,0.3719,9.0245 , 1.0500,0.4279,<LOD,1.1851,0.5211,51.9650 , 1.1936,2.8888,<LOD,0.0000,0.0000,48801.2773 , 173.6432,18.8734,<LOD,3.8977,4.3428,<LOD,0.7979,0.2189,243367.5938 , 585.1567,24.9300,12.3514 , 2.1306,3.6298,33.2856 , 0.5580,2.8188,<LOD,0.0000,0.0000,10.8977 , 0.8204,0.5249,4926.6045 , 41.1757,19.4213,<LOD,1.4056,0.4423,123.1030 , 12.0264,3.4297,<LOD,6.5718,0.2124,5.5990 , 0.6326,2.3152,<LOD,2.6701,0.3042,155.4236 , 1.2234,15.3158,6,410.299988,39.008087,-122.666534,10.000000,528871.937500,4317727.000000,
1467,Mining,120.61,30.19,30.17,30.10,30.15,"Fri May 1, 2026 - 14:36:22",User,1.5,ppm,,,,,,Mining,<LOD,0.9886,0.8883,18287.5625 , 544.7779,0.5315,<LOD,0.8727,0.2352,<LOD,2.2278,0.1352,221.5109 , 13.8867,21.2046,611574.3750 , 2133.3794,<LOD,0.8939,0.1483,301.7184 , 22.0305,0.8840,<LOD,1.5526,1.7610,<LOD,31.6784,0.7013,<LOD,20.0271,3.0636,44.7018 , 3.3211,2.5732,8.6106 , 2.2169,0.4926,5452.6245 , 46.1353,18.7801,<LOD,0.0000,0.0000,6.1000 , 1.5078,0.3860,1182.7775 , 34.8095,1.3074,<LOD,2608.6783,0.0401,<LOD,16.1279,0.3349,<LOD,0.7950,7.4689,4.6221 , 0.4287,4.5389,<LOD,4.3472,0.2983,558.0753 , 94.9806,0.2347,<LOD,0.8604,0.2955,<LOD,0.8925,0.6454,2.9509 , 0.4390,0.6214,<LOD,0.0000,0.0000,13944.8320 , 89.2102,6.4245,<LOD,4.5540,5.5697,<LOD,0.5863,0.2393,340036.7812 , 574.8721,43.3526,<LOD,3.8253,4.2895,5.9022 , 0.2660,1.3341,<LOD,0.0000,0.0000,1.4409 , 0.4830,0.3106,8124.1626 , 35.0247,37.7097,<LOD,0.8488,0.4407,93.2118 , 9.5919,5.4861,<LOD,4.5949,0.2069,<LOD,0.8490,1.7221,<LOD,1.9022,0.3066,148.0287 , 0.9634,20.3113,10,409.799988,39.008102,-122.666656,10.000000,528861.250000,4317728.500000,
1468,Mining,122.73,32.56,30.06,30.04,30.07,"Fri May 1, 2026 - 14:39:09",User,1.5,ppm,,,,,,Mining,<LOD,1.0837,0.9112,18529.4199 , 560.4562,0.5426,<LOD,0.9841,0.2395,<LOD,2.3357,0.1251,253.4551 , 15.3347,21.7397,606590.2500 , 3244.6055,<LOD,0.9934,0.1549,265.3609 , 23.2129,0.8629,<LOD,1.7117,1.8291,<LOD,30.5908,0.7171,<LOD,37.4520,10.5138,49.1885 , 3.6329,2.7800,16.5124 , 2.5523,0.5611,20305.0645 , 98.8138,70.5690,<LOD,0.0000,0.0000,<LOD,2.1969,0.2905,1386.1190 , 39.3431,1.5273,<LOD,4941.1047,0.0520,<LOD,18.9061,0.4616,<LOD,0.8674,7.3292,5.4497 , 0.4703,4.5213,<LOD,5.4115,0.3100,703.1442 , 97.3815,0.2727,<LOD,1.0164,0.3478,<LOD,0.9580,0.6340,3.7026 , 0.4833,0.6522,<LOD,0.0000,0.0000,23701.9727 , 117.3087,11.2615,4.4221 , 2.1459,5.7101,<LOD,0.6351,0.2387,316586.8438 , 665.4314,41.5807,<LOD,2.9201,4.2845,6.7073 , 0.2932,1.3522,<LOD,0.0000,0.0000,1.7501 , 0.5397,0.3245,8303.7178 , 40.9260,40.1173,<LOD,0.8941,0.4144,88.4573 , 10.4115,5.7827,<LOD,5.3740,0.2422,<LOD,0.5927,1.6319,<LOD,2.1161,0.3245,153.5675 , 1.0802,19.9073,10,410.000000,39.008110,-122.666656,10.000000,528861.500000,4317729.500000,
1469,Mining,122.96,32.52,30.19,30.12,30.13,"Fri May 1, 2026 - 14:43:07",User,1.5,ppm,,,,,,Mining,<LOD,1.2677,0.8546,33729.5469 , 817.9094,0.8653,<LOD,1.7038,0.5097,<LOD,3.1266,0.1602,283.2522 , 18.1867,20.6584,492438.1875 , 2916.6719,<LOD,1.2512,0.1755,2800.2458 , 64.9313,4.7544,<LOD,1.9536,1.6073,<LOD,32.8734,0.6567,<LOD,49.3755,14.6560,60.0995 , 4.5728,2.9836,19.5697 , 2.8593,0.5095,32139.9590 , 119.6186,98.2717,<LOD,0.0000,0.0000,34.9440 , 2.4449,0.6943,5924.4243 , 82.7297,4.7488,4759.5249 , 2266.7773,0.0525,<LOD,23.3535,0.5700,<LOD,0.9625,6.0989,5.0896 , 0.5213,3.7126,<LOD,6.7781,0.3206,558.0233 , 96.7562,0.2120,21.5065 , 1.1834,0.6732,<LOD,1.1703,0.6546,35.0229 , 0.9850,2.3196,<LOD,0.0000,0.0000,21270.3809 , 113.3139,9.0482,<LOD,3.7860,5.2878,<LOD,0.7989,0.2715,399257.2812 , 635.3920,50.6787,6.0975 , 2.0390,4.2240,16.1724 , 0.4121,1.8869,<LOD,0.0000,0.0000,4.1670 , 0.7217,0.4349,6369.6963 , 40.0471,27.4811,1.3844 , 0.8135,0.5321,115.3397 , 11.3428,4.3945,<LOD,0.0000,0.2176,2.1257 , 0.5363,2.0385,<LOD,2.4643,0.3229,147.9512 , 1.1308,16.0699,8,410.200012,39.008121,-122.666656,10.000000,528861.812500,4317730.500000,
1470,Mining,122.93,32.53,30.09,30.20,30.11,"Fri May 1, 2026 - 14:45:50",User,1.5,ppm,,,,,,Mining,<LOD,1.1604,0.8735,36079.7109 , 831.9111,0.9218,<LOD,1.5398,0.5354,<LOD,2.8282,0.1633,281.0331 , 16.5418,21.4238,489944.5000 , 2868.8711,<LOD,1.1360,0.1794,1621.2780 , 42.3326,2.9108,<LOD,1.8142,1.7083,<LOD,34.5555,0.6639,<LOD,33.3466,6.9781,39.1957 , 3.5020,2.4321,15.4965 , 2.5754,0.5043,14176.7344 , 78.6893,44.1151,<LOD,0.0000,0.0000,36.7406 , 2.3248,0.7749,4106.6890 , 58.1153,3.3725,3476.9263 , 2200.8914,0.0514,<LOD,21.7143,0.5090,<LOD,0.8880,6.7536,7.7724 , 0.4900,4.3015,<LOD,5.5400,0.3283,570.0724 , 102.9213,0.2225,17.6386 , 1.0356,0.6418,<LOD,1.0948,0.6993,39.0187 , 0.9524,2.7690,<LOD,0.0000,0.0000,21025.5449 , 117.7491,8.9426,<LOD,3.4321,5.3272,<LOD,0.7137,0.2674,420797.1250 , 667.7975,54.5502,6.0494 , 1.8548,4.2936,15.6128 , 0.3811,2.0307,<LOD,0.0000,0.0000,4.3672 , 0.6646,0.4711,7488.0308 , 36.3619,32.4003,<LOD,1.0956,0.5359,96.7636 , 9.7807,4.8385,<LOD,0.0000,0.2246,2.6274 , 0.5079,2.3053,<LOD,2.4150,0.3801,151.0568 , 1.0724,18.1783,7,410.799988,39.008163,-122.666710,10.000000,528856.875000,4317735.500000,
1471,Mining,120.06,30.30,30.14,30.03,29.59,"Fri May 1, 2026 - 14:51:47",User,1.5,ppm,,,,,,Mining,<LOD,1.3634,0.6867,133829.1094 , 2076.2983,2.8855,<LOD,1.4689,0.3106,<LOD,2.8417,0.1054,354.4014 , 19.2788,16.6337,431008.1875 , 4933.2925,<LOD,1.2199,0.1338,20542.5469 , 164.6225,26.3254,<LOD,2.0647,1.2491,<LOD,42.4779,0.6989,<LOD,46.8750,10.0497,145.9697 , 5.7577,3.6244,5.2667 , 2.5665,0.3287,25757.4062 , 125.9710,63.6037,<LOD,0.0000,0.0000,23.8206 , 2.2717,0.4413,9723.1992 , 106.4762,6.4855,14502.7676 , 3136.8745,0.0678,169.2955 , 21.0056,0.8058,<LOD,0.9764,4.9219,5.8788 , 0.5441,3.1826,<LOD,6.5673,0.2535,592.2534 , 118.1730,0.2091,9.8202 , 1.0032,0.3857,<LOD,1.1711,0.4494,38.7018 , 1.0843,2.1664,<LOD,0.0000,0.0000,14527.3496 , 109.8438,5.3728,<LOD,3.8994,3.8355,<LOD,0.7667,0.1993,340719.7188 , 770.1760,34.8299,11.0381 , 2.1398,3.2440,262.5702 , 1.4792,16.7527,<LOD,0.0000,0.0000,4.9967 , 0.7286,0.3687,7405.5874 , 48.1493,26.0604,3.0424 , 0.9879,0.6411,204.7846 , 13.2415,4.5454,<LOD,6.0855,0.1790,10.5842 , 0.6281,2.2862,9.9653 , 2.0088,0.3839,131.7493 , 1.2570,14.8940,8,405.700012,39.008175,-122.666321,10.000000,528890.812500,4317736.500000,
1472,Mining,120.80,30.17,30.25,30.14,29.32,"Fri May 1, 2026 - 14:54:19",User,1.5,ppm,,,,,,Mining,<LOD,1.4550,0.6797,134462.1719 , 2012.8179,2.9017,<LOD,1.6465,0.3560,<LOD,3.0817,0.1095,444.5211 , 21.2873,17.7974,420463.7188 , 4716.3384,<LOD,1.3337,0.1422,15953.9023 , 153.9048,21.7426,<LOD,2.1993,1.2227,<LOD,40.8544,0.6833,<LOD,60.2583,17.4052,158.0722 , 6.3139,4.1349,21.4452 , 3.0753,0.4260,43941.2578 , 171.7143,113.7762,<LOD,0.0000,0.0000,22.6465 , 2.4102,0.4357,9563.3672 , 111.7665,6.7005,7511.2935 , 2947.3577,0.0562,64.2792 , 19.7051,0.7466,<LOD,1.2995,5.1379,8.8208 , 0.5963,3.3606,<LOD,7.9218,0.2760,824.1440 , 121.3668,0.2416,11.2630 , 1.1087,0.4173,<LOD,1.3094,0.4933,44.5008 , 1.1941,2.3487,<LOD,0.0000,0.0000,15126.7256 , 110.7320,5.8200,<LOD,4.2241,3.8809,<LOD,0.8744,0.2348,343227.3125 , 749.5488,36.7603,10.3711 , 2.3175,3.2979,253.1842 , 1.4999,15.5661,<LOD,0.0000,0.0000,5.5969 , 0.7945,0.3843,7462.6470 , 50.3927,27.8763,3.4449 , 1.0412,0.6264,246.5655 , 14.4376,5.0933,<LOD,6.9793,0.2116,11.9565 , 0.6843,2.3753,4.7296 , 2.0177,0.3470,152.0762 , 1.3794,15.7333,8,403.000000,39.008186,-122.666306,10.000000,528891.812500,4317738.000000,
1473,Mining,123.07,32.69,30.13,30.13,30.12,"Fri May 1, 2026 - 14:57:05",User,1.5,ppm,,,,,,Mining,<LOD,1.3406,0.6713,147959.4844 , 2143.2859,3.1708,<LOD,1.4230,0.3019,<LOD,3.0368,0.1225,353.2124 , 19.1665,16.6657,412104.1562 , 5198.6182,<LOD,1.2469,0.1418,20520.7637 , 160.8587,26.8525,<LOD,2.0070,1.1841,<LOD,40.3812,0.6901,<LOD,46.9796,10.2444,144.1952 , 5.5241,3.6418,7.6635 , 2.6113,0.3449,25699.8008 , 131.5530,64.6485,<LOD,0.0000,0.0000,30.1286 , 2.4047,0.5056,8375.2734 , 96.2030,5.7243,25410.3438 , 3257.5325,0.0831,301.2029 , 23.4068,1.0203,<LOD,1.1000,5.0602,6.9574 , 0.5506,3.3199,<LOD,6.7440,0.2786,747.1392 , 115.1667,0.2246,7.4877 , 0.9559,0.3541,<LOD,1.2051,0.4850,36.4300 , 1.0568,2.0748,<LOD,0.0000,0.0000,5502.0537 , 67.6037,2.2208,<LOD,3.8529,3.7762,<LOD,0.7872,0.2096,344472.5938 , 790.4008,35.4794,13.3449 , 2.1334,3.2783,256.0001 , 1.4859,16.6307,<LOD,0.0000,0.0000,4.7958 , 0.7308,0.3698,7672.9790 , 48.4897,27.4659,1.6969 , 0.9707,0.6245,202.2671 , 12.8772,4.7201,<LOD,6.0915,0.1813,15.5326 , 0.6631,2.6074,26.4355 , 2.3183,0.5191,128.0703 , 1.2513,14.7522,6,403.399994,39.008190,-122.666328,10.000000,528889.937500,4317738.500000,
1474,Mining,120.41,30.00,30.11,30.23,30.07,"Fri May 1, 2026 - 14:59:48",User,1.5,ppm,,,,,,Mining,<LOD,1.3375,0.6595,150393.7656 , 2240.5496,3.2223,<LOD,1.4145,0.2759,<LOD,2.8679,0.1054,391.3166 , 19.3995,17.0211,400234.9062 , 5367.5210,<LOD,1.2828,0.1455,23150.6094 , 169.2833,30.4588,<LOD,2.0544,1.2371,<LOD,41.6408,0.6916,<LOD,49.0449,11.0060,138.9035 , 5.3594,3.5749,4.1269 , 2.5437,0.3176,27394.1094 , 142.3097,69.0789,<LOD,0.0000,0.0000,29.7626 , 2.4323,0.5001,8458.2910 , 94.6417,5.8361,26765.2344 , 3424.2153,0.0854,402.4648 , 25.4544,1.1924,<LOD,0.9717,4.7627,5.5070 , 0.5493,3.1735,<LOD,6.7303,0.2542,602.6778 , 113.4872,0.2030,8.4033 , 0.9836,0.3637,<LOD,1.2177,0.4899,34.9973 , 1.0658,2.0195,<LOD,0.0000,0.0000,4845.8042 , 66.0082,1.9981,<LOD,3.8894,3.8245,<LOD,0.7711,0.1973,348916.1562 , 827.6151,36.4566,15.7905 , 2.1484,3.2959,253.3353 , 1.5121,16.3474,<LOD,0.0000,0.0000,4.1397 , 0.7381,0.3584,7587.0996 , 48.1899,27.2904,3.5963 , 1.0066,0.6513,196.9796 , 12.5362,4.6760,<LOD,6.2885,0.1880,15.1207 , 0.6657,2.5392,27.4149 , 2.3619,0.5230,119.4645 , 1.2390,13.9315,8,403.399994,39.008194,-122.666344,10.000000,528888.875000,4317739.000000,
1475,Mining,120.49,30.03,30.09,30.22,30.15,"Fri May 1, 2026 - 15:02:24",User,1.5,ppm,,,,,,Mining,<LOD,1.7256,0.6050,56768.9180 , 1536.3597,1.2780,<LOD,1.6665,0.2270,<LOD,3.6130,0.0955,449.4753 , 24.6788,14.8119,641381.0625 , 4475.1191,<LOD,1.5505,0.1215,11865.9131 , 154.5614,14.0402,<LOD,2.5998,1.0833,<LOD,43.7544,0.7247,<LOD,76.5524,21.2064,109.5121 , 7.2925,3.6929,33.9531 , 3.8896,0.4359,63300.0312 , 175.1019,142.4577,<LOD,0.0000,0.0000,19.9343 , 2.6848,0.3380,9624.5664 , 130.8481,5.8382,5723.3169 , 3355.6467,0.0564,294.4414 , 26.9124,1.0788,<LOD,1.2117,4.1027,4.9566 , 0.6872,2.7501,<LOD,10.4126,0.2800,2763.9365 , 197.3753,0.6274,4.4723 , 1.1385,0.2761,<LOD,1.4881,0.4008,52.2023 , 1.4254,2.1425,<LOD,0.0000,0.0000,39935.6797 , 167.5298,13.1007,<LOD,4.9476,3.3528,<LOD,0.9541,0.1702,164038.0625 , 563.1855,13.2060,22.9357 , 2.7547,2.9663,256.4262 , 1.6164,12.4830,<LOD,0.0000,0.0000,2.2601 , 0.8595,0.2611,2786.0767 , 37.7919,9.2571,3.0952 , 1.1970,0.5189,387.5842 , 14.3278,3.3073,<LOD,8.1715,0.1837,26.1220 , 0.9197,2.7310,32.1447 , 2.9677,0.4808,112.9467 , 1.3752,10.2667,9,403.799988,39.008194,-122.666351,10.000000,528888.062500,4317739.000000,
1476,Mining,123.03,32.60,30.15,30.19,30.09,"Fri May 1, 2026 - 15:04:56",User,1.5,ppm,,,,,,Mining,<LOD,1.7584,0.6253,93104.9453 , 1837.9124,2.0318,<LOD,1.4948,0.2334,<LOD,3.0830,0.0882,353.8733 , 21.0832,14.3756,596619.3750 , 4664.9634,<LOD,1.3752,0.1215,11261.6455 , 144.8333,14.0022,<LOD,2.2902,1.1342,<LOD,43.9771,0.7898,<LOD,65.7220,17.5024,123.8426 , 7.0664,4.0504,27.7806 , 3.4521,0.4322,48844.1953 , 162.0182,115.8406,<LOD,0.0000,0.0000,18.4362 , 2.4401,0.3545,12166.3096 , 137.6732,7.5850,7042.3252 , 3216.4136,0.0628,280.4986 , 25.0925,1.0414,<LOD,1.1066,4.4419,4.0696 , 0.6320,2.9988,<LOD,8.8704,0.2805,3770.4634 , 217.2888,0.8525,3.6578 , 1.0139,0.2790,<LOD,1.2922,0.4036,51.0153 , 1.3259,2.3641,<LOD,0.0000,0.0000,41500.3633 , 170.8528,14.3127,<LOD,4.2888,3.3982,<LOD,0.8422,0.1708,181196.8750 , 576.9521,15.6317,17.6817 , 2.3702,2.9308,237.3404 , 1.4789,13.0517,<LOD,0.0000,0.0000,3.5479 , 0.7952,0.3002,2872.4131 , 37.4693,10.2091,4.2059 , 1.1130,0.5756,328.1497 , 13.2568,3.2767,<LOD,7.4308,0.1922,30.2700 , 0.8846,3.2549,34.0804 , 2.7681,0.5280,102.6349 , 1.2424,10.6783,9,404.299988,39.008198,-122.666359,10.000000,528887.312500,4317739.000000,
1477,Mining,120.31,30.05,30.07,30.05,30.14,"Fri May 1, 2026 - 15:07:37",User,1.5,ppm,,,,,,Mining,<LOD,1.3503,0.6425,109291.7734 , 1822.6962,2.3724,<LOD,1.4784,0.2831,<LOD,3.1128,0.1129,376.7837 , 19.4040,16.2310,500140.9062 , 4533.7402,<LOD,1.4449,0.1679,20117.3262 , 159.2434,25.3986,<LOD,2.0431,1.1620,<LOD,43.0615,0.7928,<LOD,52.7134,11.9304,120.6103 , 5.6686,3.6044,19.1206 , 3.0186,0.4078,30682.2754 , 130.3637,74.9828,<LOD,0.0000,0.0000,12.9761 , 2.1968,0.3511,8157.0093 , 97.5568,5.4030,11323.7168 , 2935.7019,0.0619,367.0416 , 25.4647,1.1247,<LOD,1.0227,4.8284,5.0156 , 0.5740,3.1522,<LOD,7.3320,0.2745,3299.3774 , 203.1763,0.7536,7.2576 , 1.0038,0.3435,<LOD,1.1665,0.4260,43.0870 , 1.1694,2.2897,<LOD,0.0000,0.0000,14415.1963 , 103.1012,5.2269,<LOD,3.9004,3.6546,<LOD,0.8536,0.2212,296873.1875 , 678.5843,28.5750,18.6934 , 2.1754,3.2382,267.6058 , 1.5051,16.4613,<LOD,0.0000,0.0000,1.9999 , 0.7803,0.3390,4084.0920 , 36.0013,14.5069,2.7424 , 1.0195,0.6102,206.1686 , 11.0654,3.1732,<LOD,7.1699,0.2229,17.4296 , 0.7210,2.7113,41.7440 , 2.7068,0.6256,106.8629 , 1.2050,12.5909,7,404.399994,39.008194,-122.666367,10.000000,528886.875000,4317739.000000,
1478,Mining,120.21,30.24,30.15,30.01,29.81,"Fri May 1, 2026 - 15:10:13",User,1.5,ppm,,,,,,Mining,<LOD,1.4168,0.6748,110853.3359 , 1940.5934,2.4035,<LOD,1.5084,0.2830,<LOD,3.1194,0.1106,365.6082 , 19.9073,16.1091,491578.3438 , 4890.1348,<LOD,1.3651,0.1459,22161.3574 , 168.8943,27.6742,<LOD,2.1516,1.2378,<LOD,43.3678,0.7670,<LOD,53.0556,11.7647,123.5912 , 5.7369,3.5675,13.7578 , 2.9234,0.3724,30573.3379 , 134.6912,73.6716,<LOD,0.0000,0.0000,12.5885 , 2.1569,0.3321,8282.6699 , 99.1333,5.4385,16956.9824 , 3217.8650,0.0715,418.1961 , 26.5367,1.1886,<LOD,1.1790,4.8056,4.6695 , 0.5757,3.0785,<LOD,7.5492,0.2922,3501.9861 , 210.3110,0.7785,8.7012 , 1.0358,0.3569,<LOD,1.2629,0.4787,41.0027 , 1.1613,2.1789,<LOD,0.0000,0.0000,15677.8340 , 109.6634,5.6223,<LOD,4.0502,3.7809,<LOD,0.8468,0.2118,294479.1875 , 698.8489,28.1281,14.7710 , 2.2223,3.1927,270.4122 , 1.5368,16.3930,<LOD,0.0000,0.0000,2.3296 , 0.7563,0.3193,4302.2686 , 37.0399,14.9718,3.6221 , 1.0379,0.6172,192.9475 , 11.1902,3.1351,<LOD,6.8563,0.1979,17.1023 , 0.7201,2.6324,36.4611 , 2.6272,0.5742,106.9820 , 1.2180,12.4513,9,404.700012,39.008198,-122.666367,10.000000,528886.875000,4317739.000000,
1479,Mining,122.82,32.45,30.11,30.21,30.05,"Fri May 1, 2026 - 15:13:01",User,1.5,ppm,,,,,,Mining,<LOD,1.9401,0.6452,95507.8516 , 2115.7092,2.0981,<LOD,1.6370,0.2416,<LOD,3.4956,0.1020,451.2251 , 23.0368,15.5831,494404.0938 , 5731.8760,<LOD,1.4305,0.1176,32010.5332 , 233.1880,38.7129,<LOD,2.3828,1.0802,<LOD,43.7628,0.7097,<LOD,67.7132,16.2707,115.0133 , 6.9220,3.4730,11.4137 , 3.2066,0.3342,48057.7812 , 188.8778,108.6644,<LOD,0.0000,0.0000,4.0000 , 2.1169,0.2264,7680.1343 , 112.6976,5.0086,21312.9121 , 4046.0127,0.0890,422.0781 , 28.7290,1.2032,<LOD,1.1403,4.1792,4.4779 , 0.6297,2.6533,<LOD,9.1036,0.2695,2306.6431 , 185.8523,0.5572,7.9377 , 1.1414,0.3169,<LOD,1.3801,0.4109,38.4966 , 1.2360,1.7876,<LOD,0.0000,0.0000,43063.1523 , 187.7594,14.9539,<LOD,4.5913,3.4555,<LOD,0.9260,0.1836,248559.9844 , 679.0676,22.9958,15.6062 , 2.5340,2.9819,299.6531 , 1.7790,15.6675,<LOD,0.0000,0.0000,2.8067 , 0.8111,0.2728,5396.1021 , 48.9624,17.8721,2.2325 , 1.1173,0.5211,174.8498 , 14.2496,3.3846,<LOD,7.5479,0.1779,12.0352 , 0.7425,2.0125,26.9139 , 2.7120,0.4546,112.0777 , 1.3741,11.3902,9,404.899994,39.008198,-122.666367,10.000000,528886.750000,4317739.000000,
1480,Mining,123.11,32.72,30.18,30.09,30.12,"Fri May 1, 2026 - 15:15:40",User,1.5,ppm,,,,,,Mining,<LOD,1.6596,0.6220,82843.3125 , 2061.3962,1.8417,<LOD,1.6997,0.2430,<LOD,3.6265,0.1021,527.6672 , 24.2234,16.2045,517339.7188 , 5739.6616,<LOD,1.6906,0.1532,27441.5723 , 228.1715,32.2773,<LOD,2.4817,1.0918,<LOD,46.5357,0.7297,<LOD,71.2396,17.5966,118.2129 , 7.5411,3.6353,16.9091 , 3.4342,0.3583,54004.8164 , 194.7555,119.3689,<LOD,0.0000,0.0000,6.9821 , 2.2744,0.2453,7731.7524 , 120.0078,4.9029,14158.8271 , 4172.6182,0.0821,398.3349 , 28.5793,1.1689,<LOD,1.3958,4.2232,6.5452 , 0.6628,2.7299,<LOD,9.8790,0.2844,2603.5229 , 207.5725,0.6436,8.1007 , 1.1834,0.3166,<LOD,1.5035,0.4584,38.4173 , 1.2656,1.7279,<LOD,0.0000,0.0000,60558.4102 , 227.3305,20.5525,<LOD,4.7883,3.5001,<LOD,0.9624,0.1844,226472.1719 , 666.8698,20.3144,20.6204 , 2.6544,3.0646,311.0733 , 1.8194,15.4838,<LOD,0.0000,0.0000,2.0176 , 0.9032,0.2930,5059.7988 , 51.0999,16.6620,3.4246 , 1.1736,0.5335,155.9789 , 14.8163,3.1842,<LOD,7.9623,0.1847,12.5230 , 0.7629,1.9706,36.9051 , 2.9668,0.5082,122.3958 , 1.4373,11.5964,9,405.100006,39.008198,-122.666367,10.000000,528886.625000,4317739.000000,
1481,Mining,30.20,29.89,,,,"Fri May 1, 2026 - 15:28:53",User,1.5,ppm,,,,,,Mining,528.4932 , 448.9308,12.5826,,,,<LOD,17.6482,0.2347,<LOD,27.0583,0.0695,,,,123522.7188 , 14924.1992,<LOD,11.9964,0.0960,,,,<LOD,32.2238,5.0434,,,,<LOD,465.1843,235.5229,8689.9912 , 104.4009,22.6288,1627.3445 , 60.4489,1.5909,857038.4375 , 604.2580,1590.1943,<LOD,0.0000,0.0000,<LOD,20.7693,0.1353,,,,,,,2881.1309 , 120.0340,11.1959,4124.7461 , 24.3133,50.7932,<LOD,4.7946,0.7526,1335.6078 , 146.4933,0.8778,,,,109.2465 , 15.0107,0.6353,<LOD,33.8160,5.9605,<LOD,0.9315,0.0187,<LOD,0.0000,0.0000,,,,<LOD,57.0113,5.7466,<LOD,6.7889,0.1154,,,,84.4817 , 28.4753,6.7346,3.6568 , 1.8452,0.1991,<LOD,0.0000,0.0000,<LOD,17.6003,-1.0692,<LOD,303.7226,1.4206,<LOD,3.5837,-0.0299,54.1378 , 49.8779,1.5394,<LOD,0.0000,0.1934,<LOD,4.2506,0.2963,<LOD,23.2367,0.1904,<LOD,3.3558,0.4381,5,437.100006,39.000759,-122.663063,10.000000,529175.937500,4316915.000000,
1484,Mining,30.00,28.86,,,,"Mon May 4, 2026 - 08:42:16",User,1.5,ppm,,,,,,Mining,505.9961 , 429.8358,12.1169,,,,21.3326 , 10.8007,0.2479,<LOD,29.8354,0.0690,,,,120137.4844 , 15226.2686,<LOD,13.4373,0.1065,,,,<LOD,32.7062,4.9037,,,,<LOD,471.3312,233.9279,8721.7363 , 106.0944,22.6107,1614.4999 , 61.2602,1.5692,860391.6875 , 649.9282,1583.8325,<LOD,0.0000,0.0000,<LOD,30.8470,0.1384,,,,,,,2720.1145 , 120.4355,10.9054,4185.8511 , 24.8705,50.9432,<LOD,5.0407,0.7947,1509.3636 , 149.5733,0.8780,,,,<LOD,18.5698,0.4627,<LOD,34.4883,5.9576,7.0288 , 2.2979,0.0636,<LOD,0.0000,0.0000,,,,<LOD,58.1753,5.7734,<LOD,7.1786,0.1199,,,,116.5847 , 29.0375,6.7348,<LOD,2.5053,0.1538,<LOD,0.0000,0.0000,<LOD,18.7383,-1.1620,<LOD,390.8299,1.4941,<LOD,2.9008,0.0106,68.2838 , 50.9984,1.5661,<LOD,71.9305,0.1657,<LOD,3.9954,0.2535,<LOD,25.2928,0.2118,<LOD,3.4934,0.4480,4,448.299988,39.000751,-122.663025,10.000000,529179.250000,4316914.000000,
1544,Mining,32.71,30.21,2.50,,,"Mon May 4, 2026 - 16:46:25",User,1.5,ppm,,,,,,Mining,513.0214 , 446.4358,12.4089,,,,<LOD,18.4652,0.2573,<LOD,27.1142,0.0683,,,,151274.1094 , 14921.4209,<LOD,13.7006,0.1126,<LOD,82.3595,0.3538,<LOD,32.4096,5.0116,,,,<LOD,457.3607,236.3146,2219.8772 , 25.0965,22.7636,1633.8722 , 60.9563,1.6104,836159.3125 , 570.8687,1589.9980,<LOD,0.0000,0.0000,<LOD,41.7524,0.1683,<LOD,107.5590,0.4464,,,,2801.8428 , 121.2527,11.0091,3957.2900 , 24.1994,50.8676,<LOD,4.9722,0.8080,1184.6362 , 147.4402,0.8721,,,,133.1447 , 15.6599,0.6873,<LOD,33.8508,5.9420,<LOD,2.1168,-0.0155,<LOD,0.0000,0.0000,,,,<LOD,57.2780,5.8518,<LOD,9.6379,0.1581,,,,122.9940 , 28.6001,6.8054,<LOD,2.3317,0.1374,<LOD,0.0000,0.0000,<LOD,18.3367,-1.1652,<LOD,79.0342,0.7508,<LOD,3.6113,-0.0325,<LOD,30.7892,0.6437,<LOD,73.0539,0.1796,<LOD,4.2646,0.2967,<LOD,23.2755,0.1848,<LOD,5.0400,0.4622,8,430.700012,39.000751,-122.663033,10.000000,529178.562500,4316914.000000,
1545,Mining,30.03,29.14,,,,"Mon May 4, 2026 - 16:50:00",User,1.5,ppm,,,,,,Mining,518.4590 , 440.4142,12.3777,,,,<LOD,18.4169,0.2545,<LOD,27.8893,0.0682,,,,124988.7109 , 15216.0146,<LOD,12.2601,0.0959,,,,<LOD,32.8131,4.8603,,,,<LOD,473.9776,233.7827,8698.7178 , 107.4798,22.4643,1654.8021 , 62.0617,1.6055,855754.3125 , 675.1047,1577.3875,<LOD,0.0000,0.0000,<LOD,20.5696,0.1269,,,,,,,2727.9456 , 121.2494,10.8851,4093.3894 , 24.6972,50.1529,<LOD,4.9665,0.7752,1349.4368 , 149.2854,0.8766,,,,117.1976 , 15.4398,0.6430,<LOD,34.7581,6.0521,<LOD,1.5961,0.0013,<LOD,0.0000,0.0000,,,,<LOD,58.1850,5.6291,<LOD,6.6664,0.1050,,,,97.0117 , 29.1373,6.7237,<LOD,3.1701,0.1754,<LOD,0.0000,0.0000,<LOD,17.5657,-1.0252,<LOD,382.7835,1.4856,<LOD,4.1288,-0.0367,<LOD,276.1783,1.5085,<LOD,0.0000,0.1660,<LOD,4.1859,0.2740,<LOD,24.8501,0.2086,<LOD,3.3574,0.4202,8,428.100006,39.000725,-122.662979,10.000000,529182.750000,4316911.000000,
1548,Mining,30.12,28.62,,,,"Tue May 5, 2026 - 08:03:00",User,1.5,ppm,,,,,,Mining,536.6766 , 455.8764,12.3080,,,,<LOD,18.2332,0.2627,<LOD,28.1090,0.0653,,,,114243.8516 , 15871.0840,<LOD,23.3457,0.1265,,,,<LOD,34.0942,4.8456,,,,<LOD,489.1512,233.8096,8826.1768 , 110.7136,22.6551,1662.7994 , 63.8932,1.5647,866476.0625 , 769.0485,1571.4733,<LOD,0.0000,0.0000,<LOD,29.7106,0.1446,,,,,,,2869.1426 , 125.5862,11.0672,4178.2603 , 25.7036,49.7946,<LOD,5.2132,0.7734,1158.8303 , 156.2485,0.8821,,,,41.5659 , 14.4115,0.5145,<LOD,37.1995,6.0240,6.7188 , 2.6564,0.0724,<LOD,0.0000,0.0000,,,,<LOD,60.9149,5.8477,<LOD,7.7111,0.1294,,,,<LOD,71.8141,6.4767,<LOD,2.3365,0.1219,<LOD,0.0000,0.0000,<LOD,16.4259,-0.8851,<LOD,514.3343,1.5212,<LOD,4.1036,0.0240,<LOD,276.3637,1.5063,<LOD,75.8239,0.1697,<LOD,4.5119,0.2923,<LOD,26.0179,0.2054,<LOD,4.3586,0.4364,,,,,,,,
1549,Mining,120.57,30.09,30.25,30.09,30.14,"Tue May 5, 2026 - 13:38:08",User,1.5,ppm,,,,,,Mining,<LOD,1.5636,0.6088,101761.8203 , 2000.9648,2.2024,11.7671 , 1.3046,0.6003,<LOD,2.9160,0.0900,341.7715 , 20.1106,14.2021,530089.3125 , 5032.1372,<LOD,1.2862,0.1201,37795.0742 , 213.5026,45.4073,<LOD,2.1527,1.0667,<LOD,42.5564,0.7230,<LOD,52.5123,10.6436,106.3203 , 5.5342,2.9483,12.0317 , 2.8788,0.3364,29903.7441 , 129.9719,67.1635,<LOD,0.0000,0.0000,<LOD,2.6189,0.1900,3741.5942 , 71.5182,2.6198,22352.0703 , 3395.4573,0.0746,422.0633 , 26.6395,1.1112,<LOD,0.9950,4.1457,3.3406 , 0.5672,2.8061,<LOD,7.1720,0.2348,855.0647 , 122.4314,0.2364,5.1334 , 0.9513,0.2790,<LOD,1.2169,0.3816,24.8539 , 0.9722,1.3617,<LOD,0.0000,0.0000,1212.0845 , 39.4934,0.6761,<LOD,4.1198,3.4011,<LOD,0.7826,0.1666,264872.4375 , 670.5640,23.3688,15.2890 , 2.2561,2.8494,255.0377 , 1.4817,14.4406,<LOD,0.0000,0.0000,3.6809 , 0.7277,0.2809,5875.1553 , 42.5452,18.9088,2.7427 , 0.9759,0.5119,169.3168 , 12.2357,3.3873,<LOD,6.5379,0.1672,17.6266 , 0.6979,2.3286,55.0027 , 2.9280,0.6645,95.6411 , 1.1679,10.7087,10,405.799988,39.004322,-122.670662,10.000000,528516.562500,4317308.000000,
1550,Mining,122.91,32.47,30.15,30.13,30.16,"Tue May 5, 2026 - 13:40:31",User,1.5,ppm,,,,,,Mining,1.5132 , 0.9744,0.6387,101683.9297 , 2035.5646,2.2004,14.0301 , 1.3700,0.6641,<LOD,2.8281,0.0832,345.3975 , 19.9736,14.2743,529918.0000 , 5219.9409,<LOD,1.3036,0.1215,36870.4258 , 212.7649,44.4503,<LOD,2.1424,1.0741,<LOD,42.9845,0.7370,<LOD,52.5198,10.4027,100.8644 , 5.4551,2.8672,13.1289 , 2.9394,0.3453,28904.0176 , 131.0895,65.4026,<LOD,0.0000,0.0000,<LOD,3.8865,0.2106,3534.1409 , 70.3507,2.5157,27471.2344 , 3553.2173,0.0832,420.3885 , 26.9912,1.1132,<LOD,1.0037,4.1497,3.5371 , 0.5770,2.8634,<LOD,7.2624,0.2417,821.5504 , 124.6097,0.2421,5.2243 , 0.9625,0.2817,<LOD,1.2264,0.3945,23.6611 , 0.9733,1.3332,<LOD,0.0000,0.0000,1053.1842 , 38.2486,0.6272,<LOD,4.8412,3.4475,<LOD,0.7733,0.1610,262345.4375 , 678.0016,23.1690,13.1308 , 2.2279,2.8184,258.0154 , 1.5163,14.7821,<LOD,0.0000,0.0000,3.6141 , 0.7341,0.2806,5874.5068 , 42.8147,19.0405,3.1046 , 0.9976,0.5272,151.8356 , 12.1175,3.3274,<LOD,6.7418,0.1753,18.9921 , 0.7164,2.4240,51.2597 , 2.9086,0.6454,95.8358 , 1.1867,10.8801,10,405.799988,39.004318,-122.670662,10.000000,528516.312500,4317307.500000,
1551,Mining,122.77,32.47,30.21,30.05,30.04,"Tue May 5, 2026 - 13:45:09",User,1.5,ppm,,,,,,Mining,<LOD,1.3771,0.5937,118166.2188 , 2104.8608,2.5454,1.9315 , 1.1807,0.4119,4.0810 , 2.3139,0.1216,413.7195 , 19.7895,15.1333,475610.1250 , 5467.7778,<LOD,1.3623,0.1334,40106.8438 , 239.3122,52.8761,<LOD,2.0352,1.0171,<LOD,39.7488,0.7146,<LOD,59.6036,14.6121,105.4785 , 5.8839,3.2562,8.2062 , 2.8791,0.3347,38122.4219 , 169.6219,93.0220,<LOD,0.0000,0.0000,<LOD,3.4614,0.2282,3843.4268 , 75.6577,2.9341,37132.2070 , 3722.0586,0.1002,609.1329 , 30.0995,1.5204,<LOD,1.0619,4.5914,5.4987 , 0.6032,3.0905,<LOD,8.0084,0.2736,745.8489 , 112.4207,0.2288,9.3821 , 1.0901,0.3618,<LOD,1.2454,0.4352,29.2792 , 1.0710,1.6340,<LOD,0.0000,0.0000,652.0200 , 31.9509,0.4976,<LOD,3.9379,3.3067,<LOD,0.9091,0.2107,277904.4688 , 710.8039,27.2170,17.8508 , 2.1850,2.8862,296.2509 , 1.7101,17.4189,<LOD,0.0000,0.0000,4.8598 , 0.7954,0.3403,5841.5986 , 45.8927,20.5299,3.3537 , 1.0499,0.5823,174.6505 , 12.9908,3.7168,<LOD,7.2361,0.2039,21.8836 , 0.7660,2.7417,57.8405 , 3.0527,0.7173,111.4291 , 1.3023,12.7103,9,405.600006,39.004314,-122.670670,10.000000,528515.437500,4317307.000000,
1552,Mining,123.11,32.65,30.14,30.10,30.22,"Tue May 5, 2026 - 13:47:28",User,1.5,ppm,,,,,,Mining,<LOD,1.6194,0.5998,111026.8594 , 2351.9844,2.3955,<LOD,2.5058,0.3281,<LOD,3.2045,0.0871,458.4005 , 23.2953,15.0850,469707.0312 , 6056.8301,<LOD,1.5315,0.1380,40273.8008 , 254.1398,48.3291,<LOD,2.3994,1.0321,<LOD,43.0515,0.6960,<LOD,66.0040,15.7073,111.8553 , 6.7793,3.2666,7.3217 , 3.0017,0.2991,46467.8828 , 185.3891,102.5645,<LOD,0.0000,0.0000,<LOD,3.9520,0.2012,3793.3335 , 83.1229,2.6748,31375.9629 , 4000.1697,0.0896,1306.4705 , 40.0059,2.3935,<LOD,1.1015,3.9932,3.9638 , 0.6179,2.6136,<LOD,8.7701,0.2528,850.8853 , 123.0370,0.2287,6.8428 , 1.0894,0.2947,<LOD,1.4083,0.4043,28.3868 , 1.1003,1.3962,<LOD,0.0000,0.0000,717.6606 , 35.0041,0.4960,<LOD,4.6439,3.3444,<LOD,0.9141,0.1881,287253.5625 , 719.5974,25.7581,21.0901 , 2.5798,2.9358,286.3977 , 1.7103,14.6185,<LOD,0.0000,0.0000,2.4870 , 0.8273,0.2748,5947.6001 , 50.0637,18.9712,4.5007 , 1.0987,0.5190,175.6803 , 14.4564,3.4544,<LOD,7.5976,0.1846,20.7445 , 0.7818,2.3209,46.8801 , 3.0022,0.5697,104.4223 , 1.3067,10.4936,8,405.500000,39.004311,-122.670677,10.000000,528515.000000,4317306.500000,
1553,Mining,122.98,32.72,30.12,30.02,30.12,"Tue May 5, 2026 - 13:52:38",User,1.5,ppm,,,,,,Mining,<LOD,1.8322,0.6240,129817.7422 , 2621.5503,2.7852,<LOD,1.7481,0.3050,<LOD,3.1029,0.0863,448.2329 , 22.5030,15.2411,426032.8438 , 6600.7720,<LOD,1.4456,0.1292,41493.1250 , 240.9546,48.1837,<LOD,2.3602,1.0853,<LOD,44.4219,0.6901,<LOD,58.5441,11.7495,109.4733 , 5.8698,2.9394,<LOD,6.6610,0.2768,35157.2188 , 168.3513,75.2438,<LOD,0.0000,0.0000,<LOD,3.0677,0.1943,4175.1387 , 77.2952,2.8072,37388.4570 , 4152.2617,0.1006,558.5698 , 30.0463,1.2631,<LOD,1.0604,3.9585,3.4684 , 0.5916,2.5551,<LOD,7.9507,0.2392,960.1783 , 132.0724,0.2474,6.2626 , 1.0362,0.2808,<LOD,1.3956,0.4289,29.2483 , 1.0772,1.4328,<LOD,0.0000,0.0000,487.2565 , 33.7256,0.4207,<LOD,4.4752,3.3493,<LOD,0.8556,0.1704,316519.3750 , 773.0009,28.3220,24.8511 , 2.5124,3.0260,269.3742 , 1.6677,14.1408,<LOD,0.0000,0.0000,3.6489 , 0.8082,0.2895,6182.3530 , 47.0434,19.0698,2.7637 , 1.0338,0.4856,165.9625 , 12.9457,3.3618,<LOD,7.4271,0.1848,18.7141 , 0.7488,2.2507,42.2152 , 2.8686,0.5430,103.5418 , 1.2805,10.5422,10,405.399994,39.004314,-122.670670,10.000000,528515.437500,4317307.000000,
1554,Mining,123.17,32.86,30.10,30.10,30.11,"Tue May 5, 2026 - 13:55:05",User,1.5,ppm,,,,,,Mining,<LOD,1.5226,0.6165,127186.7812 , 2434.8364,2.7351,<LOD,1.6332,0.3130,<LOD,3.2175,0.0993,443.7777 , 22.1710,15.9505,428574.0312 , 6252.3794,<LOD,1.4523,0.1393,42302.4805 , 250.2699,51.9056,<LOD,2.2898,1.0971,<LOD,44.4870,0.7697,<LOD,59.0706,12.9349,109.7249 , 6.0519,3.1393,10.2365 , 2.9454,0.3212,36376.7852 , 173.7758,82.0457,<LOD,0.0000,0.0000,<LOD,4.6439,0.2179,4230.8809 , 79.4045,2.9947,39927.2617 , 4071.0520,0.1056,554.5569 , 29.6364,1.3265,<LOD,1.0630,4.2332,5.0300 , 0.5973,2.7802,<LOD,7.9939,0.2556,844.8934 , 121.7918,0.2321,6.3253 , 1.0253,0.2936,<LOD,1.3317,0.4203,28.7713 , 1.0698,1.4958,<LOD,0.0000,0.0000,600.9311 , 33.4786,0.4649,<LOD,4.4060,3.5072,<LOD,0.8629,0.1836,311992.3125 , 770.3290,29.3830,21.1766 , 2.4586,3.1179,280.0938 , 1.6980,15.3875,<LOD,0.0000,0.0000,2.1933 , 0.7855,0.2805,6161.2690 , 48.2403,20.0683,3.4883 , 1.0465,0.5310,167.5702 , 13.2958,3.5553,<LOD,7.2022,0.1854,18.1204 , 0.7359,2.3152,45.7400 , 2.8915,0.5898,105.5609 , 1.2849,11.2690,10,405.399994,39.004318,-122.670670,10.000000,528515.437500,4317307.500000,
1555,Mining,120.37,30.12,30.09,30.01,30.15,"Tue May 5, 2026 - 13:59:34",User,1.5,ppm,,,,,,Mining,<LOD,1.7184,0.6380,123973.0469 , 2450.5491,2.6670,<LOD,1.5111,0.2240,<LOD,3.1642,0.0911,401.9106 , 21.7667,15.1231,447758.3438 , 6091.8276,<LOD,1.4135,0.1251,44968.0664 , 257.4562,53.8573,<LOD,2.3056,1.1153,<LOD,45.1435,0.7365,<LOD,59.7313,12.5350,118.0067 , 6.3767,3.2371,8.5069 , 2.9526,0.3061,36537.3008 , 166.6946,80.0734,<LOD,0.0000,0.0000,<LOD,3.3599,0.1912,4158.3936 , 81.0724,2.9057,29419.5273 , 3924.0242,0.0880,662.3674 , 31.7298,1.4455,<LOD,1.0610,3.9900,4.5792 , 0.6009,2.6731,<LOD,8.1960,0.2604,864.9681 , 127.2671,0.2344,6.8385 , 1.0506,0.2924,<LOD,1.2872,0.3893,28.8674 , 1.0778,1.4466,<LOD,0.0000,0.0000,384.1075 , 32.6102,0.3996,<LOD,4.3678,3.4297,<LOD,0.8455,0.1670,303878.0938 , 753.2422,27.8013,11.2821 , 2.3964,2.9074,281.2424 , 1.6912,14.9931,<LOD,0.0000,0.0000,3.1450 , 0.7925,0.2821,6194.1323 , 48.5675,19.5156,2.7588 , 1.0464,0.5035,178.7774 , 13.7388,3.5113,<LOD,6.9701,0.1642,16.1185 , 0.7282,2.1483,38.8944 , 2.8087,0.5281,100.7673 , 1.2750,10.6595,9,406.000000,39.004318,-122.670670,10.000000,528515.250000,4317307.500000,
1556,Mining,120.45,30.10,30.11,30.07,30.17,"Tue May 5, 2026 - 14:02:14",User,1.5,ppm,,,,,,Mining,<LOD,1.6383,0.6201,126247.3984 , 2711.8054,2.7125,<LOD,1.7149,0.2785,<LOD,3.5079,0.1022,505.2913 , 23.7136,15.8730,411411.1562 , 7061.7197,<LOD,1.5061,0.1298,43291.2734 , 261.6033,49.4970,<LOD,2.4084,1.0470,<LOD,46.4041,0.7335,<LOD,62.6303,12.9157,118.0933 , 6.6066,3.1074,11.6624 , 3.1148,0.3123,39084.7852 , 183.3700,81.6943,<LOD,0.0000,0.0000,4.7990 , 2.1083,0.2233,4333.2407 , 84.6208,2.8713,40435.7969 , 4373.0762,0.1053,627.6278 , 31.7240,1.3522,<LOD,1.3699,4.0447,5.9010 , 0.6297,2.6553,<LOD,8.7407,0.2742,905.4200 , 131.6439,0.2379,9.2445 , 1.1471,0.3185,<LOD,1.4616,0.4415,33.8895 , 1.1697,1.5642,<LOD,0.0000,0.0000,493.7651 , 33.6783,0.4096,<LOD,4.7014,3.4741,<LOD,0.9452,0.1922,325234.0625 , 783.5473,28.9031,22.5826 , 2.6104,3.0470,302.4779 , 1.8217,15.1773,<LOD,0.0000,0.0000,5.1597 , 0.8677,0.3178,6542.4258 , 52.0822,19.7536,3.4114 , 1.1095,0.5134,178.7517 , 14.4676,3.4994,<LOD,7.5191,0.1751,20.8359 , 0.7960,2.3379,50.8328 , 3.0894,0.5854,120.0850 , 1.3971,11.4338,9,406.299988,39.004318,-122.670670,10.000000,528515.437500,4317307.500000,
1557,Mining,120.17,30.03,30.27,30.07,29.80,"Tue May 5, 2026 - 14:07:58",User,1.5,ppm,,,,,,Mining,<LOD,1.9208,0.6536,115096.0000 , 2117.8982,2.4839,<LOD,1.3003,0.2288,<LOD,2.8014,0.0971,344.2812 , 19.0377,15.0690,486909.5312 , 5316.4878,<LOD,1.2473,0.1326,39628.7578 , 233.9067,53.2285,<LOD,2.0351,1.1339,<LOD,41.7770,0.7511,<LOD,53.9546,13.7511,108.0683 , 5.6237,3.2817,<LOD,4.6836,0.2927,35231.2617 , 160.3715,87.8031,<LOD,0.0000,0.0000,<LOD,2.4495,0.1942,3733.5364 , 72.4041,2.8964,39609.7070 , 3865.0894,0.1049,494.1419 , 26.4262,1.3430,<LOD,0.9227,4.2634,2.4385 , 0.5186,2.8126,<LOD,7.0398,0.2415,656.3159 , 115.3825,0.2236,4.6800 , 0.8920,0.2860,<LOD,1.1345,0.3935,24.3398 , 0.9177,1.4170,<LOD,0.0000,0.0000,411.5953 , 30.9852,0.4298,<LOD,3.8606,3.5203,<LOD,0.7420,0.1742,271636.3125 , 734.7622,26.9049,15.6596 , 2.1287,3.0112,242.4309 , 1.4529,14.8546,<LOD,0.0000,0.0000,<LOD,1.3990,0.2537,5557.7280 , 43.5628,19.9386,<LOD,2.1357,0.5043,152.6461 , 12.1163,3.5474,<LOD,6.0787,0.1691,14.2224 , 0.6381,2.2488,37.6456 , 2.5132,0.5720,88.6823 , 1.1032,10.8358,9,406.100006,39.004326,-122.670670,10.000000,528515.437500,4317308.000000,
1558,Mining,120.32,30.25,30.16,30.06,29.85,"Tue May 5, 2026 - 14:10:46",User,1.5,ppm,,,,,,Mining,<LOD,1.5416,0.6257,106295.7344 , 2049.5967,2.2998,<LOD,1.4485,0.2257,<LOD,2.9711,0.0877,338.3018 , 21.6086,14.4890,502113.7188 , 5243.0361,<LOD,1.3220,0.1201,39463.7461 , 241.2755,51.3153,<LOD,2.2857,1.0804,<LOD,41.7176,0.7607,<LOD,63.2591,16.8540,105.9708 , 6.1558,3.2421,5.0593 , 2.8162,0.3073,46400.4844 , 179.2706,111.5249,<LOD,0.0000,0.0000,<LOD,3.9650,0.2063,3535.0225 , 76.6014,2.6946,28999.9414 , 3670.7578,0.0864,1448.5924 , 39.9863,2.8015,<LOD,1.0387,4.1969,3.5315 , 0.5825,2.7442,<LOD,8.3891,0.2691,593.6003 , 110.5936,0.2066,5.7129 , 1.0103,0.2965,<LOD,1.2734,0.3770,26.3868 , 1.0120,1.3915,<LOD,0.0000,0.0000,415.0538 , 30.4148,0.4212,<LOD,4.3868,3.4276,<LOD,0.8333,0.1817,264271.7188 , 685.2943,25.1073,15.9326 , 2.4258,2.9618,259.8928 , 1.5604,14.4682,<LOD,0.0000,0.0000,2.5637 , 0.7389,0.2667,5384.7266 , 45.4045,18.7152,1.9181 , 0.9937,0.4958,161.5911 , 13.1220,3.4199,<LOD,6.8489,0.1746,16.2385 , 0.7082,2.2255,40.1392 , 2.7511,0.5589,94.3829 , 1.2030,10.4659,9,406.200012,39.004326,-122.670670,10.000000,528515.687500,4317308.000000,
1559,Mining,122.98,32.55,30.15,30.17,30.11,"Tue May 5, 2026 - 14:14:49",User,1.5,ppm,,,,,,Mining,<LOD,1.5347,0.5768,83798.3828 , 2011.0133,1.8316,<LOD,1.3494,0.1591,<LOD,3.2396,0.0928,395.7886 , 21.8819,14.1747,521503.5625 , 5465.1699,<LOD,1.2969,0.1020,27704.4844 , 201.0586,31.3065,<LOD,2.3002,1.0207,<LOD,42.6405,0.6644,<LOD,62.4097,13.9997,85.4678 , 5.9335,2.7485,6.7234 , 2.9333,0.2924,41722.6797 , 151.8951,89.8015,<LOD,0.0000,0.0000,<LOD,2.7680,0.1753,2370.7314 , 67.9623,1.7266,27794.0137 , 3768.9131,0.0817,823.7303 , 33.4790,1.6575,<LOD,1.0336,3.8101,2.3145 , 0.5726,2.4380,<LOD,8.5861,0.2681,628.6274 , 112.7452,0.1800,4.3277 , 0.9892,0.2510,<LOD,1.2783,0.3536,20.8585 , 0.9456,1.0610,<LOD,0.0000,0.0000,583.1895 , 34.1640,0.4503,<LOD,4.3794,3.1683,<LOD,0.8610,0.1677,288174.3438 , 682.0826,24.0084,16.5568 , 2.4361,2.7947,231.6845 , 1.4583,11.8960,<LOD,0.0000,0.0000,2.2218 , 0.7229,0.2260,3884.5500 , 39.0219,12.1951,<LOD,1.9325,0.4156,111.8381 , 11.3857,2.3012,<LOD,7.0520,0.1627,14.0694 , 0.6900,1.8848,33.7599 , 2.7237,0.4811,86.1173 , 1.1635,8.8614,8,406.399994,39.004330,-122.670670,10.000000,528515.562500,4317308.500000,
1560,Mining,122.71,32.51,30.09,30.10,30.01,"Tue May 5, 2026 - 14:17:24",User,1.5,ppm,,,,,,Mining,<LOD,1.9504,0.6318,86630.2891 , 1897.5525,1.8987,<LOD,1.3407,0.2169,<LOD,2.8300,0.0872,355.3153 , 20.3165,14.6190,548614.9375 , 5114.4219,<LOD,1.2573,0.1187,37071.3984 , 225.9997,47.2556,<LOD,2.1776,1.1040,<LOD,43.5960,0.7779,<LOD,57.0814,13.9219,101.5393 , 5.8372,3.1139,4.4352 , 2.6955,0.3057,37417.1953 , 151.6517,89.0999,<LOD,0.0000,0.0000,<LOD,2.5989,0.1911,3547.8809 , 74.4321,2.6563,31516.2852 , 3807.2383,0.0920,464.5364 , 26.9466,1.2651,<LOD,0.9789,4.1011,2.8694 , 0.5600,2.8076,<LOD,7.4205,0.2322,595.4689 , 113.3678,0.2027,3.4164 , 0.9156,0.2662,<LOD,1.2094,0.3799,24.9854 , 0.9657,1.3877,<LOD,0.0000,0.0000,455.9494 , 31.9079,0.4339,<LOD,4.1045,3.3627,<LOD,0.7866,0.1761,247374.0000 , 682.8672,22.7305,13.4191 , 2.2608,2.8744,251.6915 , 1.4820,14.5765,<LOD,0.0000,0.0000,2.3194 , 0.7016,0.2644,5247.0005 , 42.9537,17.9823,2.0979 , 0.9585,0.5078,157.8319 , 12.4426,3.2890,<LOD,6.6846,0.1816,14.4687 , 0.6688,2.1881,39.8302 , 2.6695,0.5720,90.8167 , 1.1477,10.5630,10,406.299988,39.004333,-122.670670,10.000000,528515.562500,4317309.000000,
1561,Mining,120.50,30.24,30.08,30.12,30.06,"Tue May 5, 2026 - 14:22:44",User,1.5,ppm,,,,,,Mining,1.7608 , 1.0758,0.6382,122343.2188 , 2668.1006,2.6310,<LOD,1.4441,0.2094,<LOD,3.0791,0.0871,449.3180 , 22.4708,14.9230,433605.4688 , 6759.5986,<LOD,1.3756,0.1198,40865.7656 , 247.3057,46.7783,<LOD,2.3408,1.0433,<LOD,45.9306,0.6990,<LOD,59.8582,12.0618,115.3389 , 6.2188,2.9930,9.9766 , 2.9147,0.3013,35626.8633 , 168.1332,75.3380,<LOD,0.0000,0.0000,<LOD,2.6701,0.1676,4120.3623 , 80.5546,2.7511,40241.7031 , 4365.5498,0.1051,427.1666 , 27.4639,1.0813,<LOD,1.0415,3.9083,3.9303 , 0.5838,2.5543,<LOD,7.8387,0.2334,934.9712 , 136.1577,0.2471,5.3083 , 0.9949,0.2649,<LOD,1.3560,0.3951,28.1165 , 1.0439,1.3730,<LOD,0.0000,0.0000,482.9860 , 34.5166,0.4161,<LOD,4.4784,3.2980,<LOD,0.8362,0.1660,313932.7500 , 783.3622,27.6483,17.6383 , 2.4746,2.8560,265.7177 , 1.6305,13.7678,<LOD,0.0000,0.0000,3.5098 , 0.7759,0.2757,6182.1196 , 48.9728,18.8668,2.8679 , 1.0101,0.4752,166.9084 , 13.5788,3.3393,<LOD,7.0472,0.1700,17.4004 , 0.7220,2.1413,43.9084 , 2.8467,0.5477,104.9663 , 1.2626,10.4615,9,406.700012,39.004333,-122.670670,10.000000,528515.562500,4317309.000000,
1562,Mining,120.32,30.01,30.11,30.10,30.10,"Tue May 5, 2026 - 14:25:34",User,1.5,ppm,,,,,,Mining,<LOD,2.0266,0.7010,124467.0234 , 2097.0327,2.6834,<LOD,1.3509,0.2451,<LOD,2.8476,0.0989,339.6589 , 19.1556,15.9473,451278.6250 , 5369.1216,<LOD,1.3115,0.1445,37268.9922 , 234.7691,52.1659,<LOD,2.0499,1.2140,<LOD,41.8289,0.8216,<LOD,56.9341,15.5355,99.4969 , 5.6778,3.3624,10.2733 , 2.7590,0.3583,38050.2656 , 179.0356,99.5750,<LOD,0.0000,0.0000,<LOD,2.5318,0.2014,3646.6165 , 73.1045,2.9575,44898.6719 , 3855.7881,0.1149,536.6243 , 27.5546,1.4831,<LOD,0.9693,4.4700,3.4850 , 0.5512,3.0181,<LOD,7.5772,0.2814,887.0101 , 117.2941,0.2610,4.7894 , 0.9252,0.3042,<LOD,1.1529,0.4298,24.8171 , 0.9638,1.5280,<LOD,0.0000,0.0000,399.3468 , 29.3334,0.4218,<LOD,3.8488,3.6462,<LOD,0.7638,0.1825,292084.4375 , 766.2249,30.7569,13.4508 , 2.1345,3.1809,257.3423 , 1.5581,16.3016,<LOD,0.0000,0.0000,2.0445 , 0.7150,0.2986,5420.0713 , 44.4367,20.4629,3.5940 , 0.9668,0.5776,150.6329 , 12.2804,3.6642,<LOD,6.5899,0.1970,16.3916 , 0.6736,2.4710,43.2781 , 2.6670,0.6377,93.0743 , 1.1624,11.7252,9,406.799988,39.004333,-122.670670,10.000000,528515.437500,4317309.000000,
1563,Mining,120.41,30.12,30.11,30.17,30.01,"Tue May 5, 2026 - 14:29:56",User,1.5,ppm,,,,,,Mining,<LOD,2.1131,0.6465,123803.3516 , 2379.3071,2.6626,<LOD,1.5185,0.2434,<LOD,3.0774,0.0911,430.3915 , 21.2425,15.5315,446071.0625 , 6097.2817,<LOD,1.3549,0.1219,39017.6992 , 236.7097,47.6436,<LOD,2.2214,1.0960,<LOD,43.3821,0.7291,<LOD,58.5119,12.6561,104.3674 , 5.8903,3.0467,12.9802 , 3.0238,0.3401,35185.3086 , 166.0450,79.8155,<LOD,0.0000,0.0000,<LOD,4.1706,0.2155,3903.3567 , 76.3158,2.7772,38322.7891 , 3985.3418,0.1023,461.4883 , 28.2555,1.1976,<LOD,1.0527,4.1971,4.4384 , 0.5910,2.7520,<LOD,8.2342,0.2889,986.3798 , 128.3964,0.2595,7.0044 , 1.0451,0.3072,<LOD,1.2618,0.3973,29.7654 , 1.0705,1.5270,<LOD,0.0000,0.0000,639.0178 , 33.8836,0.4757,<LOD,4.2254,3.4090,<LOD,0.8609,0.1868,304475.6875 , 756.5992,28.3146,15.6220 , 2.3377,2.9582,276.7730 , 1.6747,15.3920,<LOD,0.0000,0.0000,4.1404 , 0.7838,0.3031,5923.7109 , 46.5928,19.3933,1.8687 , 1.0181,0.5058,159.8968 , 12.9232,3.4376,<LOD,7.3473,0.1938,16.8127 , 0.7273,2.2792,42.8335 , 2.8496,0.5755,103.2528 , 1.2729,11.2337,9,407.000000,39.004333,-122.670670,10.000000,528515.562500,4317309.000000,
1564,Mining,123.10,32.62,30.12,30.25,30.11,"Tue May 5, 2026 - 14:32:45",User,1.5,ppm,,,,,,Mining,<LOD,2.1706,0.6760,116165.1250 , 2198.5417,2.5103,<LOD,1.3917,0.2286,<LOD,2.8438,0.0898,384.0827 , 20.1504,15.7308,459679.0625 , 5740.9131,<LOD,1.2520,0.1197,39475.2930 , 242.7049,51.4263,<LOD,2.1467,1.1717,<LOD,42.9843,0.7869,<LOD,56.2002,13.4259,97.9569 , 5.8639,3.1678,6.1099 , 2.7275,0.3180,35064.6250 , 166.9411,84.8448,<LOD,0.0000,0.0000,<LOD,2.6233,0.1987,3942.1841 , 77.0467,2.9654,45739.6094 , 4048.4583,0.1161,446.8579 , 26.8273,1.2416,<LOD,0.9978,4.3432,4.0510 , 0.5648,2.8989,<LOD,7.7582,0.2878,846.7837 , 123.7665,0.2585,6.2989 , 0.9769,0.3093,<LOD,1.1991,0.4082,28.7636 , 1.0192,1.5880,<LOD,0.0000,0.0000,525.4449 , 32.2855,0.4643,<LOD,4.0744,3.6476,<LOD,0.7657,0.1670,291168.9062 , 757.6621,28.5449,19.6806 , 2.2539,3.1488,262.3560 , 1.5838,15.5904,<LOD,0.0000,0.0000,3.7277 , 0.7281,0.3027,5810.2163 , 46.7412,20.2957,2.4832 , 0.9737,0.5335,168.4994 , 12.9994,3.6579,<LOD,6.6962,0.1849,16.8888 , 0.6970,2.4102,36.7911 , 2.6139,0.5571,98.2182 , 1.2012,11.4578,8,407.200012,39.004337,-122.670670,10.000000,528515.437500,4317309.500000,
1565,Mining,120.40,30.01,30.09,30.13,30.17,"Tue May 5, 2026 - 14:36:31",User,1.5,ppm,,,,,,Mining,1.3808 , 0.8811,0.7071,139132.9062 , 2142.5640,2.9870,<LOD,1.3089,0.2395,<LOD,2.6571,0.0913,346.9478 , 18.2913,16.0833,435862.4688 , 5311.1938,<LOD,1.2409,0.1376,38991.0430 , 246.3385,56.3282,<LOD,1.9503,1.2065,<LOD,40.7390,0.8035,<LOD,55.3249,15.3462,99.2176 , 5.7074,3.4036,6.4776 , 2.6000,0.3379,36061.9336 , 178.6167,96.8023,<LOD,0.0000,0.0000,<LOD,2.4611,0.2023,3953.0879 , 75.9527,3.2452,45800.7031 , 3799.7549,0.1174,467.3296 , 26.0909,1.3851,<LOD,0.9452,4.5520,1.8750 , 0.5269,2.9288,<LOD,7.3036,0.2779,834.9454 , 119.2290,0.2756,4.8725 , 0.9102,0.3132,<LOD,1.1072,0.4356,27.5876 , 0.9729,1.6848,<LOD,0.0000,0.0000,390.4489 , 29.0870,0.4262,<LOD,3.6913,3.7213,<LOD,0.7397,0.1847,291703.7812 , 783.4147,31.6905,17.1038 , 2.0443,3.2288,255.2573 , 1.5521,16.7486,<LOD,0.0000,0.0000,3.4905 , 0.7094,0.3299,5722.0991 , 46.3221,22.0818,2.4112 , 0.9296,0.5681,164.8295 , 12.6967,3.9524,<LOD,6.4344,0.1998,16.4626 , 0.6671,2.5762,39.0316 , 2.5450,0.6170,92.3114 , 1.1467,12.0473,8,407.200012,39.004341,-122.670670,10.000000,528515.812500,4317310.000000,
1566,Mining,120.63,30.19,30.13,30.15,30.16,"Tue May 5, 2026 - 14:39:03",User,1.5,ppm,,,,,,Mining,1.6163 , 0.9310,0.7142,148509.1406 , 2241.2830,3.1803,<LOD,1.3363,0.2425,<LOD,2.8827,0.1050,347.8909 , 19.2376,16.0453,420611.0000 , 5434.4355,<LOD,1.3056,0.1482,41243.4727 , 252.3281,58.7074,<LOD,2.0170,1.1573,<LOD,40.5459,0.7518,<LOD,55.4577,14.9730,101.9413 , 5.6999,3.3999,10.6612 , 2.7187,0.3599,36076.9648 , 180.7791,94.9379,<LOD,0.0000,0.0000,<LOD,3.6115,0.2301,4124.3022 , 76.3863,3.3431,40127.3398 , 3761.2366,0.1081,446.8583 , 25.9849,1.3341,<LOD,0.9642,4.5889,3.4567 , 0.5423,3.0193,<LOD,7.3939,0.2818,860.3442 , 120.4779,0.2690,5.5310 , 0.9301,0.3182,<LOD,1.1704,0.4405,26.4736 , 0.9715,1.6161,<LOD,0.0000,0.0000,417.9719 , 30.1336,0.4364,<LOD,3.8574,3.6424,<LOD,0.7632,0.1877,300653.0938 , 800.1176,32.5301,15.4456 , 2.1447,3.2035,270.0753 , 1.6171,17.3529,<LOD,0.0000,0.0000,2.6453 , 0.7217,0.3202,5822.2437 , 46.7141,22.1102,2.7861 , 0.9547,0.5822,163.1098 , 12.6652,3.9378,<LOD,6.4694,0.1964,17.6506 , 0.6797,2.6009,40.9426 , 2.5965,0.6250,97.0297 , 1.1810,12.3469,7,407.299988,39.004341,-122.670662,10.000000,528516.125000,4317310.000000,
1567,Mining,30.04,29.41,,,,"Tue May 5, 2026 - 15:42:57",User,1.5,ppm,,,,,,Mining,497.0973 , 422.2824,12.1846,,,,<LOD,17.8538,0.2059,<LOD,26.6865,0.0658,,,,125932.6953 , 14972.6816,<LOD,12.8004,0.1077,,,,<LOD,32.3923,4.9849,,,,738.6509 , 312.7633,238.2870,8757.3047 , 106.1385,22.7653,1631.9152 , 60.6595,1.5917,854102.6250 , 587.9812,1587.8425,<LOD,0.0000,0.0000,<LOD,24.1665,0.1354,,,,,,,2815.1611 , 120.9364,11.1319,4124.2837 , 24.5514,51.0501,<LOD,5.6329,0.8299,1069.5225 , 76.0919,0.9100,,,,143.1144 , 15.8667,0.6975,<LOD,34.0319,5.9407,<LOD,3.5231,-0.0656,<LOD,0.0000,0.0000,,,,<LOD,57.5634,5.8340,<LOD,7.5962,0.1426,,,,78.5911 , 28.6113,6.6778,<LOD,2.1709,0.1179,<LOD,0.0000,0.0000,<LOD,16.8945,-0.9973,109.0534 , 84.8165,1.5587,<LOD,3.6808,-0.0323,<LOD,227.9822,1.5044,<LOD,100.7562,0.1954,<LOD,4.4214,0.3198,<LOD,22.6541,0.1737,<LOD,4.3038,0.4508,,,,,,,,
1570,Mining,30.17,29.23,,,,"Wed May 6, 2026 - 08:10:51",User,1.5,ppm,,,,,,Mining,531.2830 , 451.2985,12.3888,,,,29.5708 , 10.6256,0.2438,<LOD,41.6458,0.0813,,,,113297.2734 , 15582.7549,<LOD,15.9107,0.1112,,,,<LOD,34.8460,4.9846,,,,<LOD,475.0003,236.3926,8701.5381 , 106.0543,22.7178,1691.9540 , 62.7294,1.6149,867229.6875 , 669.0963,1596.4900,<LOD,0.0000,0.0000,<LOD,21.1963,0.1323,,,,,,,2892.7812 , 122.0415,11.2164,4188.0444 , 25.0226,50.5840,<LOD,7.9627,0.8567,1297.8746 , 150.6479,0.8514,,,,<LOD,17.8853,0.4225,<LOD,35.0305,6.0592,<LOD,2.0865,0.0277,<LOD,0.0000,0.0000,,,,<LOD,58.8403,5.7531,<LOD,9.1550,0.1472,,,,86.8169 , 29.2756,6.6480,<LOD,2.4833,0.1488,<LOD,0.0000,0.0000,<LOD,19.4544,-1.2272,<LOD,432.0505,1.5182,<LOD,3.2368,-0.0239,53.1459 , 50.6119,1.5579,<LOD,0.0000,0.2094,<LOD,3.9841,0.2512,<LOD,23.7390,0.1872,<LOD,3.3756,0.4439,,,,,,,,
1580,Mining,120.51,30.27,30.05,30.05,28.94,"Wed May 6, 2026 - 09:36:07",User,1.5,ppm,,,,,,Mining,<LOD,1.6528,0.6334,5926.4624 , 844.0761,0.2819,<LOD,1.6756,0.2509,<LOD,3.4672,0.0957,584.2332 , 24.5058,17.4485,710904.0625 , 5199.9199,<LOD,1.5990,0.1407,158856.3594 , 447.8232,203.6682,<LOD,2.5091,1.1510,183.1985 , 43.6445,1.2383,47.7400 , 28.3448,4.6690,48.6177 , 5.6787,2.1806,22.0530 , 3.7438,0.4329,14454.5908 , 97.9715,27.5517,<LOD,0.0000,0.0000,<LOD,4.4595,0.2191,4186.1660 , 73.3721,3.3508,7914.5317 , 5309.2104,0.0849,166.5187 , 25.0515,0.6486,<LOD,1.1363,4.0811,4.3813 , 0.6436,2.7568,133.5655 , 8.5086,0.8875,1051.3595 , 185.1847,0.3891,7.3657 , 1.1369,0.2982,<LOD,1.5167,0.4794,36.4500 , 1.2294,1.6766,<LOD,0.0000,0.0000,55861.2070 , 249.5559,22.4088,<LOD,4.8109,3.6397,<LOD,0.9853,0.2017,37687.0508 , 399.3670,3.5006,17.3271 , 2.6588,3.1642,340.0656 , 1.8519,17.0956,<LOD,0.0000,0.0000,2.5045 , 0.8791,0.2977,838.0743 , 24.4146,2.6128,<LOD,2.8076,0.5406,565.3021 , 12.7952,2.7361,<LOD,9.4771,0.2647,10.7848 , 0.7430,1.9343,94.7645 , 3.8679,0.8843,55.2419 , 1.1754,8.0253,4,464.799988,38.998936,-122.667763,10.000000,528769.250000,4316711.000000,
1581,Mining,122.71,32.63,30.06,30.00,30.02,"Wed May 6, 2026 - 09:39:40",User,1.5,ppm,,,,,,Mining,2.3836 , 0.6508,0.8258,2565.1133 , 402.1084,0.2189,<LOD,1.1390,0.4168,<LOD,1.8879,0.1021,84.2890 , 12.1165,14.2290,864342.7500 , 2808.5696,<LOD,0.8512,0.1427,14216.2168 , 108.2369,22.7848,5.7657 , 1.0098,1.6246,149.2757 , 32.1061,1.2873,<LOD,13.5547,1.4800,<LOD,7.0095,4.6964,<LOD,3.4498,0.5518,2147.2312 , 29.0874,7.5647,<LOD,0.0000,0.0000,<LOD,1.8998,0.2201,5583.0752 , 65.3572,4.6725,<LOD,4336.7615,0.0855,<LOD,18.9910,0.4884,1.9450 , 0.5146,7.4346,3.7172 , 0.4392,4.9242,316.6742 , 7.5606,2.5304,895.7711 , 135.9936,0.3821,8.8517 , 0.7613,0.4923,1.0623 , 0.5867,0.5968,7.5683 , 0.5419,1.0581,<LOD,0.0000,0.0000,101252.2031 , 265.6571,48.8291,<LOD,2.6150,4.1041,<LOD,0.5533,0.2271,7054.0415 , 150.5653,0.9317,3.2389 , 1.4144,3.2707,92.5505 , 0.6909,9.4035,<LOD,0.0000,0.0000,1.5599 , 0.4828,0.3463,316.2330 , 16.6365,2.0844,2.6283 , 0.6581,0.6483,851.7469 , 10.6928,6.4743,<LOD,6.5991,0.4334,6.4298 , 0.4328,2.5234,68.7552 , 2.4094,1.1880,18.9251 , 0.5415,6.5485,3,464.399994,38.998924,-122.667870,10.000000,528759.875000,4316709.500000,
1588,Mining,120.55,30.16,30.27,30.06,30.06,"Wed May 6, 2026 - 10:31:33",User,1.5,ppm,,,,,,Mining,21.9425 , 3.5190,0.2271,14585.2529 , 2282.3989,0.3943,<LOD,12.8430,0.3266,<LOD,17.4293,0.0618,167.1495 , 52.9706,2.0992,226012.3438 , 14142.5332,<LOD,7.5508,0.0813,768.4261 , 108.5496,1.8113,<LOD,9.4732,0.2408,<LOD,48.7411,0.9710,1056.3590 , 239.7187,213.8799,206.3261 , 21.9438,8.9261,461.1959 , 26.9061,0.6643,682074.7500 , 1232.6531,1394.5160,<LOD,0.0000,0.0000,<LOD,15.2296,0.1298,1723.5428 , 139.2244,1.8936,<LOD,12842.1899,0.0332,1600.1324 , 73.6498,5.3296,19.6102 , 2.6874,1.2335,3.5102 , 2.0460,0.6584,<LOD,53.1711,0.2867,27226.9863 , 519.9161,5.1413,86.6268 , 10.0232,0.6027,5.9330 , 2.6072,0.1107,<LOD,2.2479,-0.0513,<LOD,0.0000,0.0000,5517.0161 , 71.0444,2.0246,<LOD,11.3868,0.6735,<LOD,4.2406,0.0912,37207.5000 , 311.8453,2.7141,335.0900 , 8.8195,1.3298,9.0497 , 1.3976,0.2440,<LOD,0.0000,0.0000,<LOD,11.6048,-0.9900,843.3714 , 79.3212,4.6052,<LOD,2.8792,-0.0407,62.7853 , 23.6521,2.0766,<LOD,47.4219,0.1136,<LOD,2.9512,0.3130,<LOD,24.5964,0.2496,5.0402 , 1.6632,0.4899,8,442.299988,39.006802,-122.662323,10.000000,529237.375000,4317585.500000,
1589,Mining,120.65,30.19,30.22,30.05,30.19,"Wed May 6, 2026 - 10:36:44",User,1.5,ppm,,,,,,Mining,26.2315 , 3.5368,0.2480,15023.9541 , 2150.2915,0.3967,<LOD,15.5087,0.5085,<LOD,18.2784,0.0716,173.9153 , 51.0598,2.1231,285778.5938 , 13225.3877,<LOD,8.3046,0.1036,<LOD,159.4491,0.8480,<LOD,8.6170,0.2347,<LOD,43.3304,0.8194,1016.1539 , 237.9165,210.3124,265.9062 , 22.0319,9.6761,363.5124 , 24.5932,0.5847,652015.3750 , 1251.0392,1371.2355,<LOD,0.0000,0.0000,105.7654 , 13.9992,0.3149,1375.5195 , 128.8062,1.7048,<LOD,12730.8765,0.0377,1905.6924 , 77.5669,5.8435,16.3708 , 2.6215,1.2250,8.6695 , 2.1145,0.7391,<LOD,52.5155,0.2959,10241.1357 , 323.2576,1.9472,202.2249 , 12.0280,0.9109,6.5188 , 2.5481,0.1140,<LOD,0.7213,0.0056,<LOD,0.0000,0.0000,5849.6074 , 67.8184,2.1730,25.0058 , 7.7495,0.8006,<LOD,4.4127,0.1080,24311.8027 , 253.5747,1.7622,175.0245 , 7.3688,0.9512,12.3229 , 1.5407,0.3113,<LOD,0.0000,0.0000,<LOD,10.5390,-0.9058,816.8755 , 81.5628,5.0480,<LOD,2.3696,-0.0376,99.7118 , 24.4560,2.3939,<LOD,0.0000,0.1266,<LOD,3.2560,0.3950,169.9941 , 16.5475,0.4901,14.1170 , 1.8947,0.6187,5,417.100006,39.006847,-122.662567,10.000000,529216.187500,4317590.500000,
1593,Mining,120.21,30.09,30.24,30.02,29.86,"Wed May 6, 2026 - 10:52:07",User,1.5,ppm,,,,,,Mining,18.9672 , 3.2471,0.2325,15217.4482 , 2082.0859,0.4004,<LOD,12.8590,0.4428,<LOD,15.8800,0.0675,155.3552 , 49.8973,2.2513,296124.2812 , 11613.3877,<LOD,7.6149,0.1093,160.4978 , 84.5416,1.1150,<LOD,7.7141,0.2497,<LOD,42.4590,0.7860,826.7257 , 219.0696,211.7273,160.5689 , 20.1070,8.5281,516.1144 , 25.7263,0.8017,632901.7500 , 1199.0487,1379.7922,<LOD,0.0000,0.0000,108.9720 , 13.5762,0.3407,1929.6387 , 137.8623,2.0928,<LOD,11407.8933,0.0320,1622.1188 , 69.2291,5.4429,15.1667 , 2.3816,1.2689,5.9209 , 1.8852,0.7369,<LOD,60.6065,0.3300,6879.4922 , 274.0936,1.3716,117.7984 , 9.5150,0.7176,7.0748 , 2.5177,0.1246,<LOD,2.2414,-0.0798,<LOD,0.0000,0.0000,6162.4263 , 69.4899,2.3259,<LOD,10.9209,0.7604,<LOD,3.8896,0.1017,35352.9922 , 303.6283,2.6098,254.4621 , 7.8409,1.2436,7.0953 , 1.2801,0.2680,<LOD,0.0000,0.0000,<LOD,10.3724,-1.0764,1211.1146 , 76.6946,5.9482,<LOD,2.0918,-0.0392,90.1472 , 23.4278,2.3619,<LOD,48.8352,0.1351,<LOD,2.8481,0.3878,139.2127 , 14.5839,0.4701,14.7350 , 1.7049,0.6499,8,434.899994,39.006908,-122.662552,10.000000,529217.750000,4317597.500000,
1594,Mining,122.88,32.73,30.03,30.10,30.02,"Wed May 6, 2026 - 11:23:52",User,1.5,ppm,,,,,,Mining,30.8434 , 5.1150,0.2210,8498.9160 , 2406.8376,0.2697,609.5789 , 66.5052,9.3930,<LOD,53.2379,0.2067,250.8526 , 73.7576,1.7807,<LOD,31432.1279,<LOD,40.4477,0.5165,1696.5045 , 154.8840,2.9857,164.0638 , 9.1292,0.5974,<LOD,60.6640,1.0070,3513.6179 , 160.4564,102.1248,262.3629 , 19.4036,6.1945,504.2613 , 43.5108,4.3332,222627.0156 , 627.6447,580.1328,<LOD,0.0000,0.0000,<LOD,181.6136,0.6609,2948.8699 , 170.8407,2.2234,<LOD,16999.2817,0.0340,816.7979 , 63.7247,3.2887,<LOD,3.0564,-0.4582,10.2058 , 3.4464,0.5400,<LOD,68.5625,1.4686,47896.2812 , 745.3286,7.4172,5200.8184 , 68.6780,9.8510,6.4123 , 3.5951,0.0975,<LOD,12.7695,0.2035,<LOD,0.0000,0.0000,2952.1184 , 77.0627,1.3805,<LOD,16.4023,0.6489,<LOD,20.0890,0.3491,31237.4043 , 325.9507,1.9498,2529.3689 , 24.8584,4.9942,6.9775 , 2.7860,0.2542,<LOD,0.0000,0.0000,<LOD,26.1115,0.8908,551.9243 , 66.3062,2.6831,<LOD,21.8771,0.0807,67.3906 , 19.3269,1.2432,1041.2871 , 406.6703,68.3366,<LOD,12.3184,1.7319,654842.0625 , 1037.0854,1674.3704,<LOD,6.3051,0.4258,9,438.200012,38.998878,-122.667091,10.000000,528827.312500,4316705.000000,
1597,Mining,120.21,30.02,30.11,30.03,30.05,"Wed May 6, 2026 - 11:32:30",User,1.5,ppm,,,,,,Mining,28.9609 , 5.2184,0.2127,<LOD,3242.3243,0.0902,279.3770 , 81.2226,10.7231,<LOD,71.8658,0.2529,362.8049 , 77.9215,1.9505,99744.0312 , 18715.1055,48.9648 , 26.3100,0.6648,<LOD,109.5723,0.4971,234.3181 , 10.4838,0.7370,<LOD,65.9735,1.1305,2331.3665 , 136.3823,73.5799,110.0152 , 17.0976,5.0608,392.8684 , 43.6175,5.2861,141292.8125 , 572.9028,409.1888,<LOD,0.0000,0.0000,<LOD,320.9401,0.8357,<LOD,144.6530,0.4990,<LOD,17075.2412,0.0341,316.7036 , 54.3448,2.2967,<LOD,5.3684,-0.9713,15.1981 , 4.2441,0.5957,<LOD,73.6533,2.0342,2273.0684 , 208.0084,0.4464,7046.0649 , 88.1221,13.3019,9.1017 , 3.8627,0.1043,<LOD,13.3480,0.2337,<LOD,0.0000,0.0000,22173.0605 , 148.2405,6.3185,<LOD,16.8134,0.6185,<LOD,44.0096,0.3580,3050.5015 , 132.2476,0.2698,1147.3196 , 18.1339,2.4877,<LOD,8.0530,0.2699,<LOD,0.0000,0.0000,<LOD,35.5671,1.2978,1063.6371 , 84.5633,5.3857,<LOD,32.6385,0.0973,85.0397 , 22.4729,1.7960,<LOD,1046.7627,89.3869,<LOD,16.0922,2.4028,717748.4375 , 795.2225,2198.6680,<LOD,11.1266,0.5097,3,440.100006,38.998833,-122.667015,10.000000,528834.437500,4316700.000000,
1598,Mining,123.26,32.76,30.21,30.15,30.14,"Wed May 6, 2026 - 11:36:17",User,1.5,ppm,,,,,,Mining,23.4905 , 3.3588,0.2490,12246.0596 , 2059.5542,0.3382,219.9640 , 12.3879,1.6380,<LOD,15.2314,0.0682,143.7110 , 49.7932,2.2309,321726.9062 , 14864.5332,<LOD,7.7586,0.1280,2269.4163 , 143.5727,3.2562,<LOD,5.5591,0.2291,<LOD,50.7382,0.8702,2338.8342 , 204.6497,160.4840,242.4163 , 20.8963,7.9064,233.9969 , 17.5901,0.4219,550182.8125 , 1094.8396,1019.2600,<LOD,0.0000,0.0000,11.0976 , 7.8667,0.1397,2458.5537 , 147.4268,2.0605,<LOD,18856.9980,0.0392,2571.3789 , 77.2608,5.6043,65.4318 , 2.8958,2.2104,19.7945 , 1.9811,0.9244,<LOD,42.8800,0.2741,17358.1738 , 441.9888,2.8851,153.2107 , 8.9467,0.7142,10.7269 , 2.6626,0.1398,8.1888 , 1.5595,0.0960,<LOD,0.0000,0.0000,2055.4065 , 52.8757,0.8650,<LOD,10.7843,0.7320,<LOD,3.7439,0.1118,81025.3203 , 449.7239,5.2284,109.6704 , 6.6238,0.8251,17.8666 , 1.3636,0.3512,<LOD,0.0000,0.0000,<LOD,5.3406,-0.4471,2002.0880 , 84.6086,7.5398,<LOD,2.1229,0.0238,310.8327 , 28.8110,3.2297,<LOD,0.0000,0.1212,3.0182 , 1.9159,0.4431,352.9752 , 17.1876,0.7498,65.6318 , 2.4538,1.3137,5,441.000000,38.998920,-122.667076,10.000000,528829.187500,4316709.500000,
1601,Mining,120.49,30.23,30.18,30.01,30.07,"Wed May 6, 2026 - 11:48:22",User,1.5,ppm,,,,,,Mining,28.7377 , 4.0296,0.2395,<LOD,1696.6232,0.0828,<LOD,15.4617,0.3810,<LOD,19.5058,0.0618,168.9593 , 57.9902,2.0022,249438.4688 , 12743.4707,<LOD,9.4281,0.1015,<LOD,138.7559,0.6099,<LOD,6.6718,0.2141,<LOD,41.8621,0.7730,357.2712 , 254.1561,235.7520,108.4079 , 20.9790,8.5102,910.5417 , 38.3161,1.0869,742381.3750 , 1205.4773,1561.4485,<LOD,0.0000,0.0000,<LOD,15.7220,0.1329,<LOD,178.3929,0.6249,<LOD,12404.1577,0.0274,2041.4192 , 79.4853,6.4507,12.6320 , 2.8140,1.0760,<LOD,4.6215,0.6210,156.5071 , 42.2074,0.3660,319.0241 , 91.8315,0.1331,118.0257 , 12.0489,0.6982,4.0128 , 2.7526,0.0984,<LOD,1.8752,-0.0088,<LOD,0.0000,0.0000,2478.4409 , 47.4880,1.1057,<LOD,13.7216,0.6950,<LOD,4.9767,0.1077,1111.0001 , 83.6128,0.1694,283.0066 , 9.1379,1.1234,<LOD,1.4417,0.0906,<LOD,0.0000,0.0000,<LOD,14.6420,-1.2571,<LOD,167.6720,1.7923,<LOD,4.0024,-0.0595,66.3564 , 21.9694,1.8350,<LOD,0.0000,0.1233,<LOD,3.1084,0.2705,<LOD,17.1550,0.1772,<LOD,2.5865,0.3985,4,442.700012,38.999146,-122.666931,10.000000,528841.187500,4316734.500000,
1602,Mining,120.51,30.00,30.28,30.07,29.25,"Wed May 6, 2026 - 11:51:53",User,1.5,ppm,,,,,,Mining,19.9319 , 3.0836,0.2366,36884.5000 , 2918.0408,0.8525,476.2567 , 31.7363,8.4483,28.6309 , 17.3282,0.2012,131.6413 , 46.0522,2.1559,199003.7500 , 13379.7549,<LOD,24.3600,0.4695,7271.9507 , 222.4134,9.9982,<LOD,5.1999,0.2269,<LOD,45.7155,0.8617,2633.9429 , 216.3307,189.0414,210.7466 , 19.7731,8.4332,425.1031 , 23.1691,0.7192,580222.3750 , 4890.9546,1210.3801,<LOD,0.0000,0.0000,<LOD,23.4974,0.2164,5118.2671 , 179.9724,3.9829,11897.7441 , 8741.4551,0.0565,3969.0566 , 96.1801,8.5410,19.0120 , 2.3697,1.3938,25.2203 , 2.0536,0.9389,<LOD,47.1443,0.3651,1457.8381 , 146.6793,0.3461,2611.1753 , 39.0550,7.9244,9.0530 , 2.4364,0.1324,4.8070 , 1.8198,0.1259,<LOD,0.0000,0.0000,13662.8076 , 122.1724,4.9047,<LOD,12.8740,0.7531,<LOD,6.0586,0.2584,129612.0859 , 748.5948,10.0350,83.4761 , 6.0073,0.7507,14.9781 , 1.4662,0.4005,<LOD,0.0000,0.0000,<LOD,7.4894,-0.0919,2115.0430 , 76.0743,8.1550,<LOD,2.3779,0.0278,119.0985 , 23.6537,2.5737,98.3847 , 30.7052,0.2750,<LOD,5.2853,1.3476,1840.3752 , 40.6281,3.3193,32.6647 , 1.9998,0.7486,4,444.299988,38.999268,-122.666794,10.000000,528853.437500,4316748.000000,
1604,Mining,123.07,32.55,30.28,30.06,30.18,"Wed May 6, 2026 - 11:57:45",User,1.5,ppm,,,,,,Mining,23.0851 , 3.8235,0.2249,<LOD,1557.4788,0.0772,<LOD,13.1990,0.2556,<LOD,17.7894,0.0524,125.9701 , 57.0529,1.9953,269829.0312 , 12022.4951,<LOD,8.6720,0.0883,<LOD,135.7047,0.5744,<LOD,7.0847,0.2185,<LOD,41.6401,0.7437,<LOD,516.6881,231.4600,166.3271 , 21.6759,9.0008,<LOD,38.5091,0.1998,722893.6875 , 1137.7836,1538.4250,<LOD,0.0000,0.0000,<LOD,19.7560,0.1368,<LOD,182.2267,0.6634,<LOD,11275.1309,0.0234,2555.4006 , 85.7690,7.2535,6.4696 , 2.7068,1.0038,<LOD,4.1556,0.6285,<LOD,154.0001,0.2542,774.8577 , 118.2616,0.2262,64.2379 , 10.8263,0.5789,<LOD,5.0758,0.0916,<LOD,3.4609,-0.1311,<LOD,0.0000,0.0000,2336.9170 , 47.1851,1.0611,<LOD,12.3294,0.6611,<LOD,4.8778,0.1059,1080.1628 , 85.7730,0.1747,81.5779 , 7.2580,0.6711,<LOD,2.1078,0.1612,<LOD,0.0000,0.0000,<LOD,13.3818,-1.0800,<LOD,160.8244,1.9589,<LOD,1.9614,-0.0186,62.3483 , 22.3114,1.8634,<LOD,41.4514,0.0923,<LOD,3.1103,0.2876,<LOD,14.4136,0.1257,<LOD,2.3771,0.4035,7,444.600006,38.999355,-122.666885,10.000000,528845.625000,4316758.000000,
1605,Mining,120.26,30.30,30.11,30.06,29.79,"Wed May 6, 2026 - 12:29:45",User,1.5,ppm,,,,,,Mining,21.0628 , 3.1949,0.2494,12346.0605 , 1928.1748,0.3441,<LOD,14.8851,0.5809,<LOD,16.2389,0.0655,98.2830 , 48.3379,2.2690,289532.6875 , 14580.4736,<LOD,11.6315,0.1331,389.4568 , 88.5712,1.3885,<LOD,5.4709,0.2471,<LOD,43.1500,0.8756,336.2212 , 227.9684,218.7700,201.8233 , 20.3266,9.2148,579.2122 , 28.1639,0.9056,638538.3125 , 2061.7295,1440.3728,<LOD,0.0000,0.0000,128.1438 , 15.6107,0.3880,1434.5159 , 125.5170,1.8094,<LOD,19088.2734,0.0439,2195.3560 , 78.2395,6.6537,8.0523 , 2.3784,1.1610,5.1249 , 1.9538,0.7314,<LOD,47.8707,0.2659,12160.6572 , 352.0564,2.4833,183.3660 , 11.1978,0.9257,<LOD,3.6811,0.1010,<LOD,1.9341,-0.0769,<LOD,0.0000,0.0000,3055.5876 , 53.4254,1.3427,<LOD,10.3504,0.7335,<LOD,4.3575,0.1185,32779.2891 , 290.8109,2.5166,139.7353 , 6.7140,0.9556,<LOD,2.7548,0.2201,<LOD,0.0000,0.0000,<LOD,9.8212,-0.9574,1071.3275 , 79.0528,6.1273,<LOD,1.8554,0.0011,81.4420 , 23.3729,2.4571,<LOD,74.6178,0.3148,<LOD,3.0191,0.4011,2815.3718 , 48.2793,4.8008,16.7102 , 1.8213,0.6710,7,460.700012,38.999111,-122.666122,10.000000,528911.375000,4316731.000000,
1606,Mining,123.39,33.06,30.27,30.03,30.03,"Wed May 6, 2026 - 12:33:56",User,1.5,ppm,,,,,,Mining,28.3838 , 3.6611,0.2506,9555.0732 , 1791.8789,0.2827,12.7533 , 10.0662,0.5065,<LOD,18.5770,0.0707,200.6406 , 51.9189,2.0983,260232.3125 , 12832.3438,<LOD,8.0551,0.0932,556.2101 , 97.7058,1.6033,<LOD,8.7346,0.2262,<LOD,43.6158,0.8964,847.9130 , 242.1456,219.3344,291.3980 , 22.0672,10.0257,62.5161 , 16.4001,0.2471,676206.0625 , 1272.3112,1446.5760,<LOD,0.0000,0.0000,37.2847 , 11.4262,0.1996,1390.9657 , 127.7717,1.7491,<LOD,12467.0654,0.0360,3298.0391 , 90.8498,8.3129,9.5777 , 2.5619,1.1046,6.0701 , 2.1147,0.7021,<LOD,52.2651,0.2671,6485.2607 , 258.8648,1.2984,131.0542 , 11.0865,0.7399,8.3599 , 2.6665,0.1180,20.2900 , 2.2759,0.1630,<LOD,0.0000,0.0000,3575.0059 , 54.0342,1.4636,<LOD,11.1652,0.6616,<LOD,4.6229,0.1149,35760.8906 , 294.2211,2.6025,166.6789 , 7.4125,0.9033,7.2020 , 1.3902,0.2425,<LOD,0.0000,0.0000,<LOD,10.3022,-0.8247,707.5676 , 77.1705,4.4884,<LOD,0.2845,-0.0081,81.6313 , 23.2353,2.2279,<LOD,0.0000,0.1173,<LOD,3.1083,0.3352,311.9211 , 19.9073,0.6796,8.9740 , 1.8218,0.5491,5,461.200012,38.999119,-122.666130,10.000000,528910.625000,4316732.000000,
1607,Mining,31.66,30.12,1.54,,,"Wed May 6, 2026 - 12:41:45",User,1.5,ppm,,,,,,Mining,125.0513 , 106.2933,78.3177,,,,<LOD,36.4227,24.5331,413.7259 , 45.9190,11.4177,,,,89929.8125 , 2826.3384,381.6637 , 21.4638,18.2390,,,,<LOD,16.2688,24.5543,,,,<LOD,430.3452,5582.3042,1235.4774 , 51.5944,139.2754,1167.0853 , 50.8498,29.5374,884104.0000 , 380.0510,40318.2617,<LOD,0.0000,0.0000,653.3776 , 35.0594,23.0034,,,,,,,5037.9126 , 112.5725,272.3082,21.8007 , 3.6972,22.9569,44.5318 , 3.7142,21.8734,3856.4590 , 137.1559,18.7698,,,,1507.6593 , 31.6947,72.9200,<LOD,19.1860,47.4310,129.2047 , 9.6305,27.6210,<LOD,0.0000,0.0000,,,,<LOD,27.1073,16.5177,165.0304 , 12.7003,23.9485,,,,<LOD,19.3218,21.6600,106.2917 , 4.0372,24.6097,<LOD,0.0000,0.0000,<LOD,10.2966,-37.6873,7200.8135 , 156.9619,175.5861,115.3359 , 10.3486,11.7685,2348.2009 , 87.5872,146.2392,<LOD,0.0000,15.9919,42.9817 , 5.5699,28.0335,1320.3768 , 41.6695,36.7788,93.1348 , 3.6401,23.6771,,,,,,,,
1608,Mining,32.13,30.30,1.83,,,"Wed May 6, 2026 - 12:43:08",User,1.5,ppm,,,,,,Mining,107.4099 , 91.3007,72.9981,,,,<LOD,45.5625,51.0945,457.9316 , 46.8095,12.2166,,,,91652.5234 , 2794.8669,421.7908 , 22.5648,20.6878,,,,<LOD,16.1001,23.6844,,,,<LOD,422.9989,5537.7358,1288.6045 , 51.3035,141.0549,1076.2853 , 48.5998,27.6937,882683.8750 , 370.8270,40005.8477,<LOD,0.0000,0.0000,563.1372 , 32.7597,20.5410,,,,,,,4719.6460 , 108.6417,259.6310,22.1152 , 3.5249,21.9991,53.4677 , 3.6931,22.8811,3897.2268 , 134.4650,18.1537,,,,2085.5066 , 35.7150,95.3928,<LOD,21.9332,49.2256,112.7549 , 8.8882,24.3506,<LOD,0.0000,0.0000,,,,<LOD,26.9128,16.2798,155.6122 , 12.5597,23.6925,,,,<LOD,19.1518,21.4449,88.2242 , 3.6834,21.0024,<LOD,0.0000,0.0000,<LOD,3.9276,-34.5274,6678.0391 , 150.6394,163.7963,91.2220 , 9.3043,9.7011,2310.9041 , 85.4866,141.7863,<LOD,0.0000,15.8862,44.5105 , 5.8400,31.7244,1390.0229 , 41.8904,38.2000,99.3231 , 3.6088,23.1446,,,,,,,,
1609,Mining,30.24,30.24,,,,"Wed May 6, 2026 - 12:44:55",User,1.5,ppm,,,,,,Mining,120.4026 , 102.3427,76.7564,,,,<LOD,37.1668,31.4567,479.2838 , 47.1053,12.1599,,,,92685.1641 , 2909.8738,447.5350 , 22.3889,20.0628,,,,<LOD,16.5212,24.3367,,,,<LOD,422.3335,5239.0913,1473.0604 , 54.8511,145.8780,2071.9951 , 62.2281,45.2385,875310.1875 , 383.6110,37474.4766,<LOD,0.0000,0.0000,648.7322 , 34.2741,22.1711,,,,,,,3889.7812 , 103.2302,217.3347,17.9254 , 3.6749,22.4070,47.0962 , 3.7961,23.0391,3629.7649 , 132.0507,17.7536,,,,1403.8871 , 30.0144,65.9254,<LOD,21.3806,50.1553,87.0910 , 8.8821,22.1211,<LOD,0.0000,0.0000,,,,<LOD,27.6553,16.8589,177.4715 , 12.8929,24.7993,,,,<LOD,19.8543,23.6581,132.1853 , 4.3020,28.2835,<LOD,0.0000,0.0000,<LOD,2.6512,-32.6071,11297.0195 , 183.9470,240.5902,136.3224 , 10.6201,12.6114,3119.7827 , 97.9829,177.1712,<LOD,0.0000,16.6952,64.4495 , 5.5971,29.1962,2659.6145 , 55.9871,67.5673,101.2215 , 3.7925,24.7840,,,,,,,,
1610,Mining,122.79,32.50,30.14,30.03,30.12,"Wed May 6, 2026 - 12:47:43",User,1.5,ppm,,,,,,Mining,22.4934 , 3.4823,0.2380,5790.5449 , 1533.0315,0.2040,60.4609 , 19.2614,2.2058,<LOD,18.8409,0.0803,242.7468 , 53.3895,2.3655,301358.5000 , 11528.1152,<LOD,10.4708,0.1738,149.8422 , 84.5062,1.0413,<LOD,5.9174,0.2317,<LOD,43.3165,0.7970,478.7562 , 227.3506,200.2477,191.8093 , 21.3466,8.7231,717.6537 , 30.5789,0.9653,646972.9375 , 1017.8994,1319.0167,<LOD,0.0000,0.0000,33.1715 , 11.4403,0.1907,1445.5438 , 131.1989,1.7104,<LOD,11544.8013,0.0302,2587.5439 , 80.7226,6.6321,14.9202 , 2.5507,1.2210,18.6152 , 2.2121,0.8513,<LOD,72.7513,0.2936,6126.0591 , 257.2188,1.1621,936.6379 , 20.2120,2.7221,6.8642 , 2.6237,0.1202,4.2419 , 1.2727,0.0554,<LOD,0.0000,0.0000,4292.7676 , 60.0368,1.6703,44.7771 , 8.1901,0.9041,<LOD,4.8513,0.1377,26580.3867 , 264.1069,1.8480,319.6634 , 8.5973,1.3456,8.5927 , 1.3905,0.2691,<LOD,0.0000,0.0000,<LOD,8.4539,-0.7638,904.6197 , 81.6259,5.0900,<LOD,0.5484,-0.0102,158.2802 , 25.7093,2.6046,<LOD,37.9700,0.1370,<LOD,4.2957,0.6975,491.3517 , 22.4425,0.9508,40.2629 , 2.2801,0.8816,6,463.799988,38.999207,-122.665970,10.000000,528924.750000,4316741.500000,
1612,Mining,120.57,30.24,30.09,30.09,28.95,"Wed May 6, 2026 - 12:54:48",User,1.5,ppm,,,,,,Mining,10.4662 , 1.8662,0.2931,5520.4385 , 1164.3420,0.2516,34.9998 , 8.7970,2.8482,<LOD,8.2759,0.0956,112.6336 , 30.8267,3.4143,536671.1250 , 8073.2114,<LOD,6.1421,0.2264,2097.9189 , 86.9914,2.7976,9.1744 , 2.5022,0.4172,105.0958 , 42.3939,1.1675,4947.9072 , 126.6475,105.0206,53.3855 , 9.2258,3.8196,109.4136 , 8.4455,0.4306,283599.6875 , 610.7969,586.2714,<LOD,0.0000,0.0000,11.8906 , 5.4554,0.2118,1966.8219 , 85.1383,1.5389,<LOD,11895.1912,0.0808,979.0251 , 45.3207,2.7396,13.9476 , 1.3668,2.1785,12.5735 , 1.1381,1.3921,<LOD,32.1378,0.9373,3366.9668 , 241.6805,0.7796,624.7428 , 9.1057,3.3841,9.6890 , 1.7012,0.2199,12.5449 , 1.3679,0.3274,<LOD,0.0000,0.0000,110902.2969 , 313.2597,35.6433,<LOD,7.3153,1.1120,<LOD,2.1681,0.1589,41446.0625 , 358.3025,3.1403,103.2665 , 4.2423,1.3378,19.0137 , 0.8552,0.6469,<LOD,0.0000,0.0000,<LOD,3.0269,0.1141,450.2017 , 32.3369,1.9925,<LOD,2.7103,0.1323,110.7154 , 11.2808,1.2536,71.2266 , 17.0433,0.3707,<LOD,2.8749,1.1145,1622.3700 , 20.7813,4.8523,21.4481 , 1.1412,1.2252,4,473.100006,38.999184,-122.665749,10.000000,528943.500000,4316739.000000,
1615,Mining,122.81,32.59,30.03,30.10,30.09,"Wed May 6, 2026 - 13:25:45",User,1.5,ppm,,,,,,Mining,<LOD,1.5665,0.5875,18914.8906 , 1464.8140,0.6753,<LOD,2.3482,0.3810,<LOD,4.4273,0.1630,496.5831 , 23.5654,16.2759,515749.6562 , 7620.2148,<LOD,1.6307,0.1527,173245.4688 , 713.8581,218.4956,<LOD,2.4487,1.1416,<LOD,71.1903,1.0668,101.7287 , 20.3617,2.4047,26.2554 , 4.3898,1.3694,<LOD,7.0303,0.2967,6511.6494 , 71.3913,12.4270,<LOD,0.0000,0.0000,263.9037 , 6.2068,2.2328,1586.1567 , 52.9365,1.6015,<LOD,12098.6763,0.1489,<LOD,26.8526,0.3182,<LOD,1.7392,3.8925,4.2642 , 0.6186,2.5894,<LOD,7.8675,0.3390,816.6136 , 226.2757,0.4685,7.5455 , 1.1344,0.3089,<LOD,1.4389,0.4458,26.0596 , 1.1286,1.2357,<LOD,0.0000,0.0000,195009.7031 , 628.3504,87.7673,<LOD,4.6899,3.6230,<LOD,1.0267,0.2187,85924.3516 , 601.4494,9.7445,15.9042 , 2.5684,3.0506,294.6662 , 1.8909,15.2986,<LOD,0.0000,0.0000,2.3764 , 0.8547,0.2760,888.2050 , 22.3388,2.7241,<LOD,2.1406,0.7839,12.6568 , 6.0250,0.5755,<LOD,0.0000,0.2071,9.2262 , 0.6914,1.7393,45.3345 , 3.2220,0.6462,46.8366 , 1.0951,7.1104,,,,,,,,
1616,Mining,124.39,34.14,30.06,30.10,30.09,"Wed May 6, 2026 - 13:30:53",User,1.5,ppm,,,,,,Mining,<LOD,8.6187,0.6263,42956.9102 , 4098.0186,0.4413,<LOD,0.2184,0.0005,<LOD,0.3577,-0.0001,2915.0286 , 237.6480,15.7945,777.1301,,<LOD,0.2790,-0.0003,534300.8125 , 22810.2539,191.1968,<LOD,13.2723,1.1697,<LOD,176.9925,0.8025,133.8936 , 17.0498,0.0747,210.6427 , 27.3557,1.4317,<LOD,5.6727,0.0260,<LOD,52.2721,0.1747,<LOD,0.0000,0.0000,<LOD,1.5300,0.0008,4351.5625 , 210.5107,1.6373,<LOD,44831.3584,0.1336,2995.6230 , 259.3163,0.9590,<LOD,0.0131,0.0000,<LOD,0.0118,0.0000,215.4291 , 19.7810,0.1833,<LOD,723.1901,0.3966,<LOD,0.1234,-0.0001,<LOD,7.5848,0.4348,<LOD,0.0325,-0.0001,<LOD,0.0000,0.0000,347853.5312 , 6484.2808,91.1562,<LOD,38.8609,3.9609,<LOD,0.1458,-0.0001,61384.0195 , 736.8949,4.8668,44.0911 , 13.9421,3.0888,<LOD,0.0148,-0.0000,<LOD,0.0000,0.0000,<LOD,0.0765,0.0002,1832.9479 , 156.2779,1.3409,<LOD,0.0865,-0.0000,28.3355 , 23.6425,0.3554,<LOD,8.1443,0.0103,<LOD,0.0065,-0.0000,<LOD,2.3897,0.0088,<LOD,0.0063,0.0000,,,,,,,,
1617,Mining,120.63,30.05,30.26,30.09,30.23,"Wed May 6, 2026 - 13:39:54",User,1.5,ppm,,,,,,Mining,<LOD,1.8675,0.5700,105795.0312 , 2331.5957,2.2742,91.0727 , 3.9393,3.1300,<LOD,7.7704,0.3527,661.1280 , 27.7091,15.3947,541071.6875 , 5881.6250,<LOD,2.7078,0.3029,22075.8965 , 216.8443,26.1198,6.5662 , 2.0026,1.2086,<LOD,43.4803,0.7323,<LOD,80.0190,21.5062,164.3995 , 8.4931,4.1740,93.9697 , 5.8279,0.9271,61982.0469 , 194.6288,141.6907,<LOD,0.0000,0.0000,1296.8522 , 15.5607,9.1952,6569.8828 , 119.0489,4.2308,17399.3262 , 3786.5554,0.0683,963.4750 , 37.2808,2.0646,1.3008 , 0.8393,3.1806,9.6686 , 0.7259,2.2559,138.1235 , 9.4234,0.7710,11583.9170 , 354.1311,2.1772,112.3976 , 2.9163,1.4790,<LOD,1.5965,0.3717,40.8181 , 1.4894,1.1124,<LOD,0.0000,0.0000,5971.5859 , 75.8737,2.3788,18.0491 , 3.7016,3.5716,<LOD,1.8290,0.3224,201999.7031 , 617.1762,16.6752,26.5983 , 2.9903,2.8059,303.0627 , 1.9927,14.3598,<LOD,0.0000,0.0000,<LOD,2.7976,0.3593,4843.2837 , 56.8290,16.9682,<LOD,3.6599,1.3871,176.5320 , 16.3208,3.4416,249.3615 , 28.1252,4.6395,11.9266 , 0.9012,1.9976,16250.3564 , 52.4040,98.5525,92.0112 , 1.4342,8.5406,7,442.799988,39.000134,-122.666870,10.000000,528846.437500,4316844.000000,
1618,Mining,124.58,34.16,30.11,30.10,30.21,"Wed May 6, 2026 - 13:44:03",User,1.5,ppm,,,,,,Mining,<LOD,10.1530,0.6112,267799.8125 , 3334.0156,0.7969,<LOD,0.1685,0.0003,<LOD,0.3284,-0.0001,3819.0957 , 263.0902,15.0970,3448.5625,,<LOD,0.2773,0.0004,216692.7344 , 8458.9121,44.7487,<LOD,18.6901,1.2285,<LOD,236.3546,1.0305,106.9273 , 11.5354,0.0603,677.3593 , 64.7073,3.3189,<LOD,3.8550,0.0215,<LOD,39.4477,0.1752,<LOD,0.0000,0.0000,<LOD,1.3878,0.0029,21722.4883 , 864.2426,3.3304,<LOD,27859.3154,0.0404,1935.7272 , 144.4647,0.6994,<LOD,0.0115,0.0000,<LOD,0.0102,-0.0000,<LOD,12.8960,0.0444,5106.1123 , 585.7539,0.2666,<LOD,0.1297,0.0002,<LOD,8.7390,0.4037,<LOD,0.0482,0.0001,<LOD,0.0000,0.0000,55186.5977 , 1866.0304,4.9983,287.0126 , 176.6850,4.7421,<LOD,0.1797,0.0005,400377.2812 , 6081.3926,12.5204,62.3845 , 15.7991,2.8603,<LOD,0.0113,-0.0000,<LOD,0.0000,0.0000,<LOD,0.1560,0.0001,21776.8906 , 1260.1005,11.4202,<LOD,0.0964,0.0000,1000.9812 , 107.7637,2.4832,<LOD,5.6027,0.0097,<LOD,0.0039,-0.0000,<LOD,2.0950,0.0120,<LOD,0.0160,-0.0000,2,444.700012,39.000282,-122.667061,10.000000,528829.750000,4316860.500000,
1619,Mining,120.59,30.11,30.26,30.13,30.09,"Wed May 6, 2026 - 13:47:33",User,1.5,ppm,,,,,,Mining,<LOD,2.0165,0.5097,32996.0898 , 1295.6753,0.7819,148.3675 , 4.1038,3.4315,27.6980 , 7.0803,0.5099,834.5734 , 31.2810,15.4588,657654.3125 , 4424.2500,<LOD,3.1535,0.3173,13280.4814 , 183.8435,14.9696,<LOD,3.1428,0.9813,<LOD,46.3156,0.7783,<LOD,97.5330,28.9255,226.6619 , 9.8339,4.7947,<LOD,0.0000,0.0000,90945.5469 , 205.7236,189.6381,1796.7566 , 34.1098,4.4841,1334.7761 , 26.5851,8.8720,10097.6680 , 151.3087,5.8649,<LOD,5294.8792,0.0481,382.7744 , 31.0104,1.2361,<LOD,1.6575,3.2537,<LOD,1.3998,2.0517,76.1428 , 10.2960,0.4832,6146.9580 , 271.5706,1.1722,<LOD,0.0000,0.0000,<LOD,1.7851,0.3590,<LOD,4.3619,1.1713,98.4413 , 28.7876,1.1997,30343.9375 , 147.3472,9.5098,52.3035 , 4.2834,3.8060,<LOD,2.0409,0.3715,142695.2031 , 541.2348,10.6862,23.1387 , 3.2929,2.6074,354.1275 , 2.2039,14.5938,<LOD,23.5584,0.8505,14.7377 , 1.4225,0.3219,6332.8975 , 64.9113,20.4515,74.8339 , 4.0201,2.8892,210.2000 , 18.9464,3.9718,368.7103 , 13.2631,0.7506,15.6694 , 0.9001,1.5484,<LOD,0.0000,0.0000,78.2197 , 1.5142,7.5782,8,470.299988,39.000271,-122.666855,10.000000,528847.562500,4316859.500000,
1620,Mining,120.50,30.30,30.04,30.11,30.05,"Wed May 6, 2026 - 13:54:23",User,1.5,ppm,,,,,,Mining,<LOD,1.4635,0.6550,150191.7500 , 2204.0066,3.2066,45.8414 , 1.8242,1.6145,<LOD,4.6820,0.2450,2394.4480 , 30.9930,41.2424,437389.1562 , 5229.3472,<LOD,1.7875,0.2471,15576.6240 , 147.4024,19.5117,<LOD,2.2453,1.2110,<LOD,40.9209,0.6639,<LOD,51.1073,10.9900,150.7393 , 6.3966,4.1348,<LOD,0.0000,0.0000,28670.0781 , 134.4435,68.9151,65.2603 , 10.5892,0.7019,339.9669 , 12.0720,3.6737,10378.5078 , 112.1450,6.6566,14484.0566 , 3023.3979,0.0643,311.3784 , 24.6133,1.0280,1.0758 , 0.7045,5.0144,11.2844 , 0.6131,3.5507,11.0833 , 6.0410,0.5292,1339.6793 , 140.4510,0.3255,<LOD,0.0000,0.0000,<LOD,1.5079,0.5469,61.4160 , 1.4264,3.0084,60.0214 , 13.5833,0.6278,10972.9639 , 93.1527,3.9868,<LOD,4.3810,3.9672,<LOD,1.0233,0.2937,322246.5625 , 736.3918,31.1236,17.0569 , 2.3940,3.5781,166.2702 , 1.2187,10.6417,70.1426 , 6.6774,0.4934,15.6541 , 1.0094,0.6056,4714.1025 , 50.1922,19.6502,<LOD,2.3953,1.0500,151.4668 , 13.1471,3.9727,<LOD,0.0000,0.2604,19.0877 , 0.7653,2.9559,<LOD,0.0000,0.0000,144.3425 , 1.3059,14.1442,5,449.299988,39.000141,-122.666847,10.000000,528848.312500,4316845.000000,
1622,Mining,123.05,32.63,30.11,30.23,30.08,"Wed May 6, 2026 - 14:00:48",User,1.5,ppm,,,,,,Mining,<LOD,2.1302,0.6369,74183.9922 , 1899.7070,1.6773,520.5422 , 26.0860,85.6903,<LOD,19.1726,1.7398,5562.9834 , 55.0954,54.5952,385976.0625 , 5616.5088,28.2913 , 7.7438,4.4069,20045.5332 , 189.5045,23.4988,<LOD,3.1248,1.0483,<LOD,49.4594,0.8376,<LOD,47.3892,3.0703,176.0001 , 10.4105,6.9686,236.2619 , 8.9268,2.2981,7054.1670 , 77.1084,18.5105,<LOD,0.0000,0.0000,695.8990 , 16.5979,6.5522,28696.9805 , 196.5514,16.6308,11570.0098 , 3710.7319,0.0603,5735.2935 , 88.9754,8.9530,<LOD,1.5558,3.3893,15.2503 , 0.9564,2.2987,<LOD,10.1243,0.4651,600.7759 , 122.6640,0.1990,9421.0322 , 32.3189,102.6645,<LOD,1.7860,0.4008,120.9757 , 2.9211,4.9343,<LOD,0.0000,0.0000,7311.1318 , 90.1733,3.2681,28.4214 , 4.1948,4.1477,<LOD,4.6444,2.1410,395000.7188 , 758.9050,39.2339,26.5001 , 3.4309,3.4003,111.8734 , 1.5511,6.7234,<LOD,0.0000,0.0000,<LOD,10.7916,10.2425,684.9430 , 94.8279,22.0730,<LOD,4.2596,1.4129,34.6082 , 20.8078,6.1419,882.5999 , 50.0750,15.2890,<LOD,4.9982,18.4461,45154.9102 , 105.4067,327.3581,124.2211 , 1.9572,9.6808,5,441.700012,39.000141,-122.666817,10.000000,528850.750000,4316845.000000,
1623,Mining,120.06,30.10,30.20,30.21,29.55,"Wed May 6, 2026 - 14:04:19",User,1.5,ppm,,,,,,Mining,<LOD,2.3732,0.5338,85830.5156 , 2358.8826,1.9105,334.5507 , 31.4758,95.0479,<LOD,21.7308,1.7370,8040.8110 , 73.2396,62.0673,350679.5625 , 6392.8428,<LOD,16.1129,4.7059,22415.7949 , 208.9843,23.7541,<LOD,3.5996,0.9377,<LOD,55.4689,0.8201,<LOD,39.4587,2.7403,192.9742 , 11.4805,6.8412,360.1226 , 10.7394,2.7478,7161.8413 , 80.3912,17.0830,<LOD,0.0000,0.0000,204.5222 , 14.5030,2.7074,32985.8672 , 217.7006,17.4203,4118.8228 , 3830.0801,0.0459,6380.2119 , 96.3282,8.9646,<LOD,1.6496,2.9595,13.8440 , 1.0378,1.9528,<LOD,11.1259,0.4653,636.3321 , 138.4772,0.2028,13015.5410 , 40.8496,122.4036,<LOD,2.0815,0.3720,140.5490 , 3.2669,5.0774,<LOD,0.0000,0.0000,3242.7305 , 81.2451,2.0738,<LOD,12.3820,3.5374,<LOD,5.4006,2.3278,410142.9062 , 801.4631,37.9121,27.7146 , 3.9848,3.1951,119.3141 , 1.6718,6.0066,<LOD,0.0000,0.0000,<LOD,12.5244,12.2196,397.0624 , 102.8249,20.4322,<LOD,4.6343,0.8539,73.5601 , 22.7320,5.9823,822.0535 , 55.4059,15.3639,<LOD,6.2534,22.1837,52555.7266 , 116.6493,337.6926,107.1338 , 2.0936,8.0178,7,438.600006,39.000114,-122.666786,10.000000,528853.687500,4316842.000000,
1626,Mining,122.89,32.56,30.17,30.02,30.14,"Wed May 6, 2026 - 14:18:21",User,1.5,ppm,,,,,,Mining,<LOD,1.3069,0.7744,173313.3125 , 1991.8126,3.6756,9.0797 , 1.5218,1.0340,<LOD,2.9953,0.1390,880.4963 , 21.2700,27.0352,514441.4062 , 4675.8760,<LOD,1.3592,0.1970,27887.1016 , 218.2154,45.1717,<LOD,2.0072,1.4454,<LOD,43.3732,1.2458,<LOD,54.3093,18.5259,215.3331 , 7.2230,5.5177,436.8884 , 7.5961,3.4125,40632.7109 , 178.4107,124.3115,<LOD,0.0000,0.0000,47.0228 , 2.6643,0.7877,7947.5488 , 110.2211,6.7846,35240.1367 , 3209.0479,0.1067,704.6926 , 28.4119,2.0869,<LOD,1.0145,6.3300,12.8054 , 0.5871,4.4485,253.8531 , 8.3946,1.5432,4466.6919 , 212.7491,1.2801,34.3119 , 1.3839,0.8721,<LOD,1.1307,0.5162,29.8392 , 0.9609,1.9664,<LOD,0.0000,0.0000,12077.7246 , 88.9137,5.6652,<LOD,3.8328,4.5179,<LOD,0.7871,0.2536,174664.7812 , 582.8770,19.5250,10.0419 , 2.0914,3.8388,129.8474 , 1.0179,9.7928,<LOD,0.0000,0.0000,5.6267 , 0.7856,0.4846,6087.5415 , 52.9550,27.8299,1.9235 , 0.9139,0.6345,194.6915 , 14.7064,5.1878,<LOD,0.0000,0.3630,16.6974 , 0.6675,3.0603,48.7795 , 2.7817,0.8966,209.0947 , 1.4824,22.0302,8,438.600006,39.000198,-122.666786,10.000000,528853.750000,4316851.500000,
1627,Mining,120.34,30.00,30.15,30.04,30.15,"Wed May 6, 2026 - 14:22:02",User,1.5,ppm,,,,,,Mining,<LOD,1.3197,0.3999,42898.0156 , 844.0079,1.0470,43.3015 , 5.5908,14.1508,<LOD,43.1032,18.1733,753.4941 , 22.2289,14.3451,561758.5000 , 2793.5842,<LOD,8.4825,5.0187,908.3846 , 39.2766,1.9302,<LOD,1.8349,0.5745,<LOD,35.4515,0.8329,<LOD,33.7483,3.8579,65.1530 , 4.2285,2.9681,<LOD,0.0000,0.0000,6058.9849 , 66.2945,21.7423,396.1839 , 68.7741,17.2192,42353.9609 , 126.7937,525.0269,1998.7812 , 49.5119,1.8458,3779.5146 , 2206.4758,0.0594,114.4345 , 18.6694,0.5826,239.9473 , 2.5202,2.5869,244.1592 , 2.1293,1.6353,57.2374 , 6.5106,0.6500,4533.3193 , 128.7859,0.2494,<LOD,0.0000,0.0000,<LOD,1.1131,0.2564,661.0270 , 7.4827,5.5630,<LOD,182.5341,49.4282,17630.6621 , 125.5991,11.5487,79.7188 , 3.1128,3.7696,<LOD,9.6401,8.6428,313280.3750 , 608.8301,40.5625,18.1675 , 2.1846,2.0435,<LOD,5.0928,37.5989,<LOD,37.3382,1.9875,26.2760 , 3.7659,1.2778,1876.9100 , 28.1585,10.0647,<LOD,25.3973,58.7833,50.5433 , 7.4869,2.0634,58.8659 , 10.6108,0.6819,<LOD,2.6553,3.7984,<LOD,0.0000,0.0000,114.0619 , 1.5798,7.3583,10,435.500000,39.000240,-122.666824,10.000000,528850.437500,4316856.000000,
1628,Mining,120.53,30.15,30.23,30.00,30.15,"Wed May 6, 2026 - 14:25:36",User,1.5,ppm,,,,,,Mining,19.7321 , 3.0211,0.2493,27407.6953 , 2392.7356,0.6503,152.4375 , 13.6231,1.9417,<LOD,28.0984,0.2587,90.9300 , 45.4339,2.2258,296977.0000 , 11219.1816,<LOD,8.5399,0.1698,1339.2653 , 118.4990,2.6909,<LOD,5.9543,0.2548,<LOD,38.7074,0.7015,1445.5835 , 205.6042,199.0716,281.0547 , 19.9722,9.2213,622.0851 , 26.2217,1.0670,575745.6875 , 1169.2292,1276.8190,<LOD,0.0000,0.0000,3089.6599 , 51.1273,6.4112,3131.6589 , 151.8157,2.8498,<LOD,10685.7927,0.0353,1072.9915 , 62.0432,4.4320,30.4300 , 2.5321,1.4933,12.7051 , 1.9053,0.7288,167.0211 , 33.8971,0.5398,9373.1514 , 305.5370,1.8742,313.2007 , 12.0046,1.3983,6.7023 , 2.3126,0.1301,45.6696 , 4.0650,0.2265,<LOD,0.0000,0.0000,2894.4990 , 52.3951,1.3281,46.2303 , 7.1984,0.9792,<LOD,5.7677,0.2303,62675.4844 , 375.9021,4.7739,260.7894 , 7.3529,1.3586,<LOD,3.2059,0.8562,<LOD,0.0000,0.0000,<LOD,7.3095,-0.7968,3430.0610 , 85.5067,13.4700,<LOD,12.3639,0.8406,141.3737 , 26.3466,3.3832,<LOD,97.4979,0.8083,<LOD,3.2643,0.5626,9194.1348 , 77.6076,16.7059,32.7734 , 1.9947,0.9608,9,437.200012,39.000145,-122.666817,10.000000,528850.875000,4316845.500000,
1629,Mining,120.03,30.13,30.24,30.14,29.52,"Wed May 6, 2026 - 14:32:39",User,1.5,ppm,,,,,,Mining,22.0991 , 3.2468,0.2464,23914.1152 , 2508.1394,0.5777,29.1943 , 11.6518,0.8502,<LOD,23.1673,0.1263,162.9463 , 48.7536,2.2813,259543.5312 , 13288.2490,<LOD,8.9164,0.1322,1410.5432 , 121.8607,2.7722,<LOD,6.6633,0.2451,<LOD,37.9633,0.6234,810.9153 , 233.1439,211.6343,197.5843 , 19.5681,8.3662,256.3558 , 21.8008,0.5153,631129.6875 , 1268.2709,1376.7935,<LOD,0.0000,0.0000,968.9222 , 33.6448,1.9248,1904.5739 , 133.6886,2.0674,<LOD,11418.9280,0.0322,1212.7468 , 69.6048,4.8025,17.9542 , 2.5886,1.2408,9.3210 , 2.0482,0.7128,91.5630 , 36.1554,0.3902,8026.5181 , 295.1566,1.5986,224.2632 , 12.1612,1.0286,7.9240 , 2.4886,0.1290,18.2199 , 2.4770,0.0714,<LOD,0.0000,0.0000,3796.6428 , 58.5084,1.5843,<LOD,17.9874,0.8070,<LOD,4.9158,0.1201,58804.1797 , 378.1414,4.3909,199.9422 , 7.2268,1.0932,<LOD,3.8791,0.4015,<LOD,0.0000,0.0000,<LOD,9.5817,-0.8767,1672.6703 , 77.4970,7.5064,<LOD,7.2537,0.1911,76.3793 , 23.1694,2.3945,<LOD,73.9074,0.4752,<LOD,3.1060,0.3790,5475.8906 , 67.4498,9.0139,15.3662 , 1.8631,0.6455,8,436.399994,39.000179,-122.666847,10.000000,528848.000000,4316849.500000,
1630,Mining,123.07,32.75,30.02,30.16,30.14,"Wed May 6, 2026 - 14:53:34",User,1.5,ppm,,,,,,Mining,34.4485 , 4.5421,0.2687,4196.8413 , 1567.9514,0.1708,758.0346 , 70.0224,16.4737,<LOD,55.2518,0.3486,198.5575 , 62.9082,1.9517,151811.6719 , 14943.3281,<LOD,31.2229,0.8228,<LOD,255.0794,2.6314,96.9093 , 7.0922,0.5485,<LOD,49.8251,1.0277,2499.4331 , 210.1275,171.3285,55.6949 , 17.6128,6.3467,1691.4089 , 53.8615,4.2201,436741.5625 , 995.8206,1073.9648,<LOD,0.0000,0.0000,124.6568 , 89.0005,0.4972,258.2713 , 129.6317,1.5598,<LOD,14503.9380,0.0373,1703.0704 , 77.9240,5.4068,<LOD,6.7089,0.8208,10.3274 , 2.8798,0.5799,<LOD,77.6692,1.0127,7066.7065 , 280.3227,1.3554,8070.1943 , 73.4480,18.2617,5.0868 , 3.0611,0.1089,<LOD,8.5073,0.2012,<LOD,0.0000,0.0000,2853.5708 , 62.1893,1.7545,<LOD,19.8897,0.7873,<LOD,20.7962,0.4525,11556.0576 , 187.5794,0.8606,3881.0835 , 26.8882,8.9816,<LOD,3.4972,0.2973,<LOD,0.0000,0.0000,<LOD,25.7550,1.3858,<LOD,147.5610,1.7663,<LOD,12.2014,0.0943,65.2806 , 19.3407,1.5174,<LOD,483.0609,29.5311,<LOD,12.8014,3.0235,366313.7812 , 628.7578,734.5927,7.3256 , 3.2595,0.5371,6,449.700012,38.999809,-122.667084,10.000000,528827.687500,4316808.000000,
1632,Mining,32.66,30.17,2.49,,,"Wed May 6, 2026 - 15:54:35",User,1.5,ppm,,,,,,Mining,555.1695 , 471.5711,12.5477,,,,<LOD,17.9247,0.2365,<LOD,35.8980,0.0811,,,,103722.4609 , 15550.6992,<LOD,16.3468,0.1166,,,,<LOD,45.0406,5.0389,,,,<LOD,463.7214,238.8172,8847.7305 , 104.2037,23.1552,1772.3801 , 62.2249,1.6527,876752.7500 , 711.1818,1605.6580,<LOD,0.0000,0.0000,<LOD,21.5520,0.1424,,,,,,,2715.5081 , 117.3687,11.0323,4290.5195 , 24.6886,51.0525,<LOD,7.1928,0.8404,1117.1313 , 148.2836,0.8486,,,,111.5476 , 15.2557,0.6412,<LOD,45.8442,6.1641,1.6470 , 1.0608,0.0351,<LOD,0.0000,0.0000,,,,<LOD,58.0662,5.8580,<LOD,11.2089,0.1575,,,,113.1196 , 28.8556,6.7141,<LOD,2.0539,0.1049,<LOD,0.0000,0.0000,<LOD,17.1832,-1.0314,<LOD,492.1018,1.5498,<LOD,4.3015,-0.0407,<LOD,248.1937,1.5267,<LOD,0.0000,0.1942,<LOD,4.2085,0.2823,<LOD,25.2580,0.2206,<LOD,3.8696,0.4365,7,437.799988,39.000774,-122.662949,10.000000,529185.312500,4316916.500000,
1635,Mining,30.04,28.85,,,,"Wed May 6, 2026 - 17:23:12",User,1.5,ppm,,,,,,Mining,529.8475 , 450.0802,12.7131,,,,<LOD,18.5415,0.2283,33.8461 , 21.0681,0.0869,,,,102985.6094 , 16218.2705,<LOD,14.6960,0.1162,,,,<LOD,40.3466,5.1630,,,,<LOD,485.1236,249.1222,8751.7158 , 106.8606,24.0089,1669.9585 , 63.7324,1.6525,877168.2500 , 524.2728,1682.9020,<LOD,0.0000,0.0000,<LOD,27.9622,0.1647,,,,,,,2895.3320 , 124.0660,11.7941,4284.9297 , 25.7691,53.3382,<LOD,8.7156,0.8918,1364.7130 , 155.7641,0.9263,,,,121.1505 , 16.0764,0.6790,<LOD,35.6488,6.2093,<LOD,2.3950,0.0259,<LOD,0.0000,0.0000,,,,<LOD,59.7908,5.8428,<LOD,7.2558,0.1115,,,,90.9936 , 29.8480,6.8620,<LOD,2.4416,0.1419,<LOD,0.0000,0.0000,<LOD,17.5060,-1.0217,103.5935 , 85.1965,1.6390,<LOD,2.2887,0.0048,<LOD,195.2831,1.5489,<LOD,0.0000,0.2125,<LOD,4.3390,0.2843,<LOD,26.6169,0.2336,<LOD,3.5805,0.4519,,,,,,,,
1636,Mining,120.54,30.11,30.01,30.14,30.28,"Wed May 6, 2026 - 19:39:18",User,1.5,ppm,,,,,,Mining,<LOD,1.4649,0.5974,101583.7031 , 2009.3657,2.1908,<LOD,1.4220,0.2039,<LOD,3.0074,0.0865,384.9390 , 20.9667,14.8766,557450.8750 , 5011.5918,<LOD,1.3172,0.1145,38068.2930 , 215.3261,45.2284,<LOD,2.2300,1.0973,<LOD,40.1538,0.6429,<LOD,56.4189,11.4398,116.2229 , 5.6042,2.9559,6.9540 , 2.9083,0.3119,32681.3320 , 136.2904,72.4781,<LOD,0.0000,0.0000,<LOD,2.7332,0.1782,9513.5352 , 106.0057,6.0126,19547.2461 , 3308.2744,0.0682,620.6232 , 30.7759,1.3908,<LOD,1.0487,4.1409,2.4234 , 0.5860,2.6822,<LOD,7.8193,0.2556,644.8594 , 109.6947,0.1900,5.1332 , 1.0043,0.2816,<LOD,1.2585,0.3916,40.4479 , 1.1878,1.9415,<LOD,0.0000,0.0000,223.0220 , 28.6229,0.3398,<LOD,4.2408,3.4239,<LOD,0.8336,0.1723,233054.5781 , 640.2321,19.9635,14.9743 , 2.3319,2.9141,258.6272 , 1.5336,14.2407,<LOD,0.0000,0.0000,4.1677 , 0.7777,0.3029,5442.9253 , 40.9878,17.2626,2.6929 , 1.0285,0.5145,167.0589 , 12.0017,3.1515,<LOD,7.6300,0.2082,15.7784 , 0.7383,2.3261,46.5590 , 2.9202,0.6004,103.0332 , 1.2401,10.9659,6,417.399994,39.005562,-122.671127,10.000000,528475.500000,4317445.000000,
1637,Mining,123.07,32.73,30.04,30.15,30.15,"Wed May 6, 2026 - 19:41:43",User,1.5,ppm,,,,,,Mining,<LOD,1.6897,0.6581,135599.1875 , 2629.9966,2.8938,<LOD,1.5164,0.2147,<LOD,3.3177,0.0954,514.0400 , 24.8171,17.3372,463603.9375 , 6418.3677,<LOD,1.4297,0.1218,36270.6523 , 224.6159,39.9558,<LOD,2.5453,1.1728,<LOD,43.2192,0.6527,<LOD,57.9872,11.0335,117.2344 , 6.0976,2.9158,13.7896 , 3.1238,0.3257,34160.6641 , 151.3845,70.4461,<LOD,0.0000,0.0000,<LOD,4.0692,0.2059,9151.0596 , 110.4039,5.3982,25673.4961 , 3712.9211,0.0795,502.7538 , 29.5617,1.1669,<LOD,1.0874,3.9908,4.9701 , 0.6115,2.6291,<LOD,8.1162,0.2503,1087.1145 , 129.9518,0.2448,6.3453 , 1.0533,0.2798,<LOD,1.5680,0.5100,43.7322 , 1.2484,1.9292,<LOD,0.0000,0.0000,593.5260 , 34.1259,0.4394,<LOD,4.9647,3.8926,<LOD,0.8910,0.1765,286698.5625 , 706.9094,23.8786,16.4517 , 2.7184,3.2881,273.0036 , 1.6381,13.8810,<LOD,0.0000,0.0000,3.2923 , 0.8098,0.2843,5308.9727 , 44.3388,15.8976,3.2998 , 1.0725,0.5042,174.4305 , 12.8027,2.9913,<LOD,7.6587,0.1893,17.9334 , 0.7724,2.2915,49.3784 , 3.0246,0.5820,112.1758 , 1.3092,10.8058,7,423.700012,39.005291,-122.671181,10.000000,528470.750000,4317415.000000,
1638,Mining,123.08,32.71,30.00,30.23,30.14,"Wed May 6, 2026 - 19:47:58",User,1.5,ppm,,,,,,Mining,<LOD,1.6291,0.5632,89931.2422 , 2144.8682,1.9459,<LOD,1.5754,0.2113,<LOD,3.4204,0.0922,457.8496 , 23.5997,14.5581,560603.5000 , 5595.3862,<LOD,1.4482,0.1135,38799.7305 , 221.7295,41.4252,<LOD,2.4446,0.9974,<LOD,40.7894,0.5844,<LOD,59.8101,10.6936,115.8162 , 5.9079,2.6859,12.7464 , 3.2165,0.3137,34247.3633 , 136.7853,67.8421,<LOD,0.0000,0.0000,<LOD,3.9196,0.1918,9857.7441 , 112.2769,5.6206,21933.1211 , 3603.3789,0.0702,500.6562 , 30.4546,1.1291,<LOD,1.0996,3.8091,4.2224 , 0.6204,2.5430,<LOD,8.4637,0.2508,519.6549 , 105.8555,0.1535,6.3003 , 1.0915,0.2727,<LOD,1.4200,0.3811,42.7284 , 1.2628,1.8035,<LOD,0.0000,0.0000,<LOD,68.6007,0.2785,<LOD,4.7073,3.1953,<LOD,0.9193,0.1712,236640.7344 , 638.8713,18.2456,15.2749 , 2.5968,2.7558,283.1580 , 1.6535,13.8049,<LOD,0.0000,0.0000,3.9577 , 0.8368,0.2813,5684.4341 , 43.3788,16.1638,<LOD,2.5765,0.4693,164.0801 , 12.7418,2.9075,<LOD,7.5608,0.1671,18.8505 , 0.8046,2.2682,47.8296 , 3.0968,0.5549,108.9993 , 1.3260,10.3174,7,410.700012,39.005306,-122.671082,10.000000,528479.812500,4317417.000000,
1639,Mining,120.30,30.07,30.06,30.05,30.12,"Wed May 6, 2026 - 19:50:29",User,1.5,ppm,,,,,,Mining,<LOD,1.4512,0.6341,98197.9844 , 1815.3569,2.1246,<LOD,1.4431,0.2358,<LOD,3.0531,0.0990,357.2884 , 20.6721,15.4184,557253.2500 , 4683.6201,<LOD,1.4279,0.1492,41743.3555 , 236.6545,54.8822,<LOD,2.2308,1.1926,<LOD,36.6669,0.6455,<LOD,64.9852,14.5060,115.7185 , 5.9645,3.3087,9.2591 , 2.8926,0.3436,37542.1055 , 149.8727,90.9563,<LOD,0.0000,0.0000,<LOD,2.7348,0.2035,10578.2891 , 115.7939,7.3683,25196.9180 , 3303.4563,0.0781,1044.8687 , 35.6568,2.1795,<LOD,1.0266,4.4865,3.1637 , 0.5719,2.9065,<LOD,8.0917,0.2946,446.4426 , 97.2529,0.1753,6.0986 , 1.0113,0.3162,<LOD,1.2971,0.4532,41.6256 , 1.1788,2.1101,<LOD,0.0000,0.0000,102.7631 , 24.8736,0.3039,<LOD,4.1952,3.6125,<LOD,0.8363,0.1922,220793.7969 , 617.3557,20.7480,15.1083 , 2.3100,3.0846,281.3809 , 1.5899,16.4442,<LOD,0.0000,0.0000,2.1545 , 0.7840,0.3146,5914.4258 , 45.1479,20.6128,<LOD,2.5199,0.5498,184.0767 , 13.1418,3.7626,<LOD,7.2019,0.2056,17.5395 , 0.7428,2.5971,47.7790 , 2.8660,0.6432,104.6542 , 1.2411,11.9997,7,409.100006,39.005344,-122.671082,10.000000,528479.375000,4317421.000000,
1640,Mining,123.03,32.61,30.17,30.08,30.17,"Wed May 6, 2026 - 19:55:16",User,1.5,ppm,,,,,,Mining,<LOD,1.4561,0.6111,97627.0938 , 1876.5839,2.1150,<LOD,1.3897,0.2097,<LOD,3.0795,0.0982,335.0224 , 20.8048,14.8340,552999.0625 , 4755.5142,<LOD,1.3163,0.1235,42498.2539 , 235.0626,52.3955,<LOD,2.2677,1.1836,<LOD,39.3838,0.6849,<LOD,56.1903,12.4634,118.1574 , 5.9736,3.1512,6.8129 , 2.8182,0.3170,34663.0234 , 138.5393,78.8465,<LOD,0.0000,0.0000,<LOD,2.6430,0.1874,10573.6670 , 115.3107,6.9180,20015.3789 , 3249.2078,0.0702,575.3183 , 29.2345,1.3758,<LOD,1.0313,4.3105,3.5871 , 0.5827,2.8563,<LOD,7.8486,0.2799,596.8538 , 104.7790,0.1901,5.2044 , 0.9837,0.2913,<LOD,1.2692,0.4135,40.0346 , 1.1594,1.9765,<LOD,0.0000,0.0000,131.7743 , 26.4601,0.3155,<LOD,4.2361,3.5219,<LOD,0.8324,0.1854,233459.1406 , 626.1451,20.8669,13.2164 , 2.3307,3.0025,278.8847 , 1.5552,15.5762,<LOD,0.0000,0.0000,4.1853 , 0.7697,0.3168,5719.3975 , 44.0360,18.7036,3.5272 , 1.0296,0.5563,165.7032 , 12.8044,3.3707,<LOD,6.7738,0.1764,19.0914 , 0.7446,2.5579,47.4581 , 2.8344,0.6124,100.1004 , 1.2077,11.1549,6,409.200012,39.005283,-122.671013,10.000000,528485.437500,4317414.500000,
1641,Mining,120.12,30.08,30.07,30.15,29.82,"Wed May 6, 2026 - 19:57:37",User,1.5,ppm,,,,,,Mining,<LOD,1.4209,0.6187,107590.3438 , 1944.9905,2.3193,<LOD,1.4078,0.2284,<LOD,3.0052,0.1000,346.5797 , 20.3268,15.2455,547032.4375 , 4848.4204,<LOD,1.3601,0.1411,39378.1289 , 225.3775,51.6894,<LOD,2.1670,1.1404,<LOD,39.8966,0.7115,<LOD,56.0542,13.2744,115.3773 , 5.5791,3.1704,10.3058 , 2.8678,0.3511,34628.6133 , 146.0526,84.2876,<LOD,0.0000,0.0000,<LOD,2.6619,0.2041,9903.4824 , 108.5816,6.8459,24867.9805 , 3369.5928,0.0785,570.1188 , 29.0043,1.4485,<LOD,1.0102,4.4219,3.6258 , 0.5756,2.9925,<LOD,7.6727,0.2778,585.6226 , 104.7364,0.1926,6.5850 , 1.0011,0.3235,<LOD,1.2584,0.4334,40.1455 , 1.1527,2.0970,<LOD,0.0000,0.0000,153.9960 , 26.7929,0.3284,<LOD,4.1593,3.6553,<LOD,0.8177,0.1917,228683.7031 , 648.2817,21.5313,16.4257 , 2.2803,3.0738,277.1828 , 1.5724,16.5626,<LOD,0.0000,0.0000,2.1894 , 0.7551,0.3090,5458.0640 , 41.4090,18.9223,2.3239 , 1.0053,0.5671,160.6597 , 11.9814,3.3989,<LOD,6.7784,0.1890,17.4890 , 0.7296,2.6225,50.0293 , 2.8586,0.6656,98.6410 , 1.2040,11.7743,6,408.399994,39.005283,-122.671066,10.000000,528481.125000,4317414.500000,
1642,Mining,123.13,32.73,30.09,30.11,30.20,"Wed May 6, 2026 - 20:03:49",User,1.5,ppm,,,,,,Mining,<LOD,1.4030,0.6237,96915.4375 , 1764.0508,2.0985,<LOD,1.4273,0.2365,<LOD,2.9287,0.0920,320.2591 , 19.7581,14.6804,562530.6875 , 4548.1011,<LOD,1.2828,0.1216,40344.7188 , 224.1635,52.1181,<LOD,2.1442,1.1581,<LOD,37.4258,0.6930,<LOD,57.1932,13.5999,109.4136 , 5.6241,3.1338,6.8861 , 2.8106,0.3274,36319.7695 , 142.9344,86.7395,<LOD,0.0000,0.0000,<LOD,2.8275,0.2103,10426.7324 , 110.9413,7.1075,23022.6465 , 3169.0867,0.0746,601.9440 , 29.4746,1.4777,<LOD,1.0305,4.4633,3.9260 , 0.5845,2.9844,<LOD,7.7013,0.2631,544.7974 , 96.8660,0.1805,5.7482 , 0.9909,0.3072,<LOD,1.1942,0.4008,43.8898 , 1.1951,2.2012,<LOD,0.0000,0.0000,112.9280 , 25.1823,0.3178,<LOD,4.0356,3.5169,<LOD,0.7932,0.1738,222472.8125 , 601.8006,20.5371,10.3135 , 2.2043,2.9335,282.6285 , 1.5712,16.4300,<LOD,0.0000,0.0000,3.3544 , 0.7475,0.3085,5582.6689 , 41.9482,19.1169,2.5221 , 1.0222,0.5677,162.1868 , 12.1926,3.4362,<LOD,6.8997,0.1903,18.8737 , 0.7505,2.6867,53.5854 , 2.9294,0.6789,101.2632 , 1.2167,11.7256,8,412.000000,39.005337,-122.670975,10.000000,528488.437500,4317420.500000,
1643,Mining,120.43,30.11,30.28,30.03,30.01,"Wed May 6, 2026 - 20:06:08",User,1.5,ppm,,,,,,Mining,<LOD,1.4235,0.5985,98292.3516 , 1931.7794,2.1243,<LOD,1.4385,0.2287,<LOD,2.9877,0.0912,354.8532 , 20.5868,15.0504,549608.2500 , 5042.8247,<LOD,1.3845,0.1353,40095.5234 , 233.0541,50.4615,<LOD,2.1639,1.0907,<LOD,37.2170,0.6176,<LOD,57.4795,13.0344,115.4901 , 5.8817,3.1101,8.2011 , 2.8758,0.3272,35531.3672 , 147.0698,82.8405,<LOD,0.0000,0.0000,<LOD,3.4766,0.2073,10403.5430 , 115.1131,6.9158,30226.4043 , 3525.3262,0.0857,637.1455 , 30.5156,1.5000,<LOD,1.0225,4.3105,4.0704 , 0.5786,2.8900,<LOD,7.8618,0.2689,546.4698 , 99.4376,0.1742,5.3878 , 0.9999,0.2983,<LOD,1.2591,0.4182,41.5950 , 1.1812,2.0479,<LOD,0.0000,0.0000,96.1988 , 25.5515,0.2995,<LOD,4.1809,3.5343,<LOD,0.8513,0.1964,227819.5156 , 633.3099,20.6021,12.0556 , 2.2882,2.9669,279.5538 , 1.5951,15.9211,<LOD,0.0000,0.0000,2.5927 , 0.7736,0.3024,5592.4531 , 43.9071,18.7272,<LOD,2.4098,0.5327,156.2093 , 12.6402,3.3400,<LOD,6.8072,0.1765,18.0047 , 0.7480,2.5501,51.8095 , 2.9391,0.6523,100.9445 , 1.2311,11.4136,6,410.200012,39.005306,-122.671082,10.000000,528479.250000,4317417.000000,
1644,Mining,123.18,32.94,30.02,30.12,30.10,"Wed May 6, 2026 - 20:11:25",User,1.5,ppm,,,,,,Mining,<LOD,1.8068,0.5132,82198.9453 , 2400.9058,1.7823,<LOD,1.6914,0.1829,<LOD,3.7477,0.0823,541.5914 , 26.9422,14.2459,562915.1250 , 6269.0103,<LOD,1.6234,0.1065,37606.1172 , 216.6350,34.8190,<LOD,2.7566,0.9407,<LOD,46.3698,0.5876,<LOD,65.2908,9.5775,99.9240 , 5.8497,2.2252,11.4490 , 3.4994,0.2773,34800.8906 , 135.7002,60.0065,<LOD,0.0000,0.0000,<LOD,4.8755,0.1833,9245.3877 , 111.0906,4.6248,15711.9473 , 3754.6848,0.0583,576.9376 , 34.3313,1.0816,<LOD,1.2631,3.5467,5.0047 , 0.6836,2.3047,<LOD,9.2652,0.2245,623.6996 , 116.5793,0.1454,4.7753 , 1.1672,0.2321,<LOD,1.6045,0.3618,45.9361 , 1.3973,1.6642,<LOD,0.0000,0.0000,<LOD,45.7891,0.2618,<LOD,5.3299,3.0381,<LOD,1.0575,0.1727,249676.1875 , 671.5222,16.8614,17.7861 , 2.9473,2.6481,287.1087 , 1.7639,12.1522,<LOD,0.0000,0.0000,4.4507 , 0.9344,0.2610,5293.6514 , 41.6771,13.0281,<LOD,2.4135,0.4118,157.6242 , 12.5066,2.3714,<LOD,8.6480,0.1638,20.0832 , 0.8891,2.0703,43.7341 , 3.3298,0.4791,111.6579 , 1.4377,9.1519,8,404.299988,39.005337,-122.671120,10.000000,528476.312500,4317420.000000,
1645,Mining,122.97,32.75,30.07,30.06,30.09,"Wed May 6, 2026 - 20:13:45",User,1.5,ppm,,,,,,Mining,<LOD,1.8465,0.5721,87311.9453 , 2437.4185,1.8879,<LOD,1.7820,0.1983,5.2229 , 2.7981,0.1012,582.0920 , 27.6552,15.8911,542851.6875 , 6553.3477,<LOD,1.6735,0.1146,42351.1523 , 233.3636,40.6595,<LOD,2.8142,1.0444,<LOD,44.0027,0.5880,<LOD,65.7933,9.8792,120.5618 , 6.3454,2.5571,10.3407 , 3.5052,0.2822,35318.5195 , 141.4426,62.2518,<LOD,0.0000,0.0000,<LOD,4.5975,0.1901,10767.9375 , 120.4975,5.5410,22551.4570 , 3912.4958,0.0696,560.2491 , 34.2740,1.0945,<LOD,1.2224,3.5205,5.6243 , 0.6912,2.3726,<LOD,9.5955,0.2523,517.3760 , 108.7470,0.1390,8.6487 , 1.2607,0.2748,<LOD,1.7076,0.4406,48.1712 , 1.4291,1.7655,<LOD,0.0000,0.0000,<LOD,43.5596,0.2659,<LOD,5.4476,3.3711,<LOD,1.1208,0.1844,250246.2031 , 654.6672,17.6277,18.1639 , 3.0181,2.9622,311.1128 , 1.8571,13.3924,<LOD,0.0000,0.0000,3.1423 , 0.9385,0.2588,6048.7764 , 46.1155,15.3390,<LOD,1.7771,0.4213,172.3147 , 13.6372,2.7550,<LOD,8.7509,0.1698,21.2674 , 0.9097,2.1887,49.2094 , 3.4379,0.5181,118.8698 , 1.4899,9.8794,7,403.799988,39.005314,-122.671021,10.000000,528484.875000,4317417.500000,
1646,Mining,120.28,30.17,30.08,30.15,29.88,"Wed May 6, 2026 - 20:19:15",User,1.5,ppm,,,,,,Mining,1.5440 , 0.9907,0.6171,51451.2344 , 1293.0778,1.1524,<LOD,1.5171,0.2281,<LOD,3.1250,0.0913,271.4428 , 19.9893,12.8778,693446.6250 , 3691.8538,<LOD,1.4274,0.1314,37713.6523 , 217.4720,46.7941,<LOD,2.1771,1.0376,<LOD,42.4040,0.8236,<LOD,61.6518,14.3759,146.2618 , 5.9889,3.3012,9.7414 , 3.0625,0.3401,40759.2773 , 138.4311,93.7873,<LOD,0.0000,0.0000,<LOD,2.8833,0.2026,9578.1318 , 110.2597,6.3019,9995.6152 , 2863.8149,0.0513,619.9562 , 31.1240,1.5043,<LOD,1.0918,4.3649,2.1838 , 0.6130,2.8451,<LOD,8.3458,0.2648,373.5540 , 95.8366,0.1547,6.5358 , 1.0692,0.3120,<LOD,1.1855,0.3425,42.2492 , 1.2373,2.0430,<LOD,0.0000,0.0000,96.9363 , 26.4466,0.3187,<LOD,4.1104,3.1686,<LOD,0.8516,0.1753,149694.8438 , 531.7007,12.4052,6.0647 , 2.2322,2.6037,281.5579 , 1.5836,15.4385,<LOD,0.0000,0.0000,2.9414 , 0.8078,0.3044,5161.8408 , 40.6862,17.0302,3.9835 , 1.0981,0.5711,161.6968 , 12.1955,3.1275,<LOD,7.3654,0.1895,19.4216 , 0.7906,2.6042,51.4281 , 3.0441,0.6411,101.2406 , 1.2592,11.1127,6,401.500000,39.005360,-122.671097,10.000000,528477.937500,4317423.000000,
1647,Mining,120.42,30.13,30.03,30.06,30.20,"Wed May 6, 2026 - 20:21:39",User,1.5,ppm,,,,,,Mining,<LOD,1.6367,0.6472,76236.4609 , 1626.8302,1.6718,<LOD,1.3537,0.2001,<LOD,2.8321,0.0851,292.8112 , 20.5289,14.2517,612475.2500 , 4240.9033,<LOD,1.2861,0.1208,38139.5664 , 222.0973,47.0712,<LOD,2.2560,1.1741,<LOD,42.3874,0.8047,<LOD,56.8237,13.4124,135.7702 , 5.9931,3.2472,6.9597 , 2.7578,0.3114,37550.0547 , 135.4481,86.2755,<LOD,0.0000,0.0000,<LOD,3.5636,0.1996,9861.1162 , 112.6083,6.4538,16035.3340 , 3124.3967,0.0633,554.8585 , 28.3953,1.3698,<LOD,0.9706,4.0690,2.2472 , 0.5514,2.7332,<LOD,7.5451,0.2427,446.6039 , 104.0896,0.1802,5.8655 , 0.9700,0.2910,<LOD,1.2457,0.3984,36.6198 , 1.0868,1.7897,<LOD,0.0000,0.0000,252.5312 , 28.6894,0.3723,<LOD,4.2315,3.5378,<LOD,0.7719,0.1637,202164.9688 , 592.4274,17.5103,10.0474 , 2.3075,2.9339,239.4545 , 1.4006,13.3933,<LOD,0.0000,0.0000,2.1646 , 0.7203,0.2714,5247.5200 , 41.3873,17.2149,<LOD,2.1759,0.4853,163.9518 , 12.3396,3.1602,<LOD,6.3876,0.1607,16.5140 , 0.7068,2.3646,38.5604 , 2.6456,0.5468,84.7737 , 1.1062,9.6809,7,401.399994,39.005356,-122.671104,10.000000,528477.625000,4317422.500000,
1648,Mining,123.19,32.73,30.05,30.21,30.20,"Wed May 6, 2026 - 20:26:16",User,1.5,ppm,,,,,,Mining,<LOD,1.5810,0.5991,72072.9219 , 1532.1539,1.5758,<LOD,1.5152,0.2576,<LOD,3.0182,0.0907,345.3457 , 20.3318,13.8914,640595.6250 , 4001.8994,<LOD,1.4643,0.1476,33221.8828 , 190.9684,39.6915,<LOD,2.2064,1.0841,<LOD,37.4388,0.6285,<LOD,58.1605,13.2320,80.7881 , 4.8049,2.3925,8.8533 , 2.9268,0.3288,37484.7578 , 130.8439,84.3336,<LOD,0.0000,0.0000,<LOD,2.6309,0.1743,8545.8408 , 97.2314,5.4354,11558.0371 , 2817.3315,0.0524,639.8295 , 30.3032,1.4698,<LOD,1.0498,4.2746,3.1194 , 0.5934,2.8394,<LOD,8.0530,0.2743,429.1592 , 93.5528,0.1498,6.2988 , 1.0191,0.3014,<LOD,1.2287,0.3745,43.5766 , 1.2095,2.0839,<LOD,0.0000,0.0000,93.6317 , 25.5367,0.2988,<LOD,4.1404,3.2715,<LOD,0.8140,0.1697,189611.4688 , 562.1069,15.5896,14.9613 , 2.2789,2.7885,292.1874 , 1.5646,15.8889,<LOD,0.0000,0.0000,<LOD,1.8507,0.2903,4630.4126 , 35.4841,14.8621,4.1733 , 1.0632,0.5709,137.0979 , 10.5474,2.6898,<LOD,7.0975,0.1864,19.4273 , 0.7633,2.5837,53.2067 , 2.9656,0.6449,107.4068 , 1.2417,11.5114,7,401.700012,39.005348,-122.671120,10.000000,528476.312500,4317421.500000,
1649,Mining,98.39,30.09,30.02,30.12,8.16,"Wed May 6, 2026 - 20:28:45",User,1.5,ppm,,,,,,Mining,<LOD,1.3757,0.4572,23463.9590 , 2086.7625,0.5641,<LOD,1.6277,0.2263,<LOD,3.4479,0.0944,203.7509 , 19.0307,10.0468,793698.4375 , 6489.9092,<LOD,1.5233,0.1268,38342.8750 , 219.3379,43.5348,<LOD,2.0550,0.8027,<LOD,103.4242,0.8124,<LOD,63.4689,12.7578,101.8500 , 5.5176,2.6444,14.1222 , 3.3529,0.3455,38823.2383 , 151.7058,81.8073,<LOD,0.0000,0.0000,3.3781 , 2.1240,0.2175,10070.3916 , 110.0648,6.0631,<LOD,8605.0693,0.0319,672.9910 , 33.3910,1.4474,<LOD,1.1784,4.2944,3.5427 , 0.6618,2.8067,<LOD,8.7724,0.2572,<LOD,430.1981,0.1173,6.5705 , 1.1341,0.2974,<LOD,1.0821,0.2471,46.8250 , 1.3491,2.0628,<LOD,0.0000,0.0000,104.4856 , 64.8067,0.3178,<LOD,3.9554,2.5745,<LOD,0.9193,0.1725,88317.1484 , 1029.9801,6.4081,<LOD,4.5418,2.0619,308.5751 , 1.7565,15.5789,<LOD,0.0000,0.0000,2.9441 , 0.8607,0.2927,5413.8838 , 41.1079,16.3273,3.6248 , 1.1826,0.5587,151.0532 , 11.9880,2.9097,<LOD,7.4798,0.1650,21.6747 , 0.8587,2.6030,59.8204 , 3.3503,0.6582,113.4036 , 1.3842,11.2902,7,401.200012,39.005367,-122.671150,10.000000,528473.562500,4317423.500000,
1650,Mining,0.37,0.37,,,,"Wed May 6, 2026 - 20:28:56",User,1.5,ppm,,,,,,Mining,<LOD,292.5943,4.1393,,,,<LOD,2.9464,-0.0000,<LOD,6.5992,-0.0000,,,,982108.0625 , 10572.7256,<LOD,4.6427,0.0000,,,,<LOD,318.8024,4.4812,,,,<LOD,3331.3136,1.7679,<LOD,819.8826,-0.0058,<LOD,16.9770,-0.0000,17786.8398 , 4443.4219,7.7778,<LOD,0.0000,0.0000,<LOD,7.1238,-0.0000,,,,,,,<LOD,4862.4247,0.5556,<LOD,72.1781,1.1643,<LOD,63.5976,0.8333,<LOD,235.1518,-0.0000,,,,<LOD,3.1684,-0.0002,<LOD,336.9519,5.3033,<LOD,57.0056,0.0000,<LOD,0.0000,0.0000,,,,<LOD,557.3340,5.5552,<LOD,1.7301,-0.0000,,,,<LOD,390.9137,4.6281,105.0855 , 54.6010,1.3888,<LOD,0.0000,0.0000,<LOD,2.3255,-0.0001,<LOD,3186.1703,-0.0229,<LOD,166.5908,0.2778,<LOD,12753.4717,0.5549,<LOD,36.5538,-0.0000,<LOD,81.4915,0.5553,<LOD,7.7727,-0.0000,<LOD,71.1889,0.8331,7,403.000000,39.005367,-122.671089,10.000000,528478.625000,4317423.500000,
1651,Mining,120.01,30.00,30.07,30.22,29.72,"Wed May 6, 2026 - 20:32:11",User,1.5,ppm,,,,,,Mining,<LOD,1.8286,0.6671,96952.6484 , 1736.7589,2.1044,<LOD,1.3474,0.2418,<LOD,2.7330,0.0920,306.4962 , 19.2534,14.9075,561533.8750 , 4354.5479,<LOD,1.2042,0.1228,40481.4688 , 230.1144,54.4196,<LOD,2.1099,1.2045,<LOD,38.8411,0.7362,<LOD,54.0956,13.8071,126.2815 , 5.8669,3.4369,9.5016 , 2.7106,0.3489,35218.4180 , 139.5141,87.6845,<LOD,0.0000,0.0000,<LOD,2.4559,0.1943,10652.3701 , 114.4088,7.5597,21511.7363 , 3163.0986,0.0734,562.1222 , 27.6236,1.4682,<LOD,0.9360,4.3538,2.7551 , 0.5346,2.9734,<LOD,7.2830,0.2717,423.8999 , 98.4791,0.1795,5.8161 , 0.9347,0.3136,<LOD,1.1872,0.4252,39.6234 , 1.0879,2.0893,<LOD,0.0000,0.0000,201.5851 , 26.4489,0.3491,<LOD,3.9430,3.6001,<LOD,0.7495,0.1796,225773.0469 , 623.6760,21.8074,12.4341 , 2.1626,3.0338,255.8223 , 1.4365,15.6358,<LOD,0.0000,0.0000,2.2112 , 0.6847,0.2895,5608.6470 , 43.1842,20.0686,<LOD,2.0899,0.5372,164.2353 , 12.5061,3.6184,<LOD,6.1529,0.1728,16.9841 , 0.6929,2.6302,45.7716 , 2.6603,0.6411,92.2969 , 1.1165,11.3105,6,399.500000,39.005375,-122.671066,10.000000,528480.500000,4317424.500000,
1652,Mining,123.08,32.79,30.03,30.08,30.18,"Wed May 6, 2026 - 20:37:19",User,1.5,ppm,,,,,,Mining,<LOD,1.6060,0.6083,77385.0781 , 1694.6207,1.6815,<LOD,1.5656,0.2229,<LOD,3.2591,0.0914,447.8105 , 23.4346,15.7628,616127.7500 , 4409.6904,<LOD,1.5056,0.1345,38340.2734 , 218.9790,42.5773,<LOD,2.4678,1.1377,<LOD,37.3979,0.5829,<LOD,59.4551,11.7728,100.9354 , 5.6812,2.5750,8.3766 , 3.0546,0.3100,35807.2852 , 130.5238,74.1429,<LOD,0.0000,0.0000,<LOD,3.4357,0.2041,9698.5254 , 111.6863,5.7703,12103.3623 , 2911.7412,0.0519,592.2051 , 30.9751,1.3039,<LOD,1.1140,4.1782,4.9449 , 0.6279,2.7593,<LOD,8.5213,0.2810,459.4288 , 93.2479,0.1397,8.0684 , 1.1037,0.3061,<LOD,1.4277,0.4298,45.3002 , 1.2636,1.9811,<LOD,0.0000,0.0000,<LOD,36.9696,0.2591,<LOD,4.6980,3.5382,<LOD,0.8928,0.1777,202921.1875 , 574.4349,15.8362,13.3028 , 2.5822,3.0225,302.7380 , 1.6449,15.2728,<LOD,0.0000,0.0000,1.8577 , 0.8226,0.2798,5303.5391 , 41.4782,15.7056,2.4252 , 1.0904,0.5180,147.9342 , 12.2920,2.8054,<LOD,7.6880,0.1897,21.4879 , 0.8120,2.5344,44.7057 , 2.9637,0.5572,111.4880 , 1.3072,11.0376,6,396.799988,39.005352,-122.671120,10.000000,528476.500000,4317422.000000,
1653,Mining,120.38,30.07,30.01,30.09,30.21,"Wed May 6, 2026 - 20:40:00",User,1.5,ppm,,,,,,Mining,<LOD,1.6562,0.6613,105091.1719 , 2210.5117,2.2658,<LOD,1.5661,0.2359,<LOD,3.4714,0.1071,438.4486 , 23.6799,16.2667,513849.5625 , 5810.2368,<LOD,1.5116,0.1400,42490.4492 , 245.1698,50.4992,<LOD,2.5032,1.1942,<LOD,39.7518,0.6304,<LOD,60.7545,12.8404,121.8003 , 6.1890,3.0590,10.4756 , 3.0866,0.3277,37535.2578 , 157.6413,81.7950,<LOD,0.0000,0.0000,5.3995 , 2.1434,0.2465,10978.9619 , 120.7747,6.9114,32631.9473 , 3835.3330,0.0901,653.4989 , 31.8848,1.4467,<LOD,1.1117,4.2435,5.7476 , 0.6311,2.8552,<LOD,8.7003,0.3019,590.8082 , 107.3506,0.1821,6.9698 , 1.0871,0.3057,<LOD,1.4750,0.4690,46.6894 , 1.2955,2.1262,<LOD,0.0000,0.0000,98.7323 , 26.6566,0.2936,<LOD,4.7503,3.6857,<LOD,0.9316,0.1989,248801.7500 , 666.2622,21.6580,12.4838 , 2.6054,3.1266,313.1185 , 1.7631,16.4684,<LOD,0.0000,0.0000,2.7413 , 0.8383,0.3047,5947.6924 , 46.6345,18.6642,3.1041 , 1.1199,0.5595,171.9111 , 13.4147,3.3494,<LOD,7.6947,0.1964,22.4317 , 0.8236,2.6742,52.6070 , 3.0892,0.6262,116.2444 , 1.3555,11.8730,8,397.299988,39.005348,-122.671112,10.000000,528476.875000,4317421.500000,
1654,Mining,120.11,30.27,30.08,30.02,29.74,"Wed May 6, 2026 - 20:44:14",User,1.5,ppm,,,,,,Mining,<LOD,2.5638,0.6989,92926.5312 , 1845.9420,2.0150,<LOD,1.5675,0.2763,<LOD,3.3399,0.1128,366.8491 , 22.1781,15.5349,567938.3750 , 4755.0610,<LOD,1.4438,0.1451,41117.0352 , 232.2560,51.8510,<LOD,2.4059,1.2243,<LOD,39.4763,0.6825,<LOD,59.7201,14.3588,107.8241 , 5.8162,3.0364,13.9343 , 3.0548,0.3654,39447.8867 , 148.9699,91.6802,<LOD,0.0000,0.0000,<LOD,3.4427,0.2202,10642.5977 , 115.5542,7.0925,19888.6660 , 3292.4116,0.0690,655.5976 , 30.6253,1.5468,<LOD,1.0764,4.5271,4.4935 , 0.6049,2.9732,<LOD,8.3922,0.3087,403.1943 , 100.7133,0.1683,7.5183 , 1.0670,0.3347,<LOD,1.3948,0.4621,49.1828 , 1.2694,2.3426,<LOD,0.0000,0.0000,131.4040 , 26.5391,0.3145,<LOD,4.5248,3.7141,<LOD,0.8999,0.2113,219910.0156 , 623.8187,19.7966,16.2356 , 2.4863,3.1511,318.0825 , 1.6874,17.6733,<LOD,0.0000,0.0000,3.8099 , 0.8222,0.3426,5678.8545 , 43.8855,19.0136,2.5435 , 1.0695,0.5835,171.5246 , 12.8216,3.4488,<LOD,7.2947,0.2005,22.7149 , 0.8025,2.8848,58.2346 , 3.0551,0.6968,116.9484 , 1.3083,12.6811,7,397.700012,39.005341,-122.671112,10.000000,528476.750000,4317420.500000,
1655,Mining,122.79,32.52,30.10,30.02,30.15,"Wed May 6, 2026 - 20:47:09",User,1.5,ppm,,,,,,Mining,<LOD,1.5091,0.6407,112820.3984 , 2029.6910,2.4271,<LOD,1.4806,0.2384,<LOD,3.0784,0.0968,420.1584 , 21.6464,16.0186,513007.1875 , 5201.4087,<LOD,1.4602,0.1505,40758.5195 , 231.8952,51.4625,<LOD,2.2432,1.1107,<LOD,37.4677,0.6545,<LOD,58.4751,13.7006,120.6810 , 5.7687,3.1329,12.5099 , 2.9813,0.3521,37537.2656 , 154.7648,87.4771,<LOD,0.0000,0.0000,<LOD,3.8052,0.2259,10426.4248 , 112.8757,6.9675,29806.3828 , 3460.4785,0.0861,654.3191 , 30.4994,1.5266,<LOD,1.0564,4.4352,3.6647 , 0.5898,2.8656,<LOD,8.1391,0.2929,557.5982 , 99.1274,0.1816,7.1163 , 1.0404,0.3228,<LOD,1.3466,0.4563,43.6332 , 1.2164,2.1513,<LOD,0.0000,0.0000,380.9739 , 28.0214,0.3910,<LOD,4.3075,3.5204,<LOD,0.8531,0.1935,247087.7656 , 641.7331,22.8107,16.5435 , 2.3967,3.1091,298.6461 , 1.6609,16.8120,<LOD,0.0000,0.0000,3.0271 , 0.8116,0.3299,5685.7085 , 43.3764,19.0024,3.9249 , 1.0649,0.5871,159.1600 , 12.4277,3.3779,<LOD,7.4935,0.2148,20.7608 , 0.7730,2.7140,56.5504 , 3.0162,0.6868,111.0794 , 1.2795,12.1852,7,397.700012,39.005337,-122.671120,10.000000,528476.312500,4317420.000000,
1656,Mining,120.56,30.25,30.10,30.08,30.13,"Wed May 6, 2026 - 20:49:55",User,1.5,ppm,,,,,,Mining,<LOD,1.5428,0.5468,81962.3125 , 1934.4098,1.7785,<LOD,1.5578,0.2159,<LOD,3.3523,0.0932,436.4428 , 23.0109,14.9289,593949.3125 , 5049.0005,<LOD,1.5876,0.1446,35937.7656 , 204.0332,39.4070,<LOD,2.4004,1.0490,<LOD,40.4751,0.5970,<LOD,60.1683,11.6314,92.6186 , 5.2704,2.4529,5.0793 , 3.0014,0.2880,36163.9375 , 136.0861,74.2397,<LOD,0.0000,0.0000,<LOD,3.8151,0.2021,9188.2666 , 103.7038,5.4052,17660.6074 , 3359.7427,0.0620,579.8774 , 31.0949,1.2696,<LOD,1.1081,3.9763,2.9993 , 0.6182,2.5648,<LOD,8.3836,0.2518,451.9292 , 101.2984,0.1437,6.6461 , 1.0859,0.2848,<LOD,1.4257,0.4204,42.6841 , 1.2528,1.8659,<LOD,0.0000,0.0000,72.7756 , 27.6629,0.2882,<LOD,4.5930,3.2977,<LOD,0.9131,0.1791,217777.2188 , 620.6788,16.9193,15.6448 , 2.5436,2.8789,290.3110 , 1.6442,14.5137,<LOD,0.0000,0.0000,<LOD,1.9806,0.2770,5029.4341 , 38.7680,14.8169,2.5776 , 1.0947,0.5029,148.8111 , 11.4448,2.6939,<LOD,7.7502,0.1856,19.7097 , 0.8019,2.3789,56.6348 , 3.1948,0.6236,106.4042 , 1.2999,10.4880,7,397.899994,39.005337,-122.671120,10.000000,528476.187500,4317420.000000,
1657,Mining,120.44,30.22,30.21,30.10,29.91,"Wed May 6, 2026 - 21:35:26",User,1.5,ppm,,,,,,Mining,<LOD,1.6286,0.6734,60343.2617 , 1409.6187,1.3548,<LOD,1.8186,0.3218,<LOD,3.6461,0.1096,506.6133 , 23.9075,17.4350,638796.9375 , 4183.7607,<LOD,1.6658,0.1587,31632.2559 , 261.2798,45.1010,<LOD,2.4599,1.2069,<LOD,38.3237,0.7703,<LOD,80.1336,28.6911,126.4706 , 8.4766,4.6206,9.0833 , 3.3782,0.3741,75496.5234 , 213.7014,198.8687,<LOD,0.0000,0.0000,6.0830 , 2.2688,0.2592,5941.5273 , 116.6709,4.6831,13230.4082 , 3340.4856,0.0680,426.2241 , 28.4889,1.5178,<LOD,1.1974,4.5657,6.1246 , 0.6790,3.1156,45.6681 , 7.3330,0.3379,660.9543 , 109.8359,0.2416,5.6690 , 1.1975,0.3439,<LOD,1.5107,0.5232,23.9725 , 1.1014,1.3060,<LOD,0.0000,0.0000,20556.2617 , 116.4562,8.3333,<LOD,4.8059,4.0000,<LOD,1.0226,0.2277,146308.4844 , 526.2555,14.0298,15.0161 , 2.6063,3.2842,342.3613 , 1.8921,18.3413,<LOD,0.0000,0.0000,5.5529 , 0.9421,0.3601,5132.6602 , 54.7233,19.9752,<LOD,2.8779,0.5682,187.8713 , 16.5612,3.9732,<LOD,8.0716,0.2025,20.1237 , 0.8238,2.4739,47.8757 , 3.1745,0.6278,126.0477 , 1.4827,13.1359,10,390.500000,39.004333,-122.670631,10.000000,528518.562500,4317309.000000,
1658,Mining,120.41,30.11,30.11,30.03,30.16,"Wed May 6, 2026 - 21:37:49",User,1.5,ppm,,,,,,Mining,<LOD,1.5941,0.6598,94118.9375 , 1873.5659,2.0566,<LOD,1.7678,0.3134,<LOD,3.5083,0.1085,458.8517 , 23.3037,16.8102,543811.8125 , 5070.0103,<LOD,1.6483,0.1662,33496.4258 , 266.2774,47.8267,<LOD,2.4014,1.1753,<LOD,41.6247,0.8478,<LOD,76.8522,27.0719,134.5617 , 8.2960,4.5641,10.3089 , 3.2718,0.3742,70840.1641 , 240.0580,186.6147,<LOD,0.0000,0.0000,7.8789 , 2.2417,0.2725,6456.9878 , 118.2437,5.0581,25135.8613 , 3781.1077,0.0874,463.7917 , 28.4123,1.5450,<LOD,1.8021,4.7435,6.2005 , 0.6504,3.0579,43.2484 , 7.0695,0.3543,840.5797 , 124.0088,0.2953,8.4845 , 1.1980,0.3695,<LOD,1.4094,0.4620,24.6055 , 1.0772,1.3438,<LOD,0.0000,0.0000,13663.1348 , 100.0248,5.6096,<LOD,4.6938,3.9003,<LOD,0.9845,0.2259,204168.6094 , 627.1162,20.5141,19.0977 , 2.5710,3.2873,337.1147 , 1.9013,18.4468,<LOD,0.0000,0.0000,1.7582 , 0.8704,0.3025,5571.1216 , 56.6860,21.7646,<LOD,2.7078,0.5644,185.6746 , 16.6798,4.1790,<LOD,7.8235,0.2031,20.9491 , 0.8064,2.5344,47.0722 , 3.0667,0.6248,126.7645 , 1.4582,13.3146,9,390.600006,39.004337,-122.670639,10.000000,528518.437500,4317309.500000,
1659,Mining,120.22,30.10,30.04,30.02,30.06,"Wed May 6, 2026 - 21:42:56",User,1.5,ppm,,,,,,Mining,<LOD,1.5208,0.6550,83286.9922 , 1679.4215,1.8261,<LOD,1.5583,0.2832,<LOD,2.9235,0.0856,419.6626 , 21.7519,16.0943,602908.8750 , 4389.4434,<LOD,1.3829,0.1320,29064.0352 , 227.1249,39.4026,<LOD,2.2966,1.1802,<LOD,41.4121,0.8015,<LOD,67.2560,20.9832,97.8686 , 6.8705,3.6138,<LOD,5.3923,0.3171,57108.1797 , 181.0245,145.6551,<LOD,0.0000,0.0000,<LOD,4.3963,0.2157,4907.6069 , 97.2618,3.7341,14416.8008 , 3275.4612,0.0675,362.2012 , 25.6820,1.2690,<LOD,1.0394,4.2952,3.0716 , 0.5858,2.8655,<LOD,13.6841,0.2809,669.9346 , 116.8087,0.2445,5.6388 , 1.0285,0.3089,<LOD,1.3162,0.4372,15.7790 , 0.8772,0.9855,<LOD,0.0000,0.0000,14019.5635 , 100.1760,5.4621,<LOD,4.4021,3.7465,<LOD,0.7882,0.1596,187697.9219 , 591.4518,17.5793,13.3311 , 2.3940,3.0925,237.5199 , 1.4641,13.4903,<LOD,0.0000,0.0000,1.5648 , 0.7403,0.2542,4487.1323 , 46.5396,16.9255,<LOD,2.3068,0.4816,144.3053 , 13.6974,3.2553,<LOD,6.8895,0.1778,15.6817 , 0.6957,2.1662,28.5842 , 2.5760,0.4937,87.7515 , 1.1675,10.0098,9,392.100006,39.004349,-122.670647,10.000000,528517.875000,4317311.000000,
1660,Mining,120.43,30.09,30.12,30.12,30.10,"Wed May 6, 2026 - 21:45:33",User,1.5,ppm,,,,,,Mining,<LOD,2.4211,0.6614,73195.4062 , 1607.6609,1.6141,<LOD,1.7376,0.3090,<LOD,3.3926,0.0977,446.2603 , 23.1355,15.5841,617979.7500 , 4400.0459,<LOD,1.4823,0.1287,34040.3477 , 247.4288,43.5634,<LOD,2.4324,1.1257,<LOD,41.0014,0.7802,<LOD,71.0704,19.7014,115.0103 , 7.5198,3.8010,<LOD,7.4845,0.3162,55971.5703 , 175.5568,133.4310,<LOD,0.0000,0.0000,<LOD,3.9266,0.2093,5980.9404 , 107.9853,4.2556,13338.6660 , 3250.5349,0.0643,502.3243 , 29.4744,1.4068,<LOD,1.1206,4.2051,3.1454 , 0.6249,2.7473,<LOD,9.4895,0.2779,722.0929 , 118.0276,0.2480,6.1515 , 1.1143,0.3070,<LOD,1.4036,0.4234,20.7171 , 1.0104,1.1347,<LOD,0.0000,0.0000,14210.3271 , 98.6771,5.2825,<LOD,7.6183,3.7077,<LOD,0.9344,0.1933,177624.1250 , 566.2048,15.7168,20.2247 , 2.5696,3.0596,290.4831 , 1.6901,15.3999,<LOD,0.0000,0.0000,1.9052 , 0.8013,0.2557,5199.7896 , 51.9342,18.4982,<LOD,2.5998,0.5001,163.5844 , 15.2035,3.5324,<LOD,7.6328,0.1857,17.9896 , 0.7686,2.2389,41.7907 , 2.9851,0.5636,107.4244 , 1.3386,11.1959,9,392.700012,39.004349,-122.670647,10.000000,528517.437500,4317311.000000,
1661,Mining,123.00,32.69,30.19,30.02,30.10,"Wed May 6, 2026 - 21:50:07",User,1.5,ppm,,,,,,Mining,<LOD,1.7543,0.5448,64024.4453 , 1806.6969,1.4197,<LOD,1.6107,0.2047,<LOD,3.4587,0.0849,507.7776 , 25.9452,14.6346,619286.0000 , 5086.9478,<LOD,1.4697,0.1058,34597.4805 , 249.3539,37.3289,<LOD,2.6969,1.0187,<LOD,45.8321,0.7374,<LOD,69.8442,15.2533,114.1917 , 7.7010,3.2772,12.4026 , 3.3536,0.3119,50966.1992 , 157.1966,102.2040,<LOD,0.0000,0.0000,<LOD,3.1278,0.1775,6114.1235 , 111.1605,3.7013,13954.0361 , 3644.9583,0.0628,474.7218 , 29.9542,1.1586,<LOD,1.1423,3.6774,4.8628 , 0.6436,2.4595,<LOD,9.6903,0.2684,714.3588 , 125.1983,0.2118,4.6102 , 1.1022,0.2507,<LOD,1.5540,0.3825,23.0187 , 1.0453,1.0406,<LOD,0.0000,0.0000,13184.6357 , 100.3915,4.1738,<LOD,5.1922,3.2630,<LOD,0.9666,0.1733,189881.3750 , 602.1688,14.2911,20.6492 , 2.8584,2.7971,281.5835 , 1.6666,12.8629,<LOD,0.0000,0.0000,4.0716 , 0.8381,0.2498,5467.6445 , 51.8606,16.0183,<LOD,1.9911,0.4117,198.2076 , 15.7455,3.1427,<LOD,8.3427,0.1860,16.6246 , 0.7708,1.8856,38.9011 , 3.0329,0.4852,108.0925 , 1.3494,9.6195,9,393.600006,39.004356,-122.670647,10.000000,528517.687500,4317311.500000,
1662,Mining,124.02,33.81,30.08,30.04,30.09,"Wed May 6, 2026 - 21:52:42",User,1.5,ppm,,,,,,Mining,<LOD,4.8929,0.5374,381358.0000 , 2675.3113,1.6093,<LOD,0.1225,0.0007,<LOD,0.3053,0.0003,1880.2312 , 90.5279,14.1399,2739.2578,,<LOD,0.1721,0.0006,114941.3047 , 2529.8340,37.2746,<LOD,7.5063,1.0032,<LOD,134.0391,0.6978,64.8273 , 5.8176,0.0645,345.0138 , 27.9946,3.0230,<LOD,2.4061,0.0295,<LOD,19.5634,0.1471,<LOD,0.0000,0.0000,<LOD,0.7787,0.0033,15464.1055 , 427.6324,3.5216,45996.5898 , 8356.4727,0.0555,801.1620 , 50.2755,0.6184,<LOD,0.0051,0.0000,<LOD,0.0047,-0.0000,7.8431 , 3.2252,0.0497,3150.9453 , 381.5470,0.2335,<LOD,0.0832,0.0003,<LOD,4.2704,0.3646,<LOD,0.0499,0.0005,<LOD,0.0000,0.0000,22269.2617 , 501.3688,3.0013,<LOD,14.3544,3.1730,<LOD,0.1082,0.0006,393069.1875 , 4333.8481,16.1986,55.4464 , 7.8847,2.7196,<LOD,0.0125,0.0001,<LOD,0.0000,0.0000,<LOD,0.0930,0.0001,17271.5312 , 526.2402,16.2225,<LOD,0.0429,-0.0000,585.3039 , 56.1013,3.0781,<LOD,3.0867,0.0104,<LOD,0.0058,-0.0000,<LOD,1.1889,0.0137,<LOD,0.0138,0.0001,9,394.100006,39.004360,-122.670647,10.000000,528517.687500,4317312.000000,
1663,Mining,120.19,30.08,30.18,30.08,29.85,"Wed May 6, 2026 - 21:55:42",User,1.5,ppm,,,,,,Mining,<LOD,1.7169,0.5605,63415.9102 , 1781.1719,1.4049,<LOD,1.5722,0.1945,<LOD,3.2521,0.0769,447.0592 , 24.6771,14.0144,630854.9375 , 4959.6304,<LOD,1.4450,0.1050,34465.7891 , 237.5486,38.0261,<LOD,2.5998,1.0156,<LOD,46.5831,0.7510,<LOD,69.4304,15.3664,102.4505 , 7.0770,3.0992,9.2624 , 3.2505,0.3004,50057.4258 , 157.1373,102.5038,<LOD,0.0000,0.0000,<LOD,3.2423,0.1779,6230.6074 , 106.1330,3.8216,12905.7314 , 3597.4473,0.0603,506.1803 , 30.3090,1.2110,<LOD,1.1640,3.8553,3.7086 , 0.6465,2.4692,<LOD,9.4392,0.2535,795.8476 , 131.5863,0.2304,4.9882 , 1.0977,0.2558,<LOD,1.4835,0.3726,24.1691 , 1.0661,1.1152,<LOD,0.0000,0.0000,12389.3965 , 99.4839,4.0216,<LOD,4.9581,3.1728,<LOD,0.9081,0.1571,181447.0469 , 604.5980,13.8277,20.1793 , 2.7432,2.7551,270.2542 , 1.6320,12.6702,<LOD,0.0000,0.0000,2.9673 , 0.8114,0.2363,5703.2852 , 50.0687,17.0405,1.9521 , 1.0904,0.4363,177.8235 , 14.9222,3.1854,<LOD,7.7552,0.1642,17.3908 , 0.7785,1.9763,37.8323 , 2.9907,0.4842,107.7987 , 1.3393,9.7420,10,394.600006,39.004364,-122.670647,10.000000,528517.687500,4317312.500000,
1664,Mining,120.36,30.01,30.11,30.05,30.19,"Wed May 6, 2026 - 21:59:47",User,1.5,ppm,,,,,,Mining,<LOD,1.5013,0.5584,62260.0352 , 1478.5105,1.3765,<LOD,1.5920,0.2294,<LOD,3.1206,0.0826,380.9174 , 21.2276,13.4660,664911.9375 , 4029.6587,<LOD,1.4451,0.1227,25296.9863 , 213.4469,31.1780,<LOD,2.2524,0.9927,<LOD,42.3202,0.7834,<LOD,69.7738,19.0034,93.5616 , 6.9189,3.3434,7.2187 , 3.1200,0.3235,54573.6211 , 160.2302,127.6695,<LOD,0.0000,0.0000,<LOD,4.9244,0.2218,5428.5015 , 102.9860,3.7276,9497.9600 , 2990.8889,0.0525,469.7908 , 28.7912,1.3364,<LOD,1.1357,4.2751,4.0362 , 0.6373,2.8029,<LOD,9.2489,0.2594,615.8940 , 110.4482,0.2018,7.1232 , 1.1237,0.3139,<LOD,1.2306,0.3309,21.5867 , 1.0176,1.1605,<LOD,0.0000,0.0000,8079.6475 , 76.7485,2.9715,<LOD,4.2870,3.0910,<LOD,0.8743,0.1697,163670.5625 , 552.1255,13.4979,17.9069 , 2.3693,2.6680,281.1420 , 1.6274,14.6951,<LOD,0.0000,0.0000,3.1539 , 0.8099,0.2741,4080.3069 , 43.9351,13.9415,2.7032 , 1.0886,0.5074,142.4601 , 13.2695,2.7696,<LOD,7.7964,0.1945,16.8322 , 0.7532,2.1601,31.8328 , 2.7947,0.4938,104.2635 , 1.3042,10.7660,10,395.399994,39.004364,-122.670647,10.000000,528517.687500,4317312.500000,
1665,Mining,124.15,33.83,30.07,30.13,30.12,"Wed May 6, 2026 - 22:02:23",User,1.5,ppm,,,,,,Mining,<LOD,5.5898,0.6459,352009.4062 , 2853.9968,1.6212,<LOD,0.1965,0.0016,<LOD,0.4802,0.0005,2036.8856 , 104.6177,15.7506,3298.0347,,<LOD,0.2754,0.0012,149298.8750 , 3623.1316,49.9593,<LOD,8.3464,1.1330,<LOD,150.6289,0.8126,112.0464 , 8.4219,0.0990,492.5744 , 41.9359,4.1300,<LOD,3.0431,0.0369,<LOD,23.6552,0.1688,<LOD,0.0000,0.0000,<LOD,1.0481,0.0040,20634.5273 , 602.1470,4.8292,18938.6621 , 9838.5068,0.0545,963.8093 , 63.5492,0.7335,<LOD,0.0068,0.0000,<LOD,0.0063,-0.0000,18.0807 , 4.1345,0.0631,2972.2192 , 419.6945,0.2751,<LOD,0.0305,0.0000,<LOD,4.8368,0.4304,<LOD,0.0055,-0.0001,<LOD,0.0000,0.0000,57169.5156 , 1235.6998,7.9791,<LOD,16.1341,3.6735,<LOD,0.0884,-0.0003,370683.3125 , 4065.5486,16.9313,56.9928 , 8.8142,3.0936,<LOD,0.0076,-0.0000,<LOD,0.0000,0.0000,<LOD,0.1431,0.0001,20552.9492 , 711.6588,18.8324,<LOD,0.0568,-0.0001,762.1042 , 78.5765,3.7087,<LOD,4.5556,0.0178,<LOD,0.0064,-0.0000,<LOD,1.5187,0.0174,<LOD,0.0143,-0.0000,10,395.799988,39.004364,-122.670647,10.000000,528517.250000,4317312.500000,
1666,Mining,120.71,30.25,30.10,30.13,30.23,"Wed May 6, 2026 - 22:04:57",User,1.5,ppm,,,,,,Mining,<LOD,1.5561,0.6283,90287.2578 , 1894.0356,1.9827,<LOD,1.4585,0.1992,<LOD,3.0672,0.0860,446.5505 , 22.8295,16.2424,547105.0000 , 4946.3535,<LOD,1.3663,0.1179,39168.0234 , 272.6535,52.7859,<LOD,2.4106,1.1975,<LOD,42.0446,0.7543,<LOD,71.3511,22.0549,117.0809 , 7.6825,3.9778,6.3905 , 3.0217,0.3283,60536.0273 , 207.9695,149.9534,<LOD,0.0000,0.0000,4.6177 , 2.0263,0.2293,6688.4287 , 115.0187,4.9789,16588.7754 , 3708.4924,0.0759,453.8823 , 27.7992,1.3918,<LOD,1.0738,4.1488,3.3752 , 0.6024,2.7460,<LOD,12.5235,0.2940,864.6119 , 131.3238,0.2905,5.0768 , 1.0570,0.2977,<LOD,1.3834,0.4449,20.9049 , 0.9784,1.1472,<LOD,0.0000,0.0000,21577.3301 , 129.7017,8.3633,<LOD,4.5707,3.6765,<LOD,0.8399,0.1674,210189.5938 , 644.2972,20.4474,18.8765 , 2.5245,3.1782,283.2501 , 1.6732,15.3546,<LOD,0.0000,0.0000,3.1902 , 0.7727,0.2694,5291.2339 , 52.4534,19.2572,<LOD,2.1370,0.4923,191.3066 , 15.6544,3.7723,<LOD,7.1366,0.1750,16.4061 , 0.7310,2.1695,35.2257 , 2.7712,0.5251,97.5409 , 1.2723,10.6909,10,396.100006,39.004368,-122.670654,10.000000,528517.125000,4317313.000000,
1667,Mining,120.47,30.20,30.03,30.13,30.11,"Wed May 6, 2026 - 22:09:37",User,1.5,ppm,,,,,,Mining,<LOD,1.5838,0.5826,75259.0312 , 1711.2052,1.6574,<LOD,1.5097,0.2014,<LOD,3.1151,0.0810,434.2649 , 23.2223,15.0853,597501.0000 , 4649.3579,<LOD,1.3681,0.1081,37925.5352 , 265.8750,47.8762,<LOD,2.4097,1.0618,<LOD,41.8101,0.7726,<LOD,71.9172,20.4478,87.4251 , 7.2715,3.3644,5.9197 , 3.0848,0.3125,59472.6211 , 183.3183,139.1216,<LOD,0.0000,0.0000,<LOD,4.4489,0.2002,4999.7344 , 102.9427,3.5855,15662.4971 , 3446.5835,0.0678,398.5118 , 27.4364,1.2358,<LOD,1.1092,3.9755,2.3025 , 0.6177,2.5656,<LOD,12.0031,0.2826,738.7352 , 120.4234,0.2469,5.1008 , 1.0730,0.2809,<LOD,1.3702,0.3888,16.8534 , 0.9447,0.9518,<LOD,0.0000,0.0000,13457.7979 , 97.9064,4.9448,<LOD,4.6709,3.4489,<LOD,0.8612,0.1617,190105.5156 , 589.3870,16.7479,13.8032 , 2.5533,2.8944,281.4100 , 1.6551,14.4457,<LOD,0.0000,0.0000,2.1569 , 0.7569,0.2310,3349.5730 , 43.7418,11.6870,1.9956 , 1.0652,0.4765,147.3940 , 13.3714,2.5456,<LOD,7.3585,0.1701,15.0888 , 0.7248,1.9611,25.2876 , 2.6531,0.4394,90.4497 , 1.2564,9.6823,10,396.700012,39.004364,-122.670654,10.000000,528516.687500,4317312.500000,
1668,Mining,122.76,32.54,30.09,30.06,30.07,"Wed May 6, 2026 - 22:13:50",User,1.5,ppm,,,,,,Mining,<LOD,1.5246,0.6539,83451.9375 , 1627.6740,1.8312,<LOD,1.4419,0.1978,<LOD,3.3021,0.1057,480.0986 , 22.2975,16.9423,571735.1875 , 4499.0713,<LOD,1.4933,0.1505,30944.0586 , 251.4443,44.7981,<LOD,2.3055,1.1779,<LOD,36.8123,0.7434,<LOD,73.7642,27.2110,109.1296 , 7.7863,4.3173,9.3931 , 3.1152,0.3719,69141.7969 , 215.3996,186.4426,<LOD,0.0000,0.0000,15.4563 , 2.3492,0.3403,5059.6060 , 105.3190,4.1036,24084.5605 , 3432.8538,0.0823,633.9073 , 29.7860,1.8579,<LOD,1.0763,4.3805,2.5513 , 0.6007,2.8709,28.9966 , 6.7160,0.3443,830.0482 , 111.2451,0.2699,5.3490 , 1.0734,0.3258,<LOD,1.3289,0.4437,16.9596 , 0.9228,1.0450,<LOD,0.0000,0.0000,9571.8770 , 79.6666,4.0241,<LOD,4.4507,3.7861,<LOD,0.9080,0.2095,199420.0156 , 586.1935,19.9790,22.0673 , 2.4606,3.2792,264.3449 , 1.5901,14.9857,<LOD,0.0000,0.0000,<LOD,1.5011,0.2577,3846.9692 , 47.7647,15.5484,<LOD,2.2764,0.5242,166.2369 , 14.4861,3.3345,<LOD,7.3894,0.1987,20.3882 , 0.7557,2.4692,39.4808 , 2.8342,0.5852,99.5990 , 1.2558,11.0859,10,397.299988,39.004364,-122.670662,10.000000,528516.437500,4317312.500000,
1669,Mining,123.30,32.73,30.12,30.19,30.26,"Wed May 6, 2026 - 22:16:27",User,1.5,ppm,,,,,,Mining,<LOD,1.4778,0.6527,98125.0469 , 1818.2806,2.1319,<LOD,1.4072,0.2214,<LOD,3.0549,0.0998,382.3995 , 21.1659,15.9220,539412.5625 , 4710.2676,<LOD,1.3039,0.1252,38257.2891 , 245.7198,52.6948,<LOD,2.2068,1.1420,<LOD,38.7616,0.7487,<LOD,65.0832,20.2301,97.5765 , 6.3806,3.4517,<LOD,6.2715,0.3171,53036.9180 , 186.7522,135.0639,<LOD,0.0000,0.0000,5.0177 , 1.9193,0.2415,5626.0811 , 96.2180,4.2995,25453.8945 , 3453.0286,0.0827,467.9291 , 26.7980,1.4166,<LOD,1.0049,4.2720,3.5056 , 0.5701,2.8929,<LOD,8.6489,0.2948,822.6293 , 114.1793,0.2577,5.8638 , 1.0033,0.3133,<LOD,1.2732,0.4314,18.0210 , 0.8912,1.0942,<LOD,0.0000,0.0000,5890.9888 , 65.9522,2.4906,<LOD,4.2766,3.7101,<LOD,0.8096,0.1796,227229.1406 , 629.2442,22.3614,12.2981 , 2.3401,3.1173,273.1375 , 1.5678,15.7142,<LOD,0.0000,0.0000,2.2522 , 0.7193,0.2658,4573.4824 , 44.2957,17.0986,<LOD,2.1367,0.5109,151.5728 , 13.0012,3.2754,<LOD,6.5842,0.1728,18.3317 , 0.7035,2.3648,39.2141 , 2.6860,0.5729,94.8712 , 1.1932,11.0186,9,397.600006,39.004368,-122.670662,10.000000,528516.000000,4317313.000000,
1670,Mining,122.84,32.69,30.06,30.06,30.03,"Wed May 6, 2026 - 22:19:23",User,1.5,ppm,,,,,,Mining,<LOD,1.4478,0.6367,103039.8750 , 1896.8674,2.2376,<LOD,1.3810,0.2175,<LOD,3.0329,0.0991,377.7133 , 20.7159,15.5671,517956.0625 , 4984.2583,<LOD,1.2846,0.1222,37765.9141 , 241.5505,51.7887,<LOD,2.2300,1.2029,<LOD,38.3422,0.7382,<LOD,64.4226,19.6168,95.7400 , 6.1329,3.4000,<LOD,5.4991,0.3073,51142.2148 , 192.8627,130.5382,<LOD,0.0000,0.0000,<LOD,3.6646,0.2144,5361.6904 , 92.3904,4.1136,33812.9297 , 3677.2153,0.0986,432.1628 , 26.3065,1.3477,<LOD,0.9897,4.1894,2.7267 , 0.5583,2.7989,<LOD,8.5538,0.2928,820.8262 , 113.1344,0.2562,5.0554 , 0.9747,0.2973,<LOD,1.2580,0.4285,15.5999 , 0.8558,1.0007,<LOD,0.0000,0.0000,8482.2656 , 77.4339,3.4634,<LOD,4.1833,3.6126,<LOD,0.8012,0.1760,236285.4062 , 645.0987,23.4566,20.0661 , 2.3214,3.1537,270.4230 , 1.5815,15.7258,<LOD,0.0000,0.0000,1.7785 , 0.7010,0.2510,3842.3303 , 39.6005,14.2769,<LOD,2.2124,0.5022,134.9580 , 11.7413,2.8194,<LOD,6.7907,0.1852,16.0889 , 0.6773,2.2066,31.0306 , 2.5416,0.5145,87.1461 , 1.1656,10.5407,9,397.700012,39.004372,-122.670662,10.000000,528516.000000,4317313.500000,
1671,Mining,105.39,30.12,30.14,30.08,15.05,"Wed May 6, 2026 - 22:23:32",User,1.5,ppm,,,,,,Mining,<LOD,1.5857,0.6175,90475.2891 , 3043.8728,1.9704,<LOD,1.4198,0.2138,<LOD,3.0228,0.0811,399.9279 , 22.6989,15.0980,569229.0000 , 7148.2700,<LOD,1.3040,0.1040,35892.9102 , 260.3629,42.9289,<LOD,2.4335,1.1566,<LOD,71.5021,0.8024,<LOD,63.7477,14.9122,110.8046 , 7.2712,3.4314,<LOD,4.0540,0.2502,43930.3359 , 192.9314,98.0501,<LOD,0.0000,0.0000,<LOD,3.3773,0.1886,6193.4814 , 108.6096,4.1291,14251.2139 , 5318.0493,0.0640,427.3304 , 27.8011,1.1629,<LOD,1.0356,3.8397,2.2526 , 0.5808,2.5275,<LOD,8.4067,0.2407,748.6726 , 199.5550,0.2421,<LOD,1.3723,0.2439,<LOD,1.3718,0.4113,17.2388 , 0.9124,0.9617,<LOD,0.0000,0.0000,8666.6318 , 130.5525,3.1103,<LOD,4.6129,3.5840,<LOD,0.8235,0.1559,223844.4375 , 994.1355,19.2008,16.7416 , 2.5225,3.0000,237.9517 , 1.5618,12.5704,<LOD,0.0000,0.0000,2.5730 , 0.7270,0.2300,5275.7212 , 51.6307,17.2637,<LOD,2.2055,0.4382,151.9167 , 14.6963,3.2052,<LOD,6.9211,0.1585,12.2853 , 0.6745,1.8105,28.3990 , 2.6392,0.4564,84.8884 , 1.1928,9.1236,9,397.899994,39.004372,-122.670670,10.000000,528515.812500,4317313.500000,
1672,Mining,122.87,32.49,30.26,30.04,30.08,"Wed May 6, 2026 - 22:28:41",User,1.5,ppm,,,,,,Mining,<LOD,1.5929,0.6040,91826.7812 , 1999.2885,1.9956,<LOD,1.4620,0.2043,<LOD,3.0209,0.0799,344.9610 , 22.3289,13.9861,558231.0625 , 5051.7690,<LOD,1.3350,0.1075,30335.7129 , 217.3239,35.5175,<LOD,2.4017,1.0861,<LOD,45.9395,0.8054,<LOD,64.2877,15.2722,97.6946 , 6.3409,2.9726,<LOD,7.1615,0.2877,46161.9414 , 159.2140,102.0700,<LOD,0.0000,0.0000,<LOD,2.7657,0.1738,5746.0732 , 98.1461,3.7351,16786.1953 , 3446.7258,0.0660,417.5812 , 27.5143,1.1509,<LOD,1.0465,3.7460,1.8564 , 0.5892,2.4739,<LOD,8.4633,0.2352,835.2938 , 126.4506,0.2371,4.7067 , 1.0108,0.2609,<LOD,1.3115,0.3612,19.1291 , 0.9477,1.0342,<LOD,0.0000,0.0000,4303.0356 , 61.7574,1.6488,<LOD,4.5511,3.3443,<LOD,0.8124,0.1483,239490.1406 , 650.4424,20.1451,15.7780 , 2.5087,2.8650,240.9823 , 1.4960,12.4682,<LOD,0.0000,0.0000,2.6005 , 0.7456,0.2388,4852.5586 , 44.2284,15.5495,2.8355 , 1.0172,0.4576,148.3891 , 13.0687,2.8988,<LOD,7.1257,0.1660,13.3874 , 0.6892,1.8633,32.3085 , 2.7135,0.4765,88.9893 , 1.1921,9.2244,10,398.500000,39.004368,-122.670670,10.000000,528515.375000,4317313.000000,
1673,Mining,122.89,32.67,30.05,30.13,30.04,"Wed May 6, 2026 - 22:31:03",User,1.5,ppm,,,,,,Mining,<LOD,1.5356,0.6141,89576.7656 , 1824.9363,1.9477,<LOD,1.4112,0.2256,<LOD,2.8402,0.0826,336.9121 , 20.6497,14.1757,584626.6250 , 4667.5391,<LOD,1.2793,0.1156,34538.5469 , 214.9402,42.6543,<LOD,2.2229,1.0927,<LOD,43.9740,0.8406,<LOD,58.8440,14.2851,106.1419 , 5.9298,3.1475,<LOD,5.3271,0.2899,40657.1523 , 147.0908,94.1497,<LOD,0.0000,0.0000,2.5282 , 1.8372,0.2097,5785.3560 , 90.6223,3.9472,19063.6543 , 3311.8694,0.0704,476.8499 , 27.3225,1.2642,<LOD,0.9988,4.0234,2.2885 , 0.5650,2.6827,<LOD,7.8603,0.2522,578.7955 , 116.1235,0.2205,5.0375 , 0.9661,0.2793,<LOD,1.2218,0.3681,20.4032 , 0.9173,1.1465,<LOD,0.0000,0.0000,5698.3242 , 66.5645,2.1986,<LOD,4.2116,3.3740,<LOD,0.7742,0.1593,212921.7031 , 611.3969,18.5493,8.9922 , 2.2907,2.7815,248.1524 , 1.4574,13.7753,<LOD,0.0000,0.0000,2.2140 , 0.7092,0.2516,5035.9307 , 42.3295,16.9738,1.7275 , 0.9681,0.4832,165.4535 , 12.4595,3.2058,<LOD,6.5358,0.1628,13.9231 , 0.6655,2.0419,37.2545 , 2.6610,0.5359,89.2981 , 1.1462,9.9990,8,399.100006,39.004368,-122.670670,10.000000,528515.687500,4317313.000000,
1674,Mining,122.98,32.65,30.22,30.08,30.03,"Wed May 6, 2026 - 22:36:56",User,1.5,ppm,,,,,,Mining,<LOD,1.6149,0.6298,130884.2969 , 2434.8267,2.8016,<LOD,1.7908,0.3236,<LOD,3.6360,0.1109,526.3184 , 23.8752,16.9393,452228.8438 , 6281.6636,<LOD,1.5687,0.1423,35177.3438 , 239.6267,41.7572,<LOD,2.4112,1.0984,<LOD,39.6753,0.6312,<LOD,65.7879,14.8942,132.9039 , 6.9083,3.4604,12.8620 , 3.2156,0.3366,42673.0859 , 182.3829,94.2734,<LOD,0.0000,0.0000,5.9372 , 2.2869,0.2626,8840.6709 , 117.1905,5.6210,32224.5312 , 3807.2532,0.0919,570.6042 , 31.1727,1.3650,1.3347 , 0.7751,4.3820,7.1530 , 0.6530,2.8862,<LOD,9.2750,0.3104,984.3070 , 124.9870,0.2577,8.1242 , 1.1453,0.3203,<LOD,1.5144,0.4996,28.5041 , 1.1291,1.4377,<LOD,0.0000,0.0000,5942.5781 , 68.4291,2.1857,<LOD,4.6642,3.5300,<LOD,0.9778,0.2063,282793.2500 , 701.1116,25.3796,13.8226 , 2.5834,3.0951,317.0993 , 1.8527,16.5200,<LOD,0.0000,0.0000,4.3043 , 0.8778,0.3181,6218.9292 , 51.6836,20.0128,3.8904 , 1.1457,0.5512,201.7240 , 14.8551,3.7259,<LOD,11.0649,0.2231,21.8718 , 0.8089,2.4482,48.4768 , 3.1071,0.5985,127.2495 , 1.4433,12.4836,8,400.399994,39.004364,-122.670601,10.000000,528521.312500,4317312.500000,
1675,Mining,122.90,32.56,30.01,30.10,30.23,"Wed May 6, 2026 - 22:39:17",User,1.5,ppm,,,,,,Mining,<LOD,1.5809,0.6195,127576.9297 , 2344.6045,2.7340,<LOD,1.7100,0.2936,<LOD,3.6142,0.1170,523.5131 , 23.3737,16.7407,465291.2812 , 5976.7607,<LOD,1.5430,0.1473,34745.1172 , 235.5203,41.8850,<LOD,2.3690,1.0906,<LOD,40.0151,0.6586,<LOD,63.6965,14.9470,139.7283 , 6.8523,3.5395,15.0084 , 3.1734,0.3510,42997.3984 , 177.0363,96.2303,<LOD,0.0000,0.0000,8.9966 , 2.2594,0.2804,9046.9990 , 117.0632,5.8134,29237.8594 , 3696.0811,0.0874,607.3919 , 30.8008,1.4319,1.1998 , 0.7538,4.4335,7.1487 , 0.6347,2.9170,<LOD,8.7727,0.2864,913.2338 , 123.4947,0.2543,10.1173 , 1.1607,0.3521,<LOD,1.4682,0.4813,31.6364 , 1.1261,1.5541,<LOD,0.0000,0.0000,6405.0430 , 70.4154,2.3693,<LOD,4.5962,3.5491,<LOD,0.9896,0.2292,275417.0312 , 687.1876,24.8698,18.8398 , 2.5492,3.1136,319.8436 , 1.8061,16.8489,<LOD,0.0000,0.0000,3.8146 , 0.8574,0.3217,6294.2231 , 50.8705,20.4412,2.2804 , 1.0987,0.5410,177.9707 , 14.4931,3.6716,<LOD,7.8262,0.2057,22.4037 , 0.7976,2.5426,55.1426 , 3.1236,0.6475,129.8394 , 1.4138,12.8156,8,400.700012,39.004364,-122.670616,10.000000,528520.187500,4317312.500000,
1676,Mining,123.14,32.77,30.07,30.13,30.17,"Wed May 6, 2026 - 22:44:13",User,1.5,ppm,,,,,,Mining,<LOD,1.3189,0.6766,137362.7656 , 2022.4187,2.9514,<LOD,1.3622,0.2605,<LOD,2.7719,0.1002,326.3406 , 18.7955,16.2887,446621.0938 , 5055.4956,<LOD,1.3509,0.1646,38810.5547 , 248.3222,57.4973,<LOD,1.9997,1.2300,<LOD,37.4530,0.7504,<LOD,57.8101,17.6799,113.0039 , 6.0408,3.7270,12.0372 , 2.7472,0.3826,41329.9531 , 189.5082,113.7982,<LOD,0.0000,0.0000,<LOD,2.5607,0.2216,6500.0659 , 96.5127,5.2396,42338.8828 , 3629.7334,0.1130,550.0609 , 27.1840,1.5961,<LOD,0.9681,4.7723,3.9811 , 0.5473,3.1817,<LOD,7.5868,0.2916,745.1796 , 113.4613,0.2737,6.2567 , 0.9516,0.3452,<LOD,1.1301,0.4413,20.8291 , 0.9056,1.4066,<LOD,0.0000,0.0000,4052.1978 , 56.0612,1.9184,<LOD,3.8012,3.8151,<LOD,0.7707,0.2022,275150.5000 , 730.5222,30.5258,14.4420 , 2.1019,3.2953,277.9372 , 1.6118,18.2006,<LOD,0.0000,0.0000,2.9931 , 0.7412,0.3461,5431.8887 , 45.8251,21.5283,3.8413 , 0.9651,0.6162,164.6015 , 12.8791,3.9282,<LOD,6.6598,0.2168,17.4047 , 0.6663,2.5941,41.8688 , 2.5945,0.6491,101.3383 , 1.1915,13.0540,8,401.600006,39.004353,-122.670639,10.000000,528518.125000,4317311.000000,
1677,Mining,122.94,32.68,30.08,30.06,30.12,"Wed May 6, 2026 - 22:46:32",User,1.5,ppm,,,,,,Mining,<LOD,1.3320,0.6922,123421.2422 , 1854.1074,2.6630,<LOD,1.2657,0.2323,<LOD,2.6674,0.0986,310.5311 , 18.6428,16.0910,470426.9375 , 4740.2959,<LOD,1.2086,0.1401,31158.8184 , 207.1478,45.3874,<LOD,1.9733,1.1938,<LOD,36.0046,0.7120,<LOD,54.8308,16.5284,96.3069 , 5.3677,3.4102,<LOD,5.2242,0.3273,38452.3672 , 166.8356,106.2622,<LOD,0.0000,0.0000,6.7610 , 1.8319,0.2887,5308.4453 , 83.1529,4.2346,39746.6484 , 3425.1821,0.1073,444.8805 , 25.0388,1.4029,<LOD,0.9303,4.7423,2.7376 , 0.5218,3.1004,<LOD,7.3396,0.3024,732.9612 , 111.1208,0.2686,5.2386 , 0.9004,0.3291,<LOD,1.1233,0.4358,17.3428 , 0.8218,1.2212,<LOD,0.0000,0.0000,4116.2241 , 54.9766,1.8975,<LOD,3.8082,3.8662,<LOD,0.7448,0.2024,281109.0938 , 703.2902,30.5245,9.3540 , 2.0732,3.1892,243.2458 , 1.4314,16.2928,<LOD,0.0000,0.0000,3.0686 , 0.6784,0.3177,4119.6353 , 37.3525,16.4565,1.8476 , 0.9010,0.5673,128.6933 , 10.6911,3.0957,<LOD,6.1532,0.1956,15.6509 , 0.6271,2.4662,36.2515 , 2.4391,0.6088,85.7703 , 1.0755,11.6198,8,402.100006,39.004353,-122.670654,10.000000,528517.125000,4317311.000000,
1678,Mining,120.35,30.21,30.15,30.04,29.95,"Wed May 6, 2026 - 22:50:43",User,1.5,ppm,,,,,,Mining,<LOD,1.2940,0.6749,129456.1875 , 2000.6311,2.7862,<LOD,1.3081,0.2442,<LOD,2.8006,0.1066,317.3251 , 18.3682,16.0999,456532.9062 , 5114.8086,<LOD,1.1699,0.1283,38049.6680 , 242.6479,56.6319,<LOD,1.9556,1.2184,<LOD,37.0338,0.7314,<LOD,56.2123,17.3177,108.6645 , 5.8290,3.6556,9.2320 , 2.6543,0.3714,40995.9023 , 189.1317,113.6005,<LOD,0.0000,0.0000,4.2334 , 1.8405,0.2774,6210.3618 , 92.6249,5.0398,49057.1797 , 3772.8792,0.1234,487.4304 , 25.8828,1.4988,<LOD,0.9517,4.8181,4.0196 , 0.5360,3.1863,<LOD,7.3633,0.2847,747.7122 , 112.3192,0.2680,6.0753 , 0.9285,0.3422,<LOD,1.1134,0.4442,19.5926 , 0.8623,1.3244,<LOD,0.0000,0.0000,4036.3264 , 56.1722,1.9196,<LOD,3.7288,3.8160,<LOD,0.7644,0.2057,268054.0625 , 731.1772,29.6310,9.4977 , 2.0365,3.1815,267.4527 , 1.5608,17.6807,<LOD,0.0000,0.0000,3.3343 , 0.6729,0.3124,5289.7188 , 44.2393,21.0368,1.9616 , 0.9238,0.5822,172.8026 , 12.5098,3.9077,<LOD,6.6839,0.2275,16.7192 , 0.6471,2.5508,43.2798 , 2.5808,0.6681,98.3451 , 1.1568,12.7961,8,403.100006,39.004353,-122.670662,10.000000,528516.562500,4317311.000000,
1679,Mining,120.15,30.11,30.18,30.09,29.77,"Wed May 6, 2026 - 22:54:25",User,1.5,ppm,,,,,,Mining,<LOD,1.4037,0.6690,117981.1094 , 2103.3271,2.5487,<LOD,1.3176,0.2151,<LOD,2.6450,0.0862,319.6083 , 19.5238,15.5187,483292.0312 , 5337.2646,<LOD,1.2906,0.1417,37989.2422 , 246.8353,53.6211,<LOD,2.0885,1.1855,<LOD,41.9531,0.7949,<LOD,57.4477,16.2419,98.6520 , 6.0447,3.4618,<LOD,5.5579,0.3122,39586.8594 , 182.2148,103.9973,<LOD,0.0000,0.0000,<LOD,2.4974,0.2003,6792.0303 , 99.6718,5.2007,43181.0820 , 3976.4822,0.1138,456.7289 , 26.0797,1.3638,<LOD,0.9555,4.4282,1.9538 , 0.5371,2.9062,<LOD,7.5053,0.2694,774.7598 , 121.5438,0.2628,6.8520 , 0.9594,0.3321,<LOD,1.1953,0.4366,18.8817 , 0.8694,1.2277,<LOD,0.0000,0.0000,4675.5088 , 63.8584,2.0917,<LOD,3.9493,3.6280,<LOD,0.7216,0.1656,258761.1719 , 740.6434,26.9506,12.4770 , 2.1801,3.1204,254.2329 , 1.5346,16.0663,<LOD,0.0000,0.0000,1.7571 , 0.7003,0.2878,5459.3140 , 46.5979,20.7203,1.8473 , 0.9241,0.5333,190.5813 , 13.3119,3.9275,<LOD,6.3989,0.1882,17.2430 , 0.6676,2.4716,35.8278 , 2.5187,0.5767,90.2314 , 1.1408,11.4520,7,403.700012,39.004353,-122.670670,10.000000,528515.812500,4317311.000000,
1680,Mining,120.54,30.02,30.12,30.17,30.23,"Wed May 6, 2026 - 22:56:42",User,1.5,ppm,,,,,,Mining,<LOD,1.3385,0.6450,115615.7188 , 2020.7267,2.5000,<LOD,1.2892,0.2147,<LOD,2.8178,0.0984,327.2371 , 18.9288,15.3824,491124.7188 , 5167.7524,<LOD,1.2096,0.1247,34302.1953 , 236.3329,49.3873,<LOD,2.0250,1.1691,<LOD,41.2959,0.8048,<LOD,56.9573,16.0166,94.6955 , 6.0834,3.4743,<LOD,4.2230,0.3039,39859.9805 , 175.9183,104.7167,<LOD,0.0000,0.0000,<LOD,2.5148,0.2059,6359.5454 , 98.1862,4.8945,40611.8125 , 3805.5718,0.1094,434.3247 , 25.6927,1.3312,<LOD,0.9678,4.5442,1.9946 , 0.5414,2.9480,<LOD,7.5183,0.2744,661.1364 , 120.7513,0.2655,4.6091 , 0.9164,0.3028,<LOD,1.1460,0.4198,18.0389 , 0.8785,1.2327,<LOD,0.0000,0.0000,4618.3140 , 61.6526,2.0364,<LOD,3.8510,3.6480,<LOD,0.7497,0.1783,260236.3438 , 717.4236,26.7914,13.5968 , 2.1139,3.0814,254.6663 , 1.5161,16.0760,<LOD,0.0000,0.0000,3.4516 , 0.6943,0.3022,5146.0708 , 46.2634,19.9197,4.6008 , 0.9712,0.5917,156.0024 , 12.9940,3.6778,<LOD,6.2482,0.1794,16.4277 , 0.6582,2.4076,41.2556 , 2.6039,0.6178,93.2682 , 1.1482,11.7020,8,404.100006,39.004353,-122.670670,10.000000,528515.375000,4317311.000000,
1681,Mining,123.23,32.71,30.28,30.17,30.07,"Thu May 7, 2026 - 00:00:27",User,1.5,ppm,,,,,,Mining,1.5538 , 1.0565,0.4673,34926.2812 , 1340.2346,0.8038,<LOD,1.4374,0.1509,<LOD,2.9116,0.0591,211.1898 , 20.7683,9.1107,726943.0625 , 4146.4150,<LOD,1.3618,0.0892,31250.4551 , 187.2927,29.0199,<LOD,2.3190,0.7878,<LOD,50.9614,0.7783,<LOD,60.3164,9.8160,62.5855 , 4.7396,1.7171,<LOD,4.3243,0.2224,35328.9023 , 122.4005,62.4949,<LOD,0.0000,0.0000,<LOD,2.7779,0.1436,6908.5635 , 93.5216,3.5485,7136.5498 , 3193.0107,0.0440,503.1623 , 30.2780,1.0102,<LOD,1.0510,3.1654,1.0204 , 0.5905,2.0780,<LOD,8.1920,0.1951,621.6152 , 123.2172,0.1691,4.0547 , 1.0189,0.2116,<LOD,1.2756,0.2645,33.5583 , 1.1267,1.2768,<LOD,0.0000,0.0000,173.4670 , 33.1981,0.3284,<LOD,4.3988,2.4663,<LOD,0.8218,0.1241,151475.2500 , 569.2238,9.3831,<LOD,5.4620,1.8996,230.3770 , 1.4512,10.0409,<LOD,0.0000,0.0000,1.8639 , 0.7594,0.1986,3961.5879 , 33.9298,10.0120,<LOD,1.4792,0.3448,102.1582 , 10.0558,1.7885,<LOD,6.6800,0.1151,12.0164 , 0.7247,1.6420,31.3629 , 2.8186,0.4077,79.3379 , 1.1652,7.2104,6,445.100006,39.000614,-122.662933,10.000000,529187.000000,4316899.000000,
1682,Mining,122.71,32.52,30.08,30.07,30.04,"Thu May 7, 2026 - 00:02:48",User,1.5,ppm,,,,,,Mining,<LOD,2.6663,0.4664,32657.2148 , 1331.8829,0.7553,<LOD,1.4394,0.1462,<LOD,3.0226,0.0610,202.1510 , 21.3339,9.0031,732996.3750 , 4259.8867,<LOD,1.3850,0.0886,31230.9531 , 187.3543,28.7382,<LOD,2.4106,0.8063,<LOD,51.3789,0.7711,<LOD,61.7266,9.9199,58.8150 , 4.7154,1.6793,<LOD,5.1954,0.2267,36229.6875 , 124.6827,63.3090,<LOD,0.0000,0.0000,<LOD,2.7063,0.1268,6933.8970 , 93.6214,3.5189,8673.9629 , 3322.2871,0.0461,545.3902 , 31.3893,1.0495,<LOD,1.0732,3.1545,1.5009 , 0.6053,2.0880,<LOD,8.3209,0.1895,497.7986 , 124.1320,0.1640,3.2185 , 1.0135,0.2000,<LOD,1.3087,0.2625,33.6699 , 1.1545,1.2749,<LOD,0.0000,0.0000,186.3243 , 33.4515,0.3257,<LOD,4.4856,2.3931,<LOD,0.8431,0.1245,145279.5781 , 566.2787,8.8469,<LOD,5.3223,1.8918,233.6666 , 1.4810,10.0037,<LOD,0.0000,0.0000,<LOD,1.8325,0.1881,3992.6655 , 33.7251,9.9227,<LOD,1.8676,0.3583,111.6054 , 10.1160,1.7975,<LOD,6.9329,0.1188,13.0988 , 0.7458,1.6639,36.2512 , 2.9544,0.4288,82.1610 , 1.1941,7.2558,7,445.500000,39.000637,-122.662956,10.000000,529185.250000,4316901.500000,
1683,Mining,120.51,30.15,30.04,30.13,30.19,"Thu May 7, 2026 - 00:08:44",User,1.5,ppm,,,,,,Mining,<LOD,1.8793,0.5267,61313.3320 , 2258.8137,1.3503,<LOD,1.6281,0.1603,<LOD,3.6641,0.0759,403.0490 , 26.9891,12.9139,597104.7500 , 6535.9380,<LOD,1.5800,0.0972,38032.8281 , 211.1276,34.5886,<LOD,2.8516,0.9560,<LOD,48.2645,0.5990,<LOD,67.8324,10.2938,87.6294 , 5.2203,1.8428,6.2948 , 3.4012,0.2524,38232.9805 , 138.3571,64.9694,<LOD,0.0000,0.0000,<LOD,5.0013,0.1742,5954.0444 , 91.0059,3.0777,24632.0527 , 4381.9009,0.0727,610.1943 , 34.9174,1.1158,<LOD,1.1630,3.0304,<LOD,1.5106,1.9772,<LOD,9.7469,0.2399,1009.0945 , 143.4666,0.2096,4.0372 , 1.1384,0.2130,<LOD,1.5902,0.3341,32.3401 , 1.2320,1.2048,<LOD,0.0000,0.0000,203.8233 , 34.6282,0.3157,<LOD,5.4916,3.0646,<LOD,1.0169,0.1527,227133.0000 , 672.8275,14.7217,12.6791 , 3.0017,2.5710,284.0499 , 1.7551,11.6513,<LOD,0.0000,0.0000,1.7701 , 0.8615,0.2009,4675.9839 , 37.9514,11.3012,<LOD,1.8564,0.3767,106.1238 , 11.1535,1.9337,<LOD,8.4406,0.1500,15.3804 , 0.8225,1.7094,37.5731 , 3.2304,0.4348,107.0021 , 1.4194,8.5995,8,448.200012,39.000660,-122.662994,10.000000,529181.937500,4316904.000000,
1684,Mining,122.71,32.52,30.09,30.05,30.05,"Thu May 7, 2026 - 00:11:06",User,1.5,ppm,,,,,,Mining,<LOD,1.7485,0.5296,55680.0508 , 1761.6631,1.2284,<LOD,1.5498,0.1637,<LOD,3.5062,0.0816,408.0450 , 25.2636,13.2920,642481.5625 , 5236.6816,<LOD,1.5568,0.1105,37047.9102 , 200.6836,36.6305,<LOD,2.6458,0.9544,<LOD,40.8410,0.5671,<LOD,65.6015,11.3878,80.8597 , 4.8648,1.9204,12.0346 , 3.3687,0.2904,39297.3398 , 136.9266,72.5789,<LOD,0.0000,0.0000,<LOD,3.0948,0.1654,5991.4868 , 86.1533,3.3133,22423.0879 , 3697.3723,0.0673,628.2314 , 33.5886,1.2237,<LOD,1.1246,3.3309,<LOD,1.3453,2.1275,<LOD,9.0317,0.2259,809.0352 , 115.2338,0.1781,4.8301 , 1.1105,0.2374,<LOD,1.4261,0.3099,33.4098 , 1.1967,1.3360,<LOD,0.0000,0.0000,78.2700 , 28.7728,0.2904,<LOD,5.0733,3.0108,<LOD,0.9344,0.1481,189938.2969 , 585.4777,12.9091,12.0177 , 2.7959,2.5918,283.3089 , 1.6857,12.5516,<LOD,0.0000,0.0000,3.2922 , 0.8718,0.2483,4524.8613 , 35.8549,11.9517,<LOD,1.8533,0.4050,96.9581 , 10.4220,2.0274,<LOD,7.8113,0.1503,15.8669 , 0.7962,1.8732,45.6012 , 3.2145,0.5045,103.6459 , 1.3522,9.1107,7,449.100006,39.000656,-122.662971,10.000000,529183.500000,4316903.500000,
1685,Mining,30.06,29.45,,,,"Thu May 7, 2026 - 00:18:05",User,1.5,ppm,,,,,,Mining,<LOD,6.4785,25.4502,,,,<LOD,1.5622,0.1965,<LOD,2.9964,0.0642,,,,952218.6250 , 344.0542,<LOD,1.4428,0.1029,,,,<LOD,6.9499,24.6065,,,,<LOD,64.4725,12.3962,<LOD,43.9937,0.3983,<LOD,5.9446,0.2628,40927.1680 , 128.2590,79.6146,<LOD,0.0000,0.0000,<LOD,3.0064,0.1678,,,,,,,634.3438 , 32.6517,1.2987,<LOD,1.1456,3.7579,1.5962 , 0.6381,2.3993,<LOD,9.1751,0.2538,,,,3.8918 , 1.0535,0.2331,<LOD,7.1472,24.8822,40.8141 , 1.3239,1.8377,<LOD,0.0000,0.0000,,,,<LOD,11.7951,25.0406,<LOD,0.8489,0.1351,,,,<LOD,8.2708,20.8758,252.0483 , 1.5967,12.6120,<LOD,0.0000,0.0000,1.5365 , 0.8031,0.2283,5768.6768 , 178.8054,2.3727,2.2159 , 1.1227,0.4604,<LOD,99.1781,0.7350,<LOD,7.7977,0.1611,14.4131 , 0.8061,2.0852,48.0912 , 3.1762,0.5310,86.6083 , 1.2833,9.0394,8,444.899994,39.000641,-122.662971,10.000000,529183.937500,4316901.500000,
1686,Mining,122.87,32.53,30.13,30.08,30.13,"Thu May 7, 2026 - 00:20:24",User,1.5,ppm,,,,,,Mining,1.9991 , 1.0336,0.5380,51886.1211 , 1457.6820,1.1597,<LOD,1.4911,0.1874,<LOD,3.1647,0.0816,190.9468 , 20.1961,10.2013,662178.5625 , 4240.8486,<LOD,1.3217,0.0976,36835.7266 , 201.0433,40.1350,<LOD,2.2853,0.9239,<LOD,43.0521,0.7293,<LOD,62.3065,12.5810,80.0373 , 4.9843,2.2383,<LOD,7.1955,0.2741,39120.3242 , 133.8368,79.7121,<LOD,0.0000,0.0000,<LOD,2.8613,0.1732,8468.7607 , 98.8752,4.9700,13690.3408 , 3175.0654,0.0560,608.3615 , 31.2579,1.2977,<LOD,1.0631,3.7160,2.6415 , 0.5998,2.4661,<LOD,8.5296,0.2461,689.2489 , 116.6301,0.2037,6.2923 , 1.0642,0.2683,<LOD,1.3444,0.3583,45.8908 , 1.2584,1.8865,<LOD,0.0000,0.0000,345.7066 , 30.6646,0.3775,<LOD,4.2471,2.7289,<LOD,0.8350,0.1440,180576.3281 , 567.2590,13.5029,9.4709 , 2.3109,2.2433,258.6631 , 1.5334,12.6967,<LOD,0.0000,0.0000,2.6759 , 0.7677,0.2450,4733.3242 , 36.5970,13.7926,<LOD,1.5222,0.4228,120.1494 , 10.7681,2.4233,<LOD,7.2602,0.1592,15.6984 , 0.7725,2.1488,40.4720 , 2.9189,0.5101,92.2350 , 1.2246,9.1607,7,443.000000,39.000641,-122.662910,10.000000,529189.000000,4316901.500000,
1687,Mining,120.84,30.07,30.42,30.29,30.06,"Thu May 7, 2026 - 00:22:50",User,1.5,ppm,,,,,,Mining,2.6808 , 1.0479,0.5451,56815.6562 , 1616.5107,1.2620,<LOD,1.4065,0.1742,<LOD,2.8800,0.0685,222.5521 , 20.3847,10.3886,642541.6875 , 4549.4941,<LOD,1.3168,0.0983,38390.8203 , 212.4234,41.2177,<LOD,2.3094,0.9309,<LOD,43.9221,0.6917,<LOD,60.8104,12.0324,79.2774 , 5.2657,2.2573,4.9841 , 2.9144,0.2699,38224.1836 , 132.3616,76.4838,<LOD,0.0000,0.0000,<LOD,2.6291,0.1455,8655.9551 , 103.6531,5.0113,14771.0693 , 3366.0793,0.0579,621.2566 , 31.0022,1.2830,<LOD,1.0355,3.5872,2.0070 , 0.5842,2.3774,<LOD,8.3087,0.2378,731.0975 , 123.8622,0.2107,3.8464 , 0.9836,0.2322,<LOD,1.2646,0.3085,39.8781 , 1.1820,1.6636,<LOD,0.0000,0.0000,412.4918 , 32.6653,0.3937,<LOD,4.2903,2.7605,<LOD,0.7654,0.1225,192979.5469 , 600.0988,14.4028,5.7215 , 2.2984,2.1709,246.5814 , 1.4803,11.9536,<LOD,0.0000,0.0000,2.6685 , 0.7550,0.2375,4985.2593 , 39.2173,14.3039,<LOD,2.0017,0.4197,122.7225 , 11.4796,2.4976,<LOD,6.9599,0.1482,14.8022 , 0.7408,2.0095,37.1451 , 2.8135,0.4804,86.1346 , 1.1764,8.5643,7,442.200012,39.000607,-122.662872,10.000000,529192.312500,4316898.000000,
1688,Mining,122.92,32.58,30.10,30.10,30.14,"Thu May 7, 2026 - 00:28:56",User,1.5,ppm,,,,,,Mining,<LOD,1.7252,0.5943,71696.7734 , 1611.1177,1.5732,<LOD,1.3882,0.2174,<LOD,2.8532,0.0860,248.6889 , 20.0224,12.7011,599994.5000 , 4586.0962,<LOD,1.2750,0.1183,40144.3203 , 226.1178,50.3793,<LOD,2.2549,1.1183,<LOD,36.8254,0.6628,<LOD,59.0285,14.8419,73.9707 , 5.2485,2.5202,6.2324 , 2.7368,0.3064,40271.4141 , 145.3824,93.6340,<LOD,0.0000,0.0000,<LOD,2.7093,0.1848,9719.6162 , 110.0132,6.4789,31729.0645 , 3494.6553,0.0871,628.6189 , 29.2661,1.4936,<LOD,0.9809,4.1002,2.6915 , 0.5546,2.7367,<LOD,7.7162,0.2428,914.8650 , 116.5570,0.2633,5.6093 , 0.9732,0.2917,<LOD,1.2441,0.3770,42.9534 , 1.1571,2.0407,<LOD,0.0000,0.0000,209.9004 , 26.1689,0.3396,<LOD,4.1339,3.1787,<LOD,0.7883,0.1719,198818.9062 , 576.4432,17.4572,6.4942 , 2.2481,2.6155,262.4132 , 1.4824,14.6015,<LOD,0.0000,0.0000,1.9078 , 0.7161,0.2676,4936.9395 , 40.3952,16.5438,<LOD,2.1247,0.5024,125.7176 , 11.6560,2.9048,<LOD,6.1024,0.1457,15.2210 , 0.7088,2.3482,50.5149 , 2.8347,0.6276,92.6935 , 1.1544,10.4161,6,443.299988,39.000622,-122.662956,10.000000,529184.937500,4316899.500000,
1689,Mining,122.99,32.74,30.01,30.08,30.16,"Thu May 7, 2026 - 00:31:28",User,1.5,ppm,,,,,,Mining,<LOD,2.2045,0.6110,70372.8828 , 1531.3810,1.5459,<LOD,1.3750,0.2263,<LOD,2.8655,0.0893,240.9108 , 18.6166,12.6724,610645.6250 , 4444.2246,<LOD,1.3472,0.1362,37142.6484 , 207.4069,48.7976,<LOD,2.0916,1.1091,<LOD,36.0041,0.6786,<LOD,60.3670,16.3453,77.8658 , 4.7614,2.5070,<LOD,6.7369,0.3158,42693.2891 , 152.1885,104.7843,<LOD,0.0000,0.0000,<LOD,3.7680,0.2128,9051.8447 , 100.3882,6.3237,33580.5859 , 3444.6450,0.0903,713.6605 , 30.4868,1.7138,<LOD,1.0057,4.4304,3.7136 , 0.5693,2.9665,<LOD,8.2104,0.2979,837.0596 , 111.4154,0.2564,3.5543 , 0.9442,0.2822,<LOD,1.1795,0.3923,43.3402 , 1.1709,2.1468,<LOD,0.0000,0.0000,247.3195 , 25.8084,0.3560,<LOD,3.8745,3.2503,<LOD,0.7880,0.1755,189238.1094 , 563.6968,17.2035,6.3779 , 2.0903,2.6079,280.1291 , 1.5469,16.2191,<LOD,0.0000,0.0000,2.6815 , 0.7563,0.3074,4528.8813 , 36.2989,15.9757,<LOD,1.9647,0.5351,115.8142 , 10.4587,2.8030,<LOD,6.6096,0.1766,17.4730 , 0.7334,2.5934,56.9280 , 2.9510,0.7011,99.3249 , 1.1988,11.5229,8,442.500000,39.000526,-122.662842,10.000000,529195.250000,4316889.000000,
1690,Mining,27.92,27.92,,,,"Thu May 7, 2026 - 00:33:42",User,1.5,ppm,,,,,,Mining,<LOD,6.8482,30.6091,,,,<LOD,1.6680,0.2267,<LOD,3.4720,0.0945,,,,946140.0000 , 387.6194,<LOD,1.5837,0.1351,,,,<LOD,7.3525,29.6835,,,,<LOD,68.2508,15.8990,<LOD,64.2450,0.5157,6.1847 , 3.2489,0.3178,45799.9766 , 134.9515,101.5793,<LOD,0.0000,0.0000,<LOD,3.0932,0.1941,,,,,,,767.4758 , 34.6712,1.6828,<LOD,1.1914,4.3573,2.9507 , 0.6687,2.8462,<LOD,9.4550,0.2747,,,,8.3138 , 1.1853,0.3215,<LOD,7.6462,31.4553,42.0066 , 1.3659,2.1128,<LOD,0.0000,0.0000,,,,<LOD,12.4832,30.1196,<LOD,0.9198,0.1688,,,,<LOD,8.7718,25.4192,296.3839 , 1.7477,16.3911,<LOD,0.0000,0.0000,2.4051 , 0.8853,0.3024,6753.4302 , 187.5304,3.0739,2.1245 , 1.1782,0.5505,<LOD,137.8034,0.9876,<LOD,7.9281,0.1820,16.7921 , 0.8489,2.5117,57.0722 , 3.3462,0.6451,104.9246 , 1.4074,11.7827,7,439.799988,39.000690,-122.662971,10.000000,529183.625000,4316907.000000,
1691,Mining,120.46,30.12,30.12,30.03,30.19,"Thu May 7, 2026 - 00:42:10",User,1.5,ppm,,,,,,Mining,<LOD,2.4702,0.6004,43788.5820 , 1576.2982,0.9748,<LOD,1.6955,0.1870,<LOD,3.7095,0.0831,446.5695 , 26.0879,13.8174,686753.2500 , 5068.7266,<LOD,1.6553,0.1143,34560.7773 , 201.5382,32.7400,<LOD,2.7581,1.0110,<LOD,38.3830,0.4801,<LOD,65.6465,10.1930,69.0982 , 4.9597,1.7779,8.2028 , 3.8378,0.3405,36095.2656 , 133.4298,64.2081,<LOD,0.0000,0.0000,<LOD,4.8678,0.1906,8351.4268 , 102.3453,4.2915,22013.3535 , 3659.8586,0.0635,566.1697 , 33.9721,1.1142,<LOD,1.2408,3.6129,2.8846 , 0.6837,2.2734,262.1497 , 10.9829,1.0549,718.7665 , 105.5382,0.1434,5.5068 , 1.1812,0.2460,<LOD,1.6411,0.4058,51.9534 , 1.4687,1.9087,<LOD,0.0000,0.0000,<LOD,38.5133,0.2198,<LOD,5.2866,3.2131,<LOD,1.0417,0.1693,161145.1719 , 559.1190,10.2509,13.8116 , 2.8864,2.6877,304.3833 , 1.7907,13.1432,<LOD,0.0000,0.0000,2.0461 , 0.9107,0.2435,4553.9785 , 37.0785,11.5528,2.5134 , 1.2250,0.4593,108.7738 , 10.9217,2.0020,<LOD,10.7501,0.2543,18.7629 , 0.8881,2.1197,40.0312 , 3.2576,0.4718,116.6315 , 1.4576,9.7566,6,442.500000,39.000652,-122.662888,10.000000,529191.000000,4316903.000000,
1692,Mining,122.95,32.71,30.05,30.12,30.07,"Thu May 7, 2026 - 00:44:31",User,1.5,ppm,,,,,,Mining,<LOD,1.8914,0.5635,43725.1680 , 1564.0156,0.9736,<LOD,1.7243,0.1859,4.8519 , 2.7773,0.0981,445.8565 , 26.9908,13.7798,686926.6250 , 4896.2197,<LOD,1.7212,0.1193,38839.4453 , 217.5083,36.3125,<LOD,2.8262,0.9883,<LOD,39.2417,0.4901,<LOD,65.4666,9.7012,92.4559 , 5.5492,2.0390,9.5798 , 3.8755,0.3357,35513.9414 , 133.0009,61.5279,<LOD,0.0000,0.0000,5.4211 , 2.4769,0.2035,9512.8506 , 111.4521,4.7917,16853.5781 , 3488.5256,0.0550,543.6661 , 33.9561,1.0658,<LOD,1.2376,3.5599,3.3309 , 0.6789,2.2367,245.0815 , 10.7988,0.9819,618.3655 , 105.8567,0.1381,6.1666 , 1.2046,0.2465,<LOD,1.6999,0.4075,52.1595 , 1.4773,1.8649,<LOD,0.0000,0.0000,<LOD,39.0850,0.2207,<LOD,5.4869,3.2441,<LOD,1.0972,0.1702,160798.0156 , 563.1379,10.1323,8.0617 , 2.9614,2.6266,302.7923 , 1.7956,12.7811,<LOD,0.0000,0.0000,1.8479 , 0.9354,0.2442,5198.0996 , 40.9016,12.8852,<LOD,2.5009,0.4377,116.0768 , 11.9863,2.1987,<LOD,10.1861,0.2195,18.6943 , 0.8948,2.0740,40.8446 , 3.2962,0.4670,116.9750 , 1.4671,9.5382,7,443.000000,39.000610,-122.662880,10.000000,529191.312500,4316898.500000,
1693,Mining,120.26,30.10,30.28,30.05,29.83,"Thu May 7, 2026 - 00:47:21",User,1.5,ppm,,,,,,Mining,<LOD,2.5314,0.6077,70881.8281 , 1695.3257,1.5550,<LOD,1.3799,0.1932,<LOD,3.0258,0.0882,279.1820 , 20.9572,12.7306,597276.0625 , 4749.5972,<LOD,1.3184,0.1156,41065.1172 , 228.1162,49.5829,<LOD,2.3419,1.0938,<LOD,37.7198,0.6229,<LOD,60.8211,14.5368,78.2486 , 5.4253,2.5458,6.1974 , 2.8448,0.3025,41570.2500 , 147.1674,92.5014,<LOD,0.0000,0.0000,<LOD,3.7430,0.1983,9849.0752 , 111.1102,6.3264,27615.0742 , 3562.1274,0.0796,679.8030 , 30.5998,1.5113,<LOD,1.0181,3.9112,3.0165 , 0.5827,2.6714,<LOD,8.6792,0.3203,628.0151 , 106.1345,0.1926,4.4859 , 0.9776,0.2682,<LOD,1.3341,0.3957,32.1344 , 1.0798,1.5636,<LOD,0.0000,0.0000,124.6113 , 26.3002,0.3081,<LOD,4.2911,3.0957,<LOD,0.8406,0.1782,203863.2344 , 595.1924,17.2890,10.5615 , 2.3600,2.6339,266.5965 , 1.5190,14.1039,<LOD,0.0000,0.0000,3.0184 , 0.7481,0.2698,5472.6655 , 42.0642,17.4495,3.2241 , 1.0218,0.5091,122.5126 , 12.0850,2.9630,<LOD,7.0212,0.1770,16.0956 , 0.7137,2.1905,54.6043 , 2.9790,0.6336,94.3983 , 1.1871,10.0723,8,448.100006,39.000599,-122.662910,10.000000,529188.687500,4316897.000000,
1694,Mining,7.25,7.25,,,,"Thu May 7, 2026 - 00:50:00",User,1.5,ppm,,,,,,Mining,<LOD,17.0114,20.0113,,,,<LOD,4.0076,0.1436,<LOD,9.1454,0.0663,,,,960374.8125 , 811.4314,<LOD,3.0317,0.0495,,,,<LOD,18.2506,19.3188,,,,<LOD,174.0080,7.8214,101.1892 , 80.6477,0.3485,<LOD,11.6650,0.1800,33799.2383 , 314.1421,48.5684,<LOD,0.0000,0.0000,<LOD,7.4432,0.1358,,,,,,,514.9967 , 84.2820,0.8734,<LOD,2.7920,2.4958,<LOD,3.5277,1.7477,<LOD,21.8060,0.1533,,,,<LOD,4.9425,0.1860,<LOD,18.8356,19.5254,25.0425 , 2.8995,0.9332,<LOD,0.0000,0.0000,,,,<LOD,31.1167,20.3181,<LOD,2.3894,0.1182,,,,<LOD,21.9668,17.2802,220.2698 , 3.9488,8.4985,<LOD,0.0000,0.0000,4.6144 , 1.9568,0.1706,4831.5122 , 457.1705,1.5299,<LOD,4.3851,0.3007,<LOD,248.3880,0.4636,<LOD,0.0000,0.1258,9.9726 , 1.9038,1.2900,39.1805 , 8.1934,0.3897,79.1692 , 3.2339,6.3488,7,447.299988,39.000713,-122.662987,10.000000,529182.187500,4316910.000000,
1695,Mining,122.99,32.75,30.02,30.18,30.04,"Thu May 7, 2026 - 00:52:28",User,1.5,ppm,,,,,,Mining,<LOD,1.9506,0.4467,49128.0156 , 2334.8977,1.0951,<LOD,1.4855,0.1220,<LOD,3.5540,0.0618,392.7589 , 27.5414,10.6722,627714.0625 , 6905.0493,<LOD,1.5195,0.0777,38972.1406 , 224.7881,30.2754,<LOD,2.9298,0.7948,<LOD,55.5480,0.6235,<LOD,63.7114,7.4486,77.8208 , 5.8306,1.6885,<LOD,5.6500,0.2052,32824.9297 , 124.8871,47.5422,<LOD,0.0000,0.0000,<LOD,3.1090,0.1220,8172.2104 , 111.6624,3.5275,18781.5488 , 4578.7534,0.0619,476.3814 , 33.3104,0.8314,<LOD,1.1657,2.6866,1.3529 , 0.6538,1.7694,<LOD,9.1861,0.1884,656.5576 , 137.4315,0.1451,<LOD,1.4967,0.1594,<LOD,1.6505,0.2833,33.4309 , 1.2280,1.0607,<LOD,0.0000,0.0000,196.3928 , 38.8064,0.3108,<LOD,5.6037,2.5096,<LOD,0.9690,0.1190,217148.8438 , 707.8613,11.9645,12.2208 , 3.0638,2.1057,238.4264 , 1.6023,8.6141,<LOD,0.0000,0.0000,3.0437 , 0.8567,0.1793,4928.8154 , 42.0078,10.2070,<LOD,1.6173,0.2880,109.2201 , 12.3610,1.7606,<LOD,8.0154,0.1165,13.7400 , 0.8099,1.4401,30.1487 , 3.1469,0.3556,87.9431 , 1.3134,6.4279,6,445.799988,39.000618,-122.662895,10.000000,529190.312500,4316899.000000,
1696,Mining,122.76,32.51,30.06,30.08,30.11,"Thu May 7, 2026 - 00:54:47",User,1.5,ppm,,,,,,Mining,<LOD,1.8785,0.4616,48934.0156 , 2162.5698,1.0895,<LOD,1.6019,0.1344,<LOD,3.7005,0.0696,371.2823 , 26.1462,10.6530,637808.0000 , 6456.3213,<LOD,1.5153,0.0800,38666.7891 , 215.8930,31.0678,<LOD,2.7754,0.7913,<LOD,50.9290,0.5867,<LOD,64.0900,7.8309,85.8273 , 5.6039,1.7612,<LOD,7.2093,0.2171,33015.6250 , 125.9865,49.5087,<LOD,0.0000,0.0000,<LOD,3.1846,0.1327,8187.2500 , 107.2124,3.6436,19403.1934 , 4340.2891,0.0624,507.8410 , 33.7418,0.8859,<LOD,1.1629,2.7622,1.4020 , 0.6525,1.8220,<LOD,9.0717,0.1858,432.4247 , 123.7434,0.1282,4.5803 , 1.1426,0.1924,<LOD,1.6108,0.3013,32.9051 , 1.2371,1.1023,<LOD,0.0000,0.0000,173.8495 , 36.2784,0.3062,<LOD,5.3212,2.5110,<LOD,0.9764,0.1232,206943.2812 , 668.4709,11.6857,13.8785 , 2.9258,2.1392,237.5295 , 1.5997,8.8734,<LOD,0.0000,0.0000,2.3122 , 0.8485,0.1804,4926.6226 , 39.9209,10.4985,<LOD,2.0751,0.3225,124.1953 , 11.9237,1.8466,<LOD,8.1788,0.1258,11.9304 , 0.7929,1.4205,26.9527 , 3.0720,0.3505,88.3289 , 1.3131,6.6501,5,440.600006,39.000599,-122.662872,10.000000,529192.312500,4316897.000000,
1697,Mining,122.78,32.53,30.08,30.04,30.13,"Thu May 7, 2026 - 00:59:15",User,1.5,ppm,,,,,,Mining,<LOD,1.5269,0.5380,61922.5820 , 1683.5597,1.3767,<LOD,1.3741,0.1699,<LOD,2.9102,0.0774,241.4073 , 20.8306,11.5367,600495.5625 , 4898.2876,<LOD,1.2964,0.1055,39586.0820 , 212.4355,44.8383,<LOD,2.3243,0.9937,<LOD,44.6709,0.7817,<LOD,59.1530,12.5707,88.2915 , 5.1762,2.4394,<LOD,5.1896,0.2633,38095.7578 , 137.7322,80.2595,<LOD,0.0000,0.0000,<LOD,2.5669,0.1564,8529.3379 , 100.2399,5.2235,25729.6914 , 3710.5796,0.0784,599.1151 , 29.8925,1.3156,<LOD,0.9958,3.6638,1.2822 , 0.5590,2.4079,<LOD,7.8288,0.2228,539.6596 , 115.4663,0.1953,6.1828 , 1.0098,0.2713,<LOD,1.2503,0.3177,30.2537 , 1.0430,1.3955,<LOD,0.0000,0.0000,256.5329 , 30.0599,0.3569,<LOD,4.3759,3.0454,<LOD,0.7828,0.1438,218257.7656 , 618.1468,17.5835,6.9575 , 2.3460,2.3960,245.7966 , 1.4601,12.5565,<LOD,0.0000,0.0000,2.8258 , 0.7393,0.2506,5111.3335 , 39.0997,15.4956,<LOD,1.6087,0.4233,107.8517 , 11.1560,2.6250,<LOD,6.5098,0.1433,13.9397 , 0.6968,1.9777,45.6242 , 2.8637,0.5515,86.1727 , 1.1500,9.0011,6,443.200012,39.000637,-122.662880,10.000000,529191.562500,4316901.500000,
1698,Mining,120.60,30.20,30.25,30.07,30.08,"Thu May 7, 2026 - 01:01:49",User,1.5,ppm,,,,,,Mining,<LOD,1.4641,0.5325,63558.9648 , 1605.7944,1.4103,<LOD,1.3782,0.1966,<LOD,2.9351,0.0822,237.8107 , 20.1416,11.6149,604846.1250 , 4541.5703,<LOD,1.2772,0.1072,41874.1406 , 226.8906,48.6829,<LOD,2.2179,0.9697,<LOD,43.0075,0.7727,<LOD,58.7157,13.0103,92.4984 , 5.5385,2.5851,<LOD,4.9052,0.2647,38486.8945 , 136.2441,82.6547,<LOD,0.0000,0.0000,<LOD,2.5838,0.1672,8971.5928 , 106.8297,5.6069,20569.2578 , 3423.4644,0.0698,590.6738 , 29.3060,1.3281,<LOD,0.9995,3.7600,1.3367 , 0.5649,2.4899,<LOD,7.6074,0.2124,639.0305 , 114.2820,0.2076,4.2001 , 0.9555,0.2536,<LOD,1.2319,0.3337,30.2067 , 1.0387,1.4390,<LOD,0.0000,0.0000,295.7777 , 29.5889,0.3712,<LOD,4.1689,2.9312,<LOD,0.8041,0.1607,213882.4062 , 603.3061,17.6567,9.7854 , 2.2820,2.4540,247.4614 , 1.4432,12.8652,<LOD,0.0000,0.0000,2.5973 , 0.7223,0.2482,5404.9248 , 41.9150,16.7000,1.8548 , 0.9747,0.4590,110.8109 , 11.9765,2.8055,<LOD,6.4568,0.1480,15.3932 , 0.6993,2.0885,39.4136 , 2.7195,0.5210,86.7659 , 1.1374,9.2177,6,444.799988,39.000645,-122.662964,10.000000,529184.500000,4316902.000000,
1699,Mining,122.98,32.54,30.24,30.00,30.20,"Thu May 7, 2026 - 01:06:39",User,1.5,ppm,,,,,,Mining,<LOD,2.4762,0.5769,52974.1523 , 1549.1810,1.1963,<LOD,1.3549,0.1781,<LOD,2.8360,0.0734,255.1143 , 21.3625,11.8840,600105.8750 , 4606.6455,<LOD,1.2263,0.0945,42751.2891 , 236.8828,48.0653,<LOD,2.3627,0.9989,<LOD,46.1038,0.7883,<LOD,57.8964,11.8447,101.8649 , 6.0259,2.7205,<LOD,5.7955,0.2654,36299.4336 , 131.6500,75.0558,<LOD,0.0000,0.0000,<LOD,2.5583,0.1561,9602.3242 , 114.7088,5.7915,19054.8887 , 3575.0718,0.0675,570.2523 , 29.4354,1.2526,<LOD,0.9891,3.6261,1.5408 , 0.5600,2.4253,<LOD,7.8428,0.2352,458.9530 , 112.9964,0.1751,4.0641 , 0.9521,0.2411,<LOD,1.2853,0.3279,29.5587 , 1.0340,1.3669,<LOD,0.0000,0.0000,324.5764 , 31.8235,0.3812,<LOD,4.4519,3.0545,<LOD,0.7818,0.1453,231094.7969 , 638.9662,18.7323,<LOD,5.9025,2.4302,237.9406 , 1.4218,12.0565,<LOD,0.0000,0.0000,2.1773 , 0.6978,0.2231,5860.3496 , 44.5614,17.2711,<LOD,2.2268,0.4307,142.6195 , 13.0531,2.9801,<LOD,6.4460,0.1407,14.7677 , 0.6981,1.9925,30.3632 , 2.5917,0.4517,83.1004 , 1.1250,8.6592,6,440.500000,39.000607,-122.662918,10.000000,529188.437500,4316898.000000,
1700,Mining,120.43,30.17,30.18,30.01,30.07,"Thu May 7, 2026 - 01:08:55",User,1.5,ppm,,,,,,Mining,<LOD,1.9989,0.5313,46802.7539 , 1384.0432,1.0581,<LOD,1.3736,0.1706,<LOD,2.8461,0.0731,212.2175 , 19.6099,10.8107,667925.6250 , 4109.5630,<LOD,1.3272,0.1098,37641.9414 , 206.3224,42.5919,<LOD,2.1719,0.9204,<LOD,45.0996,0.7801,<LOD,59.4176,12.6437,78.4902 , 5.1341,2.3765,<LOD,5.8391,0.2702,38379.8203 , 130.9396,80.8789,<LOD,0.0000,0.0000,<LOD,2.6827,0.1703,8939.2148 , 102.5359,5.4175,13305.7324 , 3226.1399,0.0560,574.4587 , 29.6552,1.2907,<LOD,1.0185,3.8250,2.4297 , 0.5769,2.5558,<LOD,7.7042,0.2057,439.7321 , 108.1051,0.1658,5.3655 , 1.0025,0.2652,<LOD,1.2199,0.3244,32.8211 , 1.0824,1.4998,<LOD,0.0000,0.0000,289.8215 , 30.6150,0.3659,<LOD,4.0923,2.8071,<LOD,0.8056,0.1543,179805.6094 , 585.2300,13.9500,8.3162 , 2.2277,2.3087,248.1102 , 1.4535,12.6595,<LOD,0.0000,0.0000,2.2217 , 0.7435,0.2469,5053.1421 , 38.5461,15.2970,<LOD,2.0980,0.4443,106.6834 , 11.1149,2.5925,<LOD,6.7655,0.1542,15.6734 , 0.7213,2.1071,43.3964 , 2.8482,0.5414,86.4031 , 1.1537,9.0517,6,440.299988,39.000610,-122.662971,10.000000,529183.687500,4316898.500000,
1701,Mining,120.16,30.07,30.29,30.05,29.75,"Thu May 7, 2026 - 01:13:39",User,1.5,ppm,,,,,,Mining,2.6377 , 1.0882,0.5029,35924.8750 , 1392.8606,0.8295,<LOD,1.5250,0.1787,<LOD,3.1043,0.0676,171.6467 , 20.8791,9.0782,699960.8125 , 4394.6562,<LOD,1.3989,0.0945,35429.0547 , 201.2107,34.9807,<LOD,2.3747,0.8400,<LOD,51.2161,0.7872,<LOD,64.0164,11.5607,60.6800 , 4.9974,1.9142,7.2565 , 3.0997,0.2604,39905.2773 , 131.8336,73.8421,<LOD,0.0000,0.0000,<LOD,3.6984,0.1610,7905.2563 , 99.6894,4.2518,9865.7529 , 3463.4099,0.0497,626.1920 , 32.3444,1.2119,<LOD,1.0829,3.3573,1.8878 , 0.6080,2.1980,<LOD,8.5795,0.2071,423.6519 , 122.0246,0.1623,4.5308 , 1.0494,0.2250,<LOD,1.2351,0.2491,35.3487 , 1.1770,1.3851,<LOD,0.0000,0.0000,225.2010 , 33.6090,0.3402,<LOD,4.4112,2.4774,<LOD,0.8487,0.1309,164300.6250 , 600.2157,10.9492,<LOD,4.7750,1.9551,256.1378 , 1.5503,11.3724,<LOD,0.0000,0.0000,2.4326 , 0.7885,0.2166,4649.5200 , 37.2214,12.3306,<LOD,1.9776,0.3915,102.5397 , 10.8680,2.1175,<LOD,7.1140,0.1318,14.0365 , 0.7567,1.7901,39.4351 , 2.9912,0.4629,85.2409 , 1.2219,7.8957,6,443.500000,39.000664,-122.662918,10.000000,529188.250000,4316904.500000,
1702,Mining,122.82,32.50,30.09,30.12,30.11,"Thu May 7, 2026 - 01:15:58",User,1.5,ppm,,,,,,Mining,2.1410 , 1.0876,0.5169,42717.1133 , 1378.8275,0.9670,<LOD,1.5130,0.1778,<LOD,3.1402,0.0726,199.6406 , 21.2112,9.7693,689894.9375 , 4076.0100,<LOD,1.3405,0.0909,36332.7109 , 199.3548,37.0880,<LOD,2.4152,0.8974,<LOD,44.7841,0.7102,<LOD,63.8668,12.0868,67.2641 , 4.9535,2.0253,<LOD,4.2938,0.2318,40073.7578 , 131.6588,76.2954,<LOD,0.0000,0.0000,<LOD,2.8280,0.1542,8175.1401 , 98.4549,4.5127,8807.2578 , 3094.8481,0.0469,653.5060 , 32.3890,1.2755,<LOD,1.0724,3.4483,2.4269 , 0.6048,2.2815,<LOD,8.4895,0.2097,451.9276 , 114.8646,0.1709,5.9370 , 1.0673,0.2443,<LOD,1.3414,0.3069,36.2987 , 1.1668,1.4388,<LOD,0.0000,0.0000,184.8257 , 30.3659,0.3267,<LOD,4.4962,2.6754,<LOD,0.8417,0.1338,167029.9531 , 563.8159,11.5207,<LOD,4.9780,2.0596,255.0079 , 1.5337,11.6396,<LOD,0.0000,0.0000,2.0558 , 0.7599,0.2117,4847.2412 , 37.1717,13.2421,<LOD,1.5178,0.3805,109.8326 , 10.8589,2.2758,<LOD,7.0549,0.1358,14.2759 , 0.7534,1.8589,48.6335 , 3.1071,0.5240,88.0909 , 1.2206,8.2585,7,448.500000,39.000595,-122.662910,10.000000,529189.000000,4316896.500000,
1703,Mining,120.57,30.07,30.26,30.10,30.14,"Thu May 7, 2026 - 01:38:32",User,1.5,ppm,,,,,,Mining,<LOD,1.6600,0.7548,41477.5898 , 1016.0714,0.9636,3.8084 , 1.3323,0.4703,<LOD,3.6504,0.1227,763.8033 , 25.8105,22.9013,733473.9375 , 3681.7380,<LOD,1.6795,0.1801,1073.2777 , 77.3384,2.5903,<LOD,2.5655,1.4215,<LOD,34.1698,0.7666,<LOD,81.8140,38.3972,173.7292 , 9.2287,6.3082,87.1159 , 4.8608,0.8744,89688.9297 , 227.7166,273.9366,<LOD,0.0000,0.0000,8.8809 , 2.3319,0.3072,12573.8193 , 168.0554,10.0462,<LOD,4921.8230,0.0516,304.6983 , 25.8316,1.6072,<LOD,1.2258,5.4198,7.2998 , 0.6810,3.5195,131.4771 , 8.1362,0.4864,1508.7253 , 135.3315,0.4878,6.6447 , 1.2267,0.4032,<LOD,1.5180,0.5695,61.7615 , 1.4522,2.9047,<LOD,0.0000,0.0000,33479.2188 , 138.0132,14.6186,<LOD,4.9799,4.6010,<LOD,1.0133,0.2482,79427.4453 , 386.6560,7.9331,13.1239 , 2.7021,3.8237,53.4400 , 0.7680,3.5959,<LOD,0.0000,0.0000,4.3052 , 0.9358,0.3879,4261.5156 , 56.4803,20.5995,<LOD,1.7133,0.4398,222.5200 , 17.0290,4.7241,<LOD,8.2067,0.2334,9.6490 , 0.7894,2.4346,33.3084 , 2.9129,0.5909,161.6853 , 1.4217,13.7222,7,439.399994,39.000656,-122.662994,10.000000,529181.500000,4316903.500000,
1704,Mining,120.71,30.26,30.10,30.21,30.14,"Thu May 7, 2026 - 01:40:54",User,1.5,ppm,,,,,,Mining,<LOD,1.6424,0.7589,39037.2266 , 1009.9543,0.9144,3.3337 , 1.3549,0.4658,<LOD,3.6451,0.1184,729.6676 , 25.2144,22.2816,734894.5625 , 3550.7510,<LOD,1.6599,0.1701,1029.7552 , 80.0413,2.4639,<LOD,2.5309,1.4216,<LOD,36.8069,0.8346,<LOD,81.7367,36.1509,172.7037 , 9.4616,6.0397,80.1975 , 4.7775,0.8154,86653.1406 , 215.6838,256.6739,<LOD,0.0000,0.0000,4.8494 , 2.2922,0.2792,13451.7256 , 178.7412,10.3939,<LOD,4692.4156,0.0512,267.1916 , 25.4893,1.4713,<LOD,1.2339,5.3320,8.0504 , 0.6883,3.4906,112.7560 , 8.0116,0.4517,1500.2166 , 138.9701,0.4787,8.3795 , 1.2600,0.4123,<LOD,1.4638,0.5414,68.7116 , 1.5222,3.1240,<LOD,0.0000,0.0000,33704.5391 , 140.1933,14.3140,<LOD,4.8980,4.5716,<LOD,1.0027,0.2331,82668.7031 , 399.1410,8.0440,16.1367 , 2.6687,3.8389,53.2995 , 0.7716,3.5213,<LOD,0.0000,0.0000,3.4159 , 0.9225,0.3637,4485.7666 , 57.4160,20.4907,<LOD,1.4617,0.4148,217.4933 , 17.4840,4.5492,<LOD,8.6415,0.2515,9.2920 , 0.8043,2.4383,35.5189 , 2.9804,0.5975,163.6870 , 1.4342,13.6125,8,436.799988,39.000652,-122.662987,10.000000,529182.625000,4316903.000000,
1705,Mining,120.55,30.01,30.13,30.21,30.20,"Thu May 7, 2026 - 01:48:54",User,1.5,ppm,,,,,,Mining,<LOD,1.5934,0.7528,19515.2910 , 671.5705,0.5061,9.6553 , 1.4586,0.6179,<LOD,3.5712,0.1178,542.2574 , 23.9015,20.3568,794099.8750 , 2656.8721,<LOD,1.5199,0.1475,1023.1365 , 72.4293,2.4108,<LOD,2.4844,1.4504,<LOD,35.5928,0.9513,<LOD,82.0094,39.6404,141.7325 , 9.0270,5.9965,49.2209 , 4.3038,0.6864,91959.4297 , 199.1817,290.1936,<LOD,0.0000,0.0000,3.8245 , 2.1967,0.2657,7585.4941 , 138.6906,6.4182,<LOD,3682.0104,0.0482,306.2534 , 25.7732,1.6541,<LOD,1.2171,5.3583,7.5025 , 0.7000,3.7467,154.6718 , 8.0778,0.4549,1575.3564 , 131.3817,0.5169,5.3764 , 1.2049,0.3902,<LOD,1.3703,0.4969,50.1048 , 1.3487,2.4796,<LOD,0.0000,0.0000,33645.0039 , 129.0502,14.9792,<LOD,4.7412,4.4925,<LOD,0.9817,0.2319,45214.8008 , 287.8748,4.5183,11.7742 , 2.5831,3.7579,61.2436 , 0.8186,4.1141,<LOD,0.0000,0.0000,4.4512 , 0.8700,0.3457,3585.3640 , 50.2524,17.1151,<LOD,2.2655,0.4549,245.3710 , 16.3825,4.3646,<LOD,8.2756,0.2383,15.6012 , 0.8301,2.7490,34.3326 , 2.9356,0.6020,152.8095 , 1.3932,13.4734,6,440.000000,39.000668,-122.662987,10.000000,529182.625000,4316904.500000,
1706,Mining,124.00,33.78,30.06,30.08,30.08,"Thu May 7, 2026 - 01:51:16",User,1.5,ppm,,,,,,Mining,<LOD,18.0615,0.7189,308792.0625 , 4492.3828,0.5637,<LOD,0.3849,0.0008,<LOD,0.6305,0.0001,8145.3784 , 697.9805,19.3459,8003.8452,,<LOD,0.7544,0.0014,12945.7148 , 1238.4510,2.0202,<LOD,27.9398,1.3570,<LOD,426.0764,0.8820,58.7728 , 12.8499,0.0339,2055.9290 , 224.1048,5.7324,<LOD,6.5922,0.0260,<LOD,62.5216,0.1800,<LOD,0.0000,0.0000,<LOD,2.0910,0.0024,80533.3125 , 4771.3447,5.7434,<LOD,40134.4717,0.0457,3071.1565 , 285.6876,0.7667,<LOD,0.0147,0.0000,<LOD,0.0149,0.0000,<LOD,10.7598,0.0290,14152.8516 , 1228.9741,0.4252,<LOD,0.2157,0.0002,<LOD,15.4978,0.4723,<LOD,0.0270,-0.0000,<LOD,0.0000,0.0000,235693.8906 , 10588.8164,12.4313,<LOD,54.3634,4.3838,<LOD,0.3530,0.0009,278218.3750 , 6218.2070,4.8688,120.8272 , 28.4992,3.6014,<LOD,0.0473,0.0002,<LOD,0.0000,0.0000,<LOD,0.3894,0.0001,45024.0898 , 3385.8960,16.1226,<LOD,0.1179,-0.0000,3183.7676 , 360.1143,4.1404,<LOD,9.0431,0.0106,<LOD,0.0051,-0.0000,<LOD,2.9280,0.0096,<LOD,0.0402,-0.0000,7,439.200012,39.000683,-122.662926,10.000000,529187.687500,4316906.500000,
1707,Mining,120.43,30.09,30.14,30.11,30.09,"Thu May 7, 2026 - 01:54:28",User,1.5,ppm,,,,,,Mining,<LOD,1.4870,0.7009,18698.6582 , 685.2755,0.4889,6.5528 , 1.1825,0.4419,<LOD,3.3681,0.1136,462.7245 , 22.2152,18.7755,804740.6875 , 2591.1008,<LOD,1.4322,0.1416,772.0659 , 59.4636,1.7947,<LOD,2.3432,1.3854,<LOD,39.0736,0.9819,<LOD,75.4759,32.6518,97.5889 , 7.6694,4.7251,40.6660 , 3.9450,0.6166,78754.1016 , 177.8719,238.3702,<LOD,0.0000,0.0000,<LOD,2.8414,0.2091,5007.0435 , 109.3740,4.1500,<LOD,3569.8176,0.0425,163.0548 , 22.7382,1.2357,<LOD,1.1172,4.9681,2.7242 , 0.6245,3.2573,111.5566 , 7.2705,0.4152,1686.4546 , 141.9015,0.5173,<LOD,1.4431,0.3006,<LOD,1.2770,0.4607,34.9179 , 1.1054,1.7999,<LOD,0.0000,0.0000,35403.1758 , 138.2586,14.9182,<LOD,4.4475,4.2508,<LOD,0.9107,0.2148,51637.9297 , 319.7679,4.9006,6.4481 , 2.4044,3.4705,44.6352 , 0.6897,3.1809,<LOD,0.0000,0.0000,4.9770 , 0.8204,0.3354,2011.1106 , 40.2926,9.8319,<LOD,1.2582,0.3492,166.8551 , 12.8059,2.8629,<LOD,7.3701,0.2023,9.6952 , 0.7091,2.1943,19.3098 , 2.5278,0.4779,117.0734 , 1.1966,10.8737,7,436.200012,39.000664,-122.663010,10.000000,529180.000000,4316904.000000,
1708,Mining,120.62,30.21,30.24,30.10,30.07,"Thu May 7, 2026 - 02:02:23",User,1.5,ppm,,,,,,Mining,<LOD,1.6320,0.7123,30078.9980 , 883.3763,0.7265,16.8201 , 1.7202,0.8273,<LOD,3.6116,0.1122,642.4623 , 24.7989,20.1821,757482.6250 , 3172.8193,<LOD,1.5463,0.1423,1217.0315 , 76.4408,2.6119,<LOD,2.4939,1.3064,<LOD,37.0622,0.9197,<LOD,85.1001,41.7253,145.4318 , 9.2080,5.8576,40.7177 , 4.1431,0.5948,97851.9844 , 218.1882,297.6656,<LOD,0.0000,0.0000,4.0138 , 2.1601,0.2424,7503.0703 , 139.6487,6.1537,4299.6470 , 2859.0349,0.0583,332.6898 , 26.2356,1.6761,<LOD,1.2640,5.4257,7.4910 , 0.6974,3.4598,138.6504 , 8.3637,0.4328,2409.1555 , 158.7796,0.7005,11.8441 , 1.3580,0.4634,<LOD,1.4051,0.4715,50.4018 , 1.3611,2.3455,<LOD,0.0000,0.0000,37138.5781 , 141.5698,16.0134,<LOD,4.8642,4.2756,<LOD,1.0058,0.2292,56691.5195 , 329.5041,5.5293,9.8209 , 2.6292,3.5024,85.9314 , 0.9564,5.1997,<LOD,0.0000,0.0000,7.5146 , 0.9309,0.3866,3388.0063 , 52.3168,16.2000,<LOD,2.1473,0.4360,208.0867 , 16.2905,4.0129,<LOD,7.9223,0.2025,12.4264 , 0.8110,2.4255,38.9641 , 3.0274,0.5996,186.1518 , 1.5417,15.1677,7,445.399994,39.000580,-122.662987,10.000000,529182.500000,4316895.000000,
1709,Mining,122.79,32.54,30.13,30.09,30.03,"Thu May 7, 2026 - 02:04:43",User,1.5,ppm,,,,,,Mining,<LOD,1.5803,0.7158,39564.6875 , 962.9771,0.9233,17.4034 , 1.6617,0.8715,<LOD,3.2558,0.1020,594.0756 , 23.9759,20.1823,741721.1875 , 3166.2910,<LOD,1.5726,0.1652,1089.3379 , 74.4766,2.5664,<LOD,2.4610,1.3750,<LOD,36.1108,0.9209,<LOD,80.9666,40.5427,156.8394 , 8.8756,5.9531,33.6256 , 3.8558,0.5757,92573.0547 , 212.9189,290.0725,<LOD,0.0000,0.0000,<LOD,4.2960,0.2395,9223.5576 , 148.2077,7.6482,5556.3037 , 2780.0608,0.0602,379.7090 , 26.1589,1.7872,<LOD,1.2015,5.5096,6.1772 , 0.6602,3.4817,125.5751 , 7.8482,0.4320,2204.8008 , 152.5029,0.6788,11.2108 , 1.2949,0.4726,<LOD,1.3584,0.4721,57.5624 , 1.3882,2.7696,<LOD,0.0000,0.0000,34161.1328 , 134.6722,15.1637,<LOD,4.7148,4.3058,<LOD,0.9405,0.2264,68300.7969 , 352.6742,6.8922,13.1371 , 2.5681,3.6011,77.3991 , 0.8835,4.9828,<LOD,0.0000,0.0000,8.2396 , 0.9427,0.4442,3690.8379 , 50.5327,17.6527,<LOD,2.3201,0.4581,204.5578 , 15.8195,4.1481,<LOD,7.9608,0.2305,9.1484 , 0.7660,2.4072,38.4579 , 2.9077,0.6184,181.2175 , 1.4744,15.5324,6,444.600006,39.000645,-122.662933,10.000000,529186.937500,4316902.000000,
1710,Mining,122.63,32.49,30.08,30.03,30.03,"Thu May 7, 2026 - 02:10:48",User,1.5,ppm,,,,,,Mining,<LOD,1.6712,0.6358,18098.0840 , 710.0815,0.4746,19.3478 , 1.7304,0.8096,<LOD,3.4434,0.0951,691.7012 , 26.0967,19.3697,782109.9375 , 2886.0042,<LOD,1.6706,0.1555,1073.7672 , 69.5534,2.2103,<LOD,2.6662,1.2897,<LOD,37.4054,0.9128,<LOD,85.0300,39.1293,165.4585 , 9.2245,5.6919,34.3623 , 4.0653,0.5352,98444.3125 , 203.5851,283.0080,<LOD,0.0000,0.0000,4.1062 , 2.1959,0.2328,4104.0952 , 108.3044,3.4239,<LOD,4009.7754,0.0480,295.6722 , 25.8299,1.5280,<LOD,1.2558,4.9820,7.3376 , 0.7015,3.2738,155.5601 , 8.3508,0.3989,2522.6118 , 158.0244,0.6727,7.6697 , 1.2864,0.3878,<LOD,1.4428,0.4236,42.3838 , 1.2798,1.9137,<LOD,0.0000,0.0000,36845.4219 , 137.8517,14.9808,<LOD,5.0896,4.0044,<LOD,0.9791,0.2036,50625.3867 , 308.8843,4.6337,16.3905 , 2.7722,3.3561,81.1031 , 0.9341,4.6539,<LOD,0.0000,0.0000,7.9623 , 0.9747,0.3851,4189.6167 , 52.6090,18.0244,<LOD,2.3464,0.4068,221.7289 , 16.7190,4.1164,<LOD,8.1987,0.2037,13.8061 , 0.8116,2.2880,28.4179 , 2.8624,0.5004,193.7860 , 1.5644,14.7316,7,446.500000,39.000645,-122.662926,10.000000,529187.812500,4316902.000000,
1711,Mining,120.59,30.22,30.22,30.10,30.05,"Thu May 7, 2026 - 02:13:07",User,1.5,ppm,,,,,,Mining,<LOD,1.6534,0.6853,27637.2559 , 848.9536,0.6728,14.3764 , 1.5684,0.7178,<LOD,3.3762,0.1023,566.0077 , 24.4155,18.2247,776755.1875 , 2895.3787,<LOD,1.4881,0.1371,1079.4288 , 71.3363,2.3193,<LOD,2.5276,1.2659,<LOD,40.0505,1.0065,<LOD,80.4414,36.6425,159.7791 , 8.8587,5.5548,23.8003 , 3.6755,0.4838,90608.4219 , 193.6933,263.6460,<LOD,0.0000,0.0000,3.7302 , 2.0892,0.2357,6299.3950 , 126.2713,4.9973,<LOD,3873.8826,0.0452,266.1023 , 24.6395,1.4461,<LOD,1.1732,4.8831,6.6993 , 0.6634,3.2901,118.8285 , 7.6694,0.3689,2394.6709 , 161.0080,0.6680,8.4482 , 1.2272,0.3936,<LOD,1.3697,0.4167,42.0160 , 1.2198,1.9551,<LOD,0.0000,0.0000,34571.3516 , 136.9020,14.1804,<LOD,4.8559,4.0142,<LOD,0.9093,0.1912,55687.9844 , 329.8689,5.1510,15.7133 , 2.6376,3.3199,72.1954 , 0.8580,4.3822,<LOD,0.0000,0.0000,6.3216 , 0.8744,0.3481,3251.6382 , 48.5652,14.6014,<LOD,1.3993,0.3833,206.5952 , 15.3822,3.6519,<LOD,7.6678,0.1978,10.1043 , 0.7460,2.1490,25.2011 , 2.6852,0.4880,168.7220 , 1.4236,13.6347,6,446.500000,39.000645,-122.662926,10.000000,529187.687500,4316902.000000,
1712,Mining,120.50,30.10,30.08,30.11,30.21,"Thu May 7, 2026 - 02:18:05",User,1.5,ppm,,,,,,Mining,<LOD,1.8685,0.7568,26450.7754 , 790.9241,0.6402,26.2676 , 2.5575,1.3088,4.8860 , 3.3025,0.1510,860.3098 , 29.4536,23.3522,776540.7500 , 2616.4175,<LOD,2.2046,0.2138,894.5859 , 72.1646,2.2696,<LOD,2.8557,1.3792,<LOD,29.9595,0.7027,<LOD,101.9038,53.5981,152.4051 , 9.8074,6.4673,433.6060 , 10.1537,2.7082,122165.1250 , 237.0226,393.3365,<LOD,0.0000,0.0000,8.5721 , 2.9068,0.3016,4968.5830 , 123.0464,4.5373,<LOD,3336.3574,0.0351,354.5964 , 29.7451,1.9698,<LOD,1.5154,5.4022,7.4491 , 0.8783,3.8023,450.6065 , 12.9637,1.1128,1853.0278 , 133.3474,0.5679,40.3337 , 2.1328,0.8468,<LOD,1.6930,0.5611,67.8290 , 1.7996,2.9918,<LOD,0.0000,0.0000,29873.8867 , 119.5647,13.5302,<LOD,5.6608,4.6640,<LOD,1.2817,0.2499,31555.5684 , 241.9799,3.1857,17.9610 , 3.0921,3.9604,205.6571 , 1.6390,11.1463,<LOD,0.0000,0.0000,5.4368 , 1.2264,0.4494,2403.2319 , 50.1691,12.7087,3.6495 , 1.3736,0.5836,202.0274 , 16.0168,3.7043,<LOD,12.4337,0.3731,52.8697 , 1.3250,4.8461,218.8500 , 6.2208,1.9006,181.1696 , 1.8163,15.3327,7,446.299988,39.000645,-122.662933,10.000000,529187.125000,4316902.000000,
1713,Mining,122.90,32.57,30.11,30.08,30.14,"Thu May 7, 2026 - 02:20:25",User,1.5,ppm,,,,,,Mining,<LOD,1.9482,0.7212,21722.9434 , 756.2147,0.5390,28.9605 , 2.5446,1.2395,<LOD,4.6553,0.1288,952.4070 , 31.1629,23.0933,782668.4375 , 2826.9529,<LOD,2.1201,0.1857,805.5273 , 74.8176,2.0121,<LOD,2.9929,1.3281,<LOD,30.1130,0.6618,<LOD,101.0123,49.5059,153.5869 , 10.5852,6.2473,413.1569 , 9.8810,2.4103,122240.5703 , 235.7021,363.4465,<LOD,0.0000,0.0000,9.4836 , 2.9766,0.2954,4704.5684 , 128.0451,4.0527,<LOD,3724.1364,0.0407,373.6661 , 29.8452,1.8661,<LOD,1.5247,5.1114,9.7029 , 0.8891,3.6594,459.1754 , 12.9370,1.0515,1857.8472 , 133.1461,0.5278,35.9913 , 2.0682,0.7471,<LOD,1.7734,0.5403,70.2448 , 1.8158,2.8565,<LOD,0.0000,0.0000,30355.0078 , 120.1318,12.7142,<LOD,5.9660,4.5590,<LOD,1.2976,0.2591,29706.6387 , 234.7432,2.7764,18.9749 , 3.2485,3.8436,230.8699 , 1.7173,11.4841,<LOD,0.0000,0.0000,9.8637 , 1.2537,0.4719,2523.3757 , 54.5459,12.3823,4.5951 , 1.4013,0.5706,171.4505 , 16.8462,3.3676,<LOD,12.8973,0.3790,53.7118 , 1.3230,4.5362,225.1162 , 6.2479,1.8018,194.0835 , 1.8642,15.1555,8,445.500000,39.000645,-122.662933,10.000000,529187.125000,4316902.000000,
1714,Mining,120.45,30.03,30.18,30.12,30.12,"Thu May 7, 2026 - 02:25:34",User,1.5,ppm,,,,,,Mining,<LOD,1.9387,0.7200,15433.2070 , 694.1815,0.4298,<LOD,3.5388,0.4461,<LOD,4.4090,0.1192,851.8892 , 31.2429,22.8740,759878.7500 , 3060.2585,<LOD,1.9635,0.1647,642.9736 , 69.5289,1.8556,<LOD,3.0859,1.4391,<LOD,33.8667,0.8560,<LOD,104.9664,62.4736,148.1853 , 10.7435,7.0442,114.1333 , 6.2008,0.9738,142325.9375 , 280.3303,459.9570,<LOD,0.0000,0.0000,6.6549 , 2.5471,0.2396,4667.9062 , 127.4750,4.3945,<LOD,4343.4576,0.0512,172.8640 , 26.3813,1.7047,<LOD,1.4495,4.8444,7.9737 , 0.8291,3.3607,335.6032 , 11.2503,0.4700,3168.8728 , 173.8542,0.9633,14.2874 , 1.6827,0.5058,<LOD,1.7523,0.5318,67.1279 , 1.7421,2.7325,<LOD,0.0000,0.0000,43781.3750 , 149.4203,20.0907,<LOD,6.0323,4.6810,<LOD,1.1909,0.2262,25878.9414 , 227.6925,2.7064,16.0868 , 3.2885,3.9545,122.4023 , 1.2727,6.4564,<LOD,0.0000,0.0000,<LOD,2.5388,0.3064,1941.0477 , 51.5442,10.8165,<LOD,2.7456,0.4554,214.2764 , 16.7947,3.6758,<LOD,9.4510,0.2063,22.4538 , 1.0600,2.9096,22.2016 , 3.1726,0.4753,164.8301 , 1.6827,12.6546,7,445.399994,39.000645,-122.662933,10.000000,529186.687500,4316902.000000,
1715,Mining,123.05,32.74,30.17,30.03,30.11,"Thu May 7, 2026 - 02:27:53",User,1.5,ppm,,,,,,Mining,<LOD,1.8622,0.7669,15422.6426 , 654.6331,0.4281,4.1572 , 1.6553,0.4842,<LOD,4.3618,0.1191,814.8903 , 29.3923,23.2036,763683.7500 , 4377.0381,<LOD,1.9216,0.1618,665.4136 , 69.5284,2.0359,<LOD,2.8993,1.4613,<LOD,31.1291,0.8375,<LOD,107.3439,67.2954,144.0386 , 10.6506,7.5049,116.9897 , 6.3965,1.0624,142355.2188 , 387.0002,495.6032,<LOD,0.0000,0.0000,4.8923 , 2.6305,0.2569,4637.9409 , 125.8783,4.6689,<LOD,6694.3110,0.0594,208.7715 , 27.4196,1.9007,<LOD,1.4965,5.2071,7.2708 , 0.8564,3.6000,335.3667 , 11.5444,0.5076,3091.5784 , 163.2472,0.9768,7.6724 , 1.5795,0.4563,<LOD,1.6785,0.5626,68.8832 , 1.8103,3.0107,<LOD,0.0000,0.0000,38354.8398 , 143.9154,18.9005,<LOD,5.7006,4.8501,<LOD,1.2231,0.2477,24912.3359 , 217.6470,2.7781,13.9415 , 3.0774,3.9717,119.8793 , 1.3021,6.8128,<LOD,0.0000,0.0000,<LOD,1.5102,0.2735,2022.0015 , 54.6517,12.6837,2.1862 , 1.2793,0.5000,193.2420 , 16.8987,4.0084,<LOD,10.2799,0.2526,20.7763 , 1.0722,3.0455,21.2653 , 3.2224,0.5027,170.4335 , 1.7667,13.9538,6,445.000000,39.000648,-122.662933,10.000000,529186.812500,4316902.500000,
1716,Mining,123.38,32.72,30.25,30.28,30.13,"Thu May 7, 2026 - 02:31:43",User,1.5,ppm,,,,,,Mining,<LOD,1.9149,0.7806,13061.3281 , 615.0847,0.3743,8.0521 , 1.9778,0.6470,<LOD,4.6483,0.1234,969.2346 , 30.3793,24.4588,776826.8125 , 2893.1868,<LOD,2.1483,0.1843,608.2592 , 66.9381,1.8701,<LOD,2.9394,1.4384,<LOD,30.2763,0.7666,<LOD,110.5983,66.3324,145.6250 , 10.4914,7.3269,119.6975 , 6.6772,1.0578,144937.3906 , 287.3021,493.1666,<LOD,0.0000,0.0000,3.6499 , 2.7372,0.2484,4425.3535 , 122.2060,4.3950,<LOD,4116.8353,0.0508,199.3629 , 28.2060,1.8716,<LOD,1.6023,5.5838,8.0571 , 0.8853,3.5799,375.1102 , 12.0793,0.5235,2913.9785 , 160.8523,0.9142,16.4704 , 1.8393,0.5648,<LOD,1.7486,0.5891,78.0773 , 1.9378,3.2185,<LOD,0.0000,0.0000,36735.7734 , 132.9621,17.6710,<LOD,5.7586,4.6954,<LOD,1.3210,0.2642,16164.7725 , 178.8458,1.7878,10.3817 , 3.1251,3.9296,94.4686 , 1.1935,5.3234,<LOD,0.0000,0.0000,<LOD,2.8357,0.3421,1819.3148 , 49.0690,10.6219,<LOD,1.8613,0.4296,211.3750 , 16.1975,3.7272,<LOD,11.1213,0.2709,26.4910 , 1.1805,3.3741,25.1419 , 3.4330,0.5204,215.8756 , 1.9599,16.1022,6,444.799988,39.000645,-122.662933,10.000000,529186.812500,4316902.000000,
1717,Mining,122.92,32.54,30.12,30.06,30.20,"Thu May 7, 2026 - 02:34:06",User,1.5,ppm,,,,,,Mining,<LOD,1.8647,0.7517,12308.1768 , 575.4944,0.3595,9.6895 , 1.9076,0.6478,<LOD,4.6560,0.1293,966.6411 , 30.0379,24.4629,778478.3125 , 2675.0659,<LOD,2.0586,0.1755,584.5538 , 65.9986,1.8782,<LOD,2.8864,1.4087,<LOD,29.3237,0.7873,<LOD,108.9483,66.8610,134.5704 , 10.1923,7.1769,130.4698 , 6.7464,1.1252,144593.2656 , 274.6157,498.3426,<LOD,0.0000,0.0000,6.0926 , 2.7325,0.2638,4444.5811 , 120.8910,4.4729,<LOD,3772.1389,0.0467,241.3722 , 28.4385,1.9809,<LOD,1.5917,5.7354,8.4576 , 0.8794,3.6815,369.0376 , 11.7688,0.4984,2856.4026 , 155.4432,0.9285,11.4292 , 1.7104,0.5079,<LOD,1.7184,0.5790,76.2305 , 1.9029,3.2131,<LOD,0.0000,0.0000,36254.8008 , 126.8722,17.6534,<LOD,5.7131,4.7319,<LOD,1.2707,0.2505,16054.7354 , 171.6183,1.7976,12.7158 , 3.0955,3.9363,94.9566 , 1.1803,5.4256,<LOD,0.0000,0.0000,2.9708 , 1.1227,0.3440,1831.7662 , 47.7876,10.6877,<LOD,2.3394,0.4647,238.6664 , 16.2506,3.9310,<LOD,10.5820,0.2545,26.7622 , 1.1633,3.4163,26.4614 , 3.4122,0.5358,236.8477 , 2.0105,17.6631,6,444.600006,39.000645,-122.662933,10.000000,529186.812500,4316902.000000,
1718,Mining,120.37,30.03,30.12,30.08,30.14,"Thu May 7, 2026 - 02:38:06",User,1.5,ppm,,,,,,Mining,<LOD,2.0421,0.6736,10050.9072 , 634.7700,0.2983,8.7344 , 1.8536,0.5371,<LOD,4.4605,0.1031,937.0182 , 32.1416,20.7915,803120.7500 , 2904.1741,<LOD,2.0174,0.1473,371.6325 , 64.5710,1.2585,<LOD,3.0438,1.1548,<LOD,34.4553,0.6884,<LOD,104.0050,47.2538,142.8136 , 10.9003,5.9335,100.0208 , 6.0809,0.7885,127040.7578 , 238.2716,347.9394,<LOD,0.0000,0.0000,8.1948 , 2.8048,0.2444,4001.5754 , 123.4085,3.3053,<LOD,4068.7196,0.0377,191.0540 , 27.3492,1.4040,<LOD,1.4571,4.1939,5.1870 , 0.8130,2.7499,280.5192 , 10.8562,0.3909,2306.2869 , 159.7440,0.6079,11.9097 , 1.6387,0.4064,<LOD,1.8244,0.4844,50.7160 , 1.5826,1.8972,<LOD,0.0000,0.0000,31537.4883 , 131.3334,12.1749,<LOD,6.1091,4.0098,<LOD,1.2555,0.2158,17142.6621 , 198.4729,1.5116,15.6350 , 3.3444,3.4397,77.6556 , 1.0566,3.8185,<LOD,0.0000,0.0000,<LOD,2.4515,0.2541,2183.3311 , 53.2155,9.9864,<LOD,2.5545,0.3618,218.9782 , 17.3662,3.2295,<LOD,10.6316,0.2244,21.6032 , 1.0367,2.3919,26.4402 , 3.3813,0.4553,148.1368 , 1.6085,9.9924,7,443.700012,39.000645,-122.662941,10.000000,529186.125000,4316902.000000,
1719,Mining,120.53,30.25,30.14,30.07,30.07,"Thu May 7, 2026 - 02:40:31",User,1.5,ppm,,,,,,Mining,<LOD,2.0600,0.7075,10969.1953 , 636.5362,0.3211,9.8549 , 1.8321,0.5729,<LOD,4.3588,0.1074,1030.7183 , 32.5815,22.1546,788653.1875 , 3257.9326,<LOD,1.9276,0.1463,620.9429 , 71.4108,1.6340,<LOD,3.1475,1.2915,<LOD,34.1828,0.7711,<LOD,102.7817,54.3217,130.5730 , 11.2709,6.3447,133.7243 , 6.4155,0.9607,138596.2188 , 266.4341,401.1868,<LOD,0.0000,0.0000,4.2873 , 2.5161,0.2100,4094.8691 , 127.1130,3.5492,<LOD,4724.2848,0.0468,200.3337 , 26.3907,1.5498,<LOD,1.4131,4.2885,6.2369 , 0.7893,2.8207,326.7922 , 10.9274,0.4068,2282.7944 , 152.6353,0.6325,12.5946 , 1.6158,0.4299,<LOD,1.7953,0.4822,61.9376 , 1.6413,2.2614,<LOD,0.0000,0.0000,32785.3906 , 130.4177,13.4107,<LOD,6.2199,4.3389,<LOD,1.1817,0.2050,17406.6309 , 192.9242,1.6259,15.1071 , 3.3552,3.5648,66.5796 , 0.9571,3.3895,<LOD,0.0000,0.0000,<LOD,2.4104,0.2587,1864.8407 , 55.9223,9.7482,<LOD,1.6633,0.3363,228.9923 , 18.0369,3.4731,<LOD,9.8878,0.2103,14.8722 , 0.9637,2.2064,17.0854 , 3.0722,0.4100,152.2752 , 1.5707,10.2740,6,442.700012,39.000652,-122.662941,10.000000,529186.125000,4316903.000000,
1720,Mining,120.63,30.29,30.15,30.08,30.11,"Thu May 7, 2026 - 02:44:11",User,1.5,ppm,,,,,,Mining,<LOD,1.8748,0.7027,8545.0342 , 559.5635,0.2719,9.5845 , 1.7875,0.5937,<LOD,4.0328,0.0990,790.4911 , 29.1177,20.8105,813365.9375 , 4051.1973,<LOD,1.9365,0.1590,548.1757 , 66.1738,1.5187,<LOD,2.9059,1.3296,<LOD,34.6056,0.7772,<LOD,97.4514,44.0794,125.9161 , 10.0198,5.6153,95.3771 , 5.7403,0.8208,113282.6484 , 270.6541,324.1713,<LOD,0.0000,0.0000,5.4369 , 2.5292,0.2342,4420.7847 , 122.8066,3.6794,<LOD,6093.0205,0.0498,218.7735 , 27.0603,1.4501,<LOD,1.3829,4.4936,4.5771 , 0.7847,3.0411,223.8182 , 9.8464,0.3911,3001.8804 , 170.1506,0.7878,11.8319 , 1.5558,0.4315,<LOD,1.6411,0.4828,53.1270 , 1.5526,2.1648,<LOD,0.0000,0.0000,34053.2734 , 135.5348,13.7046,<LOD,5.6097,4.2059,<LOD,1.1531,0.2154,16612.2695 , 189.2574,1.5371,18.0090 , 3.0793,3.6209,83.5633 , 1.0564,4.4826,<LOD,0.0000,0.0000,4.2426 , 1.0661,0.3259,2331.5520 , 50.9438,10.8577,<LOD,2.0589,0.3882,209.9370 , 16.5172,3.2944,<LOD,9.5125,0.2097,27.9965 , 1.0598,2.9745,23.2698 , 3.1482,0.4621,142.0903 , 1.5437,10.7347,7,442.700012,39.000648,-122.662941,10.000000,529186.500000,4316902.500000,
1721,Mining,124.22,33.95,30.08,30.14,30.05,"Thu May 7, 2026 - 02:46:33",User,1.5,ppm,,,,,,Mining,<LOD,34.2042,0.6655,235791.7812 , 6729.3564,0.2917,<LOD,1.1479,0.0022,<LOD,3.4749,0.0011,23365.5781 , 2501.0842,20.9671,9898.9863,,<LOD,1.4777,0.0014,10075.1641 , 1656.2601,1.3044,<LOD,53.9861,1.2999,<LOD,743.8326,0.8385,162.1489 , 29.1956,0.0404,3023.4226 , 424.1952,5.5752,<LOD,13.5775,0.0299,<LOD,122.8914,0.1942,<LOD,0.0000,0.0000,<LOD,4.3095,0.0025,80191.2578 , 6137.1958,3.4462,<LOD,57818.1152,0.0351,7172.5781 , 790.6659,0.8750,<LOD,0.0301,0.0000,<LOD,0.0304,0.0000,<LOD,21.9087,0.0327,36253.5781 , 2345.0342,0.7050,<LOD,0.3308,0.0001,<LOD,30.3650,0.4749,<LOD,0.1389,0.0000,<LOD,0.0000,0.0000,391785.4375 , 19359.4590,13.7451,<LOD,106.2189,4.1346,<LOD,0.9188,0.0016,147956.1406 , 3691.0959,1.7186,160.6668 , 52.0228,3.4771,<LOD,0.0327,-0.0000,<LOD,0.0000,0.0000,<LOD,0.8136,0.0003,49572.8555 , 4728.5566,10.6214,<LOD,0.2386,-0.0000,4590.3818 , 635.8548,3.2399,<LOD,19.2666,0.0131,<LOD,0.0103,-0.0000,<LOD,6.6645,0.0135,<LOD,0.0838,-0.0000,7,441.799988,39.000641,-122.662949,10.000000,529185.937500,4316901.500000,
1722,Mining,122.81,32.51,30.20,30.07,30.03,"Thu May 7, 2026 - 02:48:57",User,1.5,ppm,,,,,,Mining,<LOD,1.9236,0.6948,9621.0439 , 586.3547,0.2973,9.9684 , 1.7952,0.5949,<LOD,4.4112,0.1188,806.4443 , 30.0663,20.8179,801233.0625 , 2643.1338,<LOD,1.7930,0.1356,598.2161 , 68.9190,1.5852,<LOD,2.9906,1.3209,<LOD,36.6646,0.8956,<LOD,98.6884,48.2884,144.3878 , 10.6948,6.1300,104.6199 , 5.8688,0.8594,123096.6641 , 227.4182,356.0407,<LOD,0.0000,0.0000,<LOD,6.1729,0.2210,4694.0459 , 129.2514,3.9254,<LOD,3709.3348,0.0365,226.5511 , 26.8093,1.5294,<LOD,1.4310,4.6985,7.1655 , 0.8020,3.0914,267.3499 , 10.2115,0.4125,2683.3267 , 164.0197,0.7397,12.3287 , 1.5721,0.4384,<LOD,1.7001,0.4880,60.5030 , 1.6318,2.3897,<LOD,0.0000,0.0000,34744.9414 , 132.4174,14.1996,<LOD,5.8212,4.2652,<LOD,1.1619,0.2102,18679.4434 , 198.1857,1.7447,14.3815 , 3.1699,3.5889,86.0793 , 1.0573,4.4851,<LOD,0.0000,0.0000,6.3849 , 1.0487,0.3343,2471.5300 , 53.3130,11.5782,2.7783 , 1.1828,0.4182,213.8288 , 17.3151,3.4596,<LOD,9.8374,0.2242,17.8187 , 0.9776,2.4712,27.7662 , 3.2304,0.4864,169.3519 , 1.6327,12.0616,6,441.299988,39.000641,-122.662941,10.000000,529186.250000,4316901.500000,
1723,Mining,30.11,29.81,,,,"Thu May 7, 2026 - 02:54:27",User,1.5,ppm,,,,,,Mining,500.8008 , 425.4260,12.3375,,,,31.1290 , 10.5400,0.2589,<LOD,23.4200,0.0514,,,,119483.0312 , 15211.9492,<LOD,17.0199,0.1166,,,,<LOD,39.5145,5.1846,,,,<LOD,467.6600,241.4287,8854.1523 , 105.9858,23.5147,1659.1584 , 61.1136,1.6361,861085.3125 , 597.9052,1625.6947,<LOD,0.0000,0.0000,<LOD,32.6148,0.1646,,,,,,,2730.0916 , 119.5248,11.2624,4156.7437 , 24.5175,51.9076,<LOD,4.8463,0.7695,1223.6902 , 148.0336,0.8815,,,,<LOD,17.6230,0.4354,<LOD,34.1793,6.1483,<LOD,2.4247,0.0226,<LOD,0.0000,0.0000,,,,<LOD,57.5632,5.9141,<LOD,6.8920,0.1197,,,,<LOD,58.2333,6.5883,<LOD,2.5387,0.1654,<LOD,0.0000,0.0000,<LOD,16.7463,-1.0070,275.9592 , 86.9958,1.7251,<LOD,0.1950,-0.0066,<LOD,318.2294,1.6130,<LOD,104.5964,0.2060,<LOD,4.0244,0.2744,<LOD,24.0319,0.1995,<LOD,4.4066,0.4695,6,444.000000,39.000725,-122.662971,10.000000,529183.875000,4316911.000000,
1728,Mining,122.79,32.54,30.14,30.07,30.04,"Thu May 7, 2026 - 03:28:12",User,1.5,ppm,,,,,,Mining,29.3256 , 4.7247,0.2072,<LOD,1724.0750,0.0799,27.1890 , 10.6347,0.2612,<LOD,25.7622,0.0630,203.4824 , 68.3765,1.7493,118135.9062 , 17385.7109,<LOD,12.1639,0.0992,<LOD,184.6928,0.8157,<LOD,7.5059,0.1741,<LOD,40.6298,0.8775,<LOD,461.3695,235.4199,9309.4561 , 76.0482,89.0350,1707.2040 , 61.0479,1.6297,850706.0000 , 947.5070,1589.5804,<LOD,0.0000,0.0000,<LOD,25.4775,0.1513,<LOD,239.3820,0.9040,<LOD,10442.3298,0.0165,2802.6814 , 118.5417,11.0511,4128.1011 , 24.2078,51.1769,<LOD,4.8541,0.7777,1609.1445 , 147.2221,0.9399,<LOD,106.5424,0.0880,<LOD,17.8580,0.4463,<LOD,6.0460,0.0787,<LOD,1.6233,0.0015,<LOD,0.0000,0.0000,<LOD,67.1199,1.1487,<LOD,14.7773,0.5740,<LOD,6.7678,0.1176,9786.1934 , 154.0628,0.6899,177.7457 , 9.5215,0.7296,<LOD,2.0136,0.1034,<LOD,0.0000,0.0000,<LOD,17.0308,-1.0136,228.6289 , 75.6143,1.9255,<LOD,4.1778,-0.0398,70.5423 , 24.6790,1.7971,<LOD,0.0000,0.2144,<LOD,4.1638,0.2963,<LOD,24.0913,0.2056,<LOD,4.8310,0.4634,,,,,,,,
1729,Mining,122.89,32.59,30.12,30.04,30.14,"Thu May 7, 2026 - 04:41:19",User,1.5,ppm,,,,,,Mining,<LOD,1.8822,0.5832,71870.2266 , 1506.2529,1.6072,<LOD,2.1561,0.2325,<LOD,4.6343,0.0980,501.6638 , 28.2516,15.0707,519199.9062 , 4588.9263,<LOD,2.0637,0.1366,31705.9141 , 297.0530,61.4647,<LOD,2.8730,1.0625,<LOD,32.9434,0.9449,<LOD,129.5312,88.8481,63.9388 , 9.4384,5.8887,<LOD,6.4834,0.3544,191023.5781 , 545.3040,657.8856,<LOD,0.0000,0.0000,7.8798 , 2.8720,0.2267,1592.8259 , 81.9232,2.2159,20290.0332 , 3951.8125,0.0869,6714.1821 , 82.8060,16.7500,<LOD,1.4621,3.6211,<LOD,1.5327,2.3280,377.2371 , 14.1226,0.3857,409.3128 , 84.0561,0.2220,<LOD,2.1820,0.3156,<LOD,1.5677,0.3606,25.3456 , 1.3229,1.0696,<LOD,0.0000,0.0000,22807.4805 , 112.9481,12.1177,<LOD,5.5615,3.3425,<LOD,1.3035,0.2058,130660.4297 , 470.2990,16.3259,16.3646 , 3.0756,2.9193,251.0755 , 2.0558,11.5767,<LOD,0.0000,0.0000,<LOD,0.9744,-0.0265,2239.7710 , 49.3720,12.6544,<LOD,1.8951,0.3497,108.3746 , 14.9264,3.1866,<LOD,10.9381,0.2081,15.6876 , 0.9892,1.9024,18.9721 , 3.3608,0.4049,99.7744 , 1.6719,8.8786,7,406.399994,39.003677,-122.670639,10.000000,528518.437500,4317236.500000,
1730,Mining,122.86,32.59,30.10,30.08,30.09,"Thu May 7, 2026 - 04:43:40",User,1.5,ppm,,,,,,Mining,<LOD,1.8558,0.5630,65372.5898 , 1561.9856,1.4880,<LOD,2.1317,0.2263,<LOD,4.9830,0.1116,511.8715 , 28.1054,14.8491,524503.3125 , 4720.4419,<LOD,1.9576,0.1262,35677.2891 , 316.5546,68.8867,<LOD,2.8328,1.0237,<LOD,35.3250,0.9161,<LOD,127.6424,89.1838,68.8593 , 9.5015,5.7970,<LOD,6.0268,0.3139,195124.8906 , 580.0917,662.0821,<LOD,0.0000,0.0000,5.6360 , 2.6235,0.1937,1461.4091 , 80.1598,2.0591,11582.3623 , 4266.9810,0.0819,6769.4595 , 81.5114,16.6578,<LOD,1.4289,3.5413,2.2441 , 0.8123,2.4308,409.6507 , 14.1015,0.4213,399.0413 , 94.3976,0.2331,<LOD,2.3311,0.3710,<LOD,1.5519,0.3512,23.7002 , 1.2904,1.0268,<LOD,0.0000,0.0000,36946.1211 , 157.6558,19.6705,<LOD,5.6039,3.4296,<LOD,1.2603,0.1918,118491.8984 , 483.9741,14.9145,19.9979 , 3.0694,2.9017,244.0297 , 1.9927,11.0621,<LOD,0.0000,0.0000,<LOD,1.0098,0.0008,2132.9475 , 46.5155,11.4474,<LOD,1.9254,0.3731,131.9107 , 14.8736,3.1035,<LOD,9.9765,0.1751,15.6207 , 0.9684,1.8702,11.9970 , 3.1008,0.3544,93.0969 , 1.5999,8.3212,7,408.600006,39.003681,-122.670639,10.000000,528518.687500,4317236.500000,
1731,Mining,123.04,32.76,30.06,30.08,30.14,"Thu May 7, 2026 - 04:47:33",User,1.5,ppm,,,,,,Mining,<LOD,1.9990,0.5920,89778.8750 , 1683.1151,1.9543,<LOD,2.2625,0.1944,<LOD,4.5653,0.0935,611.2740 , 29.7175,15.2663,492753.9375 , 4714.7075,<LOD,1.9036,0.1139,20981.0820 , 264.9669,39.5721,<LOD,2.9839,1.0274,<LOD,31.0969,0.8283,<LOD,126.5007,89.4086,71.2772 , 10.5462,6.3905,<LOD,6.2850,0.3270,199992.1406 , 536.9757,677.6171,<LOD,0.0000,0.0000,7.7070 , 2.7313,0.1987,1731.1238 , 90.5290,2.2765,21487.4434 , 3708.5352,0.0750,8088.2827 , 86.4969,19.6072,<LOD,1.4300,3.3747,<LOD,1.7930,2.1532,483.0125 , 14.4095,0.4160,452.1680 , 80.9915,0.2138,13.0576 , 1.8470,0.4507,<LOD,1.6519,0.3599,24.9524 , 1.2918,0.9966,<LOD,0.0000,0.0000,2307.1948 , 38.1459,1.3980,<LOD,5.8172,3.3032,<LOD,1.2478,0.1830,158539.7031 , 502.1474,18.8300,23.5637 , 3.2204,2.8900,246.7205 , 1.9946,10.6945,<LOD,0.0000,0.0000,<LOD,0.6818,-0.2144,2162.1780 , 53.4555,12.2525,<LOD,1.8641,0.3321,123.2272 , 16.3557,3.3129,<LOD,10.6641,0.1931,13.2340 , 0.9467,1.6935,14.3670 , 3.1807,0.3564,93.5227 , 1.5975,7.9604,7,408.700012,39.003639,-122.670631,10.000000,528518.875000,4317232.000000,
1732,Mining,123.02,32.76,30.06,30.09,30.11,"Thu May 7, 2026 - 04:50:03",User,1.5,ppm,,,,,,Mining,<LOD,2.0546,0.5810,88828.1172 , 1634.4906,1.9417,<LOD,2.2608,0.1957,<LOD,4.9664,0.0942,608.8855 , 30.8105,15.1773,480926.7188 , 4724.5498,<LOD,2.0834,0.1160,20521.1113 , 257.4112,40.1794,<LOD,3.0872,1.0213,<LOD,29.9308,0.8333,<LOD,139.1705,100.3058,81.5056 , 10.3365,6.6203,<LOD,6.9519,0.3411,217016.1406 , 580.4650,758.7083,<LOD,0.0000,0.0000,8.7758 , 2.8965,0.1927,1681.0559 , 87.5779,2.3063,17860.8223 , 3660.9626,0.0730,8710.1943 , 94.0342,21.8195,<LOD,1.5381,3.2771,<LOD,1.7679,2.1507,523.8789 , 16.3240,0.4281,497.4799 , 79.0399,0.2220,<LOD,2.5582,0.3646,<LOD,1.7486,0.3769,21.5649 , 1.3391,0.8870,<LOD,0.0000,0.0000,7591.3896 , 62.4460,4.1112,<LOD,6.0128,3.2612,<LOD,1.3220,0.1729,152459.3594 , 482.6526,18.7726,20.8312 , 3.3292,2.8599,247.3826 , 2.1419,10.5504,<LOD,0.0000,0.0000,<LOD,0.5709,-0.1872,2137.4761 , 49.7980,12.1035,<LOD,2.0409,0.3379,126.4057 , 15.6866,3.3011,<LOD,10.9522,0.1701,15.4545 , 1.0343,1.7240,18.5198 , 3.5483,0.3784,96.9431 , 1.7418,8.0241,7,406.700012,39.003685,-122.670647,10.000000,528518.000000,4317237.000000,
1733,Mining,120.32,30.10,30.00,30.10,30.12,"Thu May 7, 2026 - 04:54:16",User,1.5,ppm,,,,,,Mining,<LOD,2.5756,0.5174,39978.1797 , 1453.3812,0.9170,<LOD,3.1098,0.2081,<LOD,5.7475,0.0757,1001.0120 , 39.9792,15.1400,560944.1875 , 5288.8687,<LOD,2.6814,0.1158,10464.9980 , 219.3205,18.2667,<LOD,3.7896,0.8622,<LOD,35.5139,0.9136,<LOD,161.8878,105.3619,52.1955 , 13.6457,7.4299,<LOD,7.9243,0.2684,261025.4844 , 618.6368,801.5583,<LOD,0.0000,0.0000,10.4111 , 3.6480,0.1806,638.4575 , 83.6608,1.2976,17781.4355 , 4502.7529,0.0685,11568.1875 , 111.7788,25.4557,<LOD,1.7864,2.6398,<LOD,1.4559,1.6493,654.5696 , 20.8159,0.3569,349.9023 , 76.3529,0.1551,10.5198 , 2.4383,0.4010,<LOD,2.0821,0.3003,20.2810 , 1.4503,0.6268,<LOD,0.0000,0.0000,6695.6484 , 62.3844,3.1825,<LOD,7.5975,2.9577,<LOD,1.5699,0.1470,87261.4766 , 401.3602,8.7042,35.4125 , 4.2265,2.6376,242.4007 , 2.3535,7.8742,<LOD,0.0000,0.0000,<LOD,0.9666,-0.2176,1059.2014 , 77.8694,10.2488,<LOD,2.1863,0.2293,99.6520 , 20.7783,3.5607,<LOD,14.4899,0.1827,10.8272 , 1.1292,1.2181,8.6490 , 3.9887,0.2896,86.9158 , 1.8966,5.7248,8,405.299988,39.003651,-122.670647,10.000000,528518.125000,4317233.500000,
1734,Mining,120.29,30.04,30.07,30.06,30.12,"Thu May 7, 2026 - 04:56:41",User,1.5,ppm,,,,,,Mining,<LOD,2.4132,0.4767,42781.9297 , 1451.0262,0.9724,<LOD,2.6567,0.1712,<LOD,5.8063,0.0793,945.9460 , 38.6617,14.8818,571469.4375 , 4917.6558,<LOD,2.4153,0.0968,12299.3730 , 225.4325,20.5762,<LOD,3.6639,0.8492,<LOD,37.8151,1.0133,<LOD,157.6909,95.6255,59.8714 , 12.7102,6.8119,<LOD,7.5839,0.2526,247619.6406 , 529.0846,733.5110,<LOD,0.0000,0.0000,9.6722 , 3.4729,0.1685,928.4656 , 85.7293,1.4626,10649.4268 , 4007.0422,0.0548,11628.6777 , 111.7775,24.5149,<LOD,1.7525,2.6156,<LOD,1.4241,1.6215,646.0538 , 19.7402,0.3519,257.5188 , 75.5341,0.1446,<LOD,2.9802,0.3065,<LOD,2.0766,0.3173,21.0257 , 1.4957,0.6771,<LOD,0.0000,0.0000,4273.2129 , 51.0150,2.0664,<LOD,7.3364,2.8920,<LOD,1.6649,0.1754,94504.1484 , 410.7529,9.1580,30.1261 , 4.0881,2.5981,241.7546 , 2.3053,7.8665,<LOD,0.0000,0.0000,<LOD,1.2242,-0.2391,1426.0317 , 71.1253,10.5050,<LOD,2.3371,0.2730,98.0001 , 19.3648,3.3031,<LOD,13.7670,0.1695,12.6781 , 1.1278,1.2598,10.4342 , 3.9444,0.2914,86.5652 , 1.8627,5.7250,8,404.899994,39.003654,-122.670631,10.000000,528519.312500,4317233.500000,
1735,Mining,122.96,32.55,30.26,30.07,30.08,"Thu May 7, 2026 - 05:00:24",User,1.5,ppm,,,,,,Mining,<LOD,2.8053,0.4512,17953.7656 , 1029.6434,0.4521,<LOD,3.1201,0.1403,<LOD,6.7686,0.0846,907.1697 , 42.8867,12.5817,613142.3750 , 4162.1997,<LOD,2.5794,0.0858,8170.5117 , 195.7136,13.4403,<LOD,4.1275,0.7517,<LOD,37.7472,1.0094,<LOD,170.2322,107.5005,61.7385 , 13.6133,6.9960,<LOD,8.2140,0.2307,289658.8125 , 494.8198,824.6829,<LOD,0.0000,0.0000,<LOD,5.2091,0.1626,451.9016 , 80.0163,1.0693,<LOD,5411.4005,0.0343,12489.0850 , 113.7547,25.6507,<LOD,1.8160,2.1899,<LOD,1.4945,1.3987,807.9448 , 23.0919,0.3330,112.0551 , 68.0643,0.1117,10.1056 , 2.6396,0.3770,<LOD,2.2000,0.2450,20.1963 , 1.4344,0.5108,<LOD,0.0000,0.0000,2696.9521 , 41.7439,1.3631,<LOD,8.1882,2.4923,<LOD,1.7755,0.1549,52164.4492 , 312.8804,4.6807,29.4741 , 4.5656,2.2418,193.5815 , 2.1624,5.4532,<LOD,0.0000,0.0000,<LOD,1.9880,-0.3491,905.0103 , 70.2433,7.7514,<LOD,1.9395,0.1445,97.9319 , 19.3988,2.9365,<LOD,0.0000,0.1519,6.0494 , 1.1063,0.9285,<LOD,5.7581,0.2194,72.7046 , 1.8145,4.2364,9,404.100006,39.003639,-122.670670,10.000000,528515.562500,4317232.000000,
1736,Mining,120.39,30.01,30.22,30.10,30.06,"Thu May 7, 2026 - 05:02:44",User,1.5,ppm,,,,,,Mining,<LOD,2.6899,0.4285,16923.9414 , 1027.1368,0.4298,<LOD,3.2085,0.1334,<LOD,6.6758,0.0764,911.9499 , 42.0087,12.5701,614243.6875 , 4442.1636,<LOD,2.7623,0.0916,7628.8135 , 187.8935,12.7803,<LOD,4.0338,0.7444,<LOD,38.5012,1.0413,<LOD,177.8904,109.8022,51.5139 , 13.2529,6.8784,<LOD,8.7868,0.2468,289294.4688 , 535.4544,834.8076,<LOD,0.0000,0.0000,9.7432 , 3.8420,0.1487,321.0112 , 76.0065,0.9833,5085.9165 , 3923.9512,0.0425,12241.9326 , 117.6524,25.5256,<LOD,1.8785,2.1707,<LOD,1.5609,1.4151,745.2017 , 24.0971,0.3130,240.7902 , 71.5944,0.1276,9.8045 , 2.7450,0.3789,<LOD,2.1493,0.2424,18.0828 , 1.5032,0.4988,<LOD,0.0000,0.0000,2722.6082 , 42.3127,1.3868,<LOD,8.0250,2.4906,<LOD,1.7402,0.1327,48383.9258 , 306.3795,4.3775,38.9602 , 4.5105,2.2872,187.2321 , 2.2230,5.3543,<LOD,0.0000,0.0000,<LOD,1.7146,-0.2823,778.4203 , 69.2313,7.4329,<LOD,2.2800,0.1852,88.9649 , 18.8871,2.8739,<LOD,15.2925,0.1491,5.5169 , 1.1377,0.9115,<LOD,6.0450,0.2206,67.5305 , 1.8500,4.0829,8,403.100006,39.003696,-122.670639,10.000000,528518.250000,4317238.500000,
1737,Mining,122.89,32.47,30.19,30.07,30.16,"Thu May 7, 2026 - 05:05:48",User,1.5,ppm,,,,,,Mining,<LOD,3.5970,0.4433,18238.6133 , 1008.2245,0.4571,<LOD,2.8802,0.1758,<LOD,5.8784,0.0708,726.0881 , 37.4366,10.9209,639149.8125 , 4125.0327,<LOD,2.5552,0.0936,8578.5244 , 195.1813,13.5354,<LOD,3.6520,0.6739,<LOD,39.2837,1.0623,<LOD,161.9443,94.3533,45.4121 , 12.8971,6.3940,<LOD,7.9225,0.2388,259509.5469 , 449.3224,720.1053,<LOD,0.0000,0.0000,4.6115 , 3.3292,0.1291,503.9899 , 80.0746,1.0746,<LOD,5419.2836,0.0399,11492.9639 , 110.2499,22.8459,<LOD,1.7587,2.2957,<LOD,1.4482,1.4643,657.9461 , 20.5943,0.2761,216.8949 , 72.3343,0.1268,<LOD,3.2108,0.3078,<LOD,2.0183,0.2372,20.2107 , 1.4223,0.5482,<LOD,0.0000,0.0000,2803.1372 , 42.4081,1.3663,<LOD,7.2803,2.2827,<LOD,1.5255,0.1209,52929.5664 , 314.5312,4.6061,30.5961 , 4.0500,2.0256,215.7263 , 2.2100,6.3446,<LOD,0.0000,0.0000,<LOD,1.0871,-0.1975,1139.7036 , 68.8053,8.3148,<LOD,2.0395,0.1777,117.7625 , 19.3202,3.0082,<LOD,14.0186,0.1513,9.2083 , 1.1041,1.0411,7.9261 , 4.0373,0.2641,78.5874 , 1.8239,4.7526,7,404.000000,39.003696,-122.670662,10.000000,528516.812500,4317238.500000,
1738,Mining,122.96,32.78,30.12,30.04,30.02,"Thu May 7, 2026 - 05:10:21",User,1.5,ppm,,,,,,Mining,<LOD,2.8854,0.4833,36067.7695 , 1356.3094,0.8348,<LOD,3.4564,0.1885,<LOD,7.4340,0.0918,755.3277 , 39.2240,12.1600,555766.2500 , 5059.6738,<LOD,3.0027,0.1159,9852.9717 , 211.5907,17.7302,<LOD,3.8114,0.7542,<LOD,33.0320,0.8966,<LOD,179.0184,120.2921,93.8318 , 13.4770,7.7683,<LOD,9.1747,0.2890,295742.6562 , 646.4648,930.0634,<LOD,0.0000,0.0000,17.7595 , 4.1602,0.1927,667.3501 , 82.8965,1.3518,11026.2490 , 4187.9390,0.0568,13815.2070 , 125.0736,31.1675,<LOD,1.9653,2.5430,<LOD,2.1248,1.6087,833.9891 , 24.5661,0.3758,298.5945 , 72.9709,0.1601,11.6295 , 2.8209,0.4289,<LOD,2.2472,0.3067,27.1436 , 1.6686,0.6980,<LOD,0.0000,0.0000,2466.3899 , 38.8546,1.3836,<LOD,7.5576,2.4976,<LOD,1.8109,0.1530,70937.2812 , 350.3108,7.1547,33.1637 , 4.2502,2.2935,232.0031 , 2.4855,7.0555,<LOD,0.0000,0.0000,<LOD,1.9584,-0.3785,1100.8679 , 58.2102,7.2855,<LOD,2.1551,0.1742,128.0771 , 18.0643,2.9557,<LOD,15.5385,0.1648,12.8595 , 1.2871,1.2553,18.9234 , 4.7100,0.3245,93.7704 , 2.0878,5.5469,7,393.299988,39.003609,-122.670586,10.000000,528523.375000,4317228.500000,
1739,Mining,120.07,30.06,30.29,30.18,29.54,"Thu May 7, 2026 - 05:12:37",User,1.5,ppm,,,,,,Mining,<LOD,2.7820,0.4946,35973.9023 , 1422.3680,0.8331,<LOD,3.1698,0.1941,<LOD,6.8859,0.0885,705.5405 , 38.7194,12.1467,550498.0000 , 5376.7642,<LOD,2.8273,0.1048,9729.4434 , 211.2218,17.7541,<LOD,3.8181,0.7908,<LOD,34.1052,0.8926,<LOD,177.5697,120.7797,102.3760 , 13.5185,7.8972,<LOD,9.2733,0.3017,295558.5000 , 701.7426,936.7061,<LOD,0.0000,0.0000,10.0185 , 3.9548,0.1684,734.3889 , 84.5212,1.4165,15491.8750 , 4585.9883,0.0642,13879.1094 , 125.2381,31.5492,<LOD,1.9655,2.5865,<LOD,2.4399,1.6609,838.5894 , 24.2642,0.3552,296.6481 , 74.3830,0.1561,<LOD,3.5497,0.3429,<LOD,2.1759,0.2979,30.0995 , 1.7812,0.8023,<LOD,0.0000,0.0000,2487.5874 , 40.3875,1.3980,<LOD,7.4313,2.4823,<LOD,1.8608,0.1681,71955.2969 , 366.9638,7.3128,29.6775 , 4.2035,2.3251,233.6628 , 2.4849,7.1481,<LOD,0.0000,0.0000,<LOD,1.4987,-0.2702,1212.7432 , 57.6730,7.6843,<LOD,2.3816,0.2205,112.0423 , 17.7513,2.8774,<LOD,16.3992,0.1905,13.5358 , 1.2841,1.2742,9.6339 , 4.4181,0.2906,97.3275 , 2.1046,5.7289,6,396.299988,39.003601,-122.670639,10.000000,528518.562500,4317228.000000,
1740,Mining,124.21,33.79,30.18,30.12,30.12,"Thu May 7, 2026 - 05:16:29",User,1.5,ppm,,,,,,Mining,<LOD,9.0184,0.4920,391759.1562 , 4018.6726,0.9003,<LOD,0.2660,0.0014,<LOD,0.5457,0.0003,2826.4304 , 164.3358,12.1271,2419.2810,,<LOD,0.4398,0.0016,94265.2734 , 3279.1484,18.4104,<LOD,11.0464,0.7588,<LOD,255.0864,0.8563,75.9870 , 8.9631,0.0558,633.5493 , 114.6950,6.6007,<LOD,4.0291,0.0321,<LOD,37.2362,0.2065,<LOD,0.0000,0.0000,<LOD,1.5276,0.0045,6313.6748 , 666.2143,1.4280,95393.1797 , 12411.0010,0.0583,2064.3821 , 123.5814,0.8692,<LOD,0.0099,0.0000,<LOD,0.0095,-0.0000,<LOD,6.6804,0.0365,2906.0657 , 560.2168,0.1609,<LOD,0.1261,0.0002,<LOD,6.6727,0.3180,<LOD,0.0703,0.0003,<LOD,0.0000,0.0000,14232.4727 , 509.5636,1.2691,<LOD,21.6949,2.5367,<LOD,0.2530,0.0016,373939.5938 , 6707.6567,8.4037,110.8264 , 12.3773,2.3705,<LOD,0.0105,-0.0001,<LOD,0.0000,0.0000,<LOD,0.2366,0.0003,11808.3525 , 691.1375,8.0433,<LOD,0.0831,-0.0001,1251.7640 , 168.4780,2.9466,<LOD,6.4360,0.0180,<LOD,0.0039,-0.0000,<LOD,2.3476,0.0206,<LOD,0.0238,-0.0000,7,400.799988,39.003635,-122.670639,10.000000,528518.562500,4317231.500000,
1741,Mining,120.96,30.28,30.24,30.23,30.21,"Thu May 7, 2026 - 05:18:57",User,1.5,ppm,,,,,,Mining,<LOD,2.7472,0.4456,36552.8359 , 1470.3566,0.8427,<LOD,3.3156,0.1766,9.8033 , 5.3877,0.1008,736.5471 , 41.3133,11.6805,555923.4375 , 5372.6333,<LOD,2.9745,0.0989,9301.4707 , 207.7636,15.8100,<LOD,4.0412,0.7422,<LOD,34.9014,0.8378,<LOD,185.8727,111.3526,104.0951 , 13.5898,7.4192,<LOD,9.7990,0.2871,292543.5000 , 619.4459,857.4043,<LOD,0.0000,0.0000,14.2928 , 4.3376,0.1780,590.6625 , 82.1671,1.2276,7759.6055 , 4266.5781,0.0500,12969.9531 , 126.4779,27.3733,<LOD,2.0530,2.4042,3.3774 , 1.1515,1.6144,827.3203 , 25.4080,0.3557,244.8378 , 76.0818,0.1436,<LOD,3.7657,0.3275,<LOD,2.3658,0.2971,22.7816 , 1.6621,0.5857,<LOD,0.0000,0.0000,2428.6228 , 40.9586,1.2876,<LOD,8.0449,2.4906,<LOD,2.1308,0.1808,78083.4062 , 382.4667,7.3695,32.9003 , 4.4901,2.2360,227.8973 , 2.5576,6.5319,<LOD,0.0000,0.0000,<LOD,1.3196,-0.2159,1343.0896 , 55.6180,7.2339,<LOD,2.3245,0.1771,156.9439 , 18.3425,2.9076,<LOD,16.9493,0.1726,14.9591 , 1.3434,1.1995,12.9608 , 4.7859,0.2907,94.7261 , 2.1762,5.2377,8,404.399994,39.003681,-122.670662,10.000000,528516.562500,4317236.500000,
1742,Mining,123.22,32.89,30.10,30.14,30.09,"Thu May 7, 2026 - 05:21:24",User,1.5,ppm,,,,,,Mining,2.7485 , 1.7699,0.4983,38442.1055 , 1403.7565,0.8815,<LOD,3.4159,0.1962,<LOD,6.3329,0.0792,754.9255 , 38.1113,11.8970,559853.0000 , 5039.1436,<LOD,2.8848,0.1152,9549.1260 , 205.9427,16.6614,<LOD,3.7484,0.7572,<LOD,32.6028,0.8203,<LOD,170.4183,111.8862,104.9725 , 13.1073,7.4067,<LOD,8.9383,0.2953,284154.5938 , 595.4978,858.3602,<LOD,0.0000,0.0000,11.5795 , 3.7391,0.1622,671.5365 , 81.8871,1.3108,10076.0840 , 4090.6145,0.0538,12417.9570 , 115.6974,27.0001,<LOD,1.9019,2.5591,<LOD,2.4478,1.6300,798.3247 , 23.1260,0.3922,350.7472 , 73.5203,0.1561,18.3096 , 2.7977,0.4550,<LOD,2.1693,0.2944,25.9837 , 1.6415,0.7076,<LOD,0.0000,0.0000,2460.0364 , 39.1602,1.3263,<LOD,7.4158,2.5122,<LOD,1.6400,0.1351,78479.7031 , 367.4350,7.6254,36.2737 , 4.1439,2.2615,230.2847 , 2.3733,6.9424,<LOD,0.0000,0.0000,<LOD,1.9355,-0.3900,1298.5100 , 55.3361,7.4611,<LOD,2.3103,0.2198,134.3403 , 17.5953,2.8433,<LOD,14.9422,0.1646,13.7805 , 1.2477,1.2703,16.6080 , 4.4396,0.3098,98.4551 , 2.0270,5.6492,8,401.799988,39.003670,-122.670639,10.000000,528518.437500,4317235.500000,
1743,Mining,122.83,32.51,30.19,30.07,30.06,"Thu May 7, 2026 - 05:25:57",User,1.5,ppm,,,,,,Mining,<LOD,2.2880,0.5258,26656.4180 , 994.4045,0.6331,<LOD,2.8767,0.2279,<LOD,5.5844,0.0876,637.5217 , 33.8849,13.3081,643028.0000 , 4603.2705,<LOD,2.3953,0.1123,7750.3540 , 178.9632,14.5000,<LOD,3.3534,0.8714,<LOD,34.3864,1.0991,<LOD,150.6105,105.2501,60.2361 , 11.6601,6.9295,<LOD,7.9797,0.3304,247260.0000 , 571.9359,816.8262,<LOD,0.0000,0.0000,10.5747 , 3.3471,0.1793,704.4418 , 77.8274,1.3520,<LOD,6622.1096,0.0379,10883.8955 , 104.9420,25.7297,3.4853 , 1.2369,3.5816,<LOD,1.4094,1.8898,873.9570 , 20.6813,0.7172,217.1653 , 67.0803,0.1467,7.1152 , 2.1963,0.3966,<LOD,1.7679,0.2761,22.1789 , 1.4359,0.7549,<LOD,0.0000,0.0000,2832.3054 , 39.3920,1.5847,<LOD,6.6098,2.8560,<LOD,1.3883,0.1327,55720.3633 , 304.5189,5.7371,27.7599 , 3.6923,2.5692,221.6722 , 2.1451,8.0179,<LOD,0.0000,0.0000,<LOD,1.1893,-0.2732,1090.5251 , 55.6154,7.8654,<LOD,2.1250,0.2653,110.3315 , 16.5161,2.9231,<LOD,14.0184,0.2063,14.2487 , 1.1356,1.5099,17.3226 , 3.9614,0.3469,96.4084 , 1.8484,6.6738,8,397.200012,39.003609,-122.670624,10.000000,528520.187500,4317228.500000,
1744,Mining,123.23,32.83,30.24,30.07,30.09,"Thu May 7, 2026 - 05:28:19",User,1.5,ppm,,,,,,Mining,<LOD,2.3982,0.5267,25396.7188 , 1010.8401,0.6064,<LOD,2.9753,0.2450,<LOD,5.3912,0.0806,630.1023 , 35.4843,13.2626,640820.3125 , 3820.5923,<LOD,2.4273,0.1145,7306.0371 , 171.3410,13.4435,<LOD,3.5315,0.8824,<LOD,35.7039,1.1056,<LOD,149.3432,102.7020,54.0445 , 11.3926,6.6962,<LOD,7.6176,0.2976,246282.1250 , 462.0841,799.0055,<LOD,0.0000,0.0000,6.8769 , 3.0862,0.1456,539.7814 , 72.9492,1.1718,7532.1245 , 3379.5725,0.0473,10695.1475 , 102.5078,24.8495,<LOD,1.7732,3.2319,<LOD,1.3887,1.8272,912.6335 , 20.7452,0.7561,233.9719 , 68.0182,0.1412,10.3101 , 2.2559,0.4153,<LOD,1.9152,0.2975,20.6961 , 1.4013,0.7092,<LOD,0.0000,0.0000,2920.7429 , 40.8892,1.6008,<LOD,6.9272,2.8521,<LOD,1.4412,0.1480,55238.9727 , 307.3598,5.5677,18.9500 , 3.8335,2.5032,205.8406 , 2.0444,7.3354,<LOD,0.0000,0.0000,<LOD,1.2984,-0.2999,973.1295 , 54.6095,7.2812,<LOD,2.1055,0.2597,102.7079 , 16.0295,2.7754,<LOD,13.6971,0.1942,11.7349 , 1.0893,1.3752,<LOD,8.7138,0.2808,86.9879 , 1.7616,6.0485,8,396.100006,39.003635,-122.670609,10.000000,528521.000000,4317231.500000,
1745,Mining,122.81,32.54,30.11,30.11,30.05,"Thu May 7, 2026 - 05:32:20",User,1.5,ppm,,,,,,Mining,<LOD,2.3061,0.5153,26409.2812 , 1039.8843,0.6248,<LOD,2.3144,0.1804,<LOD,4.8570,0.0754,573.8239 , 33.8052,12.7108,661665.1875 , 3769.3220,<LOD,2.0316,0.0920,8838.4424 , 184.4350,14.7320,<LOD,3.4135,0.8762,<LOD,38.1744,1.0980,<LOD,136.1004,82.9219,41.0980 , 10.7783,5.6546,<LOD,6.4192,0.2416,214771.5312 , 390.8708,643.5272,<LOD,0.0000,0.0000,9.8233 , 2.9190,0.1630,848.0618 , 79.6649,1.3243,7415.1401 , 3309.5593,0.0454,9407.5830 , 94.6078,20.0827,<LOD,2.2052,3.2454,<LOD,1.2933,1.8449,617.3685 , 16.1970,0.3477,238.3051 , 74.0057,0.1446,<LOD,2.5388,0.3002,<LOD,1.9191,0.3183,25.6732 , 1.3746,0.8189,<LOD,0.0000,0.0000,2023.0256 , 37.0069,1.1231,<LOD,6.6353,2.7768,<LOD,1.2320,0.1217,65264.1523 , 339.6940,6.1100,18.8949 , 3.6743,2.4390,190.1441 , 1.8416,6.8868,<LOD,0.0000,0.0000,<LOD,0.5739,-0.1507,1425.8584 , 52.4943,8.0157,<LOD,1.8671,0.2345,112.6056 , 15.9230,2.6347,<LOD,11.1025,0.1465,10.6927 , 0.9997,1.3387,8.1776 , 3.3835,0.2868,85.1622 , 1.6221,5.9306,8,398.899994,39.003658,-122.670593,10.000000,528522.437500,4317234.000000,
1746,Mining,120.23,30.17,30.08,30.23,29.75,"Thu May 7, 2026 - 05:34:36",User,1.5,ppm,,,,,,Mining,<LOD,2.3559,0.5254,25488.2500 , 1038.3971,0.6056,<LOD,2.4752,0.1663,<LOD,4.9793,0.0740,633.2122 , 34.6856,13.1932,668912.8125 , 3946.4102,<LOD,2.1665,0.0986,8499.9688 , 183.2984,14.1430,<LOD,3.4926,0.8971,<LOD,38.6658,1.0600,<LOD,140.2600,83.8645,51.6229 , 11.1130,5.8849,<LOD,6.9031,0.2641,217016.1094 , 411.8801,646.6630,<LOD,0.0000,0.0000,15.6685 , 3.2207,0.1933,954.5535 , 83.1041,1.4264,<LOD,5344.8369,0.0340,9606.8145 , 97.6920,20.3908,<LOD,1.6741,3.1444,<LOD,1.5236,1.8552,608.4116 , 16.8808,0.3737,274.3116 , 76.3434,0.1465,5.5819 , 1.9659,0.3401,<LOD,1.8348,0.2806,24.6933 , 1.4072,0.7960,<LOD,0.0000,0.0000,2080.2461 , 38.4655,1.1432,<LOD,6.8027,2.8659,<LOD,1.4167,0.1608,63298.6055 , 344.9680,5.8919,25.9150 , 3.7794,2.5379,195.0504 , 1.9116,6.9819,<LOD,0.0000,0.0000,<LOD,0.6740,-0.1703,1440.2448 , 53.1408,8.0201,<LOD,1.9955,0.2520,118.3846 , 16.2439,2.6811,<LOD,11.3685,0.1442,8.5930 , 1.0037,1.2630,8.4564 , 3.4993,0.2892,88.4268 , 1.6861,6.0364,8,399.299988,39.003685,-122.670654,10.000000,528517.250000,4317237.000000,
1747,Mining,120.66,30.29,30.11,30.14,30.12,"Thu May 7, 2026 - 05:38:13",User,1.5,ppm,,,,,,Mining,<LOD,1.9301,0.5766,137627.5938 , 1984.4448,2.9222,<LOD,2.2068,0.2463,<LOD,4.2976,0.0954,597.9686 , 28.9131,15.2985,517353.5938 , 4716.5327,<LOD,1.7794,0.1146,16997.5449 , 223.8839,30.1206,<LOD,2.9178,1.0310,<LOD,33.5159,0.8542,<LOD,115.3139,74.0586,70.2757 , 9.5278,5.7222,<LOD,6.8142,0.3761,171763.5469 , 438.2969,556.0849,<LOD,0.0000,0.0000,8.7399 , 2.6067,0.2100,1942.2979 , 86.5001,2.2754,10128.1738 , 3153.1050,0.0555,6298.9556 , 75.5266,14.7121,<LOD,1.3934,3.7372,3.6093 , 0.7720,2.4160,428.2406 , 13.0107,0.5144,363.8711 , 78.6122,0.1778,12.0825 , 1.6800,0.4275,<LOD,1.6705,0.3875,31.0651 , 1.3461,1.2644,<LOD,0.0000,0.0000,3490.7898 , 46.3012,1.8662,<LOD,5.6612,3.2873,<LOD,1.1927,0.1936,129864.5312 , 468.0269,14.1540,20.3736 , 3.1208,2.8420,262.4252 , 1.9479,11.7904,<LOD,0.0000,0.0000,<LOD,1.1015,0.0642,2437.6270 , 54.7912,13.8032,<LOD,1.9199,0.3987,134.0276 , 16.0720,3.5377,<LOD,10.0117,0.1956,19.5046 , 0.9742,2.0850,33.9596 , 3.4244,0.4738,109.1654 , 1.6012,9.2412,7,388.000000,39.003593,-122.670662,10.000000,528516.312500,4317227.000000,
1748,Mining,120.15,30.05,30.15,30.08,29.87,"Thu May 7, 2026 - 05:40:29",User,1.5,ppm,,,,,,Mining,<LOD,2.0478,0.5619,58674.5469 , 1381.9432,1.3038,<LOD,2.3565,0.2575,<LOD,4.4316,0.0844,614.7485 , 30.6920,14.8673,613473.8750 , 3715.6541,<LOD,2.0732,0.1291,16502.7402 , 228.1983,28.3325,<LOD,3.0236,0.9460,<LOD,35.2166,0.8949,<LOD,123.5196,74.9082,85.5486 , 10.5759,6.3648,<LOD,6.9275,0.3722,182515.7500 , 353.5429,568.8491,<LOD,0.0000,0.0000,10.7310 , 2.8962,0.2176,1898.9795 , 90.0389,2.2201,<LOD,4249.5758,0.0363,7725.4341 , 85.1350,17.1598,<LOD,1.5021,3.5770,2.8397 , 0.8351,2.3370,455.4395 , 13.9442,0.4408,409.7515 , 81.0105,0.1786,6.6580 , 1.6914,0.3593,<LOD,1.7695,0.3764,34.0828 , 1.4523,1.2421,<LOD,0.0000,0.0000,1661.8671 , 35.5842,1.0098,<LOD,5.9721,3.1284,<LOD,1.1792,0.1529,113094.4453 , 440.4246,11.6886,16.4337 , 3.3014,2.7364,276.3008 , 2.0608,11.4946,<LOD,0.0000,0.0000,<LOD,1.1441,0.0244,2237.4382 , 58.4144,12.8704,<LOD,1.9547,0.3496,131.4649 , 16.9508,3.5032,<LOD,10.8919,0.1931,20.2637 , 1.0586,2.0416,34.0317 , 3.7017,0.4606,116.5731 , 1.7320,9.0956,7,388.299988,39.003601,-122.670662,10.000000,528516.687500,4317228.000000,
1749,Mining,123.22,32.70,30.28,30.09,30.15,"Thu May 7, 2026 - 05:55:45",User,1.5,ppm,,,,,,Mining,<LOD,0.9610,0.9353,116696.1172 , 1094.3052,2.5176,14.4722 , 1.0129,1.0888,<LOD,2.0174,0.1256,254.0197 , 13.3255,22.1079,619322.6250 , 2601.9763,<LOD,0.9091,0.1742,<LOD,42.3845,0.7625,<LOD,1.4905,1.8099,<LOD,27.8397,0.6955,<LOD,23.3266,4.8455,94.2509 , 3.5010,3.7792,<LOD,2.7462,0.3814,8610.0586 , 56.9040,32.0758,<LOD,0.0000,0.0000,<LOD,1.9315,0.3045,14053.4902 , 93.8172,12.4698,12688.0674 , 1842.2242,0.0628,<LOD,17.6125,0.4749,<LOD,0.7296,7.1010,3.5460 , 0.4159,4.7855,<LOD,4.4169,0.3349,503.5272 , 81.8736,0.2298,3.4120 , 0.6745,0.4110,<LOD,0.8525,0.6542,49.8303 , 0.9319,4.1878,<LOD,0.0000,0.0000,11763.9521 , 76.0678,6.0381,16.6698 , 1.9086,6.0860,<LOD,0.5679,0.2614,212427.3125 , 514.7705,26.7248,<LOD,3.0960,4.2341,10.9384 , 0.3003,1.9379,<LOD,0.0000,0.0000,3.9040 , 0.5415,0.4886,3302.9724 , 24.5451,17.8269,<LOD,0.8821,0.5506,97.1574 , 6.8943,3.3453,<LOD,4.6186,0.2385,5.5393 , 0.4839,3.2321,<LOD,1.7326,0.2895,78.1270 , 0.7267,12.9538,7,396.200012,39.003220,-122.670807,10.000000,528503.875000,4317185.500000,
1750,Mining,120.55,30.19,30.22,30.05,30.09,"Thu May 7, 2026 - 05:58:02",User,1.5,ppm,,,,,,Mining,<LOD,0.9789,0.9641,118304.1016 , 1133.7261,2.5513,13.9989 , 1.0121,1.0474,<LOD,2.0999,0.1316,266.4168 , 13.5623,22.6846,612203.6250 , 2688.3464,<LOD,0.9993,0.2030,<LOD,44.4012,0.8098,<LOD,1.5250,1.8862,<LOD,28.3146,0.6879,<LOD,24.8788,5.3736,93.3963 , 3.5956,3.8150,<LOD,2.8334,0.3917,9692.7539 , 61.0804,35.6786,<LOD,0.0000,0.0000,<LOD,1.9425,0.2974,14787.1494 , 97.7172,13.0225,13222.4707 , 1908.3778,0.0640,<LOD,18.3906,0.5063,<LOD,0.7324,6.8596,2.9713 , 0.4170,4.6181,<LOD,4.6138,0.3496,514.6809 , 83.0683,0.2271,3.0202 , 0.6737,0.3946,<LOD,0.8599,0.6603,50.5175 , 0.9475,4.1675,<LOD,0.0000,0.0000,12178.6406 , 78.8157,6.2008,17.7339 , 1.9412,6.2531,<LOD,0.5669,0.2466,214989.3594 , 527.5928,26.9253,5.5422 , 1.5163,4.4447,11.7391 , 0.3100,1.9861,<LOD,0.0000,0.0000,3.0940 , 0.5655,0.4882,3445.8845 , 25.5906,18.4753,<LOD,0.8870,0.5355,107.9925 , 7.2049,3.5146,<LOD,4.6009,0.2278,5.5635 , 0.4905,3.1927,<LOD,1.8256,0.3105,79.3700 , 0.7404,12.8961,7,394.399994,39.003323,-122.670746,10.000000,528509.437500,4317197.000000,
1751,Mining,120.47,30.11,30.24,30.02,30.10,"Thu May 7, 2026 - 06:01:51",User,1.5,ppm,,,,,,Mining,<LOD,1.0506,0.9341,132567.1562 , 1290.4333,2.8350,28.6833 , 1.3210,1.6523,<LOD,2.1117,0.1169,446.4049 , 15.4507,26.2514,587036.5000 , 3018.8938,<LOD,1.0789,0.2080,<LOD,55.0081,0.9152,<LOD,1.6623,1.8873,<LOD,30.1026,0.6807,<LOD,21.9858,3.5982,94.9406 , 3.5090,3.4097,<LOD,2.9617,0.3758,6764.1567 , 52.7078,22.9825,<LOD,0.0000,0.0000,<LOD,2.0716,0.2977,17009.9980 , 102.8956,13.7412,15424.1338 , 1993.6859,0.0629,<LOD,19.3535,0.4774,<LOD,0.7820,6.8940,5.4244 , 0.4447,4.6331,<LOD,4.9419,0.3788,286.0104 , 76.3595,0.1634,6.0943 , 0.7607,0.4447,<LOD,0.9379,0.6626,67.1611 , 1.1033,5.0229,<LOD,0.0000,0.0000,5475.9307 , 55.6214,2.7029,15.5322 , 2.1080,6.2188,<LOD,0.5806,0.2285,230241.5469 , 559.0869,26.7013,7.5297 , 1.6665,4.5746,11.7148 , 0.3192,1.8560,<LOD,0.0000,0.0000,4.2491 , 0.6182,0.5208,4257.2847 , 27.4007,20.5859,<LOD,0.9420,0.5321,124.0129 , 7.6111,3.7537,<LOD,4.9277,0.2298,8.1956 , 0.5512,3.5429,<LOD,1.8884,0.2918,117.3204 , 0.8975,16.4686,8,394.399994,39.003315,-122.670738,10.000000,528509.875000,4317196.000000,
1752,Mining,123.01,32.65,30.02,30.26,30.08,"Thu May 7, 2026 - 06:04:11",User,1.5,ppm,,,,,,Mining,<LOD,0.9688,0.9215,127203.1094 , 1156.4833,2.7273,30.7837 , 1.3030,1.8552,<LOD,2.0644,0.1280,380.0085 , 14.1053,25.1948,608586.7500 , 2692.6753,<LOD,0.9998,0.2043,<LOD,56.0034,0.9464,<LOD,1.5307,1.8560,<LOD,28.7628,0.7311,<LOD,22.6207,4.4075,101.2751 , 3.5628,3.7455,<LOD,2.8397,0.3960,7697.6348 , 54.2507,28.1204,<LOD,0.0000,0.0000,<LOD,2.3806,0.3219,16589.1309 , 102.0278,14.4284,14469.2734 , 1849.6686,0.0625,<LOD,18.6000,0.5093,<LOD,0.7542,7.3744,4.4858 , 0.4248,4.8411,<LOD,4.7210,0.3873,336.8218 , 72.8406,0.1757,5.9155 , 0.7306,0.4696,<LOD,0.8664,0.6563,68.1121 , 1.0740,5.4558,<LOD,0.0000,0.0000,5826.3091 , 54.7979,3.0746,14.8388 , 1.9463,6.1441,<LOD,0.5652,0.2486,214277.3125 , 520.7762,26.4233,6.9180 , 1.5362,4.4988,11.2548 , 0.3055,1.9462,<LOD,0.0000,0.0000,4.1434 , 0.5808,0.5328,4145.6396 , 27.2108,21.6895,<LOD,0.9111,0.5697,119.5793 , 7.5958,3.9547,<LOD,4.5576,0.2248,6.9012 , 0.5259,3.6774,<LOD,1.8210,0.3111,113.7842 , 0.8561,17.2314,8,394.700012,39.003326,-122.670731,10.000000,528510.937500,4317197.500000,
1753,Mining,122.94,32.77,30.03,30.10,30.04,"Thu May 7, 2026 - 06:07:47",User,1.5,ppm,,,,,,Mining,<LOD,1.0627,0.8580,112024.3906 , 1197.5068,2.4110,26.5866 , 1.2965,1.4841,<LOD,2.2645,0.1261,413.1282 , 15.4724,23.5816,624246.8125 , 2856.6780,<LOD,1.0680,0.1906,<LOD,45.5078,0.7439,<LOD,1.6645,1.6931,<LOD,30.2532,0.6830,<LOD,23.7184,3.9578,109.8782 , 3.6566,3.4462,<LOD,3.0320,0.3689,7880.0933 , 56.4676,25.4795,<LOD,0.0000,0.0000,<LOD,2.7867,0.2922,15276.1104 , 99.2057,11.8012,11325.6953 , 1923.3772,0.0569,<LOD,19.1208,0.4394,<LOD,0.8009,6.7839,4.6152 , 0.4464,4.3650,<LOD,4.6501,0.2986,315.1763 , 78.6534,0.1713,5.5094 , 0.7565,0.4110,<LOD,0.9276,0.5796,64.7066 , 1.0922,4.6120,<LOD,0.0000,0.0000,8700.3848 , 67.3856,3.9534,12.6986 , 2.1150,5.5858,<LOD,0.6058,0.2319,215637.1875 , 524.1763,23.5565,<LOD,3.7288,4.0403,11.3732 , 0.3203,1.7479,<LOD,0.0000,0.0000,2.8408 , 0.5975,0.4432,3693.1946 , 26.0183,17.1485,<LOD,0.9501,0.5058,106.5242 , 7.3272,3.1634,<LOD,4.6106,0.1879,7.2081 , 0.5476,3.2681,<LOD,1.9082,0.2790,135.9056 , 0.9598,17.7337,7,395.100006,39.003342,-122.670715,10.000000,528511.937500,4317199.000000,
1754,Mining,120.08,30.09,30.07,30.14,29.78,"Thu May 7, 2026 - 06:10:00",User,1.5,ppm,,,,,,Mining,<LOD,1.0430,0.8503,109678.0703 , 1226.9863,2.3630,26.9800 , 1.3284,1.4820,<LOD,2.2852,0.1214,414.9380 , 15.2612,23.5773,630918.0625 , 2844.1597,<LOD,1.1187,0.1983,<LOD,46.0076,0.7563,<LOD,1.6235,1.6505,<LOD,31.9669,0.6915,<LOD,24.4776,4.0047,104.8412 , 3.6726,3.3992,<LOD,3.0431,0.3522,7960.3931 , 57.8549,25.5331,<LOD,0.0000,0.0000,<LOD,2.2989,0.2856,15503.2422 , 100.2391,11.8757,7040.9370 , 1903.1066,0.0499,<LOD,19.2471,0.4227,<LOD,0.8174,6.7066,4.9455 , 0.4593,4.3891,<LOD,4.6931,0.2857,337.2368 , 82.4369,0.1702,5.0639 , 0.7663,0.3994,<LOD,0.9120,0.5766,62.5933 , 1.1023,4.4465,<LOD,0.0000,0.0000,9242.2236 , 72.5687,4.1663,14.8079 , 2.0937,5.6566,<LOD,0.6261,0.2370,214672.5469 , 541.2448,23.2876,3.9413 , 1.6433,4.0786,11.1318 , 0.3256,1.7121,<LOD,0.0000,0.0000,2.6911 , 0.6174,0.4420,3744.6279 , 26.3535,17.2717,<LOD,0.9786,0.5089,111.9610 , 7.4508,3.2137,<LOD,4.8446,0.1970,7.1351 , 0.5566,3.2027,<LOD,1.9275,0.2697,131.6366 , 0.9663,17.1169,7,395.100006,39.003345,-122.670708,10.000000,528512.500000,4317199.500000,
1755,Mining,120.36,30.12,30.04,30.06,30.14,"Thu May 7, 2026 - 06:13:32",User,1.5,ppm,,,,,,Mining,<LOD,1.1545,0.8294,99268.7578 , 1294.7181,2.1452,22.1545 , 1.2853,1.1658,<LOD,2.2375,0.0990,378.8519 , 16.6826,21.8929,634212.5625 , 3075.5815,<LOD,1.0919,0.1607,<LOD,46.8246,0.6142,<LOD,1.7858,1.5847,<LOD,34.6914,0.6984,<LOD,26.3710,3.9839,100.6140 , 3.9286,3.0724,<LOD,3.0318,0.2975,8902.8291 , 62.5552,25.9535,<LOD,0.0000,0.0000,<LOD,2.1371,0.2414,13834.2764 , 101.9873,9.6911,8386.1611 , 2070.0881,0.0505,<LOD,19.5302,0.3739,<LOD,0.8059,5.5326,3.1074 , 0.4606,3.7545,<LOD,4.9122,0.2634,302.8017 , 85.4910,0.1544,4.2465 , 0.7721,0.3449,<LOD,0.9948,0.5447,56.1040 , 1.0786,3.6248,<LOD,0.0000,0.0000,7610.9351 , 68.7381,3.1838,13.4486 , 2.3124,5.4636,<LOD,0.6179,0.1965,222974.3125 , 561.7510,22.0652,<LOD,3.9153,3.9505,11.2131 , 0.3365,1.5556,<LOD,0.0000,0.0000,3.2481 , 0.6200,0.3909,3705.0117 , 27.6908,15.4449,<LOD,0.9650,0.4206,111.6581 , 7.9289,2.8766,<LOD,4.9258,0.1733,5.2143 , 0.5475,2.6357,<LOD,1.9455,0.2339,92.4863 , 0.8575,11.5998,8,394.899994,39.003349,-122.670708,10.000000,528512.500000,4317200.000000,
1756,Mining,120.55,30.07,30.07,30.11,30.30,"Thu May 7, 2026 - 06:15:53",User,1.5,ppm,,,,,,Mining,<LOD,1.0462,0.8183,103993.2188 , 1183.3506,2.2431,20.6304 , 1.2089,1.1851,<LOD,2.2349,0.1141,380.8397 , 15.3823,22.6658,640786.3750 , 2739.7227,<LOD,1.0568,0.1737,<LOD,44.3062,0.6455,<LOD,1.6700,1.6833,<LOD,31.4185,0.6778,<LOD,25.6848,4.3650,97.5189 , 3.7078,3.2506,<LOD,2.9048,0.3148,8994.7559 , 60.8958,28.3563,<LOD,0.0000,0.0000,<LOD,2.0857,0.2677,13740.3789 , 96.7513,10.3935,5652.2559 , 1822.4651,0.0461,<LOD,19.2028,0.4172,<LOD,0.7843,6.0340,3.7228 , 0.4506,4.1447,<LOD,4.8030,0.2909,312.2252 , 78.0140,0.1540,3.6629 , 0.7346,0.3598,<LOD,0.9188,0.5604,54.7872 , 1.0359,3.8473,<LOD,0.0000,0.0000,7259.2983 , 63.9636,3.2738,14.3856 , 2.1297,5.6033,<LOD,0.6067,0.2175,214740.8438 , 529.1077,22.8108,4.8866 , 1.6749,4.0641,10.2897 , 0.3179,1.6015,<LOD,0.0000,0.0000,3.1109 , 0.5982,0.4183,3724.0754 , 26.6151,16.8700,<LOD,0.9463,0.4667,102.0334 , 7.5252,3.0774,<LOD,4.6638,0.1789,6.1421 , 0.5347,2.9084,<LOD,1.8113,0.2336,94.5651 , 0.8367,12.7484,8,394.899994,39.003345,-122.670715,10.000000,528512.187500,4317199.500000,
1757,Mining,122.97,32.73,30.06,30.09,30.09,"Thu May 7, 2026 - 06:19:19",User,1.5,ppm,,,,,,Mining,<LOD,1.0923,0.9122,109679.7734 , 1181.0403,2.3669,22.4806 , 1.1586,1.2323,<LOD,2.0818,0.1085,379.7792 , 15.4877,23.2806,623043.8750 , 2749.4106,<LOD,1.0005,0.1710,<LOD,48.0519,0.7552,<LOD,1.6781,1.7249,<LOD,31.6075,0.7500,<LOD,27.7786,5.7629,105.7636 , 3.9569,3.6479,<LOD,2.8900,0.3438,11232.3086 , 66.4941,37.1093,<LOD,0.0000,0.0000,6.2453 , 1.5252,0.3655,14874.5449 , 104.0941,11.8613,8972.8408 , 1902.2499,0.0540,<LOD,18.1395,0.4204,<LOD,0.7803,6.5822,3.9406 , 0.4386,4.3011,<LOD,4.6061,0.2763,217.1740 , 73.0764,0.1438,<LOD,0.9589,0.3389,<LOD,0.9656,0.6336,60.8105 , 1.0570,4.3862,<LOD,0.0000,0.0000,8789.7217 , 68.6558,4.1120,14.1443 , 2.1410,5.7376,<LOD,0.5601,0.2019,218421.3125 , 531.3206,24.6410,5.2680 , 1.6873,4.1873,11.7626 , 0.3221,1.7987,<LOD,0.0000,0.0000,3.6043 , 0.5779,0.4368,3912.6128 , 28.2091,18.6203,<LOD,0.9511,0.5103,125.1674 , 8.0865,3.5096,<LOD,4.6509,0.1963,5.8227 , 0.5252,3.0614,<LOD,1.8437,0.2668,111.0286 , 0.8746,15.0922,8,394.899994,39.003345,-122.670715,10.000000,528512.187500,4317199.500000,
1758,Mining,122.89,32.66,30.05,30.07,30.11,"Thu May 7, 2026 - 06:21:38",User,1.5,ppm,,,,,,Mining,<LOD,1.0277,0.8857,110858.7969 , 1143.4816,2.3918,22.6208 , 1.2048,1.3198,<LOD,2.2235,0.1253,345.9459 , 14.6005,22.5758,622038.9375 , 2689.6416,<LOD,1.0384,0.1859,<LOD,44.9128,0.7370,<LOD,1.5798,1.6739,<LOD,30.2247,0.7331,<LOD,27.5661,5.7032,101.6001 , 3.7414,3.5742,<LOD,2.7990,0.3249,11064.7754 , 66.1947,37.1878,<LOD,0.0000,0.0000,2.3528 , 1.4305,0.3182,13949.8809 , 97.4310,11.2714,9353.4395 , 1845.5487,0.0548,<LOD,19.1605,0.4739,<LOD,0.7786,6.6004,3.8825 , 0.4411,4.3857,<LOD,4.6811,0.2920,213.4810 , 69.6920,0.1377,3.2015 , 0.7072,0.3692,<LOD,0.8868,0.5836,61.7146 , 1.0725,4.5539,<LOD,0.0000,0.0000,8788.5723 , 66.9989,4.1815,11.9554 , 2.0239,5.6078,<LOD,0.5845,0.2203,219365.2656 , 518.7775,25.0967,<LOD,2.6977,4.0171,11.9610 , 0.3244,1.8427,<LOD,0.0000,0.0000,3.3307 , 0.5920,0.4566,3573.3284 , 26.3708,17.4270,<LOD,1.1168,0.5426,110.7157 , 7.4994,3.2864,<LOD,4.6398,0.1969,6.5653 , 0.5357,3.2147,<LOD,1.8860,0.2819,107.6689 , 0.8663,14.9817,8,394.899994,39.003345,-122.670715,10.000000,528512.187500,4317199.500000,
1759,Mining,122.98,32.62,30.17,30.08,30.11,"Thu May 7, 2026 - 06:25:07",User,1.5,ppm,,,,,,Mining,<LOD,1.0309,0.9406,136837.8594 , 1246.4822,2.9311,22.2012 , 1.1865,1.3525,<LOD,2.1148,0.1198,371.7423 , 14.6515,24.1019,571937.9375 , 2880.0583,<LOD,1.0281,0.1934,<LOD,58.1536,1.1066,<LOD,1.5783,1.7625,<LOD,28.3136,0.6648,<LOD,26.0682,5.3651,129.6124 , 3.9466,4.1305,<LOD,2.7977,0.3448,9900.2998 , 63.1943,34.4284,<LOD,0.0000,0.0000,6.4064 , 1.4961,0.3786,19925.4902 , 115.1849,16.7446,13773.8936 , 1920.0227,0.0625,<LOD,18.7487,0.4744,<LOD,0.7762,6.9365,5.8236 , 0.4450,4.7344,<LOD,4.5718,0.3015,251.1450 , 71.1349,0.1546,3.5016 , 0.7050,0.3894,<LOD,0.8759,0.5994,66.2009 , 1.0959,5.0307,<LOD,0.0000,0.0000,6729.6978 , 59.2407,3.4059,14.6128 , 2.0271,5.9602,<LOD,0.5766,0.2316,234571.4688 , 545.5854,28.5395,4.7867 , 1.5944,4.3247,11.3454 , 0.3157,1.8488,<LOD,0.0000,0.0000,3.4832 , 0.5899,0.4838,5171.5796 , 31.2792,25.8271,<LOD,1.0796,0.5723,141.3737 , 8.6250,4.5925,<LOD,4.4546,0.1925,7.7616 , 0.5433,3.5041,<LOD,1.8818,0.2982,111.7646 , 0.8749,15.9742,7,394.899994,39.003345,-122.670708,10.000000,528512.750000,4317199.500000,
1760,Mining,122.71,32.55,30.14,30.00,30.02,"Thu May 7, 2026 - 06:29:12",User,1.5,ppm,,,,,,Mining,<LOD,1.0119,0.8981,140159.9375 , 1228.5780,2.9995,29.5401 , 1.3502,1.6831,<LOD,2.1832,0.1199,420.6357 , 15.0771,25.6969,569800.1875 , 2835.4697,<LOD,1.0822,0.2021,<LOD,45.4068,0.7676,<LOD,1.6119,1.8363,<LOD,28.9475,0.7129,<LOD,30.1417,6.9774,110.7831 , 3.8147,3.9638,<LOD,2.9527,0.3629,12560.3867 , 72.4474,44.1946,<LOD,0.0000,0.0000,<LOD,2.1329,0.3045,14782.8877 , 99.5686,12.5858,9013.7588 , 1813.5194,0.0562,<LOD,20.5231,0.5551,<LOD,0.8154,7.1929,5.9695 , 0.4617,4.7878,<LOD,5.1125,0.3493,273.4386 , 68.5865,0.1455,4.3178 , 0.7567,0.4229,<LOD,0.9095,0.6475,69.7117 , 1.1506,5.2664,<LOD,0.0000,0.0000,11891.0928 , 76.8009,5.8413,21.5008 , 2.0916,6.4074,<LOD,0.6401,0.2762,236476.6562 , 536.5143,29.0485,5.4285 , 1.6258,4.4942,15.6767 , 0.3591,2.2574,<LOD,0.0000,0.0000,4.7005 , 0.6314,0.5311,4093.2380 , 27.9607,20.8885,<LOD,0.9752,0.5481,122.5836 , 7.8611,3.8701,<LOD,5.1023,0.2393,8.8189 , 0.5747,3.6967,<LOD,1.8920,0.2840,128.8027 , 0.9602,18.1117,7,394.899994,39.003349,-122.670708,10.000000,528512.625000,4317200.000000,
1761,Mining,122.79,32.48,30.02,30.20,30.09,"Thu May 7, 2026 - 06:31:31",User,1.5,ppm,,,,,,Mining,<LOD,0.9950,0.8968,137900.1406 , 1238.6931,2.9514,30.6754 , 1.3252,1.7407,<LOD,2.1998,0.1306,425.8307 , 14.8677,25.8786,572658.1875 , 2933.4463,<LOD,1.0759,0.2129,<LOD,45.1222,0.7571,<LOD,1.5754,1.8065,<LOD,28.7079,0.7127,<LOD,29.2721,7.0026,98.7669 , 3.7431,3.7315,<LOD,3.0620,0.4164,12694.6709 , 71.9613,45.1915,<LOD,0.0000,0.0000,<LOD,2.0791,0.3091,13912.7090 , 98.6254,11.9780,16425.0664 , 1967.7186,0.0682,<LOD,18.9818,0.5042,<LOD,0.7970,7.3082,5.5413 , 0.4484,4.7978,<LOD,4.9041,0.3392,231.8029 , 68.6274,0.1460,3.6737 , 0.7193,0.4073,<LOD,0.8768,0.6192,69.9478 , 1.1310,5.3825,<LOD,0.0000,0.0000,11479.0371 , 75.5039,5.6960,18.5347 , 2.0449,6.2948,<LOD,0.5983,0.2491,229920.4844 , 540.8472,28.3199,5.6676 , 1.5995,4.4957,15.5873 , 0.3494,2.2751,<LOD,0.0000,0.0000,3.9964 , 0.6133,0.5218,3839.6909 , 27.5365,19.7874,<LOD,1.5837,0.6021,122.0098 , 7.7826,3.7196,<LOD,4.9275,0.2377,8.7809 , 0.5599,3.7349,<LOD,1.9057,0.3073,129.2530 , 0.9415,18.3654,7,394.799988,39.003349,-122.670708,10.000000,528512.625000,4317200.000000,
1762,Mining,122.97,32.75,30.01,30.10,30.11,"Thu May 7, 2026 - 06:35:32",User,1.5,ppm,,,,,,Mining,<LOD,1.1994,0.8080,124711.9219 , 1498.3818,2.6753,30.9854 , 1.4719,1.4553,<LOD,2.4046,0.1061,529.6189 , 18.2885,24.5407,558476.4375 , 3586.2148,<LOD,1.2099,0.1835,<LOD,47.6158,0.5609,<LOD,1.8930,1.6107,<LOD,33.2768,0.6244,<LOD,32.0897,5.7468,117.4593 , 4.1795,3.3518,<LOD,3.2187,0.3132,12617.3584 , 76.5890,36.2095,<LOD,0.0000,0.0000,<LOD,2.2968,0.2578,14347.6367 , 106.3138,10.0062,12018.5352 , 2254.8367,0.0586,<LOD,21.4136,0.4373,<LOD,0.8550,5.7079,4.7516 , 0.4831,3.7907,<LOD,5.5446,0.3014,301.0560 , 78.6699,0.1277,4.9490 , 0.8163,0.3577,<LOD,1.0795,0.5844,59.5052 , 1.1420,3.7359,<LOD,0.0000,0.0000,12100.4941 , 86.0572,4.8864,14.7031 , 2.4588,5.6085,<LOD,0.6711,0.2163,260796.3594 , 607.5706,26.6534,<LOD,4.3486,4.0663,14.1286 , 0.3690,1.7296,<LOD,0.0000,0.0000,3.5250 , 0.6694,0.4103,3611.7622 , 28.7715,15.1467,<LOD,1.1542,0.4555,124.6818 , 8.2168,2.9464,<LOD,5.4005,0.1944,7.2881 , 0.5828,2.7635,<LOD,1.9852,0.2268,106.8726 , 0.9384,12.6253,9,393.799988,39.003311,-122.670731,10.000000,528510.625000,4317195.500000,
1763,Mining,11.13,11.13,,,,"Thu May 7, 2026 - 06:40:19",User,1.5,ppm,,,,,,Mining,<LOD,10.4345,43.4958,,,,44.1089 , 3.2261,1.8526,<LOD,5.1717,0.1299,,,,980275.7500 , 408.1450,<LOD,2.6803,0.2383,,,,<LOD,11.3927,47.0998,,,,<LOD,67.2494,6.8622,84.9180 , 53.0158,0.6980,<LOD,7.0215,0.3915,15536.1582 , 147.6282,43.5796,<LOD,0.0000,0.0000,<LOD,5.4657,0.2996,,,,,,,<LOD,46.2667,0.5505,<LOD,1.7885,6.5880,7.5752 , 1.0398,4.6539,<LOD,11.4869,0.3332,,,,8.8589 , 1.7766,0.4483,<LOD,12.0744,52.9795,70.1360 , 2.5063,4.8208,<LOD,0.0000,0.0000,,,,<LOD,19.3741,49.8190,<LOD,1.3684,0.2326,,,,<LOD,13.5000,39.7732,20.2807 , 0.8392,2.3725,<LOD,0.0000,0.0000,<LOD,3.2464,0.4584,3827.5520 , 280.8926,2.6441,<LOD,3.3601,0.5805,<LOD,198.7223,1.0671,<LOD,10.8003,0.2037,9.2367 , 1.2631,3.4230,<LOD,4.1418,0.2595,115.4586 , 1.9269,14.6809,9,394.000000,39.003315,-122.670731,10.000000,528510.937500,4317196.000000,
1764,Mining,122.98,32.52,30.16,30.09,30.21,"Thu May 7, 2026 - 06:43:35",User,1.5,ppm,,,,,,Mining,<LOD,1.1403,0.7674,108075.7500 , 1340.9093,2.3275,34.8555 , 1.5118,1.5990,<LOD,2.4405,0.1126,483.9791 , 17.3878,23.3112,608880.4375 , 3198.4097,<LOD,1.1857,0.1811,<LOD,43.0348,0.4954,<LOD,1.8102,1.5491,<LOD,31.7252,0.5938,<LOD,30.9402,5.4463,94.8558 , 3.8192,2.9177,<LOD,3.1988,0.3178,12327.3750 , 73.5864,35.5863,<LOD,0.0000,0.0000,2.2837 , 1.5697,0.2848,11942.1221 , 95.2368,8.3583,8128.9668 , 2058.8679,0.0506,<LOD,21.1879,0.4391,<LOD,0.8413,5.6977,4.4487 , 0.4791,3.8448,<LOD,5.3229,0.2842,235.3170 , 78.7690,0.1324,4.6509 , 0.8003,0.3539,<LOD,1.0063,0.5316,59.9995 , 1.1326,3.7928,<LOD,0.0000,0.0000,10940.7139 , 79.6971,4.4211,10.7288 , 2.3411,5.3170,<LOD,0.6558,0.2095,235395.8750 , 562.5797,23.4386,<LOD,4.2964,3.9266,13.2700 , 0.3594,1.6888,<LOD,0.0000,0.0000,3.2156 , 0.6523,0.3984,3144.7026 , 25.8434,13.1524,<LOD,1.0417,0.4633,106.0404 , 7.4746,2.5479,<LOD,5.1981,0.1850,7.0093 , 0.5768,2.7874,<LOD,2.0134,0.2401,103.3612 , 0.9110,12.4063,9,394.200012,39.003315,-122.670731,10.000000,528510.937500,4317196.000000,
1765,Mining,122.96,32.53,30.27,30.04,30.12,"Thu May 7, 2026 - 06:47:28",User,1.5,ppm,,,,,,Mining,<LOD,1.1170,0.8144,119494.4844 , 1329.7286,2.5663,46.8474 , 1.6425,2.0915,<LOD,2.4779,0.1254,470.9403 , 16.9258,24.2342,588480.1250 , 3141.2256,<LOD,1.1368,0.1793,<LOD,44.5622,0.5806,<LOD,1.7894,1.6826,<LOD,31.0475,0.6286,<LOD,31.1190,5.9925,114.1234 , 3.9554,3.3632,<LOD,3.2626,0.3575,12405.9238 , 73.2599,37.4681,<LOD,0.0000,0.0000,5.0802 , 1.6354,0.3376,13011.2539 , 98.0907,9.5196,8501.2236 , 1994.9940,0.0525,<LOD,20.4867,0.4427,<LOD,0.8135,5.7160,4.0434 , 0.4656,3.9095,<LOD,5.2573,0.2966,252.6786 , 75.1058,0.1330,3.6574 , 0.7647,0.3481,<LOD,1.0014,0.5839,60.2422 , 1.1171,3.9743,<LOD,0.0000,0.0000,11199.7881 , 78.6962,4.7434,22.0724 , 2.3329,5.9458,<LOD,0.6648,0.2326,242214.0312 , 559.2029,25.4910,6.0981 , 1.8176,4.1984,13.2871 , 0.3535,1.7625,<LOD,0.0000,0.0000,3.3729 , 0.6249,0.3942,3476.1465 , 27.0250,15.2564,<LOD,1.0295,0.4868,110.9114 , 7.7202,2.9041,<LOD,5.2214,0.2018,5.6710 , 0.5554,2.7753,<LOD,2.0614,0.2721,98.0154 , 0.8779,12.3995,9,394.600006,39.003311,-122.670723,10.000000,528511.062500,4317195.500000,
1766,Mining,122.76,32.59,30.08,30.04,30.05,"Thu May 7, 2026 - 06:50:42",User,1.5,ppm,,,,,,Mining,<LOD,1.1277,0.8561,119033.1094 , 1281.4766,2.5568,52.9141 , 1.7366,2.4522,<LOD,2.4870,0.1332,444.3330 , 16.9003,24.6498,592604.8125 , 3087.1023,<LOD,1.2465,0.2272,<LOD,44.7373,0.6295,<LOD,1.7773,1.7020,<LOD,29.2555,0.6073,<LOD,32.3348,6.9061,139.9520 , 4.1233,3.9018,<LOD,3.0767,0.3346,13915.2744 , 77.4041,44.0764,<LOD,0.0000,0.0000,5.5614 , 1.6187,0.3940,12849.1816 , 97.2900,9.8866,11696.8975 , 2011.9827,0.0578,<LOD,21.2044,0.5061,<LOD,0.8267,6.2091,5.3064 , 0.4736,4.2513,<LOD,5.4237,0.3332,257.6448 , 72.0203,0.1339,6.3914 , 0.8201,0.4224,<LOD,1.0169,0.6217,62.1348 , 1.1259,4.2488,<LOD,0.0000,0.0000,10938.8350 , 76.4005,4.8613,23.4449 , 2.3464,6.1975,<LOD,0.6569,0.2440,233970.0000 , 548.6444,25.6858,5.6563 , 1.8227,4.3397,16.5018 , 0.3774,2.1110,<LOD,0.0000,0.0000,3.2722 , 0.6646,0.4517,3729.6191 , 27.4850,17.0263,<LOD,1.0176,0.5002,129.0943 , 7.9511,3.2771,<LOD,0.0000,0.2230,7.9097 , 0.5748,3.1378,<LOD,2.0216,0.2807,102.1691 , 0.8929,13.4016,9,394.600006,39.003311,-122.670731,10.000000,528510.937500,4317195.500000,
1767,Mining,122.94,32.67,30.11,30.07,30.09,"Thu May 7, 2026 - 06:54:27",User,1.5,ppm,,,,,,Mining,<LOD,1.1319,0.8330,98709.8906 , 1212.8177,2.1348,55.7048 , 1.7786,2.4145,<LOD,2.4270,0.1178,319.9886 , 16.0802,20.7082,637031.3750 , 2895.6230,<LOD,1.2535,0.2139,<LOD,44.2322,0.5503,<LOD,1.7490,1.5894,<LOD,31.5886,0.6505,<LOD,32.6032,6.5336,110.5249 , 3.9940,3.3346,<LOD,3.1191,0.3201,13903.6895 , 76.3436,41.6675,<LOD,0.0000,0.0000,<LOD,3.7593,0.2940,12289.1572 , 96.4364,8.9448,5910.5015 , 1926.2190,0.0475,<LOD,20.3651,0.4358,<LOD,0.8145,5.6347,2.8563 , 0.4622,3.7757,<LOD,5.2337,0.2779,248.7778 , 73.6154,0.1260,5.5100 , 0.8080,0.3817,<LOD,0.9884,0.5637,55.7480 , 1.0769,3.6328,<LOD,0.0000,0.0000,10983.1797 , 77.7450,4.6254,17.5479 , 2.2759,5.5425,<LOD,0.6638,0.2291,216851.2969 , 531.0669,22.1160,<LOD,3.5179,3.8919,12.9753 , 0.3525,1.7178,<LOD,0.0000,0.0000,2.3786 , 0.6518,0.3916,3285.1001 , 26.5137,14.3351,<LOD,0.9813,0.4368,110.9072 , 7.6751,2.7837,<LOD,5.1264,0.1906,5.0804 , 0.5479,2.6509,<LOD,1.9535,0.2392,87.7774 , 0.8408,11.2182,9,395.299988,39.003315,-122.670731,10.000000,528510.937500,4317196.000000,
1768,Mining,122.78,32.62,30.07,30.04,30.05,"Thu May 7, 2026 - 06:56:49",User,1.5,ppm,,,,,,Mining,<LOD,1.1218,0.8672,120349.8047 , 1298.2811,2.5882,51.0987 , 1.7208,2.3915,<LOD,2.5040,0.1352,354.1072 , 16.0522,22.1777,584788.8750 , 3073.1494,<LOD,1.1528,0.1939,<LOD,43.2162,0.5962,<LOD,1.7445,1.6812,<LOD,30.1070,0.6210,<LOD,32.0167,6.7421,104.6504 , 3.8337,3.4157,<LOD,3.0862,0.3365,13426.3848 , 76.0864,42.3435,<LOD,0.0000,0.0000,2.2329 , 1.5203,0.3465,12541.4658 , 94.8225,9.5995,9491.6396 , 1999.9324,0.0554,<LOD,20.2495,0.4611,<LOD,0.8133,6.0389,2.5234 , 0.4519,3.8604,<LOD,5.2507,0.3078,240.1434 , 72.9224,0.1301,7.7805 , 0.8378,0.4413,<LOD,0.9681,0.5719,54.6450 , 1.0617,3.7682,<LOD,0.0000,0.0000,11114.3545 , 78.2443,4.9216,23.9708 , 2.2785,5.9581,<LOD,0.6493,0.2364,243590.6250 , 561.5587,26.8055,<LOD,4.2196,4.0770,13.1006 , 0.3490,1.8054,<LOD,0.0000,0.0000,4.0224 , 0.6365,0.4313,3615.2097 , 26.7107,16.4339,<LOD,0.9856,0.4701,122.4030 , 7.6990,3.1526,<LOD,0.0000,0.2007,5.6637 , 0.5436,2.8047,<LOD,1.8918,0.2453,95.2966 , 0.8639,12.5903,9,395.399994,39.003311,-122.670731,10.000000,528510.750000,4317195.500000,
1769,Mining,122.80,32.63,30.09,30.06,30.02,"Thu May 7, 2026 - 07:10:50",User,1.5,ppm,,,,,,Mining,<LOD,1.3414,0.5769,111026.5703 , 1996.1641,2.3974,<LOD,1.3322,0.2087,<LOD,2.6798,0.0802,272.1789 , 18.5748,13.0281,524412.8750 , 4995.9463,<LOD,1.1668,0.1050,41693.9023 , 240.3918,54.5180,<LOD,2.0387,1.0602,<LOD,41.3975,0.8083,<LOD,56.6989,14.0090,117.4531 , 5.8614,3.2315,24.4542 , 3.0780,0.4112,36674.9414 , 154.0669,88.5162,<LOD,0.0000,0.0000,<LOD,3.0143,0.1982,11096.8213 , 118.4765,7.6475,30240.1680 , 3538.8010,0.0902,616.6185 , 29.0427,1.5015,<LOD,0.9716,4.1774,1.9167 , 0.5465,2.7356,<LOD,7.3721,0.2387,841.3295 , 125.1581,0.2882,5.2245 , 0.9443,0.2915,<LOD,1.1267,0.3601,31.6927 , 1.0369,1.6847,<LOD,0.0000,0.0000,940.0386 , 35.0262,0.6184,<LOD,3.8414,3.2469,<LOD,0.7548,0.1676,236007.4844 , 649.0916,22.4330,8.7164 , 2.0789,2.6281,248.6667 , 1.4758,14.6343,<LOD,0.0000,0.0000,3.2635 , 0.6887,0.2767,5451.8896 , 43.6642,18.9296,2.2586 , 0.9574,0.5201,138.5680 , 12.3522,3.3161,<LOD,6.2892,0.1648,13.7807 , 0.6692,2.2338,44.3013 , 2.7170,0.6097,84.8807 , 1.1183,10.2606,8,395.600006,39.002914,-122.670357,10.000000,528542.937500,4317151.500000,
1770,Mining,120.46,30.21,30.10,30.06,30.09,"Thu May 7, 2026 - 07:13:18",User,1.5,ppm,,,,,,Mining,<LOD,2.2209,0.6261,107486.0938 , 2033.7054,2.3227,<LOD,1.3480,0.2111,<LOD,2.8014,0.0846,267.4359 , 19.5720,13.2973,532539.1875 , 5039.9204,<LOD,1.2884,0.1237,42715.5312 , 240.9580,54.7494,<LOD,2.1373,1.0770,<LOD,42.1293,0.7685,<LOD,56.9497,13.6070,113.5740 , 5.8864,3.2064,23.1687 , 3.0921,0.4003,36567.5156 , 152.3611,86.4607,<LOD,0.0000,0.0000,<LOD,2.4557,0.1687,10791.3076 , 116.4750,7.3152,26470.9434 , 3562.7061,0.0832,561.0403 , 28.4721,1.3899,<LOD,0.9887,4.1892,2.3775 , 0.5557,2.7355,<LOD,7.5565,0.2505,861.3889 , 127.8993,0.2781,4.4902 , 0.9400,0.2782,<LOD,1.1795,0.3655,33.1870 , 1.0624,1.7176,<LOD,0.0000,0.0000,809.9016 , 35.0421,0.5657,<LOD,3.9970,3.2036,<LOD,0.7897,0.1776,234805.3594 , 660.4011,21.8873,10.5508 , 2.2067,2.7538,246.8705 , 1.4753,14.2505,<LOD,0.0000,0.0000,2.1076 , 0.7168,0.2722,5388.7231 , 43.3124,18.3504,2.2752 , 0.9632,0.5085,149.1460 , 12.3832,3.2880,<LOD,6.3390,0.1613,13.9553 , 0.6794,2.2208,48.9051 , 2.8167,0.6324,84.8987 , 1.1253,10.0459,9,395.500000,39.002914,-122.670364,10.000000,528542.687500,4317151.500000,
1771,Mining,122.96,32.74,30.03,30.14,30.05,"Thu May 7, 2026 - 07:16:44",User,1.5,ppm,,,,,,Mining,<LOD,1.5064,0.5948,121591.1406 , 2392.1755,2.6153,<LOD,1.4120,0.2184,<LOD,3.0054,0.0910,351.3528 , 21.1840,14.0536,477380.7500 , 5867.0010,<LOD,1.3231,0.1214,42749.0273 , 252.8155,51.6812,<LOD,2.2545,1.0515,<LOD,43.6950,0.7298,<LOD,57.5727,12.8971,113.7475 , 6.1972,3.0937,12.5526 , 2.8937,0.3259,36315.5664 , 161.1568,80.7231,<LOD,0.0000,0.0000,<LOD,2.6137,0.1755,11613.8594 , 125.0873,7.4066,31796.5117 , 3923.9475,0.0922,587.4007 , 29.1832,1.3526,<LOD,0.9868,3.9463,2.5185 , 0.5504,2.5606,<LOD,7.6283,0.2377,956.2834 , 137.9855,0.2898,5.6333 , 0.9760,0.2791,<LOD,1.2883,0.3862,35.1636 , 1.0901,1.6883,<LOD,0.0000,0.0000,711.5069 , 35.2330,0.5052,<LOD,4.2914,3.2798,<LOD,0.8177,0.1739,269408.1562 , 716.7889,24.4360,17.9764 , 2.3811,2.8594,255.9744 , 1.5407,13.8947,<LOD,0.0000,0.0000,2.6717 , 0.7418,0.2736,5775.0684 , 46.9131,18.4868,<LOD,2.3528,0.4738,165.4049 , 13.3119,3.3263,<LOD,6.9174,0.1798,16.5805 , 0.7104,2.2578,39.6458 , 2.7028,0.5413,95.5277 , 1.1858,10.2295,9,395.500000,39.002911,-122.670357,10.000000,528543.000000,4317151.500000,
1772,Mining,120.57,30.26,30.12,30.09,30.10,"Thu May 7, 2026 - 07:19:09",User,1.5,ppm,,,,,,Mining,<LOD,1.5550,0.6198,136116.9219 , 2339.7227,2.9204,<LOD,1.3475,0.2249,<LOD,2.9026,0.0984,354.7514 , 19.1721,14.6897,459951.0625 , 5529.1294,<LOD,1.2339,0.1222,42568.3672 , 255.9680,56.7407,<LOD,2.0535,1.1106,<LOD,42.5398,0.7315,<LOD,55.8896,14.1511,110.5562 , 5.9706,3.2907,14.5660 , 2.8346,0.3626,37224.2148 , 174.0165,91.3575,<LOD,0.0000,0.0000,<LOD,2.4958,0.1881,11645.4053 , 123.1832,8.1754,31389.3457 , 3827.9707,0.0932,618.7321 , 28.7227,1.5278,<LOD,0.9608,4.2103,3.5614 , 0.5476,2.8517,<LOD,7.3421,0.2503,1133.3654 , 139.2755,0.3207,6.0825 , 0.9474,0.3051,<LOD,1.1500,0.3889,35.7990 , 1.0747,1.8912,<LOD,0.0000,0.0000,771.0738 , 36.1817,0.5664,<LOD,3.8654,3.3747,<LOD,0.7654,0.1743,271705.0938 , 755.8741,27.2713,20.3027 , 2.1559,2.9814,251.9066 , 1.5243,15.0331,<LOD,0.0000,0.0000,2.0941 , 0.6933,0.2771,5779.6802 , 47.3822,20.6124,2.6334 , 0.9521,0.5348,138.5674 , 12.9003,3.5755,<LOD,6.4112,0.1784,15.0335 , 0.6775,2.3680,45.8687 , 2.6997,0.6257,95.0117 , 1.1585,11.1312,8,395.399994,39.002907,-122.670357,10.000000,528543.125000,4317151.000000,
1773,Mining,122.81,32.47,30.07,30.10,30.17,"Thu May 7, 2026 - 07:23:31",User,1.5,ppm,,,,,,Mining,<LOD,1.4277,0.5799,97122.6484 , 1891.2197,2.1072,<LOD,1.3303,0.1945,<LOD,2.9592,0.0898,296.6798 , 19.7786,13.1383,554264.3750 , 4703.7075,<LOD,1.3599,0.1305,41780.3984 , 234.0754,51.0721,<LOD,2.1034,0.9878,<LOD,42.2815,0.7786,<LOD,57.2759,13.0312,100.4585 , 5.8482,2.9551,17.6126 , 3.0109,0.3593,36557.5586 , 141.4212,82.5987,<LOD,0.0000,0.0000,<LOD,2.5443,0.1726,11858.5264 , 121.9913,7.6562,17815.2598 , 3252.2842,0.0678,577.9849 , 29.0461,1.3698,<LOD,1.0029,4.0532,3.1897 , 0.5710,2.7326,<LOD,7.5045,0.2290,717.5179 , 117.2073,0.2320,3.4099 , 0.9278,0.2562,<LOD,1.2158,0.3730,36.9660 , 1.1178,1.8142,<LOD,0.0000,0.0000,500.7004 , 31.4354,0.4480,<LOD,4.0356,3.1378,<LOD,0.7938,0.1663,232079.9375 , 627.5275,20.6250,10.8953 , 2.2180,2.6624,246.0981 , 1.4519,13.5859,<LOD,0.0000,0.0000,2.0620 , 0.7472,0.2762,5703.7134 , 43.9878,18.5063,3.4981 , 0.9982,0.5172,152.1918 , 12.7297,3.2735,<LOD,6.4564,0.1587,14.2100 , 0.6946,2.1927,39.5260 , 2.6950,0.5482,94.5769 , 1.1632,10.2664,8,395.700012,39.002903,-122.670357,10.000000,528543.250000,4317150.500000,
1774,Mining,122.88,32.56,30.07,30.07,30.18,"Thu May 7, 2026 - 07:26:11",User,1.5,ppm,,,,,,Mining,<LOD,2.0405,0.5944,105038.0625 , 2115.9307,2.2714,<LOD,1.3329,0.1889,<LOD,2.9256,0.0854,327.6167 , 20.3020,13.3425,530677.6250 , 5169.8228,<LOD,1.2737,0.1113,42508.7500 , 241.8141,50.7346,<LOD,2.1669,1.0034,<LOD,43.5873,0.7387,<LOD,58.6264,12.3938,113.7458 , 6.0898,3.0457,18.4565 , 3.0401,0.3558,35126.7656 , 143.6901,77.4498,<LOD,0.0000,0.0000,<LOD,2.6607,0.1849,11545.7246 , 122.9101,7.2951,20515.1152 , 3514.8916,0.0727,556.0081 , 28.8020,1.2921,<LOD,0.9921,3.8689,2.0774 , 0.5598,2.5554,<LOD,7.7086,0.2491,915.5013 , 130.8597,0.2628,3.8124 , 0.9329,0.2523,<LOD,1.2196,0.3565,34.2174 , 1.0827,1.6518,<LOD,0.0000,0.0000,484.5725 , 33.2491,0.4450,<LOD,4.1453,3.1786,<LOD,0.7789,0.1546,246243.3594 , 667.8251,21.6319,15.3246 , 2.2832,2.7093,241.9603 , 1.4580,13.1321,<LOD,0.0000,0.0000,2.6258 , 0.7223,0.2602,5338.4355 , 43.9305,16.9663,2.0272 , 0.9722,0.4766,147.6980 , 12.6761,3.0533,<LOD,6.6670,0.1646,13.2719 , 0.6828,2.0651,38.5213 , 2.6962,0.5330,88.7414 , 1.1454,9.6536,9,395.600006,39.002895,-122.670357,10.000000,528543.125000,4317149.500000,
1775,Mining,120.17,30.01,30.06,30.25,29.85,"Thu May 7, 2026 - 07:29:20",User,1.5,ppm,,,,,,Mining,<LOD,1.5464,0.5632,90458.5547 , 2108.9744,1.9639,<LOD,1.3495,0.1739,<LOD,3.1930,0.0927,337.6627 , 21.6147,13.1257,562107.5000 , 5360.6147,<LOD,1.2563,0.0983,42376.5234 , 237.3531,48.2233,<LOD,2.3258,1.0083,<LOD,45.4585,0.7332,<LOD,58.2920,11.8748,118.8996 , 6.0288,2.8855,12.9109 , 3.0252,0.3201,36082.8828 , 141.5585,75.8477,<LOD,0.0000,0.0000,<LOD,2.7336,0.1765,9730.0820 , 113.6492,5.9077,21302.3613 , 3686.9702,0.0718,591.0394 , 30.2060,1.3038,<LOD,1.0133,3.7481,1.7351 , 0.5646,2.4280,<LOD,7.8375,0.2299,717.9449 , 123.2039,0.2098,3.2350 , 0.9523,0.2385,<LOD,1.2896,0.3461,31.3863 , 1.0768,1.4679,<LOD,0.0000,0.0000,359.7188 , 32.4519,0.3862,<LOD,4.4279,3.1605,<LOD,0.8367,0.1615,230228.5000 , 660.9051,18.9039,13.3285 , 2.4186,2.6326,261.7914 , 1.5359,13.4470,<LOD,0.0000,0.0000,3.1499 , 0.7294,0.2469,4972.4785 , 41.6443,14.9795,<LOD,2.4314,0.4601,152.8363 , 12.3028,2.7638,<LOD,6.8832,0.1596,12.8999 , 0.6928,1.9333,38.9467 , 2.7842,0.5168,83.5851 , 1.1611,9.0469,8,396.299988,39.002895,-122.670364,10.000000,528542.812500,4317149.500000,
1776,Mining,122.79,32.70,30.04,30.03,30.02,"Thu May 7, 2026 - 07:31:49",User,1.5,ppm,,,,,,Mining,<LOD,1.5080,0.5602,107898.0000 , 2222.4922,2.3270,<LOD,1.4103,0.1859,<LOD,2.9405,0.0777,339.8410 , 21.3586,13.4524,518052.9375 , 5531.1265,<LOD,1.2376,0.0948,41666.0508 , 236.3988,48.2477,<LOD,2.2660,0.9975,<LOD,42.8096,0.6995,<LOD,58.8464,11.9433,120.2427 , 5.9398,2.9204,11.1437 , 2.9960,0.3117,35242.7852 , 147.2492,75.4817,<LOD,0.0000,0.0000,<LOD,2.7043,0.1723,9243.4551 , 110.2756,5.7315,24463.2227 , 3632.8130,0.0781,592.0969 , 30.6104,1.3184,<LOD,1.0316,3.7770,1.9798 , 0.5793,2.4681,<LOD,7.9352,0.2364,779.6758 , 120.8303,0.2200,5.4719 , 1.0054,0.2653,<LOD,1.2578,0.3444,30.3762 , 1.0773,1.4586,<LOD,0.0000,0.0000,399.8763 , 31.8632,0.4033,<LOD,4.3106,3.0942,<LOD,0.7998,0.1487,255791.5156 , 669.1863,21.8075,18.1429 , 2.4094,2.7588,251.1597 , 1.5385,13.2139,<LOD,0.0000,0.0000,3.0012 , 0.7241,0.2437,4819.8472 , 41.4870,14.9278,1.9486 , 1.0076,0.4628,137.6678 , 11.9872,2.7224,<LOD,6.7991,0.1545,13.4625 , 0.7029,1.9830,35.2653 , 2.7399,0.4970,80.8044 , 1.1599,8.9521,9,396.600006,39.002892,-122.670364,10.000000,528542.687500,4317149.000000,
1777,Mining,120.57,30.18,30.17,30.14,30.08,"Thu May 7, 2026 - 07:37:06",User,1.5,ppm,,,,,,Mining,<LOD,1.4482,0.6070,115828.7422 , 2044.9740,2.4939,<LOD,1.3808,0.2118,<LOD,2.9285,0.0909,334.3884 , 20.3845,14.3643,511622.3438 , 5124.1265,<LOD,1.3358,0.1305,43807.4102 , 251.0774,57.3617,<LOD,2.2259,1.1445,<LOD,38.3787,0.6886,<LOD,59.1287,14.6729,113.3247 , 6.0080,3.2216,13.6488 , 2.9459,0.3569,38626.9805 , 162.1019,92.9244,<LOD,0.0000,0.0000,<LOD,2.6579,0.1966,10332.7822 , 117.2346,7.1773,30176.9668 , 3534.0837,0.0888,664.0574 , 30.3388,1.5809,<LOD,1.0148,4.2699,3.0152 , 0.5703,2.8002,<LOD,7.9933,0.2805,720.5145 , 112.0311,0.2327,5.4187 , 0.9804,0.2972,<LOD,1.2093,0.3742,35.9009 , 1.1174,1.8606,<LOD,0.0000,0.0000,430.9919 , 29.6010,0.4311,<LOD,4.1220,3.3285,<LOD,0.8002,0.1762,241315.0000 , 655.3671,23.0712,12.1952 , 2.2706,2.8479,273.6385 , 1.5899,15.8571,<LOD,0.0000,0.0000,2.2846 , 0.7445,0.2884,5368.9380 , 44.3460,18.5820,2.9074 , 1.0122,0.5502,153.4584 , 12.7174,3.3454,<LOD,6.6747,0.1759,14.4692 , 0.6999,2.3015,47.7008 , 2.8364,0.6302,92.9084 , 1.1913,10.9539,7,397.399994,39.002888,-122.670364,10.000000,528542.812500,4317148.500000,
1778,Mining,122.69,32.51,30.12,30.03,30.03,"Thu May 7, 2026 - 07:39:34",User,1.5,ppm,,,,,,Mining,<LOD,1.4316,0.5661,97725.3906 , 1866.2048,2.1184,<LOD,1.4281,0.2133,<LOD,2.9355,0.0828,332.4013 , 20.6068,14.0423,556612.5000 , 4711.8057,<LOD,1.3746,0.1256,43656.9727 , 242.3808,55.0368,<LOD,2.2191,1.0828,<LOD,40.6843,0.7466,<LOD,60.6900,14.0346,117.0293 , 6.0137,3.1509,14.3004 , 3.0665,0.3517,38501.3750 , 150.5511,89.1870,<LOD,0.0000,0.0000,<LOD,3.2620,0.2069,10525.1943 , 117.0334,7.0247,19066.5410 , 3256.7146,0.0695,628.8192 , 30.8759,1.4870,<LOD,1.0489,4.1526,2.0286 , 0.5868,2.6932,<LOD,7.9347,0.2379,718.3584 , 113.7385,0.2273,4.2780 , 0.9906,0.2756,<LOD,1.2441,0.3808,34.5287 , 1.1345,1.7420,<LOD,0.0000,0.0000,299.0257 , 29.0339,0.3881,<LOD,4.2144,3.3689,<LOD,0.8241,0.1712,225700.7812 , 623.1636,20.4998,14.4759 , 2.3093,2.8322,269.7552 , 1.5814,15.0797,<LOD,0.0000,0.0000,2.5635 , 0.7695,0.2817,5455.2612 , 43.3207,18.0716,2.9238 , 1.0457,0.5334,159.9587 , 12.7083,3.2618,<LOD,7.1853,0.1862,14.9739 , 0.7254,2.2560,47.7776 , 2.9442,0.6176,92.8140 , 1.2167,10.5500,8,397.799988,39.002888,-122.670364,10.000000,528542.562500,4317148.500000,
1779,Mining,120.22,30.10,30.00,30.09,30.03,"Thu May 7, 2026 - 07:43:59",User,1.5,ppm,,,,,,Mining,<LOD,1.4032,0.5633,123824.0703 , 2323.7087,2.6613,<LOD,1.4190,0.2090,<LOD,2.8731,0.0801,335.0815 , 20.1493,13.9249,479545.9375 , 5728.9551,<LOD,1.3764,0.1272,43540.8867 , 252.9980,53.8511,<LOD,2.1305,1.0256,<LOD,41.6166,0.6869,<LOD,59.0121,13.0439,111.3679 , 5.9451,3.0083,9.0201 , 2.9020,0.3157,36090.6094 , 163.6704,82.4452,<LOD,0.0000,0.0000,<LOD,2.7025,0.1861,9919.9346 , 115.5883,6.5519,31179.9238 , 3809.8105,0.0910,590.4742 , 30.2311,1.3950,<LOD,1.0090,3.9709,2.9023 , 0.5679,2.6337,<LOD,7.8783,0.2471,938.9625 , 128.3437,0.2634,5.3897 , 0.9923,0.2787,<LOD,1.2043,0.3685,33.2006 , 1.1031,1.6565,<LOD,0.0000,0.0000,411.0492 , 31.8692,0.4200,<LOD,4.0605,3.1961,<LOD,0.7833,0.1540,267889.0312 , 713.8892,24.8265,12.2015 , 2.2434,2.7593,267.7314 , 1.6240,14.9298,<LOD,0.0000,0.0000,<LOD,1.7352,0.2551,4991.1802 , 43.0611,16.3705,<LOD,2.3068,0.4917,158.8447 , 12.4283,3.0401,<LOD,6.7527,0.1646,14.7363 , 0.7126,2.1901,39.5811 , 2.7740,0.5499,87.8619 , 1.1966,10.1081,10,397.799988,39.002888,-122.670364,10.000000,528542.812500,4317148.500000,
1780,Mining,120.18,30.17,30.10,30.19,29.72,"Thu May 7, 2026 - 07:46:33",User,1.5,ppm,,,,,,Mining,<LOD,2.0715,0.5541,71034.5859 , 1675.4677,1.5641,<LOD,1.3869,0.1922,<LOD,2.9949,0.0833,267.5656 , 20.0470,11.8530,630038.6875 , 4216.6318,<LOD,1.2373,0.0978,39264.5391 , 216.2487,45.7017,<LOD,2.1815,0.9467,<LOD,48.4260,0.8711,<LOD,59.0116,12.6170,98.0781 , 5.5540,2.7406,8.9535 , 2.9394,0.3098,36923.5898 , 132.8632,79.7675,<LOD,0.0000,0.0000,<LOD,2.7029,0.1741,10455.2754 , 111.9070,6.4432,6607.1167 , 3021.4563,0.0480,597.9647 , 30.1127,1.3447,<LOD,1.0087,3.8337,2.8081 , 0.5752,2.6114,<LOD,8.0035,0.2481,707.7579 , 128.9963,0.2338,3.6999 , 0.9664,0.2522,<LOD,1.1686,0.3012,33.5856 , 1.0847,1.5581,<LOD,0.0000,0.0000,533.0878 , 34.5358,0.4545,<LOD,4.1591,2.9829,<LOD,0.8292,0.1661,197678.4688 , 619.6345,16.1146,7.2909 , 2.2452,2.3969,247.7628 , 1.4645,13.0525,<LOD,0.0000,0.0000,3.4871 , 0.7301,0.2577,5191.1968 , 40.1568,16.1028,<LOD,1.4412,0.4339,144.7675 , 11.8302,2.8910,<LOD,7.0903,0.1739,13.5321 , 0.7038,2.0520,44.4162 , 2.8715,0.5642,91.8011 , 1.1784,9.6804,10,397.700012,39.002888,-122.670364,10.000000,528542.375000,4317148.500000,
1781,Mining,122.89,32.49,30.19,30.11,30.10,"Thu May 7, 2026 - 07:50:19",User,1.5,ppm,,,,,,Mining,<LOD,2.0322,0.5285,65207.5820 , 1744.1912,1.4409,<LOD,1.3438,0.1613,<LOD,2.9198,0.0673,287.5012 , 21.3889,11.4022,627868.0625 , 4510.9976,<LOD,1.3014,0.0923,41053.5781 , 219.4489,42.7207,<LOD,2.3604,0.9402,<LOD,49.1263,0.8013,<LOD,58.9507,10.4630,108.1774 , 5.8086,2.6167,6.0418 , 2.9578,0.2668,34290.8398 , 126.7035,66.0262,<LOD,0.0000,0.0000,<LOD,2.7460,0.1563,10852.8193 , 115.1280,6.0223,6748.2783 , 3145.1060,0.0470,533.0719 , 30.2497,1.1254,<LOD,1.0342,3.4567,1.2995 , 0.5796,2.2594,<LOD,7.8950,0.2044,345.0459 , 121.0161,0.1756,<LOD,1.3572,0.2125,<LOD,1.2751,0.3036,34.0710 , 1.1174,1.4191,<LOD,0.0000,0.0000,385.6019 , 33.6735,0.3844,<LOD,4.4029,2.7966,<LOD,0.8277,0.1426,206398.9062 , 624.4628,15.1897,9.3976 , 2.4013,2.3194,228.7636 , 1.4372,10.9162,<LOD,0.0000,0.0000,3.9369 , 0.7640,0.2399,5361.4829 , 41.1332,14.8269,<LOD,1.4633,0.3817,151.1586 , 12.1985,2.6765,<LOD,6.8890,0.1396,12.3882 , 0.7120,1.7925,30.2145 , 2.7248,0.4321,81.8087 , 1.1581,8.0118,11,398.200012,39.002888,-122.670372,10.000000,528542.125000,4317148.500000,
1782,Mining,120.42,30.17,30.02,30.07,30.16,"Thu May 7, 2026 - 07:52:48",User,1.5,ppm,,,,,,Mining,<LOD,1.9249,0.4862,53628.4961 , 1701.2152,1.1952,<LOD,1.4620,0.1526,<LOD,3.3971,0.0783,307.8806 , 22.6429,10.7080,670048.5000 , 4495.1831,<LOD,1.4156,0.0929,35147.1328 , 203.9329,33.1655,<LOD,2.4485,0.8337,<LOD,52.8717,0.7830,<LOD,60.7178,9.4252,81.1867 , 5.3989,2.0797,7.3313 , 3.1567,0.2582,33964.6758 , 125.1433,60.2489,<LOD,0.0000,0.0000,<LOD,2.9109,0.1479,9732.3896 , 110.7163,4.9251,3342.7371 , 3125.5522,0.0396,476.7799 , 30.6961,0.9837,<LOD,1.0842,3.2378,<LOD,1.3928,2.0885,<LOD,8.3192,0.1988,516.6647 , 127.8691,0.1693,3.5767 , 1.0270,0.2069,<LOD,1.3259,0.2716,34.5128 , 1.1823,1.3470,<LOD,0.0000,0.0000,355.7277 , 35.9700,0.3693,<LOD,4.6969,2.6759,<LOD,0.8643,0.1260,187188.9375 , 629.6420,12.2212,13.8687 , 2.5549,2.1966,227.9624 , 1.4816,10.0434,<LOD,0.0000,0.0000,1.6826 , 0.7829,0.2015,4656.3062 , 38.3000,11.8615,<LOD,2.3541,0.3784,138.5219 , 11.4658,2.1826,<LOD,7.4378,0.1384,12.1134 , 0.7446,1.6667,29.3628 , 2.8599,0.4044,83.6242 , 1.2093,7.4882,10,398.700012,39.002888,-122.670372,10.000000,528541.937500,4317148.500000,
1783,Mining,124.59,34.47,30.00,30.02,30.10,"Thu May 7, 2026 - 07:56:12",User,1.5,ppm,,,,,,Mining,<LOD,4.5419,0.5311,385329.1250 , 2690.9478,1.6004,<LOD,0.1141,0.0008,<LOD,0.1111,0.0000,1314.3147 , 74.0495,12.7097,2082.4434,,<LOD,0.1574,0.0006,120687.9609 , 2456.8127,41.6649,<LOD,6.8587,0.9568,<LOD,122.6651,0.7211,57.7580 , 5.2807,0.0638,273.0677 , 20.1116,2.3495,<LOD,1.8519,0.0206,<LOD,16.7271,0.1279,<LOD,0.0000,0.0000,<LOD,0.6988,0.0025,24582.4453 , 533.2093,5.7261,78537.5000 , 7807.9331,0.0668,501.7661 , 38.3591,0.4753,<LOD,0.0047,0.0000,<LOD,0.0043,-0.0000,<LOD,3.8648,0.0372,1744.9692 , 313.2758,0.1812,<LOD,0.0152,-0.0000,<LOD,3.7093,0.3114,<LOD,0.0084,-0.0000,<LOD,0.0000,0.0000,556.7468 , 84.4965,0.3457,<LOD,13.0459,2.9744,<LOD,0.0936,0.0005,370538.8125 , 4001.7588,15.5778,34.8561 , 7.1637,2.5514,<LOD,0.0060,-0.0000,<LOD,0.0000,0.0000,<LOD,0.0807,0.0000,13399.7930 , 385.5397,13.2911,<LOD,0.0401,-0.0000,358.4117 , 39.4004,2.3763,<LOD,3.1335,0.0129,<LOD,0.0030,0.0000,<LOD,1.0541,0.0126,<LOD,0.0081,-0.0000,9,399.200012,39.002888,-122.670372,10.000000,528542.125000,4317148.500000,
1784,Mining,123.14,32.64,30.26,30.04,30.20,"Thu May 7, 2026 - 07:58:41",User,1.5,ppm,,,,,,Mining,<LOD,1.4644,0.5834,77515.8594 , 1613.8553,1.6972,<LOD,1.4039,0.2002,<LOD,2.8371,0.0790,308.7512 , 20.5635,13.6322,611675.6875 , 4239.7202,<LOD,1.3199,0.1182,42782.4766 , 231.7717,53.3491,<LOD,2.2144,1.0559,<LOD,40.4034,0.7624,<LOD,59.3781,13.6257,103.2034 , 5.7880,3.0079,9.1781 , 2.9154,0.3239,37604.6445 , 139.5330,86.2914,<LOD,0.0000,0.0000,<LOD,3.0393,0.1908,10933.2783 , 116.2692,7.2128,16010.1758 , 3083.1477,0.0632,616.3693 , 30.3135,1.4540,<LOD,1.0156,4.1188,3.0167 , 0.5745,2.7537,<LOD,7.8186,0.2394,607.2787 , 104.4982,0.1961,5.5169 , 1.0057,0.2903,<LOD,1.2041,0.3477,36.9245 , 1.1215,1.7789,<LOD,0.0000,0.0000,248.5848 , 27.9318,0.3704,<LOD,4.2209,3.3135,<LOD,0.8046,0.1682,195485.4531 , 578.5268,17.0925,10.1240 , 2.2979,2.7345,252.7393 , 1.4900,14.0827,<LOD,0.0000,0.0000,2.6819 , 0.7508,0.2783,5475.4575 , 42.2589,18.0061,<LOD,1.4475,0.4639,164.6480 , 12.5022,3.2742,<LOD,6.4618,0.1526,13.5359 , 0.7089,2.1981,44.0268 , 2.8370,0.5851,90.4203 , 1.1777,10.1831,8,399.299988,39.002884,-122.670364,10.000000,528542.375000,4317148.500000,
1785,Mining,122.98,32.66,30.14,30.04,30.14,"Thu May 7, 2026 - 08:01:12",User,1.5,ppm,,,,,,Mining,<LOD,1.4719,0.5733,102965.3516 , 2027.8602,2.2243,<LOD,1.4009,0.2022,<LOD,3.0592,0.0927,362.0628 , 21.0145,14.0783,533739.9375 , 5110.2363,<LOD,1.3307,0.1206,42563.3633 , 236.4961,51.4953,<LOD,2.2056,1.0126,<LOD,39.7463,0.6749,<LOD,58.4692,13.2427,116.2177 , 5.9079,3.0388,11.3515 , 3.0433,0.3525,37578.6914 , 148.2617,83.7686,<LOD,0.0000,0.0000,<LOD,3.5521,0.1980,10736.0938 , 116.2439,6.9035,24209.8477 , 3468.0901,0.0772,577.4744 , 29.3622,1.3631,<LOD,0.9998,3.9665,2.7308 , 0.5595,2.5984,49.3893 , 6.9728,0.5983,737.7300 , 111.8485,0.2128,5.8299 , 0.9971,0.2862,<LOD,1.2772,0.3842,36.8267 , 1.1182,1.7525,<LOD,0.0000,0.0000,534.9496 , 31.3225,0.4466,<LOD,4.2648,3.2888,<LOD,0.8249,0.1724,239805.0938 , 638.2941,21.1593,14.9657 , 2.3444,2.7933,271.5376 , 1.5538,14.6686,<LOD,0.0000,0.0000,2.9109 , 0.7538,0.2804,5376.6538 , 42.9991,17.2819,<LOD,2.2401,0.4905,152.8670 , 12.4381,3.1166,<LOD,7.4138,0.1992,13.4790 , 0.6953,2.1157,42.3124 , 2.7737,0.5604,92.3339 , 1.1829,10.1731,10,399.399994,39.002884,-122.670372,10.000000,528542.250000,4317148.500000,
1786,Mining,120.48,30.06,30.21,30.06,30.15,"Thu May 7, 2026 - 08:03:41",User,1.5,ppm,,,,,,Mining,<LOD,1.5109,0.5657,77466.6172 , 1718.2322,1.6958,<LOD,1.3778,0.1824,<LOD,2.9313,0.0800,282.0088 , 20.8202,12.6088,608096.5000 , 4464.4536,<LOD,1.2980,0.1082,40171.6719 , 218.9555,47.2162,<LOD,2.2655,1.0065,<LOD,42.9668,0.7656,<LOD,58.6155,12.4032,105.9968 , 5.5773,2.8183,10.8322 , 2.9789,0.3196,36132.7305 , 135.3779,78.9020,<LOD,0.0000,0.0000,<LOD,2.6524,0.1701,10050.8223 , 109.8370,6.2956,14809.3721 , 3180.0020,0.0610,581.6394 , 29.9947,1.3294,<LOD,1.0238,3.8676,2.8394 , 0.5865,2.6414,<LOD,7.9115,0.2427,519.0189 , 109.5530,0.1877,4.7957 , 0.9869,0.2648,<LOD,1.2737,0.3559,34.7974 , 1.1163,1.6518,<LOD,0.0000,0.0000,363.9431 , 30.5074,0.3969,<LOD,4.3023,3.1356,<LOD,0.8060,0.1574,205783.9531 , 600.6419,17.0800,9.7195 , 2.3385,2.5722,248.2783 , 1.4804,13.2668,<LOD,0.0000,0.0000,2.1499 , 0.7329,0.2496,5048.0342 , 39.7847,15.8372,1.8072 , 1.0017,0.4742,140.1384 , 11.6615,2.8482,<LOD,6.8290,0.1617,13.3683 , 0.7064,2.0728,35.8058 , 2.7263,0.5105,83.1105 , 1.1511,9.2437,8,399.200012,39.002880,-122.670372,10.000000,528542.125000,4317148.000000,
1787,Mining,120.67,30.25,30.07,30.07,30.28,"Thu May 7, 2026 - 08:06:01",User,1.5,ppm,,,,,,Mining,<LOD,1.5760,0.5531,69804.9688 , 1590.2635,1.5365,<LOD,1.4302,0.1961,<LOD,2.8667,0.0756,264.1201 , 20.2436,12.0832,635673.9375 , 3983.3425,<LOD,1.2338,0.0964,39516.1016 , 215.9749,45.9116,<LOD,2.1684,0.9324,<LOD,44.5072,0.7799,<LOD,59.4166,12.7015,98.5389 , 5.5133,2.7046,7.5582 , 2.9154,0.3021,37059.5352 , 131.6044,80.1295,<LOD,0.0000,0.0000,<LOD,2.8038,0.1881,9902.9873 , 109.4973,6.1340,5037.1079 , 2820.0144,0.0443,599.1223 , 30.2996,1.3513,<LOD,1.0306,3.9829,1.7145 , 0.5716,2.5430,<LOD,7.8506,0.2268,578.2951 , 114.5029,0.1949,5.8512 , 1.0185,0.2786,<LOD,1.2041,0.3225,35.2479 , 1.1203,1.6430,<LOD,0.0000,0.0000,365.6642 , 31.5438,0.4002,<LOD,4.1597,2.9612,<LOD,0.7951,0.1507,195605.5469 , 598.4862,15.9027,9.1679 , 2.2790,2.4879,252.9162 , 1.4816,13.3202,<LOD,0.0000,0.0000,3.8918 , 0.7411,0.2675,4895.1226 , 38.8738,15.1499,<LOD,2.3302,0.4690,150.5395 , 11.6242,2.7893,<LOD,7.1914,0.1778,12.4585 , 0.7020,2.0150,34.8228 , 2.7248,0.5032,84.7591 , 1.1598,9.2918,8,399.200012,39.002876,-122.670372,10.000000,528542.125000,4317147.500000,
1788,Mining,123.09,32.74,30.24,30.07,30.04,"Thu May 7, 2026 - 08:43:27",User,1.5,ppm,,,,,,Mining,<LOD,1.7042,0.5781,73678.9297 , 1943.8660,1.6269,13.1030 , 1.5212,0.5674,<LOD,3.5192,0.0904,441.4067 , 24.4301,14.0759,552658.3125 , 5815.9590,<LOD,1.6067,0.1313,24176.9336 , 226.6380,30.7901,<LOD,2.5196,0.9879,<LOD,44.3460,0.8607,<LOD,82.4162,28.2809,90.3598 , 7.6809,3.7350,20.7271 , 3.5810,0.3740,80284.4141 , 250.0694,192.8470,<LOD,0.0000,0.0000,32.3780 , 2.9118,0.4096,4327.8569 , 100.8332,3.1756,39393.2734 , 4483.1343,0.1094,876.1487 , 34.3939,2.0783,<LOD,1.1492,3.7554,3.0646 , 0.6484,2.5027,45.4843 , 7.6247,0.3174,4424.3369 , 227.4899,0.9719,3.9361 , 1.1316,0.2729,<LOD,1.4382,0.3659,30.0357 , 1.1586,1.3201,<LOD,0.0000,0.0000,18352.5176 , 115.7509,6.6371,<LOD,4.8947,3.2100,<LOD,0.9697,0.1805,197693.1562 , 612.4099,17.5084,18.0696 , 2.6971,2.7565,299.0373 , 1.8101,14.2949,<LOD,0.0000,0.0000,<LOD,1.8512,0.2223,2761.0642 , 42.9347,10.1834,<LOD,1.7294,0.4761,199.6005 , 13.8096,2.7024,<LOD,7.9631,0.1744,28.4664 , 0.8964,2.6010,51.5265 , 3.2640,0.5893,95.8324 , 1.3416,9.4467,9,441.100006,39.000633,-122.662949,10.000000,529185.812500,4316901.000000,
1789,Mining,120.45,30.06,30.24,30.03,30.12,"Thu May 7, 2026 - 08:45:51",User,1.5,ppm,,,,,,Mining,<LOD,1.6484,0.5702,70696.6875 , 1839.6676,1.5623,11.1130 , 1.3793,0.4952,<LOD,3.2966,0.0840,384.0364 , 23.7199,13.8558,576789.0625 , 5415.3394,<LOD,1.5193,0.1236,24908.1680 , 216.0234,31.2067,<LOD,2.4475,0.9807,<LOD,44.9208,0.8737,<LOD,78.0570,25.0568,99.3770 , 7.1386,3.5851,15.6838 , 3.3791,0.3499,71964.0312 , 218.2643,170.5652,<LOD,0.0000,0.0000,27.6997 , 2.7382,0.3805,4376.9526 , 95.4459,3.1474,32638.1465 , 4174.1260,0.0965,801.8010 , 33.2207,1.9067,<LOD,1.1132,3.7704,2.1901 , 0.6246,2.4757,25.1558 , 7.0855,0.2951,3913.2107 , 216.7491,0.8600,<LOD,1.5233,0.2615,<LOD,1.3823,0.3557,30.7012 , 1.1431,1.3736,<LOD,0.0000,0.0000,15253.3320 , 105.4512,5.4861,<LOD,4.7566,3.1772,<LOD,0.8958,0.1611,194431.8438 , 602.5378,16.8722,14.7070 , 2.6330,2.7673,276.0522 , 1.6863,13.5278,<LOD,0.0000,0.0000,2.0740 , 0.8079,0.2309,2985.7065 , 40.4435,10.6206,<LOD,2.0243,0.4760,193.0340 , 12.9754,2.6572,<LOD,7.6592,0.1702,23.6401 , 0.8370,2.4057,46.6352 , 3.1139,0.5645,89.0011 , 1.2718,9.0711,8,439.299988,39.000652,-122.662987,10.000000,529182.312500,4316903.000000,
1790,Mining,120.12,30.07,30.00,30.04,30.01,"Thu May 7, 2026 - 08:50:12",User,1.5,ppm,,,,,,Mining,<LOD,1.6670,0.6187,80022.7891 , 1996.1620,1.7600,5.0799 , 1.3701,0.4481,4.1641 , 2.6566,0.1220,526.2584 , 24.8279,16.5871,510350.5312 , 6053.9956,<LOD,1.6872,0.1566,32312.2578 , 257.3533,42.5892,<LOD,2.4965,1.0834,<LOD,38.6464,0.6716,<LOD,78.0331,25.1635,98.2478 , 7.5299,3.6635,26.3617 , 3.6504,0.4200,70340.2422 , 253.0732,171.7983,<LOD,0.0000,0.0000,21.6895 , 2.7162,0.3755,5516.3960 , 108.5155,4.0599,52629.8945 , 4601.3003,0.1279,463.4854 , 28.9348,1.4404,<LOD,1.4147,4.2516,5.6875 , 0.6653,2.7674,29.4611 , 7.0720,0.3075,2018.4784 , 161.3073,0.4907,7.7601 , 1.1975,0.3315,<LOD,1.5198,0.4630,28.8974 , 1.1709,1.4363,<LOD,0.0000,0.0000,7699.1875 , 76.6997,3.0244,<LOD,4.8763,3.5566,<LOD,1.0522,0.2171,232855.2500 , 667.4022,21.8927,19.7608 , 2.7090,3.1388,322.6565 , 1.9078,16.3972,<LOD,0.0000,0.0000,2.2047 , 0.8911,0.2857,4342.0454 , 49.6486,15.7605,4.3974 , 1.2164,0.5805,167.1044 , 14.8039,3.2021,<LOD,8.3689,0.2101,19.1548 , 0.8074,2.2725,42.5217 , 3.0758,0.5647,118.0434 , 1.4417,11.6540,9,439.399994,39.000618,-122.662971,10.000000,529183.375000,4316899.000000,
1791,Mining,122.80,32.54,30.10,30.13,30.03,"Thu May 7, 2026 - 08:52:32",User,1.5,ppm,,,,,,Mining,<LOD,1.4857,0.6416,89254.4453 , 1851.0956,1.9563,5.2784 , 1.2622,0.4891,<LOD,3.2800,0.1092,450.7962 , 22.0166,16.9692,492708.3438 , 5551.8101,<LOD,1.4596,0.1502,33820.3750 , 254.3095,49.5855,<LOD,2.2389,1.1416,<LOD,35.6001,0.6988,<LOD,71.2885,25.4696,106.9451 , 7.0283,3.9814,19.7817 , 3.2477,0.4243,63484.6406 , 254.8470,173.1476,<LOD,0.0000,0.0000,17.7688 , 2.4122,0.3767,5776.0669 , 104.3361,4.6926,66737.2109 , 4388.0767,0.1529,499.5801 , 27.8234,1.6098,<LOD,1.0813,4.5244,4.3222 , 0.6053,2.9650,13.4478 , 6.3450,0.3208,1764.2618 , 146.2239,0.4938,7.3077 , 1.0976,0.3583,<LOD,1.3714,0.4929,27.7011 , 1.0681,1.5465,<LOD,0.0000,0.0000,5662.8003 , 63.4802,2.5253,<LOD,4.3482,3.7042,<LOD,0.9293,0.2330,234481.9688 , 673.3715,24.6443,19.3101 , 2.4217,3.2821,311.6054 , 1.8234,18.2122,<LOD,0.0000,0.0000,1.9717 , 0.7824,0.2889,4493.8154 , 47.4471,17.9959,2.3073 , 1.0894,0.5991,150.0735 , 13.8223,3.4820,<LOD,7.6236,0.2230,17.3937 , 0.7390,2.4500,49.1905 , 2.9630,0.6699,111.2683 , 1.3398,12.7633,9,441.799988,39.000607,-122.662964,10.000000,529184.062500,4316898.000000,
1792,Mining,122.93,32.68,30.15,30.03,30.07,"Thu May 7, 2026 - 08:56:16",User,1.5,ppm,,,,,,Mining,<LOD,1.5311,0.6108,86928.1094 , 1955.4730,1.9050,7.0951 , 1.2998,0.4878,<LOD,3.6483,0.1232,450.7078 , 22.3266,15.5488,476457.5312 , 5979.1504,<LOD,1.5199,0.1476,33588.0625 , 252.3240,47.5592,<LOD,2.3185,1.1049,<LOD,36.2420,0.7098,<LOD,75.0894,27.2835,95.8833 , 6.9533,3.7529,19.1027 , 3.2832,0.3946,71146.9766 , 281.8828,186.4961,<LOD,0.0000,0.0000,31.5099 , 2.7518,0.4598,5080.9185 , 98.3584,4.0152,76083.0625 , 4698.6616,0.1674,774.1543 , 31.7078,2.0357,<LOD,1.1061,4.2823,4.6193 , 0.6230,2.8282,25.2563 , 6.6539,0.2971,1601.7457 , 138.3459,0.4308,5.0598 , 1.0766,0.3111,<LOD,1.3435,0.4206,31.6035 , 1.1299,1.5816,<LOD,0.0000,0.0000,5246.6055 , 61.0251,2.2812,<LOD,4.4354,3.4626,<LOD,0.9465,0.2113,237158.7344 , 674.4328,23.9930,14.6794 , 2.4333,2.9375,289.8704 , 1.7807,15.7613,<LOD,0.0000,0.0000,2.7297 , 0.8182,0.2866,4621.4922 , 48.1932,17.8857,1.9895 , 1.1135,0.5613,155.9617 , 14.0019,3.4625,<LOD,7.5259,0.1968,24.8744 , 0.8199,2.7242,43.4939 , 2.9251,0.5934,108.1507 , 1.3355,11.4120,7,445.799988,39.000610,-122.662933,10.000000,529186.687500,4316898.500000,
1793,Mining,123.01,32.70,30.08,30.18,30.05,"Thu May 7, 2026 - 08:58:43",User,1.5,ppm,,,,,,Mining,<LOD,1.7404,0.5773,61265.5781 , 1729.1171,1.3665,2.3230 , 1.2987,0.3484,<LOD,3.5831,0.0916,527.5566 , 25.8967,15.3821,564418.9375 , 5559.7490,<LOD,1.6340,0.1327,27471.4512 , 240.2112,35.9641,<LOD,2.5995,1.0033,<LOD,38.2442,0.6915,<LOD,84.7532,30.5812,94.7572 , 7.7589,3.7862,29.5539 , 3.8211,0.4176,86279.1328 , 254.2235,209.5715,<LOD,0.0000,0.0000,19.8474 , 2.6465,0.3212,3876.6423 , 96.4320,2.9721,42920.3672 , 4427.0728,0.1103,617.7254 , 31.0099,1.7275,<LOD,1.1769,3.8121,3.8767 , 0.6579,2.5062,53.1755 , 7.7849,0.2999,1839.0323 , 152.0662,0.4498,5.5259 , 1.1904,0.2948,<LOD,1.5465,0.4091,25.5202 , 1.1186,1.1751,<LOD,0.0000,0.0000,7585.0747 , 73.6880,2.9367,<LOD,5.0945,3.3102,<LOD,0.9826,0.1802,198498.8750 , 598.3338,17.7247,21.7325 , 2.8373,2.9432,298.6430 , 1.8085,14.0938,<LOD,0.0000,0.0000,<LOD,1.9943,0.2320,3790.7910 , 48.6093,14.0154,<LOD,2.6851,0.4776,183.2029 , 14.8597,3.1145,<LOD,8.1339,0.1782,21.3925 , 0.8377,2.2033,42.5983 , 3.1396,0.5334,106.7053 , 1.3951,9.9606,7,445.299988,39.000618,-122.662933,10.000000,529186.687500,4316899.000000,
1794,Mining,123.05,32.78,30.03,30.05,30.19,"Thu May 7, 2026 - 09:02:39",User,1.5,ppm,,,,,,Mining,<LOD,1.6212,0.6277,65576.1250 , 1649.8538,1.4552,6.6160 , 1.3715,0.4827,<LOD,3.5286,0.1034,461.6530 , 23.3336,15.5544,549855.0625 , 5386.8774,<LOD,1.5740,0.1426,36019.7539 , 260.7688,50.2053,<LOD,2.4513,1.1340,<LOD,35.3439,0.6854,<LOD,78.6065,27.3665,104.7403 , 7.3383,3.8479,22.4824 , 3.5429,0.4151,73113.0391 , 246.7191,186.9959,<LOD,0.0000,0.0000,30.4288 , 2.8651,0.4470,5475.1987 , 104.0087,4.2409,56340.9453 , 4340.6211,0.1318,788.2716 , 33.0862,2.0361,<LOD,1.1730,4.3215,4.7775 , 0.6641,2.8909,31.7755 , 7.1369,0.3234,1914.6749 , 146.6945,0.4908,6.3139 , 1.1604,0.3264,<LOD,1.4343,0.4400,30.8759 , 1.1698,1.5209,<LOD,0.0000,0.0000,5534.8403 , 61.6086,2.3656,<LOD,4.6195,3.4074,<LOD,0.9525,0.1952,199226.3438 , 593.6684,19.2119,18.4831 , 2.5659,3.0000,308.8384 , 1.8271,16.2361,<LOD,0.0000,0.0000,2.9516 , 0.8555,0.2854,4761.7397 , 50.0272,18.1093,2.3484 , 1.1827,0.5709,177.8742 , 14.8663,3.6010,<LOD,8.1396,0.2081,27.9067 , 0.8807,2.8487,42.3365 , 3.0427,0.5800,113.5814 , 1.4022,11.6383,8,444.399994,39.000622,-122.662941,10.000000,529186.375000,4316899.500000,
1795,Mining,122.91,32.64,30.09,30.09,30.09,"Thu May 7, 2026 - 09:05:56",User,1.5,ppm,,,,,,Mining,<LOD,1.6830,0.6102,81721.1406 , 2017.6941,1.7956,3.7063 , 1.3031,0.3842,<LOD,3.7366,0.1064,441.0385 , 24.3051,14.9796,491147.7812 , 6187.9258,<LOD,1.5993,0.1349,32258.0273 , 258.0205,44.2683,<LOD,2.5537,1.1092,<LOD,38.0488,0.7158,<LOD,83.3433,30.1918,106.1207 , 7.5878,3.8861,34.3675 , 3.8451,0.4499,81679.7656 , 300.9738,206.5244,<LOD,0.0000,0.0000,26.0818 , 2.7652,0.3804,4705.2168 , 101.4065,3.6674,64739.6836 , 4829.8760,0.1487,629.6273 , 31.2933,1.7864,<LOD,1.1488,3.8879,3.4869 , 0.6383,2.5180,44.8183 , 7.5194,0.2991,1651.1132 , 145.7682,0.4355,5.0598 , 1.1570,0.2966,<LOD,1.4235,0.3882,26.0975 , 1.1156,1.2508,<LOD,0.0000,0.0000,7345.3828 , 72.9338,2.9875,<LOD,4.7944,3.2793,<LOD,1.0004,0.1977,228173.1250 , 662.3526,22.1250,16.2974 , 2.6713,2.9194,283.9504 , 1.8276,14.2680,<LOD,0.0000,0.0000,1.6801 , 0.8420,0.2419,4611.1494 , 50.4681,17.2444,<LOD,2.3035,0.4881,186.5115 , 15.1563,3.5163,<LOD,7.8513,0.1767,19.5622 , 0.8131,2.2053,37.6847 , 3.0150,0.5229,101.5483 , 1.3750,10.0927,7,444.200012,39.000622,-122.662941,10.000000,529186.375000,4316899.500000,
1796,Mining,120.71,30.26,30.21,30.12,30.12,"Thu May 7, 2026 - 09:08:16",User,1.5,ppm,,,,,,Mining,<LOD,1.5553,0.6090,87231.0469 , 2086.4114,1.9129,5.4222 , 1.2565,0.4247,<LOD,3.5190,0.1080,443.2865 , 22.7747,15.5735,473408.0000 , 6326.7363,<LOD,1.4862,0.1332,34602.9531 , 250.5043,47.5762,<LOD,2.3630,1.1086,<LOD,39.2692,0.7353,<LOD,75.8676,25.5775,93.1200 , 6.6404,3.5142,24.8915 , 3.4693,0.4153,67716.0781 , 279.1404,172.1080,<LOD,0.0000,0.0000,22.0287 , 2.6132,0.3824,5134.7222 , 95.9506,3.9412,73920.4062 , 4925.0249,0.1646,696.8378 , 31.5592,1.8415,<LOD,1.1195,4.1406,5.0370 , 0.6393,2.8250,11.3504 , 6.7653,0.3038,1710.9052 , 148.4645,0.4380,3.5498 , 1.0596,0.2844,<LOD,1.3658,0.4200,31.9272 , 1.1537,1.5675,<LOD,0.0000,0.0000,6540.8628 , 71.0649,2.7208,<LOD,4.5157,3.4553,<LOD,0.9327,0.1946,243093.7500 , 707.1055,24.0761,12.9370 , 2.4810,2.9483,295.9644 , 1.8426,15.8375,<LOD,0.0000,0.0000,3.9063 , 0.8302,0.2920,4678.6221 , 47.0713,17.5088,1.9073 , 1.1216,0.5403,137.3747 , 13.4116,3.2641,<LOD,7.9256,0.2064,26.1282 , 0.8474,2.7539,40.6446 , 2.9421,0.5658,106.3063 , 1.3598,11.1937,7,443.799988,39.000629,-122.662941,10.000000,529186.250000,4316900.500000,
1797,Mining,122.87,32.55,30.10,30.06,30.16,"Thu May 7, 2026 - 09:13:03",User,1.5,ppm,,,,,,Mining,<LOD,2.3257,0.5715,65566.0703 , 1841.6357,1.4542,5.3149 , 1.2570,0.3310,<LOD,3.6283,0.0873,487.8392 , 26.0447,13.6886,546590.8750 , 5741.6582,<LOD,1.5935,0.1172,27571.0410 , 239.3633,35.2759,<LOD,2.7137,0.9822,<LOD,40.7757,0.7883,<LOD,87.5771,31.9286,100.2904 , 7.8248,3.7782,18.9146 , 3.6271,0.3500,93282.0391 , 266.5523,220.7902,<LOD,0.0000,0.0000,24.7461 , 2.7848,0.3346,3897.1636 , 96.8958,2.9314,42807.2695 , 4492.3066,0.1091,666.5184 , 31.8222,1.7861,<LOD,1.1579,3.4322,2.9082 , 0.6484,2.2633,65.8494 , 7.9427,0.2590,1813.5944 , 150.4551,0.4365,<LOD,1.5519,0.2309,<LOD,1.5366,0.3563,21.2861 , 1.0511,0.9493,<LOD,0.0000,0.0000,4880.0181 , 60.4304,1.9472,<LOD,5.1926,3.0690,<LOD,0.9689,0.1608,207577.2656 , 601.0269,18.1943,22.4991 , 2.8744,2.6715,260.4077 , 1.7003,11.6941,<LOD,0.0000,0.0000,<LOD,1.9193,0.1953,3977.8369 , 48.3651,14.1305,<LOD,1.7405,0.4084,220.2013 , 15.2697,3.2528,<LOD,8.1505,0.1665,17.5382 , 0.7958,1.8454,29.8823 , 2.9433,0.4359,92.6139 , 1.3252,8.3495,8,443.700012,39.000633,-122.662941,10.000000,529186.250000,4316901.000000,
1798,Mining,120.45,30.05,30.16,30.12,30.12,"Thu May 7, 2026 - 09:15:43",User,1.5,ppm,,,,,,Mining,<LOD,1.6923,0.5547,66396.6094 , 1906.6639,1.4704,4.8015 , 1.1901,0.3253,<LOD,3.4486,0.0870,441.3680 , 24.3251,13.5981,552197.0625 , 5921.4087,<LOD,1.4370,0.1045,27539.1719 , 233.8432,35.2089,<LOD,2.5315,0.9752,<LOD,42.0601,0.7826,<LOD,82.1408,28.7080,81.0312 , 7.2639,3.4372,17.7719 , 3.4708,0.3514,83396.3984 , 257.3471,198.8835,<LOD,0.0000,0.0000,21.1562 , 2.5544,0.3110,3892.8132 , 94.1909,2.9219,48801.7422 , 4696.3394,0.1191,689.3093 , 31.5563,1.7888,<LOD,1.1131,3.5167,1.8118 , 0.6215,2.2993,51.7267 , 7.3629,0.2616,1902.5022 , 156.1327,0.4419,<LOD,1.4772,0.2308,<LOD,1.4166,0.3450,25.4066 , 1.0868,1.1457,<LOD,0.0000,0.0000,4935.8452 , 63.0854,1.9802,<LOD,4.8451,3.0437,<LOD,0.9181,0.1593,204968.3438 , 623.5377,18.0010,21.1978 , 2.6969,2.6918,251.0124 , 1.6365,11.8232,<LOD,0.0000,0.0000,3.2557 , 0.7947,0.2206,3998.8599 , 46.2189,14.0772,<LOD,2.6701,0.4433,219.5675 , 14.6749,3.2050,<LOD,7.3339,0.1473,17.6553 , 0.7813,1.9621,30.5887 , 2.8481,0.4482,93.0087 , 1.2885,8.7017,8,443.799988,39.000633,-122.662941,10.000000,529186.125000,4316901.000000,
1799,Mining,122.80,32.51,30.08,30.10,30.11,"Thu May 7, 2026 - 09:20:05",User,1.5,ppm,,,,,,Mining,<LOD,1.5391,0.5821,91255.0391 , 1880.9149,1.9948,5.3481 , 1.1700,0.3834,<LOD,3.2411,0.0939,373.5579 , 22.1825,14.2260,514177.7188 , 5236.7554,<LOD,1.4169,0.1243,28418.6777 , 225.8179,40.4279,<LOD,2.3143,1.0337,<LOD,38.6858,0.7804,<LOD,78.0797,30.1611,88.5748 , 6.6204,3.6338,12.9438 , 3.1774,0.3587,77588.3047 , 263.3618,206.5010,<LOD,0.0000,0.0000,27.0551 , 2.6217,0.4053,4400.8750 , 91.7301,3.5421,40744.6992 , 4057.5527,0.1097,808.7838 , 32.1444,2.1497,<LOD,1.0602,3.9364,2.4867 , 0.5978,2.6236,23.3856 , 6.7945,0.2658,1766.5292 , 147.7334,0.4691,<LOD,1.4556,0.2751,<LOD,1.3081,0.3741,26.3895 , 1.0491,1.3208,<LOD,0.0000,0.0000,8124.5796 , 75.9025,3.4065,<LOD,4.4926,3.3653,<LOD,0.8724,0.1765,227932.2656 , 640.5170,22.9076,14.3670 , 2.4554,2.8155,240.7599 , 1.5718,13.0130,<LOD,0.0000,0.0000,3.2639 , 0.7802,0.2594,3650.7681 , 41.9044,14.3681,<LOD,1.6161,0.4772,174.4519 , 12.9082,3.1276,<LOD,7.1367,0.1710,18.2924 , 0.7581,2.2655,31.4822 , 2.7309,0.5025,89.4275 , 1.2275,9.6111,9,443.899994,39.000637,-122.662949,10.000000,529185.812500,4316901.500000,
1800,Mining,123.07,32.84,30.10,30.05,30.08,"Thu May 7, 2026 - 09:22:25",User,1.5,ppm,,,,,,Mining,<LOD,3.3653,0.6107,356319.6875 , 2562.4805,1.9358,<LOD,0.1127,0.0015,<LOD,0.1251,0.0001,1056.9250 , 54.0825,14.6238,1917.9535,,<LOD,0.1866,0.0015,97773.4062 , 1860.3964,45.7795,<LOD,5.1130,1.1188,<LOD,105.8440,0.7976,54.8561 , 4.4640,0.0816,274.0539 , 21.5787,3.5295,<LOD,1.8705,0.0378,<LOD,14.4633,0.1705,<LOD,0.0000,0.0000,<LOD,0.6517,0.0047,12659.5391 , 330.7730,4.0882,103152.9062 , 7089.5229,0.1010,548.0562 , 34.2229,0.6513,<LOD,0.0075,0.0001,<LOD,0.0041,-0.0000,12.0414 , 2.4830,0.0618,5424.7856 , 399.9203,0.4760,<LOD,0.0161,0.0000,<LOD,2.8366,0.3834,<LOD,0.0275,0.0003,<LOD,0.0000,0.0000,18074.8926 , 363.7884,3.4378,<LOD,9.5944,3.3660,<LOD,0.0613,0.0001,390223.7812 , 3829.3350,22.5736,32.1472 , 5.3231,2.9527,<LOD,0.0049,-0.0000,<LOD,0.0000,0.0000,<LOD,0.0926,-0.0000,12078.3643 , 320.6344,16.9846,<LOD,0.0355,-0.0001,396.5685 , 41.5831,3.2326,<LOD,2.6761,0.0167,<LOD,0.0094,0.0001,<LOD,1.0052,0.0207,<LOD,0.0092,-0.0000,9,444.100006,39.000641,-122.662941,10.000000,529186.125000,4316901.500000,
1801,Mining,120.30,30.04,30.09,30.15,30.02,"Thu May 7, 2026 - 09:25:50",User,1.5,ppm,,,,,,Mining,<LOD,1.7129,0.5688,83576.9531 , 1905.9442,1.8302,7.1523 , 1.3904,0.4064,<LOD,3.7148,0.0917,479.2574 , 24.8089,14.1194,512513.1562 , 5522.4292,<LOD,1.7192,0.1369,25530.1484 , 242.5281,36.5665,<LOD,2.5308,0.9689,<LOD,37.8284,0.7620,<LOD,93.9786,41.1557,77.5748 , 8.1795,4.2728,11.8533 , 3.6070,0.3491,108164.5469 , 331.5372,287.0498,<LOD,0.0000,0.0000,30.1679 , 2.9812,0.3888,3668.0359 , 98.3238,3.1043,39059.0156 , 4270.6855,0.1043,988.7642 , 36.0626,2.5986,<LOD,1.2037,3.6822,2.2443 , 0.6667,2.3660,114.2076 , 8.8689,0.3161,1241.9056 , 128.5608,0.3536,<LOD,1.7212,0.2856,<LOD,1.4355,0.3551,32.0564 , 1.2316,1.3657,<LOD,0.0000,0.0000,5277.2915 , 61.6975,2.2948,<LOD,4.8966,3.0887,<LOD,0.9863,0.1665,215054.9844 , 618.4443,21.1708,15.7307 , 2.7022,2.6728,254.8522 , 1.7528,12.1022,<LOD,0.0000,0.0000,<LOD,1.2921,0.2028,3498.4666 , 48.6642,14.0918,<LOD,1.8426,0.4435,244.2208 , 15.8267,3.6122,<LOD,8.4001,0.1772,21.0004 , 0.8745,2.2074,33.2724 , 3.0685,0.4779,103.0897 , 1.4119,9.3477,8,444.100006,39.000645,-122.662941,10.000000,529186.125000,4316902.000000,
1802,Mining,123.04,32.60,30.10,30.23,30.11,"Thu May 7, 2026 - 09:28:47",User,1.5,ppm,,,,,,Mining,<LOD,1.9139,0.6871,117493.8594 , 2041.1610,2.5530,6.0714 , 1.3096,0.5149,<LOD,3.4590,0.1179,447.4906 , 22.4485,16.6751,464051.2500 , 5332.3223,<LOD,1.4519,0.1439,35933.6875 , 258.8695,53.9765,<LOD,2.3445,1.2036,<LOD,40.1988,0.8398,<LOD,75.9418,29.6308,99.8565 , 6.7942,3.9070,19.8404 , 3.2581,0.4158,71430.2188 , 283.2023,198.0724,<LOD,0.0000,0.0000,43.2429 , 2.9549,0.5809,6371.4150 , 106.5179,5.2209,35806.3203 , 4045.6057,0.1111,670.6811 , 30.2972,1.9660,<LOD,1.0848,4.3749,3.0317 , 0.6064,2.8447,<LOD,14.1473,0.3207,1422.1484 , 140.9084,0.4284,7.9363 , 1.1271,0.3658,<LOD,1.3835,0.4761,25.4574 , 1.0586,1.4319,<LOD,0.0000,0.0000,22217.5430 , 129.5508,9.5036,<LOD,4.4675,3.7355,<LOD,0.9156,0.2139,239086.3594 , 685.9036,26.4646,15.3907 , 2.4550,3.1824,292.7342 , 1.7842,16.9301,<LOD,0.0000,0.0000,1.9533 , 0.7768,0.2734,4267.7109 , 46.0743,17.5572,2.4704 , 1.1344,0.6204,124.7349 , 13.1793,3.3109,<LOD,7.0507,0.1846,19.6518 , 0.7633,2.5240,40.1455 , 2.8480,0.6018,98.8060 , 1.2934,11.5096,8,443.899994,39.000645,-122.662941,10.000000,529186.250000,4316902.000000,
1803,Mining,122.94,32.63,30.07,30.14,30.10,"Thu May 7, 2026 - 09:31:07",User,1.5,ppm,,,,,,Mining,<LOD,1.5112,0.6675,113687.5547 , 1920.8573,2.4734,9.6034 , 1.3688,0.5862,<LOD,3.4919,0.1182,432.5750 , 21.8773,16.5620,478516.9688 , 5069.6875,<LOD,1.4750,0.1463,33754.2188 , 264.0865,53.7104,<LOD,2.2711,1.1857,<LOD,38.8484,0.8654,<LOD,80.0470,35.1648,104.2073 , 7.4070,4.3829,24.1316 , 3.4506,0.4620,81663.8984 , 307.5374,239.6306,<LOD,0.0000,0.0000,55.5434 , 3.2731,0.7064,6669.2495 , 115.5981,5.7722,34240.9102 , 3938.5422,0.1085,779.6606 , 31.8707,2.3405,<LOD,1.1134,4.4719,3.6146 , 0.6284,2.9790,42.4540 , 7.2219,0.3588,1340.3590 , 135.9035,0.4340,4.5208 , 1.0897,0.3359,<LOD,1.2823,0.4276,28.3461 , 1.1281,1.5958,<LOD,0.0000,0.0000,21893.5723 , 125.8072,9.8854,<LOD,4.3672,3.7587,<LOD,0.9152,0.2085,221798.4375 , 654.8093,25.4932,20.1218 , 2.4168,3.2620,305.4435 , 1.8450,17.8782,<LOD,0.0000,0.0000,1.6657 , 0.7805,0.2667,4293.3340 , 48.7402,18.6911,3.7640 , 1.2089,0.6896,163.7881 , 14.4796,3.7740,<LOD,7.5882,0.2107,18.9006 , 0.7763,2.5516,39.5584 , 2.8980,0.6163,103.6159 , 1.3415,12.1449,9,443.700012,39.000648,-122.662949,10.000000,529185.812500,4316902.500000,
1804,Mining,33.15,30.07,3.08,,,"Thu May 7, 2026 - 09:33:10",User,1.5,ppm,,,,,,Mining,<LOD,8.3215,26.8751,,,,1.7672 , 1.4987,0.3143,<LOD,4.2997,0.0894,,,,877448.1875 , 1374.4303,<LOD,1.9958,0.1339,37953.6445 , 1039.9014,39.1880,<LOD,8.9497,25.9927,,,,<LOD,89.7302,21.2834,118.4567 , 30.2942,2.9451,16.4815 , 4.0353,0.3130,73733.5234 , 176.3346,142.7262,<LOD,0.0000,0.0000,31.8154 , 3.3334,0.3534,4891.4058 , 431.5121,3.2804,,,,754.8975 , 37.3957,1.5532,<LOD,1.3501,3.4055,4.1719 , 0.7605,2.2771,<LOD,16.7535,0.2564,,,,6.7722 , 1.3681,0.2631,<LOD,9.5184,30.3053,28.0355 , 1.3337,1.1641,<LOD,0.0000,0.0000,,,,<LOD,15.4656,28.5548,<LOD,1.1502,0.1657,,,,<LOD,10.8407,23.6156,286.5296 , 1.9433,12.2861,<LOD,0.0000,0.0000,<LOD,2.4021,0.2309,4447.2651 , 191.3149,13.1574,<LOD,1.9914,0.4172,108.9801 , 57.0529,2.3486,<LOD,9.2188,0.1555,22.4990 , 0.9900,2.0999,41.2241 , 3.5634,0.4629,104.3375 , 1.5781,8.9333,10,443.899994,39.000645,-122.662949,10.000000,529185.812500,4316902.000000,
1805,Mining,122.84,32.55,30.05,30.12,30.12,"Thu May 7, 2026 - 09:35:27",User,1.5,ppm,,,,,,Mining,<LOD,1.7729,0.5545,102240.0781 , 2665.6365,2.2194,1.6149 , 1.2958,0.3145,<LOD,3.7847,0.0928,556.4014 , 26.4446,15.0865,454212.3438 , 7240.5522,<LOD,1.5912,0.1133,35363.7188 , 250.2529,39.9019,<LOD,2.6805,0.9951,<LOD,46.2160,0.6957,<LOD,78.8086,19.4251,93.1781 , 6.9152,3.0084,14.7637 , 3.5085,0.3142,62191.5664 , 233.8344,129.8439,<LOD,0.0000,0.0000,23.6031 , 2.8554,0.3402,5278.1387 , 100.4401,3.3901,38344.5078 , 4800.9814,0.1055,652.4209 , 33.5825,1.4659,<LOD,1.1904,3.5798,5.1788 , 0.6716,2.3997,<LOD,10.4373,0.2435,1376.1427 , 152.2713,0.3104,5.3577 , 1.1794,0.2620,<LOD,1.6060,0.4090,26.8573 , 1.1604,1.1606,<LOD,0.0000,0.0000,13900.8281 , 110.0743,4.5642,<LOD,5.1986,3.2227,<LOD,1.0174,0.1732,280996.0625 , 732.1447,23.9025,20.0751 , 2.8762,2.8101,292.6227 , 1.8750,13.2481,<LOD,0.0000,0.0000,3.9579 , 0.8891,0.2495,4074.0979 , 44.6564,12.5130,<LOD,2.5626,0.4507,167.1423 , 13.4721,2.5926,<LOD,8.5014,0.1771,22.9015 , 0.8678,2.1621,29.4245 , 2.9847,0.4313,107.0292 , 1.4332,9.4998,8,444.000000,39.000645,-122.662949,10.000000,529185.937500,4316902.000000,
1806,Mining,122.98,32.54,30.30,30.08,30.06,"Thu May 7, 2026 - 09:37:57",User,1.5,ppm,,,,,,Mining,<LOD,1.8276,0.5299,85736.3828 , 2348.3303,1.8755,2.5296 , 1.3492,0.3183,<LOD,3.7732,0.0839,566.0758 , 27.2915,14.3808,500373.8750 , 6455.9429,<LOD,1.7975,0.1326,33280.6914 , 254.0245,37.3317,<LOD,2.6956,0.8927,<LOD,46.0851,0.7257,<LOD,84.9984,23.0667,97.3938 , 7.5544,3.1526,20.9670 , 3.7829,0.3360,76357.8438 , 229.7156,158.2715,<LOD,0.0000,0.0000,35.0851 , 3.1357,0.3842,4642.0122 , 102.0706,3.0327,24328.9414 , 4413.4473,0.0820,787.2083 , 35.3970,1.6855,<LOD,1.2110,3.3304,3.6229 , 0.6819,2.2242,38.6147 , 7.6997,0.2608,1117.6899 , 141.3910,0.2728,4.2758 , 1.1991,0.2466,<LOD,1.6269,0.3768,27.7282 , 1.1983,1.1212,<LOD,0.0000,0.0000,18966.7402 , 123.2225,6.0873,<LOD,5.3738,3.0858,<LOD,1.0139,0.1571,249181.3281 , 672.2787,20.4910,20.4798 , 2.9727,2.6912,283.7244 , 1.8194,12.0202,<LOD,0.0000,0.0000,<LOD,2.1626,0.2240,3782.0461 , 47.1747,11.8321,<LOD,2.9486,0.4432,180.7727 , 14.4735,2.6093,<LOD,8.4030,0.1570,24.9955 , 0.9056,2.1384,32.6898 , 3.1217,0.4334,106.2881 , 1.4346,8.7729,8,443.899994,39.000645,-122.662949,10.000000,529185.812500,4316902.000000,
1807,Mining,123.11,32.56,30.28,30.10,30.17,"Thu May 7, 2026 - 09:41:32",User,1.5,ppm,,,,,,Mining,<LOD,1.7006,0.5661,60413.1602 , 1529.9828,1.3564,12.2314 , 1.5378,0.5354,<LOD,4.0920,0.1144,519.6126 , 25.6828,15.3281,552263.5000 , 5149.2637,<LOD,1.7356,0.1437,20256.8438 , 231.7364,30.9514,<LOD,2.5933,1.0306,<LOD,33.9117,0.7502,<LOD,95.7976,48.4866,84.5098 , 8.7689,4.7469,19.7827 , 3.8371,0.4102,120910.1094 , 354.1429,341.9923,<LOD,0.0000,0.0000,74.0439 , 3.9033,0.7187,4770.4785 , 115.1684,4.0832,47463.7930 , 4370.6392,0.1251,988.8086 , 35.1852,2.8289,<LOD,1.2339,3.9488,2.8978 , 0.6824,2.5269,155.6343 , 9.2475,0.3278,1702.5759 , 133.1745,0.4787,<LOD,1.7800,0.3139,<LOD,1.5403,0.4190,36.7946 , 1.3036,1.5563,<LOD,0.0000,0.0000,24651.3516 , 120.2908,10.3930,<LOD,5.0439,3.3157,<LOD,1.0761,0.2048,161376.5312 , 520.9702,16.4138,20.6187 , 2.8042,2.9351,258.2601 , 1.7505,12.4661,<LOD,0.0000,0.0000,<LOD,1.2359,0.1714,3615.9802 , 51.2597,15.4362,<LOD,1.9156,0.5242,224.7905 , 16.5498,3.7900,<LOD,8.4675,0.1857,23.0557 , 0.9038,2.4107,38.0083 , 3.1856,0.5332,116.6027 , 1.4647,10.3027,6,444.100006,39.000645,-122.662941,10.000000,529186.375000,4316902.000000,
1808,Mining,122.88,32.49,30.14,30.15,30.10,"Thu May 7, 2026 - 09:43:51",User,1.5,ppm,,,,,,Mining,<LOD,2.0892,0.5267,51107.7500 , 1941.5972,1.1558,8.2312 , 1.6061,0.3711,<LOD,4.7676,0.1017,689.4400 , 32.1035,15.1038,560177.3750 , 6705.6230,<LOD,1.8302,0.1041,27648.4180 , 262.1749,31.4469,<LOD,3.1619,0.9391,<LOD,43.9572,0.7241,<LOD,101.4084,30.9160,70.7166 , 8.5800,3.3079,36.5940 , 4.6284,0.3885,102624.0938 , 268.0717,214.4955,<LOD,0.0000,0.0000,59.1992 , 4.1125,0.5097,3348.0618 , 101.8508,2.3464,38907.0547 , 5175.1934,0.1065,866.7661 , 38.3827,1.8979,<LOD,1.3633,3.1556,3.6080 , 0.7521,2.0212,100.9165 , 9.6360,0.2764,1841.5509 , 164.0996,0.4136,<LOD,1.9464,0.2445,<LOD,1.8947,0.3908,29.8372 , 1.3213,1.0376,<LOD,0.0000,0.0000,24623.9082 , 133.6072,7.8462,<LOD,6.2141,3.0965,<LOD,1.2770,0.1894,183828.7344 , 593.5807,14.3122,27.1799 , 3.4817,2.8178,288.4651 , 1.9806,11.0316,<LOD,0.0000,0.0000,4.7453 , 1.0101,0.2161,3317.0408 , 50.5679,10.6088,<LOD,2.0153,0.3859,214.3369 , 16.2426,2.6651,<LOD,10.4480,0.1870,21.5037 , 0.9661,1.8257,42.1434 , 3.6990,0.4677,112.3131 , 1.6009,8.2509,8,444.200012,39.000637,-122.662933,10.000000,529186.937500,4316901.500000,
1809,Mining,6.94,6.94,,,,"Thu May 7, 2026 - 09:58:46",User,1.5,ppm,,,,,,Mining,<LOD,16.2832,25.7228,,,,<LOD,3.8868,0.1751,<LOD,6.8201,0.0527,,,,949191.8125 , 877.3138,<LOD,3.5602,0.1005,,,,<LOD,17.5208,25.1825,,,,<LOD,167.6065,13.7047,<LOD,111.1683,0.4191,<LOD,10.2228,0.2030,43788.0820 , 325.9197,85.8727,<LOD,0.0000,0.0000,<LOD,7.3111,0.1496,,,,,,,641.6962 , 81.3839,1.3294,<LOD,2.8516,3.8169,<LOD,3.6716,2.3910,<LOD,23.3977,0.2545,,,,7.5605 , 2.8135,0.2664,<LOD,18.0242,25.3556,4.3734 , 1.9367,0.4681,<LOD,0.0000,0.0000,,,,<LOD,29.8106,25.9409,<LOD,2.1265,0.1391,,,,<LOD,21.0116,22.0793,270.3458 , 4.1208,13.3933,<LOD,0.0000,0.0000,<LOD,3.3472,0.1928,5901.8813 , 444.1726,2.4412,<LOD,5.0631,0.4216,<LOD,249.6219,0.7695,<LOD,21.2363,0.1920,12.3508 , 1.7715,1.6492,88.2261 , 9.4534,0.7545,93.7050 , 3.3035,9.5701,9,443.700012,39.000637,-122.662949,10.000000,529185.812500,4316901.500000,
1810,Mining,122.54,32.46,30.04,30.00,30.04,"Thu May 7, 2026 - 10:01:01",User,1.5,ppm,,,,,,Mining,<LOD,2.0721,0.5455,87781.5469 , 1997.1277,1.8973,<LOD,1.4002,0.1486,<LOD,3.2150,0.0827,311.3388 , 21.3441,11.9929,619638.4375 , 4973.9951,<LOD,1.3508,0.1004,38201.7578 , 221.7464,42.0020,<LOD,2.3165,0.9466,<LOD,43.8401,0.7249,<LOD,63.5481,13.0082,100.8605 , 5.8291,2.5965,<LOD,4.2194,0.2434,40216.6719 , 142.0629,82.3191,<LOD,0.0000,0.0000,<LOD,2.8424,0.1667,3600.6013 , 77.0050,2.3768,14522.5977 , 3305.8181,0.0599,628.4443 , 31.6782,1.3257,<LOD,1.0647,3.6657,2.7924 , 0.5976,2.4237,<LOD,8.3826,0.2194,871.7340 , 128.2930,0.2406,5.7305 , 1.0514,0.2574,<LOD,1.2666,0.3149,4.9402 , 0.7362,0.4748,<LOD,0.0000,0.0000,3662.2678 , 56.8804,1.3802,<LOD,4.3623,2.8747,<LOD,0.8714,0.1566,184113.1562 , 583.4595,13.9066,9.7753 , 2.3834,2.3996,260.0488 , 1.5641,12.7402,<LOD,0.0000,0.0000,2.6044 , 0.7509,0.2203,5753.5444 , 43.8467,16.8715,<LOD,2.2324,0.4117,142.9839 , 12.8177,2.9249,<LOD,7.3525,0.1609,12.6716 , 0.6708,1.6361,54.7682 , 3.1735,0.5940,100.7166 , 1.2692,9.6429,9,442.899994,39.000637,-122.662926,10.000000,529187.375000,4316901.500000,
1811,Mining,122.72,32.51,30.08,30.00,30.13,"Thu May 7, 2026 - 10:03:27",User,1.5,ppm,,,,,,Mining,<LOD,1.5052,0.4794,79123.1172 , 1991.5223,1.7158,<LOD,1.4210,0.1579,<LOD,2.9854,0.0698,301.3054 , 21.0386,11.1249,640306.0625 , 5111.9316,<LOD,1.3631,0.1002,35717.9727 , 208.6392,38.0633,<LOD,2.2622,0.8558,<LOD,44.9503,0.7179,<LOD,63.4329,12.7557,93.7958 , 5.5536,2.4435,<LOD,5.4355,0.2537,40478.4297 , 139.1073,80.7132,<LOD,0.0000,0.0000,<LOD,2.7548,0.1540,3455.5522 , 73.4538,2.2187,16616.9180 , 3470.1287,0.0624,619.0603 , 31.4600,1.2863,<LOD,1.0626,3.5810,2.6523 , 0.5956,2.3604,<LOD,8.5477,0.2306,753.4566 , 126.8805,0.2191,5.1539 , 1.0374,0.2457,<LOD,1.2680,0.3012,4.9981 , 0.7181,0.4462,<LOD,0.0000,0.0000,3478.2368 , 56.5270,1.2825,<LOD,4.3221,2.7032,<LOD,0.8109,0.1325,173099.7812 , 579.0124,12.5023,11.2690 , 2.3564,2.2385,262.1458 , 1.5594,12.4875,<LOD,0.0000,0.0000,3.5712 , 0.7710,0.2322,5348.5132 , 41.6191,15.4077,<LOD,1.4657,0.3782,144.4339 , 12.1936,2.7414,<LOD,7.0794,0.1456,13.4923 , 0.6775,1.6392,59.0711 , 3.2354,0.6051,100.9700 , 1.2664,9.4242,8,442.200012,39.000637,-122.662933,10.000000,529187.125000,4316901.500000,
1812,Mining,122.84,32.57,30.01,30.10,30.16,"Thu May 7, 2026 - 10:07:46",User,1.5,ppm,,,,,,Mining,<LOD,2.0056,0.5624,108433.3203 , 2171.3193,2.3313,<LOD,1.3381,0.1679,<LOD,2.8013,0.0751,300.8923 , 20.1619,12.3831,581546.5625 , 5224.5225,<LOD,1.2110,0.0967,41320.3750 , 234.9269,49.2216,<LOD,2.2030,0.9942,<LOD,44.5827,0.7937,<LOD,60.0712,13.9242,101.6860 , 5.8410,2.8069,<LOD,4.3788,0.2660,40451.8281 , 151.2909,89.1303,<LOD,0.0000,0.0000,<LOD,2.5428,0.1606,3661.4243 , 76.5594,2.5900,18434.4453 , 3510.5017,0.0723,677.3196 , 30.6623,1.4899,<LOD,1.0168,4.0244,2.9252 , 0.5638,2.5838,<LOD,7.9865,0.2430,1016.7167 , 134.9205,0.2881,5.7428 , 0.9895,0.2738,<LOD,1.1909,0.3220,6.0781 , 0.7078,0.5404,<LOD,0.0000,0.0000,13812.1650 , 101.5246,4.8152,<LOD,4.1681,3.0777,<LOD,0.7795,0.1520,183916.7969 , 596.3824,15.2860,11.4480 , 2.2596,2.5034,267.0079 , 1.5375,14.0514,<LOD,0.0000,0.0000,3.5410 , 0.7020,0.2413,5703.6445 , 44.3660,18.0250,<LOD,1.8146,0.4335,141.6200 , 12.7721,3.1258,<LOD,6.5410,0.1521,14.1988 , 0.6489,1.8348,70.3099 , 3.2044,0.7275,99.9689 , 1.2114,10.3698,9,442.399994,39.000633,-122.662933,10.000000,529187.000000,4316901.000000,
1813,Mining,120.41,30.14,30.02,30.14,30.11,"Thu May 7, 2026 - 10:10:08",User,1.5,ppm,,,,,,Mining,<LOD,1.5465,0.5454,107162.9453 , 2405.3862,2.3063,<LOD,1.3689,0.1588,<LOD,3.0243,0.0752,316.1316 , 21.5354,12.4761,573746.0000 , 5689.6104,<LOD,1.2796,0.0927,42099.8906 , 235.8766,46.3882,<LOD,2.3237,0.9737,<LOD,48.0395,0.7621,<LOD,61.3870,12.2074,111.8423 , 6.0706,2.7847,<LOD,4.6120,0.2488,38060.9570 , 147.3021,77.4072,<LOD,0.0000,0.0000,<LOD,2.6147,0.1400,3810.0007 , 78.6308,2.4995,15072.2861 , 3700.2620,0.0672,589.7112 , 30.7825,1.2573,<LOD,1.0351,3.6003,2.3370 , 0.5800,2.3619,<LOD,8.2981,0.2346,927.1301 , 145.6811,0.2751,3.7266 , 0.9812,0.2304,<LOD,1.2857,0.3329,4.9192 , 0.6986,0.4474,<LOD,0.0000,0.0000,16646.4766 , 116.7176,5.3389,<LOD,4.4164,3.0311,<LOD,0.8391,0.1507,195178.4062 , 632.8568,15.2080,7.6089 , 2.3940,2.4732,243.4294 , 1.5163,12.0061,<LOD,0.0000,0.0000,3.5723 , 0.7340,0.2245,5681.8442 , 44.6536,16.6220,<LOD,1.4139,0.3702,169.1681 , 13.0990,3.0175,<LOD,7.2729,0.1621,13.0710 , 0.6605,1.6384,58.1552 , 3.1758,0.6121,90.3777 , 1.2068,8.9106,9,442.500000,39.000633,-122.662933,10.000000,529187.125000,4316901.000000,
1814,Mining,28.41,28.41,,,,"Thu May 7, 2026 - 10:12:04",User,1.5,ppm,,,,,,Mining,<LOD,6.7207,24.9985,,,,<LOD,1.5454,0.1547,<LOD,3.5180,0.0800,,,,949789.7500 , 368.5757,<LOD,1.4912,0.0988,,,,<LOD,7.2096,24.0600,,,,<LOD,68.8694,12.9548,<LOD,46.6645,0.4089,<LOD,4.5078,0.2223,42656.9492 , 135.7012,82.2493,<LOD,0.0000,0.0000,<LOD,3.1173,0.1638,,,,,,,671.2386 , 34.6577,1.3398,<LOD,1.1769,3.6668,2.4645 , 0.6554,2.3758,<LOD,9.4103,0.2235,,,,4.5103 , 1.1223,0.2371,<LOD,7.3641,23.5077,5.1863 , 0.8071,0.4718,<LOD,0.0000,0.0000,,,,<LOD,12.3208,25.4683,<LOD,0.9606,0.1547,,,,<LOD,8.6492,21.1390,258.5238 , 1.6906,12.6863,<LOD,0.0000,0.0000,3.8113 , 0.8523,0.2378,6431.1050 , 192.4528,2.5524,<LOD,1.6287,0.3865,<LOD,107.7153,0.7986,<LOD,7.8315,0.1459,12.3968 , 0.7422,1.6320,71.1042 , 3.6971,0.6485,92.9849 , 1.3752,9.3312,9,442.500000,39.000633,-122.662933,10.000000,529187.125000,4316901.000000,
1815,Mining,122.85,32.71,30.05,30.03,30.06,"Thu May 7, 2026 - 10:14:19",User,1.5,ppm,,,,,,Mining,<LOD,2.1399,0.5928,101251.1328 , 2235.5715,2.1827,<LOD,1.3889,0.1618,<LOD,3.0652,0.0784,333.9988 , 22.2673,13.1603,571185.3125 , 5547.9443,<LOD,1.3393,0.1030,45021.5195 , 248.3200,52.0657,<LOD,2.4189,1.0438,<LOD,44.8036,0.7523,<LOD,63.4341,13.5181,111.8005 , 6.2679,2.9418,<LOD,6.4466,0.2691,40600.8477 , 155.9989,85.7878,<LOD,0.0000,0.0000,<LOD,2.6764,0.1506,4314.7261 , 83.6095,2.9254,22116.6133 , 3738.2222,0.0760,651.2961 , 31.8743,1.4000,<LOD,1.0665,3.7420,1.8400 , 0.5940,2.4120,<LOD,8.4798,0.2412,762.6534 , 126.5740,0.2325,4.5603 , 1.0106,0.2479,<LOD,1.3465,0.3610,4.9737 , 0.7357,0.4958,<LOD,0.0000,0.0000,8068.2471 , 80.8879,2.8465,<LOD,4.5661,3.1977,<LOD,0.8137,0.1404,198436.8438 , 621.2026,16.1326,9.9892 , 2.4794,2.6214,256.0109 , 1.5728,12.9320,<LOD,0.0000,0.0000,3.4784 , 0.7587,0.2394,6511.7251 , 48.3618,19.7306,2.1135 , 1.0087,0.4288,176.5186 , 14.0416,3.4663,<LOD,7.2859,0.1650,13.3704 , 0.6705,1.7032,62.2078 , 3.2558,0.6533,98.1842 , 1.2568,9.7318,9,442.700012,39.000633,-122.662926,10.000000,529187.375000,4316901.000000,
1816,Mining,120.24,30.04,30.08,30.04,30.08,"Thu May 7, 2026 - 10:16:37",User,1.5,ppm,,,,,,Mining,<LOD,1.4399,0.5615,112692.8516 , 2181.9895,2.4204,<LOD,1.3449,0.1850,<LOD,2.9176,0.0852,324.4936 , 20.4631,13.4526,551294.0625 , 5314.3545,<LOD,1.3338,0.1232,44628.5586 , 250.7940,56.6587,<LOD,2.2149,1.0573,<LOD,42.1302,0.7452,<LOD,61.8661,15.9652,117.3492 , 6.1746,3.1917,<LOD,5.7746,0.2890,43968.8320 , 168.9235,101.9294,<LOD,0.0000,0.0000,<LOD,2.6243,0.1751,4543.7153 , 83.7210,3.3017,25383.2617 , 3667.9363,0.0815,751.3179 , 31.2965,1.6798,<LOD,1.0259,4.1472,3.8188 , 0.5760,2.7292,<LOD,8.5007,0.3004,859.0452 , 124.9343,0.2595,4.7568 , 0.9727,0.2764,<LOD,1.2431,0.3725,6.7631 , 0.7305,0.6058,<LOD,0.0000,0.0000,5339.4058 , 66.4465,2.1345,<LOD,4.1565,3.1758,<LOD,0.8185,0.1758,202852.0781 , 630.2978,18.1058,11.2109 , 2.2787,2.6796,285.3740 , 1.6122,15.5047,<LOD,0.0000,0.0000,3.3797 , 0.7431,0.2713,6574.8481 , 48.8639,21.9227,1.7767 , 0.9715,0.4783,160.2859 , 13.8408,3.7528,<LOD,7.1194,0.1901,14.4562 , 0.6490,1.9138,70.2536 , 3.1842,0.7542,108.0757 , 1.2528,11.4282,8,442.700012,39.000633,-122.662933,10.000000,529187.250000,4316901.000000,
1817,Mining,120.48,30.12,30.15,30.06,30.15,"Thu May 7, 2026 - 10:20:50",User,1.5,ppm,,,,,,Mining,<LOD,1.5549,0.5096,88404.4141 , 2150.9907,1.9115,<LOD,1.3588,0.1581,<LOD,3.0216,0.0767,325.6022 , 21.9744,12.1121,601377.1875 , 5449.7104,<LOD,1.2486,0.0897,41029.6875 , 232.2066,45.2901,<LOD,2.3800,0.9491,<LOD,45.2033,0.7280,<LOD,61.8645,12.9162,107.5770 , 6.0878,2.7516,<LOD,4.2859,0.2620,40584.6133 , 145.1863,82.7699,<LOD,0.0000,0.0000,<LOD,2.6767,0.1483,4315.0420 , 82.6116,2.7784,21408.3047 , 3712.6130,0.0713,640.4420 , 31.1106,1.3420,<LOD,1.0394,3.6553,2.3364 , 0.5790,2.3751,19.5178 , 6.7887,0.4471,791.8139 , 129.4290,0.2304,3.8849 , 0.9783,0.2331,<LOD,1.3132,0.3221,5.9148 , 0.7297,0.5000,<LOD,0.0000,0.0000,2347.2502 , 49.8399,0.9859,<LOD,4.5024,2.9235,<LOD,0.7894,0.1308,191844.8281 , 612.0577,14.6704,14.0235 , 2.4649,2.4516,264.3536 , 1.5520,12.8706,<LOD,0.0000,0.0000,3.7896 , 0.7260,0.2260,6178.8325 , 46.4802,18.1442,<LOD,1.9591,0.4036,159.6503 , 13.5151,3.1716,<LOD,7.5345,0.1746,13.6712 , 0.6642,1.6785,56.8436 , 3.1214,0.6018,100.4133 , 1.2427,9.6089,9,442.299988,39.000633,-122.662933,10.000000,529187.125000,4316901.000000,
1818,Mining,122.93,32.57,30.07,30.02,30.27,"Thu May 7, 2026 - 10:23:11",User,1.5,ppm,,,,,,Mining,<LOD,2.1578,0.4877,76469.5547 , 2167.2996,1.6633,<LOD,1.3280,0.1287,<LOD,3.1934,0.0717,276.1838 , 21.3865,10.3558,629546.0625 , 5528.3945,<LOD,1.3082,0.0825,38131.5703 , 214.3742,37.8574,<LOD,2.3293,0.8289,<LOD,50.0333,0.7496,<LOD,63.0940,10.9880,101.0362 , 5.7885,2.4174,<LOD,4.3522,0.2249,37719.8086 , 134.7537,69.8186,<LOD,0.0000,0.0000,<LOD,2.8964,0.1462,3858.0703 , 77.9584,2.3069,14661.7588 , 3679.5891,0.0593,608.3246 , 32.3143,1.1816,<LOD,1.0779,3.3107,1.9303 , 0.6036,2.1748,47.7550 , 7.5838,0.5017,633.6608 , 134.1006,0.2019,<LOD,1.4193,0.2060,<LOD,1.2930,0.2851,5.3114 , 0.7494,0.4386,<LOD,0.0000,0.0000,2392.1877 , 52.7645,0.9230,<LOD,4.3709,2.4874,<LOD,0.8443,0.1262,189205.0625 , 623.4337,12.9480,8.4414 , 2.3982,2.1021,246.5845 , 1.5431,11.0748,<LOD,0.0000,0.0000,4.8470 , 0.7747,0.2201,5759.6309 , 42.7721,15.2543,<LOD,1.9420,0.3633,164.1981 , 12.7327,2.7341,<LOD,8.0785,0.1672,11.7563 , 0.6735,1.4518,53.5788 , 3.2413,0.5423,92.6849 , 1.2534,8.3018,8,442.200012,39.000633,-122.662926,10.000000,529187.562500,4316901.000000,
1819,Mining,122.86,32.66,30.06,30.03,30.11,"Thu May 7, 2026 - 10:26:00",User,1.5,ppm,,,,,,Mining,<LOD,1.4892,0.6106,121246.9688 , 2277.3501,2.6060,<LOD,1.4514,0.2079,<LOD,2.9987,0.0871,378.0003 , 21.2013,14.8081,513126.1875 , 5623.8389,<LOD,1.4134,0.1335,47671.4570 , 268.2743,61.0309,<LOD,2.2455,1.0967,<LOD,39.9277,0.6638,<LOD,62.9764,15.7442,118.5039 , 6.3361,3.2373,7.7153 , 2.8916,0.3149,42570.0234 , 178.7509,99.1073,<LOD,0.0000,0.0000,<LOD,2.6753,0.1789,5321.0806 , 90.6227,3.8410,28361.2656 , 3840.1067,0.0909,806.6752 , 32.9626,1.7677,<LOD,1.0566,4.2041,4.5288 , 0.5991,2.8302,<LOD,8.4655,0.2804,820.8336 , 124.0620,0.2565,7.3846 , 1.0497,0.3116,<LOD,1.2849,0.4045,11.3764 , 0.8367,0.8166,<LOD,0.0000,0.0000,14412.8408 , 105.5459,5.3978,<LOD,4.2275,3.2978,<LOD,0.8116,0.1644,218185.6719 , 655.2572,20.2378,12.6662 , 2.3449,2.8883,296.3926 , 1.7092,16.2713,<LOD,0.0000,0.0000,2.5793 , 0.7718,0.2757,6278.8828 , 50.0735,21.2212,3.1648 , 1.0314,0.5208,165.4778 , 14.0653,3.7251,<LOD,6.9765,0.1759,18.3021 , 0.7096,2.1997,62.4746 , 3.1409,0.7079,109.5448 , 1.2998,11.7484,9,442.200012,39.000633,-122.662926,10.000000,529187.375000,4316901.000000,
1820,Mining,123.95,33.69,30.06,30.09,30.11,"Thu May 7, 2026 - 10:28:20",User,1.5,ppm,,,,,,Mining,<LOD,3.3839,0.5841,410631.0938 , 2507.8945,2.3202,<LOD,0.0778,0.0007,<LOD,0.2218,0.0003,1093.3589 , 54.5883,13.9244,2200.6226,,<LOD,0.1602,0.0011,117331.1719 , 2145.8723,57.2124,<LOD,5.0928,1.0488,<LOD,94.9757,0.6775,61.1927 , 4.6831,0.0867,267.1317 , 18.0727,3.0598,<LOD,1.7035,0.0302,<LOD,13.8367,0.1512,<LOD,0.0000,0.0000,<LOD,0.5818,0.0024,10318.7285 , 259.1800,3.5148,85501.8203 , 7020.3062,0.0924,458.3423 , 32.3601,0.5889,<LOD,0.0074,0.0001,<LOD,0.0035,-0.0000,15.9523 , 2.6603,0.0684,1643.4342 , 275.5516,0.2314,<LOD,0.0283,0.0000,<LOD,2.8296,0.3606,<LOD,0.0036,-0.0001,<LOD,0.0000,0.0000,25962.0625 , 480.5011,5.0442,<LOD,9.5821,3.1836,<LOD,0.0882,0.0007,329834.5312 , 3345.9482,18.7395,39.4078 , 5.3393,2.8059,<LOD,0.0091,0.0001,<LOD,0.0000,0.0000,<LOD,0.0801,0.0000,14229.2119 , 367.2454,19.9099,<LOD,0.0318,-0.0000,411.9258 , 38.1049,3.5493,<LOD,2.8437,0.0182,<LOD,0.0035,-0.0000,<LOD,0.9780,0.0189,<LOD,0.0080,-0.0000,7,442.200012,39.000629,-122.662926,10.000000,529187.562500,4316900.500000,
1821,Mining,120.25,30.04,30.04,30.08,30.09,"Thu May 7, 2026 - 10:31:49",User,1.5,ppm,,,,,,Mining,<LOD,1.6058,0.6365,151736.3750 , 2467.2778,3.2261,<LOD,1.4037,0.2016,<LOD,2.9853,0.0897,404.4786 , 21.7219,15.2853,462795.3438 , 5854.6401,<LOD,1.3457,0.1255,46817.0352 , 268.1821,60.4179,<LOD,2.3007,1.1305,<LOD,38.0090,0.6384,<LOD,62.0410,15.9675,118.3953 , 6.2840,3.2713,<LOD,6.6876,0.2929,43678.4062 , 191.3591,102.3959,<LOD,0.0000,0.0000,<LOD,2.6263,0.1791,5058.9229 , 87.9613,3.7042,33296.8125 , 3729.2869,0.0946,724.9278 , 31.2358,1.6588,<LOD,1.0232,4.2033,5.2127 , 0.5748,2.7902,<LOD,8.3625,0.2831,928.9280 , 123.8450,0.2781,6.6982 , 1.0157,0.3021,<LOD,1.3451,0.4362,9.2068 , 0.7712,0.7025,<LOD,0.0000,0.0000,2233.4841 , 45.3982,1.0469,<LOD,4.3593,3.4792,<LOD,0.8096,0.1701,244571.8594 , 682.7328,23.0165,17.3270 , 2.4098,3.0081,298.6389 , 1.7275,16.4173,<LOD,0.0000,0.0000,3.8273 , 0.7583,0.2860,6914.1577 , 51.6661,23.2224,<LOD,2.2827,0.4835,190.5124 , 14.4223,4.0601,<LOD,6.8030,0.1734,17.6486 , 0.6843,2.1203,57.5855 , 3.0022,0.6703,114.2206 , 1.3060,12.0726,8,442.200012,39.000645,-122.662941,10.000000,529186.562500,4316902.000000,
1822,Mining,124.05,33.97,30.01,30.03,30.04,"Thu May 7, 2026 - 10:35:00",User,1.5,ppm,,,,,,Mining,<LOD,6.5782,0.4817,418334.7188 , 2824.7278,1.5604,<LOD,0.1538,0.0011,<LOD,0.1010,0.0000,1290.0538 , 81.4052,10.5433,2704.0100,,<LOD,0.1317,0.0003,125617.1016 , 2868.5146,37.5837,<LOD,7.6431,0.8323,<LOD,157.1322,0.8553,71.6974 , 6.4757,0.0665,330.5040 , 24.5864,2.4309,<LOD,2.4533,0.0257,<LOD,20.1451,0.1328,<LOD,0.0000,0.0000,<LOD,0.7556,0.0022,14089.7773 , 389.3229,3.0057,54734.4922 , 8865.1992,0.0562,562.8553 , 45.9437,0.4727,<LOD,0.0071,0.0000,<LOD,0.0061,0.0000,<LOD,7.6529,0.0453,2497.8677 , 409.7915,0.2278,<LOD,0.0512,0.0001,<LOD,4.1065,0.2659,<LOD,0.0298,0.0001,<LOD,0.0000,0.0000,15267.2510 , 383.0660,1.9909,<LOD,14.3807,2.5291,<LOD,0.0898,0.0003,346539.3438 , 4306.8462,12.3123,41.4236 , 7.8962,2.1526,<LOD,0.0060,-0.0000,<LOD,0.0000,0.0000,<LOD,0.0590,-0.0001,17379.0059 , 557.4467,14.7078,<LOD,0.0601,0.0001,539.8351 , 50.2185,2.6953,<LOD,3.3407,0.0103,<LOD,0.0022,-0.0000,<LOD,1.2045,0.0117,<LOD,0.0056,-0.0000,8,441.899994,39.000645,-122.662941,10.000000,529186.250000,4316902.000000,
1823,Mining,122.90,32.68,30.08,30.00,30.14,"Thu May 7, 2026 - 10:37:22",User,1.5,ppm,,,,,,Mining,<LOD,1.6581,0.4774,67850.1016 , 2131.5527,1.4892,<LOD,1.3505,0.1195,<LOD,2.9077,0.0576,286.9341 , 22.1591,10.4397,644297.8125 , 5594.8545,<LOD,1.3812,0.0896,37612.1992 , 215.1455,35.5100,<LOD,2.4224,0.8419,<LOD,55.2482,0.8482,<LOD,61.0702,9.7632,96.9924 , 5.9061,2.3218,<LOD,4.3057,0.2154,34939.1992 , 127.2264,61.5672,<LOD,0.0000,0.0000,<LOD,2.7177,0.1292,4662.3979 , 85.3151,2.5723,13108.6992 , 3793.2063,0.0588,509.8610 , 30.7999,1.0137,<LOD,1.0653,3.1675,1.2607 , 0.5997,2.0939,<LOD,8.3000,0.1975,728.5833 , 147.1285,0.2245,3.5841 , 1.0054,0.2011,<LOD,1.3285,0.2816,10.8512 , 0.8460,0.6011,<LOD,0.0000,0.0000,6495.6699 , 78.4716,1.9581,<LOD,4.5512,2.5437,<LOD,0.8003,0.1129,183283.5625 , 625.2397,11.9377,7.5547 , 2.4790,2.1041,230.7967 , 1.4800,10.0374,<LOD,0.0000,0.0000,1.6298 , 0.7499,0.1832,5584.9136 , 43.1307,14.1623,<LOD,2.5306,0.3582,154.7873 , 12.7914,2.5424,<LOD,7.1345,0.1288,14.5055 , 0.7113,1.5744,31.3092 , 2.8491,0.4069,86.8531 , 1.2105,7.5794,9,441.500000,39.000648,-122.662949,10.000000,529185.937500,4316902.500000,
1824,Mining,120.34,30.17,30.05,30.08,30.04,"Thu May 7, 2026 - 10:40:35",User,1.5,ppm,,,,,,Mining,<LOD,1.4670,0.5830,114407.0938 , 2184.1680,2.4538,<LOD,1.4436,0.2005,<LOD,3.0421,0.0885,323.9952 , 20.5623,13.5341,547106.0000 , 5355.3516,<LOD,1.3854,0.1266,43472.5352 , 248.7663,54.3542,<LOD,2.2114,1.0482,<LOD,41.6500,0.7391,<LOD,62.7796,15.5156,112.7752 , 6.2061,3.1267,5.5439 , 2.8356,0.2984,42691.9688 , 165.6722,97.7412,<LOD,0.0000,0.0000,<LOD,2.6897,0.1778,4527.2236 , 84.4591,3.2428,25833.1055 , 3595.3411,0.0808,720.8130 , 31.6412,1.6161,<LOD,1.0523,4.1419,3.3787 , 0.5895,2.7076,<LOD,8.2828,0.2548,865.4750 , 126.3996,0.2683,7.5392 , 1.0513,0.3085,<LOD,1.2193,0.3559,10.7757 , 0.8191,0.7703,<LOD,0.0000,0.0000,2055.6907 , 45.2090,0.9735,<LOD,4.1715,3.1855,<LOD,0.8262,0.1685,210817.3750 , 628.9214,18.5500,17.8037 , 2.3222,2.8048,291.3305 , 1.6554,15.7171,<LOD,0.0000,0.0000,2.5406 , 0.7595,0.2649,6385.6841 , 48.7189,21.0833,2.5189 , 1.0150,0.4977,153.8200 , 13.8060,3.6172,<LOD,7.0648,0.1781,17.2241 , 0.6974,2.1021,62.0730 , 3.1341,0.6953,105.7224 , 1.2712,11.2536,9,441.399994,39.000645,-122.662949,10.000000,529185.500000,4316902.000000,
1825,Mining,120.17,30.14,30.18,30.00,29.85,"Thu May 7, 2026 - 10:42:59",User,1.5,ppm,,,,,,Mining,<LOD,1.9247,0.5852,109667.1953 , 2214.5833,2.3561,<LOD,1.3836,0.1894,3.8861 , 2.2405,0.1052,317.7156 , 20.8600,13.0708,556136.1250 , 5414.3345,<LOD,1.2943,0.1110,43221.0938 , 247.3753,52.5859,<LOD,2.2607,1.0302,<LOD,43.7183,0.7682,<LOD,61.1751,14.6617,108.9052 , 6.2305,3.0506,<LOD,5.2616,0.2747,41639.3125 , 159.8165,93.0623,<LOD,0.0000,0.0000,<LOD,2.7451,0.1867,4783.7593 , 86.7956,3.3264,24731.8789 , 3665.5320,0.0792,693.8887 , 30.9990,1.5424,<LOD,1.0290,3.9899,2.4804 , 0.5761,2.6014,<LOD,7.9943,0.2359,856.8971 , 128.7215,0.2611,5.7773 , 0.9940,0.2766,<LOD,1.2480,0.3500,10.6299 , 0.8063,0.7516,<LOD,0.0000,0.0000,2404.5605 , 48.8912,1.0765,<LOD,4.2504,3.1131,<LOD,0.8521,0.1664,208356.8906 , 633.6068,17.8612,13.7863 , 2.3418,2.6602,279.6815 , 1.5954,14.8233,<LOD,0.0000,0.0000,2.9828 , 0.7270,0.2512,6414.2554 , 48.9051,20.6748,2.4240 , 0.9961,0.4818,167.7295 , 13.9964,3.6138,<LOD,7.1492,0.1838,17.2886 , 0.6879,2.0606,59.4459 , 3.0649,0.6680,101.4029 , 1.2312,10.6598,9,440.700012,39.000652,-122.662956,10.000000,529184.937500,4316903.000000,
1826,Mining,122.89,32.49,30.24,30.11,30.05,"Thu May 7, 2026 - 10:46:18",User,1.5,ppm,,,,,,Mining,<LOD,1.4256,0.6108,141284.2344 , 2577.6106,3.0294,<LOD,1.3414,0.2015,<LOD,2.9368,0.0922,409.8852 , 20.7156,15.5704,426477.2812 , 6336.8481,<LOD,1.3775,0.1401,44410.1797 , 275.8403,57.8673,<LOD,2.1545,1.1007,<LOD,43.1122,0.7330,<LOD,59.1313,14.9362,129.1012 , 6.3100,3.4032,9.0218 , 2.7797,0.3207,39993.1758 , 202.6931,95.1645,<LOD,0.0000,0.0000,<LOD,2.6684,0.1973,11542.8662 , 126.4176,7.9451,46868.6836 , 4373.0986,0.1213,644.5204 , 29.6618,1.5333,<LOD,0.9953,4.1361,4.3757 , 0.5624,2.7580,<LOD,7.8730,0.2672,867.2936 , 129.6644,0.2672,5.0327 , 0.9530,0.2829,<LOD,1.2180,0.3960,21.9356 , 0.9327,1.2384,<LOD,0.0000,0.0000,4846.4175 , 67.0007,2.0284,<LOD,4.1215,3.4655,<LOD,0.8011,0.1776,275550.8750 , 789.3465,27.2679,14.1832 , 2.2730,2.9796,271.9429 , 1.6803,15.4897,<LOD,0.0000,0.0000,2.1545 , 0.7443,0.2802,6309.4629 , 51.1888,21.6248,1.7286 , 0.9579,0.4956,161.7014 , 13.7396,3.7583,<LOD,6.9039,0.1906,16.0615 , 0.6773,2.1871,55.3468 , 2.9186,0.6721,102.5972 , 1.2400,11.3610,7,440.100006,39.000652,-122.662956,10.000000,529185.062500,4316903.000000,
1827,Mining,122.80,32.57,30.03,30.12,30.08,"Thu May 7, 2026 - 10:48:36",User,1.5,ppm,,,,,,Mining,<LOD,1.3279,0.6965,160921.3906 , 2112.9500,3.4359,<LOD,1.3034,0.2506,<LOD,2.9135,0.1210,359.9578 , 19.0020,17.0261,430285.9375 , 5030.9883,<LOD,1.2598,0.1557,47591.0039 , 288.6192,75.0887,<LOD,2.0075,1.2589,<LOD,35.0237,0.7016,<LOD,57.5882,19.4145,123.2632 , 6.3428,3.9858,10.0249 , 2.6042,0.3752,43556.0859 , 209.8040,124.8214,<LOD,0.0000,0.0000,<LOD,2.5049,0.2300,8043.6187 , 107.8968,6.8121,45348.9883 , 3671.1311,0.1201,767.5043 , 29.3793,2.0624,<LOD,0.9298,4.7756,2.9508 , 0.5201,3.1100,<LOD,7.4147,0.2915,842.5954 , 113.8287,0.3040,6.9289 , 0.9327,0.3604,<LOD,1.1596,0.4736,18.6654 , 0.8450,1.3144,<LOD,0.0000,0.0000,4589.1973 , 58.6590,2.2724,<LOD,3.8308,3.9532,<LOD,0.7662,0.2126,250232.3906 , 723.1827,29.2333,12.0883 , 2.0945,3.3066,289.7215 , 1.6620,19.4858,<LOD,0.0000,0.0000,2.2267 , 0.6882,0.3214,6623.2080 , 53.1215,27.4083,2.1460 , 0.9155,0.6006,183.5066 , 14.3928,4.8184,<LOD,6.5333,0.2274,16.4788 , 0.6366,2.5654,67.0712 , 2.8888,0.8757,103.0321 , 1.1849,13.6722,7,439.899994,39.000648,-122.662949,10.000000,529185.500000,4316902.500000,
1828,Mining,120.50,30.05,30.01,30.30,30.14,"Thu May 7, 2026 - 10:51:18",User,1.5,ppm,,,,,,Mining,<LOD,1.6450,0.5933,135469.2812 , 2864.7422,2.8993,<LOD,1.5583,0.1935,<LOD,3.3394,0.0882,441.5379 , 23.5481,14.6288,451556.1250 , 7144.4087,<LOD,1.5211,0.1262,47529.3672 , 273.7205,55.4044,<LOD,2.4508,1.0355,<LOD,43.7504,0.6603,<LOD,66.7365,14.5436,122.5149 , 6.3748,3.0180,12.7985 , 3.2057,0.3164,43968.0586 , 204.1068,92.9225,<LOD,0.0000,0.0000,<LOD,4.4467,0.2044,7707.7217 , 105.7420,4.9173,38554.1758 , 4523.9551,0.1084,776.8143 , 34.4182,1.5865,<LOD,1.1052,3.8130,4.5155 , 0.6165,2.4999,<LOD,9.1385,0.2732,929.8376 , 137.2286,0.2645,8.0564 , 1.1351,0.2968,<LOD,1.4552,0.4149,16.6780 , 0.9537,0.9118,<LOD,0.0000,0.0000,18542.3926 , 126.1834,6.2904,<LOD,4.6860,3.2480,<LOD,0.9142,0.1706,247561.5938 , 718.6530,21.6267,13.5031 , 2.5793,2.7827,312.0274 , 1.8985,15.4467,<LOD,0.0000,0.0000,3.3700 , 0.8414,0.2711,6117.7324 , 50.8152,18.9607,<LOD,2.5685,0.4636,157.6003 , 13.9020,3.3378,<LOD,8.0844,0.1940,18.0862 , 0.7562,2.0214,59.2774 , 3.2935,0.6350,116.9253 , 1.4191,11.1767,6,440.000000,39.000645,-122.662949,10.000000,529185.937500,4316902.000000,
1829,Mining,123.05,32.84,30.10,30.03,30.08,"Thu May 7, 2026 - 10:53:40",User,1.5,ppm,,,,,,Mining,<LOD,1.5628,0.5436,135354.0625 , 2756.8435,2.8928,<LOD,1.5774,0.2062,<LOD,3.2466,0.0836,446.6614 , 23.1905,14.5772,457015.8750 , 6895.2979,<LOD,1.4580,0.1163,47938.6367 , 272.5273,56.6126,<LOD,2.3773,0.9895,<LOD,42.6475,0.6658,<LOD,67.4987,15.0173,124.6176 , 6.4260,3.0985,14.0572 , 3.2351,0.3237,44269.8711 , 200.9442,94.6855,<LOD,0.0000,0.0000,<LOD,4.2848,0.1993,7444.3491 , 104.0733,4.8328,38020.2070 , 4339.0283,0.1049,768.5768 , 34.3354,1.5920,<LOD,1.1099,3.8641,5.4082 , 0.6257,2.5928,<LOD,9.2581,0.2818,977.4351 , 135.9357,0.2759,7.4881 , 1.1251,0.2928,<LOD,1.4532,0.4238,17.2151 , 0.9603,0.9343,<LOD,0.0000,0.0000,12284.3965 , 100.5083,4.2791,<LOD,4.6031,3.2014,<LOD,0.9049,0.1693,248327.6250 , 706.4377,21.8222,14.5798 , 2.5382,2.7572,309.9666 , 1.8821,15.5059,<LOD,0.0000,0.0000,3.7710 , 0.8243,0.2677,6280.6616 , 51.1248,19.6542,<LOD,2.3952,0.4624,175.3368 , 14.1615,3.5110,<LOD,7.8776,0.1845,18.9227 , 0.7668,2.0887,63.1960 , 3.3591,0.6637,117.0481 , 1.4191,11.2833,7,439.700012,39.000648,-122.662949,10.000000,529185.687500,4316902.500000,
1830,Mining,123.01,32.55,30.26,30.07,30.13,"Thu May 7, 2026 - 10:58:32",User,1.5,ppm,,,,,,Mining,<LOD,1.5857,0.5558,65635.1250 , 1854.4501,1.4757,<LOD,1.6698,0.2386,<LOD,3.4661,0.0918,448.1671 , 23.1539,14.4485,584374.8125 , 5399.0542,<LOD,1.4916,0.1171,30246.6152 , 222.7642,33.9007,<LOD,2.4468,1.0510,<LOD,46.8171,0.7253,<LOD,67.4278,14.5604,109.6341 , 6.7908,3.1498,19.1353 , 3.4561,0.3555,46257.3320 , 164.5577,96.9663,<LOD,0.0000,0.0000,<LOD,3.7879,0.1971,14739.5430 , 148.6003,8.6034,13978.9092 , 4064.8582,0.0764,436.5686 , 29.3397,1.1358,<LOD,1.1504,3.8956,4.0436 , 0.6498,2.5961,<LOD,9.2269,0.2637,4030.1729 , 243.5605,0.8772,6.7291 , 1.1335,0.2857,<LOD,1.4033,0.3892,32.8329 , 1.1948,1.4998,<LOD,0.0000,0.0000,47793.9453 , 196.1099,15.6236,<LOD,4.6216,3.2003,<LOD,0.9323,0.1705,185942.1406 , 621.3452,15.3683,24.2572 , 2.5882,2.8762,302.1331 , 1.7500,14.7553,<LOD,0.0000,0.0000,3.0944 , 0.8390,0.2653,5254.4609 , 47.2420,16.1230,4.0122 , 1.1556,0.5140,184.7387 , 14.0807,3.1233,<LOD,8.0558,0.1858,17.4458 , 0.7945,2.1394,46.8628 , 3.1415,0.5586,107.3056 , 1.3611,10.4313,5,439.700012,39.000645,-122.662956,10.000000,529185.250000,4316902.000000,
1831,Mining,120.27,30.19,30.05,30.02,30.01,"Thu May 7, 2026 - 11:00:51",User,1.5,ppm,,,,,,Mining,<LOD,1.6650,0.5680,82081.0859 , 2160.8604,1.8056,<LOD,1.5522,0.2119,<LOD,3.4047,0.0916,460.6842 , 23.9503,14.3965,546296.5625 , 5808.9839,<LOD,1.4392,0.1124,32490.4609 , 226.2464,34.3888,<LOD,2.4769,0.9864,<LOD,47.6653,0.7161,<LOD,62.0937,11.9921,112.6566 , 6.7570,2.9632,19.9435 , 3.3528,0.3431,38906.2773 , 147.5174,77.1590,<LOD,0.0000,0.0000,<LOD,2.9330,0.1763,12258.9170 , 135.6167,6.8159,17024.3008 , 3988.6514,0.0748,445.2067 , 28.9517,1.0659,<LOD,1.1012,3.7184,3.4002 , 0.6176,2.4366,<LOD,8.6940,0.2578,4693.7485 , 255.1329,0.9122,5.2592 , 1.0538,0.2546,<LOD,1.4740,0.3976,31.6467 , 1.1313,1.3996,<LOD,0.0000,0.0000,30483.1621 , 157.0249,9.3609,<LOD,4.7878,3.1911,<LOD,0.8858,0.1567,228429.9219 , 658.2320,18.1272,18.0225 , 2.6468,2.7657,291.2995 , 1.6731,13.9260,<LOD,0.0000,0.0000,3.0454 , 0.8077,0.2541,5600.6240 , 48.3809,16.2273,2.1141 , 1.0769,0.4619,178.0303 , 14.2262,3.0453,<LOD,7.4734,0.1638,16.4405 , 0.7568,2.0132,47.1389 , 3.0589,0.5440,100.0145 , 1.2874,9.6701,7,439.600006,39.000652,-122.662956,10.000000,529184.812500,4316903.000000,
1832,Mining,123.06,32.65,30.24,30.11,30.06,"Thu May 7, 2026 - 11:04:18",User,1.5,ppm,,,,,,Mining,<LOD,1.4480,0.6370,112862.9609 , 2122.5085,2.4440,<LOD,1.3883,0.2472,<LOD,2.8278,0.0897,370.0737 , 20.7646,15.6813,497501.5938 , 5409.3838,<LOD,1.3408,0.1391,32597.5176 , 221.9904,42.3615,<LOD,2.2067,1.1718,<LOD,41.8206,0.7485,<LOD,57.1322,14.4742,134.6656 , 6.3755,3.6979,16.8769 , 2.9696,0.3837,38389.6562 , 165.8193,94.7104,<LOD,0.0000,0.0000,<LOD,2.7761,0.2180,9202.7617 , 112.7357,6.3454,32533.7617 , 3862.7261,0.0998,3651.5049 , 58.1768,6.2310,<LOD,0.9851,4.2412,2.8227 , 0.5709,2.9680,<LOD,8.1854,0.3377,3221.6338 , 203.7168,0.7671,4.2313 , 0.9262,0.2805,<LOD,1.2292,0.4071,29.6106 , 1.0159,1.5947,<LOD,0.0000,0.0000,16284.1748 , 112.5505,6.1473,<LOD,4.1845,3.6122,<LOD,0.7640,0.1665,247287.2500 , 688.2131,23.9109,16.2514 , 2.3165,3.1354,282.7563 , 1.6061,16.4396,<LOD,0.0000,0.0000,1.8685 , 0.7281,0.2833,5194.1836 , 46.1210,18.8277,1.8195 , 0.9705,0.5336,169.7503 , 13.0747,3.5837,<LOD,7.5466,0.2389,34.4822 , 0.8285,3.4627,110.3152 , 3.6350,1.0924,97.4813 , 1.1893,11.4074,7,439.899994,39.000641,-122.662956,10.000000,529184.687500,4316901.500000,
1833,Mining,120.48,30.26,30.02,30.16,30.04,"Thu May 7, 2026 - 11:06:37",User,1.5,ppm,,,,,,Mining,<LOD,1.3685,0.6547,117048.1406 , 2014.3904,2.5330,<LOD,1.4349,0.2833,<LOD,2.8715,0.1016,350.3124 , 19.4651,15.8839,499252.9062 , 5050.1079,<LOD,1.2307,0.1285,35225.4609 , 228.3986,48.4509,<LOD,2.0757,1.1930,<LOD,41.1259,0.7731,<LOD,61.7286,14.2057,138.5724 , 6.2679,3.8730,15.8898 , 2.8862,0.3971,34978.9414 , 157.3316,90.9666,<LOD,0.0000,0.0000,2.6694 , 1.8089,0.2392,9170.3438 , 110.2815,6.6790,29805.5547 , 3654.2827,0.0958,3609.9080 , 57.5746,6.4658,<LOD,0.9671,4.6328,3.3732 , 0.5550,3.1852,<LOD,7.9722,0.3630,3033.4270 , 196.3350,0.7591,7.1866 , 0.9745,0.3417,<LOD,1.1862,0.4377,31.6626 , 1.0224,1.7861,<LOD,0.0000,0.0000,14868.7256 , 107.3064,5.9577,<LOD,3.9200,3.6413,<LOD,0.7903,0.2000,246073.9844 , 690.1329,25.1708,13.1388 , 2.1642,3.1359,286.4731 , 1.6018,17.8246,<LOD,0.0000,0.0000,2.4904 , 0.6970,0.2990,5669.7666 , 46.7483,21.3754,<LOD,2.0945,0.5662,176.4126 , 13.1663,3.9652,<LOD,6.7689,0.2096,33.1483 , 0.8112,3.6437,98.7634 , 3.4283,1.0662,102.7284 , 1.1963,12.6497,7,440.100006,39.000637,-122.662964,10.000000,529184.500000,4316901.500000,
1834,Mining,120.49,30.08,30.26,30.10,30.05,"Thu May 7, 2026 - 11:09:50",User,1.5,ppm,,,,,,Mining,<LOD,1.4789,0.6554,131368.4688 , 2463.4856,2.8230,<LOD,1.4712,0.2688,<LOD,2.8179,0.0833,435.2279 , 21.2213,16.4097,423510.8438 , 6326.0342,<LOD,1.3825,0.1387,33347.5195 , 218.0271,41.4365,<LOD,2.1709,1.1038,<LOD,44.3968,0.7620,<LOD,55.6576,12.3517,89.1823 , 5.3854,2.8440,13.5597 , 2.9356,0.3498,33819.8945 , 170.7843,79.4739,<LOD,0.0000,0.0000,<LOD,3.9647,0.2074,6741.7617 , 91.9844,4.5319,46638.2969 , 4195.7612,0.1179,1876.4902 , 45.1146,3.3151,<LOD,1.0102,4.1986,4.0178 , 0.5701,2.7888,<LOD,7.8864,0.2932,2045.7571 , 172.3827,0.4818,4.6240 , 0.9544,0.2797,<LOD,1.3054,0.4556,30.6371 , 1.0494,1.6047,<LOD,0.0000,0.0000,2216.4124 , 48.7954,1.0183,<LOD,4.1777,3.5138,<LOD,0.7947,0.1745,311438.7188 , 802.0053,29.8302,20.0046 , 2.3493,3.1993,279.1535 , 1.6837,15.9989,<LOD,0.0000,0.0000,2.7110 , 0.7607,0.2960,5793.2285 , 44.9291,19.4618,1.6626 , 0.9838,0.5165,155.5936 , 12.1701,3.4321,<LOD,6.6966,0.1751,19.8920 , 0.7317,2.5211,43.8910 , 2.7673,0.5923,102.4224 , 1.2447,11.5160,8,439.899994,39.000633,-122.662956,10.000000,529184.812500,4316901.000000,
1835,Mining,123.03,32.72,30.07,30.09,30.15,"Thu May 7, 2026 - 11:12:14",User,1.5,ppm,,,,,,Mining,<LOD,1.4265,0.6302,128199.6719 , 2304.8816,2.7524,<LOD,1.5170,0.2601,<LOD,3.1456,0.1030,462.1763 , 21.0056,16.8002,437539.1250 , 6027.6235,<LOD,1.4516,0.1510,36367.6797 , 232.5003,46.6422,<LOD,2.1215,1.0896,<LOD,40.6125,0.7071,<LOD,59.2579,13.8436,103.2268 , 5.7332,3.0515,18.2383 , 3.0894,0.3835,36416.6172 , 175.2745,87.3861,<LOD,0.0000,0.0000,<LOD,4.2036,0.2286,6870.3564 , 96.1394,4.7871,46008.0039 , 4002.6582,0.1148,1580.3213 , 42.3226,2.9582,<LOD,1.0453,4.4119,5.4498 , 0.5918,2.9556,<LOD,8.2524,0.3122,1925.4109 , 159.8831,0.4628,7.9516 , 1.0490,0.3338,<LOD,1.3015,0.4709,34.0342 , 1.1099,1.7801,<LOD,0.0000,0.0000,2019.4030 , 44.7734,0.9586,<LOD,4.1119,3.5275,<LOD,0.8362,0.1856,295648.8438 , 757.2634,28.8461,14.9552 , 2.2892,3.1282,297.4621 , 1.7467,17.2085,<LOD,0.0000,0.0000,2.9049 , 0.8004,0.3232,6147.8877 , 47.1155,21.0349,2.0217 , 1.0231,0.5500,153.9320 , 12.8739,3.6268,<LOD,7.2537,0.2038,19.9866 , 0.7513,2.6110,45.5378 , 2.8429,0.6181,108.7860 , 1.2936,12.2948,7,440.299988,39.000626,-122.662956,10.000000,529185.125000,4316900.000000,
1836,Mining,123.21,32.77,30.23,30.09,30.12,"Thu May 7, 2026 - 11:15:11",User,1.5,ppm,,,,,,Mining,<LOD,1.4403,0.6230,131290.6875 , 2284.1660,2.8235,<LOD,1.5130,0.2622,<LOD,3.1545,0.0998,370.9813 , 20.7145,15.3558,441022.2188 , 5683.1943,<LOD,1.3769,0.1309,39269.3633 , 243.8297,52.0373,<LOD,2.2080,1.1619,<LOD,43.1127,0.7935,<LOD,63.3606,16.6695,119.9398 , 6.1433,3.4477,9.3164 , 2.9214,0.3324,44261.4375 , 195.9490,108.6538,<LOD,0.0000,0.0000,3.2935 , 1.9849,0.2361,6954.0186 , 98.5625,5.0049,32486.1797 , 3830.5032,0.0952,2086.9419 , 47.2870,3.8360,<LOD,1.0413,4.3102,4.5586 , 0.5851,2.8533,<LOD,8.4411,0.2806,1418.3348 , 152.3132,0.4029,5.3392 , 1.0109,0.2979,<LOD,1.2709,0.4334,34.1203 , 1.1222,1.7483,<LOD,0.0000,0.0000,2055.9292 , 46.4195,1.0175,<LOD,4.1490,3.4862,<LOD,0.8476,0.1849,291890.7500 , 749.8258,29.3484,13.0364 , 2.2932,3.0189,292.5960 , 1.7373,16.6740,<LOD,0.0000,0.0000,2.9393 , 0.7725,0.2943,6049.7437 , 47.6312,21.3134,<LOD,2.5691,0.5351,181.2775 , 13.4043,3.8493,<LOD,7.2891,0.1993,20.0739 , 0.7616,2.5734,51.4176 , 2.9678,0.6530,105.4844 , 1.2913,11.8233,7,440.299988,39.000629,-122.662949,10.000000,529185.375000,4316900.500000,
1837,Mining,122.97,32.67,30.09,30.10,30.11,"Thu May 7, 2026 - 11:17:32",User,1.5,ppm,,,,,,Mining,<LOD,1.5606,0.6110,129081.7578 , 2130.9229,2.7757,<LOD,1.4755,0.2750,<LOD,2.9309,0.0951,323.8693 , 19.6613,14.0858,458236.4688 , 5219.9268,<LOD,1.2426,0.1180,36065.2539 , 235.9019,50.5753,<LOD,2.1069,1.0842,<LOD,40.2444,0.7766,<LOD,65.1224,21.0199,105.0675 , 6.1390,3.5571,4.8182 , 2.6915,0.3135,52934.3984 , 214.6212,137.9240,<LOD,0.0000,0.0000,<LOD,3.1293,0.2089,6863.3569 , 99.9432,5.2394,33041.3789 , 3700.2009,0.0957,991.5760 , 33.4740,2.2956,<LOD,0.9955,4.2412,4.2528 , 0.5711,2.9206,<LOD,8.2853,0.2566,1629.1971 , 153.0143,0.4623,5.7777 , 0.9913,0.3170,<LOD,1.2275,0.4153,30.8395 , 1.0441,1.6608,<LOD,0.0000,0.0000,2005.8608 , 44.2175,1.0376,<LOD,3.9549,3.2409,<LOD,0.8014,0.1846,272169.8750 , 715.7271,28.3970,15.6687 , 2.2032,2.8631,267.3453 , 1.5952,15.6953,<LOD,0.0000,0.0000,4.9316 , 0.7427,0.3195,5878.4072 , 47.7751,22.2129,2.6378 , 0.9822,0.5375,180.2393 , 13.5591,4.0570,<LOD,6.6896,0.1859,18.0243 , 0.7119,2.4816,40.5681 , 2.6662,0.5852,98.4040 , 1.2057,11.3946,7,440.399994,39.000629,-122.662949,10.000000,529185.500000,4316900.500000,
1838,Mining,122.87,32.51,30.22,30.06,30.08,"Thu May 7, 2026 - 11:21:13",User,1.5,ppm,,,,,,Mining,<LOD,1.4633,0.6220,140414.1406 , 2517.6909,3.0145,<LOD,1.5420,0.2719,<LOD,3.2016,0.1049,434.8051 , 21.4954,16.3284,417550.2500 , 6066.9678,<LOD,1.4812,0.1548,41894.1602 , 247.0102,52.1068,<LOD,2.2546,1.1716,<LOD,47.1274,0.7906,<LOD,56.9141,12.6720,116.5096 , 5.9181,3.2110,17.5499 , 3.0557,0.3698,35300.2422 , 171.3213,81.1794,<LOD,0.0000,0.0000,2.7961 , 1.9638,0.2343,7674.8467 , 99.3613,5.1839,26390.2969 , 3879.0598,0.0859,965.7838 , 34.9034,1.9485,<LOD,1.1507,4.3907,5.2057 , 0.5872,2.8505,<LOD,7.8836,0.2763,2520.8992 , 197.5503,0.5863,7.9218 , 1.0458,0.3263,<LOD,1.3216,0.4548,34.9580 , 1.1237,1.7862,<LOD,0.0000,0.0000,1917.8457 , 49.0163,0.9321,<LOD,4.2867,3.6396,<LOD,0.8637,0.1968,317782.3750 , 803.7770,30.9712,21.1096 , 2.3873,3.2156,308.2281 , 1.7716,17.2614,<LOD,0.0000,0.0000,2.9736 , 0.8115,0.3249,6281.2793 , 47.6396,20.7414,3.4485 , 1.0520,0.5701,171.4530 , 13.0369,3.6643,<LOD,7.3444,0.2063,18.1251 , 0.7325,2.4369,50.9808 , 2.9174,0.6414,111.8313 , 1.3024,12.2373,7,440.200012,39.000633,-122.662949,10.000000,529185.812500,4316901.000000,
1839,Mining,123.00,32.74,30.10,30.05,30.11,"Thu May 7, 2026 - 11:23:30",User,1.5,ppm,,,,,,Mining,<LOD,1.4777,0.6199,144730.4219 , 2602.1165,3.1000,<LOD,1.5291,0.2641,<LOD,3.3131,0.1114,432.6956 , 21.6533,16.2070,404844.4688 , 6430.2432,<LOD,1.4383,0.1449,41440.7461 , 255.0951,51.9727,<LOD,2.2576,1.1452,<LOD,46.2954,0.7819,<LOD,57.1160,12.6032,121.2567 , 6.0073,3.2471,12.9706 , 2.9610,0.3443,34503.0586 , 180.2531,80.1601,<LOD,0.0000,0.0000,4.7335 , 1.9730,0.2402,7625.7812 , 100.7684,5.1793,38468.8320 , 4157.8706,0.1052,1026.7179 , 36.0888,2.0501,<LOD,1.0451,4.3093,5.3648 , 0.5895,2.8607,<LOD,7.8830,0.2737,2544.7573 , 194.5348,0.5874,7.2176 , 1.0408,0.3204,<LOD,1.3298,0.4496,35.4742 , 1.1349,1.8134,<LOD,0.0000,0.0000,2245.3806 , 50.6711,1.0349,<LOD,4.3258,3.6379,<LOD,0.9153,0.2236,315050.7812 , 829.5767,30.8832,19.7572 , 2.3953,3.1584,300.1829 , 1.8005,17.0412,<LOD,0.0000,0.0000,3.0857 , 0.7976,0.3161,6233.0840 , 49.0826,20.8186,2.6495 , 1.0441,0.5574,162.0299 , 13.1350,3.6402,<LOD,6.9371,0.1819,18.5006 , 0.7415,2.4780,50.7001 , 2.9266,0.6403,109.3438 , 1.3089,12.1228,6,440.000000,39.000629,-122.662941,10.000000,529186.250000,4316900.500000,
1840,Mining,120.15,30.15,30.04,30.13,29.83,"Thu May 7, 2026 - 11:27:00",User,1.5,ppm,,,,,,Mining,<LOD,1.7532,0.6612,122266.3203 , 2433.3423,2.6359,<LOD,1.6034,0.2831,<LOD,3.3003,0.1016,428.4649 , 22.3768,15.8630,446905.2188 , 6149.5732,<LOD,1.4609,0.1373,39440.6562 , 250.0843,49.3443,<LOD,2.3663,1.1705,<LOD,45.2079,0.7555,<LOD,63.0539,15.1976,126.3815 , 6.5677,3.4763,7.3785 , 2.9471,0.3150,42977.6484 , 191.7106,99.8029,<LOD,0.0000,0.0000,4.5265 , 2.0743,0.2413,7413.3486 , 104.9345,5.0461,32783.2656 , 4127.7485,0.0957,2671.6179 , 53.1689,4.4802,<LOD,1.1155,4.2718,5.1340 , 0.6107,2.7936,<LOD,8.7269,0.2994,4852.3608 , 256.1734,1.0538,5.7444 , 1.0440,0.2958,<LOD,1.3687,0.4413,34.2079 , 1.1465,1.6872,<LOD,0.0000,0.0000,2521.0962 , 53.1340,1.1305,<LOD,4.4444,3.5036,<LOD,0.8934,0.1924,290456.2500 , 766.6025,27.7759,12.4931 , 2.4543,3.0331,314.7284 , 1.8245,16.9695,<LOD,0.0000,0.0000,3.7135 , 0.8200,0.3094,6399.1602 , 50.8075,21.3577,2.8320 , 1.0837,0.5487,188.4767 , 14.2924,3.8564,<LOD,7.5638,0.2000,20.0997 , 0.7723,2.4645,47.3665 , 2.9492,0.6009,111.5245 , 1.3407,11.8459,6,440.100006,39.000629,-122.662933,10.000000,529187.125000,4316900.500000,
1841,Mining,120.68,30.29,30.13,30.03,30.23,"Thu May 7, 2026 - 11:29:17",User,1.5,ppm,,,,,,Mining,<LOD,1.4689,0.6482,125533.5781 , 2353.6140,2.7046,<LOD,1.5114,0.2603,<LOD,3.0468,0.0949,397.9172 , 20.9481,15.8603,451569.4375 , 5926.8242,<LOD,1.3986,0.1388,38788.6250 , 248.8849,50.5789,<LOD,2.1795,1.1206,<LOD,45.0153,0.7962,<LOD,59.3760,14.2932,120.4608 , 6.3268,3.4661,7.6117 , 2.8674,0.3275,38491.0391 , 182.9130,93.5290,<LOD,0.0000,0.0000,2.6968 , 1.8976,0.2224,7138.4189 , 101.9312,5.0511,37317.7656 , 4091.0269,0.1041,2276.6577 , 49.2967,4.0554,<LOD,1.0625,4.4703,4.4977 , 0.5890,2.8898,<LOD,8.3514,0.3146,4615.0039 , 250.0672,1.0606,6.7437 , 1.0333,0.3202,<LOD,1.2553,0.4203,32.8968 , 1.1057,1.7360,<LOD,0.0000,0.0000,2547.2869 , 52.5566,1.1747,<LOD,4.2039,3.6097,<LOD,0.8795,0.2121,284221.8438 , 774.4278,28.1360,15.0686 , 2.3155,3.0878,291.3323 , 1.7344,16.8373,<LOD,0.0000,0.0000,2.5213 , 0.7731,0.2988,6259.4277 , 49.7517,21.7552,2.7817 , 1.0391,0.5588,188.6562 , 13.9103,3.9360,<LOD,6.9172,0.1832,18.3732 , 0.7393,2.4971,45.1966 , 2.8350,0.6103,104.1430 , 1.2778,11.8883,6,439.600006,39.000629,-122.662926,10.000000,529187.687500,4316900.500000,
1842,Mining,40.08,30.15,9.93,,,"Thu May 7, 2026 - 11:35:19",User,1.5,ppm,,,,,,Mining,<LOD,8.3011,29.1859,,,,<LOD,2.0048,0.2306,<LOD,4.3703,0.1026,,,,869741.3125 , 919.5741,<LOD,1.7964,0.1199,41530.1484 , 480.8368,46.4526,<LOD,8.8882,27.5978,,,,<LOD,88.9115,23.0546,130.0307 , 14.2312,3.4194,8.1557 , 3.7420,0.2987,73496.7812 , 169.3500,151.9007,<LOD,0.0000,0.0000,4.2128 , 2.5712,0.2142,7019.1758 , 219.3624,4.8229,,,,942.3890 , 39.4012,1.9050,<LOD,1.3880,3.8889,6.0431 , 0.7872,2.6253,<LOD,12.2168,0.2711,,,,9.9923 , 1.4207,0.3154,<LOD,9.5246,33.6546,34.4788 , 1.4358,1.5226,<LOD,0.0000,0.0000,,,,<LOD,15.3251,29.9405,<LOD,1.1753,0.1923,,,,<LOD,10.7386,24.9497,326.7621 , 2.0316,14.9262,<LOD,0.0000,0.0000,3.3672 , 1.0101,0.2667,6340.2427 , 99.8814,20.0638,3.9221 , 1.3781,0.5061,209.7700 , 30.6915,3.7079,<LOD,9.4075,0.1803,22.0229 , 0.9875,2.3033,54.0018 , 3.6957,0.5540,117.2006 , 1.6376,10.6648,7,440.600006,39.000629,-122.662926,10.000000,529187.687500,4316900.500000,
1843,Mining,123.01,32.66,30.23,30.06,30.06,"Thu May 7, 2026 - 11:38:28",User,1.5,ppm,,,,,,Mining,<LOD,1.6236,0.6489,118893.8438 , 2376.2881,2.5626,<LOD,1.5448,0.2397,<LOD,3.2909,0.0983,472.4735 , 23.2127,16.1072,449490.5938 , 6229.8369,<LOD,1.4899,0.1390,39261.5508 , 251.1055,47.3280,<LOD,2.4208,1.1364,<LOD,44.7978,0.8071,<LOD,62.3677,14.3100,127.6032 , 6.7269,3.3819,11.9524 , 3.0544,0.3289,41815.9883 , 182.0783,93.2113,<LOD,0.0000,0.0000,<LOD,4.8000,0.2137,7465.1558 , 107.4018,4.8885,37905.5039 , 4066.9304,0.1033,952.5953 , 35.4558,1.9042,<LOD,1.0819,4.0844,4.9423 , 0.6100,2.7167,<LOD,8.4056,0.2594,4972.2070 , 245.1570,1.0436,6.2676 , 1.0572,0.2953,<LOD,1.4694,0.4765,32.7555 , 1.1336,1.6021,<LOD,0.0000,0.0000,2495.9824 , 50.0925,1.0852,<LOD,4.5899,3.4884,<LOD,0.8976,0.1899,289180.6250 , 724.1267,26.5845,15.1132 , 2.5394,3.0376,306.5415 , 1.7787,16.1480,<LOD,0.0000,0.0000,3.5164 , 0.8289,0.3050,6215.3691 , 50.6561,19.9788,3.6228 , 1.0850,0.5395,187.0449 , 14.4431,3.6335,<LOD,7.3242,0.1820,18.9881 , 0.7614,2.3354,47.5347 , 2.9606,0.5882,112.2450 , 1.3355,11.5394,7,440.700012,39.000633,-122.662926,10.000000,529187.562500,4316901.000000,
1844,Mining,120.23,30.15,30.15,30.16,29.77,"Thu May 7, 2026 - 11:40:46",User,1.5,ppm,,,,,,Mining,<LOD,1.5701,0.6245,114765.2500 , 2368.7339,2.4777,<LOD,1.6411,0.2740,<LOD,3.3746,0.1019,478.3468 , 22.9526,16.2413,460803.8438 , 6214.9824,<LOD,1.4985,0.1389,37576.1758 , 255.8145,46.8871,<LOD,2.3578,1.1069,<LOD,45.1941,0.7975,<LOD,65.9357,16.5046,122.5861 , 7.0359,3.5491,10.2768 , 3.0724,0.3297,46518.8125 , 199.5664,107.5192,<LOD,0.0000,0.0000,2.9412 , 2.1045,0.2348,7257.2642 , 110.4677,4.9320,38497.9062 , 4213.4370,0.1044,1420.7865 , 41.1903,2.6649,<LOD,1.1096,4.2430,4.9202 , 0.6197,2.7583,<LOD,9.0491,0.2992,5197.1577 , 256.4812,1.1126,7.3913 , 1.1046,0.3185,<LOD,1.4315,0.4664,33.5458 , 1.1556,1.6449,<LOD,0.0000,0.0000,2570.5889 , 52.0865,1.1399,<LOD,4.5404,3.5334,<LOD,0.9272,0.2001,277815.4375 , 740.1192,26.1020,16.6247 , 2.5100,3.0671,311.0285 , 1.8243,16.5652,<LOD,0.0000,0.0000,4.3179 , 0.8489,0.3215,6184.5132 , 52.8185,20.7057,3.0471 , 1.0988,0.5418,213.3263 , 15.2879,3.9125,<LOD,7.9996,0.2156,19.7242 , 0.7806,2.4177,50.8239 , 3.0586,0.6219,113.3449 , 1.3628,11.7906,7,440.399994,39.000633,-122.662933,10.000000,529186.812500,4316901.000000,
1845,Mining,123.00,32.73,30.13,30.06,30.08,"Thu May 7, 2026 - 11:43:49",User,1.5,ppm,,,,,,Mining,<LOD,1.5787,0.6314,123940.9766 , 2311.0286,2.6658,<LOD,1.6370,0.2851,<LOD,3.4352,0.1054,448.0203 , 22.6130,15.6346,458819.3438 , 5900.8525,<LOD,1.5441,0.1474,38581.3828 , 263.1422,49.6098,<LOD,2.3339,1.0817,<LOD,43.1689,0.8019,<LOD,68.1831,18.2414,130.0363 , 7.2730,3.7376,10.7390 , 3.0846,0.3330,50721.1914 , 209.4422,120.2963,<LOD,0.0000,0.0000,4.5419 , 2.1218,0.2421,7106.3740 , 111.7775,4.9838,34144.8086 , 3947.7849,0.0976,1618.8820 , 43.2728,3.0531,<LOD,1.1143,4.2715,4.4982 , 0.6226,2.7699,<LOD,9.2105,0.2955,3412.2039 , 210.4938,0.8095,5.0824 , 1.0617,0.2930,<LOD,1.4000,0.4442,32.3935 , 1.1563,1.6287,<LOD,0.0000,0.0000,4247.4800 , 60.3014,1.7486,<LOD,4.4508,3.3480,<LOD,0.9512,0.2119,269890.9375 , 711.3217,25.9221,13.4210 , 2.4709,2.9469,300.6360 , 1.7909,16.1232,<LOD,0.0000,0.0000,3.3207 , 0.8480,0.3087,6181.9478 , 53.9025,21.3102,4.6736 , 1.1241,0.5657,202.6782 , 15.5741,3.9803,<LOD,7.7717,0.2034,21.2424 , 0.7939,2.4957,42.8435 , 2.9269,0.5701,110.3022 , 1.3490,11.5488,6,440.700012,39.000633,-122.662926,10.000000,529187.687500,4316901.000000,
1846,Mining,120.52,30.27,30.10,30.11,30.04,"Thu May 7, 2026 - 11:46:07",User,1.5,ppm,,,,,,Mining,<LOD,1.5844,0.5844,125742.5859 , 2487.8452,2.7031,<LOD,1.6633,0.2769,<LOD,3.4040,0.0991,465.7177 , 23.2633,15.2916,451468.0938 , 6229.3408,<LOD,1.4933,0.1318,38724.6562 , 253.7148,47.6810,<LOD,2.3884,1.0436,<LOD,46.0326,0.8060,<LOD,68.7369,17.8492,130.7609 , 6.9901,3.5819,14.0700 , 3.1809,0.3391,51488.6602 , 210.3930,117.0282,<LOD,0.0000,0.0000,3.3973 , 2.0978,0.2247,7036.5493 , 107.1198,4.7564,29735.4961 , 4062.3921,0.0905,1652.0920 , 43.5969,2.9840,<LOD,1.1149,4.0684,5.3088 , 0.6287,2.7030,<LOD,9.3860,0.2981,3807.9072 , 228.5570,0.8487,6.4925 , 1.0950,0.2988,<LOD,1.4242,0.4235,35.4147 , 1.1837,1.6526,<LOD,0.0000,0.0000,4190.7798 , 62.8293,1.6743,<LOD,4.6175,3.3628,<LOD,0.9250,0.1896,278538.6562 , 732.9236,25.8772,17.7455 , 2.5534,2.9188,314.2056 , 1.8371,16.0797,<LOD,0.0000,0.0000,3.8474 , 0.8406,0.2981,6250.6919 , 52.2493,20.6611,3.1930 , 1.1109,0.5280,179.1350 , 14.8302,3.7375,<LOD,7.8322,0.1975,21.7631 , 0.8053,2.4523,48.6643 , 3.0397,0.5887,114.1261 , 1.3727,11.4050,7,440.600006,39.000629,-122.662918,10.000000,529188.125000,4316900.500000,
1847,Mining,122.85,32.52,30.12,30.07,30.14,"Thu May 7, 2026 - 11:49:23",User,1.5,ppm,,,,,,Mining,<LOD,2.4937,0.5985,118264.5156 , 2347.8767,2.5435,<LOD,3.0725,0.3039,<LOD,3.5993,0.0813,493.5145 , 25.7438,14.1857,478878.2500 , 6026.3760,<LOD,1.6782,0.1234,33055.5078 , 260.2461,42.9846,<LOD,2.7170,1.0556,<LOD,40.4530,0.7443,<LOD,91.8972,32.7493,122.5281 , 8.1609,4.0684,14.5429 , 3.6153,0.3309,92139.7266 , 296.4519,219.3292,<LOD,0.0000,0.0000,7.7130 , 2.4113,0.2252,6513.8154 , 118.0130,4.6911,24000.2363 , 3995.7593,0.0823,1784.9905 , 45.9509,3.4909,<LOD,1.2822,3.6890,4.4138 , 0.6962,2.3907,41.7088 , 8.6086,0.3372,7764.6880 , 291.7813,1.7169,4.6158 , 1.2344,0.2797,<LOD,1.6128,0.4227,31.1580 , 1.2410,1.3131,<LOD,0.0000,0.0000,7722.4727 , 76.4394,2.9836,<LOD,5.1244,3.1808,<LOD,1.0397,0.1818,222987.5781 , 633.7394,20.7198,20.9823 , 2.8317,2.7566,303.9508 , 1.9341,13.7421,<LOD,0.0000,0.0000,3.7546 , 0.9259,0.2566,5463.3384 , 55.0569,19.2833,2.4289 , 1.2088,0.4546,192.9288 , 16.4127,3.7589,<LOD,8.5842,0.1755,21.6430 , 0.8835,2.1493,49.7955 , 3.3855,0.5505,109.1732 , 1.4769,9.7126,6,441.100006,39.000626,-122.662918,10.000000,529188.562500,4316900.000000,
1848,Mining,122.96,32.51,30.28,30.04,30.13,"Thu May 7, 2026 - 11:52:38",User,1.5,ppm,,,,,,Mining,<LOD,1.8900,0.5594,118656.7578 , 2457.6719,2.5507,<LOD,2.0448,0.2885,<LOD,3.9626,0.0903,489.5442 , 27.4521,13.8267,476615.7188 , 6191.1284,<LOD,1.7182,0.1181,28796.0840 , 255.7348,36.9328,<LOD,2.7942,0.9519,<LOD,42.1695,0.7568,<LOD,96.8648,36.4168,131.0754 , 8.7427,4.2751,15.0372 , 3.7337,0.3239,104037.3672 , 314.4219,244.4684,<LOD,0.0000,0.0000,4.7361 , 2.4930,0.2127,5980.5801 , 119.4457,4.2590,19128.6758 , 4041.5068,0.0743,1906.4862 , 47.0951,3.6941,<LOD,1.4598,3.5109,5.1948 , 0.7040,2.2938,54.2698 , 9.1946,0.3253,8169.0918 , 304.5169,1.7528,7.3649 , 1.3400,0.3013,<LOD,1.6503,0.3819,34.0267 , 1.2905,1.3120,<LOD,0.0000,0.0000,8124.2891 , 79.8989,3.0555,<LOD,5.4460,3.0888,<LOD,1.1156,0.1887,222440.0938 , 639.9705,20.1589,18.7928 , 3.0149,2.6973,306.7050 , 1.9678,13.0424,<LOD,0.0000,0.0000,2.2695 , 0.9227,0.2236,4692.5752 , 54.8514,16.6233,<LOD,2.4237,0.4105,197.6986 , 16.6536,3.4860,<LOD,9.5825,0.2018,21.5781 , 0.9069,2.0552,51.2166 , 3.5021,0.5399,112.7659 , 1.5178,9.3364,7,441.399994,39.000622,-122.662918,10.000000,529188.437500,4316899.500000,
1849,Mining,120.52,30.25,30.09,30.10,30.08,"Thu May 7, 2026 - 11:59:56",User,1.5,ppm,,,,,,Mining,<LOD,1.6465,0.6003,141894.8594 , 2788.5928,3.0500,24.3146 , 1.8074,0.8863,<LOD,3.7915,0.1125,531.0052 , 24.4851,16.2417,465026.0312 , 6748.2729,<LOD,1.7297,0.1616,25993.8145 , 229.3642,30.7574,<LOD,2.4363,1.0220,<LOD,47.4276,0.7669,<LOD,70.2842,16.7723,242.5924 , 8.8288,5.0904,85.9501 , 4.6984,0.6802,49939.5430 , 217.5481,109.8204,<LOD,0.0000,0.0000,9.0217 , 2.3780,0.2708,27687.3203 , 210.4991,16.6680,18596.5547 , 4275.4438,0.0899,1292.8972 , 41.5004,2.4227,2.0152 , 0.7998,4.2864,7.6328 , 0.6809,2.8825,<LOD,9.8457,0.3173,5226.6187 , 271.7975,1.1891,9.7948 , 1.2318,0.3460,<LOD,2.0049,0.4909,49.8003 , 1.4043,2.1605,<LOD,0.0000,0.0000,54723.3281 , 226.0491,19.0400,<LOD,4.8141,3.4748,<LOD,1.0379,0.2201,202867.2812 , 665.0880,18.3113,19.8906 , 2.6699,3.0462,405.4620 , 2.2197,20.1796,<LOD,0.0000,0.0000,5.4087 , 0.9631,0.3539,4862.0078 , 59.7846,18.0441,3.2096 , 1.2386,0.6002,276.5800 , 16.9435,4.2071,<LOD,8.3543,0.2059,27.6410 , 0.9135,2.8719,65.6183 , 3.4682,0.7020,123.7621 , 1.5170,12.6073,7,440.700012,39.000633,-122.662910,10.000000,529188.875000,4316901.000000,
1850,Mining,123.27,33.01,30.03,30.04,30.19,"Thu May 7, 2026 - 12:02:18",User,1.5,ppm,,,,,,Mining,<LOD,1.6738,0.6496,151793.5625 , 2932.6284,3.2610,23.0409 , 1.7696,0.8684,<LOD,3.6525,0.1074,493.1453 , 24.2747,16.4071,444914.4688 , 6939.7842,<LOD,1.7099,0.1624,27249.3867 , 242.9923,32.7898,<LOD,2.5220,1.1630,<LOD,49.2188,0.7757,<LOD,69.6031,16.8367,240.5338 , 9.0382,5.1150,85.7552 , 4.6706,0.6903,49740.5117 , 231.7238,111.2090,<LOD,0.0000,0.0000,3.0340 , 2.2344,0.2360,26858.6582 , 214.8517,16.4818,17591.7559 , 4432.0957,0.0916,1232.7091 , 40.5801,2.3663,<LOD,1.8825,4.2308,6.7203 , 0.6677,2.8462,<LOD,9.8029,0.3268,5638.3135 , 290.9326,1.2984,9.7728 , 1.2196,0.3488,<LOD,1.4935,0.4631,48.8627 , 1.3899,2.1687,<LOD,0.0000,0.0000,56696.8672 , 243.3701,20.0994,<LOD,4.8479,3.7116,<LOD,0.9920,0.2045,211540.1406 , 706.8444,19.6646,14.4984 , 2.6427,3.0917,392.4773 , 2.2229,19.9048,<LOD,0.0000,0.0000,6.6526 , 0.9724,0.3796,4959.4312 , 61.9713,18.6145,3.9130 , 1.2215,0.6015,246.8809 , 17.2367,4.1650,<LOD,9.6638,0.2285,26.3716 , 0.8965,2.8364,62.0873 , 3.3910,0.6891,120.4327 , 1.4997,12.5111,6,440.700012,39.000633,-122.662910,10.000000,529188.875000,4316901.000000,
1851,Mining,75.66,30.07,30.27,15.32,,"Thu May 7, 2026 - 12:04:30",User,1.5,ppm,,,,,,Mining,<LOD,3.0288,0.5975,,,,52.0172 , 2.4932,1.2071,<LOD,4.4620,0.1037,598.3578 , 43.9214,15.4853,890763.6875 , 721.3558,<LOD,2.2766,0.1714,30125.5352 , 232.4898,28.9141,<LOD,4.3994,0.9797,,,,<LOD,78.7288,14.8313,203.2325 , 8.7365,3.9381,59.9515 , 4.8821,0.4881,54058.0859 , 154.7732,98.7934,<LOD,0.0000,0.0000,4.5239 , 2.6363,0.2150,16890.3125 , 174.6647,9.4637,,,,1517.4022 , 47.9834,2.3316,<LOD,1.3420,3.6348,6.5485 , 0.7598,2.4633,<LOD,11.4058,0.2837,,,,8.9646 , 1.3768,0.2857,<LOD,2.6983,0.4247,42.8831 , 1.5227,1.7132,<LOD,0.0000,0.0000,,,,<LOD,8.5366,3.1607,<LOD,1.1779,0.1841,,,,15.4751 , 4.7192,2.7710,350.1728 , 2.0827,15.2945,<LOD,0.0000,0.0000,4.6182 , 1.1544,0.3146,4860.2363 , 58.7211,15.3041,<LOD,3.0143,0.4686,241.3559 , 17.0909,3.3871,<LOD,9.8296,0.1894,21.6239 , 0.9889,2.2408,53.2126 , 3.7051,0.5324,121.8121 , 1.6573,10.6505,7,440.299988,39.000633,-122.662910,10.000000,529189.000000,4316901.000000,
1852,Mining,122.81,32.65,30.05,30.07,30.04,"Thu May 7, 2026 - 12:15:03",User,1.5,ppm,,,,,,Mining,<LOD,1.8655,0.6255,125620.7734 , 2397.7122,2.7035,<LOD,1.4710,0.2247,<LOD,3.0618,0.0907,400.3071 , 21.3277,14.9109,460747.3125 , 5929.6411,<LOD,1.4343,0.1375,41377.6406 , 259.9220,52.0414,<LOD,2.2281,1.0585,<LOD,42.7956,0.7044,<LOD,60.9496,14.3352,130.5479 , 6.5945,3.4292,15.3029 , 3.0574,0.3517,39626.7500 , 180.1431,91.7510,<LOD,0.0000,0.0000,<LOD,3.9142,0.2122,12024.5137 , 131.6583,7.9720,32633.8301 , 4000.3135,0.0953,1148.0012 , 37.5515,2.2370,<LOD,1.0399,4.0745,3.8304 , 0.5882,2.7164,<LOD,8.2415,0.2719,1638.4637 , 158.6411,0.4047,6.2289 , 1.0292,0.2991,<LOD,1.3063,0.4121,40.5966 , 1.1930,1.9554,<LOD,0.0000,0.0000,2632.5786 , 52.3868,1.1912,<LOD,4.2687,3.3484,<LOD,0.8462,0.1804,275274.9375 , 742.9139,26.1901,19.8151 , 2.3784,2.9577,270.3713 , 1.6514,14.9740,<LOD,0.0000,0.0000,2.8689 , 0.7988,0.3029,6032.8950 , 49.7914,20.1068,2.3475 , 1.0293,0.5183,185.7600 , 14.1511,3.6722,<LOD,7.2829,0.1923,16.8606 , 0.7451,2.3770,45.3129 , 2.8780,0.5929,102.1700 , 1.2624,11.0363,6,440.000000,39.000637,-122.662918,10.000000,529188.000000,4316901.500000,
1853,Mining,120.35,30.09,30.06,30.07,30.13,"Thu May 7, 2026 - 12:17:20",User,1.5,ppm,,,,,,Mining,<LOD,1.4639,0.5907,126700.4297 , 2393.8970,2.7271,<LOD,1.4562,0.2385,<LOD,3.0904,0.0985,403.7434 , 21.1872,15.0139,461943.4688 , 5824.1470,<LOD,1.3142,0.1226,40946.4531 , 253.8723,51.9419,<LOD,2.2620,1.1238,<LOD,43.7371,0.7318,<LOD,59.5318,14.6090,127.9079 , 6.5105,3.5303,17.6225 , 3.0292,0.3671,40457.0195 , 180.6555,94.6319,<LOD,0.0000,0.0000,<LOD,2.7143,0.1973,12135.2891 , 129.1355,8.1069,30263.1172 , 3973.0750,0.0924,1297.5751 , 38.2236,2.4806,<LOD,1.0166,4.1485,4.6448 , 0.5785,2.7996,<LOD,8.0843,0.2788,1854.4742 , 169.7672,0.4622,6.3361 , 1.0062,0.3035,<LOD,1.2737,0.3984,41.4991 , 1.1673,1.9940,<LOD,0.0000,0.0000,4680.5669 , 66.2047,1.9169,<LOD,4.2329,3.3521,<LOD,0.8283,0.1816,272457.7500 , 743.6037,26.1720,18.1728 , 2.3515,2.9404,270.9196 , 1.6172,15.0848,<LOD,0.0000,0.0000,4.3874 , 0.7711,0.3162,5998.0088 , 49.4353,20.3995,1.7542 , 0.9910,0.5103,202.6004 , 14.0638,3.8389,<LOD,6.9440,0.1855,17.8150 , 0.7348,2.4547,48.2704 , 2.8442,0.6154,100.2107 , 1.2237,10.9809,6,439.700012,39.000637,-122.662918,10.000000,529188.000000,4316901.500000,
1854,Mining,120.15,30.24,30.07,30.06,29.78,"Thu May 7, 2026 - 12:28:30",User,1.5,ppm,,,,,,Mining,<LOD,1.5667,0.5878,123188.5312 , 2643.7437,2.6507,<LOD,1.5121,0.2270,<LOD,3.1345,0.0880,426.1167 , 22.5416,14.7152,447684.8750 , 6590.9888,<LOD,1.3930,0.1204,43122.0234 , 260.1010,51.0432,<LOD,2.3681,1.0615,<LOD,44.7421,0.6759,<LOD,61.7955,13.7669,135.5952 , 6.5970,3.3306,25.7247 , 3.3064,0.3828,40134.4414 , 183.3877,87.2147,<LOD,0.0000,0.0000,4.0712 , 1.9984,0.2175,11266.7490 , 125.3233,7.0832,35541.6914 , 4353.2803,0.0991,1772.5522 , 44.7927,2.9751,<LOD,1.0658,3.9581,4.4291 , 0.6005,2.6152,<LOD,8.3820,0.2622,1758.3403 , 172.9927,0.4222,5.7951 , 1.0373,0.2816,<LOD,1.3710,0.4015,39.9616 , 1.1976,1.8125,<LOD,0.0000,0.0000,1940.3132 , 48.8805,0.8998,<LOD,4.4959,3.2768,<LOD,0.8874,0.1870,285998.1875 , 766.7156,25.8513,14.7390 , 2.4801,2.8225,282.8401 , 1.7081,14.5890,<LOD,0.0000,0.0000,4.2735 , 0.8055,0.2973,6278.0195 , 50.5529,19.7298,2.9234 , 1.0606,0.5079,195.6855 , 14.2410,3.6204,<LOD,7.1478,0.1718,19.2418 , 0.7690,2.3515,46.6754 , 2.9313,0.5719,106.2382 , 1.2933,10.6771,6,439.700012,39.000633,-122.662926,10.000000,529187.687500,4316901.000000,
1855,Mining,122.69,32.45,30.05,30.07,30.12,"Thu May 7, 2026 - 12:30:48",User,1.5,ppm,,,,,,Mining,<LOD,1.5423,0.5906,126980.9922 , 2642.3755,2.7291,<LOD,1.5289,0.2209,<LOD,3.3116,0.0985,435.6157 , 22.2753,14.9171,440248.2500 , 6617.1138,<LOD,1.4245,0.1258,42680.3906 , 266.7731,50.9059,<LOD,2.2997,1.0309,<LOD,44.2622,0.6918,<LOD,61.7845,13.7522,139.0248 , 6.8844,3.4231,21.4423 , 3.2289,0.3645,40310.2773 , 186.3807,88.1437,<LOD,0.0000,0.0000,<LOD,2.8693,0.1910,11384.4668 , 129.9129,7.1803,38040.2891 , 4337.0547,0.1035,2061.0571 , 47.7537,3.3845,<LOD,1.0611,3.9225,4.7658 , 0.6022,2.6359,<LOD,8.4863,0.2735,1847.3525 , 170.0382,0.4296,8.0227 , 1.0842,0.3077,<LOD,1.3334,0.3929,38.9196 , 1.1844,1.7736,<LOD,0.0000,0.0000,1966.0968 , 48.1525,0.9135,<LOD,4.4346,3.3076,<LOD,0.9091,0.1934,286906.6562 , 761.8112,26.0789,15.1239 , 2.4470,2.8512,282.0564 , 1.7155,14.5931,<LOD,0.0000,0.0000,3.7430 , 0.8111,0.2961,6248.9360 , 52.4544,19.8661,2.3690 , 1.0411,0.4915,202.7664 , 14.8133,3.6942,<LOD,7.4679,0.1877,19.9983 , 0.7754,2.3906,46.6092 , 2.9356,0.5726,104.7717 , 1.2909,10.6021,7,440.299988,39.000629,-122.662918,10.000000,529188.000000,4316900.500000,
1856,Mining,122.74,32.52,30.06,30.02,30.14,"Thu May 7, 2026 - 12:55:37",User,1.5,ppm,,,,,,Mining,<LOD,1.6063,0.5659,119874.8047 , 2439.4712,2.5789,<LOD,1.5665,0.2142,<LOD,3.3294,0.0937,466.4691 , 23.6381,15.0048,459784.1250 , 6131.1562,<LOD,1.4731,0.1267,47925.4492 , 278.7928,56.6006,<LOD,2.4218,1.0103,<LOD,42.6051,0.6846,<LOD,64.0259,14.0808,177.7265 , 7.4366,3.7581,30.1261 , 3.4982,0.4042,41879.8594 , 176.8839,90.0284,<LOD,0.0000,0.0000,<LOD,3.0580,0.1991,11822.9531 , 134.0571,7.4235,28188.8633 , 3930.9937,0.0851,2323.5771 , 50.8694,3.6982,<LOD,1.3384,4.0585,4.6125 , 0.6204,2.6114,<LOD,8.8455,0.2812,1274.8907 , 141.1037,0.3110,8.6213 , 1.1253,0.3122,<LOD,1.4530,0.4155,41.0335 , 1.2370,1.8236,<LOD,0.0000,0.0000,406.9492 , 31.4905,0.3928,<LOD,4.6471,3.1790,<LOD,0.9113,0.1818,278743.1562 , 711.0993,25.0739,20.1016 , 2.6089,2.8870,306.0916 , 1.7764,15.4099,<LOD,0.0000,0.0000,3.6240 , 0.8366,0.2953,6308.8989 , 52.6728,19.6184,3.0136 , 1.0963,0.5123,222.7298 , 15.3940,3.7247,<LOD,7.9138,0.1991,20.7193 , 0.8031,2.4113,50.9642 , 3.0820,0.5957,110.6442 , 1.3422,10.9374,6,438.899994,39.000626,-122.662956,10.000000,529184.812500,4316900.000000,
1857,Mining,120.68,30.17,30.14,30.21,30.16,"Thu May 7, 2026 - 12:57:55",User,1.5,ppm,,,,,,Mining,<LOD,1.6527,0.5744,134706.4531 , 2836.2656,2.8931,<LOD,1.6232,0.2334,3.7852 , 2.4280,0.1037,459.1523 , 24.3040,15.0488,416247.0938 , 6810.8950,<LOD,1.5657,0.1369,46525.1523 , 272.0629,53.4408,<LOD,2.4960,1.0289,<LOD,48.2712,0.7160,<LOD,64.0253,13.3330,172.9624 , 7.1805,3.6887,36.7753 , 3.6595,0.4230,40899.7188 , 187.7222,85.6104,<LOD,0.0000,0.0000,<LOD,4.1589,0.1998,12183.8613 , 131.2010,7.4207,24605.1191 , 4221.9126,0.0818,2809.6147 , 56.0757,4.2366,<LOD,1.1037,3.7810,5.7691 , 0.6326,2.6058,<LOD,8.9323,0.2799,1444.0858 , 164.2101,0.3443,8.1473 , 1.1209,0.2958,<LOD,1.5083,0.4300,41.3666 , 1.2607,1.8039,<LOD,0.0000,0.0000,558.9921 , 36.8727,0.4408,<LOD,4.8250,3.3120,<LOD,0.9762,0.1911,312065.8438 , 794.0499,28.0866,16.2502 , 2.6707,2.8853,292.3847 , 1.7858,14.3743,<LOD,0.0000,0.0000,2.1169 , 0.8486,0.2756,6485.0059 , 52.9883,19.7989,4.0272 , 1.1166,0.5087,241.1122 , 15.1565,3.8236,<LOD,7.6876,0.1792,20.7836 , 0.8109,2.3471,50.8909 , 3.1134,0.5811,113.5019 , 1.3668,10.6926,4,439.000000,39.000622,-122.662964,10.000000,529184.375000,4316899.500000,
1858,Mining,122.88,32.54,30.07,30.11,30.16,"Thu May 7, 2026 - 13:00:42",User,1.5,ppm,,,,,,Mining,<LOD,1.5751,0.5880,114179.6875 , 2293.2476,2.4618,<LOD,1.5171,0.2349,<LOD,3.2576,0.0964,437.0824 , 22.5098,14.6482,492980.3438 , 5621.6738,<LOD,1.3595,0.1155,40817.8633 , 258.0471,48.7350,<LOD,2.3769,1.0598,<LOD,43.1884,0.7085,<LOD,80.6203,13.0230,142.3777 , 7.3366,3.6724,46.4559 , 3.7100,0.4866,37993.9492 , 157.5585,84.5971,<LOD,0.0000,0.0000,<LOD,2.7775,0.1802,11208.4141 , 132.0392,7.0851,22415.4824 , 3694.6575,0.0763,5924.2051 , 75.8148,8.7579,<LOD,1.0561,3.9341,3.0825 , 0.5931,2.5728,<LOD,8.4352,0.2832,1777.4611 , 163.6894,0.4217,5.8760 , 1.0259,0.2777,<LOD,1.3764,0.4003,39.4768 , 1.1881,1.8094,<LOD,0.0000,0.0000,690.0103 , 35.4672,0.5003,<LOD,4.4885,3.2312,<LOD,0.8737,0.1783,264806.4688 , 692.7361,23.5516,19.5595 , 2.4959,2.8450,267.6552 , 1.5945,13.8720,<LOD,0.0000,0.0000,2.9711 , 0.7723,0.2701,5816.3892 , 53.0572,19.1232,3.6667 , 1.0521,0.5071,259.9184 , 15.7393,3.9625,<LOD,7.2479,0.1782,18.5210 , 0.7607,2.3243,44.4306 , 2.8978,0.5634,98.6533 , 1.2372,10.1071,7,439.100006,39.000618,-122.662964,10.000000,529184.250000,4316899.000000,
1859,Mining,120.09,30.01,30.23,30.05,29.80,"Thu May 7, 2026 - 13:02:56",User,1.5,ppm,,,,,,Mining,<LOD,1.6037,0.5932,113184.0156 , 2352.5598,2.4407,<LOD,1.5812,0.2353,<LOD,3.2754,0.0915,427.5631 , 22.8389,14.5672,493746.7188 , 5768.3027,<LOD,1.4607,0.1251,41746.7305 , 255.5630,49.6310,<LOD,2.3805,1.0267,<LOD,44.3712,0.7065,<LOD,102.1118,13.3191,152.0276 , 7.3385,3.8178,47.8187 , 3.8562,0.4933,38968.3398 , 162.9892,86.1737,<LOD,0.0000,0.0000,<LOD,3.0289,0.1989,11553.9346 , 130.7373,7.2810,21270.6094 , 3776.1028,0.0742,6122.1094 , 78.7880,8.9695,<LOD,1.0905,3.9242,4.5808 , 0.6199,2.6446,<LOD,9.1061,0.3240,1783.1591 , 170.5360,0.4309,7.0158 , 1.0828,0.2905,<LOD,1.3790,0.3900,40.9204 , 1.2295,1.8268,<LOD,0.0000,0.0000,592.5438 , 35.3803,0.4655,<LOD,4.5575,3.2323,<LOD,0.8513,0.1547,263652.9688 , 707.1042,23.3596,20.4044 , 2.5425,2.8720,278.1292 , 1.6689,14.2259,<LOD,0.0000,0.0000,3.9163 , 0.8352,0.2982,5956.0356 , 53.2040,19.6034,2.1867 , 1.0677,0.4882,267.0289 , 15.6683,4.0764,<LOD,7.8972,0.1988,19.1240 , 0.7906,2.3520,48.6718 , 3.0597,0.5894,103.4281 , 1.2966,10.3873,6,439.100006,39.000610,-122.662979,10.000000,529183.250000,4316898.500000,
1860,Mining,120.77,30.13,30.12,30.33,30.19,"Thu May 7, 2026 - 13:06:00",User,1.5,ppm,,,,,,Mining,<LOD,1.6235,0.5701,93038.8438 , 1943.5801,2.0117,<LOD,1.7422,0.2799,<LOD,3.5662,0.0993,431.4439 , 23.8028,14.7425,616686.2500 , 4730.2651,<LOD,1.5283,0.1256,34469.2148 , 267.7188,42.6999,<LOD,2.5109,1.0814,<LOD,43.1800,0.7641,177.4383 , 43.4274,13.4745,171.2272 , 9.8088,5.0924,385.2435 , 8.2630,2.1037,39195.0508 , 149.4801,94.7239,<LOD,0.0000,0.0000,<LOD,3.4711,0.2240,9507.6670 , 141.3219,6.2955,8974.1406 , 3197.4897,0.0534,21152.6777 , 139.3721,31.1586,<LOD,1.1494,4.0633,4.1166 , 0.6448,2.6747,25.8571 , 7.4907,0.5799,3865.0764 , 223.4740,0.8609,6.6756 , 1.1362,0.2922,<LOD,1.4825,0.4277,44.1981 , 1.3111,1.9101,<LOD,0.0000,0.0000,1429.0286 , 42.2360,0.7641,<LOD,4.7501,3.2877,<LOD,0.9505,0.1742,163941.8750 , 577.3496,13.7197,16.7586 , 2.6338,2.8798,291.3055 , 1.7132,14.5212,<LOD,0.0000,0.0000,4.3813 , 0.8821,0.3059,5511.7471 , 66.0461,20.4517,<LOD,2.7572,0.4944,434.7726 , 20.6013,5.3725,17.5648 , 6.5362,0.2847,21.1080 , 0.8490,2.4734,87.4370 , 3.9153,0.8920,108.8864 , 1.3639,10.6373,6,439.000000,39.000618,-122.662971,10.000000,529183.625000,4316899.000000,
1861,Mining,123.26,32.73,30.14,30.25,30.14,"Thu May 7, 2026 - 13:08:20",User,1.5,ppm,,,,,,Mining,<LOD,1.6397,0.5858,93867.3047 , 1900.9204,2.0292,<LOD,1.7856,0.2859,<LOD,3.6305,0.0977,451.9527 , 23.7737,14.8106,617767.7500 , 4498.5781,<LOD,1.4930,0.1144,31006.4512 , 260.4871,38.5800,<LOD,2.4881,1.0640,<LOD,43.2924,0.7729,277.2346 , 44.8494,13.9147,169.0930 , 10.3075,5.4144,477.2100 , 9.2181,2.5106,40098.4531 , 150.1486,98.7568,<LOD,0.0000,0.0000,<LOD,3.5961,0.2244,8819.8838 , 139.8091,5.8825,3719.0012 , 2959.9226,0.0447,25447.4082 , 151.7406,37.7218,<LOD,1.1913,4.0221,4.0595 , 0.6764,2.7038,30.3414 , 7.8612,0.6180,4138.0376 , 227.0586,0.8984,5.7810 , 1.1476,0.2840,<LOD,1.4313,0.3986,40.9663 , 1.3200,1.8129,<LOD,0.0000,0.0000,1408.1461 , 42.1076,0.7605,<LOD,4.7217,3.2525,<LOD,1.0130,0.1927,165710.8281 , 575.5753,13.8810,20.5838 , 2.6390,2.9157,292.7477 , 1.7373,14.3777,<LOD,0.0000,0.0000,5.9370 , 0.8979,0.3142,5480.9272 , 69.1618,20.9839,5.4145 , 1.2075,0.5421,494.0630 , 21.7938,5.8489,32.2131 , 7.0210,0.3152,23.0306 , 0.8757,2.5152,94.7934 , 4.1218,0.9466,110.4117 , 1.3932,10.6047,5,439.000000,39.000610,-122.662971,10.000000,529183.812500,4316898.500000,
1862,Mining,122.86,32.72,30.04,30.03,30.07,"Thu May 7, 2026 - 13:11:06",User,1.5,ppm,,,,,,Mining,<LOD,1.6559,0.6009,99540.1016 , 1929.1202,2.1490,<LOD,1.7155,0.2903,<LOD,3.2291,0.0854,451.5024 , 23.5934,14.7412,590146.5000 , 4560.8486,<LOD,1.4602,0.1213,35957.9297 , 253.4250,44.2146,<LOD,2.4998,1.0837,<LOD,42.5026,0.7702,137.5657 , 42.6021,13.7740,181.6478 , 8.9409,4.8817,249.2292 , 6.6788,1.4534,40311.9727 , 147.3862,95.6756,<LOD,0.0000,0.0000,<LOD,3.9573,0.2187,10063.1182 , 134.2769,6.5988,5841.4531 , 2977.4905,0.0485,18280.7109 , 127.0947,26.7822,<LOD,1.1122,4.0290,4.1237 , 0.6248,2.6606,<LOD,10.1006,0.4684,4107.7300 , 224.0305,0.9042,6.7866 , 1.1082,0.2944,<LOD,1.4272,0.3975,43.9316 , 1.2694,1.8963,<LOD,0.0000,0.0000,1334.3793 , 40.6348,0.7292,<LOD,4.7272,3.3111,<LOD,0.9529,0.1984,186618.4844 , 586.6312,15.8822,20.3984 , 2.6184,2.8841,290.4367 , 1.6636,14.4954,<LOD,0.0000,0.0000,2.6042 , 0.8179,0.2695,5804.0312 , 61.0117,20.9321,<LOD,2.6690,0.4917,409.2033 , 18.9139,5.2033,<LOD,11.9463,0.2426,21.5704 , 0.8274,2.4898,66.7870 , 3.4603,0.7366,107.8420 , 1.3198,10.5567,5,438.899994,39.000618,-122.662971,10.000000,529183.625000,4316899.000000,
1863,Mining,120.17,30.25,30.01,30.06,29.85,"Thu May 7, 2026 - 13:13:36",User,1.5,ppm,,,,,,Mining,<LOD,1.8163,0.6343,103897.2734 , 2032.4291,2.2441,<LOD,1.6503,0.2800,<LOD,3.1788,0.0906,479.4269 , 23.4090,15.6951,561115.2500 , 4948.1670,<LOD,1.4255,0.1262,41220.5938 , 268.4196,52.5304,<LOD,2.4559,1.1208,<LOD,43.1986,0.7916,123.7839 , 42.1462,14.8077,149.5996 , 8.2695,4.3694,172.6041 , 5.6496,1.1325,41485.4805 , 157.5997,99.8297,<LOD,0.0000,0.0000,<LOD,3.0672,0.2155,11891.6299 , 141.7618,8.0172,13643.5186 , 3365.2502,0.0627,13630.0615 , 110.8794,20.6695,<LOD,1.1135,4.2906,4.5240 , 0.6251,2.8088,<LOD,9.3703,0.4204,4614.3735 , 236.9168,1.0203,8.1359 , 1.1079,0.3219,<LOD,1.4163,0.4205,44.5475 , 1.2617,2.0295,<LOD,0.0000,0.0000,1268.4799 , 40.8286,0.7283,<LOD,4.6524,3.4356,<LOD,0.9000,0.1903,199180.2188 , 620.4118,17.9582,21.4202 , 2.5874,3.0297,304.9929 , 1.7006,15.8748,<LOD,0.0000,0.0000,3.1268 , 0.8103,0.2936,6217.2432 , 60.0421,22.4328,3.6443 , 1.1046,0.5516,323.3541 , 17.9861,4.9305,<LOD,9.3208,0.2343,22.2092 , 0.8153,2.6365,62.0670 , 3.2721,0.7183,112.4098 , 1.3229,11.4458,5,438.700012,39.000622,-122.662971,10.000000,529183.937500,4316899.500000,
1864,Mining,122.75,32.64,30.04,30.07,30.00,"Thu May 7, 2026 - 13:16:40",User,1.5,ppm,,,,,,Mining,<LOD,1.5382,0.5498,99046.0625 , 2174.0042,2.1436,<LOD,1.5293,0.2001,<LOD,3.3213,0.0884,419.4980 , 22.2817,14.0454,541711.7500 , 5520.5532,<LOD,1.4318,0.1134,40402.2305 , 251.8070,46.7905,<LOD,2.3486,1.0150,<LOD,43.0744,0.6987,<LOD,64.4354,13.4478,145.5714 , 7.2192,3.5279,28.8811 , 3.5632,0.3968,41008.7148 , 159.1256,87.9859,<LOD,0.0000,0.0000,<LOD,2.9208,0.1758,10888.0957 , 129.6293,6.7115,21070.0293 , 3677.0222,0.0732,3051.4661 , 58.2757,4.6574,<LOD,1.1057,3.8203,3.0602 , 0.6211,2.5052,<LOD,8.8974,0.2692,2574.0400 , 193.3413,0.5846,5.4115 , 1.0746,0.2695,<LOD,1.3515,0.3789,38.6991 , 1.2242,1.7104,<LOD,0.0000,0.0000,1366.6135 , 42.3052,0.7164,<LOD,4.4828,3.1864,<LOD,0.9112,0.1730,231281.4375 , 652.1790,19.4392,21.2656 , 2.4876,2.7838,266.5490 , 1.6351,13.4135,<LOD,0.0000,0.0000,3.5041 , 0.8211,0.2728,6282.4775 , 51.8605,19.5242,2.0095 , 1.0750,0.4677,223.3271 , 15.3951,3.7352,<LOD,7.6862,0.1774,16.1412 , 0.7764,2.1406,45.7678 , 3.0650,0.5580,97.3834 , 1.2845,9.7490,6,438.299988,39.000629,-122.662880,10.000000,529191.437500,4316900.500000,
1865,Mining,122.64,32.52,30.00,30.03,30.09,"Thu May 7, 2026 - 13:18:57",User,1.5,ppm,,,,,,Mining,<LOD,1.8423,0.5561,96093.4141 , 2322.1880,2.0835,<LOD,1.5261,0.2087,<LOD,3.0832,0.0759,400.5414 , 23.0307,13.1895,526430.6250 , 6007.6362,<LOD,1.4879,0.1227,38790.3750 , 245.7139,43.4340,<LOD,2.4345,0.9612,<LOD,44.5232,0.6828,<LOD,63.2377,12.9566,141.3766 , 7.0467,3.3283,36.6378 , 3.6713,0.4219,40805.2617 , 158.5510,84.7717,<LOD,0.0000,0.0000,<LOD,2.9068,0.1728,10867.7236 , 128.6744,6.4671,26559.7656 , 4026.3701,0.0819,3287.0886 , 59.2487,4.8181,<LOD,1.0886,3.6905,3.4223 , 0.6145,2.4512,<LOD,8.9176,0.2790,2395.6143 , 189.7045,0.5168,4.6196 , 1.0386,0.2521,<LOD,1.3964,0.3562,40.7984 , 1.2351,1.7429,<LOD,0.0000,0.0000,1092.8843 , 40.8629,0.6088,<LOD,4.6537,3.0330,<LOD,0.8891,0.1676,246341.5156 , 678.9625,20.1747,19.9146 , 2.5752,2.6253,268.7639 , 1.6229,13.0818,<LOD,0.0000,0.0000,1.9518 , 0.8118,0.2529,6040.2788 , 50.3223,18.1370,3.2994 , 1.0819,0.4749,214.5967 , 14.9215,3.4707,<LOD,7.8227,0.1842,15.8660 , 0.7647,2.0746,42.5585 , 2.9740,0.5258,101.1286 , 1.2800,9.6618,7,453.000000,39.000648,-122.662933,10.000000,529186.687500,4316902.500000,
1866,Mining,120.19,30.04,30.09,30.00,30.06,"Thu May 7, 2026 - 13:21:25",User,1.5,ppm,,,,,,Mining,<LOD,1.6430,0.5968,120829.8359 , 2520.4641,2.5960,<LOD,1.5781,0.2187,<LOD,3.2666,0.0874,459.1286 , 23.7871,15.1729,479274.7500 , 6314.5435,<LOD,1.5001,0.1274,39942.8438 , 258.0302,47.2403,<LOD,2.4838,1.0766,<LOD,43.4961,0.6955,72.9744 , 43.3652,14.2091,160.4412 , 7.5609,3.9065,61.4018 , 4.1440,0.5514,41519.3672 , 177.7896,91.1861,<LOD,0.0000,0.0000,<LOD,3.0724,0.1991,12901.6797 , 140.5909,8.0616,30448.5625 , 4071.6084,0.0898,5494.5522 , 75.6834,8.0894,<LOD,1.1039,3.9656,5.2472 , 0.6196,2.6199,<LOD,8.6463,0.2940,3359.5400 , 214.7820,0.7265,7.1718 , 1.1073,0.2930,<LOD,1.4938,0.4430,42.2962 , 1.2561,1.8409,<LOD,0.0000,0.0000,1538.9879 , 43.8909,0.7633,<LOD,4.6829,3.2391,<LOD,0.9205,0.1818,256811.1562 , 704.1540,22.5878,11.5222 , 2.5925,2.8327,295.4467 , 1.7684,14.8747,<LOD,0.0000,0.0000,2.2263 , 0.8267,0.2703,6292.7676 , 54.7948,20.3239,<LOD,2.2747,0.4757,285.5681 , 16.2322,4.2132,<LOD,8.0952,0.2027,18.8067 , 0.8000,2.3152,53.8421 , 3.1905,0.6193,109.8623 , 1.3525,10.7720,6,460.399994,39.000591,-122.662796,10.000000,529198.687500,4316896.500000,
1867,Mining,120.44,30.12,30.13,30.01,29.58,"Thu May 7, 2026 - 13:23:42",User,1.5,ppm,,,,,,Mining,<LOD,1.6778,0.5785,127110.9844 , 2832.9263,2.7282,<LOD,1.6683,0.2258,<LOD,3.4497,0.0889,523.7537 , 24.7002,15.3438,444032.9688 , 7176.5967,<LOD,1.5567,0.1252,43223.7852 , 281.9117,49.9180,<LOD,2.5312,1.0364,<LOD,45.5724,0.6908,<LOD,108.3478,14.3868,162.4068 , 8.0652,3.8911,59.2500 , 4.2329,0.5258,43826.6719 , 198.4808,93.0592,<LOD,0.0000,0.0000,3.0260 , 2.1961,0.2133,13251.8789 , 148.7058,8.0790,35858.6992 , 4515.8423,0.0996,5942.1318 , 80.6456,8.4439,1.7825 , 0.7778,4.0158,7.1468 , 0.6537,2.6441,<LOD,9.9039,0.3334,3422.9722 , 226.6464,0.7351,7.5530 , 1.1621,0.2940,<LOD,1.5186,0.4254,47.5727 , 1.3560,1.9535,<LOD,0.0000,0.0000,1419.1495 , 44.2935,0.7034,<LOD,4.8521,3.2651,<LOD,0.9651,0.1821,273603.0312 , 751.5003,23.9225,18.7759 , 2.6911,2.8649,318.4496 , 1.9264,15.2939,<LOD,0.0000,0.0000,4.4885 , 0.8955,0.3028,6665.0635 , 59.3164,20.7898,<LOD,2.5970,0.4845,290.5005 , 17.3684,4.2443,<LOD,8.3538,0.1964,21.6683 , 0.8567,2.4091,56.1338 , 3.3170,0.6121,120.1623 , 1.4525,11.1040,5,423.700012,39.000671,-122.663010,10.000000,529180.000000,4316905.000000,
1868,Mining,32.63,30.11,2.52,,,"Thu May 7, 2026 - 13:24:43",User,1.5,ppm,,,,,,Mining,517.3310 , 439.4568,12.3802,,,,<LOD,17.3902,0.2435,<LOD,25.9167,0.0654,,,,116900.7109 , 15008.8584,<LOD,15.5490,0.1166,,,,<LOD,34.8054,5.0701,,,,<LOD,455.7282,238.5824,8860.4756 , 104.1862,23.2653,1718.5341 , 60.4811,1.6626,863351.3750 , 686.9595,1607.8101,<LOD,0.0000,0.0000,<LOD,25.2210,0.1527,,,,,,,2889.5718 , 117.4958,11.3784,4246.4878 , 24.1502,52.1225,<LOD,4.8567,0.8016,1274.7957 , 145.0066,0.9025,,,,100.3760 , 14.6584,0.6296,<LOD,37.2778,6.2113,16.4195 , 2.8295,0.1231,<LOD,0.0000,0.0000,,,,<LOD,56.3919,5.7934,<LOD,7.6039,0.1522,,,,123.9328 , 28.1808,6.8452,<LOD,2.3674,0.1488,<LOD,0.0000,0.0000,<LOD,15.6117,-0.9248,<LOD,479.5246,1.5523,<LOD,1.1151,-0.0089,<LOD,300.8981,1.5631,<LOD,111.1733,0.2115,<LOD,4.0911,0.2784,<LOD,23.8102,0.2031,<LOD,4.1435,0.4540,7,430.600006,39.000633,-122.662941,10.000000,529186.125000,4316901.000000,
