Reading No,Reading Type,Duration,Main,Low,High,Light,Time,User,Sigma Value,Units,Mode,Pass/Fail,Pass/Fail Criteria,1: Escale,1: Resolution,2: Escale,2: Resolution,Batch,Heat,Lot,Note,Sample,Small Spot Enabled,Stop on Pass/Fail,Action Level,Depth Index,Paint Result,Match 1,Match Number 1,Match 2,Match Number 2,Ag,Ag 2-Sigma/LOD,Ag CPS/uA,As,As 2-Sigma/LOD,As CPS/uA,Au,Au 2-Sigma/LOD,Au CPS/uA,Ba,Ba 2-Sigma/LOD,Ba CPS/uA,Bal,Bal 2-Sigma/LOD,Ca,Ca 2-Sigma/LOD,Ca CPS/uA,Cd,Cd 2-Sigma/LOD,Cd CPS/uA,Co,Co 2-Sigma/LOD,Co CPS/uA,Cr,Cr 2-Sigma/LOD,Cr CPS/uA,Cs,Cs 2-Sigma/LOD,Cs CPS/uA,Cu,Cu 2-Sigma/LOD,Cu CPS/uA,Fe,Fe 2-Sigma/LOD,Fe CPS/uA,Hg,Hg 2-Sigma/LOD,Hg CPS/uA,K,K 2-Sigma/LOD,K CPS/uA,Mn,Mn 2-Sigma/LOD,Mn CPS/uA,Mo,Mo 2-Sigma/LOD,Mo CPS/uA,Ni,Ni 2-Sigma/LOD,Ni CPS/uA,Pb,Pb 2-Sigma/LOD,Pb CPS/uA,Pd,Pd 2-Sigma/LOD,Pd CPS/uA,Rb,Rb 2-Sigma/LOD,Rb CPS/uA,S,S 2-Sigma/LOD,S CPS/uA,Sb,Sb 2-Sigma/LOD,Sb CPS/uA,Sc,Sc 2-Sigma/LOD,Sc CPS/uA,Se,Se 2-Sigma/LOD,Se CPS/uA,Sn,Sn 2-Sigma/LOD,Sn CPS/uA,Sr,Sr 2-Sigma/LOD,Sr CPS/uA,Te,Te 2-Sigma/LOD,Te CPS/uA,Th,Th 2-Sigma/LOD,Th CPS/uA,Ti,Ti 2-Sigma/LOD,Ti CPS/uA,U,U 2-Sigma/LOD,U CPS/uA,V,V 2-Sigma/LOD,V CPS/uA,W,W 2-Sigma/LOD,W CPS/uA,Zn,Zn 2-Sigma/LOD,Zn CPS/uA,Zr,Zr 2-Sigma/LOD,Zr CPS/uA,Al,Al 2-Sigma/LOD,Al CPS/uA,Bi,Bi 2-Sigma/LOD,Bi CPS/uA,Hf,Hf 2-Sigma/LOD,Hf CPS/uA,LEC,LEC 2-Sigma/LOD,Nb,Nb 2-Sigma/LOD,Nb CPS/uA,Re,Re 2-Sigma/LOD,Re CPS/uA,Ru,Ru 2-Sigma/LOD,Ru CPS/uA,Ta,Ta 2-Sigma/LOD,Ta CPS/uA,Y,Y 2-Sigma/LOD,Y CPS/uA,Mg,Mg 2-Sigma/LOD,Mg CPS/uA,P,P 2-Sigma/LOD,P CPS/uA,Si,Si 2-Sigma/LOD,Si CPS/uA,Satellites,Altitude,Latitude,Longitude,Grid,Easting,Northing,
39,System Check,99.64,,,,,"Thu Apr 2, 2026 - 17:11:10",User,,,System Check,Pass,,7.44397,152.897,7.45502,137.143,,,,,,,,,,,,,,,,,,,,,,,,,,,,,,,,,,,,,,,,,,,,,,,,,,,,,,,,,,,,,,,,,,,,,,,,,,,,,,,,,,,,,,,,,,,,,,,,,,,,,,,,,,,,,,,,,,,,,,,,,,,,,,,,,,,,,,,,,,,,,,,,,,,,,,4,177.500000,39.000084,-122.661606,10.000000,529302.062500,4316840.500000,
40,Health Check,166.06,,,,,"Thu Apr 2, 2026 - 17:12:09",User,,,Health Check,Fail,Detector Quality: 1.07 — Pass; Fault Free: Pass; Battery Health  98%: Pass; C#1 Voltage  3832 mV: Pass; C#2 Voltage  3823 mV: Pass; Tube Health: Pass; System Check: Reading #39 - Pass; Filter Wheel Check: Pass; XRay LED Test: Pass; Wi-Fi: Pass; Bluetooth: Fail; GPS: Pass; ,,,,,,,,,,,,,,,,,,,,,,,,,,,,,,,,,,,,,,,,,,,,,,,,,,,,,,,,,,,,,,,,,,,,,,,,,,,,,,,,,,,,,,,,,,,,,,,,,,,,,,,,,,,,,,,,,,,,,,,,,,,,,,,,,,,,,,,,,,,,,,,,,,,,,,,,,,5,179.899994,39.000137,-122.661827,10.000000,529283.000000,4316846.000000,
41,System Check,99.68,,,,,"Thu Apr 2, 2026 - 17:14:05",User,,,System Check,Pass,,7.44395,152.64,7.45548,139.855,,,,,,,,,,,,,,,,,,,,,,,,,,,,,,,,,,,,,,,,,,,,,,,,,,,,,,,,,,,,,,,,,,,,,,,,,,,,,,,,,,,,,,,,,,,,,,,,,,,,,,,,,,,,,,,,,,,,,,,,,,,,,,,,,,,,,,,,,,,,,,,,,,,,,,,,,,,,,
42,Health Check,168.37,,,,,"Thu Apr 2, 2026 - 17:15:05",User,,,Health Check,Fail,Detector Quality: 1.04 — Pass; Fault Free: Pass; Battery Health  98%: Pass; C#1 Voltage  3818 mV: Pass; C#2 Voltage  3814 mV: Pass; Tube Health: Pass; System Check: Reading #41 - Pass; Filter Wheel Check: Pass; XRay LED Test: Pass; Wi-Fi: Pass; Bluetooth: Fail; GPS: Pass; ,,,,,,,,,,,,,,,,,,,,,,,,,,,,,,,,,,,,,,,,,,,,,,,,,,,,,,,,,,,,,,,,,,,,,,,,,,,,,,,,,,,,,,,,,,,,,,,,,,,,,,,,,,,,,,,,,,,,,,,,,,,,,,,,,,,,,,,,,,,,,,,,,,,,,,,,,,,,,,,,,
43,System Check,97.39,,,,,"Thu Apr 2, 2026 - 17:19:47",User,,,System Check,Pass,,7.44342,153.104,7.45546,136.975,,,,,,,,,,,,,,,,,,,,,,,,,,,,,,,,,,,,,,,,,,,,,,,,,,,,,,,,,,,,,,,,,,,,,,,,,,,,,,,,,,,,,,,,,,,,,,,,,,,,,,,,,,,,,,,,,,,,,,,,,,,,,,,,,,,,,,,,,,,,,,,,,,,,,,,,,,,,,
44,Health Check,161.08,,,,,"Thu Apr 2, 2026 - 17:20:43",User,,,Health Check,Fail,Detector Quality: 1.03 — Pass; Fault Free: Pass; Battery Health  98%: Pass; C#1 Voltage  3809 mV: Pass; C#2 Voltage  3807 mV: Pass; Tube Health: Pass; System Check: Reading #43 - Pass; Filter Wheel Check: Pass; XRay LED Test: Pass; Wi-Fi: Pass; Bluetooth: Fail; GPS: Pass; ,,,,,,,,,,,,,,,,,,,,,,,,,,,,,,,,,,,,,,,,,,,,,,,,,,,,,,,,,,,,,,,,,,,,,,,,,,,,,,,,,,,,,,,,,,,,,,,,,,,,,,,,,,,,,,,,,,,,,,,,,,,,,,,,,,,,,,,,,,,,,,,,,,,,,,,,,,,,,,,,,
45,System Check,103.31,,,,,"Thu Apr 2, 2026 - 17:27:53",User,,,System Check,Pass,,7.44334,152.177,7.45573,136.806,,,,,,,,,,,,,,,,,,,,,,,,,,,,,,,,,,,,,,,,,,,,,,,,,,,,,,,,,,,,,,,,,,,,,,,,,,,,,,,,,,,,,,,,,,,,,,,,,,,,,,,,,,,,,,,,,,,,,,,,,,,,,,,,,,,,,,,,,,,,,,,,,,,,,,,,,,,,,
46,Health Check,157.72,,,,,"Thu Apr 2, 2026 - 17:28:39",User,,,Health Check,Pass,Detector Quality: 1.17 — Pass; Fault Free: Pass; Battery Health  98%: Pass; C#1 Voltage  3788 mV: Pass; C#2 Voltage  3786 mV: Pass; Tube Health: Pass; System Check: Reading #45 - Pass; Filter Wheel Check: Pass; XRay LED Test: Pass; Wi-Fi: Pass; Bluetooth: Pass; GPS: Pass; ,,,,,,,,,,,,,,,,,,,,,,,,,,,,,,,,,,,,,,,,,,,,,,,,,,,,,,,,,,,,,,,,,,,,,,,,,,,,,,,,,,,,,,,,,,,,,,,,,,,,,,,,,,,,,,,,,,,,,,,,,,,,,,,,,,,,,,,,,,,,,,,,,,,,,,,,,,,,,,,,,
123,System Check,106.31,,,,,"Fri Apr 3, 2026 - 15:22:16",User,,,System Check,Pass,,7.44413,156.784,7.45473,137.456,,,,,,,,,,,,,,,,,,,,,,,,,,,,,,,,,,,,,,,,,,,,,,,,,,,,,,,,,,,,,,,,,,,,,,,,,,,,,,,,,,,,,,,,,,,,,,,,,,,,,,,,,,,,,,,,,,,,,,,,,,,,,,,,,,,,,,,,,,,,,,,,,,,,,,,,,,,,,
124,Health Check,170.39,,,,,"Fri Apr 3, 2026 - 15:23:12",User,,,Health Check,Fail,Detector Quality: 1.07 — Pass; Fault Free: Pass; Battery Health  98%: Pass; C#1 Voltage  4077 mV: Pass; C#2 Voltage  4076 mV: Pass; Tube Health: Pass; System Check: Reading #123 - Pass; Filter Wheel Check: Pass; XRay LED Test: Pass; Wi-Fi: Pass; Bluetooth: Fail; GPS: Pass; ,,,,,,,,,,,,,,,,,,,,,,,,,,,,,,,,,,,,,,,,,,,,,,,,,,,,,,,,,,,,,,,,,,,,,,,,,,,,,,,,,,,,,,,,,,,,,,,,,,,,,,,,,,,,,,,,,,,,,,,,,,,,,,,,,,,,,,,,,,,,,,,,,,,,,,,,,,,,,,,,,
125,System Check,100.25,,,,,"Fri Apr 3, 2026 - 15:27:40",User,,,System Check,Pass,,7.44292,154.197,7.4553,137.704,,,,,,,,,,,,,,,,,,,,,,,,,,,,,,,,,,,,,,,,,,,,,,,,,,,,,,,,,,,,,,,,,,,,,,,,,,,,,,,,,,,,,,,,,,,,,,,,,,,,,,,,,,,,,,,,,,,,,,,,,,,,,,,,,,,,,,,,,,,,,,,,,,,,,,,,,,,,,
126,Health Check,152.75,,,,,"Fri Apr 3, 2026 - 15:28:24",User,,,Health Check,Pass,Detector Quality: 1.07 — Pass; Fault Free: Pass; Battery Health  98%: Pass; C#1 Voltage  4059 mV: Pass; C#2 Voltage  4059 mV: Pass; Tube Health: Pass; System Check: Reading #125 - Pass; Filter Wheel Check: Pass; XRay LED Test: Pass; Wi-Fi: Pass; Bluetooth: Pass; GPS: Pass; ,,,,,,,,,,,,,,,,,,,,,,,,,,,,,,,,,,,,,,,,,,,,,,,,,,,,,,,,,,,,,,,,,,,,,,,,,,,,,,,,,,,,,,,,,,,,,,,,,,,,,,,,,,,,,,,,,,,,,,,,,,,,,,,,,,,,,,,,,,,,,,,,,,,,,,,,,,,,,,,,,
208,System Check,91.55,,,,,"Mon Apr 6, 2026 - 16:30:25",User,,,System Check,Pass,,7.4436,152.961,7.45459,136.597,,,,,,,,,,,,,,,,,,,,,,,,,,,,,,,,,,,,,,,,,,,,,,,,,,,,,,,,,,,,,,,,,,,,,,,,,,,,,,,,,,,,,,,,,,,,,,,,,,,,,,,,,,,,,,,,,,,,,,,,,,,,,,,,,,,,,,,,,,,,,,,,,,,,,,3,430.799988,39.001118,-122.662819,10.000000,529196.750000,4316954.500000,
209,Health Check,153.50,,,,,"Mon Apr 6, 2026 - 16:31:18",User,,,Health Check,Fail,Detector Quality: 1.05 — Pass; Fault Free: Pass; Battery Health  90%: Pass; C#1 Voltage  3255 mV: Pass; C#2 Voltage  3247 mV: Pass; Tube Health: Pass; System Check: Reading #208 - Pass; Filter Wheel Check: Pass; XRay LED Test: Pass; Wi-Fi: Pass; Bluetooth: Fail; GPS: Pass; ,,,,,,,,,,,,,,,,,,,,,,,,,,,,,,,,,,,,,,,,,,,,,,,,,,,,,,,,,,,,,,,,,,,,,,,,,,,,,,,,,,,,,,,,,,,,,,,,,,,,,,,,,,,,,,,,,,,,,,,,,,,,,,,,,,,,,,,,,,,,,,,,,,,,,,,,,,,,,,,,,
210,System Check,155.27,,,,,"Mon Apr 6, 2026 - 16:35:30",User,,,System Check,Pass,,7.44388,152.729,7.45447,136.831,,,,,,,,,,,,,,,,,,,,,,,,,,,,,,,,,,,,,,,,,,,,,,,,,,,,,,,,,,,,,,,,,,,,,,,,,,,,,,,,,,,,,,,,,,,,,,,,,,,,,,,,,,,,,,,,,,,,,,,,,,,,,,,,,,,,,,,,,,,,,,,,,,,,,,,,,,,,,
211,Health Check,219.08,,,,,"Mon Apr 6, 2026 - 16:36:25",User,,,Health Check,Fail,Detector Quality: 1.04 — Pass; Fault Free: Pass; Battery Health  91%: Pass; C#1 Voltage  3239 mV: Pass; C#2 Voltage  3230 mV: Pass; Tube Health: Pass; System Check: Reading #210 - Pass; Filter Wheel Check: Pass; XRay LED Test: Pass; Wi-Fi: Pass; Bluetooth: Fail; GPS: Pass; ,,,,,,,,,,,,,,,,,,,,,,,,,,,,,,,,,,,,,,,,,,,,,,,,,,,,,,,,,,,,,,,,,,,,,,,,,,,,,,,,,,,,,,,,,,,,,,,,,,,,,,,,,,,,,,,,,,,,,,,,,,,,,,,,,,,,,,,,,,,,,,,,,,,,,,,,,,3,426.700012,39.000813,-122.662979,10.000000,529183.000000,4316921.000000,
212,System Check,98.26,,,,,"Tue Apr 7, 2026 - 07:57:00",User,,,System Check,Pass,,7.44324,151.363,7.45512,136.23,,,,,,,,,,,,,,,,,,,,,,,,,,,,,,,,,,,,,,,,,,,,,,,,,,,,,,,,,,,,,,,,,,,,,,,,,,,,,,,,,,,,,,,,,,,,,,,,,,,,,,,,,,,,,,,,,,,,,,,,,,,,,,,,,,,,,,,,,,,,,,,,,,,,,,,,,,,,,
213,Health Check,163.14,,,,,"Tue Apr 7, 2026 - 07:57:56",User,,,Health Check,Fail,Detector Quality: 0.81 — Pass; Fault Free: Pass; Battery Health  91%: Pass; C#1 Voltage  4060 mV: Pass; C#2 Voltage  4056 mV: Pass; Tube Health: Pass; System Check: Reading #212 - Pass; Filter Wheel Check: Pass; XRay LED Test: Pass; Wi-Fi: Pass; Bluetooth: Fail; GPS: Pass; ,,,,,,,,,,,,,,,,,,,,,,,,,,,,,,,,,,,,,,,,,,,,,,,,,,,,,,,,,,,,,,,,,,,,,,,,,,,,,,,,,,,,,,,,,,,,,,,,,,,,,,,,,,,,,,,,,,,,,,,,,,,,,,,,,,,,,,,,,,,,,,,,,,,,,,,,,,,,,,,,,
214,System Check,101.47,,,,,"Tue Apr 7, 2026 - 07:59:53",User,,,System Check,Pass,,7.44338,151.54,7.45475,136.975,,,,,,,,,,,,,,,,,,,,,,,,,,,,,,,,,,,,,,,,,,,,,,,,,,,,,,,,,,,,,,,,,,,,,,,,,,,,,,,,,,,,,,,,,,,,,,,,,,,,,,,,,,,,,,,,,,,,,,,,,,,,,,,,,,,,,,,,,,,,,,,,,,,,,,,,,,,,,
215,Health Check,165.93,,,,,"Tue Apr 7, 2026 - 08:00:50",User,,,Health Check,Fail,Detector Quality: 1.01 — Pass; Fault Free: Pass; Battery Health  91%: Pass; C#1 Voltage  4037 mV: Pass; C#2 Voltage  4033 mV: Pass; Tube Health: Pass; System Check: Reading #214 - Pass; Filter Wheel Check: Pass; XRay LED Test: Pass; Wi-Fi: Pass; Bluetooth: Fail; GPS: Pass; ,,,,,,,,,,,,,,,,,,,,,,,,,,,,,,,,,,,,,,,,,,,,,,,,,,,,,,,,,,,,,,,,,,,,,,,,,,,,,,,,,,,,,,,,,,,,,,,,,,,,,,,,,,,,,,,,,,,,,,,,,,,,,,,,,,,,,,,,,,,,,,,,,,,,,,,,,,,,,,,,,
216,System Check,102.25,,,,,"Tue Apr 7, 2026 - 08:08:42",User,,,System Check,Pass,,7.44258,151.58,7.45489,137.232,,,,,,,,,,,,,,,,,,,,,,,,,,,,,,,,,,,,,,,,,,,,,,,,,,,,,,,,,,,,,,,,,,,,,,,,,,,,,,,,,,,,,,,,,,,,,,,,,,,,,,,,,,,,,,,,,,,,,,,,,,,,,,,,,,,,,,,,,,,,,,,,,,,,,,,,,,,,,
217,Health Check,156.40,,,,,"Tue Apr 7, 2026 - 08:09:28",User,,,Health Check,Pass,Detector Quality: 1.03 — Pass; Fault Free: Pass; Battery Health  91%: Pass; C#1 Voltage  4025 mV: Pass; C#2 Voltage  4019 mV: Pass; Tube Health: Pass; System Check: Reading #216 - Pass; Filter Wheel Check: Pass; XRay LED Test: Pass; Wi-Fi: Pass; Bluetooth: Pass; GPS: Pass; ,,,,,,,,,,,,,,,,,,,,,,,,,,,,,,,,,,,,,,,,,,,,,,,,,,,,,,,,,,,,,,,,,,,,,,,,,,,,,,,,,,,,,,,,,,,,,,,,,,,,,,,,,,,,,,,,,,,,,,,,,,,,,,,,,,,,,,,,,,,,,,,,,,,,,,,,,,,,,,,,,
298,System Check,99.33,,,,,"Tue Apr 7, 2026 - 16:55:27",User,,,System Check,Pass,,7.44316,152.394,7.45472,137.143,,,,,,,,,,,,,,,,,,,,,,,,,,,,,,,,,,,,,,,,,,,,,,,,,,,,,,,,,,,,,,,,,,,,,,,,,,,,,,,,,,,,,,,,,,,,,,,,,,,,,,,,,,,,,,,,,,,,,,,,,,,,,,,,,,,,,,,,,,,,,,,,,,,,,,,,,,,,,
299,Health Check,162.37,,,,,"Tue Apr 7, 2026 - 16:56:23",User,,,Health Check,Fail,Detector Quality: 1.05 — Pass; Fault Free: Pass; Battery Health  97%: Pass; C#1 Voltage  4052 mV: Pass; C#2 Voltage  4050 mV: Pass; Tube Health: Pass; System Check: Reading #298 - Pass; Filter Wheel Check: Pass; XRay LED Test: Pass; Wi-Fi: Pass; Bluetooth: Fail; GPS: Pass; ,,,,,,,,,,,,,,,,,,,,,,,,,,,,,,,,,,,,,,,,,,,,,,,,,,,,,,,,,,,,,,,,,,,,,,,,,,,,,,,,,,,,,,,,,,,,,,,,,,,,,,,,,,,,,,,,,,,,,,,,,,,,,,,,,,,,,,,,,,,,,,,,,,,,,,,,,,,,,,,,,
300,System Check,104.24,,,,,"Tue Apr 7, 2026 - 16:58:33",User,,,System Check,Pass,,7.44332,151.446,7.45467,137.778,,,,,,,,,,,,,,,,,,,,,,,,,,,,,,,,,,,,,,,,,,,,,,,,,,,,,,,,,,,,,,,,,,,,,,,,,,,,,,,,,,,,,,,,,,,,,,,,,,,,,,,,,,,,,,,,,,,,,,,,,,,,,,,,,,,,,,,,,,,,,,,,,,,,,,,,,,,,,
301,Health Check,168.33,,,,,"Tue Apr 7, 2026 - 16:59:29",User,,,Health Check,Fail,Detector Quality: 1.02 — Pass; Fault Free: Pass; Battery Health  97%: Pass; C#1 Voltage  4042 mV: Pass; C#2 Voltage  4045 mV: Pass; Tube Health: Pass; System Check: Reading #300 - Pass; Filter Wheel Check: Pass; XRay LED Test: Pass; Wi-Fi: Pass; Bluetooth: Fail; GPS: Pass; ,,,,,,,,,,,,,,,,,,,,,,,,,,,,,,,,,,,,,,,,,,,,,,,,,,,,,,,,,,,,,,,,,,,,,,,,,,,,,,,,,,,,,,,,,,,,,,,,,,,,,,,,,,,,,,,,,,,,,,,,,,,,,,,,,,,,,,,,,,,,,,,,,,,,,,,,,,,,,,,,,
302,System Check,102.80,,,,,"Tue Apr 7, 2026 - 17:03:50",User,,,System Check,Pass,,7.44336,150.806,7.45435,137.649,,,,,,,,,,,,,,,,,,,,,,,,,,,,,,,,,,,,,,,,,,,,,,,,,,,,,,,,,,,,,,,,,,,,,,,,,,,,,,,,,,,,,,,,,,,,,,,,,,,,,,,,,,,,,,,,,,,,,,,,,,,,,,,,,,,,,,,,,,,,,,,,,,,,,,,,,,,,,
303,Health Check,169.02,,,,,"Tue Apr 7, 2026 - 17:04:49",User,,,Health Check,Fail,Detector Quality: 1.02 — Pass; Fault Free: Pass; Battery Health  97%: Pass; C#1 Voltage  4034 mV: Pass; C#2 Voltage  4037 mV: Pass; Tube Health: Pass; System Check: Reading #302 - Pass; Filter Wheel Check: Pass; XRay LED Test: Pass; Wi-Fi: Pass; Bluetooth: Fail; GPS: Pass; ,,,,,,,,,,,,,,,,,,,,,,,,,,,,,,,,,,,,,,,,,,,,,,,,,,,,,,,,,,,,,,,,,,,,,,,,,,,,,,,,,,,,,,,,,,,,,,,,,,,,,,,,,,,,,,,,,,,,,,,,,,,,,,,,,,,,,,,,,,,,,,,,,,,,,,,,,,,,,,,,,
304,System Check,100.71,,,,,"Tue Apr 7, 2026 - 17:09:10",User,,,System Check,Pass,,7.44372,150.766,7.45483,136.076,,,,,,,,,,,,,,,,,,,,,,,,,,,,,,,,,,,,,,,,,,,,,,,,,,,,,,,,,,,,,,,,,,,,,,,,,,,,,,,,,,,,,,,,,,,,,,,,,,,,,,,,,,,,,,,,,,,,,,,,,,,,,,,,,,,,,,,,,,,,,,,,,,,,,,5,433.000000,39.000729,-122.662895,10.000000,529190.125000,4316911.500000,
305,Health Check,166.91,,,,,"Tue Apr 7, 2026 - 17:10:07",User,,,Health Check,Fail,Detector Quality: 1.02 — Pass; Fault Free: Pass; Battery Health  97%: Pass; C#1 Voltage  4023 mV: Pass; C#2 Voltage  4026 mV: Pass; Tube Health: Pass; System Check: Reading #304 - Pass; Filter Wheel Check: Pass; XRay LED Test: Pass; Wi-Fi: Pass; Bluetooth: Fail; GPS: Pass; ,,,,,,,,,,,,,,,,,,,,,,,,,,,,,,,,,,,,,,,,,,,,,,,,,,,,,,,,,,,,,,,,,,,,,,,,,,,,,,,,,,,,,,,,,,,,,,,,,,,,,,,,,,,,,,,,,,,,,,,,,,,,,,,,,,,,,,,,,,,,,,,,,,,,,,,,,,6,435.799988,39.000866,-122.662964,10.000000,529184.125000,4316926.500000,
306,Health Check,60.12,,,,,"Tue Apr 7, 2026 - 17:11:33",User,,,Health Check,Fail,Detector Quality: 1.02 — Pass; Fault Free: Pass; Battery Health  97%: Pass; C#1 Voltage  4014 mV: Pass; C#2 Voltage  4015 mV: Pass; Tube Health: Pass; Filter Wheel Check: Pass; XRay LED Test: Pass; Wi-Fi: Pass; Bluetooth: Fail; GPS: Pass; ,,,,,,,,,,,,,,,,,,,,,,,,,,,,,,,,,,,,,,,,,,,,,,,,,,,,,,,,,,,,,,,,,,,,,,,,,,,,,,,,,,,,,,,,,,,,,,,,,,,,,,,,,,,,,,,,,,,,,,,,,,,,,,,,,,,,,,,,,,,,,,,,,,,,,,,,,,6,435.799988,39.000866,-122.662964,10.000000,529184.125000,4316926.500000,
390,System Check,101.36,,,,,"Wed Apr 8, 2026 - 16:25:48",User,,,System Check,Pass,,7.44375,153.966,7.45497,138.096,,,,,,,,,,,,,,,,,,,,,,,,,,,,,,,,,,,,,,,,,,,,,,,,,,,,,,,,,,,,,,,,,,,,,,,,,,,,,,,,,,,,,,,,,,,,,,,,,,,,,,,,,,,,,,,,,,,,,,,,,,,,,,,,,,,,,,,,,,,,,,,,,,,,,,,,,,,,,
391,Health Check,165.26,,,,,"Wed Apr 8, 2026 - 16:26:44",User,,,Health Check,Fail,Detector Quality: 1.09 — Pass; Fault Free: Pass; Battery Health  92%: Pass; C#1 Voltage  4038 mV: Pass; C#2 Voltage  4031 mV: Pass; Tube Health: Pass; System Check: Reading #390 - Pass; Filter Wheel Check: Pass; XRay LED Test: Pass; Wi-Fi: Pass; Bluetooth: Fail; GPS: Pass; ,,,,,,,,,,,,,,,,,,,,,,,,,,,,,,,,,,,,,,,,,,,,,,,,,,,,,,,,,,,,,,,,,,,,,,,,,,,,,,,,,,,,,,,,,,,,,,,,,,,,,,,,,,,,,,,,,,,,,,,,,,,,,,,,,,,,,,,,,,,,,,,,,,,,,,,,,,,,,,,,,
392,System Check,102.56,,,,,"Wed Apr 8, 2026 - 16:30:44",User,,,System Check,Pass,,7.44376,151.107,7.4554,136.563,,,,,,,,,,,,,,,,,,,,,,,,,,,,,,,,,,,,,,,,,,,,,,,,,,,,,,,,,,,,,,,,,,,,,,,,,,,,,,,,,,,,,,,,,,,,,,,,,,,,,,,,,,,,,,,,,,,,,,,,,,,,,,,,,,,,,,,,,,,,,,,,,,,,,,,,,,,,,
393,Health Check,166.31,,,,,"Wed Apr 8, 2026 - 16:31:39",User,,,Health Check,Fail,Detector Quality: 1.05 — Pass; Fault Free: Pass; Battery Health  92%: Pass; C#1 Voltage  4024 mV: Pass; C#2 Voltage  4019 mV: Pass; Tube Health: Pass; System Check: Reading #392 - Pass; Filter Wheel Check: Pass; XRay LED Test: Pass; Wi-Fi: Pass; Bluetooth: Fail; GPS: Pass; ,,,,,,,,,,,,,,,,,,,,,,,,,,,,,,,,,,,,,,,,,,,,,,,,,,,,,,,,,,,,,,,,,,,,,,,,,,,,,,,,,,,,,,,,,,,,,,,,,,,,,,,,,,,,,,,,,,,,,,,,,,,,,,,,,,,,,,,,,,,,,,,,,,,,,,,,,,,,,,,,,
394,System Check,104.94,,,,,"Wed Apr 8, 2026 - 16:40:22",User,,,System Check,Pass,,7.44273,151.037,7.45512,137.778,,,,,,,,,,,,,,,,,,,,,,,,,,,,,,,,,,,,,,,,,,,,,,,,,,,,,,,,,,,,,,,,,,,,,,,,,,,,,,,,,,,,,,,,,,,,,,,,,,,,,,,,,,,,,,,,,,,,,,,,,,,,,,,,,,,,,,,,,,,,,,,,,,,,,,,,,,,,,
395,Health Check,169.12,,,,,"Wed Apr 8, 2026 - 16:41:17",User,,,Health Check,Fail,Detector Quality: 1.04 — Pass; Fault Free: Pass; Battery Health  92%: Pass; C#1 Voltage  4014 mV: Pass; C#2 Voltage  4009 mV: Pass; Tube Health: Pass; System Check: Reading #394 - Pass; Filter Wheel Check: Pass; XRay LED Test: Pass; Wi-Fi: Pass; Bluetooth: Fail; GPS: Pass; ,,,,,,,,,,,,,,,,,,,,,,,,,,,,,,,,,,,,,,,,,,,,,,,,,,,,,,,,,,,,,,,,,,,,,,,,,,,,,,,,,,,,,,,,,,,,,,,,,,,,,,,,,,,,,,,,,,,,,,,,,,,,,,,,,,,,,,,,,,,,,,,,,,,,,,,,,,,,,,,,,
396,System Check,101.44,,,,,"Wed Apr 8, 2026 - 16:44:53",User,,,System Check,Pass,,7.44268,152.625,7.45484,138.547,,,,,,,,,,,,,,,,,,,,,,,,,,,,,,,,,,,,,,,,,,,,,,,,,,,,,,,,,,,,,,,,,,,,,,,,,,,,,,,,,,,,,,,,,,,,,,,,,,,,,,,,,,,,,,,,,,,,,,,,,,,,,,,,,,,,,,,,,,,,,,,,,,,,,,,,,,,,,
397,Health Check,164.21,,,,,"Wed Apr 8, 2026 - 16:45:47",User,,,Health Check,Fail,Detector Quality: 1.03 — Pass; Fault Free: Pass; Battery Health  92%: Pass; C#1 Voltage  4001 mV: Pass; C#2 Voltage  3994 mV: Pass; Tube Health: Pass; System Check: Reading #396 - Pass; Filter Wheel Check: Pass; XRay LED Test: Pass; Wi-Fi: Pass; Bluetooth: Fail; GPS: Pass; ,,,,,,,,,,,,,,,,,,,,,,,,,,,,,,,,,,,,,,,,,,,,,,,,,,,,,,,,,,,,,,,,,,,,,,,,,,,,,,,,,,,,,,,,,,,,,,,,,,,,,,,,,,,,,,,,,,,,,,,,,,,,,,,,,,,,,,,,,,,,,,,,,,,,,,,,,,,,,,,,,
398,System Check,98.70,,,,,"Wed Apr 8, 2026 - 16:47:51",User,,,System Check,Pass,,7.44331,151.595,7.45484,137.248,,,,,,,,,,,,,,,,,,,,,,,,,,,,,,,,,,,,,,,,,,,,,,,,,,,,,,,,,,,,,,,,,,,,,,,,,,,,,,,,,,,,,,,,,,,,,,,,,,,,,,,,,,,,,,,,,,,,,,,,,,,,,,,,,,,,,,,,,,,,,,,,,,,,,,,,,,,,,
399,Health Check,156.07,,,,,"Wed Apr 8, 2026 - 16:48:40",User,,,Health Check,Pass,Detector Quality: 1.01 — Pass; Fault Free: Pass; Battery Health  92%: Pass; C#1 Voltage  3990 mV: Pass; C#2 Voltage  3982 mV: Pass; Tube Health: Pass; System Check: Reading #398 - Pass; Filter Wheel Check: Pass; XRay LED Test: Pass; Wi-Fi: Pass; Bluetooth: Pass; GPS: Pass; ,,,,,,,,,,,,,,,,,,,,,,,,,,,,,,,,,,,,,,,,,,,,,,,,,,,,,,,,,,,,,,,,,,,,,,,,,,,,,,,,,,,,,,,,,,,,,,,,,,,,,,,,,,,,,,,,,,,,,,,,,,,,,,,,,,,,,,,,,,,,,,,,,,,,,,,,,,,,,,,,,
466,System Check,101.94,,,,,"Fri Apr 10, 2026 - 10:03:06",User,,,System Check,Pass,,7.44288,151.452,7.45528,136.975,,,,,,,,,,,,,,,,,,,,,,,,,,,,,,,,,,,,,,,,,,,,,,,,,,,,,,,,,,,,,,,,,,,,,,,,,,,,,,,,,,,,,,,,,,,,,,,,,,,,,,,,,,,,,,,,,,,,,,,,,,,,,,,,,,,,,,,,,,,,,,,,,,,,,,,,,,,,,
467,Health Check,154.05,,,,,"Fri Apr 10, 2026 - 10:03:50",User,,,Health Check,Pass,Detector Quality: 0.77 — Pass; Fault Free: Pass; Battery Health  96%: Pass; C#1 Voltage  4094 mV: Pass; C#2 Voltage  4097 mV: Pass; Tube Health: Pass; System Check: Reading #466 - Pass; Filter Wheel Check: Pass; XRay LED Test: Pass; Wi-Fi: Pass; Bluetooth: Pass; GPS: Pass; ,,,,,,,,,,,,,,,,,,,,,,,,,,,,,,,,,,,,,,,,,,,,,,,,,,,,,,,,,,,,,,,,,,,,,,,,,,,,,,,,,,,,,,,,,,,,,,,,,,,,,,,,,,,,,,,,,,,,,,,,,,,,,,,,,,,,,,,,,,,,,,,,,,,,,,,,,,,,,,,,,
487,Soils,91.87,31.74,30.05,30.08,,"Fri Apr 10, 2026 - 13:16:19",User,1.5,%,Soils,,,,,,,,,,,,,,,,,,,,,0.0033 , 0.0001,1.5127,0.0020 , 0.0004,6.1700,<LOD,0.0006,0.3910,0.0407 , 0.0012,18.6951,<LOD,0.0000,0.7784 , 0.0097,7.7607,0.0008 , 0.0002,1.6590,<LOD,0.0046,8.1158,0.0036 , 0.0004,2.6364,0.0030 , 0.0010,24.0463,0.0519 , 0.0008,3.2946,2.5849 , 0.0087,50.6861,0.0068 , 0.0006,1.0776,1.7630 , 0.0137,10.7868,0.0306 , 0.0021,0.9187,0.0010 , 0.0001,5.9824,<LOD,0.0008,0.3276,0.0580 , 0.0005,6.9263,<LOD,0.0001,0.5475,0.0066 , 0.0002,3.8681,0.2989 , 0.0110,0.3738,0.0016 , 0.0003,4.7214,<LOD,0.0017,1.7949,0.0002 , 0.0000,0.4717,0.0011 , 0.0003,3.6763,0.0254 , 0.0002,15.7476,<LOD,0.0009,7.4212,0.0006 , 0.0002,1.2051,0.2489 , 0.0021,7.8341,0.0006 , 0.0002,0.8429,0.0065 , 0.0006,1.6858,<LOD,0.0013,0.5938,0.1119 , 0.0007,8.7078,0.0089 , 0.0002,11.4602,,,,,,,,,,,,,,,,,,,,,,,,,,,,,,,,,,,,,,,,,,
490,System Check,102.35,,,,,"Mon Apr 13, 2026 - 07:47:53",User,,,System Check,Pass,,7.44304,151.772,7.45476,138.379,,,,,,true,,,,,,,,,,,,,,,,,,,,,,,,,,,,,,,,,,,,,,,,,,,,,,,,,,,,,,,,,,,,,,,,,,,,,,,,,,,,,,,,,,,,,,,,,,,,,,,,,,,,,,,,,,,,,,,,,,,,,,,,,,,,,,,,,,,,,,,,,,,,,,,,,,,,,,,
491,Health Check,167.06,,,,,"Mon Apr 13, 2026 - 07:48:49",User,,,Health Check,Fail,Detector Quality: 1.04 — Pass; Fault Free: Pass; Battery Health  96%: Pass; C#1 Voltage  4046 mV: Pass; C#2 Voltage  4055 mV: Pass; Tube Health: Pass; System Check: Reading #490 - Pass; Filter Wheel Check: Pass; XRay LED Test: Pass; Wi-Fi: Pass; Bluetooth: Fail; GPS: Pass; ,,,,,,,,,,true,,,,,,,,,,,,,,,,,,,,,,,,,,,,,,,,,,,,,,,,,,,,,,,,,,,,,,,,,,,,,,,,,,,,,,,,,,,,,,,,,,,,,,,,,,,,,,,,,,,,,,,,,,,,,,,,,,,,,,,,,,,,,,,,,,,,,,,,,,,,,,,,,,,,,,,
492,System Check,100.10,,,,,"Mon Apr 13, 2026 - 07:50:45",User,,,System Check,Pass,,7.44443,152.162,7.45557,138.155,,,,,,true,,,,,,,,,,,,,,,,,,,,,,,,,,,,,,,,,,,,,,,,,,,,,,,,,,,,,,,,,,,,,,,,,,,,,,,,,,,,,,,,,,,,,,,,,,,,,,,,,,,,,,,,,,,,,,,,,,,,,,,,,,,,,,,,,,,,,,,,,,,,,,,,,,,,,,,
493,Health Check,164.94,,,,,"Mon Apr 13, 2026 - 07:51:40",User,,,Health Check,Fail,Detector Quality: 1.02 — Pass; Fault Free: Pass; Battery Health  96%: Pass; C#1 Voltage  4030 mV: Pass; C#2 Voltage  4039 mV: Pass; Tube Health: Pass; System Check: Reading #492 - Pass; Filter Wheel Check: Pass; XRay LED Test: Pass; Wi-Fi: Pass; Bluetooth: Fail; GPS: Pass; ,,,,,,,,,,true,,,,,,,,,,,,,,,,,,,,,,,,,,,,,,,,,,,,,,,,,,,,,,,,,,,,,,,,,,,,,,,,,,,,,,,,,,,,,,,,,,,,,,,,,,,,,,,,,,,,,,,,,,,,,,,,,,,,,,,,,,,,,,,,,,,,,,,,,,,,,,,,,,,,,,,
494,System Check,97.63,,,,,"Mon Apr 13, 2026 - 07:53:32",User,,,System Check,Pass,,7.4434,152.241,7.45522,137.272,,,,,,true,,,,,,,,,,,,,,,,,,,,,,,,,,,,,,,,,,,,,,,,,,,,,,,,,,,,,,,,,,,,,,,,,,,,,,,,,,,,,,,,,,,,,,,,,,,,,,,,,,,,,,,,,,,,,,,,,,,,,,,,,,,,,,,,,,,,,,,,,,,,,,,,,,,,,,,
495,Health Check,160.95,,,,,"Mon Apr 13, 2026 - 07:54:27",User,,,Health Check,Fail,Detector Quality: 1.01 — Pass; Fault Free: Pass; Battery Health  96%: Pass; C#1 Voltage  4026 mV: Pass; C#2 Voltage  4027 mV: Pass; Tube Health: Pass; System Check: Reading #494 - Pass; Filter Wheel Check: Pass; XRay LED Test: Pass; Wi-Fi: Pass; Bluetooth: Fail; GPS: Pass; ,,,,,,,,,,true,,,,,,,,,,,,,,,,,,,,,,,,,,,,,,,,,,,,,,,,,,,,,,,,,,,,,,,,,,,,,,,,,,,,,,,,,,,,,,,,,,,,,,,,,,,,,,,,,,,,,,,,,,,,,,,,,,,,,,,,,,,,,,,,,,,,,,,,,,,,,,,,,,,,,,,
496,Health Check,59.01,,,,,"Mon Apr 13, 2026 - 07:56:07",User,,,Health Check,Fail,Detector Quality: 1.01 — Pass; Fault Free: Pass; Battery Health  96%: Pass; C#1 Voltage  4020 mV: Pass; C#2 Voltage  4029 mV: Pass; Tube Health: Pass; Filter Wheel Check: Pass; XRay LED Test: Pass; Wi-Fi: Pass; Bluetooth: Fail; GPS: Pass; ,,,,,,,,,,true,,,,,,,,,,,,,,,,,,,,,,,,,,,,,,,,,,,,,,,,,,,,,,,,,,,,,,,,,,,,,,,,,,,,,,,,,,,,,,,,,,,,,,,,,,,,,,,,,,,,,,,,,,,,,,,,,,,,,,,,,,,,,,,,,,,,,,,,,,,,,,,,,,,,,,,
581,System Check,101.77,,,,,"Mon Apr 13, 2026 - 17:02:11",User,,,System Check,Pass,,7.44337,152.019,7.45568,138.805,,,,,,,,,,,,,,,,,,,,,,,,,,,,,,,,,,,,,,,,,,,,,,,,,,,,,,,,,,,,,,,,,,,,,,,,,,,,,,,,,,,,,,,,,,,,,,,,,,,,,,,,,,,,,,,,,,,,,,,,,,,,,,,,,,,,,,,,,,,,,,,,,,,,,,,,,,,,,
582,Health Check,166.87,,,,,"Mon Apr 13, 2026 - 17:03:09",User,,,Health Check,Fail,Detector Quality: 1.02 — Pass; Fault Free: Pass; Battery Health  94%: Pass; C#1 Voltage  4005 mV: Pass; C#2 Voltage  3995 mV: Pass; Tube Health: Pass; System Check: Reading #581 - Pass; Filter Wheel Check: Pass; XRay LED Test: Pass; Wi-Fi: Pass; Bluetooth: Fail; GPS: Pass; ,,,,,,,,,,,,,,,,,,,,,,,,,,,,,,,,,,,,,,,,,,,,,,,,,,,,,,,,,,,,,,,,,,,,,,,,,,,,,,,,,,,,,,,,,,,,,,,,,,,,,,,,,,,,,,,,,,,,,,,,,,,,,,,,,,,,,,,,,,,,,,,,,,,,,,,,,,,,,,,,,
583,System Check,97.29,,,,,"Mon Apr 13, 2026 - 17:05:37",User,,,System Check,Pass,,7.4436,152.458,7.45528,138.498,,,,,,,,,,,,,,,,,,,,,,,,,,,,,,,,,,,,,,,,,,,,,,,,,,,,,,,,,,,,,,,,,,,,,,,,,,,,,,,,,,,,,,,,,,,,,,,,,,,,,,,,,,,,,,,,,,,,,,,,,,,,,,,,,,,,,,,,,,,,,,,,,,,,,,,,,,,,,
584,Health Check,147.67,,,,,"Mon Apr 13, 2026 - 17:06:19",User,,,Health Check,Pass,Detector Quality: 1.04 — Pass; Fault Free: Pass; Battery Health  94%: Pass; C#1 Voltage  3998 mV: Pass; C#2 Voltage  3989 mV: Pass; Tube Health: Pass; System Check: Reading #583 - Pass; Filter Wheel Check: Pass; XRay LED Test: Pass; Wi-Fi: Pass; Bluetooth: Pass; GPS: Pass; ,,,,,,,,,,,,,,,,,,,,,,,,,,,,,,,,,,,,,,,,,,,,,,,,,,,,,,,,,,,,,,,,,,,,,,,,,,,,,,,,,,,,,,,,,,,,,,,,,,,,,,,,,,,,,,,,,,,,,,,,,,,,,,,,,,,,,,,,,,,,,,,,,,,,,,,,,,,,,,,,,
667,System Check,100.65,,,,,"Tue Apr 14, 2026 - 16:57:08",User,,,System Check,Pass,,7.44459,157.153,7.45484,138.477,,,,,,,,,,,,,,,,,,,,,,,,,,,,,,,,,,,,,,,,,,,,,,,,,,,,,,,,,,,,,,,,,,,,,,,,,,,,,,,,,,,,,,,,,,,,,,,,,,,,,,,,,,,,,,,,,,,,,,,,,,,,,,,,,,,,,,,,,,,,,,,,,,,,,,,,,,,,,
668,Health Check,153.89,,,,,"Tue Apr 14, 2026 - 16:57:53",User,,,Health Check,Pass,Detector Quality: 1.59 — Pass; Fault Free: Pass; Battery Health  96%: Pass; C#1 Voltage  4091 mV: Pass; C#2 Voltage  4091 mV: Pass; Tube Health: Pass; System Check: Reading #667 - Pass; Filter Wheel Check: Pass; XRay LED Test: Pass; Wi-Fi: Pass; Bluetooth: Pass; GPS: Pass; ,,,,,,,,,,,,,,,,,,,,,,,,,,,,,,,,,,,,,,,,,,,,,,,,,,,,,,,,,,,,,,,,,,,,,,,,,,,,,,,,,,,,,,,,,,,,,,,,,,,,,,,,,,,,,,,,,,,,,,,,,,,,,,,,,,,,,,,,,,,,,,,,,,,,,,,,,,,,,,,,,
733,System Check,100.53,,,,,"Wed Apr 15, 2026 - 16:54:58",User,,,System Check,Pass,,7.44379,152.68,7.45515,137.481,,,,,,,,,,,,,,,,,,,,,,,,,,,,,,,,,,,,,,,,,,,,,,,,,,,,,,,,,,,,,,,,,,,,,,,,,,,,,,,,,,,,,,,,,,,,,,,,,,,,,,,,,,,,,,,,,,,,,,,,,,,,,,,,,,,,,,,,,,,,,,,,,,,,,,,,,,,,,
734,Health Check,167.60,,,,,"Wed Apr 15, 2026 - 16:55:56",User,,,Health Check,Fail,Detector Quality: 1.08 — Pass; Fault Free: Pass; Battery Health  94%: Pass; C#1 Voltage  4154 mV: Pass; C#2 Voltage  4156 mV: Pass; Tube Health: Pass; System Check: Reading #733 - Pass; Filter Wheel Check: Pass; XRay LED Test: Pass; Wi-Fi: Pass; Bluetooth: Fail; GPS: Pass; ,,,,,,,,,,,,,,,,,,,,,,,,,,,,,,,,,,,,,,,,,,,,,,,,,,,,,,,,,,,,,,,,,,,,,,,,,,,,,,,,,,,,,,,,,,,,,,,,,,,,,,,,,,,,,,,,,,,,,,,,,,,,,,,,,,,,,,,,,,,,,,,,,,,,,,,,,,,,,,,,,
735,System Check,98.84,,,,,"Wed Apr 15, 2026 - 17:00:39",User,,,System Check,Pass,,7.44402,152.241,7.45543,137.039,,,,,,,,,,,,,,,,,,,,,,,,,,,,,,,,,,,,,,,,,,,,,,,,,,,,,,,,,,,,,,,,,,,,,,,,,,,,,,,,,,,,,,,,,,,,,,,,,,,,,,,,,,,,,,,,,,,,,,,,,,,,,,,,,,,,,,,,,,,,,,,,,,,,,,,,,,,,,
736,Health Check,163.96,,,,,"Wed Apr 15, 2026 - 17:01:36",User,,,Health Check,Fail,Detector Quality: 1.04 — Pass; Fault Free: Pass; Battery Health  94%: Pass; C#1 Voltage  4154 mV: Pass; C#2 Voltage  4156 mV: Pass; Tube Health: Pass; System Check: Reading #735 - Pass; Filter Wheel Check: Pass; XRay LED Test: Pass; Wi-Fi: Pass; Bluetooth: Fail; GPS: Pass; ,,,,,,,,,,,,,,,,,,,,,,,,,,,,,,,,,,,,,,,,,,,,,,,,,,,,,,,,,,,,,,,,,,,,,,,,,,,,,,,,,,,,,,,,,,,,,,,,,,,,,,,,,,,,,,,,,,,,,,,,,,,,,,,,,,,,,,,,,,,,,,,,,,,,,,,,,,,,,,,,,
737,System Check,99.46,,,,,"Wed Apr 15, 2026 - 17:04:03",User,,,System Check,Pass,,7.44422,151.708,7.45491,136.806,,,,,,,,,,,,,,,,,,,,,,,,,,,,,,,,,,,,,,,,,,,,,,,,,,,,,,,,,,,,,,,,,,,,,,,,,,,,,,,,,,,,,,,,,,,,,,,,,,,,,,,,,,,,,,,,,,,,,,,,,,,,,,,,,,,,,,,,,,,,,,,,,,,,,,,,,,,,,
738,Health Check,153.23,,,,,"Wed Apr 15, 2026 - 17:04:48",User,,,Health Check,Pass,Detector Quality: 1.04 — Pass; Fault Free: Pass; Battery Health  94%: Pass; C#1 Voltage  4154 mV: Pass; C#2 Voltage  4156 mV: Pass; Tube Health: Pass; System Check: Reading #737 - Pass; Filter Wheel Check: Pass; XRay LED Test: Pass; Wi-Fi: Pass; Bluetooth: Pass; GPS: Pass; ,,,,,,,,,,,,,,,,,,,,,,,,,,,,,,,,,,,,,,,,,,,,,,,,,,,,,,,,,,,,,,,,,,,,,,,,,,,,,,,,,,,,,,,,,,,,,,,,,,,,,,,,,,,,,,,,,,,,,,,,,,,,,,,,,,,,,,,,,,,,,,,,,,,,,,,,,,,,,,,,,
852,System Check,99.18,,,,,"Thu Apr 16, 2026 - 16:28:18",User,,,System Check,Pass,,7.44475,157.916,7.45424,139.037,,,,,,,,,,,,,,,,,,,,,,,,,,,,,,,,,,,,,,,,,,,,,,,,,,,,,,,,,,,,,,,,,,,,,,,,,,,,,,,,,,,,,,,,,,,,,,,,,,,,,,,,,,,,,,,,,,,,,,,,,,,,,,,,,,,,,,,,,,,,,,,,,,,,,,,,,,,,,
853,Health Check,164.62,,,,,"Thu Apr 16, 2026 - 16:29:15",User,,,Health Check,Fail,Detector Quality: 1.08 — Pass; Fault Free: Pass; Battery Health  97%: Pass; C#1 Voltage  4087 mV: Pass; C#2 Voltage  4084 mV: Pass; Tube Health: Pass; System Check: Reading #852 - Pass; Filter Wheel Check: Pass; XRay LED Test: Pass; Wi-Fi: Pass; Bluetooth: Fail; GPS: Pass; ,,,,,,,,,,,,,,,,,,,,,,,,,,,,,,,,,,,,,,,,,,,,,,,,,,,,,,,,,,,,,,,,,,,,,,,,,,,,,,,,,,,,,,,,,,,,,,,,,,,,,,,,,,,,,,,,,,,,,,,,,,,,,,,,,,,,,,,,,,,,,,,,,,,,,,,,,,,,,,,,,
854,System Check,102.74,,,,,"Thu Apr 16, 2026 - 16:45:39",User,,,System Check,Pass,,7.44413,152.497,7.45544,138.74,,,,,,,,,,,,,,,,,,,,,,,,,,,,,,,,,,,,,,,,,,,,,,,,,,,,,,,,,,,,,,,,,,,,,,,,,,,,,,,,,,,,,,,,,,,,,,,,,,,,,,,,,,,,,,,,,,,,,,,,,,,,,,,,,,,,,,,,,,,,,,,,,,,,,,,,,,,,,
855,Health Check,158.19,,,,,"Thu Apr 16, 2026 - 16:46:25",User,,,Health Check,Pass,Detector Quality: 1.06 — Pass; Fault Free: Pass; Battery Health  97%: Pass; C#1 Voltage  4042 mV: Pass; C#2 Voltage  4041 mV: Pass; Tube Health: Pass; System Check: Reading #854 - Pass; Filter Wheel Check: Pass; XRay LED Test: Pass; Wi-Fi: Pass; Bluetooth: Pass; GPS: Pass; ,,,,,,,,,,,,,,,,,,,,,,,,,,,,,,,,,,,,,,,,,,,,,,,,,,,,,,,,,,,,,,,,,,,,,,,,,,,,,,,,,,,,,,,,,,,,,,,,,,,,,,,,,,,,,,,,,,,,,,,,,,,,,,,,,,,,,,,,,,,,,,,,,,,,,,,,,,,,,,,,,
1034,System Check,102.71,,,,,"Sun Apr 19, 2026 - 08:06:22",User,,,System Check,Pass,,7.44293,152.226,7.4553,137.014,,,,,,,,,,,,,,,,,,,,,,,,,,,,,,,,,,,,,,,,,,,,,,,,,,,,,,,,,,,,,,,,,,,,,,,,,,,,,,,,,,,,,,,,,,,,,,,,,,,,,,,,,,,,,,,,,,,,,,,,,,,,,,,,,,,,,,,,,,,,,,,,,,,,,,5,431.299988,39.000706,-122.662949,10.000000,529185.625000,4316909.000000,
1035,Health Check,166.09,,,,,"Sun Apr 19, 2026 - 08:07:17",User,,,Health Check,Fail,Detector Quality: 1.03 — Pass; Fault Free: Pass; Battery Health  97%: Pass; C#1 Voltage  4175 mV: Pass; C#2 Voltage  4173 mV: Pass; Tube Health: Pass; System Check: Reading #1034 - Pass; Filter Wheel Check: Pass; XRay LED Test: Pass; Wi-Fi: Pass; Bluetooth: Fail; GPS: Pass; ,,,,,,,,,,,,,,,,,,,,,,,,,,,,,,,,,,,,,,,,,,,,,,,,,,,,,,,,,,,,,,,,,,,,,,,,,,,,,,,,,,,,,,,,,,,,,,,,,,,,,,,,,,,,,,,,,,,,,,,,,,,,,,,,,,,,,,,,,,,,,,,,,,,,,,,,,,7,427.500000,39.000717,-122.662872,10.000000,529192.125000,4316910.000000,
1036,System Check,105.14,,,,,"Sun Apr 19, 2026 - 08:17:24",User,,,System Check,Pass,,7.44324,151.343,7.45522,137.897,,,,,,,,,,,,,,,,,,,,,,,,,,,,,,,,,,,,,,,,,,,,,,,,,,,,,,,,,,,,,,,,,,,,,,,,,,,,,,,,,,,,,,,,,,,,,,,,,,,,,,,,,,,,,,,,,,,,,,,,,,,,,,,,,,,,,,,,,,,,,,,,,,,,,,5,416.000000,39.000874,-122.662376,10.000000,529235.375000,4316927.500000,
1037,Health Check,159.23,,,,,"Sun Apr 19, 2026 - 08:18:10",User,,,Health Check,Pass,Detector Quality: 1.02 — Pass; Fault Free: Pass; Battery Health  97%: Pass; C#1 Voltage  4175 mV: Pass; C#2 Voltage  4173 mV: Pass; Tube Health: Pass; System Check: Reading #1036 - Pass; Filter Wheel Check: Pass; XRay LED Test: Pass; Wi-Fi: Pass; Bluetooth: Pass; GPS: Pass; ,,,,,,,,,,,,,,,,,,,,,,,,,,,,,,,,,,,,,,,,,,,,,,,,,,,,,,,,,,,,,,,,,,,,,,,,,,,,,,,,,,,,,,,,,,,,,,,,,,,,,,,,,,,,,,,,,,,,,,,,,,,,,,,,,,,,,,,,,,,,,,,,,,,,,,,,,,7,420.200012,39.000778,-122.662933,10.000000,529186.625000,4316917.000000,
1106,System Check,101.88,,,,,"Mon Apr 27, 2026 - 08:26:00",User,,,System Check,Pass,,7.44378,150.815,7.45538,137.119,,,,,,,,,,,,,,,,,,,,,,,,,,,,,,,,,,,,,,,,,,,,,,,,,,,,,,,,,,,,,,,,,,,,,,,,,,,,,,,,,,,,,,,,,,,,,,,,,,,,,,,,,,,,,,,,,,,,,,,,,,,,,,,,,,,,,,,,,,,,,,,,,,,,,,,,,,,,,
1107,Health Check,166.22,,,,,"Mon Apr 27, 2026 - 08:26:55",User,,,Health Check,Fail,Detector Quality: 1.03 — Pass; Fault Free: Pass; Battery Health  95%: Pass; C#1 Voltage  4008 mV: Pass; C#2 Voltage  4003 mV: Pass; Tube Health: Pass; System Check: Reading #1106 - Pass; Filter Wheel Check: Pass; XRay LED Test: Pass; Wi-Fi: Pass; Bluetooth: Fail; GPS: Pass; ,,,,,,,,,,,,,,,,,,,,,,,,,,,,,,,,,,,,,,,,,,,,,,,,,,,,,,,,,,,,,,,,,,,,,,,,,,,,,,,,,,,,,,,,,,,,,,,,,,,,,,,,,,,,,,,,,,,,,,,,,,,,,,,,,,,,,,,,,,,,,,,,,,,,,,,,,,,,,,,,,
1108,System Check,101.44,,,,,"Mon Apr 27, 2026 - 08:29:38",User,,,System Check,Pass,,7.44328,151.461,7.45487,137.159,,,,,,,,,,,,,,,,,,,,,,,,,,,,,,,,,,,,,,,,,,,,,,,,,,,,,,,,,,,,,,,,,,,,,,,,,,,,,,,,,,,,,,,,,,,,,,,,,,,,,,,,,,,,,,,,,,,,,,,,,,,,,,,,,,,,,,,,,,,,,,,,,,,,,,,,,,,,,
1109,Health Check,167.61,,,,,"Mon Apr 27, 2026 - 08:30:36",User,,,Health Check,Fail,Detector Quality: 1.02 — Pass; Fault Free: Pass; Battery Health  95%: Pass; C#1 Voltage  3996 mV: Pass; C#2 Voltage  3993 mV: Pass; Tube Health: Pass; System Check: Reading #1108 - Pass; Filter Wheel Check: Pass; XRay LED Test: Pass; Wi-Fi: Pass; Bluetooth: Fail; GPS: Pass; ,,,,,,,,,,,,,,,,,,,,,,,,,,,,,,,,,,,,,,,,,,,,,,,,,,,,,,,,,,,,,,,,,,,,,,,,,,,,,,,,,,,,,,,,,,,,,,,,,,,,,,,,,,,,,,,,,,,,,,,,,,,,,,,,,,,,,,,,,,,,,,,,,,,,,,,,,,,,,,,,,
1110,System Check,101.78,,,,,"Mon Apr 27, 2026 - 08:33:33",User,,,System Check,Pass,,7.44429,150.87,7.45498,137.634,,,,,,,,,,,,,,,,,,,,,,,,,,,,,,,,,,,,,,,,,,,,,,,,,,,,,,,,,,,,,,,,,,,,,,,,,,,,,,,,,,,,,,,,,,,,,,,,,,,,,,,,,,,,,,,,,,,,,,,,,,,,,,,,,,,,,,,,,,,,,,,,,,,,,,,,,,,,,
1111,Health Check,168.47,,,,,"Mon Apr 27, 2026 - 08:34:30",User,,,Health Check,Fail,Detector Quality: 1.01 — Pass; Fault Free: Pass; Battery Health  95%: Pass; C#1 Voltage  3988 mV: Pass; C#2 Voltage  3987 mV: Pass; Tube Health: Pass; System Check: Reading #1110 - Pass; Filter Wheel Check: Pass; XRay LED Test: Pass; Wi-Fi: Pass; Bluetooth: Fail; GPS: Pass; ,,,,,,,,,,,,,,,,,,,,,,,,,,,,,,,,,,,,,,,,,,,,,,,,,,,,,,,,,,,,,,,,,,,,,,,,,,,,,,,,,,,,,,,,,,,,,,,,,,,,,,,,,,,,,,,,,,,,,,,,,,,,,,,,,,,,,,,,,,,,,,,,,,,,,,,,,,,,,,,,,
1112,System Check,103.96,,,,,"Mon Apr 27, 2026 - 08:36:43",User,,,System Check,Pass,,7.44334,151.723,7.45494,136.453,,,,,,,,,,,,,,,,,,,,,,,,,,,,,,,,,,,,,,,,,,,,,,,,,,,,,,,,,,,,,,,,,,,,,,,,,,,,,,,,,,,,,,,,,,,,,,,,,,,,,,,,,,,,,,,,,,,,,,,,,,,,,,,,,,,,,,,,,,,,,,,,,,,,,,,,,,,,,
1113,Health Check,161.50,,,,,"Mon Apr 27, 2026 - 08:37:33",User,,,Health Check,Pass,Detector Quality: 1.01 — Pass; Fault Free: Pass; Battery Health  95%: Pass; C#1 Voltage  3977 mV: Pass; C#2 Voltage  3971 mV: Pass; Tube Health: Pass; System Check: Reading #1112 - Pass; Filter Wheel Check: Pass; XRay LED Test: Pass; Wi-Fi: Pass; Bluetooth: Pass; GPS: Pass; ,,,,,,,,,,,,,,,,,,,,,,,,,,,,,,,,,,,,,,,,,,,,,,,,,,,,,,,,,,,,,,,,,,,,,,,,,,,,,,,,,,,,,,,,,,,,,,,,,,,,,,,,,,,,,,,,,,,,,,,,,,,,,,,,,,,,,,,,,,,,,,,,,,,,,,,,,,,,,,,,,
1222,System Check,97.85,,,,,"Mon Apr 27, 2026 - 17:06:33",User,,,System Check,Pass,,7.44414,152.881,7.45554,138.556,,,,,,,,,,,,,,,,,,,,,,,,,,,,,,,,,,,,,,,,,,,,,,,,,,,,,,,,,,,,,,,,,,,,,,,,,,,,,,,,,,,,,,,,,,,,,,,,,,,,,,,,,,,,,,,,,,,,,,,,,,,,,,,,,,,,,,,,,,,,,,,,,,,,,,,,,,,,,
1223,Health Check,149.50,,,,,"Mon Apr 27, 2026 - 17:07:17",User,,,Health Check,Pass,Detector Quality: 1.06 — Pass; Fault Free: Pass; Battery Health  94%: Pass; C#1 Voltage  3542 mV: Pass; C#2 Voltage  3535 mV: Pass; Tube Health: Pass; System Check: Reading #1222 - Pass; Filter Wheel Check: Pass; XRay LED Test: Pass; Wi-Fi: Pass; Bluetooth: Pass; GPS: Pass; ,,,,,,,,,,,,,,,,,,,,,,,,,,,,,,,,,,,,,,,,,,,,,,,,,,,,,,,,,,,,,,,,,,,,,,,,,,,,,,,,,,,,,,,,,,,,,,,,,,,,,,,,,,,,,,,,,,,,,,,,,,,,,,,,,,,,,,,,,,,,,,,,,,,,,,,,,,,,,,,,,
1277,System Check,98.86,,,,,"Tue Apr 28, 2026 - 01:42:22",User,,,System Check,Pass,,7.44335,153.335,7.4553,136.984,,,,,,,,,,,,,,,,,,,,,,,,,,,,,,,,,,,,,,,,,,,,,,,,,,,,,,,,,,,,,,,,,,,,,,,,,,,,,,,,,,,,,,,,,,,,,,,,,,,,,,,,,,,,,,,,,,,,,,,,,,,,,,,,,,,,,,,,,,,,,,,,,,,,,,,,,,,,,
1278,Health Check,161.06,,,,,"Tue Apr 28, 2026 - 01:43:17",User,,,Health Check,Fail,Detector Quality: 1.06 — Pass; Fault Free: Pass; Battery Health  96%: Pass; C#1 Voltage  4035 mV: Pass; C#2 Voltage  4021 mV: Pass; Tube Health: Pass; System Check: Reading #1277 - Pass; Filter Wheel Check: Pass; XRay LED Test: Pass; Wi-Fi: Pass; Bluetooth: Fail; GPS: Pass; ,,,,,,,,,,,,,,,,,,,,,,,,,,,,,,,,,,,,,,,,,,,,,,,,,,,,,,,,,,,,,,,,,,,,,,,,,,,,,,,,,,,,,,,,,,,,,,,,,,,,,,,,,,,,,,,,,,,,,,,,,,,,,,,,,,,,,,,,,,,,,,,,,,,,,,,,,,,,,,,,,
1279,System Check,98.35,,,,,"Tue Apr 28, 2026 - 01:47:03",User,,,System Check,Pass,,7.44361,154.148,7.45453,138.467,,,,,,,,,,,,,,,,,,,,,,,,,,,,,,,,,,,,,,,,,,,,,,,,,,,,,,,,,,,,,,,,,,,,,,,,,,,,,,,,,,,,,,,,,,,,,,,,,,,,,,,,,,,,,,,,,,,,,,,,,,,,,,,,,,,,,,,,,,,,,,,,,,,,,,,,,,,,,
1280,Health Check,164.85,,,,,"Tue Apr 28, 2026 - 01:48:01",User,,,Health Check,Fail,Detector Quality: 1.04 — Pass; Fault Free: Pass; Battery Health  96%: Pass; C#1 Voltage  4025 mV: Pass; C#2 Voltage  4011 mV: Pass; Tube Health: Pass; System Check: Reading #1279 - Pass; Filter Wheel Check: Pass; XRay LED Test: Pass; Wi-Fi: Pass; Bluetooth: Fail; GPS: Pass; ,,,,,,,,,,,,,,,,,,,,,,,,,,,,,,,,,,,,,,,,,,,,,,,,,,,,,,,,,,,,,,,,,,,,,,,,,,,,,,,,,,,,,,,,,,,,,,,,,,,,,,,,,,,,,,,,,,,,,,,,,,,,,,,,,,,,,,,,,,,,,,,,,,,,,,,,,,,,,,,,,
1281,System Check,98.24,,,,,"Tue Apr 28, 2026 - 01:51:53",User,,,System Check,Pass,,7.44357,151.763,7.45447,138.002,,,,,,,,,,,,,,,,,,,,,,,,,,,,,,,,,,,,,,,,,,,,,,,,,,,,,,,,,,,,,,,,,,,,,,,,,,,,,,,,,,,,,,,,,,,,,,,,,,,,,,,,,,,,,,,,,,,,,,,,,,,,,,,,,,,,,,,,,,,,,,,,,,,,,,,,,,,,,
1282,Health Check,166.44,,,,,"Tue Apr 28, 2026 - 01:52:54",User,,,Health Check,Fail,Detector Quality: 1.03 — Pass; Fault Free: Pass; Battery Health  96%: Pass; C#1 Voltage  4013 mV: Pass; C#2 Voltage  4005 mV: Pass; Tube Health: Pass; System Check: Reading #1281 - Pass; Filter Wheel Check: Pass; XRay LED Test: Pass; Wi-Fi: Pass; Bluetooth: Fail; GPS: Pass; ,,,,,,,,,,,,,,,,,,,,,,,,,,,,,,,,,,,,,,,,,,,,,,,,,,,,,,,,,,,,,,,,,,,,,,,,,,,,,,,,,,,,,,,,,,,,,,,,,,,,,,,,,,,,,,,,,,,,,,,,,,,,,,,,,,,,,,,,,,,,,,,,,,,,,,,,,,,,,,,,,
1283,System Check,103.34,,,,,"Tue Apr 28, 2026 - 01:57:46",User,,,System Check,Pass,,7.4429,153.137,7.45435,138.933,,,,,,,,,,,,,,,,,,,,,,,,,,,,,,,,,,,,,,,,,,,,,,,,,,,,,,,,,,,,,,,,,,,,,,,,,,,,,,,,,,,,,,,,,,,,,,,,,,,,,,,,,,,,,,,,,,,,,,,,,,,,,,,,,,,,,,,,,,,,,,,,,,,,,,,,,,,,,
1284,Health Check,168.33,,,,,"Tue Apr 28, 2026 - 01:58:44",User,,,Health Check,Fail,Detector Quality: 1.03 — Pass; Fault Free: Pass; Battery Health  96%: Pass; C#1 Voltage  4004 mV: Pass; C#2 Voltage  3995 mV: Pass; Tube Health: Pass; System Check: Reading #1283 - Pass; Filter Wheel Check: Pass; XRay LED Test: Pass; Wi-Fi: Pass; Bluetooth: Fail; GPS: Pass; ,,,,,,,,,,,,,,,,,,,,,,,,,,,,,,,,,,,,,,,,,,,,,,,,,,,,,,,,,,,,,,,,,,,,,,,,,,,,,,,,,,,,,,,,,,,,,,,,,,,,,,,,,,,,,,,,,,,,,,,,,,,,,,,,,,,,,,,,,,,,,,,,,,,,,,,,,,,,,,,,,
1285,System Check,101.79,,,,,"Tue Apr 28, 2026 - 02:00:41",User,,,System Check,Pass,,7.44279,151.516,7.45488,138.106,,,,,,,,,,,,,,,,,,,,,,,,,,,,,,,,,,,,,,,,,,,,,,,,,,,,,,,,,,,,,,,,,,,,,,,,,,,,,,,,,,,,,,,,,,,,,,,,,,,,,,,,,,,,,,,,,,,,,,,,,,,,,,,,,,,,,,,,,,,,,,,,,,,,,,,,,,,,,
1286,Health Check,155.10,,,,,"Tue Apr 28, 2026 - 02:01:26",User,,,Health Check,Pass,Detector Quality: 1.01 — Pass; Fault Free: Pass; Battery Health  96%: Pass; C#1 Voltage  3992 mV: Pass; C#2 Voltage  3979 mV: Pass; Tube Health: Pass; System Check: Reading #1285 - Pass; Filter Wheel Check: Pass; XRay LED Test: Pass; Wi-Fi: Pass; Bluetooth: Pass; GPS: Pass; ,,,,,,,,,,,,,,,,,,,,,,,,,,,,,,,,,,,,,,,,,,,,,,,,,,,,,,,,,,,,,,,,,,,,,,,,,,,,,,,,,,,,,,,,,,,,,,,,,,,,,,,,,,,,,,,,,,,,,,,,,,,,,,,,,,,,,,,,,,,,,,,,,,,,,,,,,,,,,,,,,
1364,System Check,97.20,,,,,"Wed Apr 29, 2026 - 16:53:37",User,,,System Check,Pass,,7.44417,158.467,7.45535,138.998,,,,,,,,,,,,,,,,,,,,,,,,,,,,,,,,,,,,,,,,,,,,,,,,,,,,,,,,,,,,,,,,,,,,,,,,,,,,,,,,,,,,,,,,,,,,,,,,,,,,,,,,,,,,,,,,,,,,,,,,,,,,,,,,,,,,,,,,,,,,,,,,,,,,,,,,,,,,,
1365,Health Check,148.02,,,,,"Wed Apr 29, 2026 - 16:54:20",User,,,Health Check,Pass,Detector Quality: 1.47 — Pass; Fault Free: Pass; Battery Health  97%: Pass; C#1 Voltage  3413 mV: Pass; C#2 Voltage  3417 mV: Pass; Tube Health: Pass; System Check: Reading #1364 - Pass; Filter Wheel Check: Pass; XRay LED Test: Pass; Wi-Fi: Pass; Bluetooth: Pass; GPS: Pass; ,,,,,,,,,,,,,,,,,,,,,,,,,,,,,,,,,,,,,,,,,,,,,,,,,,,,,,,,,,,,,,,,,,,,,,,,,,,,,,,,,,,,,,,,,,,,,,,,,,,,,,,,,,,,,,,,,,,,,,,,,,,,,,,,,,,,,,,,,,,,,,,,,,,,,,,,,,,,,,,,,
1403,System Check,100.43,,,,,"Fri May 1, 2026 - 08:28:02",User,,,System Check,Pass,,7.4437,153.488,7.45551,138.428,,,,,,,,,,,,,,,,,,,,,,,,,,,,,,,,,,,,,,,,,,,,,,,,,,,,,,,,,,,,,,,,,,,,,,,,,,,,,,,,,,,,,,,,,,,,,,,,,,,,,,,,,,,,,,,,,,,,,,,,,,,,,,,,,,,,,,,,,,,,,,,,,,,,,,,,,,,,,
1404,Health Check,153.60,,,,,"Fri May 1, 2026 - 08:28:47",User,,,Health Check,Pass,Detector Quality: 1.10 — Pass; Fault Free: Pass; Battery Health  95%: Pass; C#1 Voltage  4089 mV: Pass; C#2 Voltage  4084 mV: Pass; Tube Health: Pass; System Check: Reading #1403 - Pass; Filter Wheel Check: Pass; XRay LED Test: Pass; Wi-Fi: Pass; Bluetooth: Pass; GPS: Pass; ,,,,,,,,,,,,,,,,,,,,,,,,,,,,,,,,,,,,,,,,,,,,,,,,,,,,,,,,,,,,,,,,,,,,,,,,,,,,,,,,,,,,,,,,,,,,,,,,,,,,,,,,,,,,,,,,,,,,,,,,,,,,,,,,,,,,,,,,,,,,,,,,,,,,,,,,,,,,,,,,,
1482,System Check,99.38,,,,,"Mon May 4, 2026 - 08:21:23",User,,,System Check,Pass,,7.44382,155.838,7.45517,138.18,,,,,,,,,,,,,,,,,,,,,,,,,,,,,,,,,,,,,,,,,,,,,,,,,,,,,,,,,,,,,,,,,,,,,,,,,,,,,,,,,,,,,,,,,,,,,,,,,,,,,,,,,,,,,,,,,,,,,,,,,,,,,,,,,,,,,,,,,,,,,,,,,,,,,,4,436.899994,39.000736,-122.662926,10.000000,529187.812500,4316912.500000,
1483,Health Check,150.60,,,,,"Mon May 4, 2026 - 08:22:06",User,,,Health Check,Pass,Detector Quality: 1.06 — Pass; Fault Free: Pass; Battery Health  98%: Pass; C#1 Voltage  3581 mV: Pass; C#2 Voltage  3576 mV: Pass; Tube Health: Pass; System Check: Reading #1482 - Pass; Filter Wheel Check: Pass; XRay LED Test: Pass; Wi-Fi: Pass; Bluetooth: Pass; GPS: Pass; ,,,,,,,,,,,,,,,,,,,,,,,,,,,,,,,,,,,,,,,,,,,,,,,,,,,,,,,,,,,,,,,,,,,,,,,,,,,,,,,,,,,,,,,,,,,,,,,,,,,,,,,,,,,,,,,,,,,,,,,,,,,,,,,,,,,,,,,,,,,,,,,,,,,,,,,,,,5,438.100006,39.000824,-122.662926,10.000000,529187.437500,4316922.000000,
1485,Soils,96.10,35.89,30.10,30.11,,"Mon May 4, 2026 - 11:54:37",User,1.5,ppm,Soils,,,,,,,,,,,,,,,,,,,,,<LOD,1.2917,0.9058,<LOD,2.0391,0.7171,<LOD,4.1542,0.3479,203.5182 , 109.0054,21.1117,<LOD,0.0000,478.7458 , 39.7122,1.4208,<LOD,2.5300,1.8562,<LOD,40.7734,9.9150,86.0380 , 3.7137,3.7397,<LOD,12.4363,27.9492,32.8634 , 2.7816,0.6700,24429.6582 , 71.5368,61.5356,106.5843 , 5.1501,1.9649,11848.4688 , 102.7097,9.2604,<LOD,18.4990,0.5811,<LOD,1.2701,7.5144,<LOD,6.5586,0.3980,24.8165 , 1.1227,0.6511,<LOD,1.1613,0.6515,74.9333 , 1.3443,5.5087,588.7842 , 69.1534,0.2254,<LOD,4.6169,5.3880,<LOD,6.8405,0.4471,<LOD,0.4005,0.2946,<LOD,3.2243,4.0258,32.6969 , 0.6710,3.4843,<LOD,6.1634,8.7966,7.0862 , 1.1407,0.6318,2892.6643 , 22.5751,16.9245,3.6346 , 1.4876,0.9333,52.1574 , 6.0439,3.3041,<LOD,0.0000,0.2589,9.5463 , 1.2479,0.5466,120.4584 , 1.7332,15.3794,,,,,,,,,,,,,,,,,,,,,,,,,,,,,,,,,,,7,432.799988,39.000740,-122.662918,10.000000,529188.500000,4316912.500000,
1486,Soils,122.47,60.30,32.15,30.02,,"Mon May 4, 2026 - 11:57:59",User,1.5,ppm,Soils,,,,,,,,,,,,,,,,,,,,,<LOD,1.2808,0.8907,3.2506 , 0.7374,0.7645,<LOD,3.1371,0.3493,202.2142 , 108.3071,21.0200,<LOD,0.0000,466.4059 , 41.5496,1.4456,<LOD,3.2942,1.8854,<LOD,33.4689,10.1154,85.9804 , 3.8061,3.7350,<LOD,12.4214,27.9289,32.5277 , 2.0880,0.6661,24930.7227 , 54.2510,62.7703,107.9034 , 3.8935,1.9801,12848.3486 , 109.0540,10.0399,<LOD,14.2307,0.6094,<LOD,0.8598,7.4843,<LOD,4.9273,0.3926,24.1348 , 0.8400,0.6420,<LOD,1.1566,0.6474,75.4051 , 1.0144,5.5259,649.0251 , 72.5430,0.2377,<LOD,5.5647,5.4247,<LOD,7.1656,0.4643,<LOD,0.3081,0.3099,<LOD,3.4584,4.0972,32.5515 , 0.5043,3.4664,<LOD,6.1796,8.9620,7.7364 , 0.8617,0.6420,3045.2932 , 23.4342,17.7082,3.7167 , 1.1231,0.9369,55.2139 , 6.3086,3.4359,<LOD,0.0000,0.2440,10.3036 , 0.9454,0.5534,121.9334 , 1.3109,15.4950,,,,,,,,,,,,,,,,,,,,,,,,,,,,,,,,,,,9,406.000000,39.000702,-122.662788,10.000000,529199.500000,4316908.500000,
1487,Soils,122.36,60.39,31.83,30.14,,"Mon May 4, 2026 - 12:01:25",User,1.5,ppm,Soils,,,,,,,,,,,,,,,,,,,,,<LOD,1.2790,0.8986,3.0622 , 0.7414,0.7702,<LOD,3.1178,0.3449,216.5068 , 115.9607,21.2512,<LOD,0.0000,458.4863 , 42.5471,1.4488,<LOD,2.0752,1.8184,<LOD,28.0734,10.1108,85.1256 , 3.9128,3.7612,<LOD,12.3300,27.9762,36.4709 , 2.1329,0.6953,25066.5879 , 54.3666,63.1691,110.6468 , 3.9337,2.0215,12808.4072 , 111.4505,10.0189,<LOD,14.0470,0.5939,1.1742 , 0.4582,7.5361,<LOD,4.8946,0.3852,24.9651 , 0.8471,0.6531,<LOD,1.1842,0.6904,75.5013 , 1.0093,5.4911,610.0753 , 73.2746,0.2316,<LOD,5.4051,5.3729,<LOD,7.3824,0.4755,<LOD,0.3002,0.2915,<LOD,3.1985,4.0144,32.3743 , 0.5038,3.4578,<LOD,6.1277,8.8963,7.9386 , 0.8572,0.6407,3026.6992 , 24.3015,17.7911,1.3646 , 1.0963,0.8888,54.4276 , 6.4895,3.4621,<LOD,0.0000,0.2353,7.5968 , 0.9254,0.5300,122.1248 , 1.3120,15.5170,,,,,,,,,,,,,,,,,,,,,,,,,,,,,,,,,,,8,428.200012,39.000736,-122.662964,10.000000,529184.187500,4316912.500000,
1488,Soils,93.93,33.59,30.10,30.24,,"Mon May 4, 2026 - 12:16:22",User,1.5,ppm,Soils,,,,,,,,,,,,,,,,,,,,,<LOD,188.5499,0.7725,<LOD,74.8703,0.1567,403.1084 , 158.8388,0.0869,55225.1562 , 1936.9137,21.7648,<LOD,0.0000,34694.2070 , 1861.7449,2.2839,<LOD,386.9246,1.5870,2942.6697 , 852.1336,3.0032,4761.2944 , 229.6041,3.5675,<LOD,2900.6517,24.7027,2357.8809 , 169.5053,0.2285,420722.1250 , 1995.9962,17.9969,2480.8870 , 247.3658,0.3683,320875.6562 , 2164.4590,13.7334,9800.9209 , 687.3122,0.5693,7945.8477 , 81.7742,6.4931,2536.4966 , 291.3281,0.1952,524.3723 , 55.6200,0.1120,<LOD,169.1827,0.5702,2491.3989 , 86.5246,1.5207,5398.5024 , 978.7406,0.2101,<LOD,611.1271,4.5796,<LOD,425.8472,0.6523,162.9493 , 16.9239,0.0945,<LOD,501.4525,3.5276,1208.4427 , 42.2017,0.8771,<LOD,969.1794,7.5712,255.0430 , 73.6484,0.1673,117456.2344 , 1250.6812,16.7817,385.3617 , 83.4266,0.1978,2584.1270 , 309.0567,3.4080,<LOD,0.0000,0.1005,415.9491 , 71.6002,0.1580,4371.3208 , 121.7442,3.9115,,,,,,,,,,,,,,,,,,,,,,,,,,,,,,,,,,,10,427.700012,39.000755,-122.662956,10.000000,529185.062500,4316914.500000,
1489,Soils,92.16,31.93,30.14,30.09,,"Mon May 4, 2026 - 12:19:57",User,1.5,ppm,Soils,,,,,,,,,,,,,,,,,,,,,<LOD,1.4469,0.7688,<LOD,2.3254,0.5210,<LOD,4.6389,0.2558,527.2820 , 11.9485,21.8089,<LOD,0.0000,1287.8608 , 59.9348,2.2622,<LOD,2.6952,1.5710,<LOD,66.0315,11.6000,97.5289 , 4.4719,3.6537,12.2784 , 9.4300,24.7814,33.3521 , 3.3070,0.5652,33285.3984 , 94.3899,72.3577,82.2240 , 5.5071,1.3307,20576.3301 , 147.3214,13.9145,107.8169 , 17.4374,0.7608,<LOD,1.0944,6.3014,<LOD,8.1667,0.3321,16.0754 , 1.2135,0.4467,<LOD,1.3502,0.6021,107.2140 , 1.8473,6.3101,632.3950 , 76.8889,0.1976,<LOD,4.4559,4.5331,<LOD,10.2121,0.6273,<LOD,0.4795,0.2563,<LOD,6.1472,3.6080,43.2025 , 0.8843,3.5571,<LOD,6.9804,7.5860,9.9700 , 1.4276,0.6112,4816.9644 , 27.8870,16.6635,<LOD,4.0214,0.7360,151.9891 , 7.5107,3.4292,<LOD,0.0000,0.2152,8.3772 , 1.4651,0.4489,150.4946 , 2.2709,15.4614,,,,,,,,,,,,,,,,,,,,,,,,,,,,,,,,,,,8,427.500000,39.000751,-122.662964,10.000000,529184.312500,4316914.000000,
1490,Soils,90.55,30.26,30.08,30.21,,"Mon May 4, 2026 - 12:23:11",User,1.5,ppm,Soils,,,,,,,,,,,,,,,,,,,,,<LOD,1.4719,0.7708,1.9334 , 1.0595,0.5636,<LOD,4.5196,0.2604,519.5833 , 12.1507,21.7808,<LOD,0.0000,1288.1017 , 58.4803,2.2936,<LOD,2.3878,1.5512,44.8936 , 32.3712,11.7439,95.3870 , 4.3168,3.6116,<LOD,19.1677,24.7300,32.1565 , 3.1735,0.5575,33463.1992 , 91.2683,72.7355,80.9428 , 5.2884,1.3143,20503.1250 , 142.8896,13.8833,106.4092 , 16.8838,0.7648,<LOD,1.0590,6.3098,<LOD,7.9774,0.3417,18.9440 , 1.2173,0.4819,<LOD,1.4262,0.6081,104.9375 , 1.7752,6.2129,774.8267 , 76.9732,0.2103,<LOD,4.5302,4.5292,<LOD,9.8711,0.6094,<LOD,0.4633,0.2554,<LOD,5.0979,3.5869,44.1255 , 0.8610,3.6117,<LOD,7.1238,7.7043,9.9463 , 1.3800,0.6112,4821.6196 , 26.9861,16.6416,3.9854 , 1.7018,0.7751,157.9905 , 7.3106,3.4544,<LOD,0.0000,0.2140,10.7943 , 1.4439,0.4673,150.0077 , 2.1911,15.4152,,,,,,,,,,,,,,,,,,,,,,,,,,,,,,,,,,,9,427.399994,39.000751,-122.662971,10.000000,529183.875000,4316914.000000,
1491,Soils,90.27,30.05,30.14,30.08,,"Mon May 4, 2026 - 12:26:51",User,1.5,ppm,Soils,,,,,,,,,,,,,,,,,,,,,<LOD,1.6002,0.7185,17.8395 , 1.1975,0.7109,<LOD,4.6781,0.2254,399.5261 , 13.3048,19.2506,<LOD,0.0000,1119.8032 , 54.4823,1.7161,<LOD,2.6552,1.5190,88.4326 , 40.9248,17.3505,74.4049 , 4.7091,3.1228,16.0792 , 10.7692,24.9278,49.6329 , 3.7107,0.6171,51252.2383 , 110.4208,107.8779,56.7825 , 4.9368,0.9196,6927.3467 , 105.6411,4.6735,82.7186 , 17.3592,0.7522,<LOD,1.0414,4.8758,<LOD,10.3599,0.4519,7.2579 , 1.0721,0.2979,<LOD,1.4911,0.5624,43.6419 , 1.3183,2.5662,8656.9414 , 191.6607,0.8777,36.0325 , 3.5421,5.3534,<LOD,9.9257,0.5981,<LOD,0.4792,0.2195,<LOD,4.1462,3.4489,80.2655 , 1.1688,5.3247,<LOD,7.9351,7.4877,5.8244 , 1.2602,0.3735,2226.0039 , 23.0354,7.6007,4.4392 , 1.6844,0.6102,81.8762 , 6.3148,1.7845,<LOD,0.0000,0.2039,28.2582 , 1.7456,0.5528,69.8875 , 1.7851,8.0267,,,,,,,,,,,,,,,,,,,,,,,,,,,,,,,,,,,8,423.500000,39.000713,-122.663010,10.000000,529180.125000,4316909.500000,
1492,Soils,92.16,32.04,30.06,30.06,,"Mon May 4, 2026 - 12:29:24",User,1.5,ppm,Soils,,,,,,,,,,,,,,,,,,,,,<LOD,1.5740,0.7336,19.9895 , 1.2341,0.7572,<LOD,4.4417,0.2004,382.0453 , 12.9804,19.1589,<LOD,0.0000,1245.2747 , 53.5586,1.8433,<LOD,2.5659,1.4828,<LOD,98.5227,17.3885,76.5422 , 4.4727,3.1144,<LOD,22.8333,24.9456,51.7586 , 3.7588,0.6287,51690.2891 , 111.5402,108.9976,61.6066 , 5.2063,0.9528,7195.3618 , 102.4792,4.8650,82.1292 , 17.4367,0.7546,<LOD,1.0238,4.6644,<LOD,10.3774,0.4429,7.5606 , 1.0844,0.3026,<LOD,1.4475,0.5574,42.5803 , 1.2984,2.4767,9753.8604 , 191.3726,0.9711,36.8022 , 3.4682,5.4089,<LOD,10.8650,0.6370,<LOD,0.4632,0.2030,<LOD,4.0424,3.4429,82.9082 , 1.1914,5.4872,<LOD,7.7639,7.5578,6.3794 , 1.2894,0.3885,2297.0039 , 21.8463,7.7598,<LOD,3.9848,0.5722,92.4623 , 6.1029,1.8493,<LOD,8.1943,0.2259,29.5812 , 1.7768,0.5597,70.2553 , 1.7998,8.0876,,,,,,,,,,,,,,,,,,,,,,,,,,,,,,,,,,,9,427.899994,39.000736,-122.662971,10.000000,529183.312500,4316912.500000,
1493,Soils,92.21,32.03,30.04,30.14,,"Mon May 4, 2026 - 12:33:00",User,1.5,ppm,Soils,,,,,,,,,,,,,,,,,,,,,<LOD,1.3595,0.8705,<LOD,1.2352,0.3752,<LOD,3.9167,0.2219,378.6175 , 11.0587,22.9259,<LOD,0.0000,824.5113 , 39.1715,1.4697,<LOD,2.1977,1.7315,<LOD,53.4605,6.3835,38.3930 , 3.0302,2.2870,<LOD,17.7859,28.9912,8.9493 , 2.7075,0.4483,17084.4941 , 70.3583,38.7211,44.7392 , 4.3078,0.9124,8944.2510 , 88.7632,6.2064,128.6106 , 17.1247,0.7684,<LOD,0.9935,6.4809,<LOD,7.3255,0.3847,6.8242 , 0.9513,0.3337,<LOD,1.2719,0.6846,70.7064 , 1.4558,4.7499,453.8564 , 56.5898,0.1362,<LOD,4.2430,5.3583,<LOD,6.6493,0.4019,<LOD,0.4233,0.2435,<LOD,3.4738,4.0951,31.5586 , 0.7389,3.0467,<LOD,6.6527,9.0694,5.7097 , 1.2142,0.5106,2945.2539 , 18.3533,10.1974,<LOD,2.2528,0.6266,77.3400 , 4.9291,2.0304,<LOD,7.0033,0.2305,23.2397 , 1.5433,0.5858,135.0262 , 2.0491,15.5746,,,,,,,,,,,,,,,,,,,,,,,,,,,,,,,,,,,7,428.100006,39.000732,-122.662971,10.000000,529183.750000,4316912.000000,
1494,Soils,91.90,31.67,30.11,30.12,,"Mon May 4, 2026 - 12:36:01",User,1.5,ppm,Soils,,,,,,,,,,,,,,,,,,,,,<LOD,1.4159,0.8511,37.3949 , 1.4501,1.4759,<LOD,4.5101,0.2886,394.6939 , 11.4992,22.0727,<LOD,0.0000,1916.0217 , 51.3082,2.6500,<LOD,2.3145,1.7476,48.2290 , 29.5343,10.3601,75.6764 , 3.8134,3.2717,<LOD,20.0596,28.1463,21.5858 , 2.9579,0.5333,27508.0391 , 84.3341,63.5653,79.3150 , 5.1994,1.4078,7502.2275 , 88.4333,5.4323,<LOD,37.8761,0.6552,<LOD,1.0200,6.5575,<LOD,7.8460,0.3969,22.7091 , 1.2374,0.5556,<LOD,1.4110,0.6829,42.3932 , 1.2192,3.0268,5589.0459 , 126.6338,0.6235,120.2149 , 3.3834,8.2810,<LOD,9.0639,0.7988,<LOD,0.4591,0.2784,<LOD,5.8403,4.0543,109.1201 , 1.2489,8.5177,<LOD,6.8768,8.6588,5.1884 , 1.2364,0.4808,3588.4150 , 21.8887,12.8372,3.3844 , 1.6295,0.7927,86.4371 , 5.8309,2.5109,<LOD,0.0000,0.2372,9.0024 , 1.3952,0.4818,135.9509 , 2.1305,16.2246,,,,,,,,,,,,,,,,,,,,,,,,,,,,,,,,,,,8,428.000000,39.000725,-122.662964,10.000000,529184.500000,4316911.000000,
1495,Soils,93.85,33.72,30.05,30.08,,"Mon May 4, 2026 - 12:39:03",User,1.5,ppm,Soils,,,,,,,,,,,,,,,,,,,,,<LOD,242.7021,0.8117,927.8804 , 90.1118,0.4169,762.3106 , 219.5158,0.1129,62940.8594 , 2633.9011,21.9856,<LOD,0.0000,61096.7383 , 1808.9889,2.8533,<LOD,410.6022,1.7441,4046.1594 , 964.2787,2.8383,4721.6489 , 240.3995,3.1937,2782.5249 , 1938.5946,28.1882,2974.7261 , 210.6034,0.2406,446195.8750 , 2294.2056,16.6862,3076.8267 , 308.5638,0.3841,184609.2031 , 2011.3219,6.1009,11226.6680 , 805.5565,0.5854,9989.9629 , 107.3243,6.6596,3471.6633 , 367.5322,0.2204,1268.7382 , 86.0308,0.1785,<LOD,225.5854,0.6534,1385.0228 , 77.5680,0.7698,61426.0859 , 2024.7393,0.7336,14531.1270 , 575.3619,8.0874,<LOD,460.1164,0.8534,205.3172 , 22.1860,0.1070,<LOD,898.7927,3.9856,3761.4622 , 84.1908,2.1159,<LOD,1305.5067,8.5871,171.8215 , 87.4362,0.1371,109974.1641 , 1275.5580,13.4962,526.4479 , 105.1461,0.2083,1942.8317 , 296.7133,2.6002,<LOD,0.0000,0.1099,665.0674 , 90.7352,0.1725,5318.8892 , 157.3065,4.1126,,,,,,,,,,,,,,,,,,,,,,,,,,,,,,,,,,,9,427.600006,39.000725,-122.662956,10.000000,529185.062500,4316911.000000,
1496,Soils,90.20,30.26,30.12,29.82,,"Mon May 4, 2026 - 12:42:09",User,1.5,ppm,Soils,,,,,,,,,,,,,,,,,,,,,<LOD,1.3568,0.8945,<LOD,1.2417,0.4279,<LOD,3.8951,0.2556,354.0395 , 11.0623,23.4608,<LOD,0.0000,1303.9609 , 47.5445,2.2639,<LOD,2.2414,1.8812,<LOD,55.9640,8.4686,55.9015 , 3.3975,2.9826,<LOD,16.5268,29.9079,14.8762 , 2.7137,0.5275,20988.7168 , 73.5808,51.8854,48.0544 , 4.2124,1.0240,12746.0977 , 106.2016,9.6169,194.0520 , 17.2879,0.9492,<LOD,0.9783,7.2636,<LOD,7.2914,0.4304,10.1411 , 0.9827,0.4143,<LOD,1.6381,0.7525,75.4968 , 1.4487,5.4495,662.3553 , 63.5572,0.1835,<LOD,5.1578,5.6226,<LOD,8.0177,0.5869,<LOD,0.4197,0.2789,<LOD,3.4807,4.2406,36.2999 , 0.7508,3.6501,<LOD,6.6660,9.3830,6.1710 , 1.1599,0.5553,3750.2783 , 21.4475,14.3764,1.9730 , 1.4406,0.7405,93.4697 , 5.6853,2.7962,<LOD,6.5294,0.2333,29.2546 , 1.5400,0.6826,138.9854 , 2.0016,17.1963,,,,,,,,,,,,,,,,,,,,,,,,,,,,,,,,,,,8,427.299988,39.000732,-122.662949,10.000000,529185.750000,4316912.000000,
1497,Soils,90.20,30.05,30.08,30.07,,"Mon May 4, 2026 - 12:45:00",User,1.5,ppm,Soils,,,,,,,,,,,,,,,,,,,,,<LOD,1.4447,0.8373,45.5514 , 1.5501,1.6010,<LOD,4.8370,0.3074,276.5843 , 11.2783,18.9507,<LOD,0.0000,2635.5044 , 64.0048,3.4317,<LOD,2.7485,1.6726,<LOD,64.7426,12.2035,74.2295 , 4.4090,3.5449,<LOD,18.9143,26.1963,28.0906 , 3.1591,0.5644,33244.4570 , 92.5096,76.1054,79.6553 , 5.3482,1.3753,9278.9531 , 107.1955,6.6591,43.3415 , 15.9228,0.6937,<LOD,1.0593,6.5042,<LOD,8.3878,0.4024,21.0882 , 1.2484,0.5202,<LOD,1.3137,0.6183,47.4258 , 1.2993,3.2068,8776.1973 , 168.6049,0.9282,105.4454 , 3.3420,7.4817,<LOD,18.3957,1.0194,<LOD,0.4764,0.2727,<LOD,3.5887,3.6816,101.6510 , 1.2416,7.7304,<LOD,6.8649,8.1247,4.4530 , 1.2611,0.4500,4132.8564 , 25.7738,14.6726,2.3484 , 1.6546,0.7500,101.8525 , 6.9007,2.8731,<LOD,0.0000,0.2410,20.2238 , 1.5720,0.5670,130.9297 , 2.1497,15.1499,,,,,,,,,,,,,,,,,,,,,,,,,,,,,,,,,,,8,426.899994,39.000736,-122.662949,10.000000,529185.750000,4316912.500000,
1498,Soils,90.35,30.22,30.06,30.07,,"Mon May 4, 2026 - 12:47:40",User,1.5,ppm,Soils,,,,,,,,,,,,,,,,,,,,,<LOD,1.2454,1.0079,<LOD,1.4926,0.8385,<LOD,8.4043,1.4683,295.1679 , 9.8651,24.4898,<LOD,0.0000,<LOD,30.9598,0.4762,<LOD,2.5073,2.0944,<LOD,12.2774,0.9540,31.1040 , 2.8533,2.7083,<LOD,12.0467,31.9866,<LOD,4.7988,0.4763,1698.8202 , 23.6474,5.0310,826.1254 , 13.4948,14.3766,3830.5168 , 55.7936,3.1748,<LOD,16.3821,0.3865,<LOD,1.2435,8.5700,<LOD,4.9698,0.3043,17.9978 , 1.1085,0.6524,<LOD,1.1279,0.7359,13.1187 , 1.0285,1.7207,2594.6584 , 74.1738,0.3194,4.6674 , 2.5635,6.1828,<LOD,3.6724,0.1998,<LOD,0.5742,0.4996,<LOD,4.1767,4.6824,15.0907 , 0.6797,3.5950,<LOD,5.9848,10.0837,3.8227 , 1.1436,0.5240,4323.3999 , 19.0269,16.6557,3.5141 , 2.6805,2.9566,40.0555 , 4.8361,2.6883,<LOD,5.8819,0.2366,<LOD,2.1697,0.7310,149.7891 , 1.9618,20.3873,,,,,,,,,,,,,,,,,,,,,,,,,,,,,,,,,,,10,426.700012,39.000748,-122.662949,10.000000,529185.750000,4316913.500000,
1499,Soils,91.98,31.78,30.06,30.14,,"Mon May 4, 2026 - 12:50:25",User,1.5,ppm,Soils,,,,,,,,,,,,,,,,,,,,,<LOD,1.2393,1.0245,<LOD,1.4794,0.8383,<LOD,8.4465,1.4877,285.3855 , 9.7713,24.5049,<LOD,0.0000,<LOD,35.9112,0.4934,<LOD,2.0025,2.0508,<LOD,12.3512,0.9677,37.2156 , 2.9530,2.7648,<LOD,11.9604,32.4694,<LOD,3.3863,0.4503,1762.6980 , 23.9182,5.1703,829.3148 , 13.4746,14.3757,4316.0449 , 60.1110,3.5301,<LOD,15.5143,0.3454,<LOD,0.9826,8.4343,<LOD,5.1065,0.3232,16.2904 , 1.0834,0.6239,<LOD,1.1195,0.7436,14.0239 , 1.0353,1.7797,3206.7004 , 82.7076,0.3797,<LOD,3.7998,6.0834,<LOD,3.9063,0.2249,<LOD,0.5886,0.5379,<LOD,3.1013,4.5986,15.4489 , 0.6810,3.6186,<LOD,5.9527,10.2966,4.7893 , 1.1136,0.5164,4555.4717 , 19.8820,17.4606,3.4066 , 2.6764,2.9546,43.0978 , 5.0627,2.8032,<LOD,5.8082,0.2311,<LOD,2.1281,0.7048,148.2313 , 1.9476,20.1418,,,,,,,,,,,,,,,,,,,,,,,,,,,,,,,,,,,10,425.899994,39.000751,-122.662956,10.000000,529185.187500,4316914.000000,
1500,Soils,91.86,31.69,30.12,30.05,,"Mon May 4, 2026 - 12:53:16",User,1.5,ppm,Soils,,,,,,,,,,,,,,,,,,,,,<LOD,1.5811,0.7592,15.3869 , 1.1890,0.6833,<LOD,5.1578,0.2689,479.5007 , 12.8559,19.9361,<LOD,0.0000,7971.5244 , 101.4904,8.5183,<LOD,2.5381,1.4887,<LOD,60.0804,15.8489,87.9128 , 4.6377,3.4712,33.9455 , 10.3040,24.7212,20.1298 , 3.2677,0.4729,48276.1562 , 110.1590,101.3095,109.3583 , 6.3864,1.5304,14567.4971 , 133.3288,9.7409,299.7940 , 20.9104,1.0604,<LOD,1.1195,5.5077,<LOD,16.5821,0.5766,7.0878 , 1.0949,0.3069,<LOD,1.3780,0.5108,59.2284 , 1.5060,3.3476,14872.9385 , 214.7781,1.4408,<LOD,7.5480,4.5360,<LOD,17.6992,2.0232,<LOD,0.4990,0.2302,4.9621 , 2.6695,3.5246,121.0166 , 1.4271,7.8379,<LOD,7.6231,7.5235,5.8607 , 1.3625,0.4227,4047.0242 , 26.9635,13.5230,<LOD,3.9031,0.7141,129.5366 , 7.3217,2.8433,<LOD,0.0000,0.2477,41.4695 , 1.9266,0.6681,118.6385 , 2.2206,12.2917,,,,,,,,,,,,,,,,,,,,,,,,,,,,,,,,,,,8,424.600006,39.000751,-122.662956,10.000000,529184.875000,4316914.000000,
1501,Soils,90.22,30.05,30.10,30.07,,"Mon May 4, 2026 - 12:55:35",User,1.5,ppm,Soils,,,,,,,,,,,,,,,,,,,,,<LOD,1.6503,0.7588,16.2796 , 1.1859,0.7001,<LOD,5.0635,0.2656,485.3392 , 13.4340,19.9494,<LOD,0.0000,8367.4863 , 108.2154,8.8968,<LOD,2.7053,1.5166,<LOD,59.5923,16.0919,95.0289 , 4.8535,3.4912,41.3431 , 10.7751,24.9134,16.2892 , 3.1497,0.4510,49043.1367 , 109.0400,102.7219,110.8121 , 6.3211,1.5396,15410.3281 , 142.5747,10.2997,300.6680 , 20.5461,1.0576,<LOD,1.0990,5.4176,11.3383 , 7.3822,0.5932,7.3696 , 1.0865,0.3101,<LOD,1.4584,0.5268,61.0188 , 1.5159,3.4626,16929.1816 , 236.7423,1.6267,6.4745 , 3.3947,4.5810,<LOD,18.8242,2.0727,<LOD,0.4943,0.2329,7.5408 , 2.8016,3.5776,123.4398 , 1.4186,7.9449,<LOD,7.9525,7.4829,6.4078 , 1.3280,0.4213,4252.3149 , 28.3654,14.0569,4.5418 , 1.8962,0.7737,124.9124 , 7.6812,2.8658,<LOD,0.0000,0.2495,38.3680 , 1.8644,0.6427,118.1466 , 2.1873,12.2256,,,,,,,,,,,,,,,,,,,,,,,,,,,,,,,,,,,8,423.899994,39.000744,-122.662956,10.000000,529184.875000,4316913.000000,
1502,Soils,90.43,30.17,30.13,30.13,,"Mon May 4, 2026 - 12:58:13",User,1.5,ppm,Soils,,,,,,,,,,,,,,,,,,,,,<LOD,1.6810,0.6972,2.1605 , 1.0057,0.3801,<LOD,4.7398,0.2023,308.4227 , 13.4905,16.5709,<LOD,0.0000,25835.6289 , 175.1753,24.7897,<LOD,2.6964,1.3582,61.2741 , 41.5164,15.1739,101.3321 , 5.2820,3.5624,39.2631 , 11.0923,23.4336,31.2650 , 3.5655,0.4999,48746.5391 , 113.0320,94.9999,52.2369 , 5.0656,0.7813,11067.2764 , 126.3634,7.2521,1275.5131 , 32.1012,2.2680,1.6846 , 0.7628,5.1351,24.5512 , 8.0878,0.6350,6.3840 , 1.0935,0.2706,<LOD,1.4462,0.4557,43.4040 , 1.3524,2.3627,16558.2207 , 240.8771,1.5510,<LOD,5.2036,4.1324,<LOD,40.9753,5.6147,<LOD,0.5003,0.2096,5.3970 , 2.8790,3.3343,114.6648 , 1.4157,6.8176,<LOD,8.2070,7.1230,4.7389 , 1.3521,0.3612,4589.3110 , 29.8494,13.8837,2.3637 , 1.7171,0.5520,129.1567 , 8.1523,2.7950,<LOD,8.9569,0.2370,104.6729 , 2.5520,1.0280,104.7888 , 2.1609,10.2724,,,,,,,,,,,,,,,,,,,,,,,,,,,,,,,,,,,5,423.600006,39.000740,-122.662971,10.000000,529183.312500,4316912.500000,
1503,Soils,90.25,30.01,30.15,30.09,,"Mon May 4, 2026 - 13:01:14",User,1.5,ppm,Soils,,,,,,,,,,,,,,,,,,,,,<LOD,1.7132,0.7006,2.4189 , 1.0266,0.3885,<LOD,4.6562,0.1903,315.9525 , 13.7686,16.7268,<LOD,0.0000,27693.6914 , 182.0223,26.4124,<LOD,2.7507,1.3678,58.4201 , 42.0083,15.2776,108.7702 , 5.3623,3.5758,30.3272 , 11.2995,23.3351,35.4279 , 3.6583,0.5163,49504.1797 , 114.2740,95.7483,55.4488 , 5.2387,0.8172,11993.9863 , 131.9144,7.8256,1302.5381 , 32.5289,2.2922,<LOD,1.8025,5.0534,18.7015 , 8.0457,0.6076,7.0868 , 1.1150,0.2755,<LOD,1.5333,0.5007,42.6857 , 1.3406,2.2784,19714.1191 , 261.3735,1.8244,<LOD,5.3024,4.1441,<LOD,56.3390,5.9827,<LOD,0.5072,0.2132,<LOD,5.8271,3.2928,114.3692 , 1.4226,6.7350,<LOD,8.3640,7.1375,3.4903 , 1.3243,0.3305,4816.0571 , 30.8695,14.4966,<LOD,2.8320,0.5178,122.0182 , 8.3285,2.8290,<LOD,9.3788,0.2559,109.3148 , 2.6111,1.0548,106.0602 , 2.1813,10.2453,,,,,,,,,,,,,,,,,,,,,,,,,,,,,,,,,,,6,428.000000,39.000751,-122.663116,10.000000,529170.750000,4316914.000000,
1504,Soils,90.50,30.09,30.31,30.10,,"Mon May 4, 2026 - 13:04:26",User,1.5,ppm,Soils,,,,,,,,,,,,,,,,,,,,,<LOD,1.6028,0.8103,2.1925 , 1.1289,0.5708,<LOD,4.0179,0.1856,558.5091 , 13.4751,23.5789,<LOD,0.0000,1606.1300 , 55.5008,2.2544,<LOD,2.5414,1.5211,<LOD,68.0771,10.6364,84.0985 , 4.1459,3.0826,36.6524 , 10.7221,28.3491,34.5328 , 3.3909,0.5647,31790.4766 , 92.8133,66.4000,16.5327 , 3.5944,0.4657,11199.8896 , 112.7935,7.2803,994.8730 , 28.5265,1.9754,<LOD,1.0650,5.7935,<LOD,9.7402,0.5258,22.3938 , 1.2942,0.4884,<LOD,1.4728,0.6137,61.5042 , 1.4386,3.6276,361.9147 , 72.5102,0.1616,<LOD,5.0139,4.9159,<LOD,9.5212,0.6118,<LOD,0.4603,0.2313,<LOD,5.8922,3.9738,41.2288 , 0.8558,3.2036,<LOD,7.9053,8.4041,4.5894 , 1.3301,0.4553,3811.2119 , 24.2414,12.3987,<LOD,3.0082,0.5006,92.2631 , 6.4347,2.4251,<LOD,8.2133,0.2519,67.5499 , 2.0855,0.8583,147.2176 , 2.2421,14.5298,,,,,,,,,,,,,,,,,,,,,,,,,,,,,,,,,,,5,430.100006,39.000763,-122.663063,10.000000,529175.500000,4316915.000000,
1505,Soils,90.15,30.23,30.08,29.84,,"Mon May 4, 2026 - 13:07:09",User,1.5,ppm,Soils,,,,,,,,,,,,,,,,,,,,,<LOD,1.6345,0.8156,<LOD,2.1249,0.5401,<LOD,4.1470,0.1892,558.3124 , 13.6831,23.4520,<LOD,0.0000,1811.6168 , 58.6785,2.4251,<LOD,2.5735,1.5043,<LOD,79.8842,10.3985,75.3395 , 4.1300,2.9159,41.2317 , 10.9021,28.4327,36.4543 , 3.4795,0.5677,31383.5352 , 93.9373,64.6053,13.4950 , 3.5895,0.4353,12147.5879 , 118.5688,7.7719,1094.5404 , 29.9932,2.0816,<LOD,1.0776,5.6733,<LOD,9.8269,0.5100,23.2056 , 1.3290,0.4916,<LOD,1.5269,0.6408,61.6255 , 1.4583,3.5706,348.8542 , 73.6406,0.1605,<LOD,5.0636,4.7991,<LOD,10.0273,0.6459,<LOD,0.4719,0.2314,<LOD,5.3996,3.9485,40.8547 , 0.8661,3.1325,<LOD,8.0244,8.3447,6.6468 , 1.3611,0.4783,3997.9456 , 24.6880,12.6703,<LOD,2.1847,0.4703,84.5977 , 6.5264,2.3882,<LOD,8.6373,0.2668,64.8703 , 2.0990,0.8295,141.1861 , 2.2410,13.8493,,,,,,,,,,,,,,,,,,,,,,,,,,,,,,,,,,,5,431.399994,39.000759,-122.663040,10.000000,529177.562500,4316915.000000,
1506,Soils,90.41,30.25,30.09,30.07,,"Mon May 4, 2026 - 13:09:58",User,1.5,ppm,Soils,,,,,,,,,,,,,,,,,,,,,<LOD,1.6771,0.6687,7.0874 , 1.2177,0.5419,<LOD,4.7834,0.1982,832.3193 , 14.9771,23.6168,<LOD,0.0000,2113.2676 , 68.5704,2.5713,<LOD,2.6966,1.2873,<LOD,72.1673,11.5529,73.9250 , 4.6360,2.8441,51.7722 , 11.5823,25.1939,42.3514 , 3.7395,0.5221,39836.7812 , 105.5384,72.5357,38.7074 , 4.7106,0.6330,14882.8359 , 138.8372,8.5290,433.1172 , 23.5754,1.0732,<LOD,1.1111,4.7000,<LOD,10.5178,0.4340,17.1195 , 1.2972,0.3678,<LOD,1.5622,0.5234,69.5778 , 1.6161,3.4348,562.3414 , 88.3782,0.1842,<LOD,5.3893,4.2878,<LOD,11.9309,0.7163,<LOD,0.5111,0.2102,<LOD,5.3363,3.4370,43.5260 , 0.9334,2.8544,<LOD,8.5209,7.3969,6.5715 , 1.4152,0.4040,4422.6382 , 28.4830,12.7064,<LOD,3.1856,0.4683,107.2025 , 7.5437,2.4810,<LOD,9.1040,0.2352,81.3301 , 2.3728,0.8426,120.5496 , 2.2029,10.4542,,,,,,,,,,,,,,,,,,,,,,,,,,,,,,,,,,,6,432.299988,39.000751,-122.663033,10.000000,529178.125000,4316914.000000,
1507,Soils,91.98,31.82,30.04,30.12,,"Mon May 4, 2026 - 13:13:31",User,1.5,ppm,Soils,,,,,,,,,,,,,,,,,,,,,<LOD,1.7119,0.6859,7.0819 , 1.2620,0.5565,<LOD,4.7456,0.1873,842.8209 , 15.0622,23.4206,<LOD,0.0000,2306.2996 , 71.3815,2.7664,<LOD,2.7201,1.2874,<LOD,58.5708,11.6629,81.5585 , 4.7326,2.9438,68.5985 , 11.6625,25.3387,39.6754 , 3.7404,0.5045,40774.1484 , 107.7462,73.8839,43.0091 , 4.9143,0.6697,16257.4336 , 144.4188,9.2873,474.6310 , 24.3168,1.1128,<LOD,1.1302,4.6836,<LOD,10.5630,0.4164,19.1722 , 1.3581,0.3889,<LOD,1.5870,0.5308,70.1496 , 1.6455,3.4300,555.1442 , 89.0250,0.1873,<LOD,6.5042,4.3668,<LOD,12.4683,0.7923,<LOD,0.5279,0.2196,5.0712 , 2.9899,3.4670,43.5349 , 0.9474,2.8343,<LOD,10.7044,7.4806,6.6470 , 1.4641,0.4131,4561.3564 , 29.2582,13.1485,<LOD,3.3451,0.4730,126.8320 , 7.8109,2.6456,<LOD,9.2183,0.2330,79.0450 , 2.3854,0.8223,120.2658 , 2.2326,10.3427,,,,,,,,,,,,,,,,,,,,,,,,,,,,,,,,,,,6,432.500000,39.000748,-122.663017,10.000000,529179.437500,4316913.500000,
1508,Soils,90.10,30.23,30.08,29.79,,"Mon May 4, 2026 - 13:16:21",User,1.5,ppm,Soils,,,,,,,,,,,,,,,,,,,,,<LOD,1.5810,0.7760,5.7291 , 1.0042,0.4923,<LOD,4.2609,0.2076,605.1716 , 13.4846,23.5779,<LOD,0.0000,5228.4302 , 85.8569,5.9836,<LOD,2.5927,1.5906,<LOD,54.1845,13.5206,64.2172 , 4.2467,3.0196,38.3958 , 10.6573,27.4667,29.5207 , 3.3025,0.5353,40122.4570 , 100.9184,86.1298,11.1963 , 3.3942,0.4046,14199.3828 , 130.2530,9.5953,764.5177 , 25.8561,1.7170,<LOD,1.0684,5.7166,<LOD,9.6675,0.4714,7.2957 , 1.0513,0.3164,<LOD,1.4813,0.6147,62.8596 , 1.4685,3.7154,328.0215 , 77.8934,0.1832,<LOD,4.9891,4.8004,<LOD,14.7514,1.4138,<LOD,0.4945,0.2661,6.1513 , 2.7617,3.9165,68.0263 , 1.0599,4.8519,<LOD,9.4348,8.3814,7.6202 , 1.3430,0.4866,4004.5352 , 26.1160,13.5291,2.5859 , 1.5004,0.5432,103.5188 , 6.9569,2.6789,<LOD,8.1458,0.2473,70.6413 , 2.1142,0.8802,131.7584 , 2.1847,13.5065,,,,,,,,,,,,,,,,,,,,,,,,,,,,,,,,,,,6,433.000000,39.000751,-122.663017,10.000000,529179.687500,4316914.000000,
1509,Soils,91.83,31.69,30.07,30.07,,"Mon May 4, 2026 - 13:18:51",User,1.5,ppm,Soils,,,,,,,,,,,,,,,,,,,,,<LOD,1.5656,0.7962,4.7891 , 1.0546,0.5052,<LOD,4.0382,0.1777,613.1369 , 13.2002,23.6381,<LOD,0.0000,5456.8545 , 87.0732,6.1729,<LOD,2.5219,1.5632,<LOD,55.6305,13.6580,62.5489 , 4.2372,2.9926,45.4829 , 10.4297,27.5995,24.4795 , 3.2969,0.5096,40501.5703 , 103.6606,87.1943,9.0842 , 3.3985,0.3812,14534.7002 , 131.8378,9.8484,711.0354 , 25.9179,1.6512,<LOD,1.0940,5.7287,<LOD,10.1188,0.5019,10.5688 , 1.1376,0.3551,<LOD,1.4478,0.6119,62.8787 , 1.5016,3.7166,299.9171 , 77.7649,0.1827,<LOD,4.8989,4.8581,<LOD,14.9488,1.4672,<LOD,0.4771,0.2375,4.7026 , 2.6922,3.8699,71.4805 , 1.1086,5.0731,<LOD,7.6980,8.2384,7.9297 , 1.3804,0.4958,4025.6104 , 26.4714,13.7266,2.3933 , 1.5262,0.5375,104.4406 , 7.0236,2.7201,<LOD,8.5573,0.2610,75.1210 , 2.2045,0.9151,130.8388 , 2.2345,13.4945,,,,,,,,,,,,,,,,,,,,,,,,,,,,,,,,,,,6,433.899994,39.000687,-122.662956,10.000000,529185.062500,4316907.000000,
1510,Soils,90.31,30.17,30.09,30.05,,"Mon May 4, 2026 - 13:21:53",User,1.5,ppm,Soils,,,,,,,,,,,,,,,,,,,,,<LOD,1.6858,0.7324,2.4193 , 1.0259,0.4121,<LOD,4.0260,0.1562,822.3320 , 14.8152,24.7998,<LOD,0.0000,2323.6797 , 70.4513,2.9106,<LOD,2.6950,1.3971,<LOD,75.7977,13.3853,67.7333 , 4.4855,2.8571,58.1781 , 11.4780,26.7309,34.5265 , 3.5123,0.5133,42918.8555 , 106.1042,84.1823,7.9028 , 3.3881,0.3321,16209.3154 , 143.8521,9.9670,884.5801 , 27.9910,1.7467,<LOD,1.0930,5.0560,<LOD,10.3830,0.4595,9.8259 , 1.1373,0.3139,<LOD,1.5753,0.5770,80.5759 , 1.6725,4.1602,<LOD,201.9554,0.1597,<LOD,5.3176,4.4747,<LOD,12.1030,0.7535,<LOD,0.4825,0.2158,6.1521 , 2.9535,3.7281,53.0375 , 0.9846,3.5357,<LOD,8.4392,7.8291,6.6499 , 1.3660,0.4282,3949.7378 , 27.5350,12.3731,<LOD,2.6313,0.4543,100.2713 , 7.2629,2.4621,<LOD,8.7415,0.2414,81.3023 , 2.2930,0.8777,129.5368 , 2.2269,11.8679,,,,,,,,,,,,,,,,,,,,,,,,,,,,,,,,,,,6,460.500000,39.000805,-122.662857,10.000000,529193.687500,4316920.000000,
1511,Soils,90.35,30.13,30.13,30.09,,"Mon May 4, 2026 - 13:24:15",User,1.5,ppm,Soils,,,,,,,,,,,,,,,,,,,,,<LOD,1.6895,0.7102,4.7810 , 1.0545,0.4429,<LOD,4.0814,0.1572,840.5284 , 15.0593,24.9355,<LOD,0.0000,2404.5793 , 70.1068,2.9840,<LOD,2.7116,1.3623,<LOD,61.4272,13.5499,62.2151 , 4.3455,2.7821,57.3419 , 11.6445,26.6425,30.4378 , 3.4679,0.4899,43758.0820 , 107.5880,85.6705,6.1644 , 3.3545,0.3145,17118.5215 , 144.2980,10.5137,928.4349 , 28.6542,1.8043,<LOD,1.1112,5.1145,<LOD,10.4700,0.4542,8.5264 , 1.1235,0.2994,<LOD,1.5557,0.5418,78.8338 , 1.6724,4.0625,<LOD,149.0430,0.1532,<LOD,5.3866,4.4375,<LOD,12.0162,0.7647,<LOD,0.4899,0.2178,<LOD,7.2552,3.6768,52.1256 , 0.9855,3.4642,<LOD,8.5697,7.8404,7.0039 , 1.3966,0.4358,4057.8118 , 26.9102,12.5699,<LOD,3.0850,0.4549,111.6823 , 7.2012,2.5299,<LOD,8.8985,0.2451,81.7023 , 2.3150,0.8759,130.9024 , 2.2551,11.9000,,,,,,,,,,,,,,,,,,,,,,,,,,,,,,,,,,,8,459.600006,39.000805,-122.662872,10.000000,529191.937500,4316920.000000,
1512,Soils,92.15,31.96,30.09,30.10,,"Mon May 4, 2026 - 13:28:33",User,1.5,ppm,Soils,,,,,,,,,,,,,,,,,,,,,<LOD,1.5964,0.6752,4.3506 , 1.1154,0.5130,<LOD,4.9213,0.2364,520.6624 , 13.1342,18.8401,<LOD,0.0000,16505.7383 , 135.3624,15.0001,<LOD,2.5686,1.3308,<LOD,78.4166,9.2564,42.0720 , 4.5115,2.7848,34.6707 , 10.4342,22.3717,27.0810 , 3.2886,0.4610,30822.5957 , 93.3249,57.7698,114.9600 , 6.4841,1.4663,11095.6729 , 118.0425,6.7246,2218.9988 , 39.2596,3.2852,<LOD,1.6963,5.2020,<LOD,9.4070,0.4156,15.1315 , 1.2069,0.3642,<LOD,1.6564,0.5332,63.0166 , 1.5166,3.3332,1146.0516 , 93.2679,0.2289,<LOD,4.9229,4.0052,<LOD,24.0444,3.6983,<LOD,0.4921,0.2186,<LOD,6.4850,3.1596,80.1674 , 1.1665,5.1121,<LOD,7.7015,6.6766,6.3174 , 1.3542,0.4170,3820.4973 , 26.9233,11.3859,2.7316 , 1.8220,0.6750,93.4089 , 7.0674,2.2920,<LOD,8.2549,0.2209,69.8251 , 2.1915,0.8213,113.1763 , 2.0951,10.7714,,,,,,,,,,,,,,,,,,,,,,,,,,,,,,,,,,,7,456.500000,39.000805,-122.662880,10.000000,529191.687500,4316920.000000,
1513,Soils,90.25,30.04,30.07,30.14,,"Mon May 4, 2026 - 13:31:18",User,1.5,ppm,Soils,,,,,,,,,,,,,,,,,,,,,<LOD,1.5929,0.6461,7.0793 , 1.1253,0.5452,<LOD,4.9937,0.2455,531.8207 , 13.3780,18.9561,<LOD,0.0000,17844.6680 , 140.4894,16.2360,<LOD,2.6082,1.3246,<LOD,76.0772,9.4853,45.7303 , 4.5362,2.8010,36.3525 , 10.6143,22.4020,24.9335 , 3.2375,0.4499,31583.1211 , 93.8592,59.3093,112.6344 , 6.3254,1.4613,12116.5273 , 123.0381,7.3768,2235.9807 , 39.2196,3.3188,<LOD,1.0771,5.0549,<LOD,9.2574,0.4020,13.1671 , 1.1686,0.3431,<LOD,2.0895,0.5442,63.2462 , 1.5033,3.3120,1566.1000 , 100.0299,0.2655,<LOD,4.9998,3.9831,<LOD,24.8387,3.8423,<LOD,0.4952,0.2237,<LOD,5.3467,3.1129,81.2939 , 1.1696,5.1660,<LOD,7.8382,6.6974,6.6131 , 1.3542,0.4199,4005.7004 , 27.3364,11.8827,<LOD,2.9671,0.6329,90.5406 , 7.1571,2.3362,<LOD,0.0000,0.2063,69.8903 , 2.1746,0.8252,109.9291 , 2.0676,10.5327,,,,,,,,,,,,,,,,,,,,,,,,,,,,,,,,,,,7,455.500000,39.000790,-122.662872,10.000000,529192.250000,4316918.500000,
1514,Soils,91.87,31.63,30.11,30.13,,"Mon May 4, 2026 - 13:34:53",User,1.5,ppm,Soils,,,,,,,,,,,,,,,,,,,,,<LOD,1.6939,0.7133,2.5818 , 1.0775,0.4387,<LOD,5.3790,0.2628,615.1324 , 14.4148,21.5130,<LOD,0.0000,953.4764 , 49.4391,1.4265,<LOD,2.7066,1.3638,<LOD,87.6033,10.5983,74.3694 , 4.2461,2.7396,48.1479 , 11.4228,25.5208,27.3444 , 3.3974,0.4532,35655.2773 , 100.5297,65.8484,108.1252 , 6.4519,1.3928,10221.4043 , 111.1110,5.9352,215.6348 , 20.2964,0.8055,<LOD,1.1076,4.9007,<LOD,9.6167,0.3772,11.2447 , 1.1724,0.3168,<LOD,1.5704,0.5515,59.0232 , 1.5106,3.0666,1149.0040 , 88.8829,0.2064,<LOD,5.3266,4.3671,<LOD,8.6602,0.4461,<LOD,0.5173,0.2207,<LOD,6.6253,3.5473,43.7494 , 0.9360,3.0317,<LOD,8.3955,7.4399,5.9752 , 1.3786,0.3949,3989.6799 , 25.0700,11.4527,<LOD,3.4692,0.5950,107.7505 , 6.7618,2.2904,<LOD,0.0000,0.2162,52.8521 , 2.0890,0.6966,139.5081 , 2.3060,12.1541,,,,,,,,,,,,,,,,,,,,,,,,,,,,,,,,,,,8,445.500000,39.000740,-122.663055,10.000000,529176.125000,4316912.500000,
1515,Soils,92.30,32.02,30.22,30.06,,"Mon May 4, 2026 - 13:37:44",User,1.5,ppm,Soils,,,,,,,,,,,,,,,,,,,,,<LOD,1.6402,0.6851,2.7053 , 1.1015,0.4446,<LOD,5.2310,0.2414,597.3330 , 14.1888,21.3149,<LOD,0.0000,976.2791 , 52.5204,1.5372,<LOD,2.6859,1.3889,<LOD,66.7289,10.7824,68.6588 , 4.2523,2.6675,44.4767 , 11.2697,25.5135,26.7776 , 3.4301,0.4505,36612.9414 , 102.4853,67.5988,101.9141 , 6.3639,1.3203,11800.6113 , 119.7301,6.8430,205.4709 , 20.3109,0.7921,<LOD,1.1248,4.9156,<LOD,9.8343,0.3852,11.8958 , 1.2046,0.3258,<LOD,1.5626,0.5637,60.6560 , 1.5506,3.1485,1555.3008 , 96.5039,0.2406,<LOD,5.2657,4.4067,<LOD,9.2004,0.4848,<LOD,0.5231,0.2236,<LOD,5.3975,3.5200,43.3276 , 0.9421,2.9909,<LOD,8.2904,7.4836,7.0249 , 1.4440,0.4256,4189.9829 , 26.3141,12.1532,2.6637 , 1.8247,0.6105,107.2040 , 7.0052,2.3931,<LOD,0.0000,0.2278,55.0094 , 2.1304,0.7064,139.6987 , 2.3350,12.1247,,,,,,,,,,,,,,,,,,,,,,,,,,,,,,,,,,,7,434.899994,39.000755,-122.663132,10.000000,529169.625000,4316914.500000,
1516,Soils,91.95,31.80,30.09,30.06,,"Mon May 4, 2026 - 13:45:10",User,1.5,ppm,Soils,,,,,,,,,,,,,,,,,,,,,<LOD,1.6162,0.6913,3.6933 , 1.0689,0.4520,<LOD,4.7091,0.2111,683.7819 , 14.2139,22.9498,<LOD,0.0000,4341.6353 , 77.9807,4.4196,<LOD,2.6295,1.3742,<LOD,52.7137,9.8273,44.6762 , 3.8569,2.2427,47.7603 , 11.1679,26.1900,22.1821 , 3.2946,0.4415,32761.5859 , 97.3693,62.0296,35.4684 , 4.3260,0.6455,12127.5430 , 120.0776,7.2060,1682.9740 , 36.0136,2.6613,<LOD,1.0823,4.8887,<LOD,9.7653,0.4268,11.1353 , 1.1521,0.3182,<LOD,1.5374,0.5670,67.9723 , 1.5766,3.5804,317.5602 , 74.9667,0.1508,<LOD,5.2452,4.5957,<LOD,13.3464,1.0785,<LOD,0.5032,0.2257,<LOD,6.6801,3.6358,69.6971 , 1.1146,4.4888,<LOD,8.2385,7.7701,4.9272 , 1.3318,0.3865,3693.4509 , 24.2199,10.7926,<LOD,3.8187,0.5208,86.6866 , 6.4447,2.0840,<LOD,0.0000,0.2267,60.0045 , 2.1088,0.7369,134.9804 , 2.2843,12.3852,,,,,,,,,,,,,,,,,,,,,,,,,,,,,,,,,,,8,436.799988,39.000774,-122.662964,10.000000,529184.187500,4316916.500000,
1517,Soils,93.04,32.88,30.05,30.11,,"Mon May 4, 2026 - 13:47:24",User,1.5,ppm,Soils,,,,,,,,,,,,,,,,,,,,,<LOD,230.3287,0.7054,<LOD,83.7774,0.1241,527.8683 , 184.2267,0.0744,85423.4922 , 2616.9312,23.0859,<LOD,0.0000,100928.4531 , 2014.2061,4.4002,<LOD,377.8610,1.3863,3643.8921 , 1005.2693,2.7469,2651.6592 , 198.9182,2.2994,8455.3467 , 1806.3643,26.4176,2724.0054 , 209.8668,0.2244,445428.4688 , 2266.5293,16.4210,1421.0161 , 256.3007,0.2165,201252.3594 , 1920.7057,7.3178,32036.5117 , 1108.1504,1.1288,8571.5771 , 96.1805,5.6464,4157.5225 , 395.2134,0.2435,480.0368 , 62.3278,0.0886,<LOD,215.2864,0.5752,1789.1047 , 84.4026,0.9138,1290.9921 , 974.7918,0.1404,<LOD,816.3873,4.5967,<LOD,536.8645,1.0829,169.8828 , 20.6982,0.0896,<LOD,967.5214,3.6282,2124.4084 , 62.5846,1.1864,<LOD,1263.0490,7.7291,224.5431 , 85.4565,0.1343,86359.7891 , 1088.3073,10.7231,409.0406 , 89.7954,0.1451,1471.8640 , 257.8528,2.0703,2550.6021 , 371.4450,0.1183,1688.1202 , 113.3294,0.2488,4219.4463 , 136.5474,3.1663,,,,,,,,,,,,,,,,,,,,,,,,,,,,,,,,,,,9,436.799988,39.000778,-122.662956,10.000000,529185.062500,4316917.000000,
1518,Soils,90.51,30.26,30.13,30.12,,"Mon May 4, 2026 - 13:49:27",User,1.5,ppm,Soils,,,,,,,,,,,,,,,,,,,,,<LOD,1.6766,0.7184,4.2182 , 1.0729,0.4553,<LOD,4.5334,0.1926,684.2155 , 14.5840,23.2026,<LOD,0.0000,4347.4082 , 76.9220,4.4119,<LOD,2.7135,1.4136,<LOD,56.2492,9.8724,48.0600 , 3.8472,2.2905,35.6342 , 11.4463,26.1878,28.8697 , 3.4352,0.4758,32805.1797 , 98.0074,62.2320,37.6207 , 4.5920,0.6548,12275.8896 , 119.1595,7.2956,1678.4504 , 36.1466,2.6563,<LOD,1.1048,5.0620,<LOD,9.7186,0.4111,10.2232 , 1.1446,0.3108,<LOD,1.5473,0.5501,69.5034 , 1.5956,3.6422,<LOD,174.0245,0.1379,<LOD,5.3539,4.5645,<LOD,13.1366,1.0595,<LOD,0.5075,0.2290,<LOD,6.0527,3.6671,70.4777 , 1.1270,4.5425,<LOD,8.4388,7.7893,4.6100 , 1.3500,0.3880,3715.9575 , 24.2435,10.9480,<LOD,2.8314,0.5074,83.7205 , 6.3970,2.1012,<LOD,8.7504,0.2355,64.3812 , 2.1771,0.7670,133.8575 , 2.2910,12.3282,,,,,,,,,,,,,,,,,,,,,,,,,,,,,,,,,,,7,436.399994,39.000790,-122.662956,10.000000,529185.000000,4316918.000000,
1519,Soils,90.27,30.08,30.07,30.12,,"Mon May 4, 2026 - 13:52:31",User,1.5,ppm,Soils,,,,,,,,,,,,,,,,,,,,,<LOD,1.5592,0.7244,9.9861 , 1.2288,0.7331,<LOD,5.5563,0.3396,352.6335 , 12.8555,18.9315,<LOD,0.0000,6594.2622 , 95.6761,6.8644,<LOD,2.5579,1.4877,113.2749 , 33.5892,11.0765,91.0719 , 5.0087,3.6156,<LOD,22.8391,24.8554,43.3754 , 3.5666,0.6159,32789.4219 , 93.5416,67.7381,203.1816 , 8.0062,2.6508,10429.2520 , 119.3437,6.7913,2540.3667 , 40.4941,4.0632,<LOD,1.0667,5.5149,14.6550 , 7.1816,0.6745,20.1840 , 1.2777,0.4626,<LOD,1.4835,0.5935,54.1776 , 1.4259,3.1900,1410.2323 , 100.2097,0.2613,18.4214 , 3.3747,5.0259,<LOD,20.5725,1.7512,<LOD,0.5181,0.2694,<LOD,5.5325,3.5863,55.2436 , 0.9919,4.1676,<LOD,7.7166,7.5434,5.1211 , 1.3077,0.4215,5063.8716 , 30.6056,16.2874,3.3085 , 1.9817,0.8898,105.3402 , 8.0096,3.0648,<LOD,0.0000,0.3170,177.4306 , 2.9646,1.7339,116.0798 , 2.0524,11.7189,,,,,,,,,,,,,,,,,,,,,,,,,,,,,,,,,,,5,436.299988,39.000893,-122.662857,10.000000,529193.375000,4316929.500000,
1520,Soils,91.78,31.66,30.06,30.06,,"Mon May 4, 2026 - 13:55:20",User,1.5,ppm,Soils,,,,,,,,,,,,,,,,,,,,,<LOD,1.5341,0.7304,10.6873 , 1.2339,0.7436,<LOD,5.7729,0.3684,384.2566 , 12.5973,19.1616,<LOD,0.0000,6802.0679 , 95.7606,7.1103,<LOD,2.4927,1.4670,113.7603 , 33.7565,11.1800,93.3793 , 4.9429,3.6435,16.3595 , 10.1985,24.7872,42.1597 , 3.5565,0.6107,33092.1523 , 93.9589,68.4064,197.5598 , 7.9254,2.5888,10927.6660 , 119.8087,7.1176,2606.5647 , 40.9601,4.1596,<LOD,1.0613,5.4232,20.3196 , 7.2928,0.6974,19.9425 , 1.2697,0.4555,<LOD,1.4345,0.5754,53.8554 , 1.4348,3.2079,1344.8763 , 97.7347,0.2579,22.6981 , 3.3064,5.0540,<LOD,16.7779,1.8011,<LOD,0.5023,0.2432,<LOD,4.4132,3.5047,53.8576 , 0.9823,4.0741,<LOD,7.5473,7.5681,5.2230 , 1.3200,0.4279,5100.3750 , 30.1613,16.3992,5.5810 , 2.0145,0.9204,108.4944 , 7.9132,3.0954,<LOD,0.0000,0.3119,183.7807 , 3.0064,1.7786,116.7990 , 2.0586,11.7543,,,,,,,,,,,,,,,,,,,,,,,,,,,,,,,,,,,7,424.299988,39.000725,-122.662857,10.000000,529193.437500,4316911.000000,
1521,Soils,90.56,30.31,30.11,30.14,,"Mon May 4, 2026 - 13:58:48",User,1.5,ppm,Soils,,,,,,,,,,,,,,,,,,,,,<LOD,1.5990,0.7481,9.6481 , 1.8911,2.0116,<LOD,28.3935,4.6833,794.6520 , 14.0184,24.6306,<LOD,0.0000,567.3275 , 35.6482,1.0486,<LOD,2.5939,1.4906,<LOD,28.9140,3.4190,37.8268 , 3.5030,2.2343,33.5657 , 10.7920,25.6935,7.3964 , 2.7695,0.4347,9927.6631 , 56.7426,20.9340,3850.6243 , 30.5672,48.9822,5294.0869 , 75.4099,3.5033,440.3697 , 21.5599,1.0852,<LOD,1.3286,5.6964,<LOD,6.6787,0.3027,50.7143 , 1.9922,1.1536,<LOD,1.4736,0.5725,18.4773 , 2.0553,2.1264,15197.5645 , 186.8362,1.3061,45.2769 , 3.5265,5.5374,<LOD,6.3704,0.3752,<LOD,1.2148,1.1859,5.0679 , 2.7603,3.6427,148.0991 , 1.8654,14.8710,<LOD,7.9004,7.6115,<LOD,4.7361,0.5823,9838.9385 , 31.5915,29.4994,<LOD,12.8335,8.7357,94.4762 , 8.1270,4.4451,<LOD,7.7988,0.2501,8.7621 , 2.9487,1.9403,143.0012 , 2.4105,15.1682,,,,,,,,,,,,,,,,,,,,,,,,,,,,,,,,,,,6,429.100006,39.000782,-122.663033,10.000000,529178.375000,4316917.500000,
1522,Soils,92.66,32.47,30.06,30.13,,"Mon May 4, 2026 - 14:01:16",User,1.5,ppm,Soils,,,,,,,,,,,,,,,,,,,,,<LOD,251.0747,0.7633,<LOD,137.0969,0.5506,1755.6191 , 562.9131,1.3353,121454.2266 , 2743.6311,24.7071,<LOD,0.0000,17473.2148 , 1073.2117,1.1281,<LOD,411.6723,1.5021,2550.2407 , 563.3943,1.0517,2099.9177 , 196.0063,2.1767,4800.8188 , 1961.1677,25.5572,1510.2150 , 125.0643,0.2043,157959.8594 , 1424.2626,5.8576,87990.7500 , 1317.0135,12.9672,134197.5625 , 1691.0828,3.7027,22505.1406 , 909.0032,0.8155,10500.7588 , 108.1081,6.0756,2298.6143 , 214.7692,0.2003,1835.0498 , 104.0155,0.3221,<LOD,228.8112,0.5922,624.0393 , 105.2466,0.5565,120522.8906 , 2008.3340,1.4242,5347.2847 , 511.6876,5.5362,<LOD,236.3982,0.4026,<LOD,54.4025,0.3341,721.9318 , 397.8811,3.6796,4318.4673 , 99.6429,3.7374,<LOD,1538.8779,7.8225,<LOD,208.7144,0.1532,254353.3750 , 1825.6521,30.3366,<LOD,563.8507,2.2463,1906.1732 , 320.0353,4.5909,1394.1499 , 239.1076,0.1087,549.7251 , 109.5330,0.5856,5071.8833 , 150.8994,3.6702,,,,,,,,,,,,,,,,,,,,,,,,,,,,,,,,,,,7,438.299988,39.000710,-122.662971,10.000000,529183.625000,4316909.500000,
1523,Soils,92.03,31.76,30.12,30.15,,"Mon May 4, 2026 - 14:04:25",User,1.5,ppm,Soils,,,,,,,,,,,,,,,,,,,,,<LOD,1.5013,0.7810,6.6165 , 1.9092,2.0939,13.5325 , 12.9247,4.8598,693.8293 , 12.9837,24.4818,<LOD,0.0000,3203.6157 , 58.3007,3.6907,<LOD,2.4633,1.6057,<LOD,28.8770,3.5472,41.2389 , 3.7496,2.7831,21.5672 , 10.0861,26.3531,7.8145 , 2.8090,0.4665,9734.2178 , 57.2483,22.3108,3711.9341 , 30.4689,50.2601,5465.7695 , 75.8115,3.8571,1900.8906 , 36.3035,3.3022,<LOD,1.3275,6.0094,<LOD,6.9094,0.3431,56.9604 , 2.0632,1.2985,<LOD,1.6864,0.6352,16.4022 , 2.0522,2.2346,15843.0830 , 189.6954,1.4663,47.6939 , 3.3241,5.8544,<LOD,10.0828,1.0008,<LOD,1.2184,1.2578,5.1182 , 2.5899,3.7927,149.6740 , 1.8751,15.7587,<LOD,7.4156,8.0042,2.8559 , 1.9245,0.6239,9174.2500 , 31.1433,29.6854,10.8790 , 6.2646,9.1244,87.7851 , 7.9680,4.5613,<LOD,7.8940,0.2674,38.0278 , 3.1095,2.2580,125.1413 , 2.3192,14.6969,,,,,,,,,,,,,,,,,,,,,,,,,,,,,,,,,,,6,439.000000,39.000717,-122.662979,10.000000,529183.187500,4316910.000000,
1524,Soils,90.26,30.02,30.10,30.14,,"Mon May 4, 2026 - 14:07:29",User,1.5,ppm,Soils,,,,,,,,,,,,,,,,,,,,,<LOD,1.5938,0.7525,19.5098 , 1.5071,1.1020,<LOD,10.2469,1.0571,608.0770 , 13.4166,22.0408,<LOD,0.0000,6336.7095 , 85.7556,6.7199,<LOD,2.5430,1.4429,89.8432 , 36.1877,12.3252,56.4099 , 4.1128,2.9528,40.8344 , 10.5942,25.7051,36.1589 , 3.5458,0.5712,36051.0938 , 100.8801,76.0952,952.2377 , 17.0853,11.4938,8484.7930 , 100.2384,5.6762,2150.3914 , 39.0354,3.6081,<LOD,1.1737,5.4799,<LOD,10.0662,0.4912,19.5907 , 1.4310,0.5246,<LOD,1.4884,0.5917,58.7791 , 1.7583,3.5721,1317.2135 , 89.2135,0.2493,63.6142 , 3.5607,5.9040,<LOD,15.0340,1.7055,<LOD,0.8737,0.4298,6.3277 , 2.7352,3.6380,48.9789 , 1.1148,4.6908,<LOD,7.7885,7.6161,6.2758 , 1.5463,0.4790,3561.3977 , 24.3001,11.8402,6.5510 , 3.5043,2.4292,98.7458 , 6.4777,2.4305,<LOD,0.0000,0.2632,84.9642 , 2.6905,1.3275,105.8076 , 2.0928,10.8200,,,,,,,,,,,,,,,,,,,,,,,,,,,,,,,,,,,7,439.200012,39.000721,-122.662971,10.000000,529183.312500,4316910.500000,
1525,Soils,90.35,30.04,30.19,30.12,,"Mon May 4, 2026 - 14:10:23",User,1.5,ppm,Soils,,,,,,,,,,,,,,,,,,,,,<LOD,1.6018,0.7525,20.6072 , 1.4779,1.1123,<LOD,10.0949,1.0681,587.8015 , 13.4738,21.9011,<LOD,0.0000,6812.8311 , 90.1007,7.2299,<LOD,2.5771,1.4742,<LOD,86.5091,12.3839,56.5238 , 4.1888,2.9684,31.5542 , 10.6506,25.5464,39.3742 , 3.5358,0.5911,36538.3398 , 99.7561,77.5011,941.8326 , 16.7012,11.4118,9112.1943 , 105.0480,6.1068,2223.8420 , 38.8695,3.7323,<LOD,1.1381,5.3470,<LOD,9.6916,0.4651,18.2027 , 1.3821,0.5085,<LOD,1.4768,0.5750,59.6541 , 1.7273,3.6109,1864.1216 , 98.6475,0.2983,53.4655 , 3.5473,5.7236,<LOD,15.7911,1.8021,<LOD,0.7439,0.4284,<LOD,6.0408,3.5841,49.8010 , 1.0992,4.7432,<LOD,7.8464,7.6666,5.8812 , 1.5168,0.4749,3684.5562 , 25.0412,12.2858,5.1155 , 3.4131,2.3937,96.4306 , 6.6450,2.4794,<LOD,0.0000,0.2589,94.4059 , 2.7094,1.4007,102.1828 , 2.0298,10.5743,,,,,,,,,,,,,,,,,,,,,,,,,,,,,,,,,,,6,439.600006,39.000721,-122.662971,10.000000,529183.875000,4316910.500000,
1526,Soils,92.05,31.68,30.29,30.08,,"Mon May 4, 2026 - 14:16:05",User,1.5,ppm,Soils,,,,,,,,,,,,,,,,,,,,,<LOD,1.4783,0.8028,9.9987 , 1.0535,0.6145,<LOD,5.2794,0.3301,347.4941 , 12.2557,21.1157,<LOD,0.0000,6441.5259 , 83.0241,6.8473,<LOD,2.4136,1.6228,<LOD,46.8652,9.6960,64.5076 , 3.8578,2.8450,40.3524 , 10.0407,29.3956,18.2521 , 3.0902,0.4868,28385.4062 , 89.2318,61.0319,134.3884 , 6.7280,1.9783,7808.9355 , 93.7896,5.3302,1316.9882 , 31.5863,2.4682,<LOD,0.9770,5.0491,<LOD,9.5663,0.5468,5.9186 , 0.9919,0.2958,<LOD,1.3979,0.6486,24.9020 , 1.0306,1.6947,1273.8833 , 83.0976,0.2301,45.4805 , 3.3245,6.3043,<LOD,14.2795,1.6387,<LOD,0.5074,0.2784,4.5298 , 2.6037,4.1260,44.8495 , 0.9019,3.6923,<LOD,7.4260,8.8278,1.5733 , 1.1787,0.3270,3617.5142 , 22.3744,11.8184,<LOD,2.4105,0.6224,74.4256 , 5.9460,2.2240,<LOD,0.0000,0.2702,57.3960 , 2.0290,0.8555,67.2394 , 1.6634,8.2262,,,,,,,,,,,,,,,,,,,,,,,,,,,,,,,,,,,6,439.000000,39.000721,-122.662964,10.000000,529184.312500,4316910.500000,
1527,Soils,91.72,31.62,30.03,30.07,,"Mon May 4, 2026 - 14:18:37",User,1.5,ppm,Soils,,,,,,,,,,,,,,,,,,,,,<LOD,1.5289,0.8323,8.2769 , 1.0801,0.6075,<LOD,5.1427,0.3038,338.4903 , 12.4799,21.0608,<LOD,0.0000,6699.3481 , 82.2019,7.1281,<LOD,2.4615,1.6294,<LOD,47.6232,9.7685,58.7453 , 3.7113,2.7755,43.0387 , 10.2426,29.6477,17.4246 , 3.1094,0.4800,28733.7949 , 90.7448,61.7407,133.7910 , 6.7913,1.9629,8209.5498 , 93.0421,5.5912,1381.2762 , 32.5633,2.5633,<LOD,0.9976,5.1208,<LOD,9.6093,0.5335,9.0845 , 1.0686,0.3350,<LOD,1.4194,0.6447,24.6967 , 1.0456,1.6898,1282.6078 , 81.1592,0.2337,45.6430 , 3.3916,6.3358,<LOD,14.1572,1.6968,<LOD,0.4950,0.2581,<LOD,3.9518,4.0035,44.5559 , 0.9109,3.6640,<LOD,7.5683,8.8413,3.0923 , 1.2078,0.3534,3718.1541 , 22.2164,12.2164,<LOD,2.4705,0.6378,68.6366 , 5.8236,2.2527,<LOD,0.0000,0.2848,53.8830 , 2.0191,0.8249,69.3494 , 1.7037,8.3979,,,,,,,,,,,,,,,,,,,,,,,,,,,,,,,,,,,8,438.799988,39.000721,-122.662956,10.000000,529185.062500,4316910.500000,
1528,Soils,91.95,31.80,30.04,30.11,,"Mon May 4, 2026 - 14:22:30",User,1.5,ppm,Soils,,,,,,,,,,,,,,,,,,,,,<LOD,1.7279,0.6678,<LOD,1.3567,0.2579,<LOD,4.3581,0.1578,329.4109 , 13.7382,15.7558,<LOD,0.0000,36568.8242 , 191.4989,32.5102,<LOD,2.6990,1.2178,72.2135 , 40.1052,12.4749,63.2200 , 4.4774,2.5232,47.2484 , 11.2732,22.1222,14.0638 , 3.1691,0.3614,43179.7852 , 109.9315,77.6012,6.1901 , 3.3669,0.2859,5059.5332 , 86.3863,3.3190,1008.0714 , 30.2436,1.7606,<LOD,1.1230,4.5009,<LOD,9.6165,0.3021,4.5458 , 1.0590,0.2328,<LOD,1.5777,0.4988,25.3407 , 1.1461,1.4682,334.6493 , 87.0224,0.1926,<LOD,5.2766,3.8374,<LOD,36.1912,7.5825,<LOD,0.5175,0.2137,<LOD,6.6960,3.0828,275.2261 , 2.1572,14.6028,<LOD,10.8951,6.7497,3.6001 , 1.3500,0.3208,4687.1982 , 27.4347,12.6926,2.2233 , 1.7279,0.5248,92.0454 , 7.3881,2.2846,<LOD,8.4052,0.1934,56.0144 , 2.1184,0.6470,104.9530 , 2.3529,11.0409,,,,,,,,,,,,,,,,,,,,,,,,,,,,,,,,,,,6,437.700012,39.000778,-122.662971,10.000000,529183.750000,4316917.000000,
1529,Soils,90.15,30.12,30.22,29.81,,"Mon May 4, 2026 - 14:25:33",User,1.5,ppm,Soils,,,,,,,,,,,,,,,,,,,,,<LOD,1.7720,0.6668,<LOD,1.3971,0.2672,<LOD,4.2582,0.1423,311.1146 , 14.0687,15.5407,<LOD,0.0000,38439.1719 , 195.0464,34.2385,<LOD,2.7952,1.2478,<LOD,87.0312,12.4760,60.1978 , 4.4438,2.4838,41.9866 , 11.5656,21.9698,14.6688 , 3.2761,0.3655,43710.2305 , 113.4143,78.3573,6.3913 , 3.5060,0.2914,5422.4058 , 88.4794,3.5355,1061.7976 , 31.5141,1.8161,<LOD,1.1548,4.4849,<LOD,9.9909,0.3125,3.8214 , 1.0611,0.2212,<LOD,1.6198,0.4994,24.6213 , 1.1819,1.4569,436.4748 , 89.0595,0.2047,<LOD,5.4060,3.8100,<LOD,37.0038,7.8667,<LOD,0.4967,0.1847,<LOD,7.2001,3.0962,277.7661 , 2.2238,14.6678,<LOD,8.5464,6.6137,2.8001 , 1.3313,0.2928,4898.2373 , 27.8076,13.1906,4.7313 , 1.8365,0.5611,98.5788 , 7.5173,2.3743,<LOD,8.9208,0.2065,53.1715 , 2.1464,0.6283,106.2746 , 2.4261,11.0996,,,,,,,,,,,,,,,,,,,,,,,,,,,,,,,,,,,8,434.200012,39.000763,-122.663002,10.000000,529181.125000,4316915.500000,
1530,Soils,92.07,31.88,30.11,30.08,,"Mon May 4, 2026 - 14:28:27",User,1.5,ppm,Soils,,,,,,,,,,,,,,,,,,,,,<LOD,1.6993,0.7863,70.3787 , 1.8841,1.7794,<LOD,4.7170,0.2044,524.6237 , 14.7462,23.2057,<LOD,0.0000,2160.0339 , 66.8863,2.8678,<LOD,2.7366,1.5127,66.8535 , 44.7981,19.1924,64.3313 , 5.2080,3.5826,55.6546 , 11.9259,30.6326,18.9028 , 3.3455,0.4500,55692.7734 , 120.0401,120.7453,32.2127 , 4.5751,0.6366,5570.1650 , 98.0965,3.9772,2585.5759 , 42.6116,4.4283,<LOD,1.1326,5.1255,<LOD,11.1547,0.4498,12.3924 , 1.2566,0.3660,<LOD,1.5627,0.5990,35.0774 , 1.2515,2.0681,4975.5229 , 159.7731,0.5995,117.9719 , 4.1551,7.8087,<LOD,12.4471,0.9778,<LOD,0.5456,0.2631,<LOD,7.1487,4.2071,112.6260 , 1.4365,7.1730,<LOD,8.7046,8.7511,5.4608 , 1.4381,0.3945,5680.9985 , 33.3413,18.9653,<LOD,2.3797,0.4817,123.7677 , 8.9259,3.5345,<LOD,8.9951,0.2468,35.6810 , 1.9180,0.5913,117.0167 , 2.3046,11.9670,,,,,,,,,,,,,,,,,,,,,,,,,,,,,,,,,,,7,434.000000,39.000755,-122.662994,10.000000,529181.875000,4316914.500000,
1531,Soils,94.37,34.18,30.14,30.05,,"Mon May 4, 2026 - 14:31:09",User,1.5,ppm,Soils,,,,,,,,,,,,,,,,,,,,,<LOD,213.4474,0.7734,1409.9913 , 85.4242,0.5069,627.3884 , 186.3695,0.1007,59575.9297 , 2291.7356,23.2969,<LOD,0.0000,40781.1367 , 1440.0193,2.9572,<LOD,352.9458,1.5460,3082.7869 , 977.4572,5.0753,2521.6982 , 213.1587,3.5453,9903.1582 , 1744.3013,30.5192,2468.7537 , 189.9285,0.2421,571449.5625 , 2419.8796,31.1306,1305.0425 , 232.8295,0.2360,91439.1250 , 1593.0190,4.1626,35562.9102 , 957.4539,1.7468,7807.7974 , 89.9552,6.0926,4075.7976 , 386.0082,0.2817,642.3369 , 64.5640,0.1247,<LOD,199.1832,0.6286,810.2286 , 57.6293,0.5332,40463.6289 , 2052.3364,0.6606,10584.0312 , 499.7161,7.7927,<LOD,391.9016,0.9814,193.1938 , 20.5496,0.1157,713.5508 , 357.6613,4.1965,2869.8496 , 70.5604,1.8724,<LOD,1204.3559,8.8570,172.8624 , 78.2681,0.1342,103219.4453 , 1146.4778,19.6105,299.4453 , 77.0686,0.1398,1595.1837 , 280.2560,3.6051,2088.5051 , 326.4116,0.1196,909.8492 , 89.5216,0.2044,3426.7498 , 120.7933,3.2087,,,,,,,,,,,,,,,,,,,,,,,,,,,,,,,,,,,5,434.700012,39.000740,-122.662910,10.000000,529188.687500,4316912.500000,
1532,Soils,90.31,30.08,30.14,30.09,,"Mon May 4, 2026 - 14:33:44",User,1.5,ppm,Soils,,,,,,,,,,,,,,,,,,,,,<LOD,1.6807,0.7587,71.2045 , 1.8624,1.8183,<LOD,4.7103,0.2150,534.2734 , 14.8361,23.3929,<LOD,0.0000,2267.3120 , 70.0918,3.0099,<LOD,2.7280,1.4812,<LOD,103.2996,19.4372,63.8572 , 5.3316,3.5712,51.4867 , 11.9759,30.5710,18.2672 , 3.2573,0.4477,56220.6641 , 118.2598,122.7063,27.0491 , 4.3012,0.5842,5898.5176 , 103.1268,4.2230,2636.2761 , 42.0822,4.5440,<LOD,1.1139,5.1868,<LOD,10.7734,0.4296,13.8778 , 1.2551,0.3833,<LOD,1.5968,0.6228,35.3714 , 1.2478,2.1397,6037.3350 , 175.9782,0.6998,117.5084 , 4.1743,7.8128,<LOD,12.9954,1.0088,<LOD,0.5187,0.2453,<LOD,4.5920,4.1179,113.1831 , 1.4089,7.2367,<LOD,8.7632,8.8499,5.1297 , 1.4385,0.4077,5820.4546 , 35.1445,19.7593,1.9796 , 1.6224,0.5322,106.0541 , 9.2024,3.5633,<LOD,8.7877,0.2474,35.4275 , 1.8714,0.5907,117.9978 , 2.2644,12.1118,,,,,,,,,,,,,,,,,,,,,,,,,,,,,,,,,,,6,435.500000,39.000725,-122.662895,10.000000,529189.937500,4316911.000000,
1533,Soils,92.83,32.64,30.08,30.11,,"Mon May 4, 2026 - 14:36:43",User,1.5,ppm,Soils,,,,,,,,,,,,,,,,,,,,,<LOD,163.7472,0.5670,<LOD,58.5637,0.0872,374.6049 , 134.5729,0.0558,28971.1406 , 1591.4291,15.2312,<LOD,0.0000,361652.3438 , 2071.8396,21.1626,<LOD,258.1665,1.0165,3527.2393 , 897.3462,3.0003,5014.6865 , 185.4179,2.5380,5717.6475 , 1214.4406,20.8555,1572.6476 , 155.8414,0.1692,432818.3750 , 1974.9888,17.8240,382.9280 , 153.6914,0.0957,45347.5352 , 878.8510,2.4368,15434.7393 , 809.4474,0.7284,6012.1758 , 68.6044,4.6417,3553.2935 , 340.6874,0.2438,195.6450 , 42.6219,0.0582,<LOD,149.3254,0.4326,407.2171 , 42.7156,0.3007,2605.5540 , 847.6453,0.1694,<LOD,773.2470,3.7027,1740.9777 , 636.8484,4.9856,137.1796 , 16.2329,0.0787,<LOD,544.6692,2.8188,5291.4917 , 90.3802,3.3447,<LOD,862.2607,6.0864,98.5587 , 61.4599,0.0900,73492.1172 , 861.6528,8.7152,259.3776 , 68.1744,0.1212,1023.4670 , 224.4282,1.5949,1582.2977 , 288.2645,0.0972,709.9917 , 81.2144,0.1757,2076.7373 , 93.6619,2.3354,,,,,,,,,,,,,,,,,,,,,,,,,,,,,,,,,,,7,431.899994,39.000710,-122.662811,10.000000,529197.312500,4316909.500000,
1534,Soils,92.02,31.67,30.20,30.15,,"Mon May 4, 2026 - 14:39:13",User,1.5,ppm,Soils,,,,,,,,,,,,,,,,,,,,,<LOD,1.9000,0.5483,<LOD,2.4578,0.2787,<LOD,4.7954,0.1345,465.7956 , 16.0490,15.2801,<LOD,0.0000,31209.1328 , 182.9677,23.0756,<LOD,2.9923,1.0018,<LOD,68.7377,11.1787,129.5978 , 4.8680,2.5185,77.9588 , 13.0459,20.7158,10.8615 , 3.4761,0.3055,47165.6484 , 120.8750,70.7713,6.8443 , 3.7294,0.2412,4817.0825 , 87.2456,2.6668,683.9409 , 29.1725,1.1812,<LOD,1.1724,3.4252,22.6319 , 8.6194,0.4628,3.3070 , 1.1223,0.1838,<LOD,1.7749,0.4321,22.7841 , 1.1969,1.1098,398.1208 , 91.3211,0.1672,6.8118 , 4.0866,3.6690,<LOD,33.9654,5.3831,<LOD,0.5742,0.1855,8.0775 , 3.3718,2.8619,310.6768 , 2.4733,13.5236,<LOD,9.5993,6.0505,3.0038 , 1.4483,0.2528,4013.2805 , 26.1705,9.1345,<LOD,3.7660,0.4308,83.7838 , 7.0567,1.6858,<LOD,9.8666,0.1864,40.9148 , 2.1454,0.4672,98.5523 , 2.5328,8.9581,,,,,,,,,,,,,,,,,,,,,,,,,,,,,,,,,,,7,432.200012,39.000782,-122.662903,10.000000,529189.375000,4316917.500000,
1535,Soils,91.82,31.73,30.01,30.08,,"Mon May 4, 2026 - 14:41:32",User,1.5,ppm,Soils,,,,,,,,,,,,,,,,,,,,,<LOD,1.8976,0.5533,<LOD,1.6482,0.2608,<LOD,4.9229,0.1426,470.5107 , 15.9621,15.2831,<LOD,0.0000,32135.6699 , 182.9222,23.7353,<LOD,2.9708,0.9965,<LOD,66.9098,11.1828,129.9898 , 4.8237,2.5233,78.1639 , 12.9714,20.6941,12.9795 , 3.5036,0.3119,47494.1914 , 120.6660,71.0340,6.2383 , 3.7653,0.2445,4918.5444 , 87.1415,2.7319,691.1454 , 29.2587,1.1941,<LOD,1.1808,3.4892,15.9324 , 8.4344,0.4381,3.4708 , 1.1218,0.1843,<LOD,1.7630,0.4306,22.2637 , 1.1879,1.0923,630.3724 , 94.1846,0.1830,8.5743 , 4.0710,3.6890,<LOD,33.9887,5.4979,<LOD,0.5755,0.1857,7.5609 , 3.3490,2.8496,311.0573 , 2.4651,13.4789,<LOD,12.3577,6.1233,2.6149 , 1.4564,0.2526,4114.5308 , 26.2730,9.3640,<LOD,4.0985,0.4334,79.2285 , 7.0195,1.7004,<LOD,10.1570,0.1992,42.9081 , 2.1665,0.4784,102.2999 , 2.5512,9.1275,,,,,,,,,,,,,,,,,,,,,,,,,,,,,,,,,,,6,432.000000,39.000782,-122.662903,10.000000,529189.625000,4316917.500000,
1536,Soils,90.30,30.11,30.08,30.11,,"Mon May 4, 2026 - 14:44:16",User,1.5,ppm,Soils,,,,,,,,,,,,,,,,,,,,,<LOD,1.6145,0.7966,54.3787 , 1.5971,1.5163,<LOD,4.9803,0.2709,366.7466 , 13.0481,19.4529,<LOD,0.0000,2151.4500 , 64.3199,2.9106,<LOD,2.6342,1.6257,<LOD,59.6560,17.5751,93.8176 , 4.9519,3.7268,36.7487 , 10.6777,27.0545,29.2253 , 3.3292,0.5352,53167.2852 , 110.6199,117.8315,112.4586 , 6.3128,1.6239,6336.8506 , 99.3960,4.5660,45.8828 , 16.5683,0.7442,<LOD,1.1038,5.7996,<LOD,9.6050,0.3910,8.7490 , 1.1078,0.3411,<LOD,1.4319,0.5578,42.4414 , 1.2951,2.5983,7087.4678 , 173.0275,0.7910,170.9808 , 4.0061,8.5533,<LOD,18.9035,1.0210,<LOD,0.4959,0.2499,8.5958 , 2.7748,3.8665,74.0009 , 1.1234,5.2562,<LOD,11.2020,8.1900,5.4061 , 1.3499,0.4195,4675.3110 , 29.2087,16.0198,2.3358 , 1.7705,0.7081,146.2796 , 8.0972,3.2722,<LOD,0.0000,0.2258,42.1232 , 1.8892,0.6978,146.4700 , 2.3072,14.5117,,,,,,,,,,,,,,,,,,,,,,,,,,,,,,,,,,,8,431.799988,39.000778,-122.662903,10.000000,529189.375000,4316917.000000,
1537,Soils,90.39,30.13,30.14,30.12,,"Mon May 4, 2026 - 14:46:51",User,1.5,ppm,Soils,,,,,,,,,,,,,,,,,,,,,<LOD,1.6044,0.7751,54.3589 , 1.6101,1.5133,<LOD,5.0734,0.2768,362.5891 , 13.1242,19.4267,<LOD,0.0000,2351.2756 , 67.0027,3.1366,<LOD,2.6435,1.6157,<LOD,60.5871,17.8889,97.2289 , 4.9849,3.7300,38.6624 , 10.7487,27.1528,24.1256 , 3.2656,0.5057,53670.8555 , 111.9182,119.0848,109.5203 , 6.3021,1.5898,6631.1216 , 101.9958,4.7678,44.9938 , 16.7141,0.7463,<LOD,1.1088,5.7484,<LOD,9.8571,0.4101,8.7581 , 1.1191,0.3419,<LOD,1.4950,0.6066,43.6285 , 1.3133,2.6435,8165.9106 , 184.1030,0.8901,166.4484 , 4.0144,8.4586,<LOD,12.7924,1.0487,<LOD,0.5007,0.2494,6.6997 , 2.7815,3.8270,73.2259 , 1.1278,5.2027,<LOD,9.9672,8.1662,7.3446 , 1.3725,0.4476,4815.0444 , 29.7565,16.5039,<LOD,3.7201,0.6841,143.3596 , 8.2063,3.3134,<LOD,0.0000,0.2179,39.6533 , 1.8767,0.6767,147.3354 , 2.3335,14.5793,,,,,,,,,,,,,,,,,,,,,,,,,,,,,,,,,,,8,431.899994,39.000771,-122.662910,10.000000,529188.937500,4316916.000000,
1538,Soils,91.89,31.70,30.09,30.10,,"Mon May 4, 2026 - 14:50:05",User,1.5,ppm,Soils,,,,,,,,,,,,,,,,,,,,,<LOD,1.7622,0.6378,51.5604 , 1.7191,1.1996,<LOD,6.7555,0.3419,573.8542 , 14.9433,18.2126,<LOD,0.0000,684.6127 , 61.6786,1.5474,<LOD,2.8165,1.2202,<LOD,84.7975,34.3197,88.9621 , 6.1353,4.0962,49.5971 , 11.9158,22.2636,43.6968 , 3.9737,0.5356,101852.6562 , 143.2399,221.3838,179.5034 , 8.4870,2.0263,9044.4561 , 137.7715,6.3878,172.2547 , 19.8194,1.0528,<LOD,1.2296,4.7299,<LOD,13.6098,0.4176,3.9886 , 1.2195,0.2783,<LOD,1.7711,0.5184,51.2710 , 1.5605,2.5225,3186.0078 , 167.9085,0.5285,49.9160 , 3.9205,4.7992,<LOD,11.8880,0.6561,<LOD,0.6079,0.2451,7.2954 , 3.0662,3.1444,34.8077 , 0.9366,2.4283,<LOD,8.7627,6.6486,5.6267 , 1.4882,0.3383,3334.9775 , 31.5356,11.7191,3.0379 , 2.1543,0.6931,120.8891 , 8.7682,2.6658,<LOD,0.0000,0.2183,40.5664 , 2.1138,0.6099,116.6158 , 2.3083,9.6302,,,,,,,,,,,,,,,,,,,,,,,,,,,,,,,,,,,8,431.700012,39.000748,-122.662941,10.000000,529186.187500,4316913.500000,
1539,Soils,90.29,30.08,30.29,29.92,,"Mon May 4, 2026 - 14:52:12",User,1.5,ppm,Soils,,,,,,,,,,,,,,,,,,,,,<LOD,1.8216,0.6356,52.2768 , 1.7552,1.2163,<LOD,6.7238,0.3285,580.5267 , 15.5005,18.3442,<LOD,0.0000,729.8878 , 64.3471,1.5996,<LOD,2.9183,1.2225,<LOD,86.3579,34.8771,85.6675 , 6.2842,4.0993,43.9267 , 12.3385,22.1810,46.5376 , 4.0935,0.5534,103284.4609 , 145.9878,226.1082,180.0519 , 8.6255,2.0361,9810.0723 , 146.0854,6.9416,184.4901 , 20.3151,1.0856,<LOD,1.2343,4.6127,<LOD,13.8669,0.4187,4.0435 , 1.2449,0.2819,<LOD,1.7316,0.5174,51.1537 , 1.5905,2.5382,3935.1609 , 182.6225,0.6039,49.3289 , 4.0612,4.8026,<LOD,12.5824,0.7139,<LOD,0.6133,0.2443,<LOD,7.3025,3.0918,35.3215 , 0.9566,2.4620,<LOD,9.0501,6.5853,5.4031 , 1.5316,0.3440,3375.5127 , 33.4638,12.1981,4.3941 , 2.2183,0.7158,108.7385 , 9.0510,2.6972,<LOD,0.0000,0.2113,42.4728 , 2.1678,0.6243,115.4435 , 2.3369,9.5868,,,,,,,,,,,,,,,,,,,,,,,,,,,,,,,,,,,8,434.399994,39.000767,-122.662941,10.000000,529186.500000,4316915.500000,
1540,Soils,94.20,34.03,30.05,30.12,,"Mon May 4, 2026 - 14:55:00",User,1.5,ppm,Soils,,,,,,,,,,,,,,,,,,,,,<LOD,175.2982,0.6818,616.9805 , 62.1576,0.3134,268.4723 , 174.5800,0.1030,38756.2461 , 1679.9000,18.0700,<LOD,0.0000,63578.1328 , 1652.2562,4.7423,<LOD,282.5722,1.3076,1199.6985 , 885.2397,6.9129,15553.1455 , 276.1861,8.4181,5661.9473 , 1296.5090,23.3944,1708.0120 , 170.0176,0.2342,651071.7500 , 2398.2766,43.5341,3909.6880 , 334.9369,0.6269,88712.3281 , 1581.8157,4.6203,7778.9355 , 497.4171,0.7409,6609.8652 , 78.6333,5.5622,10569.1113 , 512.1006,0.6615,325.3075 , 50.8600,0.0909,<LOD,158.9567,0.5156,797.6654 , 57.4154,0.5770,29331.8398 , 1981.7416,0.6124,4994.1816 , 380.7102,5.3999,<LOD,477.3060,1.3567,113.1695 , 16.8251,0.0873,695.2491 , 289.0897,3.3254,4201.0625 , 84.4766,2.9825,<LOD,1236.1979,6.9978,166.3724 , 63.7903,0.1104,56459.8477 , 811.0630,12.4595,348.7174 , 92.7266,0.2336,1502.1913 , 237.2345,2.7527,1601.3053 , 342.0317,0.1532,992.5409 , 86.8676,0.2297,2476.1836 , 102.2194,2.7864,,,,,,,,,,,,,,,,,,,,,,,,,,,,,,,,,,,6,434.399994,39.000763,-122.662941,10.000000,529186.500000,4316915.500000,
1541,Soils,93.81,33.63,30.13,30.05,,"Mon May 4, 2026 - 14:57:25",User,1.5,ppm,Soils,,,,,,,,,,,,,,,,,,,,,<LOD,170.1721,0.6808,523.0952 , 58.9075,0.2984,391.3150 , 180.5685,0.1193,35624.1719 , 1623.2900,17.9294,<LOD,0.0000,66565.1484 , 1623.6511,5.0778,<LOD,275.9817,1.3266,1954.9421 , 871.4106,7.1275,15238.7617 , 263.4790,8.4561,5012.4341 , 1256.9553,23.3793,1778.7690 , 167.2048,0.2431,644830.5625 , 2304.5967,44.3609,4284.2231 , 325.3712,0.6785,93612.4688 , 1544.5079,5.0208,7996.2832 , 493.0223,0.7684,6240.4390 , 74.0670,5.4612,10257.0977 , 496.6530,0.6728,329.0911 , 50.1118,0.0951,<LOD,151.4361,0.4933,741.6794 , 55.5838,0.5720,32066.8457 , 1929.8730,0.6709,4777.3398 , 371.8727,5.4131,<LOD,481.5828,1.4246,128.0135 , 16.8587,0.0945,636.7325 , 282.4179,3.3310,4130.5474 , 81.7606,3.0480,<LOD,880.9498,6.9199,167.2502 , 63.9362,0.1189,57424.5273 , 787.3513,12.8811,383.7186 , 93.5182,0.2580,1562.5209 , 230.5760,2.8523,<LOD,0.0000,0.1602,967.2971 , 82.5059,0.2267,2374.6121 , 98.0193,2.7852,,,,,,,,,,,,,,,,,,,,,,,,,,,,,,,,,,,5,434.600006,39.000767,-122.662933,10.000000,529186.937500,4316915.500000,
1542,Soils,92.23,31.97,30.21,30.05,,"Mon May 4, 2026 - 15:01:05",User,1.5,ppm,Soils,,,,,,,,,,,,,,,,,,,,,<LOD,1.7189,0.6651,39.9858 , 1.5975,1.0557,<LOD,6.4591,0.3222,476.6194 , 14.4064,18.0178,<LOD,0.0000,4612.5142 , 96.9906,5.3256,<LOD,2.7664,1.2963,<LOD,79.0401,27.4318,495.5628 , 8.3652,8.5354,38.3469 , 11.6175,23.1814,37.8345 , 4.3552,0.6590,82612.1328 , 136.2613,175.3241,216.8515 , 9.1719,2.4699,7564.3428 , 122.0015,5.2824,352.6128 , 23.5062,1.3518,<LOD,1.2045,4.6933,447.6162 , 14.4713,2.1144,4.7637 , 1.2105,0.2868,<LOD,1.5880,0.5121,45.3254 , 1.5082,2.3622,5843.9639 , 189.6322,0.7252,70.4625 , 3.9230,5.4344,<LOD,17.4870,1.4241,<LOD,0.5914,0.2445,7.6626 , 3.0027,3.3183,214.4753 , 2.0150,11.8939,<LOD,8.5933,7.0104,4.6959 , 1.5262,0.3642,3872.5818 , 31.7779,13.0956,<LOD,3.7071,0.8468,135.4581 , 8.8267,2.8673,<LOD,0.0000,0.4126,52.6065 , 2.2527,0.7189,106.5586 , 2.4179,10.8562,,,,,,,,,,,,,,,,,,,,,,,,,,,,,,,,,,,6,433.200012,39.000763,-122.662933,10.000000,529186.750000,4316915.500000,
1543,Soils,90.30,30.13,30.10,30.07,,"Mon May 4, 2026 - 15:03:25",User,1.5,ppm,Soils,,,,,,,,,,,,,,,,,,,,,<LOD,1.7822,0.6845,40.1070 , 1.6241,1.0765,<LOD,6.5925,0.3349,465.2970 , 14.7234,17.8960,<LOD,0.0000,4448.9385 , 97.3371,5.2037,<LOD,2.8562,1.3258,<LOD,78.9065,27.2013,487.7198 , 8.4405,8.4637,45.4377 , 11.8990,23.3503,34.9742 , 4.3150,0.6436,82881.5938 , 136.8502,176.4020,213.1089 , 9.1383,2.4388,7520.8765 , 123.6115,5.2780,338.6906 , 23.4866,1.3434,<LOD,1.2081,4.6912,442.0278 , 14.3223,2.0523,7.0824 , 1.2586,0.3088,<LOD,1.6188,0.5070,42.9324 , 1.4985,2.2915,5699.5791 , 190.6284,0.7131,66.8979 , 4.0022,5.3744,<LOD,18.9909,1.4741,<LOD,0.5977,0.2472,5.0991 , 3.0588,3.2701,213.5155 , 2.0176,11.8643,<LOD,8.7348,6.9231,4.7098 , 1.4751,0.3440,3877.4536 , 32.2712,13.1643,2.8395 , 2.3738,0.8800,133.5598 , 8.9433,2.8673,<LOD,0.0000,0.3929,55.8961 , 2.2919,0.7405,103.1381 , 2.3997,10.6369,,,,,,,,,,,,,,,,,,,,,,,,,,,,,,,,,,,7,433.299988,39.000759,-122.662933,10.000000,529186.750000,4316915.000000,
1546,System Check,100.16,,,,,"Tue May 5, 2026 - 07:54:56",User,,,System Check,Pass,,7.44486,156.745,7.45576,138.467,,,,,,,,,,,,,,,,,,,,,,,,,,,,,,,,,,,,,,,,,,,,,,,,,,,,,,,,,,,,,,,,,,,,,,,,,,,,,,,,,,,,,,,,,,,,,,,,,,,,,,,,,,,,,,,,,,,,,,,,,,,,,,,,,,,,,,,,,,,,,,,,,,,,,,,,,,,,,
1547,Health Check,151.63,,,,,"Tue May 5, 2026 - 07:55:39",User,,,Health Check,Pass,Detector Quality: 1.44 — Pass; Fault Free: Pass; Battery Health  97%: Pass; C#1 Voltage  3887 mV: Pass; C#2 Voltage  3886 mV: Pass; Tube Health: Pass; System Check: Reading #1546 - Pass; Filter Wheel Check: Pass; XRay LED Test: Pass; Wi-Fi: Pass; Bluetooth: Pass; GPS: Pass; ,,,,,,,,,,,,,,,,,,,,,,,,,,,,,,,,,,,,,,,,,,,,,,,,,,,,,,,,,,,,,,,,,,,,,,,,,,,,,,,,,,,,,,,,,,,,,,,,,,,,,,,,,,,,,,,,,,,,,,,,,,,,,,,,,,,,,,,,,,,,,,,,,,,,,,,,,,,,,,,,,
1568,System Check,98.51,,,,,"Wed May 6, 2026 - 08:08:44",User,,,System Check,Pass,,7.44404,152.808,7.45543,138.706,,,,,,,,,,,,,,,,,,,,,,,,,,,,,,,,,,,,,,,,,,,,,,,,,,,,,,,,,,,,,,,,,,,,,,,,,,,,,,,,,,,,,,,,,,,,,,,,,,,,,,,,,,,,,,,,,,,,,,,,,,,,,,,,,,,,,,,,,,,,,,,,,,,,,,,,,,,,,
1569,Health Check,148.95,,,,,"Wed May 6, 2026 - 08:09:26",User,,,Health Check,Pass,Detector Quality: 1.04 — Pass; Fault Free: Pass; Battery Health  98%: Pass; C#1 Voltage  3783 mV: Pass; C#2 Voltage  3780 mV: Pass; Tube Health: Pass; System Check: Reading #1568 - Pass; Filter Wheel Check: Pass; XRay LED Test: Pass; Wi-Fi: Pass; Bluetooth: Pass; GPS: Pass; ,,,,,,,,,,,,,,,,,,,,,,,,,,,,,,,,,,,,,,,,,,,,,,,,,,,,,,,,,,,,,,,,,,,,,,,,,,,,,,,,,,,,,,,,,,,,,,,,,,,,,,,,,,,,,,,,,,,,,,,,,,,,,,,,,,,,,,,,,,,,,,,,,,,,,,,,,,,,,,,,,
1571,General Metals,77.93,77.93,,,,"Wed May 6, 2026 - 08:52:45",User,2,%,General Metals,,,,,,,,,,,,,,,,,LA-C Steel,0.00,Fe,3.21,0.0057 , 0.0041,19.2906,,,,<LOD,0.0000,0.3011,,,,,,,,,<LOD,0.0039,7.9711,0.3171 , 0.0260,312.1433,<LOD,0.0155,3.3209,,,,0.0484 , 0.0037,0.7734,98.4995 , 0.0330,2039.6134,,,,,,,0.3070 , 0.0079,9.0905,0.0014 , 0.0003,1.2968,<LOD,0.0076,0.4488,0.0206 , 0.0147,1.2287,<LOD,0.0062,11.7379,,,,,,,<LOD,0.0046,8.0471,,,,<LOD,0.0008,0.1747,<LOD,0.0039,9.7413,,,,<LOD,0.0000,10.2748,,,,0.0204 , 0.0083,2.9267,,,,<LOD,0.0223,2.4218,<LOD,0.0121,0.1553,0.0345 , 0.0025,0.7122,0.0015 , 0.0003,0.7162,<LOD,0.0000,25.3325,<LOD,0.0020,-0.3274,<LOD,0.0000,0.0000,0.7500,,<LOD,0.0008,0.7693,<LOD,0.0000,0.0000,<LOD,0.0014,1.9231,<LOD,0.0000,0.0000,0.0003 , 0.0002,0.1811,,,,,,,,,7,428.399994,39.000340,-122.670723,10.000000,528512.250000,4316866.000000,
1572,General Metals,32.84,32.84,,,,"Wed May 6, 2026 - 08:54:57",User,2,%,General Metals,,,,,,,,,,,,,,,,,LA-C Steel,0.00,Fe,2.91,0.0079 , 0.0056,19.1298,,,,<LOD,0.0000,0.2724,,,,,,,,,<LOD,0.0061,7.7695,0.3122 , 0.0407,306.6302,<LOD,0.0234,3.0542,,,,0.0433 , 0.0056,0.7145,98.4824 , 0.0516,2005.2651,,,,,,,0.3151 , 0.0125,9.0219,0.0016 , 0.0005,1.2815,<LOD,0.0114,0.4202,0.0304 , 0.0034,1.4314,0.0044 , 0.0038,11.8854,,,,,,,<LOD,0.0072,7.9538,,,,<LOD,0.0014,0.1932,<LOD,0.0061,9.7252,,,,<LOD,0.0000,10.3720,,,,0.0224 , 0.0129,2.8850,,,,<LOD,0.0346,2.3515,<LOD,0.0220,0.1632,0.0358 , 0.0040,0.7202,0.0010 , 0.0004,0.6409,<LOD,0.0000,25.1504,<LOD,0.0034,-0.3813,<LOD,0.0000,0.0000,0.7500,,<LOD,0.0012,0.7541,<LOD,0.0000,0.0000,<LOD,0.0014,1.6814,<LOD,0.0000,0.0000,<LOD,0.0008,0.1759,,,,,,,,,5,426.500000,39.000313,-122.670677,10.000000,528516.312500,4316863.000000,
1573,General Metals,12.11,12.11,,,,"Wed May 6, 2026 - 09:06:33",User,2,%,General Metals,,,,,,,,,,,,,,,,,No Match,4.05,No Match,4.91,<LOD,0.0017,40.4468,,,,<LOD,0.0016,0.6791,,,,,,,,,<LOD,0.0019,38.5709,<LOD,0.0152,8.6273,<LOD,0.0279,2.4729,,,,0.0053 , 0.0012,1.0074,2.0965 , 0.0236,51.8182,,,,,,,0.0291 , 0.0090,2.0626,<LOD,0.0003,4.4701,0.0046 , 0.0018,0.8964,0.0602 , 0.0016,12.1948,<LOD,0.0023,50.2876,,,,,,,<LOD,0.0021,39.4264,,,,<LOD,0.0004,0.5834,<LOD,0.0017,34.2786,,,,<LOD,0.0026,50.4528,,,,0.1503 , 0.0576,5.4300,,,,<LOD,0.0723,3.7747,<LOD,0.0000,0.3214,0.0276 , 0.0014,2.9293,0.0077 , 0.0003,11.1948,97.6160 , 0.0818,114.3349,0.0011 , 0.0004,0.8804,<LOD,0.0000,0.0000,,,0.0002 , 0.0002,2.9358,<LOD,0.0000,0.0000,<LOD,0.0004,7.8515,<LOD,0.0000,0.0000,0.0014 , 0.0002,1.7954,,,,,,,,,3,421.899994,39.000660,-122.668373,10.000000,528715.875000,4316902.000000,
1574,General Metals,61.03,61.03,,,,"Wed May 6, 2026 - 09:13:19",User,2,%,General Metals,,,,,,,,,,,,,,,,,No Match,7.29,No Match,7.29,0.0062 , 0.0043,14.4808,,,,<LOD,0.0000,347.8997,,,,,,,,,<LOD,0.0077,5.1904,0.0505 , 0.0094,30.2969,<LOD,0.0583,2.0851,,,,0.0095 , 0.0072,9.7942,3.5063 , 0.0280,156.1443,,,,,,,0.2296 , 0.0112,8.2948,<LOD,0.0031,-5.3896,0.0041 , 0.0030,4.1482,0.4200 , 0.0137,10.3661,<LOD,0.0093,7.0913,,,,<LOD,0.0000,4.0669,<LOD,0.0090,5.1894,,,,<LOD,0.0038,0.4711,<LOD,0.0116,7.6061,,,,<LOD,0.0114,7.2802,,,,0.0537 , 0.0249,2.4109,,,,<LOD,0.0580,1.8357,0.1169 , 0.0384,40.7169,79.9578 , 0.1426,5015.1191,<LOD,0.0008,0.2391,5.6790 , 0.1328,0.8248,0.0072 , 0.0035,0.6410,<LOD,0.0000,0.0000,,,<LOD,0.0011,0.5523,<LOD,0.0000,0.0000,<LOD,0.0026,1.3079,<LOD,0.0000,0.0000,0.0034 , 0.0009,0.6905,<LOD,0.0000,0.0564,3.4281 , 0.0298,5.7800,6.5277 , 0.0646,4.0316,6,412.600006,39.000935,-122.667809,10.000000,528764.875000,4316933.000000,
1575,General Metals,62.17,62.17,,,,"Wed May 6, 2026 - 09:15:22",User,2,%,General Metals,,,,,,,,,,,,,,,,,No Match,7.29,No Match,7.29,0.0081 , 0.0058,14.5946,,,,<LOD,0.0000,346.2649,,,,,,,,,<LOD,0.0074,5.3688,0.0281 , 0.0094,31.4596,<LOD,0.0597,2.1117,,,,0.0104 , 0.0079,9.7081,3.9049 , 0.0288,172.2698,,,,,,,0.1932 , 0.0104,7.2965,<LOD,0.0028,-4.7740,0.0040 , 0.0029,3.9464,0.4392 , 0.0135,10.9683,<LOD,0.0090,7.1228,,,,<LOD,0.0000,3.9862,<LOD,0.0088,5.4114,,,,<LOD,0.0038,0.4574,<LOD,0.0080,7.3222,,,,<LOD,0.0114,7.4588,,,,0.0557 , 0.0244,2.4100,,,,<LOD,0.0575,1.9184,0.1057 , 0.0373,39.9684,78.9551 , 0.1432,4942.5620,0.0019 , 0.0014,0.6189,5.7068 , 0.1339,0.8399,0.0044 , 0.0033,0.5963,<LOD,0.0000,0.0000,,,<LOD,0.0011,0.5390,<LOD,0.0000,0.0000,<LOD,0.0026,1.2990,<LOD,0.0000,0.0000,0.0022 , 0.0008,0.5994,<LOD,0.0000,0.0515,3.2450 , 0.0293,5.5047,7.3352 , 0.0681,4.5627,5,412.500000,39.000893,-122.667824,10.000000,528763.312500,4316928.000000,
1576,General Metals,60.42,60.12,,,,"Wed May 6, 2026 - 09:26:43",User,2,%,General Metals,,,,,,,,,,,,,,,,,No Match,5.63,No Match,6.47,<LOD,0.0058,19.9232,,,,<LOD,0.0000,0.7561,,,,,,,,,<LOD,0.0054,8.2609,0.2151 , 0.0408,357.3896,<LOD,0.0243,3.7807,,,,0.0097 , 0.0041,0.4926,95.1889 , 0.0793,2363.8867,,,,,,,0.3730 , 0.0134,11.7210,0.0014 , 0.0005,1.3563,0.0085 , 0.0073,0.5262,0.0702 , 0.0042,2.8619,<LOD,0.0066,11.3335,,,,0.1463 , 0.0039,1.0534,<LOD,0.0064,8.1722,,,,<LOD,0.0014,0.2412,<LOD,0.0054,10.0172,,,,<LOD,0.0000,10.5260,,,,0.1407 , 0.0152,4.4417,,,,0.0361 , 0.0083,3.6287,<LOD,0.0139,0.1969,0.3799 , 0.0107,6.8026,0.0007 , 0.0005,0.6706,0.7866 , 0.0577,0.1959,<LOD,0.0029,-0.3480,<LOD,0.0000,0.0000,,,0.0005 , 0.0004,0.8471,<LOD,0.0000,0.0000,<LOD,0.0013,1.8878,<LOD,0.0000,0.0000,0.0004 , 0.0003,0.2520,<LOD,0.0000,0.0406,0.9502 , 0.0137,2.2948,1.6163 , 0.0281,1.1366,5,446.299988,38.998615,-122.667732,10.000000,528772.125000,4316675.500000,
1577,General Metals,61.11,61.11,,,,"Wed May 6, 2026 - 09:28:42",User,2,%,General Metals,,,,,,,,,,,,,,,,,No Match,8.00,No Match,8.00,0.0170 , 0.0120,19.6199,,,,<LOD,0.0000,1.3522,,,,,,,,,0.0034 , 0.0029,8.7558,0.2772 , 0.0400,252.5812,0.0124 , 0.0064,4.0695,,,,0.4256 , 0.0128,4.8660,88.3078 , 0.0987,1706.0925,,,,,,,1.0922 , 0.0200,18.9977,0.0013 , 0.0005,1.3245,0.0143 , 0.0021,0.5682,0.6558 , 0.0104,17.0151,<LOD,0.0106,11.8883,,,,0.5715 , 0.0085,3.6860,<LOD,0.0067,8.8570,,,,<LOD,0.0020,0.5269,0.0805 , 0.0033,18.2000,,,,<LOD,0.0000,10.7554,,,,1.1336 , 0.0282,11.8081,,,,0.4444 , 0.0156,9.2517,<LOD,0.0177,0.2977,1.0401 , 0.0165,16.2526,0.0049 , 0.0005,1.2701,1.4711 , 0.0770,0.2849,<LOD,0.0035,0.4629,<LOD,0.0000,0.0000,,,0.0022 , 0.0004,1.0684,<LOD,0.0000,0.0000,<LOD,0.0013,1.8767,<LOD,0.0000,0.0000,0.0028 , 0.0006,0.8162,<LOD,0.0000,0.0475,0.2860 , 0.0088,0.6650,4.1558 , 0.0483,2.8587,3,448.200012,38.998825,-122.667755,10.000000,528770.062500,4316698.500000,
1578,General Metals,61.20,61.20,,,,"Wed May 6, 2026 - 09:30:43",User,2,%,General Metals,,,,,,,,,,,,,,,,,No Match,8.34,No Match,8.37,0.0325 , 0.0229,20.3668,,,,<LOD,0.0000,2.3525,,,,,,,,,0.4085 , 0.0050,47.7997,0.5197 , 0.0407,203.7815,0.0139 , 0.0072,3.0170,,,,0.1308 , 0.0077,1.6231,84.8738 , 0.1083,1292.6991,,,,,,,0.4365 , 0.0153,7.6919,0.0019 , 0.0005,1.4089,0.0155 , 0.0022,0.5761,0.8173 , 0.0115,18.5550,0.0061 , 0.0038,12.8624,,,,<LOD,0.0186,1.3508,0.7571 , 0.0074,73.5922,,,,<LOD,0.0022,0.5409,0.0091 , 0.0032,11.5399,,,,<LOD,0.0000,11.1617,,,,3.1914 , 0.0431,22.6632,,,,0.2876 , 0.0180,8.0859,0.0142 , 0.0103,0.4038,1.8704 , 0.0216,25.6784,0.0046 , 0.0005,1.1964,1.5635 , 0.0883,0.2717,<LOD,0.0044,0.6569,<LOD,0.0000,0.0000,,,0.0118 , 0.0007,2.1726,<LOD,0.0000,0.0000,0.0017 , 0.0012,2.2301,<LOD,0.0000,0.0000,0.0038 , 0.0027,0.9269,<LOD,0.0000,0.0356,1.0738 , 0.0173,1.8891,3.9547 , 0.0526,2.4051,4,447.399994,38.998390,-122.667732,10.000000,528772.125000,4316650.500000,
1579,General Metals,62.50,62.50,,,,"Wed May 6, 2026 - 09:32:36",User,2,%,General Metals,,,,,,,,,,,,,,,,,No Match,5.08,No Match,5.08,<LOD,0.0046,19.0852,,,,<LOD,0.0000,2.8495,,,,,,,,,0.0566 , 0.0023,14.3743,0.1442 , 0.0281,328.5121,<LOD,0.0230,3.5927,,,,0.2046 , 0.0068,2.4972,96.7309 , 0.0411,2176.1323,,,,,,,0.2581 , 0.0084,8.8970,0.0060 , 0.0004,1.9442,0.0190 , 0.0051,0.6009,0.0304 , 0.0024,1.5501,<LOD,0.0050,11.0533,,,,,,,<LOD,0.0049,9.5874,,,,<LOD,0.0010,0.1908,0.0254 , 0.0022,12.7116,,,,<LOD,0.0000,10.7281,,,,0.1162 , 0.0104,4.0063,,,,<LOD,0.0294,2.8109,<LOD,0.0252,0.4890,2.4209 , 0.0182,37.1638,<LOD,0.0008,0.5560,<LOD,0.0000,24.1105,<LOD,0.0024,-0.4186,<LOD,0.0000,0.0000,,,<LOD,0.0006,0.7467,<LOD,0.0000,0.0000,<LOD,0.0009,1.6736,<LOD,0.0000,0.0000,<LOD,0.0006,0.1801,,,,,,,,,5,464.500000,38.998692,-122.667786,10.000000,528767.812500,4316684.000000,
1582,General Metals,61.23,61.23,,,,"Wed May 6, 2026 - 09:43:25",User,2,%,General Metals,,,,,,,,,,,,,,,,,No Match,5.08,No Match,5.89,0.0241 , 0.0174,17.1120,,,,<LOD,0.0047,0.5073,,,,,,,,,<LOD,0.0037,6.0028,0.2231 , 0.0309,132.0663,17.5907 , 0.0318,280.9818,,,,0.0835 , 0.0096,7.6143,67.0506 , 0.0551,869.7892,,,,,,,1.2874 , 0.0252,71.2587,3.0757 , 0.0065,464.5441,9.8131 , 0.0390,81.3611,0.5864 , 0.0065,16.7159,<LOD,0.0043,7.8845,,,,,,,<LOD,0.0044,6.5412,,,,<LOD,0.0015,0.6465,0.0041 , 0.0018,8.3329,,,,<LOD,0.0000,8.2794,,,,0.0837 , 0.0114,2.7738,,,,0.0592 , 0.0078,2.8969,<LOD,0.0000,8.7744,0.1212 , 0.0041,2.4112,0.0009 , 0.0007,1.3843,<LOD,0.0000,27.4894,0.0025 , 0.0015,0.8078,<LOD,0.0000,0.0000,,,0.0013 , 0.0005,3.4557,<LOD,0.0000,0.0000,0.0037 , 0.0011,14.4845,<LOD,0.0000,0.0000,0.0006 , 0.0004,0.7103,,,,,,,,,4,459.100006,38.998821,-122.667770,10.000000,528768.625000,4316698.500000,
1583,General Metals,60.20,60.20,,,,"Wed May 6, 2026 - 09:53:52",User,2,%,General Metals,,,,,,,,,,,,,,,,,No Match,8.31,No Match,8.31,0.0595 , 0.0027,21.0055,,,,<LOD,0.0000,6.9473,,,,,,,,,<LOD,0.0052,9.3640,2.1087 , 0.0364,43.9129,1.3829 , 0.0336,5.0034,,,,0.0658 , 0.0045,1.0731,28.8465 , 0.1185,167.6751,,,,,,,0.2132 , 0.0195,2.3306,0.0042 , 0.0005,1.7998,<LOD,0.0100,0.4306,1.8569 , 0.0161,40.2823,0.0086 , 0.0060,15.1803,,,,<LOD,0.0000,9.5964,<LOD,0.0060,9.1789,,,,<LOD,0.0022,0.9369,<LOD,0.0049,10.4612,,,,<LOD,0.0075,11.2964,,,,44.2435 , 0.1072,138.7791,,,,0.0915 , 0.0480,24.4651,0.0506 , 0.0112,0.9581,6.6010 , 0.0425,95.2327,0.0110 , 0.0005,1.9637,4.5491 , 0.1915,0.6391,0.0158 , 0.0029,1.8478,<LOD,0.0000,0.0000,,,0.0058 , 0.0005,1.5797,<LOD,0.0000,0.0000,0.0027 , 0.0006,2.6685,<LOD,0.0000,0.0000,0.0044 , 0.0007,1.4981,<LOD,0.0000,0.1091,<LOD,0.0000,2.3841,9.8784 , 0.1114,5.5387,6,453.899994,38.997723,-122.668549,10.000000,528702.062500,4316576.000000,
1584,Industrial Paint,1.23,1.23,,,,"Wed May 6, 2026 - 09:55:00",User,2,%,Industrial Paint,,,,,,,,,,,,,Yes,1,1.05474,Pass,,,,,,,,,,,,,,,,,,,,,,,,,,,,,,,,,,,,,,,,,,,,,,,,,,,,,,,0.0923 , 0.0342,0.0923,,,,,,,,,,,,,,,,,,,,,,,,,,,,,,,,,,,,,,,,,,,,,,,,,,,,,,,,,,,,,,,,,,,,,,,,,,,,,,,,,,,6,452.000000,38.997726,-122.668526,10.000000,528703.937500,4316576.500000,
1585,Industrial Paint,1.25,1.25,,,,"Wed May 6, 2026 - 09:55:21",User,2,%,Industrial Paint,,,,,,,,,,,,,Yes,1,1.20283,Pass,,,,,,,,,,,,,,,,,,,,,,,,,,,,,,,,,,,,,,,,,,,,,,,,,,,,,,,0.1092 , 0.0257,0.1092,,,,,,,,,,,,,,,,,,,,,,,,,,,,,,,,,,,,,,,,,,,,,,,,,,,,,,,,,,,,,,,,,,,,,,,,,,,,,,,,,,,6,452.600006,38.997692,-122.668541,10.000000,528702.687500,4316572.500000,
1586,General Metals,61.56,61.56,,,,"Wed May 6, 2026 - 10:20:40",User,2,ppm,General Metals,,,,,,,,,,,,,,,,,LA-C Steel,0.00,Fe,2.91,74.3931 , 53.0224,19.1061,,,,<LOD,0.0000,0.2373,,,,,,,,,<LOD,43.5266,7.8390,2972.0029 , 294.9956,312.5807,<LOD,174.9754,3.2908,,,,677.1331 , 46.4680,0.9505,985638.0625 , 370.7137,2039.1052,,,,,,,2310.0093 , 84.0469,7.8891,32.8109 , 3.9571,1.5064,66.9473 , 46.2531,0.5137,79.2290 , 56.4691,0.9410,<LOD,81.2485,11.3733,,,,,,,<LOD,51.3936,7.8667,,,,<LOD,9.7005,0.1785,232.7285 , 22.9750,12.1851,,,,<LOD,0.0000,10.0924,,,,250.8412 , 93.7728,2.9275,,,,<LOD,249.0582,2.3515,83.6919 , 54.2687,0.1811,125.4351 , 22.2559,0.4220,12.8664 , 2.9993,0.6758,<LOD,0.0000,24.3858,<LOD,25.7632,-0.4178,<LOD,0.0000,0.0000,7500.0000,,3.5490 , 2.9777,0.7616,<LOD,0.0000,0.0000,<LOD,10.2071,1.8071,<LOD,0.0000,0.0000,2.4784 , 2.1683,0.1707,,,,,,,,,10,436.100006,39.006847,-122.662384,10.000000,529232.062500,4317590.500000,
1587,General Metals,60.33,60.33,,,,"Wed May 6, 2026 - 10:23:50",User,2,ppm,General Metals,,,,,,,,,,,,,,,,,LA-1215,3.40,LA-1141/44,3.82,<LOD,61.8374,19.3259,,,,<LOD,45.8140,0.1915,,,,,,,,,<LOD,57.7362,8.1826,2193.6873 , 408.6862,339.8914,<LOD,241.2389,3.5651,,,,1038.1328 , 74.5229,1.4421,977740.1250 , 785.1812,2240.6626,,,,,,,2955.4792 , 124.2049,9.7273,32.6644 , 5.3237,1.6113,175.8889 , 74.6773,0.5982,50.1644 , 35.5641,0.9514,<LOD,71.0644,11.5804,,,,3547.5249 , 60.1859,2.0111,<LOD,68.5132,8.4388,,,,<LOD,13.2974,0.1897,<LOD,68.5100,10.7286,,,,<LOD,0.0000,10.7712,,,,<LOD,573.8814,2.6155,,,,<LOD,329.1303,2.3355,<LOD,0.0000,0.1757,<LOD,58.5994,0.2849,4.5792 , 3.7276,0.6125,4474.8818 , 528.3705,0.1274,<LOD,36.4170,-0.4914,<LOD,0.0000,0.0000,450.0000,,<LOD,10.1926,0.7932,<LOD,0.0000,0.0000,<LOD,13.0581,1.7961,<LOD,0.0000,0.0000,<LOD,6.2624,0.1627,<LOD,0.0000,0.0403,422.5349 , 46.9197,0.2092,6665.4653 , 203.9323,0.4620,7,439.000000,39.006790,-122.662422,10.000000,529228.750000,4317584.500000,
1590,General Metals,61.21,61.21,,,,"Wed May 6, 2026 - 10:40:54",User,2,ppm,General Metals,,,,,,,,,,,,,,,,,LA-C Steel,0.00,LA-1141/44,3.49,132.3078 , 94.2962,19.3563,,,,<LOD,0.0000,0.3241,,,,,,,,,<LOD,47.5219,8.2366,4142.0845 , 297.1366,284.5437,143.3537 , 35.6227,3.3833,,,,482.9854 , 42.6964,0.7253,982683.0000 , 371.0270,1838.8362,,,,,,,2794.4482 , 88.8647,7.9213,27.3486 , 4.1312,1.4685,113.5705 , 45.5600,0.5469,321.4220 , 25.1926,1.3721,49.7602 , 29.6702,12.5287,,,,,,,<LOD,56.7425,8.7858,,,,<LOD,10.6597,0.2045,97.4281 , 24.1388,11.2256,,,,<LOD,0.0000,10.6358,,,,1016.0024 , 107.1681,3.4768,,,,<LOD,263.9003,2.3654,<LOD,106.2038,0.1499,507.2782 , 32.9135,0.8591,41.1707 , 3.8263,1.0024,<LOD,0.0000,26.5556,<LOD,24.1411,-0.3334,<LOD,0.0000,0.0000,7500.0000,,4.8357 , 3.2205,0.8011,<LOD,0.0000,0.0000,<LOD,10.8875,1.9221,<LOD,0.0000,0.0000,9.1115 , 6.4938,0.2358,,,,,,,,,6,437.299988,39.006927,-122.662560,10.000000,529217.000000,4317599.500000,
1591,General Metals,120.02,120.02,,,,"Wed May 6, 2026 - 10:45:38",User,2,ppm,General Metals,,,,,,,,,,,,,,,,,No Match,7.09,No Match,7.16,54.7242 , 39.0097,19.9153,,,,<LOD,0.0000,0.3113,,,,,,,,,<LOD,39.7145,8.5152,2916.5002 , 279.6006,312.6287,132.8360 , 35.7568,3.6832,,,,531.6818 , 39.8610,0.9178,921059.1250 , 708.8698,2033.0642,,,,,,,2919.4609 , 87.3813,9.0832,20.7630 , 3.4368,1.4841,120.1579 , 49.1204,0.5592,205.2925 , 146.3409,1.3089,<LOD,73.0199,12.5998,,,,5265.1567 , 50.2278,2.7523,<LOD,47.4250,9.1129,,,,<LOD,9.4173,0.2319,41.1300 , 20.0389,11.2447,,,,<LOD,0.0000,10.7358,,,,569.3358 , 101.1011,3.2903,,,,<LOD,245.5547,2.4898,<LOD,135.2154,0.1742,375.3433 , 27.1998,0.8483,21.7399 , 2.9604,0.8720,20277.9766 , 592.2310,0.3739,<LOD,21.0102,-0.3674,<LOD,0.0000,0.0000,,,8.2301 , 4.5293,0.8828,<LOD,0.0000,0.0000,<LOD,10.2435,2.0027,<LOD,0.0000,0.0000,5.4619 , 3.8935,0.2228,<LOD,0.0000,0.0456,11452.6680 , 111.3166,2.4457,32456.0938 , 281.4169,1.9997,7,436.000000,39.006924,-122.662575,10.000000,529215.437500,4317599.000000,
1592,General Metals,120.39,120.39,,,,"Wed May 6, 2026 - 10:49:03",User,2,ppm,General Metals,,,,,,,,,,,,,,,,,LA-C Steel,0.00,LA-1141/44,3.49,62.4506 , 44.5134,20.0305,,,,<LOD,0.0000,0.2955,,,,,,,,,<LOD,33.5323,8.8337,3409.3669 , 210.4473,304.6406,<LOD,123.9762,3.1551,,,,846.5643 , 36.0203,1.1004,983969.1875 , 269.7394,1982.4553,,,,,,,2734.2314 , 62.3962,8.3538,19.6076 , 2.8291,1.4588,176.3304 , 34.8861,0.5918,65.5714 , 46.7378,0.8955,<LOD,64.6213,13.0521,,,,,,,<LOD,39.7129,9.0345,,,,<LOD,7.0716,0.1879,140.5986 , 17.1729,12.3841,,,,<LOD,0.0000,11.1862,,,,712.1571 , 73.3573,3.4631,,,,<LOD,184.0919,2.4553,<LOD,91.0450,0.1684,401.6429 , 21.7154,0.7911,29.2316 , 2.5212,0.9228,<LOD,0.0000,28.0901,<LOD,16.3017,-0.3224,<LOD,0.0000,0.0000,7500.0000,,<LOD,7.4585,0.8319,<LOD,0.0000,0.0000,<LOD,8.2585,2.0684,<LOD,0.0000,0.0000,9.3799 , 6.6858,0.2402,,,,,,,,,8,435.100006,39.006916,-122.662567,10.000000,529216.437500,4317598.000000,
1595,General Metals,60.25,59.96,,,,"Wed May 6, 2026 - 11:25:58",User,2,ppm,General Metals,,,,,,,,,,,,,,,,,No Match,7.50,No Match,7.56,248.1787 , 178.5591,16.9671,,,,<LOD,0.0000,163.1461,,,,,,,,,185.3426 , 35.1686,8.1412,4073.2092 , 225.8725,140.7042,155.2045 , 82.6764,2.4280,,,,468.6828 , 68.9072,6.1477,244425.2031 , 543.9232,785.8315,,,,,,,905.3801 , 90.0045,4.4897,<LOD,8.9790,-0.7860,<LOD,142.3944,2.2561,5495.8691 , 127.5355,13.8759,<LOD,80.5679,8.1008,,,,<LOD,0.0000,1.9454,66.2030 , 47.6316,7.3018,,,,<LOD,33.2038,0.4655,2135.0005 , 50.1589,26.1908,,,,<LOD,156.6546,8.8446,,,,989.9344 , 239.2541,2.6214,,,,<LOD,459.9581,1.8897,731.3503 , 359.3582,19.8892,637173.7500 , 1106.5923,2477.2056,6.8510 , 4.9291,0.5321,18129.6758 , 906.8348,0.3347,39.5275 , 28.6992,0.6515,<LOD,0.0000,0.0000,,,<LOD,9.1583,0.5482,<LOD,0.0000,0.0000,14.7007 , 7.9972,1.5786,<LOD,0.0000,0.0000,63.0540 , 45.3660,1.0478,<LOD,0.0000,0.0415,50380.3125 , 346.7344,9.2250,34312.6328 , 491.1728,2.3311,7,437.299988,38.998920,-122.667099,10.000000,528827.000000,4316709.500000,
1596,General Metals,60.14,60.14,,,,"Wed May 6, 2026 - 11:28:34",User,2,ppm,General Metals,,,,,,,,,,,,,,,,,No Match,6.01,No Match,6.12,216.6725 , 156.3995,15.7963,,,,<LOD,0.0000,212.7384,,,,,,,,,352.5216 , 48.3454,8.9421,2944.8638 , 196.5130,99.3693,<LOD,354.9325,2.0820,,,,450.8863 , 75.6499,7.4877,163806.8594 , 521.4154,541.3770,,,,,,,610.0009 , 84.2945,3.5864,<LOD,20.4899,-2.0766,<LOD,161.3915,2.8212,9665.5381 , 196.5445,19.1329,<LOD,107.9896,7.9478,,,,<LOD,0.0000,8.5062,<LOD,153.1142,6.9500,,,,<LOD,46.2763,0.5817,1195.1499 , 55.9537,15.7699,,,,<LOD,154.9393,8.4188,,,,2489.6663 , 298.5303,3.3923,,,,530.6968 , 160.6130,2.5815,1048.0779 , 424.3925,25.8070,805276.5625 , 1134.9058,3197.5198,26.4704 , 7.2443,0.7328,5099.8711 , 673.6249,0.1193,112.9001 , 46.8113,0.9713,<LOD,0.0000,0.0000,,,<LOD,12.7658,0.5784,<LOD,0.0000,0.0000,15.2096 , 10.6288,1.5188,<LOD,0.0000,0.0000,96.3977 , 13.8149,1.2999,<LOD,0.0000,0.0425,1679.1654 , 83.4871,0.3710,4382.4766 , 237.9233,0.3512,6,436.500000,38.998959,-122.667145,10.000000,528823.125000,4316713.500000,
1599,General Metals,63.31,63.31,,,,"Wed May 6, 2026 - 11:38:29",User,2,ppm,General Metals,,,,,,,,,,,,,,,,,No Match,7.01,No Match,7.01,318.0818 , 225.3562,19.4371,,,,<LOD,0.0000,0.3081,,,,,,,,,<LOD,53.6001,8.4268,5810.2505 , 354.3707,203.4155,121.0308 , 54.6771,2.5927,,,,472.6818 , 47.2697,0.7170,801836.8750 , 1252.2133,1270.1517,,,,,,,4143.8560 , 130.7493,7.6108,124.0971 , 6.5204,3.0902,<LOD,100.9073,0.4589,311.0538 , 26.6379,1.2439,44.6826 , 33.6020,13.1250,,,,3130.6472 , 67.7593,1.3191,<LOD,63.5468,8.6831,,,,<LOD,11.4636,0.1860,<LOD,56.1368,10.4078,,,,<LOD,0.0000,10.7922,,,,1845.8860 , 180.2747,3.2737,,,,472.3540 , 94.5888,2.5080,114.8057 , 60.0242,0.1620,675.3149 , 41.7828,1.1214,304.5859 , 8.8219,4.3767,34660.1758 , 1115.5721,0.5172,<LOD,14.6152,-0.1014,<LOD,0.0000,0.0000,,,43.5729 , 4.4320,1.2690,<LOD,0.0000,0.0000,14.0898 , 9.9824,2.2405,<LOD,0.0000,0.0000,14.5612 , 3.2777,0.2892,<LOD,0.0000,0.0451,21707.8477 , 243.4472,3.2520,123833.7109 , 771.2158,7.0711,9,443.399994,38.998886,-122.667068,10.000000,528829.500000,4316705.500000,
1600,General Metals,60.01,60.01,,,,"Wed May 6, 2026 - 11:44:44",User,2,ppm,General Metals,,,,,,,,,,,,,,,,,LA-C Steel,0.00,Fe,2.58,<LOD,44.7974,18.5874,,,,<LOD,37.8213,0.2347,,,,,,,,,<LOD,40.9665,7.3112,1998.4266 , 296.8140,333.6388,<LOD,172.5955,3.4130,,,,1173.8882 , 56.6594,1.5015,986025.6875 , 411.7879,2203.9792,,,,,,,2925.7710 , 89.4328,9.4980,19.2747 , 3.6014,1.3144,217.5929 , 53.2746,0.6212,<LOD,31.9253,0.6845,<LOD,60.4037,10.6725,,,,,,,<LOD,49.2492,8.0836,,,,<LOD,9.8152,0.1770,159.7231 , 21.7849,11.3613,,,,<LOD,0.0000,9.9454,,,,<LOD,415.2150,2.5821,,,,<LOD,241.3038,2.3601,<LOD,0.0000,0.1853,68.8945 , 19.7455,0.3650,3.6604 , 2.6486,0.5559,<LOD,0.0000,23.0218,<LOD,25.2207,-0.4232,<LOD,0.0000,0.0000,7500.0000,,<LOD,7.4129,0.7238,<LOD,0.0000,0.0000,<LOD,9.4024,1.6877,<LOD,0.0000,0.0000,<LOD,3.7403,0.1344,,,,,,,,,4,440.799988,38.999153,-122.666756,10.000000,528856.375000,4316735.500000,
1603,General Metals,61.17,61.17,,,,"Wed May 6, 2026 - 11:53:39",User,2,ppm,General Metals,,,,,,,,,,,,,,,,,No Match,7.26,No Match,7.33,136.5253 , 96.7733,20.2214,,,,<LOD,0.0000,0.6543,,,,,,,,,<LOD,45.6461,8.6617,5614.6504 , 347.5505,270.4493,96.2564 , 52.2036,3.1723,,,,539.8750 , 47.3970,1.0553,782462.1875 , 1166.6207,1726.4990,,,,,,,5496.3408 , 142.3507,12.4697,26.8698 , 4.0450,1.6501,253.5304 , 23.1185,0.6472,3172.3821 , 65.2996,10.7776,81.7111 , 28.8678,14.0144,,,,11443.4883 , 104.7577,5.9774,<LOD,53.8465,8.6966,,,,<LOD,14.5667,0.4508,<LOD,44.9629,10.5490,,,,<LOD,0.0000,10.7862,,,,1277.9512 , 164.2735,3.6054,,,,<LOD,331.0803,2.4081,155.3669 , 62.1849,0.2556,2397.5608 , 71.6576,4.8630,21.1414 , 3.4522,0.9502,50213.1172 , 1083.1233,0.9749,<LOD,19.0748,0.2243,<LOD,0.0000,0.0000,,,21.4516 , 3.5464,1.1390,<LOD,0.0000,0.0000,10.3836 , 7.3602,2.2283,<LOD,0.0000,0.0000,10.6669 , 3.7136,0.5295,<LOD,0.0000,0.0435,1664.8433 , 72.1864,0.4824,134903.7500 , 700.9685,10.6573,5,437.500000,38.999115,-122.666786,10.000000,528854.187500,4316731.000000,
1611,General Metals,60.22,60.22,,,,"Wed May 6, 2026 - 12:49:51",User,2,ppm,General Metals,,,,,,,,,,,,,,,,,No Match,6.74,No Match,7.29,125.9219 , 89.9170,19.1788,,,,<LOD,0.0000,0.3380,,,,,,,,,<LOD,58.8857,8.4300,3453.6838 , 398.8719,277.8085,54.7715 , 50.7401,3.2004,,,,998.8967 , 70.8142,1.2859,919663.7500 , 963.4513,1812.1149,,,,,,,3788.0312 , 133.7394,9.3334,28.5300 , 5.2184,1.5050,72.2529 , 64.5606,0.5220,1387.2482 , 53.4295,3.9721,<LOD,98.8309,11.9125,,,,4467.3633 , 69.0297,2.2088,<LOD,75.4434,9.1254,,,,<LOD,14.7444,0.2502,275.2694 , 30.8201,12.5976,,,,<LOD,0.0000,10.5552,,,,1280.5000 , 157.2908,3.5433,,,,153.0945 , 109.3201,2.6692,<LOD,227.3420,0.1814,880.2833 , 54.2358,1.5064,38.0575 , 4.8496,1.0306,12817.0742 , 757.2467,0.2433,<LOD,27.0957,-0.2742,<LOD,0.0000,0.0000,,,24.9070 , 4.5369,1.0281,<LOD,0.0000,0.0000,<LOD,17.3093,1.9260,<LOD,0.0000,0.0000,13.3196 , 4.0659,0.3476,<LOD,0.0000,0.0361,7752.8389 , 138.1508,1.5268,40767.6172 , 457.2299,2.2494,6,464.000000,38.999104,-122.665955,10.000000,528925.812500,4316730.000000,
1613,General Metals,61.75,61.75,,,,"Wed May 6, 2026 - 12:56:43",User,2,ppm,General Metals,,,,,,,,,,,,,,,,,No Match,6.12,No Match,6.12,43.9039 , 40.9307,23.0073,,,,<LOD,0.0000,0.8651,,,,,,,,,<LOD,84.0463,13.9649,14940.5410 , 323.4290,199.0672,<LOD,204.5840,2.2223,,,,563.4088 , 56.6327,0.7571,964638.3750 , 525.2371,1163.5978,,,,,,,3273.0054 , 100.0368,5.8469,61.8268 , 6.8424,2.2588,1761.0227 , 68.9693,1.7142,4305.6455 , 70.3097,6.2902,<LOD,139.4996,22.3420,,,,,,,<LOD,96.6645,12.0687,,,,<LOD,17.6631,0.3041,<LOD,79.2102,14.2266,,,,<LOD,0.0000,15.0700,,,,<LOD,608.8039,2.4243,,,,<LOD,333.5596,2.0671,185.5722 , 102.9315,0.3473,10155.9570 , 133.0669,8.5488,72.1296 , 5.8555,1.3269,<LOD,0.0000,48.4397,<LOD,23.0670,0.1628,<LOD,0.0000,0.0000,,,38.6000 , 5.6884,1.4146,<LOD,0.0000,0.0000,11.9668 , 9.8171,3.5734,<LOD,0.0000,0.0000,31.0794 , 5.1781,0.5043,,,,,,,,,7,471.399994,38.999062,-122.665680,10.000000,528949.625000,4316725.500000,
1614,General Metals,62.87,62.87,,,,"Wed May 6, 2026 - 12:59:05",User,2,ppm,General Metals,,,,,,,,,,,,,,,,,No Match,5.08,No Match,5.08,128.1600 , 90.6626,23.3206,,,,<LOD,0.0000,0.2863,,,,,,,,,<LOD,89.4513,13.9973,17973.5098 , 329.7468,188.3082,<LOD,205.1423,2.0477,,,,1208.7983 , 70.1234,1.0110,973853.0625 , 529.7074,1074.8818,,,,,,,3520.3132 , 102.2588,5.6589,59.2692 , 7.1528,2.2244,1767.4253 , 66.4198,1.7185,282.5970 , 27.8158,0.8588,146.5466 , 56.7319,23.5575,,,,,,,<LOD,102.6164,11.8636,,,,<LOD,16.0368,0.2196,<LOD,82.9438,13.2773,,,,<LOD,0.0000,14.8148,,,,<LOD,606.7081,2.1500,,,,<LOD,326.7113,1.7963,205.5035 , 99.7843,0.2805,767.2809 , 45.5276,0.8357,92.9441 , 6.3330,1.4029,<LOD,0.0000,50.1334,<LOD,13.6291,-0.0569,<LOD,0.0000,0.0000,,,55.4877 , 6.1149,1.4935,<LOD,0.0000,0.0000,29.0996 , 20.5856,3.7490,<LOD,0.0000,0.0000,23.3971 , 4.3462,0.3202,,,,,,,,,4,478.000000,38.999115,-122.665733,10.000000,528944.812500,4316731.500000,
1621,General Metals,61.12,61.12,,,,"Wed May 6, 2026 - 13:56:50",User,2,ppm,General Metals,,,,,,,,,,,,,,,,,No Match,6.97,No Match,10.00,<LOD,55.9465,44.8695,,,,156.1094 , 26.5424,0.9229,,,,,,,,,<LOD,62.4561,42.8366,<LOD,543.9448,16.9337,<LOD,564.5927,2.7218,,,,186.1757 , 34.6941,1.0460,133567.2188 , 1157.9064,102.5085,,,,,,,1175.6996 , 186.7837,2.4645,<LOD,10.4412,6.1169,258.0258 , 56.4977,1.0906,320.1457 , 18.2134,1.6954,<LOD,76.6525,56.9433,,,,<LOD,0.0000,4.4078,<LOD,72.0476,42.2968,,,,<LOD,12.2857,0.5076,<LOD,57.2427,38.6451,,,,<LOD,89.3676,55.8874,,,,17242.0469 , 1102.2095,7.9909,,,,1168.6511 , 531.2405,4.8294,<LOD,0.0000,0.3882,444.6306 , 29.0195,1.5000,825.6133 , 13.8325,20.8113,195848.3438 , 1693.9397,3.1197,165.8701 , 13.7808,0.9813,<LOD,0.0000,0.0000,,,54.9949 , 4.7213,4.5429,<LOD,0.0000,0.0000,<LOD,14.3047,9.0574,<LOD,0.0000,0.0000,103.7267 , 5.1091,2.1612,13499.7051 , 2949.7908,0.0587,<LOD,0.0000,0.7645,634983.1250 , 2534.0303,28.3306,4,450.000000,39.000042,-122.666740,10.000000,528857.875000,4316834.000000,
1624,Industrial Paint,1.55,1.55,,,,"Wed May 6, 2026 - 14:05:40",User,2,%,Industrial Paint,,,,,,,,,,,,,Yes,1,2.18271,Pass,,,,,,,,,,,,,,,,,,,,,,,,,,,,,,,,,,,,,,,,,,,,,,,,,,,,,,,0.7600 , 0.1000,0.7600,,,,,,,,,,,,,,,,,,,,,,,,,,,,,,,,,,,,,,,,,,,,,,,,,,,,,,,,,,,,,,,,,,,,,,,,,,,,,,,,,,,6,438.899994,39.000378,-122.666946,10.000000,528839.437500,4316871.000000,
1625,Industrial Paint,58.92,58.92,,,,"Wed May 6, 2026 - 14:06:53",User,2,%,Industrial Paint,,,,,,,,,,,,,Yes,1,2.23937,Inconclusive,,,,,,,,,,,,,,,,,,,,,,,,,,,,,,,,,,,,,,,,,,,,,,,,,,,,,,,1.0657 , 0.1000,1.0657,,,,,,,,,,,,,,,,,,,,,,,,,,,,,,,,,,,,,,,,,,,,,,,,,,,,,,,,,,,,,,,,,,,,,,,,,,,,,,,,,,,7,440.200012,39.000057,-122.666817,10.000000,528850.812500,4316835.500000,
1631,General Metals,62.59,62.59,,,,"Wed May 6, 2026 - 14:55:39",User,2,ppm,General Metals,,,,,,,,,,,,,,,,,No Match,10.00,No Match,10.00,253.4949 , 181.8412,17.8448,,,,<LOD,0.0000,105.1371,,,,,,,,,246.9724 , 34.1540,9.2668,3851.5105 , 266.8347,186.7186,<LOD,264.8232,2.3762,,,,1669.3955 , 87.6646,6.8894,406692.4688 , 620.2200,1123.8997,,,,,,,1607.4308 , 101.2531,5.9031,<LOD,5.0488,0.1543,<LOD,149.0176,1.7477,11814.9404 , 164.3633,28.0773,<LOD,77.6660,8.8859,,,,<LOD,0.0000,2.8179,<LOD,113.8960,7.7205,,,,<LOD,35.5188,0.7120,4598.7529 , 59.2160,45.5097,,,,<LOD,145.6445,9.5365,,,,<LOD,1007.7839,2.2469,,,,<LOD,402.5790,1.9552,621.3515 , 331.8364,12.4735,530227.6875 , 1081.9015,1540.3772,21.1311 , 5.2547,0.8271,12326.5811 , 758.9677,0.2306,42.6569 , 34.8192,1.1458,<LOD,0.0000,0.0000,,,<LOD,9.2557,0.6443,<LOD,0.0000,0.0000,22.5856 , 7.8080,1.7903,<LOD,0.0000,0.0000,85.8308 , 10.3711,1.5703,<LOD,0.0000,0.0456,9159.6055 , 151.3843,1.7642,16757.5977 , 352.1568,1.1676,9,448.799988,38.999821,-122.667053,10.000000,528830.250000,4316809.500000,
1633,System Check,102.29,,,,,"Wed May 6, 2026 - 17:10:01",User,,,System Check,Pass,,7.44371,157.478,7.45499,138.948,,,,,,,,,,,,,,,,,,,,,,,,,,,,,,,,,,,,,,,,,,,,,,,,,,,,,,,,,,,,,,,,,,,,,,,,,,,,,,,,,,,,,,,,,,,,,,,,,,,,,,,,,,,,,,,,,,,,,,,,,,,,,,,,,,,,,,,,,,,,,,,,,,,,,,,,,,,,,
1634,Health Check,154.42,,,,,"Wed May 6, 2026 - 17:10:45",User,,,Health Check,Pass,Detector Quality: 1.43 — Pass; Fault Free: Pass; Battery Health  97%: Pass; C#1 Voltage  4056 mV: Pass; C#2 Voltage  4060 mV: Pass; Tube Health: Pass; System Check: Reading #1633 - Pass; Filter Wheel Check: Pass; XRay LED Test: Pass; Wi-Fi: Pass; Bluetooth: Pass; GPS: Pass; ,,,,,,,,,,,,,,,,,,,,,,,,,,,,,,,,,,,,,,,,,,,,,,,,,,,,,,,,,,,,,,,,,,,,,,,,,,,,,,,,,,,,,,,,,,,,,,,,,,,,,,,,,,,,,,,,,,,,,,,,,,,,,,,,,,,,,,,,,,,,,,,,,,,,,,,,,,,,,,,,,
1724,System Check,100.40,,,,,"Thu May 7, 2026 - 03:19:35",User,,,System Check,Pass,,7.44356,154.483,7.45558,138.547,,,,,,,,,,,,,,,,,,,,,,,,,,,,,,,,,,,,,,,,,,,,,,,,,,,,,,,,,,,,,,,,,,,,,,,,,,,,,,,,,,,,,,,,,,,,,,,,,,,,,,,,,,,,,,,,,,,,,,,,,,,,,,,,,,,,,,,,,,,,,,,,,,,,,,,,,,,,,
1725,Health Check,162.35,,,,,"Thu May 7, 2026 - 03:20:29",User,,,Health Check,Fail,Detector Quality: 1.08 — Pass; Fault Free: Pass; Battery Health  96%: Pass; C#1 Voltage  4166 mV: Pass; C#2 Voltage  4170 mV: Pass; Tube Health: Pass; System Check: Reading #1724 - Pass; Filter Wheel Check: Pass; XRay LED Test: Pass; Wi-Fi: Pass; Bluetooth: Fail; GPS: Pass; ,,,,,,,,,,,,,,,,,,,,,,,,,,,,,,,,,,,,,,,,,,,,,,,,,,,,,,,,,,,,,,,,,,,,,,,,,,,,,,,,,,,,,,,,,,,,,,,,,,,,,,,,,,,,,,,,,,,,,,,,,,,,,,,,,,,,,,,,,,,,,,,,,,,,,,,,,,,,,,,,,
1726,System Check,102.31,,,,,"Thu May 7, 2026 - 03:23:29",User,,,System Check,Pass,,7.44378,152.625,7.45502,139.261,,,,,,,,,,,,,,,,,,,,,,,,,,,,,,,,,,,,,,,,,,,,,,,,,,,,,,,,,,,,,,,,,,,,,,,,,,,,,,,,,,,,,,,,,,,,,,,,,,,,,,,,,,,,,,,,,,,,,,,,,,,,,,,,,,,,,,,,,,,,,,,,,,,,,,,,,,,,,
1727,Health Check,165.86,,,,,"Thu May 7, 2026 - 03:24:24",User,,,Health Check,Fail,Detector Quality: 1.04 — Pass; Fault Free: Pass; Battery Health  96%: Pass; C#1 Voltage  4166 mV: Pass; C#2 Voltage  4170 mV: Pass; Tube Health: Pass; System Check: Reading #1726 - Pass; Filter Wheel Check: Pass; XRay LED Test: Pass; Wi-Fi: Pass; Bluetooth: Fail; GPS: Pass; ,,,,,,,,,,,,,,,,,,,,,,,,,,,,,,,,,,,,,,,,,,,,,,,,,,,,,,,,,,,,,,,,,,,,,,,,,,,,,,,,,,,,,,,,,,,,,,,,,,,,,,,,,,,,,,,,,,,,,,,,,,,,,,,,,,,,,,,,,,,,,,,,,,,,,,,,,,,,,,,,,
