Reading No,Reading Type,Duration,Main,Low,High,Light,Time,User,Sigma Value,Units,Batch,Heat,Lot,Note,Sample,Mode,Small Spot Enabled,Ag,Ag 2-Sigma/LOD,Ag CPS/uA,Al,Al 2-Sigma/LOD,Al CPS/uA,As,As 2-Sigma/LOD,As CPS/uA,Au,Au 2-Sigma/LOD,Au CPS/uA,Ba,Ba 2-Sigma/LOD,Ba CPS/uA,Bal,Bal 2-Sigma/LOD,Bi,Bi 2-Sigma/LOD,Bi CPS/uA,Ca,Ca 2-Sigma/LOD,Ca CPS/uA,Cd,Cd 2-Sigma/LOD,Cd CPS/uA,Cl,Cl 2-Sigma/LOD,Cl CPS/uA,Co,Co 2-Sigma/LOD,Co CPS/uA,Cr,Cr 2-Sigma/LOD,Cr CPS/uA,Cu,Cu 2-Sigma/LOD,Cu CPS/uA,Fe,Fe 2-Sigma/LOD,Fe CPS/uA,Hf,Hf 2-Sigma/LOD,Hf CPS/uA,Hg,Hg 2-Sigma/LOD,Hg CPS/uA,K,K 2-Sigma/LOD,K CPS/uA,Mg,Mg 2-Sigma/LOD,Mg CPS/uA,Mn,Mn 2-Sigma/LOD,Mn CPS/uA,Mo,Mo 2-Sigma/LOD,Mo CPS/uA,Nb,Nb 2-Sigma/LOD,Nb CPS/uA,Ni,Ni 2-Sigma/LOD,Ni CPS/uA,P,P 2-Sigma/LOD,P CPS/uA,Pb,Pb 2-Sigma/LOD,Pb CPS/uA,Pd,Pd 2-Sigma/LOD,Pd CPS/uA,Rb,Rb 2-Sigma/LOD,Rb CPS/uA,Re,Re 2-Sigma/LOD,Re CPS/uA,S,S 2-Sigma/LOD,S CPS/uA,Sb,Sb 2-Sigma/LOD,Sb CPS/uA,Se,Se 2-Sigma/LOD,Se CPS/uA,Si,Si 2-Sigma/LOD,Si CPS/uA,Sn,Sn 2-Sigma/LOD,Sn CPS/uA,Sr,Sr 2-Sigma/LOD,Sr CPS/uA,Ta,Ta 2-Sigma/LOD,Ta CPS/uA,Th,Th 2-Sigma/LOD,Th CPS/uA,Ti,Ti 2-Sigma/LOD,Ti CPS/uA,U,U 2-Sigma/LOD,U CPS/uA,V,V 2-Sigma/LOD,V CPS/uA,W,W 2-Sigma/LOD,W CPS/uA,Y,Y 2-Sigma/LOD,Y CPS/uA,Zn,Zn 2-Sigma/LOD,Zn CPS/uA,Zr,Zr 2-Sigma/LOD,Zr CPS/uA,Satellites,Altitude,Latitude,Longitude,Grid,Easting,Northing,
81,Mining,120.48,30.12,30.08,30.13,28.65,"Fri Apr 3, 2026 - 11:33:05",User,1.5,ppm,,,,,,Mining,,<LOD,1.9839,0.6000,26251.2422 , 1212.4734,0.6136,<LOD,1.9646,0.2373,5.0874 , 2.9723,0.1069,403.7101 , 28.4125,14.4988,751220.2500 , 3796.4263,<LOD,1.8311,0.1288,24483.1426 , 178.2508,20.5555,<LOD,2.9117,1.0015,<LOD,49.5292,0.5773,<LOD,71.6355,7.4007,74.3127 , 5.3925,1.8077,10.0380 , 3.6431,0.2829,28239.7285 , 121.4451,45.6718,<LOD,0.0000,0.0000,4.2426 , 2.7199,0.2371,6433.0225 , 95.2333,3.0196,<LOD,4147.1506,0.0264,401.2049 , 32.2515,0.8465,<LOD,1.2916,3.6355,5.9473 , 0.7186,2.3564,<LOD,9.3635,0.2394,367.6223 , 112.1687,0.1094,10.8443 , 1.3394,0.2919,<LOD,1.6947,0.3881,45.7722 , 1.4204,1.6392,<LOD,0.0000,0.0000,5330.8921 , 73.7930,1.4553,<LOD,5.8284,3.5514,<LOD,1.2269,0.2080,150890.3125 , 610.4048,8.4177,<LOD,4.7056,2.8105,241.3671 , 1.6091,9.9729,<LOD,0.0000,0.0000,3.5757 , 1.0046,0.2741,5212.3662 , 40.7863,12.0485,2.7405 , 1.2224,0.4187,149.0578 , 12.1924,2.1760,23.6344 , 6.7992,0.2179,16.9991 , 0.8781,1.9235,25.1344 , 3.1036,0.3914,147.7890 , 1.5453,10.3733,5,433.200012,39.001122,-122.662506,10.000000,529224.000000,4316955.000000,
82,Mining,120.47,30.10,30.05,30.10,30.22,"Fri Apr 3, 2026 - 11:35:56",User,1.5,ppm,,,,,,Mining,,<LOD,1.4298,0.6721,46634.1406 , 1099.2289,1.0496,<LOD,1.4782,0.2584,<LOD,3.2654,0.1152,148.2942 , 19.8220,14.3849,708136.5000 , 3127.7363,<LOD,1.3702,0.1393,22295.8652 , 148.1542,27.0268,<LOD,2.2626,1.3521,<LOD,37.3191,0.6476,<LOD,50.3620,9.6315,70.9723 , 4.2664,2.2840,<LOD,4.1219,0.3085,25834.1309 , 110.1297,61.0112,<LOD,0.0000,0.0000,<LOD,3.6359,0.2609,6550.0049 , 80.3595,4.2705,4551.2959 , 2297.0618,0.0392,330.3517 , 26.0691,1.0392,<LOD,1.0161,4.4764,<LOD,1.3477,2.9037,<LOD,7.3914,0.2755,557.1237 , 96.5798,0.1674,5.4341 , 1.0111,0.3216,<LOD,1.3129,0.5084,40.4759 , 1.1568,2.1205,<LOD,0.0000,0.0000,5716.2686 , 63.2128,2.1327,<LOD,4.2368,4.0922,<LOD,0.9058,0.2307,173678.5000 , 536.8427,14.2808,<LOD,4.3403,3.2003,195.2495 , 1.2812,12.0346,<LOD,0.0000,0.0000,3.4629 , 0.7810,0.3351,4966.0415 , 33.8547,16.6482,<LOD,1.8670,0.5096,135.9424 , 9.9716,2.9402,<LOD,8.0326,0.2405,12.2380 , 0.7031,2.3866,24.0021 , 2.5164,0.4962,113.6658 , 1.2136,12.2882,7,443.200012,39.001202,-122.662430,10.000000,529230.625000,4316964.000000,
83,Mining,120.42,30.21,30.06,30.06,28.29,"Fri Apr 3, 2026 - 11:38:39",User,1.5,ppm,,,,,,Mining,,<LOD,1.6665,0.6797,38279.0312 , 1241.4282,0.8715,<LOD,1.6078,0.2302,<LOD,3.5702,0.1053,209.5967 , 22.9507,14.5091,714605.4375 , 3725.7722,<LOD,1.4719,0.1229,23038.2891 , 164.0786,23.6061,<LOD,2.5335,1.2438,<LOD,44.8967,0.6461,<LOD,52.2976,7.8777,77.8619 , 4.8601,2.0691,7.3646 , 3.1802,0.3171,24946.9727 , 110.8624,49.5487,<LOD,0.0000,0.0000,3.6785 , 2.2528,0.2493,6416.5146 , 88.2134,3.5856,5179.4805 , 2742.7534,0.0384,286.8230 , 27.0153,0.8441,<LOD,1.0828,3.8595,<LOD,1.2673,2.4627,<LOD,8.0002,0.2573,522.0416 , 109.3280,0.1446,6.8397 , 1.1112,0.2972,<LOD,1.5479,0.5268,40.8409 , 1.2258,1.8143,<LOD,0.0000,0.0000,6141.0547 , 73.1408,1.9608,<LOD,4.8687,4.0109,<LOD,0.9807,0.2064,174698.9375 , 595.2528,12.1227,<LOD,6.1017,3.1788,208.9822 , 1.3862,10.8579,<LOD,0.0000,0.0000,3.8668 , 0.8411,0.2980,5039.1724 , 37.1929,14.1744,<LOD,1.9021,0.4489,133.5725 , 11.0255,2.4939,<LOD,8.2727,0.2092,12.1340 , 0.7442,2.0425,20.7366 , 2.6497,0.4205,120.7434 , 1.3086,10.9688,7,435.799988,39.001152,-122.662483,10.000000,529225.562500,4316958.500000,
84,Mining,120.09,30.23,30.03,30.02,29.81,"Fri Apr 3, 2026 - 11:59:23",User,1.5,ppm,,,,,,Mining,,<LOD,1.4466,0.6157,152248.7031 , 2771.8318,3.2573,<LOD,1.4608,0.2401,<LOD,3.1507,0.1034,454.8358 , 21.2495,16.2601,370080.1562 , 6929.5640,<LOD,1.3822,0.1371,46924.6406 , 281.3069,58.0885,<LOD,2.1407,1.0534,<LOD,48.3337,0.8156,<LOD,52.9679,10.6350,114.9343 , 5.8005,3.0704,13.4190 , 2.9324,0.3450,29979.2148 , 176.9581,67.8885,<LOD,0.0000,0.0000,<LOD,4.4408,0.2243,8926.2100 , 105.9974,5.9352,48087.0117 , 4456.3838,0.1209,602.9375 , 29.9057,1.3737,1.4164 , 0.6890,4.3686,4.8004 , 0.5713,2.7617,<LOD,7.7719,0.2982,872.3474 , 133.0582,0.2517,7.3550 , 1.0143,0.3122,<LOD,1.3320,0.4690,35.4120 , 1.1141,1.7981,<LOD,0.0000,0.0000,1515.9976 , 44.0800,0.7592,<LOD,4.1587,3.4405,<LOD,0.8618,0.2009,333093.7188 , 895.5343,32.8627,17.9640 , 2.3245,3.0783,262.6298 , 1.6955,14.9389,<LOD,0.0000,0.0000,3.2046 , 0.7735,0.3085,6426.5166 , 50.3549,20.8084,2.9293 , 0.9985,0.5262,165.4785 , 12.9375,3.6063,<LOD,7.2209,0.2024,17.3066 , 0.7179,2.3782,37.9502 , 2.6778,0.5474,102.9172 , 1.2564,11.2535,4,447.299988,39.001289,-122.661690,10.000000,529294.500000,4316974.000000,
85,Mining,122.71,32.45,30.05,30.03,30.18,"Fri Apr 3, 2026 - 12:02:36",User,1.5,ppm,,,,,,Mining,,<LOD,1.5139,0.5918,142796.9219 , 2747.9612,3.0594,<LOD,1.5652,0.2580,4.0064 , 2.3246,0.1108,473.8548 , 22.6655,16.3038,380331.9062 , 7100.9995,<LOD,1.3933,0.1261,45229.8984 , 273.4278,53.8234,<LOD,2.2859,1.0578,<LOD,47.3663,0.7984,<LOD,56.0966,11.0026,121.7017 , 6.2362,3.1537,10.7563 , 2.9764,0.3222,31780.6289 , 177.1660,69.3636,<LOD,0.0000,0.0000,<LOD,2.9130,0.2023,9164.2715 , 111.3927,5.8748,48900.8203 , 4446.6606,0.1212,546.0274 , 29.9092,1.2673,<LOD,1.3967,4.2348,5.4354 , 0.5997,2.7442,<LOD,8.0184,0.2774,939.4131 , 132.7635,0.2549,7.7363 , 1.0617,0.3094,<LOD,1.4014,0.4565,38.1313 , 1.1880,1.8541,<LOD,0.0000,0.0000,1012.1351 , 38.5979,0.5812,<LOD,4.4690,3.5193,<LOD,0.9205,0.1947,331299.5938 , 847.8486,31.3535,11.8729 , 2.4519,2.9900,290.2275 , 1.8070,15.7406,<LOD,0.0000,0.0000,5.0171 , 0.8172,0.3269,6657.0962 , 52.3777,20.8993,3.9715 , 1.0664,0.5436,193.9402 , 13.9643,3.7389,<LOD,11.0031,0.2194,18.1819 , 0.7545,2.3756,42.3623 , 2.8546,0.5640,114.0742 , 1.3473,11.8030,3,444.700012,39.001347,-122.661713,10.000000,529292.625000,4316980.500000,
86,Mining,22.54,22.54,,,,"Fri Apr 3, 2026 - 12:04:15",User,1.5,ppm,,,,,,Mining,,<LOD,10.8972,32.1387,,,,<LOD,2.2754,0.2889,<LOD,4.4846,0.0988,,,,952972.6250 , 457.0862,<LOD,2.0383,0.1406,,,,<LOD,9.4838,30.4820,,,,<LOD,76.7519,11.7052,62.5905 , 37.9678,0.5026,7.2295 , 4.0283,0.3050,37996.3672 , 152.4388,73.4771,<LOD,0.0000,0.0000,4.4144 , 2.8170,0.2337,,,,,,,673.7065 , 40.9752,1.3555,<LOD,1.6140,4.3005,6.5972 , 0.8403,2.8349,<LOD,11.5827,0.3013,,,,11.3199 , 1.5189,0.3321,<LOD,10.2736,38.3103,43.4111 , 1.6756,1.9935,<LOD,0.0000,0.0000,,,,<LOD,16.2797,33.1929,<LOD,1.2325,0.1943,,,,<LOD,11.4100,27.4970,327.8877 , 2.2007,16.4349,<LOD,0.0000,0.0000,3.3715 , 1.1365,0.3141,7486.5449 , 240.1428,2.8998,2.6377 , 1.4774,0.5421,216.8918 , 88.3129,1.0060,<LOD,10.2845,0.1921,18.8646 , 1.0495,2.4260,42.3798 , 3.7935,0.5178,123.1768 , 1.7947,12.1430,7,436.899994,39.001328,-122.661903,10.000000,529276.000000,4316978.500000,
87,Mining,3.07,3.07,,,,"Fri Apr 3, 2026 - 12:04:21",User,1.5,ppm,,,,,,Mining,,<LOD,85.0412,21.7489,,,,<LOD,14.2998,0.1282,<LOD,25.7326,0.0425,,,,951172.5000 , 3276.1567,<LOD,8.0163,0.0286,,,,<LOD,86.1112,21.0596,,,,<LOD,550.4858,8.0994,<LOD,335.3121,0.1946,<LOD,70.6452,0.2814,38987.3281 , 1075.5018,52.1111,<LOD,0.0000,0.0000,<LOD,44.5644,0.2123,,,,,,,730.5110 , 300.2534,0.9883,<LOD,10.6758,2.7848,<LOD,10.1342,1.8059,<LOD,68.8058,0.1025,,,,<LOD,21.5381,0.2488,<LOD,101.2812,26.8119,32.2751 , 11.9972,1.2324,<LOD,0.0000,0.0000,,,,<LOD,128.0491,23.2907,<LOD,7.8544,0.1067,,,,<LOD,81.5082,18.1972,344.6980 , 16.2011,11.8457,<LOD,0.0000,0.0000,<LOD,12.8695,0.1650,8498.5762 , 1769.0043,2.1918,22.0000 , 13.2474,0.5858,<LOD,1398.6727,0.7628,<LOD,95.6098,0.1690,21.8114 , 7.6033,1.6961,69.3411 , 32.0603,0.4928,120.9698 , 12.8899,8.3300,6,436.899994,39.001305,-122.661896,10.000000,529276.750000,4316975.500000,
88,Mining,120.62,30.29,30.06,30.09,28.68,"Fri Apr 3, 2026 - 12:09:04",User,1.5,ppm,,,,,,Mining,,<LOD,1.5298,0.6304,145622.5938 , 2845.7969,3.1210,<LOD,1.5145,0.2531,<LOD,3.1535,0.0966,465.1310 , 22.4572,16.5174,368620.3750 , 7310.4775,<LOD,1.3888,0.1296,43664.1484 , 273.8347,52.8350,<LOD,2.2559,1.0684,<LOD,48.9309,0.8078,<LOD,55.9564,11.3689,124.1825 , 6.0740,3.1699,13.6734 , 3.0026,0.3392,32175.1328 , 188.9756,71.6001,<LOD,0.0000,0.0000,4.0303 , 1.9759,0.2292,9226.8262 , 110.4738,6.0029,54316.7031 , 4703.1973,0.1313,549.0368 , 29.6728,1.2929,<LOD,1.5811,4.2839,5.7980 , 0.5936,2.7804,<LOD,8.0760,0.2940,986.5721 , 137.3676,0.2608,6.0996 , 1.0172,0.2938,<LOD,1.3779,0.4580,38.4498 , 1.1804,1.8837,<LOD,0.0000,0.0000,1051.3607 , 40.3341,0.6029,<LOD,4.3931,3.5036,<LOD,0.8923,0.2051,335614.7500 , 905.8181,32.4010,13.0396 , 2.4350,3.0687,295.4890 , 1.8648,16.3023,<LOD,0.0000,0.0000,3.2405 , 0.7829,0.2980,6838.6460 , 53.2258,21.7780,3.3743 , 1.0581,0.5503,188.9002 , 13.7110,3.8245,<LOD,7.1415,0.1851,17.6781 , 0.7429,2.3765,41.1884 , 2.7920,0.5583,113.6000 , 1.3500,12.0029,6,436.200012,39.001331,-122.661888,10.000000,529276.875000,4316978.500000,
89,Mining,120.47,30.13,30.07,30.13,28.64,"Fri Apr 3, 2026 - 12:12:46",User,1.5,ppm,,,,,,Mining,,<LOD,1.4932,0.5923,144788.5156 , 2895.8850,3.1015,<LOD,1.5486,0.2371,4.1757 , 2.3120,0.1091,473.4319 , 22.1681,16.0174,380717.4375 , 7271.5454,<LOD,1.4556,0.1369,43691.1055 , 266.0602,51.1694,<LOD,2.2057,1.0052,<LOD,49.2644,0.7729,<LOD,55.7756,10.7929,119.8837 , 6.0725,3.0770,9.9167 , 2.9560,0.3156,31664.8027 , 177.9519,68.3246,<LOD,0.0000,0.0000,<LOD,2.8714,0.1964,8687.8447 , 106.9585,5.4916,44295.3242 , 4553.1279,0.1141,562.6873 , 30.0990,1.2741,<LOD,1.7813,4.2347,5.6437 , 0.5989,2.7282,<LOD,8.0966,0.2861,836.3109 , 136.5663,0.2393,9.6072 , 1.0927,0.3265,<LOD,1.3749,0.4515,37.9636 , 1.1812,1.8230,<LOD,0.0000,0.0000,1385.1799 , 44.4113,0.6982,<LOD,4.3557,3.4257,<LOD,0.9001,0.1832,335603.2500 , 875.9541,31.3402,15.0159 , 2.4096,2.9786,291.4849 , 1.8162,15.6382,<LOD,0.0000,0.0000,3.1795 , 0.8133,0.3061,6426.2441 , 50.8284,19.9663,3.4683 , 1.0564,0.5304,200.3769 , 13.5858,3.6390,<LOD,7.9251,0.2068,18.0268 , 0.7520,2.3461,36.5560 , 2.7465,0.5188,112.5855 , 1.3400,11.5827,4,431.000000,39.001373,-122.661980,10.000000,529269.500000,4316983.500000,
90,Mining,120.41,30.12,30.02,30.18,29.18,"Fri Apr 3, 2026 - 12:15:35",User,1.5,ppm,,,,,,Mining,,<LOD,1.4327,0.5709,146484.9062 , 2862.4060,3.1352,<LOD,1.4731,0.2474,<LOD,2.9750,0.0899,470.3030 , 21.5510,15.9589,379915.8125 , 7197.9634,<LOD,1.3698,0.1318,42887.2617 , 268.3218,51.4840,<LOD,2.2017,1.0662,<LOD,48.3476,0.7766,<LOD,53.6125,10.7604,120.7817 , 5.9657,3.0978,5.6859 , 2.7447,0.2955,30741.5684 , 179.0380,68.2192,<LOD,0.0000,0.0000,<LOD,3.1170,0.2028,8696.0391 , 106.8282,5.6248,52736.6406 , 4651.6431,0.1280,530.7682 , 28.8073,1.2567,<LOD,1.0210,4.1467,5.1283 , 0.5756,2.7466,<LOD,7.5652,0.2634,896.7786 , 133.8118,0.2427,6.5040 , 0.9973,0.2956,<LOD,1.3407,0.4506,38.2339 , 1.1498,1.8787,<LOD,0.0000,0.0000,1229.3638 , 42.2430,0.6577,<LOD,4.2163,3.3681,<LOD,0.8478,0.1934,328372.9688 , 894.4176,31.2106,18.7103 , 2.3507,2.9916,277.8610 , 1.7552,15.4171,<LOD,0.0000,0.0000,2.9382 , 0.7658,0.2957,6216.7842 , 50.0273,19.7633,3.5243 , 1.0173,0.5357,182.4406 , 13.1549,3.5455,<LOD,7.0723,0.1901,17.5658 , 0.7254,2.3741,32.6271 , 2.5818,0.4983,108.8541 , 1.2908,11.5574,7,428.299988,39.001328,-122.661972,10.000000,529270.125000,4316978.000000,
91,Mining,120.46,30.18,30.04,30.11,30.13,"Fri Apr 3, 2026 - 12:21:15",User,1.5,ppm,,,,,,Mining,,<LOD,1.4243,0.5952,144299.6719 , 2668.3728,3.0921,<LOD,1.4031,0.2238,<LOD,3.0806,0.0983,418.9735 , 20.8055,15.5351,397198.9688 , 6654.6763,<LOD,1.3417,0.1277,40925.8086 , 254.0240,50.0827,<LOD,2.1437,1.0613,<LOD,46.7950,0.7834,<LOD,53.9613,11.0069,113.1540 , 5.8165,3.0439,11.7542 , 2.8928,0.3317,30617.2031 , 169.4708,69.4360,<LOD,0.0000,0.0000,<LOD,4.6171,0.2216,8948.7783 , 107.2562,5.8577,45018.6055 , 4307.9829,0.1159,519.6187 , 28.6913,1.2595,<LOD,1.0077,4.2252,4.2463 , 0.5601,2.7233,<LOD,7.5580,0.2632,923.4172 , 132.3596,0.2547,4.8910 , 0.9588,0.2758,<LOD,1.2780,0.4288,37.4551 , 1.1304,1.8573,<LOD,0.0000,0.0000,1119.6586 , 40.2516,0.6373,<LOD,4.1502,3.4623,<LOD,0.8072,0.1703,322726.3125 , 848.7316,31.0339,18.3506 , 2.2982,3.0044,256.0764 , 1.6369,14.5705,<LOD,0.0000,0.0000,3.5552 , 0.7644,0.3040,6501.3623 , 49.4916,20.9826,<LOD,2.3362,0.4977,176.5068 , 13.1322,3.6679,<LOD,7.0087,0.1884,17.3858 , 0.7243,2.4007,37.0270 , 2.6726,0.5393,101.1547 , 1.2398,11.0715,6,432.500000,39.001354,-122.661964,10.000000,529270.500000,4316981.000000,
92,Mining,120.54,30.18,30.09,30.09,29.26,"Fri Apr 3, 2026 - 12:23:59",User,1.5,ppm,,,,,,Mining,,<LOD,1.4245,0.6140,162380.2969 , 2732.1934,3.4648,<LOD,1.4973,0.2577,<LOD,3.1625,0.1068,423.1382 , 21.0083,16.2591,377447.5625 , 6698.1201,<LOD,1.3929,0.1429,49113.7656 , 287.1151,62.4955,<LOD,2.1729,1.1288,<LOD,46.6052,0.7939,<LOD,53.5698,11.2191,112.9196 , 5.7301,3.1345,19.8735 , 3.0600,0.3860,30284.3379 , 177.3801,70.4479,<LOD,0.0000,0.0000,3.2388 , 1.9491,0.2417,8198.2861 , 100.9039,5.6378,43580.5078 , 4256.5840,0.1143,573.0858 , 29.4684,1.3724,1.2588 , 0.6902,4.4656,6.1099 , 0.5827,2.9447,<LOD,7.6229,0.2842,889.2336 , 129.4953,0.2509,8.7058 , 1.0430,0.3392,<LOD,1.3228,0.4766,35.7518 , 1.1226,1.8619,<LOD,0.0000,0.0000,1761.3124 , 46.1532,0.8753,<LOD,4.1605,3.5670,<LOD,0.8625,0.2063,318761.3750 , 875.7169,31.9701,14.0014 , 2.2974,3.0798,307.0656 , 1.8660,17.8378,<LOD,0.0000,0.0000,2.5967 , 0.7709,0.3103,5737.8926 , 46.8676,19.0944,2.3991 , 1.0241,0.5646,163.8692 , 12.3408,3.4161,<LOD,7.2349,0.2087,19.3530 , 0.7378,2.5775,47.1518 , 2.8308,0.6281,104.9437 , 1.2893,12.1512,7,435.399994,39.001293,-122.661888,10.000000,529277.187500,4316974.500000,
93,Mining,122.87,32.63,30.07,30.09,30.08,"Fri Apr 3, 2026 - 12:26:59",User,1.5,ppm,,,,,,Mining,,<LOD,1.3397,0.6705,158121.6406 , 2373.7654,3.3817,<LOD,1.3644,0.2512,<LOD,2.8014,0.0981,339.8922 , 18.9143,15.9523,398301.6562 , 5787.2998,<LOD,1.2986,0.1451,49724.3672 , 291.4475,69.3696,<LOD,2.0104,1.1935,<LOD,41.9478,0.7869,<LOD,51.8092,12.2659,115.9672 , 5.8420,3.3697,11.4747 , 2.7318,0.3592,30443.6367 , 170.9025,77.6317,<LOD,0.0000,0.0000,3.0605 , 1.7801,0.2393,8047.0317 , 102.8518,6.0691,45293.4570 , 3944.8643,0.1186,550.8942 , 27.9235,1.4425,<LOD,0.9729,4.6249,3.4046 , 0.5409,2.9588,<LOD,7.0015,0.2624,744.8026 , 119.7671,0.2584,6.4666 , 0.9467,0.3266,<LOD,1.1975,0.4789,32.3215 , 1.0463,1.8806,<LOD,0.0000,0.0000,1987.2089 , 45.0116,1.0249,<LOD,3.8109,3.6872,<LOD,0.7405,0.1747,300053.3438 , 826.8991,32.4524,12.3848 , 2.0988,3.1481,278.6117 , 1.6865,17.7736,<LOD,0.0000,0.0000,3.0996 , 0.7308,0.3321,5600.9448 , 46.6823,20.3866,3.2621 , 0.9783,0.6032,165.3744 , 12.5978,3.6677,<LOD,6.3376,0.1864,16.7976 , 0.6827,2.5840,46.7476 , 2.6940,0.6649,92.1856 , 1.1742,11.9841,7,436.399994,39.001354,-122.661873,10.000000,529278.187500,4316981.000000,
94,Mining,120.31,30.10,30.07,30.03,30.11,"Fri Apr 3, 2026 - 12:29:43",User,1.5,ppm,,,,,,Mining,,<LOD,1.4216,0.6441,142562.5938 , 2580.1050,3.0594,<LOD,1.4701,0.2434,<LOD,3.0930,0.1032,426.1780 , 20.6913,16.5491,399631.5000 , 6537.3291,<LOD,1.3614,0.1381,50201.5430 , 293.3657,65.1033,<LOD,2.1496,1.1630,<LOD,45.4163,0.7972,<LOD,53.9091,11.5745,128.5506 , 6.0491,3.3503,8.4742 , 2.8061,0.3282,31185.9062 , 178.4251,73.7643,<LOD,0.0000,0.0000,<LOD,3.8561,0.2193,8356.3506 , 104.6246,5.8695,52333.8594 , 4432.9468,0.1293,785.4539 , 32.5124,1.7086,<LOD,1.0174,4.3470,3.8420 , 0.5692,2.8275,<LOD,7.7266,0.2975,902.6459 , 129.2008,0.2639,8.8822 , 1.0461,0.3451,<LOD,1.2803,0.4678,37.0578 , 1.1385,1.9467,<LOD,0.0000,0.0000,1424.7561 , 42.0374,0.7632,<LOD,4.0682,3.5531,<LOD,0.8675,0.2140,305257.3750 , 851.0262,30.8697,14.0908 , 2.2625,3.1374,281.9776 , 1.7554,16.5917,<LOD,0.0000,0.0000,2.3781 , 0.7566,0.3033,6081.6348 , 49.1971,20.5432,3.6231 , 1.0229,0.5734,186.5057 , 13.1577,3.7210,<LOD,6.9987,0.1972,19.4866 , 0.7409,2.6267,48.9293 , 2.8445,0.6420,106.3773 , 1.2784,12.1197,6,437.399994,39.001335,-122.661972,10.000000,529269.812500,4316979.000000,
95,Mining,120.44,30.04,30.14,30.20,29.16,"Fri Apr 3, 2026 - 12:33:09",User,1.5,ppm,,,,,,Mining,,<LOD,1.4489,0.6266,126399.1562 , 2452.3252,2.7208,<LOD,1.4806,0.2434,<LOD,3.1014,0.0997,390.9644 , 20.8704,15.7223,444801.1875 , 6224.1055,<LOD,1.4093,0.1418,42332.1211 , 250.1855,53.1999,<LOD,2.2105,1.1567,<LOD,46.1109,0.7944,<LOD,55.1680,11.7216,117.4210 , 5.8658,3.1988,8.6048 , 2.8577,0.3260,31860.1680 , 163.7615,73.7675,<LOD,0.0000,0.0000,<LOD,4.5695,0.2274,9356.0732 , 107.9570,6.2704,41680.7695 , 4207.2515,0.1098,526.5049 , 28.9419,1.3074,<LOD,1.0408,4.3858,5.0128 , 0.5877,2.9133,<LOD,7.7727,0.2810,795.8491 , 129.6845,0.2491,7.4829 , 1.0334,0.3228,<LOD,1.2708,0.4297,38.0947 , 1.1583,1.9500,<LOD,0.0000,0.0000,1439.8320 , 43.0568,0.7645,<LOD,4.1518,3.4724,<LOD,0.8416,0.1896,292990.6875 , 790.3737,28.1439,15.5590 , 2.3131,3.0766,283.6318 , 1.7029,16.3287,<LOD,0.0000,0.0000,3.3067 , 0.7922,0.3234,6584.1523 , 48.8778,21.8563,3.3602 , 1.0379,0.5660,185.9182 , 13.2589,3.8658,<LOD,7.1269,0.1960,18.3373 , 0.7420,2.5352,45.9222 , 2.8387,0.6133,109.9251 , 1.2891,12.1679,5,435.899994,39.001316,-122.661995,10.000000,529268.250000,4316977.000000,
96,Mining,120.23,30.26,30.08,30.09,29.80,"Fri Apr 3, 2026 - 12:35:59",User,1.5,ppm,,,,,,Mining,,<LOD,1.4797,0.6012,114610.7109 , 2324.5117,2.4714,<LOD,1.5316,0.2552,<LOD,3.2134,0.1022,411.0820 , 21.7244,15.7259,476260.2500 , 5906.5073,<LOD,1.3490,0.1238,39632.4688 , 228.8694,47.0607,<LOD,2.2443,1.0873,<LOD,44.9229,0.7599,<LOD,56.0705,11.7606,98.1732 , 5.5374,2.7770,17.9180 , 3.0856,0.3633,33986.7773 , 152.7050,74.9748,<LOD,0.0000,0.0000,<LOD,4.5019,0.2209,8943.1992 , 104.5112,5.6913,32193.0000 , 3902.2439,0.0920,526.5562 , 28.7802,1.2610,<LOD,1.0323,4.1060,3.5553 , 0.5802,2.6979,<LOD,7.8755,0.2715,856.8259 , 124.8574,0.2350,8.1117 , 1.0499,0.3178,<LOD,1.2706,0.3938,40.4800 , 1.1745,1.9352,<LOD,0.0000,0.0000,1819.4713 , 45.1651,0.8568,<LOD,4.3272,3.4799,<LOD,0.8612,0.1885,284118.0312 , 721.6089,25.5490,15.9653 , 2.4080,3.0762,263.3034 , 1.5698,14.3434,<LOD,0.0000,0.0000,3.7137 , 0.7763,0.3031,5863.9922 , 44.1570,18.5734,3.4874 , 1.0300,0.5310,157.4647 , 12.3876,3.2715,<LOD,7.2343,0.1928,17.9502 , 0.7414,2.4140,39.4534 , 2.7442,0.5471,108.0769 , 1.2501,11.1928,6,434.799988,39.001389,-122.661980,10.000000,529269.500000,4316985.000000,
97,Mining,120.50,30.22,30.03,30.21,30.04,"Fri Apr 3, 2026 - 12:38:48",User,1.5,ppm,,,,,,Mining,,<LOD,1.4423,0.6608,127742.7500 , 2323.4749,2.7506,<LOD,1.4191,0.2394,<LOD,2.9113,0.0931,377.8954 , 20.3758,15.9043,445529.6562 , 5787.9243,<LOD,1.2840,0.1246,41793.3789 , 247.0299,52.8121,<LOD,2.1345,1.1371,<LOD,45.3631,0.7970,<LOD,52.4123,10.9521,111.6428 , 5.7603,3.0700,20.1442 , 3.0505,0.3932,29426.3105 , 149.4770,68.9228,<LOD,0.0000,0.0000,<LOD,4.5047,0.2298,8621.2529 , 104.7888,5.8250,33803.8125 , 3872.9553,0.0969,530.3315 , 28.5124,1.3130,<LOD,0.9929,4.3841,5.4295 , 0.5625,2.9512,<LOD,7.4230,0.2752,872.4398 , 127.4725,0.2530,6.3482 , 0.9830,0.3095,<LOD,1.2510,0.4421,35.1922 , 1.0773,1.8123,<LOD,0.0000,0.0000,2074.5820 , 47.5961,0.9833,<LOD,4.0994,3.6297,<LOD,0.8083,0.1868,302389.4062 , 776.8582,29.4856,14.7552 , 2.2641,3.1276,247.4668 , 1.5297,14.6443,<LOD,0.0000,0.0000,4.1388 , 0.7493,0.3192,6078.0078 , 46.5293,20.3357,<LOD,1.4200,0.4855,157.5947 , 12.7567,3.5380,<LOD,6.9445,0.1970,16.0597 , 0.7009,2.4072,42.3574 , 2.7293,0.5994,99.0239 , 1.1958,11.2883,6,436.200012,39.001427,-122.661964,10.000000,529270.750000,4316989.000000,
98,Mining,120.44,30.23,30.01,30.11,30.09,"Fri Apr 3, 2026 - 12:41:47",User,1.5,ppm,,,,,,Mining,,<LOD,1.4607,0.5786,137713.1406 , 2737.7761,2.9558,<LOD,1.5654,0.2537,5.3464 , 2.4016,0.1191,483.1552 , 22.2249,16.5302,395461.0938 , 7083.6831,<LOD,1.4437,0.1363,45182.9922 , 276.1347,55.4100,<LOD,2.2608,1.0959,<LOD,47.4000,0.7867,<LOD,57.4662,11.7727,146.4198 , 6.4130,3.4561,18.6062 , 3.1653,0.3674,33203.9688 , 186.0829,74.5324,<LOD,0.0000,0.0000,<LOD,2.8392,0.1964,8598.1396 , 108.2622,5.6874,52304.6641 , 4618.9023,0.1275,629.4361 , 31.4407,1.4292,<LOD,1.0744,4.2341,5.7997 , 0.6079,2.8342,<LOD,8.0441,0.2725,1096.6826 , 138.8929,0.2791,8.1808 , 1.0800,0.3220,<LOD,1.3719,0.4608,37.6318 , 1.1947,1.8780,<LOD,0.0000,0.0000,790.1852 , 36.8934,0.5176,<LOD,4.3717,3.5503,<LOD,0.9450,0.2072,316818.0312 , 859.6256,30.4070,17.7364 , 2.4193,3.0878,297.2012 , 1.8564,16.4397,<LOD,0.0000,0.0000,3.9029 , 0.8213,0.3217,6778.3843 , 53.1566,21.8979,4.1245 , 1.0819,0.5629,208.4976 , 14.1547,3.9588,<LOD,7.4095,0.1942,18.6314 , 0.7640,2.4473,54.2701 , 3.0623,0.6537,113.8118 , 1.3627,12.0899,7,436.100006,39.001328,-122.661964,10.000000,529270.375000,4316978.000000,
99,Mining,122.90,32.64,30.13,30.01,30.12,"Fri Apr 3, 2026 - 12:44:49",User,1.5,ppm,,,,,,Mining,,<LOD,1.4272,0.6450,149572.0781 , 2664.8508,3.2025,<LOD,1.4016,0.2345,<LOD,3.1683,0.1131,436.8620 , 20.9586,16.8371,384313.8438 , 6644.0586,<LOD,1.3854,0.1487,42789.6367 , 268.8636,55.1720,<LOD,2.1088,1.0975,<LOD,46.7239,0.8163,<LOD,54.4691,12.5927,125.5954 , 5.9281,3.3154,16.2432 , 2.9124,0.3682,33979.0664 , 191.9764,80.8178,<LOD,0.0000,0.0000,<LOD,4.2942,0.2311,8578.9863 , 105.5860,5.9533,52542.7773 , 4466.0791,0.1289,621.3146 , 29.3691,1.4847,<LOD,0.9944,4.3103,4.9398 , 0.5621,2.8755,<LOD,7.5037,0.2740,870.3618 , 130.3186,0.2578,6.8748 , 0.9844,0.3171,<LOD,1.2765,0.4616,36.7238 , 1.1076,1.9114,<LOD,0.0000,0.0000,1440.0437 , 42.7957,0.7626,<LOD,4.0972,3.5687,<LOD,0.8362,0.2005,317597.9688 , 883.2747,32.0756,10.9710 , 2.2727,3.1336,283.6480 , 1.7544,16.5884,<LOD,0.0000,0.0000,3.0923 , 0.7690,0.3253,6403.8330 , 50.5218,21.8120,2.7398 , 0.9877,0.5545,172.0404 , 13.1083,3.8154,<LOD,7.1033,0.2117,19.7677 , 0.7261,2.6175,59.1932 , 2.9503,0.7171,111.4097 , 1.2821,12.4180,4,437.299988,39.001431,-122.662003,10.000000,529267.187500,4316989.500000,
100,Mining,120.35,30.17,30.04,30.05,30.09,"Fri Apr 3, 2026 - 12:47:37",User,1.5,ppm,,,,,,Mining,,<LOD,1.5077,0.5941,131269.4688 , 2687.4829,2.8206,<LOD,1.5858,0.2507,<LOD,3.3621,0.1029,486.9398 , 22.4790,16.2555,405213.5000 , 7019.8550,<LOD,1.4419,0.1300,44324.6797 , 267.1414,52.8378,<LOD,2.2807,1.0683,<LOD,46.7836,0.7719,<LOD,58.4782,11.7502,117.4527 , 6.1511,3.0420,18.9939 , 3.2158,0.3630,34066.9414 , 179.9961,74.4146,<LOD,0.0000,0.0000,<LOD,3.2347,0.1997,9696.1494 , 114.5615,6.1718,48209.5117 , 4502.1128,0.1197,600.7271 , 31.1278,1.3532,<LOD,1.0926,4.1850,5.9523 , 0.6182,2.7999,<LOD,8.2704,0.2782,1006.4978 , 133.7058,0.2582,7.8897 , 1.0891,0.3138,<LOD,1.4020,0.4627,43.0428 , 1.2623,2.0308,<LOD,0.0000,0.0000,872.4286 , 37.4681,0.5395,<LOD,4.3992,3.4229,<LOD,0.8832,0.1803,316905.9062 , 820.1387,29.5742,17.3267 , 2.4502,3.0384,299.8072 , 1.8379,16.0828,<LOD,0.0000,0.0000,4.8978 , 0.8420,0.3320,6455.1826 , 50.8131,20.2549,4.3963 , 1.1045,0.5611,176.6519 , 13.7194,3.5668,<LOD,7.4203,0.1861,19.4463 , 0.7873,2.4831,58.9148 , 3.1651,0.6688,117.3421 , 1.3792,12.0032,5,442.000000,39.001308,-122.661850,10.000000,529280.625000,4316976.000000,
101,Mining,120.41,30.11,30.08,30.13,28.60,"Fri Apr 3, 2026 - 12:52:54",User,1.5,ppm,,,,,,Mining,,<LOD,1.4351,0.6446,144179.8750 , 2636.4307,3.0968,<LOD,1.4137,0.2628,<LOD,3.0320,0.1054,419.7201 , 20.8331,16.4905,388422.5000 , 6591.8193,<LOD,1.3254,0.1390,42009.4531 , 270.8641,53.6253,<LOD,2.1733,1.1691,<LOD,48.3260,0.8472,<LOD,52.2609,11.4936,111.9943 , 5.9639,3.1702,8.2383 , 2.7089,0.3241,30448.6230 , 176.7005,72.1219,<LOD,0.0000,0.0000,3.7270 , 1.8573,0.2391,7012.2651 , 98.8703,4.8901,51240.3633 , 4508.8389,0.1303,463.1504 , 26.8703,1.2257,<LOD,0.9904,4.4083,5.3272 , 0.5575,2.9099,<LOD,7.3527,0.2796,1028.7903 , 140.6311,0.2913,5.2147 , 0.9393,0.2948,<LOD,1.2833,0.4609,32.3879 , 1.0579,1.7619,<LOD,0.0000,0.0000,10198.0850 , 98.3314,3.8699,<LOD,4.1191,3.6000,<LOD,0.8364,0.2103,317574.5625 , 886.3206,32.0660,16.5593 , 2.2910,3.1720,276.9909 , 1.7165,16.4410,<LOD,0.0000,0.0000,3.0051 , 0.7385,0.3088,6205.3921 , 50.9675,21.1335,3.6413 , 0.9936,0.5723,174.9960 , 13.3690,3.7572,<LOD,6.6315,0.1877,14.8606 , 0.6717,2.2966,32.9714 , 2.5028,0.5272,107.3255 , 1.2526,12.2334,2,437.500000,39.001472,-122.662132,10.000000,529256.187500,4316994.500000,
102,Mining,120.59,30.27,30.16,30.07,29.18,"Fri Apr 3, 2026 - 12:55:52",User,1.5,ppm,,,,,,Mining,,<LOD,1.3659,0.6473,150310.4688 , 2398.6589,3.2194,<LOD,1.4507,0.2893,<LOD,3.0826,0.1158,430.5346 , 20.0810,17.1640,398215.8750 , 5883.0815,<LOD,1.3141,0.1449,40103.2812 , 243.4137,53.0421,<LOD,2.0811,1.1884,<LOD,44.0628,0.7927,<LOD,50.9361,11.5077,128.8478 , 5.6002,3.3607,30.0447 , 3.1521,0.4665,30016.7871 , 162.5430,73.9012,<LOD,0.0000,0.0000,5.9905 , 1.9417,0.2779,7166.6787 , 92.6968,5.1392,39262.6367 , 3901.7278,0.1077,445.3685 , 26.3401,1.2456,<LOD,0.9910,4.6661,5.6618 , 0.5585,3.0888,<LOD,7.3523,0.3057,823.4935 , 123.6134,0.2535,7.1090 , 0.9753,0.3377,<LOD,1.2636,0.4982,37.7204 , 1.1115,2.0889,<LOD,0.0000,0.0000,6293.6709 , 73.9100,2.5350,<LOD,3.9540,3.6767,<LOD,0.8370,0.2213,319515.3125 , 832.0155,33.2623,18.8291 , 2.2139,3.3032,288.9324 , 1.6940,17.8463,<LOD,0.0000,0.0000,4.0357 , 0.7530,0.3511,6536.4419 , 47.7322,22.9187,4.4656 , 1.0148,0.6332,176.0341 , 12.5567,3.9862,<LOD,6.9113,0.2167,15.8131 , 0.6839,2.5228,43.4044 , 2.6622,0.6329,112.5777 , 1.2561,13.2882,,,,,,,,
103,Mining,120.32,30.18,30.03,30.07,29.12,"Fri Apr 3, 2026 - 12:58:30",User,1.5,ppm,,,,,,Mining,,<LOD,1.4223,0.6588,156971.8906 , 2644.7412,3.3598,<LOD,1.4832,0.2855,<LOD,2.9520,0.1015,470.1689 , 21.0066,17.6570,372843.9062 , 6455.6074,<LOD,1.4246,0.1637,40048.1367 , 257.4738,52.0738,<LOD,2.1632,1.2058,<LOD,47.7903,0.8102,<LOD,51.4586,11.2436,115.3493 , 5.6736,3.1945,29.5357 , 3.1828,0.4566,29577.1738 , 174.1619,71.5726,<LOD,0.0000,0.0000,2.8929 , 1.8996,0.2494,7241.5239 , 95.9537,5.0955,42683.4023 , 4264.8833,0.1144,455.1734 , 26.9534,1.2446,<LOD,1.1245,4.6606,6.3326 , 0.5699,3.0891,<LOD,7.4319,0.3005,843.8525 , 131.6362,0.2501,8.1614 , 1.0097,0.3481,<LOD,1.2776,0.4757,38.6840 , 1.1353,2.0913,<LOD,0.0000,0.0000,7163.8345 , 83.9687,2.8152,<LOD,4.1239,3.7767,<LOD,0.8382,0.2163,334278.1875 , 917.9066,34.7196,19.3642 , 2.2948,3.3322,298.7837 , 1.8081,18.1546,<LOD,0.0000,0.0000,2.9643 , 0.7834,0.3492,6546.5815 , 50.5755,22.6589,3.8258 , 1.0179,0.6123,165.0601 , 12.8676,3.8958,<LOD,7.1974,0.2260,18.3063 , 0.7160,2.6533,48.4116 , 2.7803,0.6621,118.5205 , 1.3175,13.6146,3,438.600006,39.001511,-122.661934,10.000000,529273.187500,4316998.500000,
104,Mining,120.28,30.16,30.09,30.18,29.85,"Fri Apr 3, 2026 - 13:01:11",User,1.5,ppm,,,,,,Mining,,<LOD,1.3812,0.6339,138872.6094 , 2436.1265,2.9898,<LOD,1.4148,0.2469,<LOD,3.0018,0.1005,393.8102 , 19.9557,15.9115,389438.5625 , 6142.5542,<LOD,1.3403,0.1383,46442.7812 , 284.5226,64.0119,<LOD,2.0594,1.1068,<LOD,45.6268,0.8566,<LOD,59.0413,15.4952,113.2603 , 6.0758,3.4923,11.1683 , 2.8346,0.3482,40071.0742 , 213.8813,100.8541,<LOD,0.0000,0.0000,9.6073 , 2.0487,0.2912,6456.1567 , 95.0461,4.8674,51108.9375 , 4381.9565,0.1280,877.8705 , 33.1134,1.9886,<LOD,0.9908,4.3713,4.5268 , 0.5537,2.8604,<LOD,7.8832,0.2807,943.6570 , 128.8407,0.2780,5.5135 , 0.9697,0.3058,<LOD,1.1986,0.4251,32.6140 , 1.0681,1.7548,<LOD,0.0000,0.0000,2631.1702 , 52.1098,1.2557,<LOD,3.9471,3.4888,<LOD,0.8266,0.1990,316309.7188 , 866.7234,34.0262,14.5338 , 2.1933,3.0662,265.7335 , 1.6935,16.0047,<LOD,0.0000,0.0000,2.1613 , 0.7356,0.2908,5669.4258 , 48.0319,20.5130,<LOD,2.1976,0.5337,160.6366 , 12.9148,3.6771,<LOD,6.7797,0.1918,15.9705 , 0.6970,2.3928,47.7439 , 2.8041,0.6476,100.7743 , 1.2415,11.7672,5,449.000000,39.001366,-122.661865,10.000000,529279.312500,4316982.500000,
105,Mining,120.36,30.13,30.11,30.01,29.22,"Fri Apr 3, 2026 - 13:04:02",User,1.5,ppm,,,,,,Mining,,<LOD,1.3123,0.6184,135533.1094 , 2303.3887,2.9221,<LOD,1.3578,0.2557,<LOD,2.9158,0.1069,371.3867 , 18.9730,15.6165,410531.3438 , 5662.6509,<LOD,1.2421,0.1337,46366.2500 , 285.5825,65.8717,<LOD,2.0035,1.1433,<LOD,44.2196,0.8288,<LOD,56.4424,15.8241,107.2354 , 6.1140,3.4511,7.4949 , 2.6245,0.3354,39061.3359 , 199.5621,101.7749,<LOD,0.0000,0.0000,5.2774 , 1.8765,0.2689,6258.8438 , 96.4605,4.8980,44411.2031 , 4159.5610,0.1172,846.0036 , 31.3976,1.9947,<LOD,0.9533,4.4474,3.7667 , 0.5393,2.9627,<LOD,7.3967,0.2710,927.0796 , 125.5596,0.2725,5.7504 , 0.9312,0.3175,<LOD,1.2026,0.4665,30.0497 , 1.0057,1.7364,<LOD,0.0000,0.0000,2527.8965 , 51.3911,1.2593,<LOD,3.7986,3.5337,<LOD,0.7844,0.1993,307047.5625 , 843.2870,33.8226,16.0805 , 2.1001,3.0497,254.8926 , 1.5768,15.9881,<LOD,0.0000,0.0000,2.8699 , 0.6998,0.3054,5383.3350 , 47.3743,20.1624,3.1767 , 0.9551,0.5752,150.6091 , 12.9740,3.6136,<LOD,6.6377,0.2072,16.2453 , 0.6674,2.4786,40.4718 , 2.5704,0.6121,90.7224 , 1.1417,11.3759,6,449.799988,39.001320,-122.661850,10.000000,529280.500000,4316977.500000,
106,Mining,120.26,30.29,30.10,30.11,29.76,"Fri Apr 3, 2026 - 13:06:53",User,1.5,ppm,,,,,,Mining,,<LOD,1.4113,0.6168,123371.2031 , 2360.0720,2.6737,<LOD,1.4457,0.2410,<LOD,2.8649,0.0890,397.6207 , 20.4003,15.5638,396387.4062 , 6152.8672,<LOD,1.3614,0.1395,48572.1953 , 287.8332,65.0189,<LOD,2.1260,1.1041,<LOD,45.6907,0.8406,<LOD,58.6617,14.8060,106.8609 , 6.0870,3.3237,11.5971 , 2.8521,0.3444,38764.4297 , 201.2143,94.5486,<LOD,0.0000,0.0000,8.4535 , 2.0668,0.2860,6281.7822 , 94.6955,4.6451,51053.7773 , 4443.5088,0.1278,844.5743 , 32.6955,1.8743,<LOD,1.1193,4.3944,4.1498 , 0.5663,2.8217,<LOD,7.8937,0.2805,854.1373 , 126.1483,0.2581,7.8308 , 1.0217,0.3324,<LOD,1.2608,0.4405,31.1702 , 1.0626,1.6823,<LOD,0.0000,0.0000,2418.6904 , 50.4649,1.1503,<LOD,4.0567,3.4539,<LOD,0.8139,0.1898,324756.8750 , 853.1421,34.2795,16.6088 , 2.2524,3.0240,271.6927 , 1.6912,15.9527,<LOD,0.0000,0.0000,2.6975 , 0.7547,0.3028,5518.9814 , 47.3493,19.3689,3.1850 , 1.0130,0.5607,154.5658 , 12.8911,3.4757,<LOD,7.1665,0.2100,16.7182 , 0.7028,2.3840,45.0766 , 2.7726,0.6188,97.7113 , 1.2252,11.3482,5,450.700012,39.001335,-122.661880,10.000000,529277.875000,4316979.000000,
107,Mining,120.57,30.03,30.29,30.05,29.60,"Fri Apr 3, 2026 - 13:10:05",User,1.5,ppm,,,,,,Mining,,<LOD,1.3405,0.6194,96163.4922 , 1761.0425,2.0994,<LOD,1.5134,0.3027,<LOD,3.0675,0.1106,291.7412 , 18.6216,14.2017,558500.0000 , 4325.6099,<LOD,1.3129,0.1397,39304.0547 , 218.6495,52.8088,<LOD,2.0239,1.1202,<LOD,46.2012,0.9150,<LOD,54.0987,12.9435,120.0873 , 5.7086,3.4633,7.2276 , 2.7758,0.3496,33228.4219 , 136.8774,82.6937,<LOD,0.0000,0.0000,10.2887 , 2.0853,0.3200,8024.3184 , 96.8279,5.7502,9987.9551 , 3077.0767,0.0605,449.7385 , 26.7347,1.2873,<LOD,1.0122,4.8521,5.1324 , 0.5710,3.2384,<LOD,7.4481,0.2824,823.1455 , 128.2665,0.2725,7.7011 , 1.0222,0.3587,<LOD,1.1147,0.3781,39.2169 , 1.1285,2.1201,<LOD,0.0000,0.0000,10759.9199 , 93.1493,4.2883,<LOD,3.8481,3.5142,<LOD,0.8493,0.2224,234843.2188 , 659.4318,23.0404,11.8235 , 2.0925,2.8817,297.7029 , 1.5931,18.3191,<LOD,0.0000,0.0000,3.8490 , 0.7592,0.3470,6761.5322 , 45.8138,24.2767,<LOD,2.4043,0.6090,191.8263 , 13.0645,4.2981,<LOD,6.7294,0.1985,17.8354 , 0.7233,2.7448,33.0308 , 2.5463,0.5612,116.7276 , 1.2601,13.7572,4,448.700012,39.001511,-122.661995,10.000000,529268.000000,4316998.500000,
108,Mining,122.85,32.50,30.08,30.19,30.08,"Fri Apr 3, 2026 - 13:13:54",User,1.5,ppm,,,,,,Mining,,<LOD,1.3874,0.6706,149826.3125 , 2459.4507,3.2192,<LOD,1.2443,0.2270,<LOD,2.3602,0.0726,363.4090 , 19.8274,16.4186,393887.0938 , 5695.3657,<LOD,1.1182,0.1127,44063.0586 , 270.4953,57.3883,<LOD,2.1251,1.2515,<LOD,46.2966,0.8288,<LOD,47.3213,10.4161,126.1917 , 6.1742,3.4726,<LOD,3.4037,0.2578,27483.8145 , 152.4815,65.9148,<LOD,0.0000,0.0000,<LOD,3.4324,0.1974,8593.9268 , 107.1368,6.0163,35058.3633 , 3991.7649,0.1059,276.6161 , 22.1731,0.9236,<LOD,0.8695,3.9453,1.7544 , 0.4909,2.6079,<LOD,6.2049,0.2102,805.1998 , 131.7507,0.2654,4.5554 , 0.8405,0.2700,<LOD,1.2131,0.4566,26.8657 , 0.9129,1.5092,<LOD,0.0000,0.0000,12740.2637 , 106.9359,4.9023,<LOD,3.9980,3.7998,<LOD,0.6675,0.1533,319052.4688 , 839.3640,33.1445,10.9888 , 2.1906,3.2013,218.6600 , 1.3893,13.4392,<LOD,0.0000,0.0000,2.1426 , 0.6294,0.2587,7150.1553 , 53.5071,24.5209,1.7112 , 0.8531,0.4842,193.2270 , 14.0619,4.2756,<LOD,5.5980,0.1522,10.2761 , 0.5807,1.9692,23.7550 , 2.1756,0.4536,79.1939 , 1.0289,9.8208,5,451.500000,39.001347,-122.661812,10.000000,529283.937500,4316980.500000,
109,Mining,120.28,30.02,30.14,30.05,29.49,"Fri Apr 3, 2026 - 13:16:43",User,1.5,ppm,,,,,,Mining,,<LOD,1.4619,0.6181,129189.5938 , 2398.2046,2.7828,<LOD,1.5845,0.2937,<LOD,3.1792,0.1014,414.4712 , 21.2140,15.9564,449309.6250 , 5849.7637,<LOD,1.3884,0.1329,36659.0742 , 226.7108,44.4027,<LOD,2.2279,1.1369,<LOD,46.7692,0.7617,<LOD,54.0881,10.6306,116.8614 , 5.6985,2.9930,7.2730 , 2.8643,0.3155,29640.4316 , 148.5683,67.4800,<LOD,0.0000,0.0000,4.9243 , 2.0151,0.2479,6932.6631 , 94.8066,4.5744,23555.5332 , 3785.3420,0.0836,372.1490 , 26.8129,1.0564,<LOD,1.0319,4.3019,3.7594 , 0.5766,2.8089,<LOD,7.4095,0.2390,693.8813 , 126.2202,0.2192,7.2003 , 1.0349,0.3131,<LOD,1.2769,0.4199,33.8414 , 1.1148,1.7424,<LOD,0.0000,0.0000,14835.2070 , 114.6327,5.2416,<LOD,4.2351,3.5353,<LOD,0.8555,0.1893,301460.7188 , 771.0829,28.5096,17.4636 , 2.3517,3.0981,276.1743 , 1.6582,15.8552,<LOD,0.0000,0.0000,2.3290 , 0.7675,0.2883,6141.9106 , 45.6554,19.8912,<LOD,2.5076,0.5293,173.8732 , 12.7375,3.5173,<LOD,6.9792,0.1814,19.6624 , 0.7559,2.5652,22.7733 , 2.4682,0.4466,108.6606 , 1.2857,11.9579,,,,,,,,
110,Mining,120.38,30.10,30.12,30.05,30.11,"Fri Apr 3, 2026 - 13:19:52",User,1.5,ppm,,,,,,Mining,,<LOD,1.2512,0.5797,69295.7031 , 1246.1447,1.5349,<LOD,1.6588,0.4005,<LOD,3.2325,0.1298,406.2667 , 18.3881,15.6998,629483.2500 , 3377.1309,<LOD,1.3334,0.1513,8200.9512 , 121.1577,11.8776,<LOD,1.9137,1.0737,<LOD,35.0306,0.7221,<LOD,61.0613,19.6527,131.6084 , 6.5280,4.0849,<LOD,3.9263,0.3204,45696.6445 , 144.0379,124.5585,<LOD,0.0000,0.0000,57.5358 , 3.0120,0.8035,8587.7930 , 114.3557,6.2180,9403.0674 , 2546.8040,0.0571,<LOD,25.6674,0.6040,<LOD,1.0031,5.0348,3.5445 , 0.5683,3.3623,<LOD,7.8211,0.2679,529.3633 , 96.4294,0.2041,11.0839 , 1.0804,0.4227,<LOD,1.0142,0.3348,36.0994 , 1.0789,2.0203,<LOD,0.0000,0.0000,21038.3574 , 109.2507,8.2574,<LOD,3.6801,3.4469,<LOD,0.7863,0.1944,199586.3594 , 535.4583,19.3720,15.6262 , 2.0246,2.9364,135.7422 , 1.0482,9.0030,<LOD,0.0000,0.0000,2.4878 , 0.7362,0.3243,7058.8481 , 50.9399,27.9693,<LOD,2.4267,0.5966,172.5951 , 14.7033,4.8212,<LOD,0.0000,0.1981,23.9571 , 0.7616,3.2181,<LOD,2.6599,0.2880,123.0913 , 1.1734,12.8611,2,450.000000,39.001331,-122.661957,10.000000,529270.937500,4316978.500000,
111,Mining,123.07,32.75,30.09,30.13,30.10,"Fri Apr 3, 2026 - 13:22:46",User,1.5,ppm,,,,,,Mining,,<LOD,1.1688,0.7683,157980.2812 , 1657.7920,3.3760,<LOD,2.1970,0.4784,<LOD,2.8704,0.1574,351.8497 , 16.5777,19.2133,478874.9062 , 3772.1121,<LOD,1.1472,0.1720,5633.4268 , 78.0456,8.8519,<LOD,1.7767,1.4127,<LOD,35.7113,0.7453,<LOD,38.6207,9.3577,121.2780 , 4.5850,3.7875,<LOD,3.1289,0.3109,19875.2480 , 99.1718,59.3584,<LOD,0.0000,0.0000,92.3713 , 3.1810,1.3679,8044.3276 , 84.2378,6.1627,9771.5645 , 2347.5801,0.0622,<LOD,21.8729,0.5171,<LOD,0.8851,6.0059,4.9903 , 0.5051,4.0313,<LOD,5.6639,0.2919,593.2655 , 103.5619,0.2428,8.7284 , 0.8867,0.4392,<LOD,1.0317,0.5328,36.6686 , 0.9746,2.5306,<LOD,0.0000,0.0000,19429.1523 , 110.9442,8.1620,<LOD,3.3553,4.3733,<LOD,0.6923,0.2312,291702.4688 , 658.4688,32.8991,10.3662 , 1.8320,3.6386,118.9006 , 0.8959,9.9379,<LOD,0.0000,0.0000,3.2627 , 0.6438,0.3966,7001.4346 , 40.0974,29.7287,2.2526 , 0.9224,0.7908,189.3952 , 10.9350,5.1534,<LOD,0.0000,0.2078,27.1769 , 0.6901,4.1358,<LOD,2.2339,0.3061,126.6854 , 1.0641,16.0069,4,448.200012,39.001102,-122.661247,10.000000,529333.000000,4316953.500000,
112,Mining,120.69,30.12,30.23,30.17,28.37,"Fri Apr 3, 2026 - 13:25:35",User,1.5,ppm,,,,,,Mining,,<LOD,1.2713,0.7225,118913.1484 , 1633.0973,2.5618,<LOD,1.4752,0.4042,<LOD,3.0154,0.1415,351.6913 , 17.9760,17.7396,553999.1875 , 3768.7119,<LOD,1.2125,0.1570,5291.9614 , 83.1446,7.8124,<LOD,1.9546,1.3648,<LOD,39.7558,0.7848,<LOD,45.6858,11.4519,125.6031 , 5.1884,3.7508,<LOD,3.5348,0.3266,26766.4551 , 114.0179,74.2892,<LOD,0.0000,0.0000,90.9456 , 3.3310,1.2282,8417.7803 , 94.1578,6.0442,6596.2178 , 2478.4119,0.0540,<LOD,23.5720,0.5278,<LOD,0.9290,5.5100,5.6577 , 0.5266,3.6962,<LOD,6.1332,0.2473,504.5964 , 106.7151,0.2095,8.0100 , 0.9411,0.4030,<LOD,1.0954,0.4759,38.7213 , 1.0384,2.3622,<LOD,0.0000,0.0000,17797.9961 , 110.4731,7.0433,<LOD,3.6570,4.1218,<LOD,0.7434,0.2201,253193.8750 , 631.3574,25.7077,9.0578 , 1.9852,3.3758,130.1182 , 0.9744,9.7083,<LOD,0.0000,0.0000,4.5783 , 0.7016,0.3949,7405.6489 , 43.7833,29.3700,<LOD,1.7747,0.6957,197.4956 , 12.3559,5.0795,<LOD,0.0000,0.1700,17.3107 , 0.6619,3.0634,<LOD,2.4869,0.3117,133.9151 , 1.1412,15.2139,3,449.299988,39.001221,-122.661804,10.000000,529284.562500,4316966.500000,
113,Mining,120.09,30.13,30.05,30.10,29.81,"Fri Apr 3, 2026 - 13:28:45",User,1.5,ppm,,,,,,Mining,,<LOD,1.3274,0.6220,120620.5234 , 2208.2212,2.6046,<LOD,1.2989,0.2332,<LOD,2.4797,0.0817,314.0833 , 18.9005,15.1653,479236.5312 , 5375.1768,<LOD,1.1726,0.1267,38795.7188 , 235.7278,51.7717,<LOD,2.0109,1.1290,<LOD,47.1609,0.8568,<LOD,47.1213,10.5404,106.4595 , 5.6104,3.1980,<LOD,4.1601,0.2964,27104.3262 , 137.3606,67.2882,<LOD,0.0000,0.0000,<LOD,3.4903,0.2124,7109.3994 , 95.0097,5.1168,33727.3438 , 3864.4382,0.0973,378.8169 , 24.3577,1.1373,<LOD,0.9201,4.4815,3.6180 , 0.5244,3.0354,<LOD,6.4651,0.2459,769.9687 , 129.6201,0.2539,7.2091 , 0.9270,0.3363,<LOD,1.1111,0.3849,29.7625 , 0.9728,1.7498,<LOD,0.0000,0.0000,1240.3456 , 41.6555,0.7269,<LOD,3.8453,3.5768,<LOD,0.7300,0.1912,283913.7500 , 784.9118,28.4363,10.0276 , 2.1032,2.9914,254.0704 , 1.4696,16.1176,<LOD,0.0000,0.0000,3.2649 , 0.6772,0.3149,6054.4907 , 46.1454,21.6024,3.6917 , 0.9284,0.5881,180.6434 , 12.7210,3.8872,<LOD,5.7005,0.1607,13.8859 , 0.6298,2.3763,25.9842 , 2.2464,0.4939,96.0336 , 1.1156,11.9627,3,447.899994,39.001427,-122.661804,10.000000,529284.375000,4316989.500000,
114,Mining,120.40,30.16,30.03,30.16,30.05,"Fri Apr 3, 2026 - 13:31:23",User,1.5,ppm,,,,,,Mining,,<LOD,1.2635,0.6115,133319.7656 , 2246.1184,2.8668,<LOD,1.3001,0.2494,<LOD,2.7050,0.0989,306.5371 , 18.2402,15.2895,447850.1562 , 5525.6143,<LOD,1.1477,0.1225,38470.9258 , 232.1684,52.2660,<LOD,1.9636,1.1772,<LOD,43.6509,0.8075,<LOD,47.5588,10.8954,111.0007 , 5.3437,3.2555,<LOD,5.5209,0.3113,27783.3418 , 146.6859,70.3217,<LOD,0.0000,0.0000,<LOD,3.6890,0.2229,6826.9702 , 89.6154,5.0192,43844.7422 , 3923.4146,0.1144,398.0742 , 24.5430,1.1757,<LOD,0.9236,4.5535,2.6036 , 0.5174,2.9615,<LOD,6.6405,0.2671,699.1487 , 121.9509,0.2464,5.7395 , 0.8942,0.3154,<LOD,1.0901,0.4043,30.0794 , 0.9866,1.8084,<LOD,0.0000,0.0000,1569.1063 , 42.9228,0.8611,<LOD,3.7102,3.6188,<LOD,0.7393,0.1922,292382.0625 , 796.0615,30.0366,12.4590 , 2.0409,3.0748,245.9623 , 1.4735,15.8650,<LOD,0.0000,0.0000,3.4248 , 0.6688,0.3128,5838.6074 , 44.2804,21.2426,4.9928 , 0.9445,0.6144,153.9366 , 11.8001,3.7237,<LOD,5.9501,0.1771,14.2032 , 0.6324,2.4137,28.2185 , 2.2885,0.5173,97.9500 , 1.1284,12.1801,2,423.799988,39.001488,-122.661758,10.000000,529288.062500,4316996.000000,
115,Mining,122.99,32.74,30.05,30.02,30.18,"Fri Apr 3, 2026 - 13:33:57",User,1.5,ppm,,,,,,Mining,,<LOD,1.3664,0.6031,96634.3125 , 1927.6943,2.1022,<LOD,1.3724,0.2262,<LOD,2.8178,0.0882,288.8233 , 18.9009,13.7274,540792.2500 , 4950.4512,<LOD,1.2242,0.1146,39755.2656 , 217.3773,48.9458,<LOD,2.0408,1.0633,<LOD,45.7371,0.8634,<LOD,50.0526,9.9006,107.1558 , 5.3790,2.9491,<LOD,4.2671,0.2818,27110.6777 , 125.0964,62.4259,<LOD,0.0000,0.0000,<LOD,2.4895,0.1761,6567.3716 , 88.3874,4.4340,25198.0957 , 3489.8083,0.0813,414.4839 , 26.3259,1.1101,<LOD,0.9687,4.1401,3.0521 , 0.5543,2.8292,<LOD,6.7611,0.2187,483.3621 , 112.6399,0.1964,5.8167 , 0.9506,0.2934,<LOD,1.1825,0.4013,30.7825 , 1.0303,1.6565,<LOD,0.0000,0.0000,1436.2715 , 41.1351,0.7614,<LOD,3.8888,3.3478,<LOD,0.7762,0.1741,254891.7969 , 671.9174,23.0703,12.0003 , 2.1290,2.8012,244.9416 , 1.4459,14.4277,<LOD,0.0000,0.0000,2.3990 , 0.6959,0.2718,5729.2734 , 41.4797,18.8459,2.6705 , 0.9603,0.5225,159.5234 , 11.8344,3.3487,<LOD,6.5766,0.1786,12.1628 , 0.6548,2.1350,27.5996 , 2.4423,0.4847,89.8969 , 1.1319,10.5977,2,439.799988,39.000622,-122.661980,10.000000,529269.687500,4316900.000000,
116,Mining,120.21,30.00,30.06,30.09,30.06,"Fri Apr 3, 2026 - 13:55:50",User,1.5,ppm,,,,,,Mining,,1.6824 , 0.8637,0.6701,60868.2109 , 1198.9297,1.3436,<LOD,1.2679,0.2116,<LOD,2.8296,0.1062,44.7738 , 16.3594,11.1889,686046.8750 , 3359.4487,<LOD,1.2035,0.1316,30718.4473 , 171.4105,40.4167,4.7923 , 1.3466,1.3223,<LOD,36.2302,0.7255,<LOD,46.5326,9.9892,74.0097 , 4.2334,2.4343,<LOD,4.1451,0.3261,24935.6055 , 105.8984,63.0366,<LOD,0.0000,0.0000,<LOD,2.5114,0.2148,6063.2856 , 77.0499,4.3317,14327.5098 , 2509.7854,0.0558,451.6319 , 26.1717,1.2777,<LOD,0.9130,4.4278,<LOD,0.7582,2.8512,<LOD,6.6410,0.2660,417.0244 , 89.8423,0.1676,5.7843 , 0.9225,0.3289,1.1851 , 0.7900,0.5016,28.1523 , 0.9447,1.6769,<LOD,0.0000,0.0000,267.0377 , 24.9615,0.3558,<LOD,3.5944,3.5773,<LOD,0.7593,0.1958,170895.0156 , 519.3566,15.2088,4.9928 , 1.9264,2.7779,206.2853 , 1.2420,13.5924,<LOD,0.0000,0.0000,1.9807 , 0.6728,0.2981,4401.6147 , 32.1177,15.7619,<LOD,1.2983,0.5053,120.7044 , 9.4121,2.8018,<LOD,6.4875,0.2055,10.0373 , 0.6125,2.2292,32.2151 , 2.4474,0.5762,71.0771 , 0.9922,9.8947,5,438.600006,39.000832,-122.662964,10.000000,529184.000000,4316923.000000,
117,Mining,120.58,30.27,30.17,30.14,28.19,"Fri Apr 3, 2026 - 13:58:44",User,1.5,ppm,,,,,,Mining,,2.3163 , 0.6959,0.7230,70314.2578 , 1046.4683,1.5419,<LOD,0.9960,0.2462,<LOD,2.1665,0.1007,<LOD,18.9312,10.5017,698709.1250 , 2825.4709,<LOD,0.9886,0.1443,26497.9980 , 155.1119,43.6594,10.4272 , 1.1228,1.5539,<LOD,30.8372,0.7144,<LOD,38.1803,10.4015,71.8116 , 3.7501,2.7201,<LOD,2.9663,0.3147,20592.5195 , 91.4858,66.2480,<LOD,0.0000,0.0000,<LOD,1.9878,0.2179,5198.8433 , 68.2148,4.6173,17796.8691 , 2217.2773,0.0627,352.8754 , 21.6475,1.3469,<LOD,0.7963,5.5726,<LOD,0.6613,3.5766,<LOD,5.3771,0.2797,445.1980 , 78.9890,0.1812,<LOD,0.9777,0.3008,3.2928 , 0.6689,0.6006,20.2620 , 0.7341,1.6293,<LOD,0.0000,0.0000,167.2242 , 20.7704,0.3370,3.9750 , 1.9092,3.8255,<LOD,0.5905,0.1932,155639.9688 , 487.0445,17.0689,<LOD,2.6731,2.7811,150.9964 , 0.9606,13.1412,<LOD,0.0000,0.0000,<LOD,1.2665,0.3014,3828.8469 , 28.3014,17.2605,<LOD,1.0352,0.5222,117.2669 , 8.3618,3.1326,<LOD,5.1283,0.2065,6.0143 , 0.4904,2.3333,21.2287 , 1.9456,0.5862,48.6783 , 0.7688,9.6754,5,440.700012,39.000786,-122.662842,10.000000,529194.687500,4316918.000000,
118,Mining,120.05,30.23,30.09,30.20,29.53,"Fri Apr 3, 2026 - 14:01:17",User,1.5,ppm,,,,,,Mining,,1.3725 , 0.7701,0.6965,74166.6484 , 1202.9141,1.6252,<LOD,1.1796,0.2514,<LOD,2.5409,0.1090,<LOD,26.7021,11.1834,663343.6875 , 3177.3447,<LOD,1.1045,0.1416,31574.6680 , 181.2867,47.2755,7.5520 , 1.2348,1.4673,<LOD,33.9545,0.7302,<LOD,43.8622,11.3237,82.1409 , 4.4892,2.9058,<LOD,3.4553,0.3396,24818.8066 , 104.1020,71.3321,<LOD,0.0000,0.0000,<LOD,2.4128,0.2578,6333.6553 , 81.0126,5.1165,14600.7109 , 2390.6138,0.0584,432.1081 , 24.1859,1.3908,<LOD,0.8615,5.0568,<LOD,0.7043,3.1394,<LOD,6.1407,0.2846,431.9768 , 88.3135,0.1880,3.7476 , 0.8208,0.3320,2.4306 , 0.7332,0.5680,27.8230 , 0.8843,1.8770,<LOD,0.0000,0.0000,247.3898 , 23.4349,0.3594,<LOD,3.2061,3.7186,<LOD,0.7080,0.2211,178837.3125 , 528.9197,18.2849,<LOD,2.7964,2.8277,199.3187 , 1.1626,14.9607,<LOD,0.0000,0.0000,1.4985 , 0.6124,0.3127,4643.4956 , 34.4952,18.9733,<LOD,1.2114,0.5615,134.4742 , 10.0729,3.4094,<LOD,6.0022,0.2248,8.8618 , 0.5638,2.4074,30.6342 , 2.2522,0.6233,69.6556 , 0.9276,11.0059,4,434.700012,39.000957,-122.662933,10.000000,529187.000000,4316937.000000,
119,Mining,120.44,30.16,30.06,30.07,30.15,"Fri Apr 3, 2026 - 14:05:48",User,1.5,ppm,,,,,,Mining,,<LOD,1.5533,0.6091,47843.1875 , 1318.2034,1.0684,<LOD,1.6746,0.2530,<LOD,3.5350,0.1050,271.8360 , 22.0302,14.1790,690859.7500 , 3934.3071,<LOD,1.6181,0.1517,32839.5312 , 193.1236,36.2127,<LOD,2.3247,1.0672,<LOD,40.8143,0.6642,<LOD,73.7680,10.6940,94.6777 , 5.1663,2.4172,15.7351 , 3.3609,0.3650,31641.2109 , 123.8115,66.2520,<LOD,0.0000,0.0000,6.8586 , 2.3473,0.2800,5256.1562 , 81.6962,3.2684,11619.7412 , 2866.7300,0.0490,606.3739 , 32.2538,1.3294,<LOD,1.1230,4.1961,3.6302 , 0.6273,2.7654,<LOD,8.5125,0.2809,440.3527 , 97.5679,0.1440,8.7378 , 1.1659,0.3337,<LOD,1.4291,0.4632,37.3924 , 1.2154,1.7536,<LOD,0.0000,0.0000,2078.8196 , 44.1839,0.8670,<LOD,4.5753,3.6268,<LOD,0.9820,0.2116,170843.4844 , 556.1006,12.7556,<LOD,3.6742,2.8270,307.4976 , 1.6849,15.9998,<LOD,0.0000,0.0000,3.0453 , 0.8869,0.3206,4906.0098 , 37.5725,14.6200,<LOD,2.7093,0.5397,137.7413 , 11.1658,2.6187,<LOD,8.3780,0.2200,18.0316 , 0.7953,2.3836,43.0842 , 3.0516,0.5743,117.0838 , 1.3618,11.8263,5,419.299988,39.000778,-122.663025,10.000000,529179.250000,4316917.000000,
120,Mining,120.38,30.15,30.04,30.07,30.12,"Fri Apr 3, 2026 - 14:08:35",User,1.5,ppm,,,,,,Mining,,<LOD,2.0437,0.5736,45906.0703 , 1802.8436,1.0281,<LOD,1.8590,0.1857,<LOD,4.1109,0.0881,367.6395 , 28.6447,13.1192,646980.3750 , 5377.4165,<LOD,1.8428,0.1220,37325.2500 , 219.7276,30.8872,<LOD,2.9971,0.9605,<LOD,52.9481,0.6672,<LOD,62.2710,7.4006,93.9032 , 6.1740,2.0606,16.2456 , 3.8347,0.2945,29775.7578 , 124.3627,46.2333,<LOD,0.0000,0.0000,<LOD,4.8715,0.1949,5915.3999 , 96.1056,2.8196,8179.4907 , 3491.0732,0.0429,516.8701 , 34.8251,0.9386,<LOD,1.2690,3.3177,5.0722 , 0.7065,2.1754,<LOD,9.8950,0.2576,472.7504 , 122.2417,0.1331,9.6051 , 1.3282,0.2682,<LOD,1.8731,0.4324,37.5111 , 1.3393,1.3255,<LOD,0.0000,0.0000,2740.2856 , 57.0642,0.8633,<LOD,5.8960,3.2544,<LOD,1.1600,0.1840,215374.7969 , 668.8932,12.6127,<LOD,7.3204,2.6460,307.1307 , 1.8282,11.9734,<LOD,0.0000,0.0000,3.5463 , 1.0091,0.2572,5634.4766 , 44.7028,12.5385,<LOD,2.8716,0.4047,156.9874 , 13.3629,2.2605,<LOD,16.5196,0.1963,17.5151 , 0.8767,1.7952,38.8774 , 3.3929,0.4398,124.4621 , 1.5207,9.2271,4,417.200012,39.000977,-122.663048,10.000000,529177.187500,4316939.000000,
121,Mining,120.56,30.29,30.08,30.08,28.90,"Fri Apr 3, 2026 - 14:11:12",User,1.5,ppm,,,,,,Mining,,<LOD,1.7211,0.5757,51627.5898 , 1648.9823,1.1496,<LOD,1.7535,0.2344,<LOD,3.5706,0.0879,265.9635 , 24.3200,13.2044,658589.0000 , 4645.5103,<LOD,1.6891,0.1366,33386.0352 , 195.5782,32.1408,<LOD,2.6648,1.0972,<LOD,50.3041,0.7038,<LOD,57.9654,8.4616,88.1086 , 5.2803,2.1307,9.9991 , 3.3905,0.3050,29193.0156 , 121.0323,53.4913,<LOD,0.0000,0.0000,4.2143 , 2.3399,0.2264,5159.4102 , 83.0083,2.8558,6874.0581 , 3151.6003,0.0420,532.6879 , 32.6620,1.0907,<LOD,1.1533,3.6413,2.7377 , 0.6406,2.3736,<LOD,8.8162,0.2606,522.0149 , 118.9258,0.1492,8.3117 , 1.1978,0.2901,<LOD,1.5655,0.4271,36.5274 , 1.2418,1.5161,<LOD,0.0000,0.0000,2811.0737 , 56.2320,0.9834,<LOD,5.1146,3.5223,<LOD,1.0301,0.1953,205497.0781 , 651.3195,13.8495,<LOD,4.8817,2.7287,288.9016 , 1.6858,13.3557,<LOD,0.0000,0.0000,<LOD,1.9883,0.2561,4802.6196 , 37.9274,12.5358,<LOD,2.3790,0.4552,141.1238 , 11.3502,2.2862,<LOD,8.5990,0.1904,15.8977 , 0.8035,2.0033,33.3241 , 3.0180,0.4615,110.3368 , 1.3712,9.9430,6,418.299988,39.000820,-122.662971,10.000000,529183.875000,4316921.500000,
122,Mining,30.05,28.55,,,,"Fri Apr 3, 2026 - 14:30:30",User,1.5,ppm,,,,,,Mining,,518.5286 , 440.4733,12.1978,,,,<LOD,17.6825,0.2152,<LOD,25.3608,0.0535,,,,110024.7188 , 16105.2441,<LOD,14.5926,0.1099,,,,<LOD,33.9524,4.8096,,,,<LOD,487.4333,236.9257,8988.5615 , 109.6996,23.4703,1666.3622 , 64.0217,1.5967,870068.7500 , 610.5767,1603.1274,<LOD,0.0000,0.0000,<LOD,26.8206,0.1480,,,,,,,2789.6292 , 124.9774,11.2163,4211.3447 , 25.7663,50.8343,<LOD,6.9729,0.8342,1351.6550 , 154.7134,0.8216,,,,63.5654 , 14.9224,0.5615,<LOD,40.0735,6.1264,3.8986 , 1.0101,0.0443,<LOD,0.0000,0.0000,,,,<LOD,60.5892,5.7842,<LOD,7.6161,0.1314,,,,128.9057 , 30.2416,6.7706,<LOD,2.4825,0.1401,<LOD,0.0000,0.0000,<LOD,18.2279,-1.0466,184.1296 , 88.0429,1.6281,<LOD,5.5423,-0.0612,<LOD,213.3552,1.5125,<LOD,104.6594,0.2061,<LOD,4.1775,0.2540,<LOD,25.5618,0.2007,<LOD,3.5380,0.4338,6,423.299988,39.000759,-122.662987,10.000000,529182.125000,4316915.000000,
127,Mining,30.08,30.08,,,,"Fri Apr 3, 2026 - 15:29:16",User,1.5,ppm,,,,,,Mining,,512.3784 , 435.2531,12.1763,,,,<LOD,17.8205,0.2352,<LOD,27.5676,0.0714,,,,117733.7656 , 14936.7324,20.5163 , 9.6718,0.1415,,,,<LOD,39.3293,5.0641,,,,<LOD,460.8528,233.3118,8750.2178 , 104.4724,22.7109,1662.0454 , 60.8816,1.6148,862289.4375 , 693.4268,1587.1968,<LOD,0.0000,0.0000,<LOD,40.8745,0.1603,,,,,,,2831.8816 , 118.7209,11.0998,4199.2104 , 24.3916,50.9691,<LOD,5.0778,0.8053,1728.7456 , 146.7195,0.8964,,,,120.3158 , 15.2272,0.6528,<LOD,33.6160,5.8753,<LOD,2.1798,-0.0113,<LOD,0.0000,0.0000,,,,<LOD,56.7443,5.7015,<LOD,7.4426,0.1356,,,,94.1502 , 28.3213,6.6555,<LOD,2.5113,0.1606,<LOD,0.0000,0.0000,<LOD,16.9101,-1.0989,<LOD,513.1560,1.5409,<LOD,4.3152,-0.0437,57.4045 , 49.7190,1.5602,<LOD,75.1418,0.1939,<LOD,4.1193,0.2776,<LOD,24.2507,0.2020,<LOD,3.2612,0.4144,,,,,,,,
128,Mining,120.61,30.06,30.27,30.14,30.14,"Fri Apr 3, 2026 - 17:04:55",User,1.5,ppm,,,,,,Mining,,<LOD,1.3270,0.7156,138802.8750 , 1968.7349,2.9759,<LOD,1.6885,0.4345,<LOD,3.0881,0.1302,508.6674 , 20.3422,21.2455,435601.0000 , 5020.4194,<LOD,1.3878,0.1806,2494.5034 , 67.2362,3.9386,<LOD,2.0752,1.3889,<LOD,40.6987,0.7594,<LOD,49.5037,12.0240,131.3281 , 5.4165,3.8171,15.9583 , 2.8803,0.4294,28365.5840 , 135.5010,75.9622,<LOD,0.0000,0.0000,<LOD,3.2632,0.2477,13143.3760 , 121.5946,8.8194,29373.9590 , 3110.0574,0.0853,248.2847 , 22.6308,1.0044,<LOD,1.1236,5.2932,6.3172 , 0.5519,3.4979,<LOD,8.0754,0.4552,540.4172 , 102.1684,0.1869,16.4573 , 1.1391,0.5195,<LOD,1.2416,0.5644,52.4615 , 1.1915,2.9188,<LOD,0.0000,0.0000,665.8014 , 31.7070,0.4973,<LOD,3.9938,4.4616,<LOD,0.8483,0.2559,345914.4062 , 777.8627,35.7332,11.9232 , 2.1920,3.8032,52.8280 , 0.6670,4.0505,<LOD,0.0000,0.0000,5.4054 , 0.8030,0.4539,3712.1855 , 35.2059,14.7144,1.9566 , 0.8117,0.4565,148.5231 , 10.1538,3.0292,<LOD,6.8180,0.2324,19.0628 , 0.7216,3.1716,46.6743 , 2.6716,0.7068,120.0070 , 1.1138,12.3719,4,417.500000,39.002193,-122.660751,10.000000,529375.500000,4317074.500000,
129,Mining,120.35,30.07,30.17,30.10,29.41,"Mon Apr 6, 2026 - 10:25:57",User,1.5,ppm,,,,,,Mining,,<LOD,1.4073,0.7007,156411.2969 , 2242.1492,3.3295,<LOD,2.0054,0.5065,3.9156 , 2.3061,0.1310,608.8085 , 21.9853,21.4725,432396.8750 , 5650.0200,<LOD,1.4352,0.1607,4376.2021 , 99.2358,6.6079,<LOD,2.1482,1.2782,<LOD,41.0448,0.8024,<LOD,61.0890,17.4014,196.9132 , 7.1592,4.8153,32.5260 , 3.4038,0.5072,42021.7500 , 188.7475,111.0162,<LOD,0.0000,0.0000,<LOD,3.8948,0.2459,18177.8652 , 164.1715,12.3168,38938.3320 , 3497.3918,0.1021,405.7177 , 26.5422,1.3290,<LOD,1.0771,5.2464,10.2587 , 0.6323,3.7658,<LOD,13.0926,0.4868,631.7092 , 108.7470,0.2215,24.5572 , 1.3689,0.6228,<LOD,1.3084,0.5462,72.2048 , 1.4557,3.5884,<LOD,0.0000,0.0000,888.4514 , 33.5548,0.5857,<LOD,4.2060,4.2376,<LOD,0.9334,0.2447,297830.8125 , 755.2930,29.9835,10.0743 , 2.3151,3.6655,70.1083 , 0.8078,4.7897,<LOD,0.0000,0.0000,10.1018 , 0.9206,0.5354,6369.2461 , 52.4245,24.7323,2.4419 , 0.9091,0.4719,227.1789 , 14.8108,4.7305,<LOD,7.5653,0.2402,35.6979 , 0.9258,4.2799,70.8986 , 3.2121,0.8594,176.0279 , 1.4378,15.8568,6,412.600006,39.002121,-122.660828,10.000000,529368.500000,4317066.500000,
130,Mining,120.57,30.27,30.04,30.09,28.08,"Mon Apr 6, 2026 - 10:28:29",User,1.5,ppm,,,,,,Mining,,<LOD,1.3549,0.7260,141265.9688 , 1971.0367,3.0233,<LOD,1.7312,0.4858,<LOD,2.8303,0.1134,543.3428 , 20.6841,21.4310,444999.0938 , 4903.0898,<LOD,1.2973,0.1641,2917.1782 , 76.9483,4.6994,<LOD,2.0602,1.3185,<LOD,39.4302,0.7526,<LOD,52.4462,14.8657,139.6364 , 5.9534,4.1080,21.0657 , 2.9320,0.4660,34084.3672 , 151.9941,94.2777,<LOD,0.0000,0.0000,<LOD,3.6674,0.2593,14844.9375 , 137.4322,10.3634,31920.2949 , 3170.5400,0.0892,295.9530 , 22.9541,1.1435,<LOD,0.9575,5.2395,7.1419 , 0.5532,3.6412,<LOD,8.2143,0.4690,506.9822 , 100.6821,0.1913,17.9262 , 1.1515,0.5521,<LOD,1.2386,0.5446,57.3547 , 1.2155,3.1537,<LOD,0.0000,0.0000,670.2728 , 31.0308,0.5057,<LOD,4.0017,4.3087,<LOD,0.7956,0.2344,322260.8438 , 761.0588,34.0403,14.7663 , 2.2200,3.7948,55.6327 , 0.6732,4.2497,<LOD,0.0000,0.0000,7.7368 , 0.8007,0.4950,4975.7002 , 42.5804,20.1712,1.4868 , 0.7974,0.4559,185.9509 , 12.2043,3.9589,<LOD,6.9529,0.2529,23.2192 , 0.7499,3.5468,55.2848 , 2.7570,0.7864,127.8816 , 1.1356,13.1057,4,411.600006,39.002140,-122.660736,10.000000,529376.562500,4317069.000000,
131,Mining,120.12,30.29,30.06,30.29,29.48,"Mon Apr 6, 2026 - 10:31:08",User,1.5,ppm,,,,,,Mining,,<LOD,1.1678,0.7238,116280.2344 , 1583.9373,2.5198,<LOD,1.3691,0.3586,<LOD,2.7258,0.1268,417.7526 , 17.5752,20.7846,464395.5000 , 4111.6689,<LOD,1.1781,0.1619,1730.1682 , 50.3333,2.9572,<LOD,1.8439,1.4419,<LOD,36.4444,0.6911,<LOD,40.8259,9.3899,106.8305 , 4.4662,3.4531,7.2139 , 2.4862,0.3942,20539.7148 , 103.6893,59.0177,<LOD,0.0000,0.0000,<LOD,2.2383,0.2197,7989.3042 , 86.5139,5.7621,24372.9648 , 2703.3972,0.0765,210.0619 , 20.5916,0.9511,<LOD,0.8681,5.2753,3.8794 , 0.4930,3.5307,<LOD,6.6547,0.3874,431.9922 , 87.4649,0.1542,8.7792 , 0.9140,0.4162,<LOD,1.0670,0.5414,34.7760 , 0.9450,2.2722,<LOD,0.0000,0.0000,345.1786 , 26.8992,0.3965,<LOD,3.5065,4.5277,<LOD,0.7250,0.2299,359905.1562 , 736.7463,39.5168,13.7794 , 1.9318,3.8800,43.8902 , 0.5771,3.8465,<LOD,0.0000,0.0000,5.0297 , 0.6908,0.4274,2940.2534 , 27.6535,12.3272,1.3083 , 0.7184,0.4491,93.6891 , 7.8990,2.4222,<LOD,5.7039,0.2008,11.9726 , 0.5907,2.6819,30.6090 , 2.2362,0.6121,79.9398 , 0.8754,9.9801,5,412.500000,39.002087,-122.660736,10.000000,529376.875000,4317063.000000,
132,Mining,120.52,30.06,30.06,30.27,28.33,"Mon Apr 6, 2026 - 10:33:49",User,1.5,ppm,,,,,,Mining,,<LOD,1.1685,0.7496,117493.8984 , 1668.5078,2.5436,<LOD,1.4464,0.4029,<LOD,2.6281,0.1173,441.0449 , 17.3290,20.9663,464818.8750 , 4273.8730,<LOD,1.1578,0.1558,1760.9910 , 52.6010,3.0080,<LOD,1.8173,1.4471,<LOD,38.0833,0.6971,<LOD,40.8787,9.3783,99.4433 , 4.5229,3.3245,8.8842 , 2.5399,0.4099,20321.9453 , 104.8750,58.1670,<LOD,0.0000,0.0000,<LOD,2.3980,0.2494,8481.9727 , 91.6721,6.0651,26184.2617 , 2858.2832,0.0795,164.8271 , 19.7446,0.8672,<LOD,0.8720,5.4127,4.6051 , 0.4907,3.5706,<LOD,7.0013,0.4424,395.1564 , 90.9237,0.1523,11.0242 , 0.9587,0.4572,<LOD,1.0808,0.5754,37.6318 , 0.9699,2.4023,<LOD,0.0000,0.0000,324.4641 , 27.7610,0.3887,<LOD,3.4353,4.4774,<LOD,0.7168,0.2245,356446.4688 , 768.5223,38.8789,13.6464 , 1.8926,3.8398,43.5703 , 0.5764,3.8168,<LOD,0.0000,0.0000,6.0276 , 0.7006,0.4507,2706.1331 , 27.2413,11.2495,<LOD,1.2555,0.4299,103.7392 , 7.9720,2.3258,<LOD,6.2490,0.2411,10.8838 , 0.5882,2.6395,28.2430 , 2.2089,0.5944,92.2482 , 0.9298,11.1057,6,409.500000,39.002129,-122.660706,10.000000,529379.437500,4317067.500000,
133,Mining,120.36,30.14,30.27,30.18,29.77,"Mon Apr 6, 2026 - 10:36:25",User,1.5,ppm,,,,,,Mining,,<LOD,1.1589,0.7402,118598.3594 , 1521.0116,2.5677,<LOD,1.4278,0.4245,<LOD,2.3859,0.1061,369.2092 , 17.3111,20.6525,475680.2812 , 3795.2263,<LOD,1.1192,0.1601,1885.0046 , 50.3039,3.2712,<LOD,1.8296,1.4732,<LOD,35.4956,0.6854,<LOD,39.2639,9.4840,95.0833 , 4.1917,3.3322,10.3444 , 2.4845,0.4317,20328.9531 , 99.3239,60.1547,<LOD,0.0000,0.0000,<LOD,2.2176,0.2343,7685.8599 , 82.4065,5.7120,18948.9258 , 2497.1099,0.0677,159.0839 , 18.9245,0.8768,<LOD,0.8696,5.9488,3.7475 , 0.4708,3.6158,<LOD,6.6121,0.4290,322.9101 , 91.4501,0.1698,12.9022 , 0.9588,0.5041,<LOD,1.0706,0.5672,34.2052 , 0.9053,2.2934,<LOD,0.0000,0.0000,312.5747 , 26.0997,0.3858,<LOD,3.4623,4.5462,<LOD,0.6678,0.2165,352639.9375 , 711.9239,39.5302,7.9590 , 1.9021,3.8695,44.3646 , 0.5623,4.0090,<LOD,0.0000,0.0000,5.3996 , 0.6702,0.4490,2586.8491 , 24.9874,11.1091,<LOD,1.3105,0.4430,90.7588 , 7.2767,2.2535,<LOD,5.7956,0.2278,10.9128 , 0.5677,2.7139,25.3213 , 2.0806,0.5802,141.0743 , 1.0770,16.1846,6,409.200012,39.002117,-122.660736,10.000000,529376.562500,4317066.500000,
134,Mining,120.46,30.18,30.06,30.08,27.74,"Mon Apr 6, 2026 - 10:39:31",User,1.5,ppm,,,,,,Mining,,<LOD,1.3382,0.7630,102820.2812 , 1666.3024,2.2478,<LOD,1.5945,0.4146,<LOD,2.9506,0.1248,383.9994 , 19.6170,20.1161,435598.9062 , 4509.0303,<LOD,1.3133,0.1695,1241.8204 , 48.5513,2.1405,<LOD,2.0349,1.3890,<LOD,38.5987,0.6371,<LOD,45.9931,10.4300,115.5740 , 5.0182,3.4168,14.5407 , 2.8166,0.4278,24224.0840 , 116.2639,65.0624,<LOD,0.0000,0.0000,<LOD,2.5447,0.2344,5976.3164 , 83.1862,4.1490,22303.9395 , 2920.5781,0.0719,182.4729 , 21.2496,0.8827,<LOD,0.9261,5.0005,4.8678 , 0.5314,3.4340,<LOD,7.7336,0.4489,469.7108 , 97.9742,0.1591,13.3635 , 1.0566,0.4691,<LOD,1.2132,0.5612,26.3792 , 0.8997,1.6867,<LOD,0.0000,0.0000,405.2640 , 29.7094,0.3990,<LOD,3.9249,4.4764,<LOD,0.8071,0.2417,402759.6562 , 784.7807,42.9491,9.7628 , 2.1672,3.8706,45.7888 , 0.6151,3.6708,<LOD,0.0000,0.0000,5.1301 , 0.7514,0.4144,3167.1707 , 30.5617,12.2612,1.9450 , 0.7640,0.4259,97.7041 , 8.8362,2.3721,<LOD,6.8115,0.2427,17.2446 , 0.6527,2.7826,32.7863 , 2.4155,0.6026,81.2901 , 0.9233,9.3178,7,407.799988,39.002121,-122.660706,10.000000,529379.187500,4317066.500000,
135,Mining,120.43,30.20,30.09,30.04,27.70,"Mon Apr 6, 2026 - 10:42:27",User,1.5,ppm,,,,,,Mining,,<LOD,1.3106,0.7489,119129.2031 , 1773.4476,2.5772,<LOD,1.7394,0.4775,<LOD,3.0496,0.1304,404.7605 , 19.3084,20.0350,443406.8438 , 4613.3350,<LOD,1.3291,0.1697,1452.8953 , 52.6233,2.4994,<LOD,2.0183,1.4069,<LOD,38.8861,0.6783,<LOD,49.3476,12.1894,124.9717 , 5.2137,3.6926,17.4665 , 2.9102,0.4486,27852.9336 , 128.7747,76.3794,<LOD,0.0000,0.0000,<LOD,2.6477,0.2485,7229.3872 , 91.7310,5.0742,23477.6621 , 2935.7344,0.0746,192.9563 , 21.5756,0.9274,<LOD,0.9746,5.4238,5.1077 , 0.5449,3.5116,<LOD,7.8939,0.4381,615.1109 , 103.8007,0.1908,18.3997 , 1.1642,0.5576,<LOD,1.2130,0.5764,30.8441 , 0.9662,1.9168,<LOD,0.0000,0.0000,392.5982 , 29.3781,0.4069,<LOD,3.8818,4.5277,<LOD,0.8220,0.2431,372046.6250 , 775.7676,39.5718,10.9142 , 2.1238,3.8056,51.3027 , 0.6566,4.0575,<LOD,0.0000,0.0000,5.6411 , 0.7751,0.4374,3233.8506 , 31.6140,12.8715,1.9454 , 0.7863,0.4396,117.5030 , 9.2465,2.5978,<LOD,7.0750,0.2571,20.5220 , 0.7002,3.1169,37.4936 , 2.5296,0.6482,123.0798 , 1.1169,12.9761,7,411.799988,39.002151,-122.660744,10.000000,529375.687500,4317070.000000,
136,Mining,120.25,30.12,30.04,30.08,30.01,"Mon Apr 6, 2026 - 10:45:09",User,1.5,ppm,,,,,,Mining,,<LOD,1.2935,0.8075,108118.4297 , 1632.6200,2.3614,<LOD,1.5853,0.4265,<LOD,2.9346,0.1288,378.3460 , 18.6219,20.4428,424941.0938 , 4436.4878,<LOD,1.2732,0.1658,999.7680 , 45.8316,1.8708,<LOD,1.9442,1.4356,<LOD,36.8617,0.6285,<LOD,45.9495,10.8624,100.3394 , 4.9231,3.3659,12.3969 , 2.7417,0.4218,24536.5410 , 117.8920,67.9241,<LOD,0.0000,0.0000,<LOD,2.9428,0.2540,6416.7817 , 86.2193,4.5451,23800.0078 , 2865.4080,0.0756,174.2552 , 20.8083,0.8839,<LOD,0.9372,5.3582,4.1632 , 0.5222,3.4458,<LOD,7.6875,0.4598,594.1064 , 97.0034,0.1734,13.6228 , 1.0506,0.4831,<LOD,1.1484,0.5674,26.0886 , 0.8875,1.7103,<LOD,0.0000,0.0000,472.3110 , 29.7555,0.4358,<LOD,3.7215,4.5364,<LOD,0.7763,0.2292,406520.9062 , 785.5923,44.7922,7.6109 , 2.0505,3.8996,41.8518 , 0.5887,3.5008,<LOD,0.0000,0.0000,5.4586 , 0.7399,0.4246,2576.8987 , 28.3997,10.3984,1.5403 , 0.7497,0.4262,95.8187 , 8.3546,2.1653,<LOD,6.5715,0.2347,18.2329 , 0.6565,2.9331,35.0806 , 2.4277,0.6338,108.3210 , 1.0295,11.8997,7,416.299988,39.002163,-122.660797,10.000000,529371.187500,4317071.500000,
137,Mining,120.23,30.08,30.00,30.07,29.16,"Mon Apr 6, 2026 - 10:48:31",User,1.5,ppm,,,,,,Mining,,<LOD,1.2537,0.7683,113999.8281 , 1718.3687,2.4705,<LOD,1.5235,0.3967,<LOD,2.7470,0.1134,376.1045 , 18.3255,20.1702,457072.9375 , 4602.3003,<LOD,1.2558,0.1628,1571.1287 , 53.9519,2.6860,<LOD,1.9088,1.4049,<LOD,37.9027,0.6787,<LOD,43.7052,9.6917,107.9086 , 4.9843,3.4883,13.1458 , 2.7425,0.4253,22286.7988 , 113.3297,61.2504,<LOD,0.0000,0.0000,<LOD,3.2992,0.2569,8649.8359 , 97.7704,5.9822,31327.8477 , 3034.6931,0.0881,200.6512 , 21.2178,0.9101,<LOD,0.9147,5.1618,4.8115 , 0.5204,3.4778,<LOD,7.4000,0.4346,516.5900 , 96.2046,0.1710,11.6955 , 1.0104,0.4506,<LOD,1.1556,0.5855,31.3593 , 0.9433,1.9803,<LOD,0.0000,0.0000,415.6360 , 28.8896,0.4173,<LOD,3.6701,4.5021,<LOD,0.7592,0.2250,360254.7188 , 770.3033,37.9138,11.0535 , 2.0287,3.8996,44.8257 , 0.6047,3.7208,<LOD,0.0000,0.0000,5.4021 , 0.7335,0.4240,2835.1726 , 30.1383,11.5114,1.2782 , 0.7491,0.4299,111.5937 , 8.7659,2.4182,<LOD,6.5787,0.2374,13.7844 , 0.6250,2.6636,41.2449 , 2.5207,0.6888,94.6636 , 0.9739,10.7835,6,418.200012,39.002216,-122.660797,10.000000,529371.312500,4317077.500000,
138,Mining,120.42,30.06,30.06,30.12,28.68,"Mon Apr 6, 2026 - 10:51:20",User,1.5,ppm,,,,,,Mining,,<LOD,1.1455,0.8301,121645.1016 , 1517.8171,2.6358,<LOD,1.3250,0.3983,<LOD,2.4163,0.1175,301.3048 , 16.2988,20.3887,464398.0312 , 3815.7561,<LOD,1.0972,0.1662,2389.5896 , 55.5937,4.1392,<LOD,1.7503,1.5387,<LOD,34.6572,0.6865,<LOD,39.3981,10.3788,158.7987 , 4.7816,4.4020,10.9893 , 2.4512,0.4538,20840.6855 , 103.5291,65.4806,<LOD,0.0000,0.0000,<LOD,2.2035,0.2481,7051.1260 , 81.7176,5.5765,26262.0312 , 2648.7642,0.0810,230.1049 , 20.1552,1.0793,<LOD,0.8176,5.6575,3.7341 , 0.4684,3.8659,<LOD,6.5908,0.4586,455.2905 , 89.1003,0.1759,9.7149 , 0.8837,0.4614,<LOD,1.0289,0.5979,28.6603 , 0.8383,2.0919,<LOD,0.0000,0.0000,416.0951 , 27.1403,0.4449,<LOD,3.3174,4.7820,<LOD,0.6764,0.2403,352758.3438 , 747.1783,42.0359,4.6102 , 1.8052,3.9457,46.8063 , 0.5706,4.4251,<LOD,0.0000,0.0000,3.6032 , 0.6281,0.4081,2742.2561 , 27.0020,12.6152,<LOD,1.3546,0.4583,101.1383 , 7.8065,2.5852,<LOD,5.8399,0.2499,18.3522 , 0.6056,3.3800,37.6848 , 2.2467,0.7310,85.9827 , 0.8681,11.5073,6,418.200012,39.002182,-122.660774,10.000000,529373.250000,4317073.500000,
139,Mining,120.30,30.03,30.10,30.03,29.54,"Mon Apr 6, 2026 - 10:54:00",User,1.5,ppm,,,,,,Mining,,<LOD,1.0974,0.7530,119010.0781 , 1449.5579,2.5814,<LOD,1.2850,0.3866,<LOD,2.3298,0.1087,376.9836 , 16.2109,20.7076,475150.8438 , 3615.4700,<LOD,1.0637,0.1554,1161.0282 , 44.6587,2.3856,<LOD,1.7198,1.4783,<LOD,34.0531,0.7024,<LOD,40.5200,11.1019,96.2767 , 4.3327,3.5861,13.6756 , 2.4923,0.4678,22526.9199 , 105.1133,70.6815,<LOD,0.0000,0.0000,<LOD,2.1296,0.2318,8577.5352 , 88.9246,6.7060,21863.3555 , 2486.4336,0.0739,167.0250 , 18.7418,0.9460,<LOD,0.8169,5.6232,3.7212 , 0.4628,3.7558,<LOD,6.4428,0.4191,365.0009 , 82.7289,0.1576,6.8187 , 0.8322,0.4061,<LOD,0.9862,0.5432,36.3156 , 0.9144,2.5202,<LOD,0.0000,0.0000,346.9632 , 25.7090,0.4196,<LOD,3.2427,4.5400,<LOD,0.6462,0.2171,347393.6562 , 705.9542,41.1659,8.1941 , 1.7718,3.7988,41.9691 , 0.5423,3.9972,<LOD,0.0000,0.0000,5.2674 , 0.6413,0.4443,2618.2139 , 26.1339,12.0465,<LOD,1.3383,0.4586,95.1124 , 7.5923,2.4691,<LOD,5.5833,0.2272,11.0277 , 0.5591,2.8204,37.3569 , 2.2346,0.7207,86.6630 , 0.8647,11.4254,5,418.600006,39.002193,-122.660751,10.000000,529374.937500,4317074.500000,
140,Mining,120.36,30.04,30.10,30.17,27.95,"Mon Apr 6, 2026 - 10:56:55",User,1.5,ppm,,,,,,Mining,,<LOD,1.2084,0.7173,130249.8594 , 1788.7689,2.8056,<LOD,2.6012,0.5159,<LOD,2.8898,0.1276,541.7535 , 18.7988,22.2422,446396.7188 , 4578.8354,<LOD,1.2473,0.1630,1356.3151 , 57.4389,2.6838,<LOD,1.8907,1.3937,<LOD,36.2965,0.6821,<LOD,51.1341,14.9658,123.6370 , 5.5147,4.0023,18.3399 , 2.8606,0.4755,32860.4961 , 148.6194,97.0253,<LOD,0.0000,0.0000,<LOD,2.5080,0.2414,11895.7373 , 120.8521,8.8153,34860.6836 , 3120.1750,0.0951,270.2901 , 22.3034,1.1459,<LOD,0.9354,5.4008,5.7563 , 0.5326,3.6439,<LOD,8.1036,0.4964,460.1430 , 92.4369,0.1729,15.1189 , 1.0862,0.5283,<LOD,1.1204,0.5550,46.2945 , 1.1069,2.7995,<LOD,0.0000,0.0000,273.6156 , 26.3900,0.3786,<LOD,3.6334,4.4523,<LOD,0.7769,0.2360,335935.9688 , 774.9299,37.7946,11.4012 , 1.9957,3.8092,56.5579 , 0.6762,4.6161,<LOD,0.0000,0.0000,5.7027 , 0.7463,0.4509,4302.8359 , 38.3317,18.5461,1.3131 , 0.7733,0.4622,115.8349 , 10.6790,3.3957,<LOD,6.8144,0.2603,15.6658 , 0.6711,3.0573,62.2688 , 2.8373,0.8937,117.6842 , 1.0903,13.1477,5,419.899994,39.002151,-122.660789,10.000000,529372.062500,4317070.000000,
141,Mining,120.39,30.16,30.10,30.05,28.28,"Mon Apr 6, 2026 - 10:59:48",User,1.5,ppm,,,,,,Mining,,<LOD,1.2041,0.7026,129123.6016 , 1752.1888,2.7817,<LOD,1.6451,0.5153,<LOD,2.5888,0.1134,493.7092 , 18.6439,21.5555,456520.1250 , 4358.3145,<LOD,1.1893,0.1643,1793.7008 , 59.7868,3.2936,<LOD,1.9276,1.4430,<LOD,36.6381,0.6891,<LOD,47.7073,14.0981,113.5518 , 5.2409,3.8954,14.6307 , 2.6478,0.4502,30089.8809 , 135.0316,89.0972,<LOD,0.0000,0.0000,<LOD,2.3872,0.2475,11267.4531 , 113.8375,8.3642,30711.6055 , 2999.6025,0.0880,252.8009 , 21.1258,1.1060,<LOD,0.8933,5.5112,5.0999 , 0.5050,3.6469,<LOD,7.5881,0.4868,443.7781 , 94.4985,0.1775,19.7633 , 1.1050,0.6084,<LOD,1.1017,0.5281,43.9821 , 1.0367,2.7220,<LOD,0.0000,0.0000,268.3597 , 26.4822,0.3762,<LOD,3.6382,4.4159,<LOD,0.7034,0.2153,334994.7812 , 764.9150,37.6020,13.2862 , 2.0074,3.8187,54.4290 , 0.6358,4.5424,<LOD,0.0000,0.0000,4.2451 , 0.6958,0.4259,3467.4832 , 34.1600,15.2130,1.3802 , 0.7374,0.4672,120.3778 , 9.7418,3.0309,<LOD,6.2371,0.2409,16.0895 , 0.6427,3.1244,53.3998 , 2.5843,0.8206,112.5038 , 1.0204,12.8703,5,422.399994,39.002167,-122.660690,10.000000,529380.562500,4317072.000000,
142,Mining,120.69,30.25,30.07,30.15,29.33,"Mon Apr 6, 2026 - 11:02:27",User,1.5,ppm,,,,,,Mining,,<LOD,1.2341,0.7584,131587.1562 , 1755.2220,2.8360,<LOD,1.9732,0.4986,<LOD,2.7709,0.1257,529.9045 , 18.7644,22.4068,438869.0312 , 4481.7578,<LOD,1.2328,0.1702,1032.6729 , 52.2170,2.2547,<LOD,1.8784,1.3842,<LOD,35.9109,0.6819,<LOD,48.7096,14.1816,104.4934 , 5.1775,3.7138,16.2719 , 2.7310,0.4616,30317.8594 , 139.4514,89.8921,<LOD,0.0000,0.0000,<LOD,2.5978,0.2531,11209.8408 , 114.8341,8.3346,34596.0430 , 3051.5664,0.0951,227.7338 , 20.9912,1.0552,<LOD,0.8945,5.3924,5.1446 , 0.5052,3.5869,<LOD,7.7434,0.4879,377.8043 , 87.4278,0.1564,14.8390 , 1.0431,0.5212,<LOD,1.0824,0.5196,45.6375 , 1.0678,2.7931,<LOD,0.0000,0.0000,316.7979 , 26.4015,0.3914,<LOD,3.6484,4.5568,<LOD,0.7344,0.2240,346407.2812 , 779.8700,39.3330,7.5999 , 1.9836,3.7823,55.9902 , 0.6565,4.6531,<LOD,0.0000,0.0000,3.2955 , 0.6989,0.4015,3977.4707 , 35.9848,17.1884,<LOD,1.2879,0.4445,119.0639 , 10.1319,3.2350,<LOD,6.4010,0.2446,14.6394 , 0.6433,3.0052,55.0571 , 2.6588,0.8366,108.4078 , 1.0247,12.4948,5,422.700012,39.002186,-122.660744,10.000000,529375.812500,4317074.000000,
143,Mining,120.27,30.05,30.05,30.03,28.66,"Mon Apr 6, 2026 - 11:14:52",User,1.5,ppm,,,,,,Mining,,<LOD,1.0929,0.8971,53011.8477 , 952.6211,1.2399,16.2591 , 1.1843,1.1143,<LOD,2.3226,0.1281,364.5207 , 16.0183,24.2892,554956.1875 , 2952.1897,<LOD,1.0638,0.1829,3198.1260 , 53.6297,5.3750,<LOD,1.7426,1.8380,<LOD,52.3703,0.8513,<LOD,20.8237,2.8954,44.5325 , 3.3998,2.5821,7.6775 , 2.2739,0.4532,5617.4253 , 49.0821,18.0828,<LOD,0.0000,0.0000,<LOD,2.0312,0.2509,6200.2837 , 66.3173,4.9604,15714.6445 , 2384.2939,0.0700,64.5797 , 15.9037,0.6640,<LOD,0.8068,6.6443,3.5437 , 0.4403,4.1030,<LOD,4.8533,0.3337,434.9072 , 94.2837,0.1982,8.9809 , 0.8320,0.4812,<LOD,1.0212,0.7029,38.5106 , 0.8969,2.9177,<LOD,0.0000,0.0000,20751.9023 , 114.0913,8.9944,<LOD,3.3099,5.6932,<LOD,0.6302,0.2427,332122.1875 , 649.7604,40.2483,5.1107 , 1.7596,4.5087,31.4281 , 0.4605,3.4813,<LOD,0.0000,0.0000,6.1833 , 0.6380,0.5230,7164.3237 , 35.1833,31.6348,<LOD,1.2547,0.5024,98.2618 , 9.2175,4.8192,<LOD,5.1833,0.2304,4.7376 , 0.4938,2.5940,<LOD,3.1442,0.3851,133.8079 , 0.9803,17.7262,5,424.899994,39.002193,-122.660698,10.000000,529380.000000,4317074.500000,
144,Mining,120.01,30.11,30.03,30.11,29.76,"Mon Apr 6, 2026 - 11:18:29",User,1.5,ppm,,,,,,Mining,,<LOD,1.0015,0.8022,29413.1836 , 681.8830,0.7407,16.3325 , 1.1436,1.0876,<LOD,2.1514,0.1133,217.3691 , 14.0436,19.1003,653545.2500 , 2399.2112,<LOD,1.0267,0.1758,1888.3547 , 41.4509,3.2964,<LOD,1.5776,1.6026,<LOD,38.2814,0.9457,<LOD,21.5499,3.2246,51.1391 , 3.1460,2.3871,8.9698 , 2.2921,0.4744,5951.9243 , 48.9879,19.1483,<LOD,0.0000,0.0000,<LOD,2.0502,0.2698,4580.1201 , 56.6576,3.7100,<LOD,3037.4583,0.0410,66.7913 , 15.9591,0.6896,<LOD,0.8065,6.9125,2.6303 , 0.4353,4.1532,<LOD,4.7574,0.3249,410.9407 , 88.1992,0.1820,6.5469 , 0.7797,0.4362,<LOD,0.8855,0.5570,41.0832 , 0.9008,3.0755,<LOD,0.0000,0.0000,12690.5635 , 86.4471,5.5203,<LOD,2.9378,4.8300,<LOD,0.5879,0.2181,284645.0000 , 576.6824,32.2846,<LOD,3.4865,3.8330,16.7318 , 0.3606,2.2172,<LOD,0.0000,0.0000,6.1668 , 0.6215,0.5173,5822.5117 , 29.8424,25.6747,<LOD,0.9298,0.4848,75.2427 , 8.1017,3.9062,<LOD,4.9715,0.2181,4.9146 , 0.4951,2.6997,<LOD,2.7424,0.3879,131.1868 , 0.9405,17.3156,5,424.500000,39.002167,-122.660728,10.000000,529377.437500,4317072.000000,
145,Mining,122.89,32.60,30.05,30.06,30.18,"Mon Apr 6, 2026 - 11:22:08",User,1.5,ppm,,,,,,Mining,,<LOD,1.0851,0.7275,23754.6992 , 670.3082,0.6087,12.9204 , 1.1611,0.8626,<LOD,2.2599,0.0995,178.6119 , 14.7503,15.9292,692654.1250 , 2201.4304,<LOD,1.0111,0.1352,2065.3767 , 45.3212,3.1199,<LOD,1.6690,1.3787,<LOD,41.8006,0.9531,<LOD,20.9813,2.3969,52.8077 , 3.3697,2.1668,<LOD,3.3658,0.3516,5114.0518 , 47.3729,14.3499,<LOD,0.0000,0.0000,<LOD,2.0322,0.2091,4672.5332 , 60.6330,3.3111,<LOD,2628.1690,0.0316,<LOD,22.4834,0.4741,<LOD,0.8199,5.7259,1.5420 , 0.4486,3.5358,<LOD,4.7875,0.2630,353.9797 , 91.4559,0.1622,8.2139 , 0.8429,0.4056,<LOD,0.9148,0.4552,34.5174 , 0.8688,2.2758,<LOD,0.0000,0.0000,11639.9912 , 84.1032,4.4517,<LOD,3.1387,4.2786,<LOD,0.6044,0.1816,253622.1094 , 553.8336,24.2417,<LOD,2.5091,3.2668,14.2427 , 0.3588,1.7471,<LOD,0.0000,0.0000,5.4921 , 0.6194,0.4119,5623.1553 , 30.2488,21.5051,<LOD,0.9031,0.3629,76.2693 , 8.4186,3.3104,<LOD,4.9779,0.1731,3.2976 , 0.4952,2.1551,<LOD,2.3065,0.3230,112.0476 , 0.9150,13.2546,5,424.100006,39.002155,-122.660698,10.000000,529379.875000,4317070.500000,
146,Mining,120.24,30.02,30.06,30.00,28.96,"Mon Apr 6, 2026 - 11:25:07",User,1.5,ppm,,,,,,Mining,,<LOD,0.9843,0.9002,42837.1016 , 802.8389,1.0502,10.1483 , 1.0274,0.9169,<LOD,2.1463,0.1246,274.1667 , 13.8315,22.0761,545890.4375 , 2461.9353,<LOD,1.0059,0.1865,1625.9622 , 39.4688,3.2096,<LOD,1.5387,1.7705,44.9640 , 24.4026,0.8677,<LOD,19.9835,3.0333,37.9500 , 3.1266,2.5487,<LOD,3.0424,0.4088,5170.1567 , 45.9975,18.2059,<LOD,0.0000,0.0000,<LOD,1.9495,0.2657,5592.6655 , 61.0301,4.8520,3722.4973 , 1922.2806,0.0481,<LOD,20.1360,0.5282,<LOD,0.7874,7.2654,4.0003 , 0.4311,4.5068,<LOD,4.4075,0.3072,645.4614 , 98.2643,0.2396,7.5589 , 0.7802,0.4826,<LOD,0.8659,0.6181,41.5979 , 0.8993,3.3908,<LOD,0.0000,0.0000,8006.3765 , 72.7688,3.8850,<LOD,2.8602,5.3213,<LOD,0.5860,0.2395,379270.2188 , 641.5970,51.2497,<LOD,3.0217,4.1678,22.4918 , 0.3956,2.9432,<LOD,0.0000,0.0000,4.9915 , 0.6002,0.5258,6570.2910 , 31.8114,31.5970,<LOD,0.9085,0.5112,84.6456 , 8.4866,4.7702,<LOD,4.8827,0.2329,5.9344 , 0.4951,2.9832,<LOD,1.8888,0.3005,130.3725 , 0.9385,18.8382,6,424.200012,39.002167,-122.660736,10.000000,529376.375000,4317072.000000,
147,Mining,120.56,30.10,30.18,30.14,29.24,"Mon Apr 6, 2026 - 11:29:20",User,1.5,ppm,,,,,,Mining,,<LOD,0.9674,0.8780,46055.9062 , 819.9390,1.1166,9.3390 , 1.0106,0.8895,<LOD,2.1983,0.1325,288.8185 , 13.9621,22.8975,536082.8125 , 2538.7764,<LOD,1.0264,0.1968,1811.0121 , 39.7230,3.5293,<LOD,1.5438,1.8056,<LOD,41.8157,0.8198,<LOD,19.0545,2.7763,38.1588 , 3.0138,2.5300,<LOD,3.8780,0.4259,4788.5039 , 44.3115,16.9855,<LOD,0.0000,0.0000,<LOD,1.8764,0.2467,5677.4629 , 59.3836,4.9461,7223.9155 , 1985.7329,0.0537,<LOD,19.7530,0.5116,<LOD,0.7884,7.3658,4.2781 , 0.4314,4.5655,<LOD,4.3508,0.3058,610.1212 , 97.1157,0.2413,7.6740 , 0.7807,0.4894,<LOD,0.8878,0.6612,42.9897 , 0.9106,3.5232,<LOD,0.0000,0.0000,8232.7578 , 72.5805,4.0044,<LOD,2.8483,5.2904,<LOD,0.5981,0.2532,382055.2500 , 645.3875,52.0919,<LOD,2.9366,4.2737,24.3801 , 0.4063,3.1443,<LOD,0.0000,0.0000,4.6544 , 0.6033,0.5311,6822.2026 , 31.6290,32.9302,<LOD,0.9146,0.5259,78.3771 , 8.2889,4.8865,<LOD,4.8021,0.2281,6.4286 , 0.4995,3.0763,<LOD,1.8991,0.3079,134.9178 , 0.9522,19.5437,6,426.700012,39.002121,-122.660721,10.000000,529378.125000,4317066.500000,
148,Mining,120.44,30.14,30.23,30.05,30.02,"Mon Apr 6, 2026 - 11:46:06",User,1.5,ppm,,,,,,Mining,,<LOD,1.0074,0.9026,48613.3438 , 820.9836,1.1731,9.1331 , 1.0034,0.8801,<LOD,2.0937,0.1213,328.5677 , 14.5940,23.9340,514593.3438 , 2532.9182,<LOD,1.0488,0.2082,1744.8721 , 39.8073,3.3715,<LOD,1.6078,1.8576,69.6224 , 22.8921,0.8201,<LOD,18.6117,2.6880,31.8680 , 3.0359,2.4443,3.9062 , 2.0784,0.4417,4573.1221 , 42.6144,15.9070,<LOD,0.0000,0.0000,<LOD,1.9444,0.2737,5745.2793 , 60.3744,4.9102,5832.6567 , 1907.4669,0.0515,<LOD,19.3655,0.4965,<LOD,0.7814,7.3180,5.4760 , 0.4302,4.6031,<LOD,4.3251,0.3074,589.1684 , 92.8410,0.2285,8.4750 , 0.7860,0.5024,<LOD,0.9306,0.6895,43.0953 , 0.8958,3.4544,<LOD,0.0000,0.0000,9298.3408 , 74.6100,4.3947,<LOD,3.3098,5.6470,<LOD,0.5876,0.2503,401613.7188 , 631.6440,54.6720,4.7677 , 1.6093,4.4584,23.9096 , 0.3968,3.0369,<LOD,0.0000,0.0000,5.2170 , 0.6147,0.5570,6638.4478 , 31.4959,31.4316,<LOD,0.8983,0.5126,79.5185 , 8.3220,4.7072,<LOD,4.7624,0.2271,6.1739 , 0.4897,2.9889,<LOD,2.0100,0.3499,137.9352 , 0.9452,19.4971,5,421.899994,39.002140,-122.660713,10.000000,529378.312500,4317069.000000,
149,Mining,120.29,30.09,30.04,30.07,30.09,"Mon Apr 6, 2026 - 11:49:34",User,1.5,ppm,,,,,,Mining,,<LOD,1.0220,0.9282,50814.5156 , 876.3179,1.2117,31.9066 , 1.4213,1.8757,<LOD,2.2740,0.1332,267.8778 , 14.5354,23.0618,525877.7500 , 2792.6030,<LOD,1.1103,0.2173,1792.8137 , 39.6525,3.3736,<LOD,1.6068,1.8435,<LOD,47.1935,0.7918,<LOD,16.9434,2.0633,53.6025 , 3.0191,2.4655,<LOD,4.8725,0.4433,3332.6399 , 38.1099,11.6907,<LOD,0.0000,0.0000,<LOD,2.1173,0.2947,4979.4204 , 56.5654,4.2477,11761.7812 , 2153.8232,0.0627,47.6786 , 15.5102,0.6671,<LOD,0.8435,7.8483,6.2704 , 0.4584,4.7748,<LOD,4.9399,0.3929,552.6521 , 94.0221,0.2179,9.4720 , 0.8368,0.5321,<LOD,0.9672,0.7468,47.5689 , 0.9728,3.8013,<LOD,0.0000,0.0000,14751.1328 , 95.6609,6.7752,<LOD,3.0069,5.6173,<LOD,0.6556,0.2936,378720.9688 , 660.0012,50.1886,5.7850 , 1.6322,4.5813,17.4265 , 0.3666,2.4232,<LOD,0.0000,0.0000,5.6092 , 0.6413,0.5588,6666.0513 , 31.3437,30.8716,1.4448 , 0.6526,0.5684,76.8827 , 8.1792,4.5370,<LOD,5.5612,0.2893,6.9016 , 0.5218,3.1666,2.9238 , 1.5309,0.4276,168.9021 , 1.0723,23.0899,6,422.100006,39.002140,-122.660713,10.000000,529378.750000,4317069.000000,
150,Mining,120.52,30.23,30.10,30.12,28.87,"Mon Apr 6, 2026 - 11:54:13",User,1.5,ppm,,,,,,Mining,,<LOD,1.0293,0.9151,46736.4375 , 845.7025,1.1130,34.4766 , 1.4315,1.8767,<LOD,2.4659,0.1522,337.6282 , 14.9539,24.3603,553752.6250 , 2642.1548,<LOD,1.1562,0.2275,1274.9806 , 35.2213,2.4644,<LOD,1.6232,1.8276,<LOD,34.8394,0.7535,<LOD,15.6297,1.6865,32.9120 , 2.9097,2.1271,<LOD,3.6151,0.4202,2703.4155 , 34.4928,9.2500,<LOD,0.0000,0.0000,<LOD,2.1569,0.3015,4397.8979 , 53.9602,3.6578,6050.6343 , 1941.2595,0.0483,<LOD,33.1897,0.5789,<LOD,0.8434,7.6855,6.6651 , 0.4576,4.6960,<LOD,4.9416,0.3825,477.5643 , 90.1077,0.1908,6.1704 , 0.7825,0.4474,<LOD,0.9631,0.7185,50.4988 , 0.9969,3.8771,<LOD,0.0000,0.0000,9328.8418 , 76.7381,4.1748,<LOD,3.0609,5.6844,<LOD,0.6784,0.2995,368172.3438 , 629.7319,45.9644,<LOD,3.6888,4.5121,15.4894 , 0.3537,2.1805,<LOD,0.0000,0.0000,4.9462 , 0.6480,0.5351,6363.9766 , 30.1152,28.3276,<LOD,1.5832,0.5520,75.6654 , 8.0689,4.1896,<LOD,5.3508,0.2578,5.4225 , 0.5163,2.9772,<LOD,2.1753,0.3683,171.4328 , 1.0712,22.6283,7,422.299988,39.002144,-122.660721,10.000000,529378.000000,4317069.000000,
151,Mining,120.24,30.04,30.03,30.07,28.89,"Mon Apr 6, 2026 - 11:57:06",User,1.5,ppm,,,,,,Mining,,<LOD,1.0516,0.9375,50427.9805 , 888.8215,1.2047,31.8161 , 1.4370,1.8342,<LOD,2.4354,0.1467,286.6888 , 14.8976,23.2328,523474.6562 , 2795.9854,<LOD,1.1683,0.2296,2072.8337 , 42.0230,3.7764,<LOD,1.6628,1.8914,<LOD,35.2111,0.7602,<LOD,15.5405,1.6418,36.4462 , 2.9846,2.3118,3.8890 , 2.2279,0.4509,2709.2766 , 35.0528,9.4126,<LOD,0.0000,0.0000,<LOD,2.2279,0.3160,5179.9707 , 57.3386,4.3227,7562.8843 , 2095.2959,0.0558,44.6838 , 15.6153,0.6412,<LOD,0.8512,7.7250,6.8506 , 0.4626,4.7375,<LOD,5.1203,0.4093,473.8925 , 94.9777,0.2058,9.0991 , 0.8382,0.5091,<LOD,0.9959,0.7551,49.8694 , 1.0043,3.8803,<LOD,0.0000,0.0000,14084.7754 , 95.1497,6.3527,<LOD,3.6617,5.7593,<LOD,0.6662,0.2833,386236.8125 , 661.5867,50.4428,4.2614 , 1.6616,4.5143,10.8384 , 0.3204,1.7653,<LOD,0.0000,0.0000,3.8142 , 0.6431,0.5097,7023.7891 , 32.0362,31.8281,<LOD,1.6359,0.5500,84.0896 , 8.3851,4.7022,<LOD,5.6281,0.2824,6.1727 , 0.5273,3.0721,<LOD,3.7149,0.4159,174.6262 , 1.0974,23.1761,6,422.600006,39.002144,-122.660713,10.000000,529378.312500,4317069.000000,
152,Mining,120.41,30.19,30.08,30.10,29.15,"Mon Apr 6, 2026 - 12:00:10",User,1.5,ppm,,,,,,Mining,,<LOD,0.9614,0.9216,46588.2266 , 814.4092,1.1203,31.7812 , 1.2999,1.8629,<LOD,2.0513,0.1269,298.4954 , 13.5393,22.9555,564887.6875 , 2385.4290,<LOD,1.0222,0.2146,1805.9728 , 39.1935,3.5041,<LOD,1.4948,1.7907,<LOD,55.7929,0.8588,<LOD,17.0201,2.4317,57.8969 , 3.2080,2.8921,<LOD,2.7627,0.3753,3941.5635 , 38.7407,14.1952,<LOD,0.0000,0.0000,<LOD,1.8088,0.2524,4621.8799 , 54.3843,4.1091,3829.3142 , 1900.4224,0.0489,44.6764 , 14.3066,0.6663,<LOD,0.7415,7.1842,3.9204 , 0.4118,4.6016,<LOD,4.3937,0.3548,426.1707 , 90.6188,0.2040,5.9925 , 0.7160,0.4529,<LOD,0.8308,0.6085,37.7945 , 0.8324,3.2034,<LOD,0.0000,0.0000,12183.7832 , 87.1677,5.8245,<LOD,2.7860,5.4232,<LOD,0.5676,0.2526,353978.5000 , 626.8192,47.3801,<LOD,2.7234,4.2203,30.3372 , 0.4237,3.7648,<LOD,0.0000,0.0000,5.0253 , 0.5823,0.5294,6974.5928 , 32.9113,34.5032,<LOD,1.4100,0.5586,106.5212 , 8.7090,5.3771,<LOD,4.6416,0.2341,5.7338 , 0.4649,2.9451,4.3341 , 1.4398,0.4415,129.8341 , 0.8992,19.2516,8,422.700012,39.002144,-122.660721,10.000000,529378.125000,4317069.000000,
153,Mining,120.48,30.05,30.26,30.09,30.08,"Mon Apr 6, 2026 - 12:03:11",User,1.5,ppm,,,,,,Mining,,<LOD,0.9727,0.9049,44161.6289 , 781.7950,1.0730,38.7579 , 1.4464,2.1255,<LOD,2.1323,0.1232,319.1637 , 13.9916,23.7004,553769.0625 , 2523.8406,<LOD,1.0716,0.2119,2512.5869 , 44.3546,4.6087,<LOD,1.5418,1.8349,<LOD,40.1179,0.8221,<LOD,15.4399,1.7799,54.7424 , 3.1139,2.6965,<LOD,2.8540,0.3596,2872.9399 , 35.1044,10.3993,<LOD,0.0000,0.0000,<LOD,1.9693,0.2666,4235.7368 , 52.1141,3.7568,8815.9033 , 1992.8429,0.0581,102.4122 , 16.4004,0.7827,<LOD,0.7942,7.4227,5.0517 , 0.4390,4.7133,<LOD,4.8718,0.4057,410.8907 , 87.4434,0.2013,4.3627 , 0.7193,0.4103,<LOD,0.8848,0.6682,36.5093 , 0.8568,3.0633,<LOD,0.0000,0.0000,14214.9238 , 90.5266,6.6865,<LOD,2.8560,5.4577,<LOD,0.5993,0.2540,360651.7812 , 618.5848,48.1104,<LOD,3.5535,4.3555,13.9928 , 0.3360,2.1342,<LOD,0.0000,0.0000,4.9826 , 0.6040,0.5074,7500.0898 , 32.9290,35.6975,<LOD,1.1634,0.5192,116.4119 , 8.7616,5.4553,<LOD,5.1791,0.2623,6.6427 , 0.4923,2.9840,9.2172 , 1.6171,0.5011,142.1862 , 0.9728,20.2800,6,423.200012,39.002144,-122.660728,10.000000,529377.437500,4317069.000000,
154,Mining,120.43,30.12,30.05,30.16,28.29,"Mon Apr 6, 2026 - 12:05:49",User,1.5,ppm,,,,,,Mining,,<LOD,0.9990,0.9448,48451.1250 , 853.0349,1.1617,36.3730 , 1.4360,2.0775,<LOD,2.1840,0.1312,391.5499 , 14.4716,25.5897,537820.0000 , 2667.4299,<LOD,1.0862,0.2205,1970.4585 , 41.2383,3.7642,<LOD,1.5529,1.8310,53.0706 , 23.6816,0.8322,<LOD,17.4079,2.3137,60.7483 , 3.1937,2.7760,<LOD,3.0070,0.4051,3799.1790 , 39.7966,13.5716,<LOD,0.0000,0.0000,<LOD,2.0667,0.3096,4571.1348 , 54.8274,4.0401,11044.7910 , 2115.9846,0.0605,61.8207 , 15.4150,0.7047,<LOD,0.8008,7.6039,4.9229 , 0.4361,4.6763,<LOD,4.7997,0.3906,436.3191 , 91.3203,0.2052,7.5527 , 0.7796,0.4897,<LOD,0.9011,0.6851,41.0745 , 0.8977,3.4055,<LOD,0.0000,0.0000,11775.8154 , 86.3174,5.5813,<LOD,3.1306,5.6894,<LOD,0.5908,0.2465,371751.0938 , 658.0461,50.1439,3.6344 , 1.5663,4.4846,22.5498 , 0.3947,2.9744,<LOD,0.0000,0.0000,5.5144 , 0.6208,0.5494,7422.2500 , 33.6462,35.5004,<LOD,1.4403,0.5602,107.1608 , 8.8318,5.3719,<LOD,4.9304,0.2405,6.5672 , 0.4980,3.0709,3.1297 , 1.4871,0.4288,152.1442 , 1.0058,21.6331,6,423.500000,39.002144,-122.660728,10.000000,529377.000000,4317069.000000,
155,Mining,122.88,32.64,30.03,30.07,30.14,"Mon Apr 6, 2026 - 12:08:37",User,1.5,ppm,,,,,,Mining,,<LOD,0.9901,0.9507,46994.3398 , 797.9956,1.1335,25.8574 , 1.2676,1.5938,<LOD,2.2839,0.1444,300.7541 , 14.0426,23.9173,541810.9375 , 2613.9294,<LOD,1.0278,0.1984,2385.1196 , 43.6035,4.4561,<LOD,1.5409,1.8479,<LOD,32.3393,0.7706,<LOD,19.3873,2.0752,44.0771 , 3.0306,2.5712,<LOD,3.0861,0.4282,3057.2302 , 36.0964,11.1556,<LOD,0.0000,0.0000,<LOD,1.9425,0.2631,4582.7739 , 53.8706,4.0718,12893.1240 , 2070.2671,0.0654,96.6142 , 16.2644,0.7831,<LOD,0.7960,7.5816,5.3906 , 0.4376,4.7527,<LOD,4.9693,0.4270,459.8638 , 87.5406,0.2103,5.3960 , 0.7402,0.4421,<LOD,0.8894,0.6832,44.0809 , 0.9209,3.6423,<LOD,0.0000,0.0000,15700.3975 , 94.2409,7.4442,<LOD,2.8922,5.6909,<LOD,0.6152,0.2683,364530.5625 , 627.1603,49.4181,<LOD,3.5552,4.4901,11.2008 , 0.3128,1.8813,<LOD,0.0000,0.0000,5.3442 , 0.6033,0.5357,6821.5371 , 32.0790,33.1843,<LOD,0.9593,0.5231,79.2526 , 8.3300,4.9459,<LOD,5.1078,0.2591,4.8348 , 0.4884,2.9501,5.0902 , 1.5321,0.4568,136.2179 , 0.9528,19.7150,5,423.299988,39.002151,-122.660736,10.000000,529376.687500,4317070.000000,
156,Mining,120.44,30.20,30.01,30.13,30.10,"Mon Apr 6, 2026 - 12:12:28",User,1.5,ppm,,,,,,Mining,,<LOD,0.9581,0.9005,46671.7773 , 797.8044,1.1239,35.9712 , 1.4161,2.0408,<LOD,2.2063,0.1338,218.4469 , 13.6003,22.0220,541084.6875 , 2579.7117,<LOD,1.0742,0.2154,1453.9275 , 35.9672,2.8882,<LOD,1.5115,1.8004,<LOD,32.7231,0.7679,<LOD,14.5972,1.6124,38.2600 , 2.9088,2.3264,<LOD,2.9386,0.3851,2357.9385 , 32.0855,8.7128,<LOD,0.0000,0.0000,<LOD,1.9906,0.2778,4274.9609 , 52.4063,3.7934,11179.6260 , 1995.1003,0.0595,73.7983 , 15.7345,0.7211,<LOD,0.7913,7.4482,4.4135 , 0.4318,4.6008,<LOD,4.7971,0.3982,438.7397 , 84.9001,0.1939,5.2712 , 0.7338,0.4325,<LOD,0.8694,0.6615,41.9650 , 0.9000,3.4676,<LOD,0.0000,0.0000,10160.8613 , 77.0455,4.8447,<LOD,2.8575,5.6493,<LOD,0.5991,0.2534,374492.8750 , 629.0077,50.4721,<LOD,3.4450,4.4406,7.0998 , 0.2778,1.4746,<LOD,0.0000,0.0000,4.0923 , 0.5971,0.4943,7223.5479 , 31.9500,34.3092,<LOD,0.8852,0.4927,84.7497 , 8.3952,5.0174,<LOD,5.1220,0.2591,5.2215 , 0.4885,2.9486,3.0124 , 1.4920,0.4300,138.7278 , 0.9584,19.9327,4,439.299988,39.002457,-122.660614,10.000000,529386.937500,4317104.000000,
157,Mining,120.44,30.20,30.01,30.13,30.10,"Mon Apr 6, 2026 - 12:12:28",User,1.5,ppm,,,,,,Mining,,<LOD,0.9581,0.9005,46671.7773 , 797.8044,1.1239,35.9712 , 1.4161,2.0408,<LOD,2.2063,0.1338,218.4469 , 13.6003,22.0220,541084.6875 , 2579.7117,<LOD,1.0742,0.2154,1453.9275 , 35.9672,2.8882,<LOD,1.5115,1.8004,<LOD,32.7231,0.7679,<LOD,14.5972,1.6124,38.2600 , 2.9088,2.3264,<LOD,2.9386,0.3851,2357.9385 , 32.0855,8.7128,<LOD,0.0000,0.0000,<LOD,1.9906,0.2778,4274.9609 , 52.4063,3.7934,11179.6260 , 1995.1003,0.0595,73.7983 , 15.7345,0.7211,<LOD,0.7913,7.4482,4.4135 , 0.4318,4.6008,<LOD,4.7971,0.3982,438.7397 , 84.9001,0.1939,5.2712 , 0.7338,0.4325,<LOD,0.8694,0.6615,41.9650 , 0.9000,3.4676,<LOD,0.0000,0.0000,10160.8613 , 77.0455,4.8447,<LOD,2.8575,5.6493,<LOD,0.5991,0.2534,374492.8750 , 629.0077,50.4721,<LOD,3.4450,4.4406,7.0998 , 0.2778,1.4746,<LOD,0.0000,0.0000,4.0923 , 0.5971,0.4943,7223.5479 , 31.9500,34.3092,<LOD,0.8852,0.4927,84.7497 , 8.3952,5.0174,<LOD,5.1220,0.2591,5.2215 , 0.4885,2.9486,3.0124 , 1.4920,0.4300,138.7278 , 0.9584,19.9327,4,439.299988,39.002457,-122.660614,10.000000,529386.937500,4317104.000000,
158,Mining,1.81,1.81,,,,"Mon Apr 6, 2026 - 12:13:23",User,1.5,ppm,,,,,,Mining,,<LOD,2353.2513,0.3125,,,,<LOD,7.2392,0.0000,<LOD,66.3042,0.0000,,,,1000000.0000 , 26432.2715,<LOD,56.0067,0.0000,,,,<LOD,2545.0752,0.6250,,,,<LOD,448.9961,0.0000,<LOD,1781.3069,-0.0000,<LOD,170.9630,-0.0000,<LOD,2427.3364,0.0000,<LOD,0.0000,0.0000,<LOD,68.5747,0.0000,,,,,,,<LOD,37680.1084,0.0855,<LOD,753.9569,0.6249,<LOD,121.9666,0.0000,<LOD,359.6247,-0.0003,,,,<LOD,42.5061,0.0000,<LOD,3830.3108,2.4999,<LOD,7.0949,0.0000,<LOD,0.0000,0.0000,,,,<LOD,3658.9193,-0.0001,<LOD,25.2956,0.0000,,,,<LOD,2570.1932,-0.0000,<LOD,31.3489,0.0000,<LOD,0.0000,0.0000,<LOD,12.2880,0.0000,<LOD,8806.2151,-0.0012,<LOD,52.8010,0.0000,<LOD,4228.5776,0.0000,<LOD,217.7286,0.0000,<LOD,73.0865,0.0000,<LOD,99.7191,0.0000,<LOD,87.2949,-0.0001,6,428.200012,39.002125,-122.660637,10.000000,529385.375000,4317067.000000,
159,Mining,120.39,30.24,30.05,30.06,29.41,"Mon Apr 6, 2026 - 12:15:46",User,1.5,ppm,,,,,,Mining,,<LOD,1.0046,0.9562,47386.9844 , 798.2260,1.1388,33.8670 , 1.3886,1.9755,<LOD,2.1036,0.1231,225.4443 , 14.0773,22.7505,546020.5625 , 2490.2456,<LOD,1.0903,0.2250,1734.4530 , 37.7006,3.3540,<LOD,1.5810,1.9068,<LOD,32.4170,0.7419,<LOD,14.0005,1.4980,31.5851 , 2.7734,2.1782,<LOD,2.9583,0.3953,2176.7837 , 30.8888,8.1777,<LOD,0.0000,0.0000,<LOD,1.9648,0.2747,3984.8420 , 50.0237,3.5839,6872.7051 , 1893.6678,0.0526,97.9267 , 16.2413,0.7784,<LOD,0.7857,7.4547,5.2749 , 0.4364,4.7801,<LOD,5.0585,0.4547,401.8794 , 86.1750,0.1949,5.8179 , 0.7402,0.4468,<LOD,0.9359,0.7433,41.3555 , 0.8912,3.4491,<LOD,0.0000,0.0000,11609.7998 , 82.8395,5.5440,<LOD,2.9303,5.6695,<LOD,0.5795,0.2412,372244.4688 , 623.0386,50.5771,4.3235 , 1.5920,4.6297,11.0360 , 0.3115,1.8817,<LOD,0.0000,0.0000,3.4676 , 0.5957,0.4891,6866.8511 , 30.4211,32.7971,<LOD,0.8755,0.4885,93.6934 , 8.1326,4.8794,<LOD,5.0485,0.2544,6.1506 , 0.4940,3.0677,7.9526 , 1.5836,0.4916,132.7820 , 0.9383,19.4567,4,431.600006,39.002171,-122.660675,10.000000,529381.625000,4317072.000000,
160,Mining,120.29,30.02,30.05,30.10,27.42,"Mon Apr 6, 2026 - 12:34:31",User,1.5,ppm,,,,,,Mining,,<LOD,1.9004,0.6582,140099.4844 , 2414.1584,3.0128,345.3254 , 4.8605,9.3688,<LOD,3.6809,0.1449,396.6405 , 20.5266,15.6250,461629.0625 , 5454.4907,<LOD,2.2417,0.3627,35136.5156 , 231.9017,46.1662,<LOD,2.1761,1.1530,<LOD,47.9319,0.7899,<LOD,60.6124,15.6625,171.6633 , 6.7307,4.0972,<LOD,3.9075,0.2778,40914.4258 , 181.7292,100.0765,<LOD,0.0000,0.0000,8.0768 , 2.0902,0.3296,6764.6064 , 98.4444,4.8434,11001.9150 , 3636.8208,0.0688,<LOD,30.9299,0.6031,<LOD,1.0536,4.5289,4.7963 , 0.5844,2.9041,<LOD,7.8470,0.2511,1503.5750 , 173.2448,0.4278,8.1105 , 1.0594,0.3458,<LOD,1.2259,0.4101,32.6020 , 1.1015,1.7464,<LOD,0.0000,0.0000,25814.8281 , 157.7911,9.7596,19.3852 , 2.8584,4.0580,<LOD,0.9105,0.2255,267413.6250 , 766.8172,26.9203,11.7533 , 2.2545,2.9806,343.7436 , 1.8701,19.9715,<LOD,0.0000,0.0000,4.5423 , 0.9819,0.3241,7999.3325 , 55.3076,28.2001,2.1959 , 1.0671,0.6030,234.2520 , 15.2957,4.9841,<LOD,0.0000,0.1838,11.3099 , 0.6754,2.1193,3.9166 , 2.0248,0.3261,124.3068 , 1.3754,14.0475,6,408.700012,39.001518,-122.668327,10.000000,528719.437500,4316997.500000,
161,Mining,120.57,30.26,30.04,30.08,30.19,"Mon Apr 6, 2026 - 12:37:43",User,1.5,ppm,,,,,,Mining,,<LOD,1.4808,0.5954,132165.4375 , 2342.9812,2.8444,538.8065 , 6.1048,13.7623,<LOD,3.8936,0.1554,417.5191 , 21.4930,15.2724,469571.5312 , 5543.3848,<LOD,3.7342,0.5418,33725.4961 , 234.2200,42.0558,<LOD,2.2440,1.0797,<LOD,44.9964,0.7629,<LOD,60.0571,14.7018,164.7056 , 7.0090,3.8602,<LOD,3.8902,0.2638,40706.1211 , 172.9469,94.9613,<LOD,0.0000,0.0000,4.1401 , 2.0365,0.2988,6532.7935 , 102.1475,4.4650,16745.9199 , 3645.1116,0.0772,<LOD,30.9424,0.5802,<LOD,1.0564,4.3734,5.3312 , 0.5876,2.8201,<LOD,7.7926,0.2381,1692.2815 , 165.4031,0.4351,8.2159 , 1.0597,0.3304,<LOD,1.3346,0.4335,28.7217 , 1.0550,1.5150,<LOD,0.0000,0.0000,27994.0605 , 152.9688,10.0186,12.7752 , 2.9489,3.7841,<LOD,0.9610,0.2410,261720.7969 , 709.3549,24.8867,16.2452 , 2.3725,2.9420,332.2527 , 1.8055,18.3952,<LOD,0.0000,0.0000,<LOD,1.6813,0.2932,7253.6699 , 54.4512,24.4118,2.3741 , 1.0520,0.5603,224.8036 , 15.5140,4.4134,<LOD,0.0000,0.1707,11.7709 , 0.6719,2.0129,<LOD,3.0946,0.2905,124.2279 , 1.3597,13.2466,6,399.399994,39.001595,-122.668182,10.000000,528732.125000,4317006.000000,
162,Mining,120.51,30.24,30.04,30.13,30.10,"Mon Apr 6, 2026 - 12:40:27",User,1.5,ppm,,,,,,Mining,,<LOD,1.4797,0.5740,120000.3125 , 2158.5291,2.5866,628.5628 , 6.5339,15.7648,<LOD,4.1830,0.1736,419.0934 , 21.6711,15.0828,510002.4375 , 5088.3525,<LOD,2.9352,0.5759,33672.8789 , 224.9956,41.1145,<LOD,2.2910,1.0944,<LOD,45.1089,0.7840,<LOD,60.2119,14.1426,165.5866 , 6.8589,3.7633,<LOD,3.9097,0.2572,38994.4648 , 154.7064,89.0897,<LOD,0.0000,0.0000,5.7842 , 2.1449,0.3203,6300.7314 , 98.3680,4.2239,10259.8105 , 3291.2996,0.0632,<LOD,28.6592,0.5573,<LOD,1.0711,4.3525,4.6112 , 0.5915,2.7589,<LOD,7.8697,0.2397,1561.9775 , 162.1262,0.4146,7.7841 , 1.0731,0.3266,<LOD,1.3271,0.4136,30.5769 , 1.0871,1.5680,<LOD,0.0000,0.0000,22806.7461 , 133.5995,8.0245,12.2868 , 2.9759,3.7296,<LOD,1.0246,0.2632,247131.0469 , 667.8080,22.5250,16.8794 , 2.3972,2.9100,329.6833 , 1.7592,18.0002,<LOD,0.0000,0.0000,2.7089 , 1.1844,0.3248,7290.7275 , 52.5716,24.0257,2.2866 , 1.0690,0.5584,221.7231 , 15.2031,4.3199,<LOD,0.0000,0.1709,9.8809 , 0.6668,1.9097,<LOD,2.9490,0.2827,121.3911 , 1.3523,12.8981,3,391.899994,39.001560,-122.668167,10.000000,528733.562500,4317002.000000,
163,Mining,120.23,30.24,30.04,30.12,29.83,"Mon Apr 6, 2026 - 12:43:13",User,1.5,ppm,,,,,,Mining,,<LOD,1.5290,0.6184,124076.9688 , 2196.4558,2.6786,234.3092 , 3.9551,6.3009,<LOD,3.3359,0.1156,381.4515 , 20.2157,14.8547,481307.8750 , 5227.4883,<LOD,2.0736,0.3032,36780.3750 , 224.5409,46.4527,<LOD,2.1875,1.1458,<LOD,45.0279,0.7847,<LOD,58.4969,13.7984,138.6376 , 6.1109,3.5140,<LOD,3.7464,0.2479,37629.3242 , 161.2202,88.6185,<LOD,0.0000,0.0000,4.8908 , 1.9567,0.2812,6296.7280 , 91.7510,4.3684,15099.9795 , 3492.1604,0.0727,85.0169 , 20.6533,0.6918,<LOD,1.0426,4.3665,3.5351 , 0.5778,2.7818,<LOD,7.6429,0.2398,980.0200 , 141.5579,0.3076,6.5557 , 1.0207,0.3130,<LOD,1.1741,0.3648,34.9825 , 1.1259,1.8119,<LOD,0.0000,0.0000,22340.9395 , 135.3498,8.1451,8.6922 , 2.7748,3.6737,<LOD,0.8606,0.2002,267136.2500 , 706.0146,25.7137,12.9937 , 2.2338,2.8639,301.9367 , 1.6947,17.2168,<LOD,0.0000,0.0000,3.2083 , 0.9396,0.3179,6777.0986 , 47.9772,22.8955,3.3440 , 1.0554,0.5782,215.1125 , 13.7112,4.1584,<LOD,0.0000,0.1503,12.4454 , 0.6882,2.1561,10.0654 , 2.1605,0.3609,117.2525 , 1.3141,12.8138,5,386.399994,39.001514,-122.668114,10.000000,528737.750000,4316997.000000,
164,Mining,120.17,30.24,30.06,30.05,29.82,"Mon Apr 6, 2026 - 12:46:06",User,1.5,ppm,,,,,,Mining,,<LOD,1.4718,0.6243,142026.9531 , 2442.6470,3.0427,523.6303 , 5.9391,13.7397,<LOD,4.0593,0.1800,456.9862 , 21.3653,16.2167,458461.5625 , 5651.5908,<LOD,2.6799,0.5294,37035.5625 , 230.6120,45.9821,<LOD,2.2423,1.1501,<LOD,45.9381,0.7477,<LOD,53.9451,11.7217,153.6644 , 6.4068,3.6308,<LOD,3.8775,0.2777,31987.3867 , 150.9789,73.7933,<LOD,0.0000,0.0000,18.6081 , 2.3692,0.4321,6679.5303 , 94.9262,4.5255,16636.4082 , 3579.6165,0.0733,56.7651 , 19.6590,0.6222,<LOD,1.0467,4.5556,6.7533 , 0.5841,2.9685,<LOD,7.4164,0.2616,867.3679 , 140.5127,0.2791,8.3058 , 1.0492,0.3447,<LOD,1.3500,0.4717,25.1105 , 1.0125,1.4369,<LOD,0.0000,0.0000,19049.6953 , 129.5795,6.8348,49.8793 , 3.0929,4.6693,<LOD,1.0055,0.2813,276356.1250 , 745.1546,26.2858,19.2612 , 2.3529,3.0915,370.6230 , 1.9067,21.0696,<LOD,0.0000,0.0000,3.1437 , 1.1053,0.3452,8824.0762 , 56.3333,29.0942,3.3523 , 1.0931,0.6440,245.9530 , 15.3934,5.0340,<LOD,0.0000,0.1763,8.0217 , 0.6183,1.8127,3.4725 , 1.9993,0.3235,121.8040 , 1.3507,13.8853,6,400.399994,39.001369,-122.668304,10.000000,528721.687500,4316981.000000,
165,Mining,120.39,30.18,30.02,30.00,28.99,"Mon Apr 6, 2026 - 12:48:56",User,1.5,ppm,,,,,,Mining,,<LOD,1.4177,0.6339,151548.8281 , 2395.6377,3.2459,385.6218 , 5.0218,10.7288,<LOD,3.6318,0.1561,413.7251 , 20.5856,16.3165,432436.5625 , 5529.3442,<LOD,2.2675,0.4114,36515.2578 , 232.6703,48.0648,<LOD,2.1230,1.1174,<LOD,45.2843,0.7887,<LOD,54.5736,13.2986,156.7205 , 6.2694,3.8265,<LOD,4.8274,0.2998,34343.4844 , 165.3784,84.2207,<LOD,0.0000,0.0000,28.4135 , 2.4922,0.5212,6773.2812 , 94.8366,4.8350,20542.0391 , 3606.6191,0.0813,137.7501 , 20.9702,0.7889,<LOD,1.0140,4.6582,5.2476 , 0.5599,2.9517,<LOD,7.1422,0.2427,1130.3044 , 145.0709,0.3281,7.6766 , 1.0103,0.3482,<LOD,1.2518,0.4413,33.9962 , 1.0837,1.8630,<LOD,0.0000,0.0000,17286.2832 , 123.4067,6.5915,17.6647 , 2.8421,4.1251,<LOD,0.9128,0.2536,290235.7500 , 773.1449,29.5194,13.3181 , 2.2572,3.0877,338.4632 , 1.8236,20.3087,<LOD,0.0000,0.0000,4.8150 , 0.9811,0.3480,7296.9712 , 51.7225,25.6971,2.5498 , 1.0616,0.6576,203.7027 , 14.0330,4.5060,<LOD,0.0000,0.1825,8.9329 , 0.6282,2.0252,12.3998 , 2.1325,0.3999,120.2236 , 1.3147,14.1153,6,400.200012,39.001492,-122.668213,10.000000,528729.250000,4316994.500000,
166,Mining,120.20,30.09,30.04,30.15,29.92,"Mon Apr 6, 2026 - 12:51:35",User,1.5,ppm,,,,,,Mining,,<LOD,1.4059,0.6279,151870.8125 , 2430.3083,3.2600,357.5062 , 4.9785,10.0089,<LOD,3.7759,0.1612,392.4095 , 20.6790,16.3917,407013.6250 , 5743.7886,<LOD,2.4203,0.4388,36841.3438 , 243.8198,48.9516,<LOD,2.2025,1.2304,<LOD,46.5981,0.8282,<LOD,57.0447,14.0814,153.8308 , 6.6050,3.9624,9.1614 , 2.8244,0.3477,36102.8398 , 180.7536,89.3484,<LOD,0.0000,0.0000,18.9957 , 2.3355,0.4365,7835.7583 , 104.9282,5.6194,23803.0117 , 3785.3743,0.0881,142.4818 , 21.5359,0.8074,<LOD,1.0570,4.8090,5.7342 , 0.5822,3.0286,<LOD,7.7657,0.2894,880.6428 , 140.7533,0.2993,8.9380 , 1.0682,0.3718,<LOD,1.2446,0.4398,41.5223 , 1.2034,2.2274,<LOD,0.0000,0.0000,17747.1016 , 127.2794,6.8471,33.3284 , 2.9495,4.5862,<LOD,0.9566,0.2669,307929.5312 , 812.2114,32.3433,14.8609 , 2.2843,3.1971,349.3754 , 1.9306,20.9685,<LOD,0.0000,0.0000,3.2244 , 1.0391,0.3763,8026.5190 , 56.9406,28.5380,4.5055 , 1.1143,0.6958,247.7020 , 15.3700,5.1064,<LOD,0.0000,0.1983,12.1600 , 0.6882,2.3151,17.9964 , 2.2901,0.4411,135.0493 , 1.4168,15.3167,6,399.799988,39.001465,-122.668144,10.000000,528735.187500,4316991.500000,
167,Mining,120.37,30.01,30.08,30.11,30.17,"Mon Apr 6, 2026 - 12:54:31",User,1.5,ppm,,,,,,Mining,,<LOD,1.5139,0.6345,161098.9062 , 2617.5237,3.4628,504.9832 , 6.3288,13.1627,<LOD,4.2234,0.1738,453.9814 , 22.1923,16.4730,379388.5312 , 6088.2051,<LOD,3.5012,0.5251,41435.3047 , 271.1808,54.3655,<LOD,2.3092,1.1681,<LOD,49.4371,0.8597,<LOD,64.8646,16.7852,153.3336 , 7.0092,3.9946,6.7750 , 2.9226,0.3229,44552.8789 , 220.6022,107.3963,<LOD,0.0000,0.0000,12.4248 , 2.3268,0.3726,7750.2568 , 108.8204,5.5234,14533.2627 , 3943.5203,0.0815,71.7811 , 20.9753,0.7082,<LOD,1.3414,4.5734,6.7815 , 0.6199,2.9365,<LOD,8.6161,0.2860,1297.8085 , 165.2598,0.3983,7.2485 , 1.0994,0.3371,<LOD,1.3833,0.4762,41.7327 , 1.2595,2.0941,<LOD,0.0000,0.0000,36539.5781 , 193.5073,13.8657,28.3163 , 3.0956,4.3382,<LOD,1.0548,0.2774,303572.3750 , 817.4139,32.2382,15.4732 , 2.4236,3.1212,350.3077 , 2.0363,19.7144,<LOD,0.0000,0.0000,3.2457 , 1.1804,0.3650,7752.2080 , 58.6899,27.0056,3.9488 , 1.1497,0.6343,246.8925 , 15.9712,4.8984,<LOD,0.0000,0.2120,13.5325 , 0.7350,2.2584,23.7925 , 2.5225,0.4639,134.3304 , 1.4875,14.3308,7,401.500000,39.001438,-122.668152,10.000000,528734.500000,4316988.500000,
168,Mining,120.63,30.29,30.08,30.14,29.22,"Mon Apr 6, 2026 - 12:57:11",User,1.5,ppm,,,,,,Mining,,<LOD,1.6330,0.6450,158329.1562 , 3017.6348,3.3978,442.3125 , 5.9580,10.6095,5.7466 , 2.9925,0.1698,572.7014 , 24.0753,17.1471,367066.9062 , 7012.7036,<LOD,3.2014,0.4438,41149.8125 , 272.2724,48.6556,<LOD,2.4276,1.1183,<LOD,54.3461,0.8249,<LOD,64.0058,14.2822,175.6284 , 7.2471,3.7771,8.9141 , 3.0316,0.3110,41421.9648 , 212.8188,89.9068,<LOD,0.0000,0.0000,22.1526 , 2.6142,0.4226,7793.6948 , 110.4099,5.0320,15663.5596 , 4321.7549,0.0801,33.5324 , 20.7517,0.6010,<LOD,1.6808,4.2976,8.1442 , 0.6361,2.7748,<LOD,8.6092,0.2652,1251.6425 , 174.9452,0.3560,10.9967 , 1.1880,0.3539,<LOD,1.4694,0.4681,44.6870 , 1.3083,2.0288,<LOD,0.0000,0.0000,37424.2812 , 206.6628,12.7839,48.3822 , 3.3812,4.6179,<LOD,1.1012,0.2546,319626.3750 , 857.5165,31.0604,20.5273 , 2.5983,3.1522,369.8587 , 2.1392,19.0142,<LOD,0.0000,0.0000,2.7767 , 1.1622,0.3344,8103.4082 , 60.9757,25.4458,2.9788 , 1.1840,0.6014,232.1145 , 16.2569,4.4873,<LOD,0.0000,0.2045,11.7506 , 0.7358,2.0229,12.4273 , 2.3677,0.3655,143.5329 , 1.5524,13.8681,6,403.299988,39.001438,-122.668144,10.000000,528735.187500,4316988.500000,
169,Mining,120.36,30.19,30.08,30.02,30.07,"Mon Apr 6, 2026 - 13:00:07",User,1.5,ppm,,,,,,Mining,,<LOD,1.4737,0.5701,93689.4219 , 2162.7566,2.0393,375.8102 , 5.0055,9.4469,<LOD,3.7755,0.1423,351.2916 , 20.8442,13.6955,581334.4375 , 6274.2969,<LOD,2.3143,0.3608,29105.2988 , 206.4548,34.1266,<LOD,2.2312,1.0360,<LOD,44.6039,0.7725,<LOD,56.8697,12.2785,139.4345 , 6.2968,3.3256,<LOD,3.7500,0.2373,35042.2773 , 153.8680,77.8399,<LOD,0.0000,0.0000,43.0120 , 2.9091,0.5984,6276.3315 , 95.3070,4.0416,<LOD,7137.4146,0.0482,<LOD,27.0458,0.4837,<LOD,1.0145,4.0822,3.5587 , 0.5628,2.6385,<LOD,7.5264,0.2290,789.2744 , 127.0970,0.2400,6.2771 , 1.0185,0.2981,<LOD,1.2331,0.3529,20.4168 , 0.9457,1.1232,<LOD,0.0000,0.0000,20449.2812 , 125.8839,6.9428,51.5616 , 3.1043,4.2989,<LOD,0.9188,0.2128,221827.2969 , 657.4459,18.8642,15.3127 , 2.3281,2.7347,320.1220 , 1.7506,17.4063,<LOD,0.0000,0.0000,3.5721 , 0.9818,0.2765,7184.6992 , 50.7465,22.9044,<LOD,1.5992,0.5535,211.5782 , 14.3636,4.0788,<LOD,0.0000,0.1481,3.8877 , 0.5814,1.4679,<LOD,2.8799,0.2703,99.4579 , 1.2575,11.2847,5,400.899994,39.001450,-122.668213,10.000000,528729.312500,4316990.000000,
170,Mining,120.32,30.00,30.07,30.12,29.52,"Mon Apr 6, 2026 - 13:04:01",User,1.5,ppm,,,,,,Mining,,<LOD,1.4610,0.6058,123666.2500 , 2267.0642,2.6691,423.3497 , 5.2709,10.8975,<LOD,3.8860,0.1578,386.3996 , 20.7841,14.7806,495422.2500 , 5200.3687,<LOD,2.3697,0.3950,34045.3945 , 227.6284,42.8679,<LOD,2.2128,1.1014,<LOD,47.4923,0.7957,<LOD,60.5418,15.3591,179.1461 , 6.9459,4.0221,<LOD,3.9610,0.2788,41482.9727 , 166.8208,97.3391,<LOD,0.0000,0.0000,4.0927 , 1.9978,0.2926,6705.8110 , 100.6052,4.6163,8918.5820 , 3473.9258,0.0633,<LOD,34.3689,0.5954,<LOD,1.0425,4.3511,5.2892 , 0.5832,2.8439,<LOD,7.6748,0.2240,1103.3580 , 155.2172,0.3389,6.8309 , 1.0298,0.3175,<LOD,1.2540,0.3967,22.6351 , 0.9703,1.2693,<LOD,0.0000,0.0000,24444.0254 , 146.8901,8.8584,25.2154 , 2.9355,3.9900,<LOD,0.9448,0.2347,254721.8750 , 715.7878,24.1613,13.7679 , 2.2987,2.8685,340.5094 , 1.7911,18.9083,<LOD,0.0000,0.0000,6.1680 , 1.0232,0.3288,7706.9165 , 54.2164,26.1024,1.8200 , 1.0366,0.5549,236.2904 , 15.5027,4.6837,<LOD,0.0000,0.1702,9.9876 , 0.6394,1.8645,5.9054 , 2.0680,0.3321,115.1923 , 1.3177,12.8174,6,401.899994,39.001335,-122.668144,10.000000,528735.375000,4316977.000000,
171,Mining,120.82,30.29,30.25,30.21,30.07,"Mon Apr 6, 2026 - 13:06:49",User,1.5,ppm,,,,,,Mining,,<LOD,1.5435,0.6503,150027.0781 , 2418.3828,3.2081,517.4268 , 6.1357,13.3464,<LOD,4.2140,0.1733,491.8282 , 22.6931,17.2179,447417.0938 , 5600.9370,<LOD,2.7974,0.5162,37519.1367 , 241.4916,47.4538,<LOD,2.3505,1.1921,<LOD,44.2752,0.7357,<LOD,61.6158,14.6744,172.5842 , 6.9816,3.9896,<LOD,6.4151,0.3073,40103.4297 , 175.7256,94.0164,<LOD,0.0000,0.0000,16.2148 , 2.4296,0.4072,6390.0747 , 98.2007,4.4557,12073.5879 , 3410.1606,0.0667,<LOD,45.2523,0.6129,<LOD,1.1116,4.5313,6.8660 , 0.6181,2.9442,<LOD,8.2530,0.2699,1157.4691 , 147.5935,0.3355,8.9242 , 1.1282,0.3565,<LOD,1.4180,0.4936,17.5919 , 0.9728,1.1179,<LOD,0.0000,0.0000,21570.8652 , 135.0152,7.8608,29.9654 , 3.1611,4.4791,<LOD,1.0554,0.2786,273497.5625 , 725.8544,26.5362,18.5948 , 2.4858,3.2580,402.5692 , 2.0744,22.3725,<LOD,0.0000,0.0000,4.2873 , 1.1673,0.3567,8151.9624 , 57.0134,27.6330,3.4775 , 1.1590,0.6463,244.5049 , 15.9649,4.9211,<LOD,0.0000,0.1936,9.6951 , 0.6539,1.8201,11.7184 , 2.2869,0.3807,135.4740 , 1.4811,14.8586,4,397.700012,39.001343,-122.668304,10.000000,528721.687500,4316978.000000,
172,Mining,120.03,30.26,30.12,30.11,29.54,"Mon Apr 6, 2026 - 13:11:31",User,1.5,ppm,,,,,,Mining,,<LOD,1.6109,0.6188,142070.4219 , 2665.8655,3.0493,19.1795 , 1.6124,0.7546,<LOD,3.4551,0.1000,518.8616 , 23.7701,16.3185,393816.4062 , 6567.1162,<LOD,1.6342,0.1551,35764.8398 , 249.2784,45.4149,<LOD,2.3793,1.0520,<LOD,47.6668,0.8239,<LOD,72.8020,21.0031,101.6476 , 6.5156,3.2936,15.9917 , 3.2605,0.3521,59778.7773 , 263.4923,140.9655,<LOD,0.0000,0.0000,23.9508 , 2.6622,0.3843,5891.5444 , 98.9081,4.1604,31245.3438 , 4279.4780,0.0955,457.4066 , 28.5478,1.3332,1.1697 , 0.7460,4.1216,6.3833 , 0.6231,2.6824,<LOD,9.9297,0.2757,854.3066 , 135.2445,0.2648,6.0182 , 1.1098,0.3014,<LOD,1.4770,0.4683,41.2244 , 1.2628,1.8570,<LOD,0.0000,0.0000,10818.7910 , 99.0433,4.0192,<LOD,4.6704,3.5164,<LOD,0.9726,0.2099,312560.2188 , 809.9784,30.9545,16.4016 , 2.5719,3.0205,298.3851 , 1.8713,15.4363,<LOD,0.0000,0.0000,2.4463 , 0.8626,0.2844,5348.4194 , 49.0007,18.4807,<LOD,2.7545,0.5294,177.2386 , 13.9229,3.4887,<LOD,7.8913,0.1980,17.0950 , 0.7832,2.2474,33.8006 , 2.8238,0.5007,113.7307 , 1.3958,11.2796,6,392.700012,39.001301,-122.668251,10.000000,528726.062500,4316973.500000,
173,Mining,120.41,30.16,30.09,30.13,27.33,"Mon Apr 6, 2026 - 13:14:27",User,1.5,ppm,,,,,,Mining,,<LOD,1.5621,0.6206,141161.0625 , 2906.9136,3.0336,6.6668 , 1.3198,0.4974,<LOD,3.3267,0.1025,538.1935 , 22.9887,16.6551,387654.2812 , 7129.2783,<LOD,1.5652,0.1565,40778.7070 , 258.5339,48.0813,<LOD,2.3256,1.0805,<LOD,53.4528,0.8357,<LOD,58.2868,11.9929,113.7430 , 6.1766,3.0928,13.5314 , 3.0661,0.3368,34973.8086 , 187.2861,76.1854,<LOD,0.0000,0.0000,8.5124 , 2.1815,0.2710,6403.6519 , 95.3209,4.1484,33053.4102 , 4544.7686,0.1001,464.2206 , 28.5110,1.1642,<LOD,1.6079,4.2664,6.9515 , 0.6137,2.8227,<LOD,8.2872,0.2862,938.4579 , 153.5832,0.2766,9.0024 , 1.1007,0.3276,<LOD,1.4367,0.4717,41.2928 , 1.2226,1.9338,<LOD,0.0000,0.0000,14967.8252 , 125.3484,5.1267,<LOD,4.5089,3.5364,<LOD,0.8990,0.1936,331618.5000 , 878.2726,31.3645,17.0278 , 2.4759,3.0088,316.0397 , 1.9022,16.8568,<LOD,0.0000,0.0000,2.5340 , 0.8418,0.3096,6555.2896 , 51.4701,20.5239,2.3857 , 1.0838,0.5462,184.6475 , 13.7895,3.6435,<LOD,7.4787,0.1936,18.1985 , 0.7648,2.3915,31.3774 , 2.6723,0.4869,120.7031 , 1.3915,12.3040,5,397.200012,39.001293,-122.668297,10.000000,528722.312500,4316972.500000,
174,Mining,120.42,30.09,30.12,30.17,28.84,"Mon Apr 6, 2026 - 13:17:09",User,1.5,ppm,,,,,,Mining,,<LOD,1.5854,0.5998,126867.1641 , 2853.6086,2.7347,6.3957 , 1.3695,0.4694,<LOD,3.5190,0.1011,550.6990 , 23.3732,16.1827,415036.8125 , 7245.1885,<LOD,1.6308,0.1498,40466.8516 , 258.2885,46.2919,<LOD,2.3795,1.0643,<LOD,52.2565,0.8059,<LOD,63.1525,12.8357,104.2644 , 6.4348,2.9984,10.1491 , 3.1417,0.3125,38627.2031 , 190.7040,81.6321,<LOD,0.0000,0.0000,5.4097 , 2.2489,0.2482,6378.8354 , 99.5450,4.0560,33778.7148 , 4620.0659,0.1008,477.7094 , 29.8733,1.1688,<LOD,1.5570,4.1510,6.5070 , 0.6425,2.7176,<LOD,8.8422,0.2779,1243.7413 , 156.7445,0.2989,8.2913 , 1.1534,0.3164,<LOD,1.4161,0.4281,42.5856 , 1.2867,1.8997,<LOD,0.0000,0.0000,17784.1602 , 133.1548,5.8955,<LOD,4.5750,3.4010,<LOD,0.9627,0.1963,311667.8125 , 821.7790,28.1724,22.4553 , 2.5418,2.9926,320.3228 , 1.9321,16.2923,<LOD,0.0000,0.0000,5.9046 , 0.9299,0.3556,6234.4409 , 50.9102,18.9547,2.5520 , 1.1352,0.5278,176.3193 , 14.1226,3.3941,<LOD,9.9025,0.2072,18.8279 , 0.8069,2.3471,31.3970 , 2.8056,0.4743,124.4758 , 1.4534,12.0540,6,397.000000,39.001453,-122.668175,10.000000,528733.062500,4316990.000000,
175,Mining,120.26,30.09,30.06,30.04,30.07,"Mon Apr 6, 2026 - 13:58:52",User,1.5,ppm,,,,,,Mining,,<LOD,1.4768,0.6367,137114.6562 , 2418.0720,2.9460,<LOD,1.4580,0.2641,<LOD,3.0853,0.1051,415.1268 , 21.2862,16.0854,419657.6562 , 6052.5151,<LOD,1.3301,0.1344,41561.9648 , 251.9645,52.7916,<LOD,2.1946,1.1031,<LOD,44.9075,0.8097,<LOD,55.3008,12.7705,134.2905 , 6.1457,3.4508,13.9090 , 2.8803,0.3531,33879.7148 , 170.4991,79.8077,<LOD,0.0000,0.0000,5.7325 , 1.9538,0.2569,5954.2612 , 90.6045,4.1977,39691.2227 , 4027.5127,0.1087,442.9354 , 26.6555,1.2022,<LOD,1.0030,4.3086,4.3507 , 0.5661,2.8692,<LOD,7.5559,0.2695,1006.5004 , 134.5870,0.2922,6.3971 , 0.9822,0.3100,<LOD,1.2935,0.4354,19.0089 , 0.9081,1.1719,<LOD,0.0000,0.0000,5159.2505 , 67.5925,2.0790,<LOD,4.2220,3.5187,<LOD,0.8207,0.1907,307661.0625 , 791.1157,30.3898,18.1437 , 2.3572,3.1335,301.7078 , 1.7402,17.4907,<LOD,0.0000,0.0000,4.6989 , 0.7639,0.3271,6599.2632 , 49.8730,22.2745,3.0384 , 1.0067,0.5624,173.6720 , 13.4666,3.8840,<LOD,6.7941,0.1895,19.8284 , 0.7026,2.4467,42.1612 , 2.7004,0.5911,109.4158 , 1.2681,12.4208,,,,,,,,
176,Mining,120.32,30.14,30.00,30.06,30.12,"Mon Apr 6, 2026 - 14:01:38",User,1.5,ppm,,,,,,Mining,,<LOD,1.5383,0.5993,141889.9688 , 2789.0469,3.0483,<LOD,1.5504,0.2509,<LOD,3.2496,0.1002,472.4992 , 22.6236,15.8578,383351.2812 , 6996.7280,<LOD,1.4916,0.1460,46756.9219 , 286.4867,56.7556,<LOD,2.3673,1.1285,<LOD,48.4990,0.7917,<LOD,59.0396,12.8306,147.5937 , 6.7435,3.5168,13.7770 , 3.0175,0.3356,36671.3906 , 197.1673,81.4418,<LOD,0.0000,0.0000,8.4672 , 2.1569,0.2711,5900.5664 , 95.4096,4.0235,42513.5039 , 4554.7422,0.1151,690.6577 , 31.6985,1.5050,<LOD,1.2155,4.2142,5.6342 , 0.6024,2.7832,<LOD,8.0789,0.2646,1025.5403 , 146.6329,0.2922,7.8868 , 1.0666,0.3152,<LOD,1.3898,0.4385,20.4234 , 0.9774,1.1659,<LOD,0.0000,0.0000,8385.2793 , 90.0835,3.0849,<LOD,4.4743,3.4588,<LOD,0.8934,0.1976,324716.3125 , 858.1682,31.3774,20.8401 , 2.4841,3.0303,320.8107 , 1.9261,17.2592,<LOD,0.0000,0.0000,3.8997 , 0.8250,0.3153,6709.4634 , 54.1514,21.4386,4.0781 , 1.0838,0.5606,180.9758 , 14.4480,3.7743,<LOD,7.4665,0.1986,21.8422 , 0.7540,2.4138,44.1968 , 2.8648,0.5753,116.1829 , 1.3694,12.1636,,,,,,,,
177,Mining,120.47,30.22,30.09,30.09,30.07,"Mon Apr 6, 2026 - 14:04:30",User,1.5,ppm,,,,,,Mining,,<LOD,1.4707,0.5807,140248.5000 , 2724.2976,3.0114,<LOD,1.7097,0.3020,<LOD,3.0716,0.0876,452.5340 , 21.8750,15.6207,390784.3125 , 6862.0088,<LOD,1.4842,0.1417,43294.7070 , 279.1354,54.2748,<LOD,2.2579,1.0825,<LOD,47.2796,0.7913,<LOD,63.3809,15.3262,144.1539 , 6.8883,3.6391,13.8089 , 3.0514,0.3379,42875.1602 , 220.4648,98.5186,<LOD,0.0000,0.0000,6.2677 , 2.0742,0.2442,5557.4355 , 95.3036,3.9162,45386.3477 , 4556.4453,0.1182,660.8401 , 31.3112,1.5278,<LOD,1.0727,4.1426,6.4857 , 0.6159,2.8637,<LOD,8.4543,0.2651,971.1133 , 139.1541,0.2762,12.4050 , 1.1717,0.3744,<LOD,1.3370,0.4310,19.6997 , 0.9677,1.1239,<LOD,0.0000,0.0000,5063.3579 , 70.8192,2.0127,<LOD,4.2954,3.3461,<LOD,0.8625,0.1818,317267.3125 , 851.9052,31.0865,19.1285 , 2.4005,2.9942,304.8904 , 1.8858,16.5132,<LOD,0.0000,0.0000,3.5415 , 0.8223,0.3063,6507.9248 , 54.3311,21.6393,3.1182 , 1.0648,0.5298,200.3071 , 14.8339,3.9407,<LOD,7.3455,0.1883,23.5385 , 0.7787,2.5202,63.4623 , 3.2008,0.7061,109.6761 , 1.3495,11.6333,,,,,,,,
178,Mining,120.70,30.28,30.05,30.15,28.99,"Mon Apr 6, 2026 - 14:07:37",User,1.5,ppm,,,,,,Mining,,<LOD,1.3311,0.6325,142597.5000 , 2411.7869,3.0686,<LOD,1.3840,0.2561,<LOD,2.7054,0.0911,394.6502 , 19.2190,16.0201,414882.5312 , 5786.6724,<LOD,1.2449,0.1334,41246.0977 , 264.1999,56.3810,<LOD,1.9697,1.0847,<LOD,45.3429,0.8049,<LOD,54.6559,14.3659,126.5518 , 6.2031,3.5933,6.0973 , 2.5911,0.3238,36024.0000 , 186.5441,91.2876,<LOD,0.0000,0.0000,7.6913 , 1.9032,0.2792,5322.4258 , 88.8464,4.0689,37357.2852 , 4125.1719,0.1098,538.8899 , 27.1092,1.4360,<LOD,0.9544,4.4474,3.2566 , 0.5344,2.8975,<LOD,7.3832,0.2850,989.5134 , 136.5174,0.2949,8.0967 , 0.9683,0.3425,<LOD,1.1531,0.4223,18.2822 , 0.8590,1.1864,<LOD,0.0000,0.0000,14329.6699 , 114.9072,5.7099,<LOD,3.7782,3.4212,<LOD,0.7504,0.1834,299393.4062 , 833.7824,31.8525,13.3674 , 2.1066,3.0400,290.3762 , 1.6992,17.9381,<LOD,0.0000,0.0000,1.5873 , 0.6760,0.2719,6127.1753 , 50.1373,22.3716,2.0386 , 0.9493,0.5650,156.1476 , 13.3935,3.9003,<LOD,6.4440,0.1931,18.2394 , 0.6645,2.4716,47.6150 , 2.6782,0.6588,97.4842 , 1.1847,12.1487,,,,,,,,
179,Mining,120.49,30.07,30.22,30.07,30.13,"Mon Apr 6, 2026 - 14:11:17",User,1.5,ppm,,,,,,Mining,,<LOD,1.4862,0.6234,142589.5312 , 2641.2319,3.0605,<LOD,1.8288,0.3770,<LOD,3.1646,0.1006,442.7355 , 21.8488,16.2796,391465.6562 , 6689.0156,<LOD,1.5103,0.1583,43584.1484 , 283.8203,55.8436,<LOD,2.2708,1.1512,<LOD,47.8987,0.8615,<LOD,61.0434,15.0465,143.7715 , 7.0854,3.8287,9.8140 , 2.9044,0.3295,40446.7812 , 211.6417,94.8883,<LOD,0.0000,0.0000,4.4905 , 2.0321,0.2486,7433.4780 , 108.8178,5.2018,46406.5469 , 4454.6909,0.1203,635.5605 , 30.4230,1.5190,1.3745 , 0.7153,4.4765,7.2086 , 0.6068,2.9936,<LOD,8.4165,0.3020,1698.1383 , 165.0190,0.4260,17.6773 , 1.2431,0.4554,<LOD,1.3491,0.4610,21.9896 , 0.9801,1.2579,<LOD,0.0000,0.0000,5048.8145 , 69.6317,2.0458,<LOD,4.3099,3.5421,<LOD,0.8696,0.1975,312290.5312 , 846.9096,31.2920,12.6044 , 2.3774,3.0564,327.7871 , 1.9441,18.2929,<LOD,0.0000,0.0000,2.6380 , 0.8193,0.3199,6996.3301 , 57.8248,23.9307,2.8631 , 1.0531,0.5596,202.0599 , 15.4967,4.2992,<LOD,7.5069,0.2123,22.7065 , 0.7613,2.5929,65.3292 , 3.1592,0.7408,119.4287 , 1.3772,12.9008,6,263.100006,39.001736,-122.668953,10.000000,528665.375000,4317021.500000,
180,Mining,120.67,30.22,30.28,30.09,28.58,"Mon Apr 6, 2026 - 14:15:07",User,1.5,ppm,,,,,,Mining,,<LOD,1.4723,0.5937,140832.7656 , 2720.9036,3.0277,<LOD,1.9725,0.4163,<LOD,3.3039,0.1050,436.3980 , 21.7993,15.7432,390790.6875 , 6837.9604,<LOD,1.5047,0.1509,40821.7812 , 278.4464,53.1068,<LOD,2.2057,1.0430,<LOD,47.6331,0.8019,<LOD,64.1062,16.5121,128.6381 , 6.7969,3.6188,13.1498 , 3.0195,0.3431,44727.1445 , 238.0032,107.1595,<LOD,0.0000,0.0000,12.0385 , 2.1892,0.2915,5077.7891 , 92.7457,3.7262,49433.5703 , 4725.5654,0.1277,849.7872 , 33.7949,1.8758,<LOD,1.0587,4.1820,4.5810 , 0.5979,2.7803,<LOD,8.6100,0.2854,1163.5975 , 144.3115,0.3019,22.3104 , 1.3557,0.5198,<LOD,1.3247,0.4309,19.9006 , 0.9623,1.1539,<LOD,0.0000,0.0000,10065.6172 , 99.4250,3.8884,<LOD,4.2846,3.3950,<LOD,0.9345,0.2240,308497.9062 , 877.7113,31.2083,14.5624 , 2.3757,2.9707,292.9616 , 1.8704,16.4016,<LOD,0.0000,0.0000,3.6105 , 0.8370,0.3291,6421.4692 , 54.9019,22.2367,2.2634 , 1.0491,0.5309,180.9134 , 14.7309,3.9674,<LOD,6.9748,0.1754,23.0911 , 0.7769,2.5891,58.5244 , 3.1061,0.6893,104.9441 , 1.3274,11.5532,7,305.000000,39.001759,-122.669014,10.000000,528660.062500,4317024.000000,
181,Mining,120.62,30.23,30.10,30.16,29.49,"Mon Apr 6, 2026 - 14:18:01",User,1.5,ppm,,,,,,Mining,,<LOD,1.6983,0.6314,140124.1406 , 2664.6624,3.0049,<LOD,1.5338,0.2484,<LOD,3.1992,0.0979,469.7909 , 21.7531,15.8273,396167.0000 , 6735.7339,<LOD,1.3383,0.1182,44464.7109 , 280.9270,56.3346,<LOD,2.2342,1.0785,<LOD,46.5770,0.8047,<LOD,62.6195,15.3281,131.0881 , 6.7158,3.4988,13.6788 , 3.0228,0.3402,42686.7188 , 216.6209,98.8400,<LOD,0.0000,0.0000,<LOD,3.5953,0.2101,5250.8281 , 92.5929,3.7712,46867.7344 , 4464.9990,0.1185,631.4819 , 30.5630,1.4920,<LOD,1.1057,4.1992,4.8041 , 0.5958,2.7407,<LOD,8.3328,0.2632,1053.5690 , 137.1115,0.2842,7.1071 , 1.0537,0.3096,<LOD,1.3624,0.4576,22.4606 , 0.9887,1.2336,<LOD,0.0000,0.0000,800.2684 , 36.7664,0.5394,<LOD,4.2836,3.4145,<LOD,0.8796,0.1925,314019.8125 , 839.2570,30.8328,19.3999 , 2.3808,3.0025,297.0548 , 1.8343,16.2331,<LOD,0.0000,0.0000,4.8596 , 0.7839,0.3032,6586.0303 , 53.8297,21.9221,2.7672 , 1.0348,0.5170,190.2060 , 14.6758,3.9130,<LOD,7.4679,0.2002,21.1583 , 0.7530,2.4166,53.1212 , 3.0102,0.6408,110.1802 , 1.3343,11.6964,6,315.799988,39.001656,-122.668724,10.000000,528685.312500,4317012.500000,
182,Mining,120.49,30.14,30.08,30.08,29.59,"Mon Apr 6, 2026 - 14:20:53",User,1.5,ppm,,,,,,Mining,,<LOD,1.4287,0.5784,144559.4219 , 2685.6965,3.0968,<LOD,1.4859,0.2392,<LOD,3.0797,0.0960,461.9095 , 21.2909,15.7438,392232.5000 , 6658.5801,<LOD,1.3701,0.1313,43531.0273 , 275.5926,55.3030,<LOD,2.1801,1.0634,<LOD,46.8237,0.8015,<LOD,60.7743,15.1516,123.5438 , 6.4732,3.4142,14.9700 , 2.9677,0.3471,41390.8711 , 212.5766,96.5140,<LOD,0.0000,0.0000,3.0956 , 1.9428,0.2284,5452.5386 , 92.1348,3.8886,45478.4258 , 4425.1411,0.1164,592.5321 , 29.3339,1.4376,<LOD,1.0333,4.1945,4.7178 , 0.5779,2.7345,<LOD,8.0910,0.2648,895.9409 , 133.6595,0.2632,7.9887 , 1.0432,0.3219,<LOD,1.3223,0.4462,22.0004 , 0.9631,1.2345,<LOD,0.0000,0.0000,814.5036 , 37.0368,0.5420,<LOD,4.1433,3.2712,<LOD,0.8512,0.1915,317602.7188 , 852.7984,31.3716,15.4241 , 2.3118,2.9204,290.4530 , 1.7852,16.0939,<LOD,0.0000,0.0000,3.9031 , 0.7744,0.3027,6151.0024 , 51.2955,20.6363,3.1544 , 1.0179,0.5275,174.2309 , 13.9261,3.6869,<LOD,7.2125,0.1977,18.2184 , 0.7090,2.2682,47.1694 , 2.8439,0.6056,107.7184 , 1.2935,11.6082,6,346.100006,39.001572,-122.668343,10.000000,528718.125000,4317003.500000,
183,Mining,120.41,30.03,30.10,30.08,29.60,"Mon Apr 6, 2026 - 14:23:39",User,1.5,ppm,,,,,,Mining,,<LOD,1.6426,0.6185,141649.2812 , 2923.9998,3.0333,<LOD,1.6435,0.2568,<LOD,3.4792,0.1034,505.6232 , 24.2288,16.2930,382813.2500 , 7457.6865,<LOD,1.5749,0.1462,45824.5000 , 281.8889,54.7222,<LOD,2.4729,1.1021,<LOD,48.6380,0.7898,<LOD,65.0837,14.9367,129.7448 , 6.7483,3.3680,14.8080 , 3.1544,0.3311,43922.8477 , 225.3160,95.4417,<LOD,0.0000,0.0000,4.1897 , 2.1107,0.2278,5716.6763 , 94.7532,3.8576,47504.1406 , 4723.5151,0.1188,595.5374 , 30.9321,1.3765,1.9814 , 0.7576,4.2452,6.5901 , 0.6344,2.7520,<LOD,8.7460,0.2617,969.1436 , 141.4011,0.2702,8.5428 , 1.1212,0.3128,<LOD,1.5065,0.4679,23.7238 , 1.0625,1.2524,<LOD,0.0000,0.0000,1236.0168 , 42.0484,0.6511,<LOD,4.7465,3.4805,<LOD,0.9342,0.1922,321149.7188 , 849.2858,30.0300,17.1119 , 2.6339,3.0594,315.9142 , 1.9543,16.0989,<LOD,0.0000,0.0000,2.5495 , 0.8460,0.2860,7179.1440 , 56.5787,22.5740,5.9673 , 1.1420,0.5589,195.5114 , 15.0871,3.9719,<LOD,7.7656,0.1933,23.5739 , 0.7997,2.4209,59.2428 , 3.2059,0.6493,124.6612 , 1.4421,11.9933,7,358.700012,39.001488,-122.668396,10.000000,528713.687500,4316994.000000,
184,Mining,120.29,30.02,30.06,30.07,29.22,"Mon Apr 6, 2026 - 14:26:58",User,1.5,ppm,,,,,,Mining,,<LOD,1.5239,0.6021,134481.0156 , 2821.9121,2.8959,<LOD,1.5219,0.2306,<LOD,3.1277,0.0913,449.4616 , 22.3023,15.7323,405733.2188 , 6977.8169,<LOD,1.3932,0.1253,42481.4883 , 263.5227,51.1430,<LOD,2.2906,1.0700,<LOD,51.9864,0.8191,<LOD,58.9008,12.4580,127.6911 , 6.2853,3.2945,8.3951 , 2.9291,0.3106,35527.4844 , 189.4503,78.9920,<LOD,0.0000,0.0000,7.5362 , 2.1435,0.2631,4925.3242 , 85.2969,3.3790,37221.6992 , 4632.8911,0.1074,465.2231 , 28.4986,1.1833,<LOD,1.0593,4.0708,5.6414 , 0.6027,2.7671,<LOD,8.1426,0.2690,991.9502 , 148.3944,0.2693,7.9402 , 1.0703,0.3133,<LOD,1.3606,0.4293,18.7800 , 0.9499,1.0843,<LOD,0.0000,0.0000,13587.6855 , 118.8336,4.7945,<LOD,4.3797,3.3512,<LOD,0.8748,0.1877,316822.9375 , 868.0270,30.1531,18.2110 , 2.4506,3.0101,314.2357 , 1.8982,17.0557,<LOD,0.0000,0.0000,3.4821 , 0.7832,0.2853,6452.8657 , 51.2281,20.6929,2.4070 , 1.0601,0.5285,184.3139 , 13.7488,3.6994,<LOD,7.4797,0.1959,17.3098 , 0.7175,2.1609,36.3689 , 2.7572,0.5242,107.3010 , 1.3360,11.6208,6,386.500000,39.001465,-122.668282,10.000000,528723.687500,4316991.500000,
185,Mining,120.51,30.08,30.29,30.08,28.86,"Mon Apr 6, 2026 - 14:29:50",User,1.5,ppm,,,,,,Mining,,<LOD,1.4435,0.5971,121568.5859 , 2565.9792,2.6262,<LOD,1.5071,0.2374,<LOD,3.1662,0.0957,440.3727 , 21.1483,15.7056,431411.9375 , 6640.5249,<LOD,1.4727,0.1431,42055.4492 , 254.2957,51.1328,<LOD,2.1928,1.0888,<LOD,48.6628,0.8104,<LOD,57.5925,11.9716,115.8976 , 6.0584,3.1846,<LOD,6.2139,0.2883,33680.7070 , 174.9564,75.9358,<LOD,0.0000,0.0000,5.5492 , 2.0718,0.2493,4796.0718 , 83.2928,3.3446,43769.4961 , 4518.6753,0.1167,449.9986 , 28.3073,1.1729,<LOD,1.0632,4.2128,4.6807 , 0.5973,2.7749,<LOD,7.9165,0.2589,1006.8555 , 138.1142,0.2638,6.4154 , 1.0381,0.3004,<LOD,1.2604,0.4055,17.2191 , 0.9351,1.0607,<LOD,0.0000,0.0000,11557.7354 , 103.9213,4.1608,<LOD,4.2237,3.5108,<LOD,0.8784,0.1928,302121.0625 , 814.8849,28.5952,18.9681 , 2.3310,3.0183,309.6239 , 1.8449,17.1875,<LOD,0.0000,0.0000,3.6768 , 0.8144,0.3099,6341.3413 , 49.3217,20.5650,3.3565 , 1.0689,0.5503,155.5609 , 13.2180,3.5592,<LOD,7.3354,0.1921,16.6992 , 0.7081,2.1569,39.4115 , 2.8021,0.5522,103.3160 , 1.3090,11.5780,6,389.000000,39.001450,-122.668236,10.000000,528727.437500,4316990.000000,
186,Mining,120.78,30.10,30.23,30.26,30.19,"Mon Apr 6, 2026 - 14:33:15",User,1.5,ppm,,,,,,Mining,,<LOD,1.5328,0.5990,117982.0156 , 2599.9502,2.5492,<LOD,1.5047,0.2248,<LOD,3.2937,0.1002,440.2920 , 22.2584,15.3830,431650.5000 , 6775.9546,<LOD,1.3970,0.1243,43017.1094 , 255.3834,49.7549,<LOD,2.3111,1.0734,<LOD,48.8544,0.8152,<LOD,57.5440,11.6161,108.8167 , 6.1264,2.9474,7.7442 , 2.9010,0.3001,34301.6367 , 168.2012,73.3695,<LOD,0.0000,0.0000,7.5289 , 2.1171,0.2540,4368.1855 , 81.8183,2.9283,42458.9844 , 4483.1455,0.1134,595.1068 , 30.3847,1.3173,<LOD,1.0477,3.9213,3.8949 , 0.5885,2.5884,<LOD,8.0278,0.2618,759.9562 , 134.2718,0.2397,7.3896 , 1.0493,0.2966,<LOD,1.3605,0.4217,15.4417 , 0.9090,0.9478,<LOD,0.0000,0.0000,11040.6338 , 98.9817,3.7901,<LOD,4.3908,3.3067,<LOD,0.8958,0.1927,306554.5000 , 780.5735,27.6351,16.1316 , 2.4494,2.9477,314.2392 , 1.8170,16.4814,<LOD,0.0000,0.0000,2.7819 , 0.7687,0.2648,6037.1196 , 48.3681,18.5787,3.9957 , 1.0763,0.5385,152.2002 , 13.2777,3.2444,<LOD,7.2749,0.1824,16.0114 , 0.6933,1.9975,36.7692 , 2.7483,0.5134,100.9709 , 1.2833,10.8415,6,392.200012,39.001472,-122.668175,10.000000,528732.437500,4316992.500000,
187,Mining,120.02,30.27,30.07,30.14,29.54,"Mon Apr 6, 2026 - 14:36:20",User,1.5,ppm,,,,,,Mining,,<LOD,1.5552,0.5846,124352.6953 , 2823.8284,2.6844,<LOD,1.6518,0.2561,<LOD,3.3654,0.0932,476.8026 , 22.6275,15.1296,408669.5000 , 7296.2344,<LOD,1.4688,0.1228,45431.5391 , 277.0194,52.3651,<LOD,2.3440,1.0484,<LOD,50.9157,0.8081,<LOD,63.0816,12.9631,130.3844 , 6.7751,3.2543,9.8304 , 3.0823,0.3043,38623.1992 , 194.4489,81.6614,<LOD,0.0000,0.0000,6.3219 , 2.1887,0.2407,5691.7319 , 95.6803,3.7112,41353.8320 , 4751.8931,0.1129,603.1349 , 31.7176,1.3342,<LOD,1.1204,3.9997,5.2687 , 0.6289,2.6322,<LOD,8.6033,0.2569,1100.5315 , 148.8897,0.2795,7.3389 , 1.1081,0.2954,<LOD,1.3628,0.4004,21.2425 , 1.0282,1.1287,<LOD,0.0000,0.0000,11430.0596 , 105.4958,3.9255,<LOD,4.4252,3.1765,<LOD,0.9433,0.1932,315067.7188 , 823.7292,28.7099,22.5246 , 2.4945,2.9155,328.5955 , 1.9694,16.6854,<LOD,0.0000,0.0000,3.9672 , 0.8291,0.2825,6298.7632 , 52.6140,19.2884,3.5934 , 1.1290,0.5285,184.5134 , 14.5247,3.4931,<LOD,7.7377,0.1851,20.0485 , 0.7736,2.2097,45.8674 , 3.0333,0.5611,110.9997 , 1.3956,11.2634,6,395.200012,39.001472,-122.668205,10.000000,528729.875000,4316992.500000,
188,Mining,120.43,30.17,30.01,30.08,28.09,"Mon Apr 6, 2026 - 14:39:17",User,1.5,ppm,,,,,,Mining,,<LOD,1.4111,0.5975,130445.1562 , 2623.1367,2.8075,<LOD,1.3804,0.2299,<LOD,3.2235,0.1119,396.9663 , 20.3089,14.9731,421220.3750 , 6563.1382,<LOD,1.3234,0.1327,41291.9805 , 264.8126,53.5736,<LOD,2.0917,1.0299,<LOD,46.6927,0.7711,<LOD,58.5230,15.0407,122.8660 , 6.2474,3.4617,<LOD,6.2888,0.2941,39900.6094 , 207.8212,95.9203,<LOD,0.0000,0.0000,7.4439 , 1.9708,0.2630,5415.6338 , 89.7176,3.9463,52132.4414 , 4693.6514,0.1288,674.8619 , 29.8548,1.5939,<LOD,0.9729,4.1610,3.9968 , 0.5482,2.7712,<LOD,7.8001,0.2687,946.6309 , 139.5471,0.2777,5.4408 , 0.9496,0.2886,<LOD,1.2213,0.3983,16.8406 , 0.8596,1.0383,<LOD,0.0000,0.0000,3568.7537 , 62.0804,1.5437,<LOD,4.0347,3.3125,<LOD,0.8265,0.1912,297058.8438 , 859.7260,29.5509,18.0122 , 2.2457,2.9178,272.7630 , 1.6938,15.7015,<LOD,0.0000,0.0000,1.4525 , 0.7056,0.2544,6143.3770 , 50.3622,21.2442,<LOD,2.2357,0.5028,184.7918 , 13.6197,3.8483,<LOD,6.6424,0.1807,19.4950 , 0.6930,2.3615,53.0686 , 2.8586,0.6616,98.1992 , 1.2159,11.1682,3,402.899994,39.001373,-122.668243,10.000000,528727.187500,4316981.500000,
189,Mining,120.34,30.08,30.05,30.10,28.61,"Mon Apr 6, 2026 - 14:42:18",User,1.5,ppm,,,,,,Mining,,<LOD,1.3882,0.5916,128381.5781 , 2524.3835,2.7627,<LOD,1.4034,0.2280,<LOD,3.0586,0.0988,357.0260 , 19.9158,14.6306,443864.8750 , 6234.0532,<LOD,1.3635,0.1354,41071.8398 , 257.3302,52.3106,<LOD,2.0813,1.0465,<LOD,47.6157,0.8052,<LOD,57.4854,13.5099,131.5845 , 6.2815,3.4115,9.4026 , 2.8241,0.3254,36390.5938 , 181.3046,85.9787,<LOD,0.0000,0.0000,2.6246 , 1.8591,0.2191,5189.9624 , 88.5711,3.7208,40149.5352 , 4321.7266,0.1083,660.9317 , 30.3698,1.5367,<LOD,1.0124,4.2248,3.0282 , 0.5685,2.7686,<LOD,7.7557,0.2643,877.2687 , 137.6624,0.2667,5.0980 , 0.9650,0.2863,<LOD,1.2227,0.4095,15.5882 , 0.8851,1.0377,<LOD,0.0000,0.0000,3511.1077 , 61.2574,1.5041,<LOD,4.0013,3.3408,<LOD,0.8242,0.1854,292573.2188 , 815.7753,28.3997,15.2861 , 2.2160,2.8998,275.4138 , 1.6754,15.8357,<LOD,0.0000,0.0000,3.1958 , 0.7542,0.2930,6143.1636 , 49.1651,20.7511,4.9163 , 1.0281,0.5631,189.3716 , 13.6577,3.7650,<LOD,6.7524,0.1791,18.7786 , 0.6985,2.3183,56.7119 , 2.9717,0.6863,97.9257 , 1.2265,11.2115,5,405.799988,39.001400,-122.668030,10.000000,528745.062500,4316984.500000,
190,Mining,120.65,30.28,30.22,30.02,28.93,"Mon Apr 6, 2026 - 15:07:12",User,1.5,ppm,,,,,,Mining,,<LOD,1.5581,0.6428,84109.6797 , 2018.6857,1.8694,1.4721 , 1.2285,0.3924,<LOD,3.4411,0.1100,513.6021 , 22.5802,16.8546,403203.7812 , 5871.0308,<LOD,1.5247,0.1486,25211.2656 , 194.4772,29.2078,<LOD,2.3191,1.1204,<LOD,48.7987,0.8016,<LOD,57.3795,11.4026,116.9716 , 6.3404,3.2243,8.2753 , 2.9853,0.3180,32571.3945 , 150.3286,71.8581,<LOD,0.0000,0.0000,10.0136 , 2.2958,0.3005,9916.1191 , 116.9806,6.0685,31911.4180 , 4043.2664,0.0919,494.3288 , 29.4368,1.2161,<LOD,1.1273,4.6255,6.7611 , 0.6194,2.9005,<LOD,8.0633,0.2675,529.9629 , 121.1866,0.1890,10.2142 , 1.1424,0.3538,<LOD,1.8229,0.5001,51.2350 , 1.3335,2.3884,<LOD,0.0000,0.0000,3870.6023 , 62.1371,1.4669,<LOD,4.4531,3.5741,<LOD,0.9173,0.2001,398870.0000 , 811.1248,38.7325,19.7493 , 2.4708,3.1329,225.8937 , 1.4854,12.4939,<LOD,0.0000,0.0000,4.7688 , 0.8709,0.3563,7952.2051 , 54.3895,25.2638,4.7735 , 1.0944,0.5584,183.4716 , 14.9210,4.2677,<LOD,9.0464,0.2134,12.1561 , 0.7382,2.2149,29.7510 , 2.6813,0.4891,160.1469 , 1.4704,14.3914,8,401.600006,39.001881,-122.664146,10.000000,529081.562500,4317039.000000,
191,Mining,120.26,30.05,30.03,30.05,28.92,"Mon Apr 6, 2026 - 15:10:32",User,1.5,ppm,,,,,,Mining,,<LOD,1.5179,0.6376,68551.5859 , 1689.5188,1.5543,17.6734 , 1.6998,0.9114,<LOD,3.4844,0.1184,478.5287 , 22.2308,16.8427,435804.9688 , 5092.7480,<LOD,1.6420,0.1811,12479.5811 , 151.3804,16.2656,<LOD,2.3326,1.1959,<LOD,46.5073,0.8274,<LOD,67.1817,19.1626,115.6712 , 6.7993,3.7058,16.5863 , 3.1480,0.3760,49028.9844 , 183.9272,121.0936,<LOD,0.0000,0.0000,29.9347 , 2.7098,0.4705,9426.9912 , 123.3740,6.2894,28617.1621 , 3875.5488,0.0882,385.2348 , 26.6591,1.2293,<LOD,1.1549,5.2437,7.0831 , 0.6053,2.9953,<LOD,8.8689,0.2840,787.9976 , 126.8301,0.2392,19.4577 , 1.3226,0.5007,<LOD,1.7042,0.5082,49.1887 , 1.2835,2.3344,<LOD,0.0000,0.0000,8881.7266 , 87.5023,3.3211,<LOD,4.4173,3.6781,<LOD,0.9288,0.2173,377251.9688 , 784.1832,39.0941,14.7841 , 2.4233,3.1215,154.8440 , 1.2113,9.0560,<LOD,0.0000,0.0000,2.7562 , 0.8779,0.3487,7449.2212 , 55.1914,26.6493,<LOD,2.3305,0.5007,165.9532 , 15.4591,4.5016,<LOD,7.2322,0.1905,9.2325 , 0.7122,2.1408,27.9158 , 2.6308,0.4994,224.9174 , 1.6554,18.6202,7,411.399994,39.001839,-122.664124,10.000000,529083.750000,4317034.500000,
192,Mining,42.21,30.12,12.09,,,"Mon Apr 6, 2026 - 15:11:58",User,1.5,ppm,,,,,,Mining,,<LOD,7.5587,34.5078,,,,20.0110 , 2.0770,1.0166,<LOD,4.2541,0.1375,,,,910634.0625 , 654.4188,<LOD,1.9188,0.1925,15188.8896 , 298.7596,17.7985,<LOD,8.1122,33.2381,,,,<LOD,73.4904,19.2127,133.4241 , 13.5116,3.8978,18.3017 , 3.6294,0.3907,54039.3828 , 143.1420,122.0978,<LOD,0.0000,0.0000,41.5851 , 3.1758,0.5503,10776.6553 , 249.3404,7.2551,,,,414.5294 , 29.3121,1.2477,<LOD,1.3643,5.5254,7.5408 , 0.7148,3.1220,<LOD,10.3521,0.3233,,,,36.8915 , 1.7291,0.6674,<LOD,8.7458,41.3086,53.5457 , 1.5123,2.5452,<LOD,0.0000,0.0000,,,,<LOD,13.9340,35.7454,<LOD,1.1205,0.2520,,,,<LOD,9.7465,29.4935,180.2834 , 1.3970,10.0545,<LOD,0.0000,0.0000,3.5877 , 1.0465,0.3928,7993.4800 , 104.3605,27.8263,2.5117 , 1.2237,0.5589,173.2582 , 30.5167,4.6766,<LOD,0.0000,0.2070,10.2797 , 0.8400,2.3060,28.7601 , 2.9388,0.4935,243.0193 , 1.8295,19.7256,9,412.899994,39.001816,-122.664162,10.000000,529080.437500,4317031.500000,
193,Mining,120.21,30.01,30.07,30.12,30.01,"Mon Apr 6, 2026 - 15:14:28",User,1.5,ppm,,,,,,Mining,,<LOD,1.4920,0.6502,84915.6875 , 1882.8965,1.8954,4.3385 , 1.2410,0.4746,<LOD,3.4045,0.1212,476.4171 , 22.0579,17.4595,384733.4062 , 5545.4858,<LOD,1.5049,0.1628,25876.6094 , 207.5640,33.3138,<LOD,2.2716,1.1892,<LOD,44.9609,0.8086,<LOD,61.2594,15.7741,120.5248 , 6.5873,3.5699,11.4201 , 2.9340,0.3478,40961.4414 , 181.3640,99.3683,<LOD,0.0000,0.0000,12.0610 , 2.2332,0.3254,9938.6270 , 121.8665,6.7083,40460.9688 , 4092.1943,0.1080,499.3206 , 28.3044,1.3667,<LOD,1.6221,4.9397,5.9623 , 0.5895,2.9282,<LOD,8.2510,0.2876,548.3145 , 114.7276,0.2018,9.4237 , 1.0933,0.3640,<LOD,1.3890,0.5077,48.8102 , 1.2663,2.3996,<LOD,0.0000,0.0000,6054.3208 , 72.3894,2.3659,<LOD,4.3439,3.7297,<LOD,0.8950,0.2139,397002.6875 , 832.6965,42.6637,13.5150 , 2.3987,3.2315,239.9172 , 1.5231,13.9934,<LOD,0.0000,0.0000,3.4365 , 0.8312,0.3500,7686.3950 , 56.0234,26.9127,3.0019 , 1.0391,0.5628,171.6781 , 15.2249,4.5162,<LOD,7.2407,0.2044,11.4784 , 0.7045,2.2552,28.4677 , 2.5503,0.5002,161.7956 , 1.4617,15.4263,8,408.299988,39.001740,-122.664185,10.000000,529077.875000,4317023.000000,
194,Mining,120.47,30.23,30.13,30.11,27.91,"Mon Apr 6, 2026 - 15:17:15",User,1.5,ppm,,,,,,Mining,,<LOD,1.3959,0.6471,90791.5391 , 1959.0166,2.0119,1.4709 , 1.1168,0.3926,<LOD,3.1386,0.1101,456.5309 , 20.5374,17.3527,410742.1250 , 5367.9204,<LOD,1.3841,0.1474,24773.6074 , 189.2372,31.9385,<LOD,2.1359,1.2005,<LOD,48.3321,0.8323,<LOD,55.2902,12.8552,130.0174 , 5.9689,3.4983,4.6766 , 2.7264,0.3193,33609.7305 , 157.5279,82.3498,<LOD,0.0000,0.0000,12.0734 , 2.1661,0.3282,8691.1055 , 106.1059,5.8976,31371.8359 , 3929.3235,0.0918,526.4409 , 28.3983,1.3778,<LOD,1.0641,5.1502,6.4881 , 0.5704,3.0809,<LOD,7.6016,0.2772,675.5077 , 124.6359,0.2162,7.8804 , 1.0330,0.3482,<LOD,1.3015,0.5065,48.1409 , 1.2255,2.4400,<LOD,0.0000,0.0000,1806.6663 , 47.4782,0.8859,<LOD,4.0627,3.7362,<LOD,0.8564,0.2131,388325.6250 , 855.1599,41.1186,15.6613 , 2.2465,3.2414,199.3126 , 1.3513,12.2332,<LOD,0.0000,0.0000,3.8382 , 0.7870,0.3486,7411.4160 , 50.4592,25.8647,<LOD,2.3556,0.5265,164.3253 , 13.6249,4.3040,<LOD,6.9585,0.2014,10.9925 , 0.6864,2.3087,32.7661 , 2.5747,0.5435,180.2348 , 1.4849,17.0429,7,411.399994,39.001789,-122.664200,10.000000,529076.500000,4317028.500000,
195,Mining,120.49,30.22,30.06,30.07,30.14,"Mon Apr 6, 2026 - 15:20:21",User,1.5,ppm,,,,,,Mining,,<LOD,1.5207,0.6558,94629.1094 , 1994.5332,2.0852,2.0629 , 1.1772,0.3995,<LOD,3.1924,0.1024,452.2549 , 21.9427,16.7031,405016.4062 , 5606.5269,<LOD,1.5049,0.1575,28068.4766 , 202.4417,34.2209,<LOD,2.2616,1.1382,<LOD,45.1287,0.7953,<LOD,57.9032,12.9566,115.3973 , 6.1339,3.2874,8.0981 , 2.8834,0.3222,35903.7500 , 160.3207,82.8199,<LOD,0.0000,0.0000,9.9909 , 2.2164,0.3034,8578.7891 , 107.7695,5.5669,34549.8477 , 3879.0813,0.0969,492.1258 , 28.3725,1.2650,<LOD,1.0916,4.7256,5.8201 , 0.5903,2.8626,<LOD,7.9834,0.2742,605.3615 , 112.6530,0.1931,8.7985 , 1.0696,0.3362,<LOD,1.3468,0.4593,46.4239 , 1.2352,2.2195,<LOD,0.0000,0.0000,1756.1233 , 44.0436,0.8386,<LOD,4.3772,3.7000,<LOD,0.8637,0.1934,381791.3750 , 790.0509,38.2155,17.4762 , 2.4191,3.2017,213.1790 , 1.4154,12.1536,<LOD,0.0000,0.0000,<LOD,1.7516,0.2935,7322.0806 , 51.2931,24.2411,2.2029 , 1.0065,0.5093,179.0336 , 14.1411,4.1453,<LOD,8.6631,0.2179,12.9348 , 0.7154,2.2626,32.7457 , 2.6494,0.5186,180.1199 , 1.5064,15.9916,8,413.200012,39.001816,-122.664154,10.000000,529080.812500,4317031.500000,
196,Mining,120.35,30.03,30.07,30.09,28.36,"Mon Apr 6, 2026 - 15:23:00",User,1.5,ppm,,,,,,Mining,,<LOD,1.4458,0.6358,116818.9062 , 2342.4902,2.5395,4.9177 , 1.2119,0.4863,<LOD,3.0523,0.1028,420.8064 , 21.0443,16.3820,396595.7188 , 6110.0171,<LOD,1.3843,0.1458,19233.7109 , 182.3632,24.3771,<LOD,2.1923,1.1548,<LOD,48.1043,0.8116,<LOD,57.7245,14.5309,117.7244 , 6.4324,3.4325,10.0127 , 2.8152,0.3377,38418.3516 , 184.2687,93.0305,<LOD,0.0000,0.0000,19.2716 , 2.3288,0.3830,8664.7041 , 115.6796,5.7459,41365.3086 , 4247.4658,0.1095,474.1921 , 27.0336,1.2953,<LOD,1.0862,5.1947,6.2794 , 0.5708,2.9525,<LOD,7.8168,0.2767,632.8280 , 117.3251,0.1908,9.2553 , 1.0474,0.3547,<LOD,1.3130,0.4703,45.9233 , 1.1928,2.2613,<LOD,0.0000,0.0000,1511.5891 , 44.6607,0.7738,<LOD,4.1863,3.6242,<LOD,0.8234,0.1932,367821.6562 , 883.3511,37.1468,18.1894 , 2.3269,3.1859,164.7361 , 1.2324,9.8535,<LOD,0.0000,0.0000,3.1079 , 0.7688,0.3197,7218.6636 , 54.6994,25.0350,2.0515 , 0.9555,0.5015,161.1528 , 14.6583,4.2012,<LOD,7.0026,0.2020,11.1921 , 0.6779,2.2249,22.7598 , 2.3786,0.4590,226.9644 , 1.6686,19.3810,9,412.299988,39.001789,-122.664146,10.000000,529081.750000,4317029.000000,
197,Mining,120.35,30.07,30.06,30.07,30.15,"Mon Apr 6, 2026 - 15:26:34",User,1.5,ppm,,,,,,Mining,,<LOD,1.5145,0.6530,105348.9688 , 2265.2832,2.3050,<LOD,1.8673,0.3568,<LOD,3.3387,0.1075,472.1677 , 22.0282,16.9742,387189.3438 , 6256.1704,<LOD,1.5208,0.1539,35609.9453 , 235.6847,43.5663,<LOD,2.2595,1.1420,<LOD,48.1336,0.8149,<LOD,57.3712,11.8610,128.7093 , 6.2167,3.2865,9.5521 , 2.9671,0.3275,32478.2617 , 167.1394,74.3344,<LOD,0.0000,0.0000,8.7964 , 2.1833,0.2842,8952.6826 , 110.8089,5.8568,42004.4609 , 4305.7959,0.1099,518.7338 , 29.7054,1.2874,<LOD,1.1995,4.6050,6.6647 , 0.6099,2.9271,<LOD,7.9913,0.2719,612.3470 , 118.2706,0.1930,9.3427 , 1.1090,0.3469,<LOD,1.3672,0.4766,47.2319 , 1.2848,2.2832,<LOD,0.0000,0.0000,2627.7739 , 53.5885,1.1339,<LOD,4.3445,3.6429,<LOD,0.9130,0.2097,376204.9375 , 863.0208,37.9980,20.3734 , 2.4257,3.2485,257.8867 , 1.6473,14.7075,<LOD,0.0000,0.0000,2.1054 , 0.8257,0.3145,7137.7329 , 52.2275,23.2922,2.6249 , 1.0633,0.5484,161.0393 , 13.9531,3.9049,<LOD,7.3508,0.1944,13.6908 , 0.7391,2.3187,34.6844 , 2.7351,0.5306,139.9344 , 1.4316,13.7969,8,407.500000,39.001652,-122.664116,10.000000,529084.250000,4317013.500000,
198,Mining,120.53,30.22,30.05,30.18,28.88,"Mon Apr 6, 2026 - 15:29:22",User,1.5,ppm,,,,,,Mining,,<LOD,1.4686,0.6385,86377.0391 , 1956.5884,1.9139,6.7597 , 1.2739,0.5296,<LOD,3.3016,0.1159,446.6488 , 21.1465,16.2566,430251.2812 , 5509.7891,<LOD,1.4517,0.1542,23815.6484 , 191.3253,30.4877,<LOD,2.1679,1.0900,<LOD,46.3560,0.8138,<LOD,60.8597,15.9163,111.4703 , 6.0676,3.3259,6.1671 , 2.7801,0.3161,41612.3047 , 178.5165,101.1120,<LOD,0.0000,0.0000,11.7759 , 2.1641,0.3116,8419.2119 , 108.7768,5.6931,38367.3828 , 4131.1807,0.1039,429.9790 , 26.6796,1.2448,<LOD,1.0541,4.7627,5.9769 , 0.5701,2.9055,<LOD,8.1119,0.2751,521.7309 , 115.7390,0.1933,9.0669 , 1.0610,0.3481,<LOD,1.2912,0.4403,44.2055 , 1.1869,2.1579,<LOD,0.0000,0.0000,5064.5278 , 68.5628,2.0134,<LOD,4.1676,3.4646,<LOD,0.8479,0.1930,357047.9688 , 811.8661,36.4821,15.8937 , 2.3179,3.0584,180.0957 , 1.2862,10.6064,<LOD,0.0000,0.0000,<LOD,1.8836,0.2916,6903.0889 , 50.1456,24.0207,<LOD,1.9499,0.4745,153.2940 , 13.7638,4.0266,<LOD,6.8398,0.1844,9.3603 , 0.6696,2.0705,27.3422 , 2.4994,0.4870,161.7998 , 1.4133,14.7623,10,412.399994,39.001808,-122.664139,10.000000,529081.875000,4317031.000000,
199,Mining,120.41,30.10,30.06,30.08,28.06,"Mon Apr 6, 2026 - 15:32:00",User,1.5,ppm,,,,,,Mining,,<LOD,1.5329,0.6327,77171.2734 , 1863.4700,1.7273,4.3108 , 1.3190,0.4748,<LOD,3.4314,0.1093,488.4513 , 22.3509,16.6484,430148.2812 , 5425.0737,<LOD,1.5726,0.1579,20918.7285 , 184.4488,25.5077,<LOD,2.2793,1.0963,<LOD,48.3710,0.8322,<LOD,63.2964,14.9908,118.0151 , 6.5532,3.4147,11.3640 , 3.0715,0.3383,41126.0312 , 168.3310,95.4997,<LOD,0.0000,0.0000,12.2420 , 2.3203,0.3124,9388.1172 , 118.6125,6.0099,27680.2617 , 3921.6912,0.0861,502.2753 , 29.3494,1.3128,<LOD,1.1503,4.8356,7.2185 , 0.6259,2.9693,<LOD,8.4679,0.2646,619.1086 , 122.8542,0.2059,10.9964 , 1.1655,0.3683,<LOD,1.4037,0.4765,49.0587 , 1.3056,2.2971,<LOD,0.0000,0.0000,7288.7588 , 81.1423,2.6608,<LOD,4.4268,3.5903,<LOD,0.9029,0.1930,376259.6250 , 789.1633,37.3724,15.8748 , 2.4389,3.0843,189.7709 , 1.3584,10.6920,<LOD,0.0000,0.0000,2.4540 , 0.8525,0.3198,7573.6499 , 54.1401,25.3666,2.9500 , 1.0499,0.5100,177.5813 , 15.1335,4.3082,<LOD,7.5090,0.1951,12.1590 , 0.7412,2.2269,36.4946 , 2.8127,0.5406,184.9818 , 1.5480,15.8361,9,411.600006,39.001823,-122.664131,10.000000,529082.687500,4317032.500000,
200,Mining,120.49,30.08,30.11,30.21,27.98,"Mon Apr 6, 2026 - 15:34:59",User,1.5,ppm,,,,,,Mining,,<LOD,1.4809,0.6244,137627.7188 , 2754.2778,2.9589,<LOD,1.6442,0.3123,<LOD,3.2034,0.1012,472.5908 , 21.7575,16.4913,386252.0625 , 6893.3452,<LOD,1.4570,0.1442,39458.9883 , 253.0962,47.3180,<LOD,2.2394,1.1264,<LOD,50.2107,0.8055,<LOD,55.9380,11.5417,127.8769 , 6.1482,3.1962,9.4776 , 2.8991,0.3195,32888.5312 , 179.0642,73.2659,<LOD,0.0000,0.0000,10.3401 , 2.1954,0.2933,8601.5596 , 107.8243,5.5467,40763.5352 , 4482.0459,0.1094,488.8038 , 28.4928,1.2132,<LOD,1.3360,4.3091,6.6153 , 0.5823,2.8110,<LOD,7.8449,0.2698,880.1186 , 136.2155,0.2392,9.0091 , 1.0736,0.3318,<LOD,1.3547,0.4691,42.6860 , 1.2025,2.0156,<LOD,0.0000,0.0000,4873.0464 , 71.7781,1.8693,<LOD,4.2830,3.5465,<LOD,0.8694,0.1926,340051.4375 , 882.2106,32.7239,13.1988 , 2.3587,3.0455,276.7492 , 1.7323,15.2913,<LOD,0.0000,0.0000,2.8481 , 0.8044,0.3106,6801.3848 , 51.9488,21.6600,<LOD,2.0058,0.5096,175.8780 , 13.7101,3.7492,<LOD,7.3976,0.2016,14.4481 , 0.7192,2.2452,31.1521 , 2.6152,0.4951,119.9322 , 1.3457,12.2399,9,409.000000,39.001808,-122.664101,10.000000,529085.312500,4317031.000000,
201,Mining,124.28,34.02,30.16,30.08,30.02,"Mon Apr 6, 2026 - 15:37:46",User,1.5,ppm,,,,,,Mining,,<LOD,2.3806,0.5848,381153.8750 , 2165.5771,2.9193,<LOD,0.0801,0.0012,<LOD,0.1276,0.0002,1047.9246 , 41.3548,16.4507,1821.8994,,<LOD,0.0788,0.0005,76371.6016 , 1266.7609,47.1375,<LOD,3.6672,1.0990,<LOD,85.5498,0.8090,46.6101 , 3.5794,0.0911,219.6499 , 13.3858,3.2224,<LOD,1.2745,0.0298,<LOD,11.0502,0.1664,<LOD,0.0000,0.0000,<LOD,0.4132,0.0034,14179.9512 , 287.7084,5.7388,76567.6797 , 5781.5977,0.1019,434.0834 , 26.8460,0.7168,<LOD,0.0037,-0.0000,<LOD,0.0032,-0.0000,9.7664 , 1.9553,0.0653,1370.7931 , 217.6816,0.2089,<LOD,0.0361,0.0002,<LOD,2.2394,0.4660,<LOD,0.0078,-0.0001,<LOD,0.0000,0.0000,5405.9219 , 134.1796,1.4821,<LOD,7.0524,3.5324,<LOD,0.0589,0.0008,429262.6250 , 3670.4678,33.1092,28.8764 , 3.9142,3.0947,<LOD,0.0068,0.0001,<LOD,0.0000,0.0000,<LOD,0.0396,0.0000,11771.9092 , 257.9070,22.4089,<LOD,0.0315,0.0001,306.7771 , 28.7042,3.8638,<LOD,1.6599,0.0107,<LOD,0.0020,-0.0000,<LOD,0.6714,0.0158,<LOD,0.0070,0.0001,8,414.200012,39.001728,-122.664108,10.000000,529084.750000,4317022.000000,
202,Mining,120.43,30.00,30.04,30.29,30.10,"Mon Apr 6, 2026 - 15:43:53",User,1.5,ppm,,,,,,Mining,,<LOD,1.5284,0.6277,131508.8438 , 2590.9895,2.8325,<LOD,1.7393,0.3228,<LOD,3.3209,0.1007,505.5633 , 22.5586,16.8741,384771.9688 , 6757.2583,<LOD,1.5885,0.1588,39867.5195 , 248.9096,46.8246,<LOD,2.3073,1.1269,<LOD,48.3175,0.8060,<LOD,56.9785,10.9885,130.1285 , 6.2729,3.1890,5.9381 , 2.9218,0.3001,31925.4297 , 167.8872,69.5120,<LOD,0.0000,0.0000,5.5825 , 2.1102,0.2467,8823.5547 , 109.5731,5.5820,38147.4062 , 4212.7104,0.1035,532.1417 , 30.1934,1.2514,1.1584 , 0.7410,4.3968,6.9085 , 0.6182,2.8303,<LOD,8.1915,0.2814,766.5198 , 125.5648,0.2179,10.1706 , 1.1374,0.3449,<LOD,1.3779,0.4570,45.4084 , 1.2798,2.1209,<LOD,0.0000,0.0000,2721.9563 , 53.7320,1.1261,<LOD,4.4326,3.5889,<LOD,0.8945,0.1884,352400.1250 , 834.4467,33.5105,16.9211 , 2.4536,3.1285,297.3691 , 1.8082,16.0923,<LOD,0.0000,0.0000,3.1633 , 0.8714,0.3352,7155.7476 , 52.8929,22.3254,2.8898 , 1.0925,0.5484,173.4688 , 14.0995,3.8096,<LOD,7.4627,0.1894,15.1060 , 0.7541,2.2849,32.9617 , 2.7266,0.4985,126.0708 , 1.4077,12.6399,6,409.600006,39.001869,-122.664192,10.000000,529077.625000,4317037.500000,
203,Mining,122.82,32.55,30.01,30.12,30.14,"Mon Apr 6, 2026 - 15:47:12",User,1.5,ppm,,,,,,Mining,,<LOD,1.4900,0.6095,71804.1953 , 1651.1027,1.6117,8.8427 , 1.4039,0.5845,<LOD,3.2889,0.1023,427.7157 , 21.6069,15.6561,476271.8125 , 4691.3677,<LOD,1.4028,0.1283,15006.9639 , 151.8399,18.2504,<LOD,2.2791,1.1303,<LOD,45.4457,0.8052,<LOD,63.5761,15.9947,87.3086 , 5.9205,3.0374,12.4315 , 3.0515,0.3420,44823.7148 , 157.8577,104.7890,<LOD,0.0000,0.0000,49.1188 , 3.0540,0.5975,7301.0317 , 103.1290,4.6873,16918.0488 , 3366.7671,0.0683,208.1859 , 23.5803,0.8940,<LOD,1.0978,4.6354,5.3933 , 0.5872,2.7625,<LOD,8.3772,0.2509,755.8627 , 121.1750,0.2212,10.9464 , 1.1485,0.3662,<LOD,1.3314,0.4355,40.9654 , 1.1714,1.8811,<LOD,0.0000,0.0000,7759.0776 , 79.2033,2.7936,<LOD,4.3413,3.5330,<LOD,0.8786,0.1894,352063.2188 , 710.1578,33.5453,18.4244 , 2.3980,3.0496,144.9019 , 1.1535,8.2367,<LOD,0.0000,0.0000,3.6345 , 0.7895,0.2925,5936.8359 , 45.4239,19.9895,<LOD,1.4692,0.4422,147.3769 , 13.0921,3.4863,<LOD,6.8483,0.1655,7.8470 , 0.6742,1.8822,14.0938 , 2.3685,0.3914,172.0492 , 1.4335,14.3979,6,409.799988,39.001923,-122.663940,10.000000,529099.125000,4317043.500000,
204,Mining,120.60,30.28,30.12,30.05,29.25,"Mon Apr 6, 2026 - 15:50:29",User,1.5,ppm,,,,,,Mining,,<LOD,1.3286,0.6146,125502.8906 , 2232.4673,2.7141,<LOD,1.4761,0.2833,<LOD,2.8433,0.0948,385.8912 , 19.5545,16.2454,430000.6562 , 5559.6616,<LOD,1.3727,0.1526,37917.6133 , 239.4330,50.3747,<LOD,2.0646,1.1809,<LOD,45.6850,0.8139,<LOD,53.5456,12.5329,114.9559 , 5.8716,3.3379,7.9411 , 2.7376,0.3392,32259.4004 , 161.5992,80.0442,<LOD,0.0000,0.0000,3.3437 , 1.8461,0.2422,8208.8516 , 103.8187,5.8484,32901.8828 , 3876.4185,0.0969,541.6080 , 28.2099,1.4121,<LOD,1.0031,4.6211,4.3424 , 0.5591,2.9841,<LOD,7.3996,0.2811,763.2449 , 122.6191,0.2338,8.0273 , 1.0075,0.3487,<LOD,1.1888,0.4402,40.4250 , 1.1473,2.1823,<LOD,0.0000,0.0000,3127.0852 , 56.5937,1.4122,<LOD,3.9184,3.6611,<LOD,0.7849,0.1886,320962.8750 , 818.2922,33.4708,13.9236 , 2.1578,3.1301,279.0301 , 1.6397,17.2024,<LOD,0.0000,0.0000,2.5135 , 0.7597,0.3315,6607.1187 , 48.7834,23.2811,3.2536 , 1.0065,0.6010,179.5596 , 13.3315,4.0616,<LOD,6.5967,0.1901,13.6194 , 0.6830,2.4203,38.4894 , 2.6112,0.5885,111.4611 , 1.2550,13.0668,6,410.200012,39.001774,-122.664154,10.000000,529080.875000,4317027.000000,
205,Mining,120.68,30.27,30.12,30.10,28.69,"Mon Apr 6, 2026 - 15:53:23",User,1.5,ppm,,,,,,Mining,,<LOD,1.4578,0.6314,102427.5938 , 1994.0883,2.2387,<LOD,1.5614,0.3208,<LOD,2.9976,0.0972,408.5966 , 20.9538,15.7914,449155.3125 , 5151.7896,<LOD,1.3414,0.1343,27932.8555 , 202.3625,37.1849,<LOD,2.1770,1.1068,<LOD,44.0937,0.7990,<LOD,63.5880,18.8188,113.1535 , 6.0518,3.5192,8.7600 , 2.8141,0.3333,48191.7188 , 191.0953,121.0889,<LOD,0.0000,0.0000,9.5438 , 2.0515,0.2856,7626.9883 , 102.4876,5.4342,27827.2598 , 3736.1460,0.0864,398.5760 , 25.7541,1.2615,<LOD,1.0087,4.4011,4.5174 , 0.5587,2.8273,<LOD,8.2270,0.2638,551.7593 , 110.7023,0.1942,5.6034 , 0.9905,0.3095,<LOD,1.3090,0.4561,41.6516 , 1.1482,2.0484,<LOD,0.0000,0.0000,2150.4993 , 47.8593,1.0493,<LOD,4.1739,3.4957,<LOD,0.8112,0.1844,326104.7500 , 767.0525,33.7321,18.7038 , 2.3265,3.0973,226.2499 , 1.4387,13.2350,<LOD,0.0000,0.0000,2.9947 , 0.7530,0.3023,6468.9751 , 48.0024,23.4160,<LOD,1.4151,0.4799,166.5624 , 13.4520,4.0740,<LOD,6.6002,0.1760,11.4375 , 0.6768,2.1682,30.1536 , 2.5199,0.5088,115.7746 , 1.2493,12.0646,7,411.600006,39.001663,-122.664276,10.000000,529070.500000,4317015.000000,
206,Mining,30.05,30.05,,,,"Mon Apr 6, 2026 - 16:13:45",User,1.5,ppm,,,,,,Mining,,122306.9688 , 469.8607,281.0862,,,,<LOD,36.1765,0.1275,265.6265 , 80.9603,0.1409,,,,130744.5547,,65.6653 , 27.2136,0.1171,,,,426.6347 , 158.0568,1.7730,,,,<LOD,845.1335,23.9556,9916.3604 , 272.2497,2.0729,1613.0929 , 104.7166,0.5044,710845.5000 , 775.9933,159.9345,<LOD,0.0000,0.0000,<LOD,239.0522,0.5351,,,,,,,1906.1250 , 228.2265,1.1328,1580.7128 , 22.5075,4.3606,<LOD,11.4527,0.2920,3069.8704 , 198.7191,0.4737,,,,<LOD,38.4257,0.1625,210.0209 , 59.5935,3.1271,<LOD,20.0908,0.1365,<LOD,0.0000,0.0000,,,,1283.9062 , 143.3674,0.7761,<LOD,37.2098,0.2688,,,,2749.7434 , 226.3374,39.8220,14.0587 , 5.3901,0.1680,<LOD,0.0000,0.0000,<LOD,34.9783,0.1222,1340.1283 , 329.6651,0.3509,55.7147 , 17.4438,0.1243,304.2740 , 185.1788,0.2986,11224.1025 , 299.7811,0.9266,<LOD,12.6228,0.2220,<LOD,87.1907,0.2291,76.9463 , 7.9535,0.3855,3,430.299988,39.000862,-122.662964,10.000000,529184.125000,4316926.500000,
207,Mining,30.08,30.08,,,,"Mon Apr 6, 2026 - 16:27:11",User,1.5,ppm,,,,,,Mining,,146639.7344 , 573.3482,326.5566,,,,<LOD,39.0216,0.1329,328.2361 , 84.8772,0.1523,,,,142099.6875,,75.0596 , 29.1053,0.1315,,,,559.0172 , 207.0820,1.9446,,,,<LOD,886.2379,21.0252,11137.8936 , 316.6601,2.0446,1391.6587 , 103.6497,0.4825,675130.7500 , 817.5223,141.5388,<LOD,0.0000,0.0000,<LOD,207.2763,0.4940,,,,,,,1900.7034 , 249.1661,1.0794,1565.2332 , 22.9823,4.4439,<LOD,20.2359,0.3574,2866.8323 , 191.9571,0.4406,,,,65.5208 , 25.9019,0.1804,290.9839 , 65.4483,3.5078,<LOD,22.3507,0.1582,<LOD,0.0000,0.0000,,,,<LOD,252.1003,0.6789,<LOD,38.6591,0.2773,,,,3583.5156 , 258.8546,45.9815,16.4219 , 5.7206,0.1874,<LOD,0.0000,0.0000,<LOD,37.2879,0.1386,1788.3434 , 393.1101,0.3663,89.7200 , 19.2625,0.1559,679.9266 , 228.2919,0.3337,9707.9746 , 290.0756,0.8426,<LOD,20.3508,0.2586,<LOD,91.2807,0.2407,82.7387 , 8.3957,0.4203,6,431.399994,39.000763,-122.662949,10.000000,529185.500000,4316915.500000,
218,Mining,30.05,28.25,,,,"Tue Apr 7, 2026 - 08:37:41",User,1.5,ppm,,,,,,Mining,,507.3636 , 430.9966,12.3094,,,,<LOD,17.8442,0.2280,<LOD,27.7671,0.0657,,,,119629.7422 , 15667.3193,<LOD,13.1054,0.1060,,,,<LOD,33.4223,4.9040,,,,<LOD,484.2160,237.8445,8774.2041 , 108.9114,23.0955,1687.6642 , 64.0069,1.6516,860729.0000 , 623.4686,1608.8950,<LOD,0.0000,0.0000,<LOD,39.4048,0.1506,,,,,,,2804.6433 , 124.3894,11.2282,4155.0430 , 25.4235,51.3327,<LOD,5.0912,0.7871,1478.1104 , 153.9062,0.9083,,,,81.7891 , 15.0264,0.5909,<LOD,35.2887,6.0070,<LOD,2.7105,-0.0306,<LOD,0.0000,0.0000,,,,<LOD,59.6800,5.9076,<LOD,6.4513,0.0878,,,,82.4978 , 29.6242,6.7117,<LOD,3.2988,0.1817,<LOD,0.0000,0.0000,<LOD,19.3570,-1.1931,<LOD,319.9709,1.4733,<LOD,3.7515,-0.0320,69.9522 , 52.2295,1.5864,<LOD,72.6258,0.1612,<LOD,4.2700,0.2786,<LOD,23.6807,0.1781,<LOD,3.3848,0.4349,7,429.299988,39.000740,-122.663010,10.000000,529180.125000,4316912.500000,
219,Mining,120.33,30.08,30.10,30.12,30.03,"Tue Apr 7, 2026 - 09:43:17",User,1.5,ppm,,,,,,Mining,,<LOD,0.9510,0.9804,8871.8574 , 415.0182,0.3610,8.7471 , 0.8495,0.7516,<LOD,2.1663,0.1436,327.9921 , 13.7807,26.2160,553699.4375 , 2100.9729,<LOD,0.9543,0.1907,<LOD,17.4475,0.3627,<LOD,1.5050,1.9770,<LOD,25.5382,0.5140,<LOD,7.9208,0.5339,11.1375 , 2.6475,2.1303,<LOD,2.7441,0.3731,394.2924 , 14.8888,2.0360,<LOD,0.0000,0.0000,<LOD,1.9401,0.3014,<LOD,22.2010,0.2626,3751.6794 , 1597.2611,0.0424,<LOD,15.9938,0.3495,<LOD,0.7800,8.1176,7.0687 , 0.4264,5.0970,<LOD,3.7503,0.2728,233.3936 , 64.3424,0.1202,<LOD,0.8608,0.3338,<LOD,0.8893,0.7683,1.6680 , 0.4008,0.5670,<LOD,0.0000,0.0000,517.2148 , 24.3602,0.4938,<LOD,4.2821,6.2408,<LOD,0.5961,0.2840,424250.4375 , 567.5115,60.5628,<LOD,3.4625,4.8190,19.0864 , 0.3602,2.7809,<LOD,0.0000,0.0000,<LOD,0.8342,0.3109,7669.8643 , 30.2794,37.8704,<LOD,0.8006,0.4497,87.6905 , 8.1588,5.5303,<LOD,4.6829,0.2416,<LOD,0.5163,1.6868,<LOD,1.5362,0.2220,148.4036 , 0.9504,22.4010,5,408.100006,39.001949,-122.664192,10.000000,529077.187500,4317046.500000,
220,Mining,120.34,30.16,30.05,30.05,27.98,"Tue Apr 7, 2026 - 09:46:06",User,1.5,ppm,,,,,,Mining,,<LOD,0.9420,0.9869,9609.8770 , 447.4253,0.3755,9.9178 , 0.8784,0.8183,<LOD,2.0113,0.1240,307.9437 , 13.4167,25.3734,560293.2500 , 2139.6748,<LOD,0.9634,0.1951,17.4105 , 12.2431,0.3906,<LOD,1.4605,1.9000,<LOD,27.0911,0.5183,<LOD,7.5480,0.4854,10.7384 , 2.7212,2.1652,<LOD,2.6484,0.3485,342.9894 , 14.2819,1.8762,<LOD,0.0000,0.0000,<LOD,1.8558,0.2785,<LOD,23.6020,0.2833,4266.7905 , 1708.4268,0.0436,<LOD,16.2243,0.3612,<LOD,0.7774,8.1342,6.2295 , 0.4219,5.0191,<LOD,3.8270,0.2870,190.5218 , 68.7002,0.1214,<LOD,0.8596,0.3354,<LOD,0.8703,0.7529,1.7660 , 0.3926,0.5537,<LOD,0.0000,0.0000,495.3778 , 25.3612,0.4811,<LOD,2.8530,5.9916,<LOD,0.5636,0.2566,416524.5000 , 604.8088,59.8484,<LOD,3.3489,4.6943,17.6554 , 0.3520,2.6646,<LOD,0.0000,0.0000,<LOD,0.6991,0.2802,7665.6211 , 31.3501,38.4646,<LOD,0.7726,0.4205,95.1634 , 8.4235,5.6815,<LOD,4.4111,0.2146,<LOD,0.5088,1.6452,<LOD,1.5115,0.2160,144.2545 , 0.9443,22.1326,5,409.299988,39.001797,-122.664093,10.000000,529085.750000,4317029.500000,
221,Mining,120.31,30.08,30.03,30.11,28.59,"Tue Apr 7, 2026 - 09:48:47",User,1.5,ppm,,,,,,Mining,,<LOD,0.9427,0.9997,10091.1270 , 446.8659,0.3880,9.4394 , 0.8485,0.7912,<LOD,2.0860,0.1397,302.6007 , 13.4379,25.5932,557243.9375 , 2380.4377,<LOD,0.9295,0.1890,<LOD,17.5451,0.3494,<LOD,1.4723,1.9584,<LOD,26.9140,0.5221,<LOD,8.6943,0.6672,13.2098 , 2.7349,2.1970,<LOD,2.6629,0.3672,611.6215 , 17.1935,2.8438,<LOD,0.0000,0.0000,<LOD,1.8563,0.3388,<LOD,23.3205,0.2711,<LOD,3260.8180,0.0390,<LOD,15.8353,0.3590,<LOD,0.7566,7.9817,6.7970 , 0.4180,5.1258,<LOD,3.8108,0.2963,223.1530 , 68.9998,0.1255,<LOD,0.8387,0.3315,<LOD,0.8646,0.7510,1.2898 , 0.3889,0.5476,<LOD,0.0000,0.0000,415.1570 , 24.5228,0.4528,<LOD,2.7631,6.0346,<LOD,0.5548,0.2605,421667.0000 , 658.0755,61.0787,<LOD,3.1327,4.7634,17.3718 , 0.3436,2.6384,<LOD,0.0000,0.0000,<LOD,1.0182,0.3223,7810.4644 , 32.6370,39.2990,<LOD,0.7905,0.4593,81.5228 , 8.4195,5.6848,<LOD,0.0000,0.2303,<LOD,0.4978,1.6370,<LOD,1.4584,0.2138,142.2088 , 0.9293,21.8902,7,402.700012,39.001904,-122.664116,10.000000,529084.000000,4317041.500000,
222,Mining,120.52,30.06,30.30,30.10,29.17,"Tue Apr 7, 2026 - 09:51:53",User,1.5,ppm,,,,,,Mining,,<LOD,0.9265,0.9563,8710.8301 , 421.4948,0.3539,6.5544 , 0.7670,0.6375,<LOD,1.9858,0.1269,258.0894 , 13.1855,24.1490,581000.8125 , 1910.8114,<LOD,0.9229,0.1872,<LOD,15.9170,0.2960,<LOD,1.4696,1.9419,<LOD,27.3707,0.5523,<LOD,7.5022,0.5035,16.0270 , 2.7191,2.2528,<LOD,2.6001,0.3512,329.9055 , 13.8298,1.8385,<LOD,0.0000,0.0000,<LOD,1.7887,0.2731,<LOD,22.2008,0.2325,<LOD,2170.8148,0.0308,<LOD,15.1459,0.3282,<LOD,0.7515,7.9783,5.1744 , 0.4085,4.9288,<LOD,3.6676,0.2750,186.7824 , 67.5024,0.1213,<LOD,0.7901,0.2955,<LOD,0.8313,0.6850,<LOD,0.5889,0.4305,<LOD,0.0000,0.0000,518.4144 , 25.4493,0.5032,<LOD,2.7221,5.7756,<LOD,0.5299,0.2325,401125.9688 , 569.4373,57.2590,<LOD,3.5500,4.6685,17.0796 , 0.3417,2.6275,<LOD,0.0000,0.0000,<LOD,0.6727,0.2736,7605.6631 , 30.4521,38.5114,<LOD,0.7600,0.4260,87.6467 , 8.2696,5.6429,<LOD,4.1239,0.1958,<LOD,0.4835,1.5658,<LOD,1.4301,0.2020,131.0794 , 0.8861,20.5737,6,405.799988,39.001873,-122.664200,10.000000,529076.937500,4317038.000000,
223,Mining,120.20,30.11,30.00,30.08,30.01,"Tue Apr 7, 2026 - 09:58:22",User,1.5,ppm,,,,,,Mining,,<LOD,0.9324,0.9750,10339.6475 , 439.2911,0.3874,6.8212 , 0.7787,0.6466,<LOD,2.0015,0.1269,274.5259 , 13.0586,23.9582,568513.0000 , 2110.5645,<LOD,0.8772,0.1666,240.4016 , 16.3321,0.7201,<LOD,1.4671,1.9510,<LOD,27.1925,0.5682,<LOD,7.0494,0.4381,16.6285 , 2.7563,2.2261,<LOD,2.6200,0.3517,268.3913 , 12.9775,1.5935,<LOD,0.0000,0.0000,<LOD,1.7581,0.2559,<LOD,22.9108,0.2437,7076.9292 , 1736.9849,0.0491,<LOD,15.1352,0.3224,<LOD,0.7520,7.8480,5.3911 , 0.4099,4.8909,<LOD,3.6411,0.2676,182.7655 , 68.3979,0.1288,<LOD,0.8066,0.3036,<LOD,0.8323,0.6903,<LOD,0.6897,0.4392,<LOD,0.0000,0.0000,773.7343 , 27.4784,0.6202,<LOD,2.7009,5.7417,<LOD,0.5473,0.2471,404325.3438 , 587.0754,57.1621,<LOD,3.4665,4.5500,16.3766 , 0.3368,2.5148,<LOD,0.0000,0.0000,<LOD,0.6615,0.2755,7734.1777 , 31.5103,38.5829,<LOD,0.7645,0.4254,84.9167 , 8.4089,5.6155,<LOD,4.2404,0.2044,<LOD,0.4931,1.6071,<LOD,1.4443,0.2031,140.9461 , 0.9184,21.5780,6,408.299988,39.001892,-122.664238,10.000000,529073.437500,4317040.000000,
224,Mining,120.18,30.00,30.02,30.12,29.74,"Tue Apr 7, 2026 - 10:16:45",User,1.5,ppm,,,,,,Mining,,<LOD,0.9191,0.8700,9761.5352 , 431.4287,0.3644,5.6431 , 0.7750,0.5784,<LOD,2.0967,0.1284,250.5374 , 13.1607,22.2391,599110.8750 , 1984.9241,<LOD,0.9165,0.1674,879.5774 , 26.1205,1.7823,<LOD,1.4740,1.8115,<LOD,28.8122,0.6084,<LOD,10.8280,0.9252,18.2252 , 2.7794,2.2032,<LOD,2.5917,0.3163,1267.1691 , 23.7174,4.9942,<LOD,0.0000,0.0000,<LOD,2.8481,0.3227,83.0222 , 19.3674,0.4232,<LOD,2359.1761,0.0359,<LOD,16.2614,0.3479,<LOD,0.7631,7.4244,5.3874 , 0.4224,4.7775,<LOD,3.9766,0.2891,164.9076 , 70.4898,0.1291,<LOD,0.8327,0.2977,<LOD,0.8312,0.6342,0.8765 , 0.3815,0.4705,<LOD,0.0000,0.0000,1053.0636 , 30.4960,0.7348,<LOD,2.9340,5.5120,<LOD,0.5526,0.2275,380224.7188 , 566.6854,50.8284,3.7492 , 1.4733,4.3281,16.9097 , 0.3497,2.4931,<LOD,0.0000,0.0000,<LOD,0.6893,0.2735,6932.9546 , 29.7274,33.5246,<LOD,0.7908,0.4164,89.4129 , 8.1328,5.0129,<LOD,4.4272,0.2048,<LOD,0.5074,1.5540,<LOD,1.5739,0.2224,131.4370 , 0.9089,19.6018,7,413.700012,39.001812,-122.664108,10.000000,529084.750000,4317031.500000,
225,Mining,120.34,30.20,30.02,30.08,30.04,"Tue Apr 7, 2026 - 10:19:59",User,1.5,ppm,,,,,,Mining,,<LOD,0.9995,0.9093,12925.4141 , 487.3650,0.4263,6.9670 , 0.8413,0.6299,<LOD,2.1015,0.1190,312.5222 , 14.2228,23.2679,575776.3125 , 2095.9976,<LOD,0.9453,0.1642,141.3645 , 16.6819,0.5760,<LOD,1.5868,1.8543,<LOD,28.2679,0.5328,<LOD,9.5117,0.6682,12.3358 , 2.7328,1.9328,<LOD,2.7094,0.3205,792.8126 , 19.6193,3.1450,<LOD,0.0000,0.0000,<LOD,2.9747,0.3092,953.8944 , 29.3618,1.0663,<LOD,2361.0553,0.0329,<LOD,16.1008,0.3136,<LOD,0.7898,7.3707,4.9611 , 0.4242,4.4338,<LOD,3.8645,0.2539,195.1165 , 72.2141,0.1244,<LOD,0.9104,0.3303,<LOD,0.8813,0.6270,15.6638 , 0.6128,1.4731,<LOD,0.0000,0.0000,483.0222 , 25.8566,0.4651,<LOD,2.9315,5.5082,<LOD,0.5810,0.2379,401043.9062 , 571.6182,50.9487,6.1381 , 1.5825,4.4237,15.6028 , 0.3427,2.2183,<LOD,0.0000,0.0000,1.2306 , 0.5022,0.3274,7076.1245 , 29.9388,31.7742,<LOD,0.8283,0.4236,91.1299 , 8.2340,4.7282,<LOD,4.4986,0.1962,<LOD,0.5770,1.8220,<LOD,1.5266,0.1934,145.4868 , 0.9542,19.9869,6,412.600006,39.001839,-122.664093,10.000000,529085.875000,4317034.500000,
226,Mining,120.46,30.28,30.08,30.05,28.84,"Tue Apr 7, 2026 - 10:22:38",User,1.5,ppm,,,,,,Mining,,<LOD,0.9682,0.9355,12691.3525 , 500.9814,0.4351,7.4462 , 0.8417,0.6738,<LOD,2.0832,0.1237,294.6873 , 13.9141,24.2177,551611.1250 , 2868.8628,<LOD,0.9432,0.1733,<LOD,22.3611,0.3731,<LOD,1.5268,1.8715,<LOD,28.7469,0.5375,<LOD,8.4289,0.5629,11.3399 , 2.7902,2.1141,<LOD,2.7556,0.3501,454.4384 , 15.9003,2.1578,<LOD,0.0000,0.0000,<LOD,2.0064,0.3065,603.2122 , 25.4991,0.8287,<LOD,4223.3881,0.0406,<LOD,16.4603,0.3462,<LOD,0.7905,7.8017,5.4389 , 0.4243,4.6810,<LOD,3.9612,0.2849,215.8057 , 73.1788,0.1269,<LOD,0.8877,0.3318,<LOD,0.8811,0.6912,12.8918 , 0.5814,1.3636,<LOD,0.0000,0.0000,429.0570 , 25.5325,0.4437,<LOD,2.8680,5.7802,<LOD,0.5639,0.2343,423188.5938 , 742.1191,57.8380,<LOD,3.7771,4.5909,17.8352 , 0.3579,2.5441,<LOD,0.0000,0.0000,<LOD,0.8246,0.3041,7651.0884 , 33.9242,36.1814,<LOD,0.8384,0.4590,108.2084 , 8.5720,5.4373,<LOD,4.5743,0.2141,<LOD,0.6458,1.8808,<LOD,1.4633,0.1871,145.1047 , 0.9757,21.0059,6,413.799988,39.001778,-122.664169,10.000000,529079.687500,4317027.500000,
227,Mining,123.00,32.85,30.09,30.04,30.02,"Tue Apr 7, 2026 - 10:25:19",User,1.5,ppm,,,,,,Mining,,<LOD,6.7560,0.9448,56877.7734 , 2205.0566,0.4094,<LOD,0.1833,0.0016,<LOD,0.3512,0.0003,2645.7336 , 131.8941,23.1808,5840.9121,,<LOD,0.2567,0.0011,635.1560 , 89.8349,0.5122,<LOD,10.5480,1.8433,<LOD,167.0499,0.5712,34.5735 , 5.3635,0.0448,90.3276 , 18.5652,2.1190,<LOD,1.9506,0.0159,<LOD,25.5410,0.2060,<LOD,0.0000,0.0000,<LOD,0.7262,0.0030,2668.9590 , 158.3646,0.7576,<LOD,14102.1079,0.0338,1443.8615 , 75.4357,0.8419,<LOD,0.0071,0.0000,<LOD,0.0065,-0.0000,<LOD,4.5052,0.0354,1616.1105 , 406.0677,0.1258,<LOD,0.0441,-0.0001,<LOD,6.0022,0.6655,<LOD,0.0209,-0.0000,<LOD,0.0000,0.0000,2373.7915 , 162.0098,0.4780,<LOD,22.7648,5.6944,<LOD,0.1058,0.0006,886026.3750 , 8143.9985,54.5941,23.5777 , 10.4555,4.4624,<LOD,0.0184,0.0002,<LOD,0.0000,0.0000,<LOD,0.1357,0.0002,39175.6250 , 1233.6760,35.4044,<LOD,0.0600,0.0001,547.2051 , 54.8690,5.2942,<LOD,2.3717,0.0050,<LOD,0.0037,-0.0000,<LOD,1.0723,0.0092,<LOD,0.0139,-0.0000,6,412.500000,39.001816,-122.664055,10.000000,529089.062500,4317032.000000,
228,Mining,120.25,30.01,30.13,30.10,29.70,"Tue Apr 7, 2026 - 10:28:08",User,1.5,ppm,,,,,,Mining,,<LOD,1.0073,0.9089,29838.0762 , 676.2107,0.7879,12.5536 , 1.0582,1.0077,<LOD,2.2064,0.1319,363.8419 , 14.9985,25.8958,527896.9375 , 2519.7505,<LOD,1.0169,0.1909,259.1928 , 22.9232,0.9229,<LOD,1.6219,1.9021,<LOD,29.0247,0.5459,<LOD,11.2414,0.9452,15.5521 , 2.8856,2.1611,<LOD,2.9121,0.3734,1147.4249 , 23.2587,4.4699,<LOD,0.0000,0.0000,<LOD,2.0266,0.2956,4739.4819 , 54.4032,4.1032,<LOD,2995.7278,0.0375,<LOD,17.4422,0.3742,<LOD,0.8255,8.0333,7.0246 , 0.4457,4.8546,<LOD,4.1014,0.2864,286.4821 , 76.7024,0.1426,5.9705 , 0.7546,0.4521,<LOD,0.9536,0.7323,49.7417 , 0.9721,4.0156,<LOD,0.0000,0.0000,460.6322 , 25.7739,0.4542,<LOD,3.0469,5.8648,<LOD,0.6089,0.2619,425585.7188 , 652.2957,58.6178,4.5748 , 1.6423,4.7073,20.0327 , 0.3805,2.7386,<LOD,0.0000,0.0000,4.0464 , 0.5935,0.5067,8348.2139 , 34.4580,39.3124,<LOD,0.9294,0.5371,114.1654 , 9.0759,5.8637,<LOD,4.7116,0.2167,1.2812 , 0.4720,2.6612,<LOD,1.6811,0.2368,158.4880 , 1.0238,22.4430,6,410.000000,39.001850,-122.664146,10.000000,529081.687500,4317035.500000,
229,Mining,120.40,30.09,30.25,30.04,29.42,"Tue Apr 7, 2026 - 10:30:46",User,1.5,ppm,,,,,,Mining,,<LOD,0.9828,0.9477,28155.7637 , 643.8143,0.7523,10.3486 , 0.9956,0.8981,<LOD,2.1860,0.1318,306.9822 , 14.0162,24.2726,537858.8750 , 2318.7444,<LOD,1.0320,0.1998,167.4034 , 20.2612,0.7535,<LOD,1.5468,1.8908,<LOD,29.6240,0.6032,<LOD,10.4388,0.8232,19.6453 , 2.7795,2.2129,<LOD,2.7976,0.3492,981.9874 , 21.7046,3.9415,<LOD,0.0000,0.0000,<LOD,1.9502,0.2743,4167.5376 , 49.7748,3.6620,3557.0610 , 1729.1930,0.0431,<LOD,17.0913,0.3628,<LOD,0.7945,7.5538,5.1097 , 0.4311,4.6167,<LOD,4.0809,0.2896,318.4564 , 76.2823,0.1503,4.9410 , 0.7205,0.4186,<LOD,0.8963,0.7033,44.5137 , 0.9218,3.6648,<LOD,0.0000,0.0000,473.5682 , 25.3580,0.4654,<LOD,2.8787,5.7012,<LOD,0.5839,0.2406,416165.3438 , 609.0094,57.0374,3.6660 , 1.5516,4.5626,19.0095 , 0.3716,2.6560,<LOD,0.0000,0.0000,2.0967 , 0.5688,0.4461,7496.7837 , 30.9565,35.5207,<LOD,0.8992,0.5109,97.0115 , 8.3023,5.2823,<LOD,4.6876,0.2175,1.1155 , 0.4580,2.5570,<LOD,1.5965,0.2162,142.8022 , 0.9678,20.6813,6,409.700012,39.001812,-122.664200,10.000000,529076.937500,4317031.500000,
230,Mining,120.43,30.03,30.15,30.15,30.10,"Tue Apr 7, 2026 - 10:33:32",User,1.5,ppm,,,,,,Mining,,<LOD,1.0167,0.9473,27862.0723 , 650.1894,0.7455,10.6411 , 0.9695,0.8928,<LOD,2.1846,0.1371,319.4149 , 14.5599,24.4917,536732.3125 , 2865.2134,<LOD,0.9589,0.1796,153.0182 , 20.7780,0.7350,<LOD,1.6019,1.8950,<LOD,29.3493,0.5864,<LOD,10.0238,0.7891,16.6203 , 2.8404,2.1427,<LOD,2.7532,0.3527,972.3849 , 21.1584,3.8782,<LOD,0.0000,0.0000,<LOD,2.0040,0.3072,4105.2231 , 51.2891,3.5854,<LOD,3983.0383,0.0405,<LOD,16.6957,0.3605,<LOD,0.7801,7.5990,4.9899 , 0.4204,4.5732,<LOD,3.9342,0.2804,298.4449 , 75.5657,0.1446,4.2779 , 0.6937,0.4038,<LOD,0.9159,0.6845,43.7147 , 0.8965,3.5799,<LOD,0.0000,0.0000,398.4515 , 24.7821,0.4351,<LOD,2.9825,5.7226,<LOD,0.5895,0.2575,419121.2812 , 722.8508,57.0901,3.9592 , 1.6066,4.5736,18.2510 , 0.3582,2.5645,<LOD,0.0000,0.0000,2.9677 , 0.5481,0.4488,7463.2227 , 33.7471,35.0342,<LOD,0.8862,0.5167,95.3209 , 8.5362,5.1991,<LOD,4.5969,0.2182,0.9560 , 0.4442,2.5070,<LOD,1.6193,0.2323,143.9291 , 0.9661,20.6471,7,408.299988,39.001820,-122.664200,10.000000,529076.937500,4317032.000000,
231,Mining,120.43,30.24,30.05,30.03,30.11,"Tue Apr 7, 2026 - 10:36:38",User,1.5,ppm,,,,,,Mining,,<LOD,0.9717,0.9270,20797.7012 , 573.5860,0.6042,8.2386 , 0.9175,0.7925,<LOD,2.0995,0.1274,295.2373 , 13.8910,23.9130,552265.6875 , 2162.2256,<LOD,0.9844,0.1914,125.1013 , 18.8743,0.6498,<LOD,1.5444,1.8926,<LOD,30.1863,0.6191,<LOD,9.3628,0.6973,18.1619 , 2.8405,2.2604,<LOD,2.7272,0.3491,749.1259 , 19.1334,3.2109,<LOD,0.0000,0.0000,<LOD,1.9257,0.2883,3084.8059 , 44.9574,2.8385,<LOD,2387.6470,0.0342,<LOD,16.0735,0.3351,<LOD,0.7991,8.0913,6.0544 , 0.4299,4.8643,<LOD,3.9835,0.2917,279.3960 , 78.7416,0.1549,3.3844 , 0.6804,0.3923,<LOD,0.8825,0.6818,34.6000 , 0.8183,3.0029,<LOD,0.0000,0.0000,475.5844 , 25.8634,0.4744,<LOD,2.8671,5.6896,<LOD,0.5944,0.2707,414967.9062 , 597.4720,57.5855,3.7338 , 1.5401,4.5028,18.1786 , 0.3603,2.6335,<LOD,0.0000,0.0000,2.1371 , 0.5434,0.4303,6614.3926 , 29.6439,32.0158,<LOD,0.8690,0.5027,89.3722 , 8.0936,4.8349,<LOD,4.3291,0.1947,0.7773 , 0.4309,2.4058,<LOD,1.5753,0.2219,160.4539 , 1.0007,23.3859,6,411.299988,39.001865,-122.664146,10.000000,529081.687500,4317037.000000,
232,Mining,122.95,32.59,30.07,30.17,30.12,"Tue Apr 7, 2026 - 10:39:17",User,1.5,ppm,,,,,,Mining,,<LOD,0.9736,0.9562,24090.0898 , 571.4739,0.6726,8.2243 , 0.9239,0.8062,<LOD,2.1633,0.1369,295.8647 , 13.6610,23.7537,546766.5000 , 2142.2781,<LOD,0.9887,0.1946,145.9921 , 19.1860,0.7086,<LOD,1.5178,1.8721,<LOD,27.8644,0.5919,<LOD,9.8545,0.7806,21.0252 , 2.7714,2.3087,<LOD,2.8149,0.3753,841.5581 , 20.0607,3.5649,<LOD,0.0000,0.0000,<LOD,1.9153,0.2828,3645.0645 , 46.7184,3.3238,<LOD,2346.2842,0.0370,<LOD,16.4247,0.3556,<LOD,0.7904,7.9776,5.8254 , 0.4277,4.8522,<LOD,3.9204,0.2834,291.9403 , 73.5194,0.1528,3.9618 , 0.6909,0.4078,<LOD,0.8719,0.6819,37.1385 , 0.8378,3.2004,<LOD,0.0000,0.0000,444.0457 , 24.0908,0.4622,<LOD,4.0053,5.7162,<LOD,0.5835,0.2568,416142.6250 , 575.5299,58.5672,5.1664 , 1.5186,4.4951,17.4056 , 0.3548,2.5727,<LOD,0.0000,0.0000,2.9285 , 0.5581,0.4681,6984.9814 , 29.5870,34.1607,<LOD,0.8464,0.4797,92.6626 , 8.0321,5.1266,<LOD,4.5095,0.2135,1.0020 , 0.4370,2.4907,<LOD,1.5561,0.2180,156.0407 , 0.9890,23.0177,6,413.299988,39.001873,-122.664200,10.000000,529077.062500,4317038.000000,
233,Mining,120.45,30.15,30.10,30.13,28.27,"Tue Apr 7, 2026 - 10:41:59",User,1.5,ppm,,,,,,Mining,,<LOD,0.9732,0.9516,21935.3730 , 594.4744,0.6268,8.5144 , 0.9053,0.8036,<LOD,2.0533,0.1265,300.4570 , 13.8189,24.1578,550972.8750 , 2836.7805,<LOD,0.9726,0.1932,153.2175 , 18.8716,0.7032,<LOD,1.5228,1.8752,<LOD,29.8553,0.6026,<LOD,9.1993,0.6977,16.9053 , 2.7756,2.2608,<LOD,2.6929,0.3521,722.9951 , 18.6667,3.1405,<LOD,0.0000,0.0000,<LOD,1.8489,0.2660,3086.5291 , 44.0808,2.8605,<LOD,4090.2521,0.0417,<LOD,16.0317,0.3460,<LOD,0.7791,7.9592,5.6165 , 0.4207,4.8200,<LOD,3.8276,0.2778,309.1747 , 79.3134,0.1584,3.1706 , 0.6617,0.3837,<LOD,0.8873,0.7057,33.6756 , 0.7964,2.9333,<LOD,0.0000,0.0000,530.4037 , 26.4808,0.4988,<LOD,2.8455,5.7295,<LOD,0.5570,0.2396,412069.6562 , 737.1869,57.5293,3.4676 , 1.5268,4.5201,16.9302 , 0.3470,2.5160,<LOD,0.0000,0.0000,2.4479 , 0.5403,0.4428,7154.0415 , 32.5109,34.8401,<LOD,0.8276,0.4710,99.9464 , 8.1918,5.2562,<LOD,4.5559,0.2238,0.8677 , 0.4233,2.4059,<LOD,1.5150,0.2117,154.2537 , 0.9953,22.7190,6,417.799988,39.001854,-122.664146,10.000000,529081.562500,4317036.000000,
234,Mining,122.63,32.53,30.02,30.01,30.07,"Tue Apr 7, 2026 - 11:00:50",User,1.5,ppm,,,,,,Mining,,<LOD,0.9663,0.9078,19424.7656 , 546.1171,0.5701,16.4726 , 1.0649,1.1358,<LOD,2.0479,0.1196,173.0490 , 13.1179,19.7812,549298.6875 , 2182.7405,<LOD,1.0186,0.2020,38.5996 , 14.4293,0.4322,<LOD,1.5065,1.7786,<LOD,27.0936,0.5401,<LOD,15.9546,2.0112,40.9943 , 3.0831,2.4775,<LOD,2.6554,0.3275,3190.9827 , 35.6462,11.4094,<LOD,0.0000,0.0000,<LOD,1.9407,0.2883,438.7062 , 24.6624,0.7169,4225.3057 , 1698.4017,0.0438,<LOD,16.0427,0.3400,<LOD,0.8099,8.2010,7.9992 , 0.4366,4.9934,<LOD,3.8917,0.2567,353.0327 , 80.3075,0.1769,3.5742 , 0.6702,0.3758,<LOD,0.8644,0.6461,6.7299 , 0.4897,0.9022,<LOD,0.0000,0.0000,1437.8231 , 33.2864,0.8927,23.1745 , 1.9520,6.1906,<LOD,0.5702,0.2433,411495.8438 , 583.3676,56.0942,4.1730 , 1.5004,4.1963,15.1665 , 0.3358,2.2470,<LOD,0.0000,0.0000,1.3703 , 0.5247,0.3622,9488.8701 , 35.6041,44.6014,<LOD,0.8188,0.4385,118.1517 , 9.6358,6.4706,<LOD,4.4048,0.1998,<LOD,0.8231,1.8314,<LOD,1.5133,0.2021,196.4820 , 1.0888,26.9593,6,428.299988,39.002117,-122.663040,10.000000,529177.000000,4317065.500000,
235,Mining,120.16,30.10,30.02,30.01,30.03,"Tue Apr 7, 2026 - 11:03:40",User,1.5,ppm,,,,,,Mining,,<LOD,1.0535,0.8883,22627.1484 , 610.9183,0.6346,12.5883 , 1.4005,1.3848,<LOD,2.4003,0.1368,180.3342 , 14.6278,19.9753,550081.8125 , 2297.4199,<LOD,1.1655,0.2201,93.9137 , 18.5164,0.5686,<LOD,1.6744,1.8123,<LOD,28.0513,0.5344,<LOD,29.7968,6.3193,51.5632 , 3.6673,2.8802,<LOD,2.8514,0.3160,11779.2031 , 69.2210,39.9106,<LOD,0.0000,0.0000,<LOD,2.0882,0.3190,973.4077 , 33.5861,1.1588,<LOD,2682.7864,0.0394,<LOD,18.1323,0.3974,<LOD,0.8908,8.0577,8.3244 , 0.4748,4.8004,<LOD,5.0174,0.3155,470.2458 , 91.9644,0.2164,32.2928 , 1.1930,0.9983,<LOD,0.9673,0.6703,8.4558 , 0.5679,1.0001,<LOD,0.0000,0.0000,7232.1216 , 66.5769,3.4570,23.2105 , 2.1658,6.2354,<LOD,0.6333,0.2501,395126.1875 , 599.9254,53.1468,4.7964 , 1.6711,4.2831,63.1140 , 0.6323,6.5149,<LOD,0.0000,0.0000,<LOD,1.2985,0.4072,10850.3164 , 42.4211,51.1127,<LOD,0.9465,0.4833,152.9676 , 11.5370,7.5872,<LOD,0.0000,0.1907,<LOD,0.6235,1.8397,<LOD,1.6477,0.2047,215.0519 , 1.2343,28.1887,5,431.399994,39.002094,-122.662994,10.000000,529180.875000,4317063.000000,
236,Mining,120.36,30.09,30.06,30.12,28.59,"Tue Apr 7, 2026 - 11:06:11",User,1.5,ppm,,,,,,Mining,,<LOD,1.0320,0.9315,18247.9648 , 579.0646,0.5446,15.2332 , 1.0796,1.0902,<LOD,2.1883,0.1308,135.2313 , 13.8079,19.1944,548543.3125 , 3030.8801,<LOD,0.9954,0.1838,<LOD,21.5727,0.3830,<LOD,1.6201,1.8576,<LOD,29.2982,0.5411,<LOD,16.0475,1.9330,33.0397 , 3.1213,2.3927,<LOD,2.6682,0.3150,3221.9023 , 36.8868,11.2974,<LOD,0.0000,0.0000,<LOD,1.8997,0.2568,578.1094 , 26.7513,0.8164,<LOD,4459.2620,0.0409,<LOD,16.7603,0.3539,<LOD,0.8311,8.2218,8.6850 , 0.4486,5.0175,<LOD,4.1663,0.2851,329.1689 , 83.6768,0.1639,5.1760 , 0.7143,0.4078,<LOD,0.9248,0.6655,8.3090 , 0.5248,1.0096,<LOD,0.0000,0.0000,1490.2253 , 36.2137,0.9025,24.7513 , 2.0821,6.3317,<LOD,0.5861,0.2408,415016.2500 , 756.1199,55.6127,4.4473 , 1.5973,4.2707,15.6185 , 0.3447,2.2511,<LOD,0.0000,0.0000,1.8147 , 0.5272,0.3614,9253.0117 , 39.1988,42.5738,<LOD,0.8428,0.4437,137.9868 , 9.7967,6.3400,<LOD,4.6046,0.2081,<LOD,0.8255,1.8436,<LOD,1.5399,0.1994,204.7098 , 1.1668,27.4499,5,434.399994,39.002148,-122.663040,10.000000,529177.375000,4317069.000000,
237,Mining,120.48,30.13,30.04,30.16,30.15,"Tue Apr 7, 2026 - 11:09:10",User,1.5,ppm,,,,,,Mining,,<LOD,1.0165,0.8491,34412.8008 , 722.8405,0.8687,4.4613 , 1.1123,0.8412,<LOD,2.3345,0.1307,285.0462 , 14.4968,21.3946,551885.6875 , 2480.4758,<LOD,1.0688,0.1873,525.2687 , 25.8413,1.2364,<LOD,1.5926,1.6730,<LOD,33.3340,0.7435,<LOD,24.6396,4.2019,36.7818 , 3.1875,2.5137,<LOD,3.0516,0.3664,8041.3623 , 57.5529,26.5574,<LOD,0.0000,0.0000,21.3508 , 1.9222,0.5801,2358.4148 , 42.9946,2.1429,4421.9351 , 1890.2006,0.0478,<LOD,18.7509,0.4161,<LOD,0.8270,6.9638,3.0932 , 0.4373,4.0624,<LOD,4.5966,0.2793,559.5377 , 94.6669,0.2258,19.5900 , 1.0053,0.7186,<LOD,0.9452,0.6580,8.2885 , 0.5991,1.0399,<LOD,0.0000,0.0000,11459.1494 , 81.7756,5.1230,12.6362 , 2.0466,5.6454,<LOD,0.6250,0.2422,380086.8125 , 605.1398,48.3746,4.3191 , 1.6121,4.1142,183.3948 , 1.0355,17.3777,<LOD,0.0000,0.0000,2.1568 , 0.5871,0.4095,5476.9253 , 28.9234,24.9313,<LOD,1.2388,0.6983,64.9207 , 7.8584,3.7775,<LOD,4.8317,0.2028,<LOD,0.7962,1.8221,<LOD,2.0333,0.3106,126.0725 , 1.0276,19.8592,6,434.100006,39.002140,-122.663002,10.000000,529180.562500,4317068.000000,
238,Mining,122.91,32.58,30.20,30.11,30.02,"Tue Apr 7, 2026 - 11:12:00",User,1.5,ppm,,,,,,Mining,,<LOD,1.0991,0.8392,43300.4609 , 829.7611,1.0545,15.5197 , 1.6355,1.6362,<LOD,2.7302,0.1550,458.3336 , 16.5841,24.5477,539929.5625 , 2643.7563,<LOD,1.2797,0.2323,464.7218 , 31.0759,1.2454,<LOD,1.7657,1.7452,<LOD,35.2344,0.7997,<LOD,35.1558,8.0934,80.3304 , 4.1817,3.3708,<LOD,3.2582,0.3655,15981.8877 , 82.0778,51.2122,<LOD,0.0000,0.0000,20.7122 , 2.0202,0.6006,4760.9536 , 65.0159,3.9659,<LOD,2976.6423,0.0444,<LOD,20.5143,0.4709,<LOD,0.9516,7.2218,6.2221 , 0.5150,4.4246,<LOD,5.5052,0.3178,935.7880 , 115.4762,0.3339,46.2722 , 1.4333,1.2668,<LOD,1.0433,0.6818,9.8334 , 0.7981,1.4123,<LOD,0.0000,0.0000,19538.9844 , 107.2606,8.5794,18.9833 , 2.2798,5.9788,<LOD,0.7019,0.2662,365557.6562 , 612.1618,46.2520,7.1009 , 1.7886,4.3124,671.4564 , 2.1425,57.4189,<LOD,0.0000,0.0000,5.0752 , 0.7442,0.5959,7861.0117 , 39.5820,35.6244,7.0793 , 1.1414,1.3847,131.1324 , 10.8587,5.5961,<LOD,0.0000,0.2264,3.9253 , 0.5069,2.3773,<LOD,1.9599,0.2558,187.0025 , 1.4532,32.8165,5,431.000000,39.002125,-122.663033,10.000000,529177.562500,4317066.500000,
239,Mining,120.40,30.07,30.11,30.12,30.10,"Tue Apr 7, 2026 - 11:14:45",User,1.5,ppm,,,,,,Mining,,<LOD,1.1173,0.8157,35205.3984 , 787.9996,0.8851,14.6196 , 1.6023,1.4656,<LOD,2.6402,0.1336,468.8624 , 17.0848,24.6713,526965.1875 , 2771.9114,<LOD,1.2778,0.2146,320.3203 , 25.6934,0.9231,<LOD,1.7854,1.6697,<LOD,30.9180,0.5593,<LOD,29.8652,5.1175,65.5133 , 3.8251,2.8934,<LOD,3.3633,0.3589,10516.0176 , 68.8555,31.9152,<LOD,0.0000,0.0000,21.2241 , 2.0923,0.5502,3101.4707 , 51.3473,2.5605,3744.2258 , 2033.5928,0.0474,<LOD,21.5017,0.4523,<LOD,0.9736,7.1939,6.8522 , 0.5225,4.3149,<LOD,5.4985,0.3216,690.4363 , 105.3319,0.2514,40.2228 , 1.3879,1.1021,<LOD,1.0634,0.6665,8.5591 , 0.7653,1.2150,<LOD,0.0000,0.0000,14740.6816 , 94.5983,6.1102,17.4853 , 2.3402,5.9428,<LOD,0.7225,0.2621,394437.5312 , 622.2700,47.8048,6.0516 , 1.8396,4.3081,548.4926 , 1.9420,45.6979,<LOD,0.0000,0.0000,5.1890 , 0.7425,0.5529,8723.5654 , 38.9018,36.8392,5.4675 , 1.0900,1.1712,153.2314 , 10.6921,5.7560,<LOD,5.5030,0.2118,3.7031 , 0.5049,2.2069,<LOD,2.1468,0.2785,189.6516 , 1.4380,30.2614,5,429.399994,39.002117,-122.663048,10.000000,529176.375000,4317065.500000,
240,Mining,120.25,30.00,30.12,30.04,27.40,"Tue Apr 7, 2026 - 11:17:33",User,1.5,ppm,,,,,,Mining,,<LOD,1.1727,0.8160,34037.9297 , 858.0712,0.8639,46.1754 , 1.7696,2.1784,<LOD,2.7977,0.1506,303.1083 , 16.9314,20.6148,510421.0312 , 2935.5654,<LOD,1.2789,0.2135,216.8245 , 33.2010,1.0374,<LOD,1.8510,1.6298,<LOD,33.2068,0.5809,<LOD,37.8537,8.8892,32.0109 , 3.9056,2.5130,<LOD,3.3339,0.3539,18567.2598 , 89.7554,56.1923,<LOD,0.0000,0.0000,<LOD,2.2063,0.2888,9343.4482 , 89.1087,7.1663,8584.6396 , 2364.7415,0.0540,<LOD,22.0135,0.5184,<LOD,0.9614,7.3599,9.7289 , 0.5200,4.4482,<LOD,5.7903,0.3181,468.5276 , 102.6776,0.2093,14.9375 , 1.0162,0.5802,<LOD,1.0704,0.6089,77.4019 , 1.2810,4.9064,<LOD,0.0000,0.0000,8866.5791 , 79.6102,3.8502,<LOD,4.7596,5.1786,<LOD,0.7323,0.2692,397545.0000 , 678.5470,49.3155,<LOD,4.1442,3.9909,16.9840 , 0.3913,2.0135,<LOD,0.0000,0.0000,6.5493 , 0.7435,0.5499,11038.9336 , 46.6477,46.7029,1.8952 , 0.7468,0.5456,165.1871 , 12.5271,6.9844,<LOD,0.0000,0.2221,3.7173 , 0.5917,2.8805,<LOD,2.0741,0.2654,232.1168 , 1.3265,25.3689,4,428.799988,39.002155,-122.663002,10.000000,529180.562500,4317070.000000,
241,Mining,120.38,30.02,30.29,30.04,27.94,"Tue Apr 7, 2026 - 11:21:57",User,1.5,ppm,,,,,,Mining,,<LOD,1.1526,0.8318,31744.8125 , 805.2276,0.8192,31.8272 , 1.5631,1.6959,<LOD,2.6252,0.1362,337.2129 , 16.6715,21.6160,510111.3438 , 2814.1392,<LOD,1.2426,0.2075,135.9755 , 28.5616,0.8489,<LOD,1.8215,1.6698,<LOD,33.3222,0.5854,<LOD,31.1366,5.7668,25.9682 , 3.4968,2.3321,<LOD,3.3598,0.3671,11798.3945 , 72.1509,35.7936,<LOD,0.0000,0.0000,<LOD,2.1928,0.2932,8002.2090 , 77.7858,6.0875,5132.0908 , 2156.9382,0.0474,<LOD,20.9677,0.4475,<LOD,0.9255,7.0780,8.1037 , 0.5046,4.3518,<LOD,5.2046,0.2814,434.4331 , 96.6933,0.1861,13.7269 , 0.9826,0.5591,<LOD,1.0691,0.6419,64.3545 , 1.1775,4.2802,<LOD,0.0000,0.0000,7054.1362 , 71.1496,3.0642,<LOD,3.4162,5.1031,<LOD,0.7027,0.2575,416076.2500 , 665.5604,51.5992,5.6712 , 1.8430,4.1026,14.6115 , 0.3711,1.8761,<LOD,0.0000,0.0000,5.3260 , 0.7137,0.5188,8670.5527 , 38.3697,36.3148,1.2882 , 0.7175,0.5207,136.8852 , 10.4802,5.5286,<LOD,0.0000,0.2160,3.3054 , 0.5625,2.7128,<LOD,2.0898,0.2754,191.4978 , 1.2007,22.0897,4,432.799988,39.002071,-122.663040,10.000000,529177.312500,4317060.500000,
242,Mining,120.24,30.14,30.10,30.04,29.96,"Tue Apr 7, 2026 - 11:25:12",User,1.5,ppm,,,,,,Mining,,<LOD,1.1965,0.8455,34720.4453 , 852.4008,0.8807,41.2208 , 1.7158,1.9810,<LOD,2.6938,0.1356,380.5457 , 17.3778,22.3452,492856.0938 , 2999.5012,<LOD,1.3484,0.2313,222.7974 , 29.7440,0.9275,<LOD,1.8736,1.6606,<LOD,33.7133,0.5812,<LOD,29.8749,4.9653,33.3213 , 3.6428,2.3549,<LOD,3.3718,0.3494,10310.1357 , 68.5196,30.0918,<LOD,0.0000,0.0000,<LOD,2.2798,0.2997,7976.8418 , 78.0766,5.8520,7026.6567 , 2247.1909,0.0505,<LOD,21.6828,0.4458,<LOD,0.9436,7.0630,8.5609 , 0.5080,4.2536,<LOD,5.3685,0.2953,554.0509 , 101.8488,0.2044,13.5966 , 1.0023,0.5498,<LOD,1.0883,0.6253,69.5374 , 1.2305,4.4363,<LOD,0.0000,0.0000,6659.8921 , 69.1751,2.8079,<LOD,3.5389,5.1636,<LOD,0.7385,0.2718,428702.3438 , 672.3432,51.8511,5.0050 , 1.9050,4.1328,19.7148 , 0.4152,2.2235,<LOD,0.0000,0.0000,6.9209 , 0.7729,0.5755,10034.9219 , 42.3462,40.7026,<LOD,1.5623,0.5078,148.0834 , 11.3353,6.1279,<LOD,0.0000,0.2134,3.8902 , 0.5832,2.7574,<LOD,2.1223,0.2687,205.3932 , 1.2583,22.8307,4,433.899994,39.002087,-122.663063,10.000000,529174.812500,4317062.000000,
243,Mining,120.47,30.16,30.11,30.10,28.90,"Tue Apr 7, 2026 - 11:28:33",User,1.5,ppm,,,,,,Mining,,<LOD,1.5820,0.6011,40473.9531 , 1342.5853,0.9929,35.8129 , 2.0097,1.2466,<LOD,3.3868,0.1003,443.9948 , 22.8384,15.2543,412441.7500 , 4586.8647,<LOD,1.6387,0.1611,4063.8455 , 100.2178,5.5401,<LOD,2.3704,1.0611,<LOD,42.3526,0.6187,<LOD,87.6589,20.9885,100.7980 , 7.0710,3.4803,39.4628 , 3.6902,0.4648,55797.4844 , 177.4192,131.4418,<LOD,0.0000,0.0000,<LOD,3.0340,0.2092,13067.9316 , 148.5584,8.1061,16077.1445 , 3675.7778,0.0683,309.3502 , 25.8329,1.0905,<LOD,1.1329,4.5332,7.5409 , 0.6175,2.8064,<LOD,9.5067,0.2781,555.3400 , 124.8716,0.2043,16.5057 , 1.2951,0.4287,<LOD,1.3949,0.4176,63.2493 , 1.4195,2.6679,<LOD,0.0000,0.0000,12552.9043 , 104.0907,4.3506,<LOD,4.5726,3.4096,<LOD,0.9086,0.1849,434241.7500 , 763.6713,45.2141,16.7327 , 2.5194,2.9250,52.7648 , 0.7358,3.1545,<LOD,0.0000,0.0000,4.3018 , 0.8970,0.3343,9262.4141 , 61.4136,31.5338,<LOD,2.1835,0.3632,181.3352 , 17.4202,5.1099,<LOD,7.7495,0.1966,5.8600 , 0.7151,1.8959,22.8836 , 2.5967,0.4358,164.8748 , 1.3901,12.4762,4,433.799988,39.002102,-122.663063,10.000000,529175.125000,4317064.000000,
244,Mining,120.50,30.21,30.12,30.08,29.49,"Tue Apr 7, 2026 - 11:31:25",User,1.5,ppm,,,,,,Mining,,<LOD,1.3661,0.6427,39408.5156 , 1119.3683,0.9691,11.5489 , 1.4829,0.8061,<LOD,2.8583,0.0974,364.9901 , 19.5085,15.9564,468325.4375 , 3699.6255,<LOD,1.3892,0.1580,2911.9014 , 78.0049,4.3919,<LOD,2.0718,1.1701,<LOD,38.4482,0.6059,<LOD,57.4946,15.5823,76.7190 , 5.8197,3.2261,5.2202 , 2.6851,0.3300,38882.2070 , 137.1768,99.1538,<LOD,0.0000,0.0000,<LOD,3.5611,0.2268,12747.3916 , 129.6561,8.3772,9211.6465 , 2962.8652,0.0577,257.4010 , 23.1326,1.0180,<LOD,1.0321,5.2418,7.8702 , 0.5669,3.2934,<LOD,7.6748,0.2796,604.8982 , 118.3030,0.2200,20.4881 , 1.2363,0.5362,<LOD,1.1904,0.4345,63.1871 , 1.3013,3.0998,<LOD,0.0000,0.0000,15412.7109 , 108.4853,5.6533,<LOD,3.9241,3.5995,<LOD,0.7890,0.1934,402404.2500 , 709.8867,43.5470,8.2817 , 2.1475,3.0278,46.3443 , 0.6402,3.3028,<LOD,0.0000,0.0000,3.6287 , 0.7887,0.3709,8866.0137 , 52.5918,32.2145,<LOD,1.5929,0.4038,167.0148 , 14.8646,5.1560,<LOD,6.3922,0.1804,6.0240 , 0.6584,2.2229,16.7165 , 2.2108,0.4266,169.5996 , 1.2871,14.8997,4,433.500000,39.002113,-122.663055,10.000000,529175.687500,4317065.000000,
245,Mining,120.58,30.08,30.29,30.11,30.10,"Tue Apr 7, 2026 - 11:34:12",User,1.5,ppm,,,,,,Mining,,<LOD,1.3603,0.7098,45164.8633 , 1100.8367,1.0886,20.7850 , 1.5757,1.1087,<LOD,2.8750,0.1122,353.0991 , 19.2733,17.2385,479187.9375 , 3718.5566,<LOD,1.3459,0.1687,727.4369 , 53.1043,1.7485,<LOD,2.0561,1.2835,<LOD,36.7229,0.6079,<LOD,53.3519,14.6816,49.2379 , 5.4007,2.9502,7.8695 , 2.6400,0.3624,34379.6289 , 131.6000,91.7541,<LOD,0.0000,0.0000,<LOD,2.4459,0.2121,13373.6797 , 129.2661,9.1375,<LOD,4660.8010,0.0435,<LOD,25.5282,0.5840,<LOD,1.0274,5.8464,8.4636 , 0.5590,3.5779,<LOD,6.9681,0.2585,721.1487 , 114.0313,0.2300,18.9722 , 1.1790,0.5547,<LOD,1.1884,0.4823,78.4578 , 1.3916,4.0577,<LOD,0.0000,0.0000,13788.5205 , 100.7632,5.2942,<LOD,3.9308,4.0730,<LOD,0.7886,0.2200,400192.7188 , 719.6623,45.0440,11.7320 , 2.1440,3.3804,47.2626 , 0.6264,3.5975,<LOD,0.0000,0.0000,5.9473 , 0.7990,0.4548,10422.9434 , 56.3062,39.7131,1.4620 , 0.8216,0.4641,186.8352 , 15.4935,6.2306,<LOD,6.1340,0.1891,4.4671 , 0.6513,2.4544,<LOD,2.5959,0.2946,208.5911 , 1.3846,19.1380,4,433.299988,39.002121,-122.663055,10.000000,529175.937500,4317066.000000,
246,Mining,94.10,30.25,30.07,30.14,3.64,"Tue Apr 7, 2026 - 11:45:06",User,1.5,ppm,,,,,,Mining,,<LOD,1.2133,0.9781,74980.2500 , 5046.3452,1.6827,8.7640 , 1.0968,0.8467,<LOD,2.4191,0.1345,280.1205 , 16.1471,22.4331,537016.8125 , 11394.7568,<LOD,1.1987,0.2263,342.3444 , 30.7256,1.1817,<LOD,1.7198,1.7690,<LOD,127.1155,0.4178,<LOD,20.2772,2.6650,46.0548 , 3.4603,2.6136,8.5281 , 2.3396,0.4662,4904.2710 , 68.8134,15.8603,<LOD,0.0000,0.0000,<LOD,2.6547,0.2999,9666.7539 , 110.9945,7.5374,<LOD,15746.7920,0.0417,<LOD,19.6861,0.4256,<LOD,0.8872,7.6340,8.6177 , 0.4942,4.8021,<LOD,4.5763,0.2832,<LOD,962.7039,0.1743,9.8764 , 0.8900,0.5313,<LOD,1.0073,0.6773,68.6497 , 1.3507,4.9584,<LOD,0.0000,0.0000,3757.3982 , 245.0277,1.8156,<LOD,3.2553,5.5530,<LOD,0.6822,0.2827,356269.6875 , 3146.7446,43.3580,4.9366 , 1.7558,4.4427,67.5408 , 0.7924,6.7335,<LOD,0.0000,0.0000,7.4373 , 0.7269,0.6622,8665.8037 , 86.6879,37.8830,1.8461 , 0.7392,0.6493,173.9076 , 10.3220,6.0107,<LOD,5.0429,0.2118,5.3656 , 0.5632,3.1932,<LOD,2.1311,0.3271,179.1065 , 1.8010,23.5293,4,431.600006,39.002117,-122.663025,10.000000,529178.250000,4317065.500000,
247,Mining,120.24,30.19,30.24,30.05,29.76,"Tue Apr 7, 2026 - 11:48:08",User,1.5,ppm,,,,,,Mining,,<LOD,1.0829,0.9298,83232.6484 , 1112.8323,1.8705,9.5607 , 1.1458,0.9244,<LOD,2.5120,0.1442,273.3773 , 14.9225,21.5470,483406.2500 , 3069.4109,<LOD,1.1731,0.2148,351.1972 , 31.5468,1.2694,<LOD,1.6573,1.7435,<LOD,31.2753,0.6023,<LOD,22.1058,3.1750,43.1826 , 3.4328,2.6006,8.0022 , 2.3256,0.4579,5728.1465 , 50.8405,18.7680,<LOD,0.0000,0.0000,2.6522 , 1.5439,0.3319,9806.5186 , 82.3435,7.8002,9405.4941 , 2065.2012,0.0549,<LOD,20.3685,0.4572,<LOD,0.8846,7.4899,7.7373 , 0.4848,4.6450,<LOD,4.6415,0.2835,595.2910 , 94.3589,0.2172,12.5307 , 0.9327,0.5841,<LOD,0.9809,0.6804,70.9101 , 1.2038,5.1631,<LOD,0.0000,0.0000,3711.4268 , 50.9359,1.8322,<LOD,3.1042,5.3422,<LOD,0.6797,0.2734,394153.9688 , 677.4117,50.7749,6.0061 , 1.6734,4.2655,66.5253 , 0.6552,6.7189,<LOD,0.0000,0.0000,6.5964 , 0.7109,0.6310,8756.3408 , 38.8197,39.0467,1.7424 , 0.7470,0.6520,157.1235 , 10.2294,6.0683,<LOD,5.1834,0.2224,5.7437 , 0.5716,3.2765,<LOD,2.1954,0.3450,181.0155 , 1.1723,23.9669,6,431.200012,39.002117,-122.663033,10.000000,529178.000000,4317065.500000,
248,Mining,120.34,30.07,30.09,30.09,30.09,"Tue Apr 7, 2026 - 11:56:06",User,1.5,ppm,,,,,,Mining,,<LOD,1.0893,0.9241,95412.2031 , 1260.1991,2.1209,10.8034 , 1.1367,0.9307,<LOD,2.4889,0.1407,299.3100 , 15.3194,22.4403,476708.2188 , 3852.9985,<LOD,1.1807,0.2165,359.6599 , 31.2992,1.2366,<LOD,1.6752,1.7472,<LOD,31.3151,0.5959,<LOD,21.7571,3.0470,52.4992 , 3.4988,2.6979,8.8190 , 2.3536,0.4664,5595.8047 , 52.2769,18.3502,<LOD,0.0000,0.0000,2.6035 , 1.5460,0.3307,9697.0938 , 84.1922,7.7074,<LOD,4650.4266,0.0444,<LOD,20.8419,0.4756,<LOD,0.8861,7.4613,7.0862 , 0.4844,4.5943,<LOD,4.6879,0.2901,640.6457 , 100.6765,0.2439,9.6662 , 0.8852,0.5219,<LOD,1.0107,0.7123,66.9537 , 1.1913,4.9227,<LOD,0.0000,0.0000,4761.4829 , 57.5593,2.2779,<LOD,3.1561,5.4202,<LOD,0.6755,0.2687,394568.7188 , 828.8443,50.9265,4.2312 , 1.6982,4.3132,62.5812 , 0.6468,6.3666,<LOD,0.0000,0.0000,6.5731 , 0.7099,0.6217,8746.0283 , 43.2108,38.9890,2.6212 , 0.7575,0.6675,175.0790 , 10.3674,6.1723,<LOD,5.2043,0.2229,6.7218 , 0.5736,3.2949,<LOD,2.2099,0.3476,175.5386 , 1.2021,23.2949,7,428.799988,39.002125,-122.663040,10.000000,529177.250000,4317066.500000,
249,Mining,120.51,30.18,30.15,30.10,30.08,"Tue Apr 7, 2026 - 11:59:02",User,1.5,ppm,,,,,,Mining,,<LOD,1.1290,0.8338,76546.3750 , 1184.3728,1.7297,11.2943 , 1.2269,0.9129,<LOD,2.6433,0.1347,291.2839 , 15.9667,20.4679,458777.5312 , 3438.1638,<LOD,1.1808,0.1836,237.9029 , 28.5034,0.9131,<LOD,1.7332,1.5652,<LOD,31.7352,0.5209,<LOD,24.2683,3.2465,51.7485 , 3.6490,2.6014,5.7516 , 2.3918,0.4084,6665.1895 , 56.5489,19.8088,<LOD,0.0000,0.0000,<LOD,3.7772,0.3005,7093.4688 , 73.1378,5.2250,11856.5205 , 2284.0818,0.0573,<LOD,21.4121,0.4302,<LOD,0.9174,6.8103,7.5765 , 0.5018,4.2085,<LOD,5.2833,0.3152,594.8657 , 98.1427,0.1978,12.6890 , 0.9691,0.5322,<LOD,1.0403,0.6333,54.5019 , 1.1184,3.7134,<LOD,0.0000,0.0000,4511.3213 , 57.6331,1.9820,<LOD,3.2931,4.9449,<LOD,0.7231,0.2619,425018.2812 , 713.3250,50.9802,5.5008 , 1.7828,4.0058,57.1106 , 0.6336,5.3197,<LOD,0.0000,0.0000,6.7939 , 0.7178,0.5442,7851.4600 , 37.4846,31.7768,2.6826 , 0.7654,0.5815,172.1062 , 10.1575,5.1571,<LOD,5.6922,0.2263,4.9240 , 0.5588,2.6594,<LOD,2.2975,0.3186,163.1181 , 1.1546,19.7540,6,428.000000,39.002132,-122.663040,10.000000,529177.000000,4317067.000000,
250,Mining,120.45,30.20,30.09,30.07,30.09,"Tue Apr 7, 2026 - 12:06:05",User,1.5,ppm,,,,,,Mining,,<LOD,1.4879,0.6283,125259.3438 , 2405.5039,2.7076,2.1371 , 1.1875,0.4090,<LOD,3.2636,0.1090,461.5468 , 21.7737,16.6364,395598.8750 , 6215.2480,<LOD,1.4924,0.1573,35558.1953 , 221.7148,41.1899,<LOD,2.2504,1.1337,<LOD,41.5085,0.5850,<LOD,49.5318,8.7786,105.0839 , 5.6362,2.8470,5.6389 , 2.7896,0.3056,25440.9883 , 136.1709,55.4372,<LOD,0.0000,0.0000,5.9061 , 2.0372,0.2585,12432.4619 , 121.1050,7.5878,30342.6270 , 3887.1558,0.0911,400.8690 , 26.8754,1.0434,<LOD,1.0560,4.4641,6.6593 , 0.5864,2.8697,<LOD,7.4404,0.2768,721.4267 , 122.1605,0.2067,9.9150 , 1.0921,0.3568,<LOD,1.3818,0.4873,51.6009 , 1.2897,2.4501,<LOD,0.0000,0.0000,4861.4375 , 67.5814,1.8124,<LOD,4.3032,3.5710,<LOD,0.9057,0.2205,360762.4688 , 810.3952,34.4153,16.4581 , 2.3902,3.1405,298.5636 , 1.7113,16.6889,<LOD,0.0000,0.0000,6.1177 , 0.8670,0.3983,7353.6396 , 50.1801,22.8264,3.7467 , 1.0669,0.5901,129.3332 , 13.0678,3.6582,<LOD,7.1580,0.1952,8.9332 , 0.6791,2.0618,27.8671 , 2.5179,0.4753,128.1335 , 1.3495,13.2488,6,426.399994,39.002140,-122.663040,10.000000,529177.375000,4317068.000000,
251,Mining,122.79,32.52,30.01,30.14,30.12,"Tue Apr 7, 2026 - 12:08:50",User,1.5,ppm,,,,,,Mining,,<LOD,1.4191,0.6067,84647.8594 , 1764.6378,1.8636,1.9212 , 1.0635,0.3566,<LOD,2.8785,0.0897,329.2393 , 20.1003,14.7741,500901.5625 , 4780.9204,<LOD,1.2819,0.1220,26460.7285 , 171.8365,30.6847,<LOD,2.1719,1.1304,<LOD,39.1839,0.5867,<LOD,45.9726,7.6839,86.3765 , 4.9740,2.6307,<LOD,4.6955,0.2829,21650.4531 , 109.0231,48.2675,<LOD,0.0000,0.0000,<LOD,2.7317,0.1963,9284.7666 , 98.7237,5.6807,20684.6211 , 3266.8174,0.0722,293.8439 , 24.7407,0.8948,<LOD,0.9886,4.3626,3.7664 , 0.5479,2.7951,<LOD,6.6089,0.2206,503.2038 , 107.2799,0.1700,4.7389 , 0.9412,0.2793,<LOD,1.1982,0.3823,38.1736 , 1.1092,1.9342,<LOD,0.0000,0.0000,2703.0649 , 50.8166,1.1245,<LOD,4.0806,3.4262,<LOD,0.7919,0.1769,325483.0312 , 696.1586,29.4330,12.5575 , 2.2526,2.9461,213.4330 , 1.3445,12.5992,<LOD,0.0000,0.0000,4.1343 , 0.7464,0.3133,6445.6875 , 41.4663,20.4009,<LOD,2.1729,0.4853,123.6383 , 11.4735,3.3397,<LOD,6.1996,0.1530,7.5496 , 0.6312,1.9113,12.1268 , 2.1685,0.3688,103.5313 , 1.1716,11.2104,5,425.299988,39.002144,-122.663025,10.000000,529178.562500,4317068.500000,
252,Mining,120.49,30.25,30.12,30.09,28.53,"Tue Apr 7, 2026 - 12:11:31",User,1.5,ppm,,,,,,Mining,,<LOD,1.4160,0.6523,96882.9531 , 1987.4161,2.1327,<LOD,1.8086,0.3512,<LOD,3.1655,0.1128,401.3278 , 20.2019,16.3520,424426.2188 , 5281.1963,<LOD,1.2570,0.1221,26333.0215 , 182.0194,32.2843,<LOD,2.1598,1.2077,<LOD,42.1201,0.6023,<LOD,48.5372,9.1858,99.6696 , 5.3611,3.0192,5.2016 , 2.7187,0.3173,24965.9434 , 127.5240,58.6043,<LOD,0.0000,0.0000,<LOD,3.4705,0.2230,9319.9131 , 102.5071,6.0371,24151.3594 , 3650.0015,0.0802,369.9503 , 25.9508,1.0605,<LOD,1.0268,4.7354,5.2085 , 0.5660,2.9816,<LOD,7.0011,0.2572,484.0320 , 116.9738,0.1803,7.7673 , 1.0174,0.3399,<LOD,1.2709,0.4696,44.4237 , 1.1812,2.2853,<LOD,0.0000,0.0000,3521.6028 , 60.6780,1.4382,<LOD,4.0622,3.6796,<LOD,0.8684,0.2217,380981.7188 , 820.0364,38.4906,16.6131 , 2.2435,3.1690,233.3501 , 1.4471,14.2150,<LOD,0.0000,0.0000,5.3589 , 0.7631,0.3530,7431.2954 , 47.4086,24.7614,1.7829 , 0.9632,0.5315,153.9399 , 12.6939,4.0703,<LOD,6.7222,0.1882,10.4932 , 0.6687,2.2247,24.5703 , 2.4055,0.4744,122.2654 , 1.2671,13.1750,5,424.100006,39.002140,-122.663025,10.000000,529178.437500,4317068.000000,
253,Mining,120.50,30.04,30.21,30.12,30.13,"Tue Apr 7, 2026 - 12:14:37",User,1.5,ppm,,,,,,Mining,,<LOD,1.4072,0.6565,148537.5938 , 2516.2617,3.1892,1.4039 , 1.0944,0.3877,5.7989 , 2.3063,0.1333,415.5774 , 20.4621,16.9159,370216.5938 , 6345.9873,<LOD,1.3742,0.1498,43726.8008 , 269.4119,57.0265,<LOD,2.1122,1.1646,<LOD,41.5366,0.6374,<LOD,50.0569,10.1915,122.3262 , 5.9127,3.4318,12.1748 , 2.8373,0.3563,26508.2773 , 160.6943,63.8948,<LOD,0.0000,0.0000,<LOD,4.6179,0.2405,9857.5830 , 110.2775,6.8697,46336.8320 , 4227.3813,0.1196,421.1739 , 26.6109,1.1610,<LOD,1.0956,4.6830,6.9717 , 0.5769,3.1215,<LOD,7.2136,0.2807,640.8267 , 116.6409,0.2052,7.7595 , 1.0140,0.3444,<LOD,1.2907,0.4957,42.6059 , 1.1920,2.2903,<LOD,0.0000,0.0000,3691.1575 , 60.9425,1.5899,<LOD,4.0258,3.6266,<LOD,0.9151,0.2382,341272.8438 , 906.9682,35.9960,13.4976 , 2.2390,3.2006,310.5725 , 1.8568,19.0447,<LOD,0.0000,0.0000,4.7559 , 0.7947,0.3736,7499.6357 , 54.6909,25.7997,3.5198 , 1.0344,0.6264,182.5784 , 13.6597,4.3842,<LOD,6.6288,0.1878,13.9250 , 0.6933,2.4380,29.4976 , 2.4750,0.5164,117.6910 , 1.3316,13.8397,4,423.399994,39.002136,-122.663002,10.000000,529180.750000,4317067.500000,
254,Mining,122.91,32.70,30.04,30.08,30.09,"Tue Apr 7, 2026 - 12:17:35",User,1.5,ppm,,,,,,Mining,,<LOD,1.3910,0.6494,149211.9062 , 2390.6494,3.2027,1.1930 , 1.0694,0.3859,3.8166 , 2.1665,0.1232,404.1203 , 20.3317,16.9165,383106.5000 , 5866.0708,<LOD,1.3659,0.1551,41383.4609 , 249.9712,53.7338,<LOD,2.1143,1.1848,<LOD,41.2131,0.6547,<LOD,49.1745,10.3550,123.0588 , 5.7674,3.3276,18.7508 , 2.9286,0.3981,27127.4258 , 150.5791,65.4638,<LOD,0.0000,0.0000,<LOD,2.6440,0.2154,9240.0908 , 105.8697,6.4229,33771.0352 , 3807.4429,0.0984,471.8212 , 26.8675,1.2489,<LOD,1.1118,4.7430,6.9263 , 0.5660,3.1522,<LOD,7.1264,0.2881,665.7217 , 119.7880,0.2239,8.0367 , 0.9963,0.3489,<LOD,1.2888,0.5013,43.1417 , 1.1687,2.3197,<LOD,0.0000,0.0000,2797.5698 , 53.1059,1.2548,<LOD,4.0058,3.6252,<LOD,0.8722,0.2270,343762.1562 , 851.9677,36.0150,13.0693 , 2.2340,3.2283,313.3202 , 1.7723,19.1766,<LOD,0.0000,0.0000,4.5412 , 0.7829,0.3768,7180.7646 , 50.9584,24.6164,4.0637 , 1.0163,0.6345,173.4567 , 13.2272,4.1676,<LOD,6.9982,0.2203,14.3709 , 0.6826,2.4809,30.8735 , 2.4540,0.5319,118.7866 , 1.2928,13.9450,4,423.399994,39.002132,-122.662956,10.000000,529184.062500,4317067.000000,
255,Mining,120.09,30.25,30.16,30.15,29.53,"Tue Apr 7, 2026 - 12:20:23",User,1.5,ppm,,,,,,Mining,,<LOD,1.5205,0.6299,140632.8906 , 2717.7390,3.0210,<LOD,1.9097,0.3714,<LOD,3.4618,0.1162,454.8131 , 22.4410,16.7662,377848.2812 , 6922.0425,<LOD,1.5545,0.1615,42816.7383 , 256.6132,50.5072,<LOD,2.3022,1.1366,<LOD,44.4195,0.6324,<LOD,52.6342,9.5603,123.1340 , 5.9075,3.0929,17.2266 , 3.1076,0.3604,27248.7109 , 157.6323,59.5498,<LOD,0.0000,0.0000,4.8885 , 2.0033,0.2378,9935.1904 , 110.5649,6.2798,39087.0039 , 4322.3022,0.1062,424.1559 , 27.8720,1.0813,1.4516 , 0.7251,4.4792,7.4514 , 0.6084,2.9210,<LOD,7.7149,0.2745,739.7599 , 129.1000,0.2182,11.4153 , 1.1485,0.3732,<LOD,1.4185,0.4937,45.1052 , 1.2559,2.1616,<LOD,0.0000,0.0000,4351.8755 , 66.9963,1.6704,<LOD,4.4289,3.6255,<LOD,0.9480,0.2286,348182.2188 , 872.8723,33.4687,13.2650 , 2.4489,3.1508,321.7775 , 1.9051,17.8270,<LOD,0.0000,0.0000,5.0766 , 0.8819,0.3797,7397.8584 , 52.7869,23.0025,2.3076 , 1.0754,0.5665,156.7933 , 13.4282,3.8032,<LOD,6.8875,0.1706,15.2257 , 0.7409,2.3473,31.8627 , 2.6476,0.4984,123.4991 , 1.3968,13.0520,4,419.600006,39.002430,-122.662895,10.000000,529189.812500,4317100.500000,
256,Mining,120.34,30.03,30.08,30.12,30.11,"Tue Apr 7, 2026 - 12:23:35",User,1.5,ppm,,,,,,Mining,,<LOD,1.4584,0.5914,86452.4062 , 1886.1034,1.8920,<LOD,1.5459,0.2699,<LOD,3.2794,0.1074,441.5803 , 21.6226,15.9778,519073.7188 , 5291.0303,<LOD,1.4058,0.1359,43974.3633 , 246.7797,55.0716,<LOD,2.2392,1.1016,<LOD,39.0553,0.6673,<LOD,58.8183,13.5386,135.3412 , 6.3581,3.4493,19.0245 , 3.1558,0.3855,37972.2656 , 156.3751,87.3532,<LOD,0.0000,0.0000,<LOD,3.7894,0.2203,8125.8286 , 104.8762,5.5239,35569.4180 , 3840.5918,0.0976,765.8262 , 32.2798,1.6752,<LOD,1.0582,4.4653,6.5372 , 0.6008,3.0243,<LOD,8.2827,0.3007,835.0560 , 118.5619,0.2467,6.3732 , 1.0395,0.3135,<LOD,1.3151,0.4312,39.2944 , 1.1665,1.9198,<LOD,0.0000,0.0000,2065.3049 , 44.5136,0.9781,<LOD,4.2928,3.4799,<LOD,0.9060,0.2138,257190.9844 , 666.3622,23.8918,14.6087 , 2.3733,3.0209,302.5015 , 1.6798,16.7607,<LOD,0.0000,0.0000,4.4585 , 0.8103,0.3332,6624.2646 , 48.8125,21.9323,<LOD,2.5575,0.5404,185.3125 , 13.9396,3.8872,<LOD,7.4027,0.2043,20.1813 , 0.7664,2.6057,61.3666 , 3.1111,0.7133,113.9868 , 1.3000,12.2491,4,418.200012,39.002136,-122.662918,10.000000,529187.375000,4317067.500000,
257,Mining,122.93,32.57,30.11,30.05,30.20,"Tue Apr 7, 2026 - 12:26:40",User,1.5,ppm,,,,,,Mining,,<LOD,1.4607,0.6084,135114.8438 , 2611.9500,2.9061,<LOD,1.5009,0.2352,<LOD,3.2335,0.1053,466.2454 , 21.6902,16.4079,382657.7812 , 6787.5732,<LOD,1.4568,0.1469,42493.8398 , 265.0018,52.2465,<LOD,2.2435,1.1368,<LOD,43.3957,0.6831,<LOD,56.7953,12.3295,127.4189 , 6.2642,3.3138,17.5763 , 3.0824,0.3687,34936.9844 , 187.3121,79.2317,<LOD,0.0000,0.0000,<LOD,2.8534,0.2076,7934.1914 , 104.9272,5.3073,50385.2852 , 4463.3687,0.1244,564.7356 , 29.4388,1.3469,<LOD,1.0491,4.2740,6.7675 , 0.6003,2.9311,<LOD,8.3572,0.3284,839.3702 , 126.4366,0.2373,9.2153 , 1.0694,0.3351,<LOD,1.4259,0.4912,39.8465 , 1.1854,1.9656,<LOD,0.0000,0.0000,1228.0809 , 40.6083,0.6688,<LOD,4.2856,3.5737,<LOD,0.8494,0.1834,335718.0938 , 857.2941,32.8606,17.0143 , 2.3683,3.0939,297.3651 , 1.8084,16.5013,<LOD,0.0000,0.0000,2.4337 , 0.7992,0.3093,6729.2637 , 52.0028,21.7843,4.0625 , 1.0538,0.5644,198.6219 , 13.9729,3.8904,<LOD,7.6627,0.2200,21.4047 , 0.7711,2.6376,72.5019 , 3.2579,0.7821,117.0549 , 1.3404,12.3322,5,407.200012,39.002144,-122.662956,10.000000,529184.062500,4317068.500000,
258,Mining,123.05,32.63,30.15,30.14,30.13,"Tue Apr 7, 2026 - 12:29:21",User,1.5,ppm,,,,,,Mining,,<LOD,1.6996,0.5991,113310.5859 , 2196.5110,2.4493,<LOD,1.7081,0.2584,4.1374 , 2.5836,0.1111,548.2281 , 25.6540,16.4851,442222.0000 , 5963.2744,<LOD,1.6627,0.1471,36303.7461 , 279.3140,49.4501,<LOD,2.5616,1.0624,<LOD,37.6211,0.6937,<LOD,80.8900,27.3799,118.8719 , 8.2515,4.1822,11.5685 , 3.3818,0.3486,78568.2656 , 287.2081,196.1499,<LOD,0.0000,0.0000,5.7904 , 2.2161,0.2275,5920.0317 , 115.2956,4.5120,39718.9375 , 4138.6885,0.1055,3188.3452 , 57.0587,5.8194,<LOD,1.1832,4.0035,5.2526 , 0.6631,2.6331,82.2105 , 7.4704,0.3316,837.4926 , 113.7448,0.2569,4.6594 , 1.1423,0.2897,<LOD,1.5337,0.4389,40.9136 , 1.3012,1.7972,<LOD,0.0000,0.0000,1616.7578 , 39.2394,0.8488,<LOD,4.9744,3.4089,<LOD,1.0369,0.2051,271372.3438 , 692.9591,27.1849,21.6020 , 2.7940,3.1131,312.2222 , 1.9138,15.4992,<LOD,0.0000,0.0000,<LOD,1.6564,0.2539,5434.7915 , 55.5990,19.8109,2.3759 , 1.1598,0.5091,148.5878 , 16.1470,3.6345,<LOD,8.0500,0.1868,22.9353 , 0.8657,2.4921,54.2475 , 3.2646,0.6161,123.0997 , 1.4735,11.5427,5,404.299988,39.002098,-122.662964,10.000000,529183.750000,4317063.500000,
259,Mining,120.24,30.13,30.09,30.02,30.00,"Tue Apr 7, 2026 - 12:44:20",User,1.5,ppm,,,,,,Mining,,<LOD,1.6289,0.5264,109545.2500 , 2762.9834,2.3648,<LOD,1.5621,0.1934,<LOD,3.0898,0.0694,455.5624 , 23.4999,13.4233,449734.5000 , 7103.7202,<LOD,1.4686,0.1089,39898.7070 , 244.5620,41.9096,<LOD,2.4302,0.9207,<LOD,45.1114,0.5980,<LOD,65.2735,12.6560,126.2115 , 6.7185,2.9592,9.9625 , 3.1667,0.2852,41724.4180 , 171.4008,81.2145,<LOD,0.0000,0.0000,<LOD,4.2460,0.1759,6990.4160 , 104.9960,4.0851,31283.1816 , 4416.0566,0.0894,623.1312 , 32.3105,1.2717,<LOD,1.1349,3.6734,5.1155 , 0.6389,2.4248,<LOD,8.9000,0.2395,842.8932 , 134.7898,0.2147,5.2659 , 1.0866,0.2517,<LOD,1.4036,0.3477,39.7459 , 1.2440,1.6099,<LOD,0.0000,0.0000,1404.9551 , 45.2405,0.6702,<LOD,4.6494,2.8885,<LOD,0.9058,0.1601,310445.7812 , 748.1498,25.2588,17.7602 , 2.5889,2.5595,276.6262 , 1.7087,12.8078,<LOD,0.0000,0.0000,4.4512 , 0.8507,0.2707,6168.4336 , 49.5754,17.2919,1.9893 , 1.0896,0.4390,191.5992 , 14.4165,3.1754,<LOD,7.5862,0.1572,18.9071 , 0.8062,2.1124,76.3234 , 3.5739,0.6927,108.8249 , 1.3498,9.6956,6,405.299988,39.002083,-122.662956,10.000000,529184.062500,4317061.500000,
260,Mining,120.32,30.00,30.21,30.02,27.70,"Tue Apr 7, 2026 - 12:47:16",User,1.5,ppm,,,,,,Mining,,<LOD,1.5910,0.6251,138280.5781 , 2833.1880,2.9702,<LOD,1.6756,0.2647,<LOD,3.5194,0.1081,487.7338 , 23.3553,16.3778,373923.5625 , 7277.1182,<LOD,1.4740,0.1306,44090.6172 , 281.5581,53.5302,<LOD,2.3561,1.0711,<LOD,44.1657,0.6176,<LOD,62.8414,13.6224,129.4760 , 6.6787,3.3601,23.5535 , 3.3804,0.3871,39251.6953 , 213.0888,87.5173,<LOD,0.0000,0.0000,4.5850 , 2.1592,0.2422,7785.2988 , 108.7707,5.1744,46131.5547 , 4701.6416,0.1169,778.6340 , 34.1139,1.6390,1.1001 , 0.7507,4.2592,6.4858 , 0.6353,2.8261,<LOD,8.7281,0.2858,1317.6498 , 153.2190,0.3164,10.1341 , 1.1662,0.3457,<LOD,1.4671,0.4781,41.0012 , 1.2626,1.9318,<LOD,0.0000,0.0000,1669.3350 , 47.3059,0.8052,<LOD,4.5810,3.5015,<LOD,0.9430,0.1993,338451.5000 , 894.8832,32.9099,12.8644 , 2.5238,3.0132,309.7151 , 1.9557,16.5337,<LOD,0.0000,0.0000,4.9634 , 0.8605,0.3319,6908.0669 , 56.0339,22.2534,3.3166 , 1.1213,0.5497,169.8125 , 14.7210,3.8397,<LOD,8.0227,0.2103,23.3865 , 0.8345,2.6737,64.5597 , 3.3232,0.7099,118.8051 , 1.4301,12.1242,7,405.899994,39.002090,-122.662964,10.000000,529183.500000,4317062.500000,
261,Mining,120.33,30.04,30.02,30.08,28.69,"Tue Apr 7, 2026 - 12:50:04",User,1.5,ppm,,,,,,Mining,,<LOD,2.1030,0.5942,129093.3438 , 3083.8513,2.7754,<LOD,1.7386,0.2308,3.9998 , 2.5953,0.1023,549.3464 , 24.8452,15.0346,379922.3750 , 8014.2476,<LOD,1.6951,0.1388,42694.8164 , 273.5000,47.3734,<LOD,2.5101,0.9807,<LOD,46.6070,0.6265,<LOD,71.5866,15.4243,130.3324 , 7.1171,3.2217,18.3077 , 3.4693,0.3293,48837.5586 , 231.1982,99.1896,<LOD,0.0000,0.0000,3.1258 , 2.2502,0.2098,8046.1211 , 115.1863,4.9057,41891.0547 , 4926.5537,0.1088,682.9428 , 34.0365,1.4310,1.2210 , 0.7975,3.8342,7.1092 , 0.6744,2.5473,<LOD,9.8378,0.2750,912.3644 , 137.8915,0.2265,8.2168 , 1.2046,0.2949,<LOD,1.5116,0.4066,41.9941 , 1.3272,1.7230,<LOD,0.0000,0.0000,2186.6355 , 52.6704,0.9163,<LOD,4.8150,3.0830,<LOD,1.0558,0.1942,337621.9688 , 838.2132,29.8962,20.6360 , 2.6967,2.7855,312.1469 , 1.9864,14.5565,<LOD,0.0000,0.0000,4.5401 , 0.9493,0.3093,6608.8037 , 55.3206,19.4685,2.3706 , 1.1649,0.4740,183.0387 , 15.3073,3.4753,<LOD,8.5121,0.1905,22.0613 , 0.8662,2.3052,70.3467 , 3.5997,0.6731,123.2392 , 1.5013,10.8829,7,406.200012,39.002094,-122.662979,10.000000,529182.625000,4317063.000000,
262,Mining,45.92,30.25,15.67,,,"Tue Apr 7, 2026 - 12:51:32",User,1.5,ppm,,,,,,Mining,,<LOD,7.1546,32.4199,,,,4.3925 , 1.4056,0.4501,<LOD,3.7633,0.1103,,,,909601.6875 , 630.2819,<LOD,1.5835,0.1343,41442.5703 , 329.3801,44.6296,<LOD,7.7025,31.9811,,,,<LOD,59.6124,10.4653,128.7623 , 9.6652,3.1753,5.8260 , 3.2357,0.3139,32444.7246 , 122.5319,66.2115,<LOD,0.0000,0.0000,<LOD,4.4262,0.2215,7751.6562 , 158.1569,5.1066,,,,471.7627 , 30.7390,1.1325,<LOD,1.2283,4.5943,5.8301 , 0.6821,2.9530,<LOD,8.5364,0.2552,,,,10.9654 , 1.2496,0.3545,<LOD,8.2331,38.0080,41.9262 , 1.3690,2.1006,<LOD,0.0000,0.0000,,,,<LOD,13.1789,34.0347,<LOD,1.0240,0.2121,,,,<LOD,9.2400,28.2989,303.9174 , 1.7628,16.6224,<LOD,0.0000,0.0000,6.0442 , 0.9450,0.3669,7400.5391 , 73.7455,22.7914,3.1844 , 1.2068,0.5750,174.4852 , 21.8727,3.8568,<LOD,8.0913,0.1896,9.7354 , 0.7796,2.0770,67.0371 , 3.5025,0.7038,124.9625 , 1.4824,13.0867,5,406.600006,39.002102,-122.662979,10.000000,529182.312500,4317064.000000,
263,Mining,120.53,30.29,30.03,30.08,30.13,"Tue Apr 7, 2026 - 12:56:42",User,1.5,ppm,,,,,,Mining,,<LOD,1.3697,0.6223,133397.4219 , 2318.8354,2.8760,2.4436 , 1.1382,0.4239,<LOD,3.1223,0.1118,441.0703 , 20.4411,17.0942,384831.7812 , 5974.6675,<LOD,1.3697,0.1480,35901.5352 , 227.0932,46.0262,<LOD,2.0765,1.1239,<LOD,39.8756,0.6158,<LOD,52.0781,11.3232,115.6719 , 5.5735,3.2191,7.5880 , 2.7474,0.3324,30097.0176 , 160.8286,72.5140,<LOD,0.0000,0.0000,<LOD,3.5726,0.2260,7594.4800 , 95.7034,5.2584,41587.2969 , 3976.6704,0.1094,474.8815 , 27.3670,1.2661,<LOD,1.0195,4.6412,6.1235 , 0.5691,3.0165,<LOD,7.5013,0.2979,662.5864 , 116.8974,0.2146,8.8826 , 1.0381,0.3604,<LOD,1.2991,0.5056,41.2446 , 1.1711,2.2042,<LOD,0.0000,0.0000,2553.4758 , 50.6298,1.1436,<LOD,4.0610,3.7588,<LOD,0.8520,0.2158,354767.7500 , 855.3965,36.7792,14.3535 , 2.2317,3.1984,296.6731 , 1.7336,17.9135,<LOD,0.0000,0.0000,5.4735 , 0.8015,0.3821,6836.9038 , 48.7914,23.4861,4.7725 , 1.0374,0.6271,156.1790 , 12.6806,3.9493,<LOD,7.0382,0.2110,10.4142 , 0.6581,2.1766,63.6870 , 3.0243,0.7675,120.3055 , 1.3117,13.6738,,,,,,,,
264,Mining,123.08,32.74,30.19,30.08,30.07,"Tue Apr 7, 2026 - 12:59:48",User,1.5,ppm,,,,,,Mining,,<LOD,1.4581,0.6902,118716.4375 , 2135.8752,2.5860,6.2529 , 1.2490,0.5390,<LOD,3.2711,0.1226,446.6712 , 20.8585,17.3030,410036.5312 , 5454.3833,<LOD,1.4810,0.1727,29216.7871 , 205.0468,36.8579,<LOD,2.1587,1.1884,<LOD,41.6331,0.6479,<LOD,52.8707,11.8142,117.2461 , 5.8713,3.2931,11.0681 , 2.8282,0.3520,32030.8398 , 152.7392,76.6341,<LOD,0.0000,0.0000,7.4843 , 2.0245,0.2870,8319.9375 , 103.7762,5.6022,23139.7930 , 3668.5061,0.0854,344.0735 , 25.0329,1.0730,<LOD,1.0212,4.6357,5.6662 , 0.5671,2.9825,<LOD,7.2162,0.2549,1001.6740 , 135.1585,0.2797,9.9740 , 1.0659,0.3790,<LOD,1.3166,0.5037,42.6663 , 1.1761,2.2358,<LOD,0.0000,0.0000,18764.6191 , 126.6165,6.8155,<LOD,4.1486,3.7981,<LOD,0.8702,0.2228,350093.9062 , 795.1409,36.0903,19.3113 , 2.3063,3.3394,272.3188 , 1.5851,16.2709,<LOD,0.0000,0.0000,5.6954 , 0.8428,0.4097,7070.8154 , 49.6744,24.1843,4.5163 , 1.0343,0.6163,133.8734 , 13.2294,3.9374,<LOD,6.9472,0.2055,8.9651 , 0.6478,2.0960,47.9695 , 2.7841,0.6503,124.8656 , 1.2939,13.5879,,,,,,,,
265,Mining,120.66,30.22,30.10,30.07,30.27,"Tue Apr 7, 2026 - 13:02:25",User,1.5,ppm,,,,,,Mining,,<LOD,1.4060,0.6371,120965.5703 , 2078.0947,2.6234,4.6041 , 1.1966,0.4890,<LOD,3.0699,0.1081,455.4676 , 20.8895,17.4496,403288.5000 , 5332.4551,<LOD,1.3928,0.1537,30790.7793 , 204.8484,39.6184,<LOD,2.1426,1.1667,<LOD,39.0306,0.6104,<LOD,53.4277,12.1764,110.7878 , 5.6121,3.2025,8.8541 , 2.7784,0.3418,31930.5293 , 152.1840,77.7279,<LOD,0.0000,0.0000,17.5944 , 2.2660,0.3763,7819.6279 , 98.0398,5.3958,27548.2812 , 3532.2380,0.0856,404.0119 , 26.0250,1.1717,<LOD,1.0269,4.7485,6.3535 , 0.5694,3.0407,<LOD,7.4011,0.2757,729.5004 , 118.7316,0.2283,8.8807 , 1.0457,0.3674,<LOD,1.3022,0.4917,43.3283 , 1.1749,2.2580,<LOD,0.0000,0.0000,3239.1570 , 54.8125,1.3871,<LOD,4.1129,3.7015,<LOD,0.8501,0.2176,364767.5000 , 799.6025,38.1421,17.2103 , 2.2928,3.2898,281.7796 , 1.6212,17.1096,<LOD,0.0000,0.0000,5.7422 , 0.8121,0.3925,7225.7568 , 48.8764,25.0786,1.8486 , 1.0175,0.5967,145.2351 , 13.0165,4.0992,<LOD,6.8889,0.2031,9.5053 , 0.6547,2.1607,48.1388 , 2.7968,0.6608,125.4413 , 1.3053,13.9462,,,,,,,,
266,Mining,120.42,30.26,30.03,30.09,30.04,"Tue Apr 7, 2026 - 13:13:06",User,1.5,ppm,,,,,,Mining,,<LOD,1.2740,0.6244,124972.3594 , 1997.9739,2.6898,<LOD,1.2542,0.2336,<LOD,2.6864,0.0968,321.9150 , 18.1556,15.4497,482938.2188 , 4733.6318,<LOD,1.1470,0.1209,28937.1230 , 177.3325,36.4699,<LOD,1.9475,1.1591,<LOD,39.5692,0.6298,<LOD,42.5826,8.1154,104.1269 , 4.9407,3.0474,5.6868 , 2.5385,0.3273,21177.7949 , 108.3435,51.3913,<LOD,0.0000,0.0000,<LOD,2.3810,0.1947,4679.0571 , 71.2474,3.2990,17693.7500 , 3061.0347,0.0685,295.8078 , 23.1452,0.9634,<LOD,0.9104,4.5570,3.0299 , 0.5033,2.9143,<LOD,6.1470,0.2373,744.9644 , 119.3207,0.2283,3.8365 , 0.8487,0.2810,<LOD,1.1086,0.4201,25.0658 , 0.9052,1.5152,<LOD,0.0000,0.0000,1279.2814 , 40.0593,0.7152,<LOD,3.7062,3.6460,<LOD,0.7303,0.1843,310220.0625 , 725.2850,29.9397,14.8880 , 2.0424,3.1099,251.4404 , 1.4084,16.0813,<LOD,0.0000,0.0000,3.4119 , 0.6640,0.3054,6019.7427 , 39.6585,20.6668,<LOD,2.1323,0.5343,173.4032 , 11.1357,3.6769,<LOD,6.1821,0.1887,7.8146 , 0.5669,1.9286,30.4199 , 2.3468,0.5349,96.7877 , 1.1040,12.0979,,,,,,,,
267,Mining,120.33,30.10,30.06,30.14,29.12,"Tue Apr 7, 2026 - 13:15:57",User,1.5,ppm,,,,,,Mining,,<LOD,1.3118,0.6331,123700.4766 , 2155.1646,2.6639,<LOD,1.3593,0.2475,<LOD,2.8628,0.0986,344.3421 , 18.5634,15.4194,473637.5000 , 5312.7827,<LOD,1.2748,0.1340,35929.5664 , 214.1246,46.1858,<LOD,1.9920,1.1598,<LOD,39.7306,0.6224,<LOD,48.2171,9.7144,108.5751 , 5.3539,3.1289,<LOD,3.7845,0.2898,25211.6895 , 130.5391,61.2890,<LOD,0.0000,0.0000,<LOD,2.6280,0.2152,4994.3984 , 78.2365,3.5994,30852.2363 , 3605.9192,0.0908,406.4861 , 26.0478,1.1452,<LOD,0.9740,4.5324,2.5834 , 0.5352,2.8312,<LOD,6.7348,0.2449,651.6829 , 116.6502,0.2126,5.1188 , 0.9169,0.2943,<LOD,1.1508,0.4338,25.6687 , 0.9623,1.5232,<LOD,0.0000,0.0000,961.0482 , 37.8459,0.6196,<LOD,3.7419,3.5121,<LOD,0.7420,0.1660,296345.7188 , 758.5665,28.9760,14.4280 , 2.0721,3.0457,267.8842 , 1.5567,16.7617,<LOD,0.0000,0.0000,2.1746 , 0.7045,0.2919,6223.0415 , 43.9114,21.4915,1.6896 , 0.9458,0.5459,169.7595 , 12.0847,3.7715,<LOD,6.6831,0.1984,9.1497 , 0.6091,1.9891,37.8445 , 2.5883,0.5855,96.9556 , 1.1740,12.0366,,,,,,,,
268,Mining,120.53,30.10,30.21,30.09,30.13,"Tue Apr 7, 2026 - 13:19:21",User,1.5,ppm,,,,,,Mining,,<LOD,1.7555,0.6695,122554.5000 , 1993.8577,2.6381,<LOD,1.2720,0.2235,<LOD,2.7322,0.0988,322.9499 , 18.4593,15.4245,486459.1562 , 4902.2549,<LOD,1.1942,0.1294,30808.1016 , 185.8922,39.1046,<LOD,1.9803,1.1572,<LOD,38.2504,0.6263,<LOD,43.2428,8.2856,109.3120 , 4.9939,3.0666,<LOD,5.9079,0.3127,21274.8926 , 111.0751,51.8617,<LOD,0.0000,0.0000,<LOD,2.3565,0.1898,4673.4341 , 71.9725,3.3242,26437.8066 , 3250.4661,0.0829,324.6014 , 23.8351,1.0111,<LOD,0.9132,4.5170,3.1635 , 0.5099,2.9515,<LOD,6.2090,0.2378,753.4026 , 117.7992,0.2369,5.7676 , 0.8970,0.3104,<LOD,1.1178,0.4117,23.6246 , 0.8969,1.4561,<LOD,0.0000,0.0000,1277.8439 , 38.8489,0.7169,<LOD,3.7417,3.5617,<LOD,0.7415,0.1881,298448.1562 , 715.8517,28.7722,14.5599 , 2.0751,3.0977,255.5822 , 1.4414,16.3925,<LOD,0.0000,0.0000,2.9377 , 0.6774,0.3070,5950.6572 , 39.9720,20.4803,<LOD,2.1430,0.5373,167.1191 , 11.1540,3.6175,<LOD,5.9939,0.1748,9.9119 , 0.5888,2.0636,26.2887 , 2.2867,0.5014,96.2617 , 1.1156,12.1384,,,,,,,,
269,Mining,120.45,30.27,30.11,30.03,30.04,"Tue Apr 7, 2026 - 13:22:12",User,1.5,ppm,,,,,,Mining,,<LOD,1.1851,0.6567,138650.9062 , 1860.4324,2.9674,<LOD,1.3216,0.2991,<LOD,2.6542,0.1063,311.4594 , 16.8588,16.4455,482072.5000 , 4373.7930,<LOD,1.1233,0.1304,7700.3457 , 87.7234,10.0031,<LOD,1.8466,1.2790,<LOD,37.6203,0.6013,<LOD,34.1655,5.4094,108.2605 , 4.5794,3.1641,10.4768 , 2.5917,0.3791,13025.6113 , 81.9026,33.3127,<LOD,0.0000,0.0000,<LOD,2.4138,0.2306,4997.9683 , 68.3901,3.4245,12224.2393 , 2569.8105,0.0578,73.8766 , 18.4107,0.6173,<LOD,0.9169,5.2074,5.2091 , 0.5117,3.3709,<LOD,5.6587,0.2527,752.3043 , 113.2033,0.2198,6.0892 , 0.8738,0.3372,<LOD,1.0664,0.4744,31.7627 , 0.9607,2.0070,<LOD,0.0000,0.0000,1337.8555 , 38.9717,0.7230,<LOD,3.4370,3.8228,<LOD,0.7228,0.2041,330115.7500 , 716.7907,32.0687,12.8731 , 1.8946,3.2640,174.6582 , 1.1334,12.4885,<LOD,0.0000,0.0000,4.3215 , 0.6678,0.3601,8037.0112 , 42.1341,28.6061,2.9297 , 0.8535,0.5655,211.4432 , 11.4712,4.8694,<LOD,5.9129,0.1924,5.2294 , 0.5433,1.9925,7.9304 , 1.8791,0.3808,119.0408 , 1.1183,14.2692,,,,,,,,
270,Mining,120.64,30.19,30.08,30.30,30.07,"Tue Apr 7, 2026 - 13:25:28",User,1.5,ppm,,,,,,Mining,,<LOD,1.4790,0.5777,90008.6328 , 2035.0229,1.9584,<LOD,1.3389,0.1963,<LOD,2.8577,0.0805,320.2653 , 20.4671,13.3202,557519.7500 , 5078.4512,<LOD,1.2232,0.1012,34944.1211 , 192.9421,37.3576,<LOD,2.2277,1.0407,<LOD,44.9572,0.6558,<LOD,46.6379,7.2572,116.5467 , 5.3004,2.6876,<LOD,4.8026,0.2661,22230.9590 , 106.9168,45.3356,<LOD,0.0000,0.0000,<LOD,2.4673,0.1533,4316.9883 , 73.4253,2.6951,14366.0244 , 3337.8887,0.0613,298.6449 , 25.0654,0.8434,<LOD,0.9682,3.7884,1.4618 , 0.5371,2.4380,<LOD,6.8366,0.2194,518.6753 , 123.2116,0.1865,3.1594 , 0.9054,0.2350,<LOD,1.2281,0.3510,22.6721 , 0.9380,1.1839,<LOD,0.0000,0.0000,2642.7170 , 53.5334,1.0491,<LOD,4.1808,3.1523,<LOD,0.7850,0.1577,266456.3125 , 678.7105,21.1496,13.6123 , 2.3043,2.6946,247.1075 , 1.4382,13.2199,<LOD,0.0000,0.0000,3.5099 , 0.7096,0.2568,5683.6904 , 39.1872,16.4130,<LOD,2.2193,0.4506,168.9758 , 11.5011,2.9630,<LOD,6.4455,0.1508,7.3211 , 0.6032,1.6089,20.8523 , 2.3787,0.4049,88.0113 , 1.1328,9.5613,,,,,,,,
271,Mining,120.27,30.04,30.02,30.09,29.22,"Tue Apr 7, 2026 - 13:28:17",User,1.5,ppm,,,,,,Mining,,<LOD,1.5489,0.6467,141226.7656 , 2671.7964,3.0226,<LOD,1.5551,0.2469,<LOD,3.3546,0.1047,488.4656 , 22.7375,17.2059,403526.5000 , 6666.6045,<LOD,1.4668,0.1373,36977.2109 , 220.2331,41.2655,<LOD,2.3489,1.1739,<LOD,43.4785,0.5904,<LOD,50.3241,8.1121,129.2470 , 5.7613,3.0139,10.2481 , 3.0189,0.3229,24458.1289 , 135.2930,51.4450,<LOD,0.0000,0.0000,<LOD,3.0580,0.2029,5018.0137 , 80.0243,3.1917,27669.4980 , 3851.3152,0.0844,359.1238 , 27.2628,0.9595,<LOD,1.1773,4.2625,6.5117 , 0.5922,2.7647,<LOD,7.8476,0.2876,879.8596 , 132.9555,0.2268,7.4779 , 1.0611,0.3044,<LOD,1.4218,0.4891,27.8531 , 1.0545,1.4177,<LOD,0.0000,0.0000,1800.0670 , 47.5517,0.8044,<LOD,4.4941,3.7057,<LOD,0.9064,0.1969,349797.0312 , 812.8860,31.3277,14.4914 , 2.4814,3.2093,307.7255 , 1.7926,16.6667,<LOD,0.0000,0.0000,3.7502 , 0.8208,0.3109,6927.4004 , 47.7592,20.6820,<LOD,2.0113,0.4968,205.4808 , 13.0611,3.6860,<LOD,7.3929,0.1877,10.8778 , 0.6746,1.8836,30.6385 , 2.6685,0.4816,117.6878 , 1.3559,12.2404,,,,,,,,
272,Mining,120.46,30.26,30.07,30.03,28.63,"Tue Apr 7, 2026 - 13:31:12",User,1.5,ppm,,,,,,Mining,,<LOD,1.3604,0.6314,140023.6719 , 2485.1655,3.0039,<LOD,1.3516,0.2308,<LOD,2.8085,0.0935,384.4460 , 19.7514,16.2387,425687.1562 , 6016.3472,<LOD,1.2634,0.1303,38297.1836 , 232.5149,47.7355,<LOD,2.0911,1.1855,<LOD,42.3035,0.6191,<LOD,47.1710,9.1429,124.1375 , 5.5785,3.1814,5.6882 , 2.6397,0.3157,24636.4004 , 137.7563,57.8802,<LOD,0.0000,0.0000,<LOD,2.5459,0.1994,4937.1660 , 79.3106,3.4842,34738.0820 , 3961.1641,0.0991,349.4960 , 24.9793,1.0319,<LOD,0.9641,4.4874,4.3944 , 0.5333,2.8736,<LOD,6.8149,0.2584,805.3884 , 129.0287,0.2353,6.1567 , 0.9442,0.3085,<LOD,1.2072,0.4437,26.1320 , 0.9574,1.4906,<LOD,0.0000,0.0000,3430.7915 , 59.9666,1.4402,<LOD,3.9638,3.6729,<LOD,0.7881,0.1933,319630.6250 , 837.9421,31.1938,19.4905 , 2.2075,3.2370,276.3997 , 1.6237,16.7486,<LOD,0.0000,0.0000,3.8657 , 0.7256,0.3195,6278.7085 , 46.1319,20.9346,<LOD,2.1008,0.5243,188.2466 , 12.4722,3.7522,<LOD,6.4996,0.1856,11.8395 , 0.6289,2.1014,30.6356 , 2.4423,0.5160,103.9129 , 1.2078,12.2679,,,,,,,,
273,Mining,120.36,30.14,30.04,30.07,30.11,"Tue Apr 7, 2026 - 13:34:12",User,1.5,ppm,,,,,,Mining,,<LOD,1.3659,0.6389,157235.8750 , 2575.1677,3.3613,<LOD,1.4661,0.2793,<LOD,2.9950,0.1029,422.7491 , 20.0112,16.7575,379272.7188 , 6435.4478,<LOD,1.3045,0.1344,40387.2617 , 254.2145,52.2427,<LOD,2.0786,1.1709,<LOD,41.8684,0.6618,<LOD,51.2711,10.8379,125.4252 , 5.7761,3.3609,9.5285 , 2.7821,0.3407,28433.5234 , 167.0692,68.5626,<LOD,0.0000,0.0000,<LOD,3.7376,0.2275,5405.6870 , 83.8026,3.8979,47366.0000 , 4164.5845,0.1208,470.5565 , 27.4201,1.2505,<LOD,1.0080,4.5679,5.6371 , 0.5610,2.9507,<LOD,7.4267,0.2955,732.0322 , 123.7652,0.2348,6.6618 , 0.9819,0.3225,<LOD,1.2790,0.5045,31.0831 , 1.0472,1.7315,<LOD,0.0000,0.0000,2260.4285 , 49.5809,1.0621,<LOD,3.9786,3.7157,<LOD,0.8222,0.2013,330579.2500 , 890.0935,33.7460,19.0191 , 2.2073,3.2415,298.4158 , 1.8042,18.1582,<LOD,0.0000,0.0000,4.6234 , 0.7603,0.3432,6584.8838 , 50.0295,22.6285,1.9603 , 0.9839,0.5638,184.6831 , 12.9413,3.9870,<LOD,6.9359,0.2050,12.3084 , 0.6552,2.1849,37.2093 , 2.6081,0.5706,112.4905 , 1.2987,13.1949,,,,,,,,
274,Mining,120.52,30.23,30.04,30.16,29.52,"Tue Apr 7, 2026 - 13:36:57",User,1.5,ppm,,,,,,Mining,,<LOD,1.3615,0.6539,158083.5469 , 2526.8704,3.3791,<LOD,1.4374,0.2718,<LOD,3.0747,0.1140,421.9953 , 19.8691,17.0459,382033.0312 , 6233.2822,<LOD,1.3032,0.1405,40522.7266 , 251.0909,53.1622,<LOD,2.0618,1.1855,<LOD,41.4947,0.6567,<LOD,49.6787,10.5362,122.8120 , 5.6425,3.3795,7.3889 , 2.6895,0.3332,27237.1211 , 160.6808,66.7870,<LOD,0.0000,0.0000,<LOD,2.6320,0.2134,5404.9243 , 82.2059,3.9696,45355.2266 , 4078.6057,0.1172,468.8692 , 27.0131,1.2569,<LOD,0.9903,4.6189,4.8018 , 0.5489,2.9541,<LOD,7.1804,0.2896,939.8864 , 130.5895,0.2702,7.7891 , 0.9872,0.3418,<LOD,1.2292,0.4772,31.7244 , 1.0441,1.8066,<LOD,0.0000,0.0000,1310.8948 , 41.2861,0.7324,<LOD,3.9343,3.7262,<LOD,0.8100,0.2010,330702.3750 , 891.5835,34.2988,14.5701 , 2.1731,3.2165,297.1372 , 1.7775,18.4889,<LOD,0.0000,0.0000,4.0613 , 0.7498,0.3453,6666.1177 , 49.7147,23.3263,2.4165 , 0.9753,0.5814,193.5000 , 12.8175,4.1425,<LOD,6.9021,0.2128,13.0783 , 0.6552,2.2911,39.0825 , 2.6018,0.5943,114.9267 , 1.2920,13.6579,,,,,,,,
275,Mining,120.60,30.22,30.03,30.25,30.10,"Tue Apr 7, 2026 - 13:40:11",User,1.5,ppm,,,,,,Mining,,<LOD,1.4697,0.6802,139894.8438 , 2398.9175,3.0028,<LOD,1.4926,0.2562,<LOD,3.0717,0.1001,423.4753 , 21.0320,16.9385,393733.5625 , 6147.8281,<LOD,1.3459,0.1323,42102.0117 , 247.9184,51.9062,<LOD,2.1915,1.1907,<LOD,39.7530,0.6060,<LOD,50.6033,9.5775,120.5793 , 5.8405,3.1932,10.4095 , 2.8845,0.3387,26495.3945 , 146.6735,60.9021,<LOD,0.0000,0.0000,3.2466 , 1.9087,0.2322,5362.2656 , 84.1552,3.7288,37879.6133 , 3870.3984,0.1033,446.8810 , 27.7043,1.1606,<LOD,1.6435,4.5930,5.4380 , 0.5808,2.9281,<LOD,7.5185,0.2892,1001.1501 , 128.9976,0.2659,8.1232 , 1.0322,0.3304,<LOD,1.3203,0.4909,28.9622 , 1.0473,1.5937,<LOD,0.0000,0.0000,3001.2881 , 53.7062,1.2768,<LOD,4.1721,3.7047,<LOD,0.8422,0.1960,342091.7812 , 818.6355,33.8370,13.1987 , 2.3101,3.2279,289.1944 , 1.7205,16.9570,<LOD,0.0000,0.0000,3.2634 , 0.7607,0.3082,6734.5952 , 49.3311,22.0948,2.8532 , 1.0219,0.5605,173.0936 , 13.1342,3.8254,<LOD,6.9089,0.1878,16.7572 , 0.7073,2.3785,43.6290 , 2.7825,0.6014,114.4132 , 1.3045,12.7587,,,,,,,,
276,Mining,120.37,30.13,30.10,30.06,30.08,"Tue Apr 7, 2026 - 13:43:01",User,1.5,ppm,,,,,,Mining,,<LOD,1.4799,0.6319,135396.5000 , 2548.5894,2.9032,<LOD,1.5807,0.2808,<LOD,3.2210,0.1032,470.7211 , 21.6671,16.7710,417577.5625 , 6440.9126,<LOD,1.4633,0.1467,37479.1016 , 222.7652,43.1771,<LOD,2.2104,1.1058,<LOD,42.9790,0.6183,<LOD,50.1279,8.7260,131.0337 , 5.7338,3.0964,9.1072 , 2.9216,0.3248,25260.9512 , 136.4767,54.8444,<LOD,0.0000,0.0000,4.0541 , 2.0528,0.2494,4785.9312 , 78.3269,3.1499,31559.3262 , 3883.0876,0.0911,373.3696 , 26.8665,1.0089,<LOD,1.1594,4.4144,6.5468 , 0.5936,2.8820,<LOD,7.7188,0.2951,982.2591 , 136.0243,0.2551,8.6719 , 1.0593,0.3263,<LOD,1.3707,0.4871,30.2508 , 1.0710,1.5739,<LOD,0.0000,0.0000,2023.3173 , 48.2674,0.8884,<LOD,4.2655,3.5601,<LOD,0.8797,0.1994,336874.6250 , 802.3979,30.7664,18.8061 , 2.3835,3.1861,287.0903 , 1.6920,16.0212,<LOD,0.0000,0.0000,2.4384 , 0.7948,0.3023,6351.2905 , 45.7839,19.6244,2.7214 , 1.0353,0.5389,195.6807 , 12.6488,3.5524,<LOD,7.8467,0.2148,12.7479 , 0.6819,2.0662,37.1670 , 2.7281,0.5408,118.7421 , 1.3210,12.4363,,,,,,,,
277,Mining,120.56,30.27,30.08,30.08,28.63,"Tue Apr 7, 2026 - 13:45:41",User,1.5,ppm,,,,,,Mining,,<LOD,1.4744,0.6338,144810.6719 , 2796.3999,3.1009,<LOD,1.5146,0.2417,<LOD,3.1702,0.1003,482.1018 , 21.9426,17.2285,387936.7812 , 7018.9810,<LOD,1.4575,0.1463,43720.5898 , 263.1077,52.2766,<LOD,2.2122,1.1178,<LOD,45.8229,0.6651,<LOD,52.3589,9.7961,131.0578 , 6.0308,3.2045,13.1777 , 2.9847,0.3422,27790.6504 , 161.3732,61.4492,<LOD,0.0000,0.0000,5.7817 , 2.0230,0.2493,5631.3608 , 86.9818,3.7806,42147.3086 , 4406.3257,0.1100,435.0963 , 27.8261,1.1162,<LOD,1.4363,4.4351,7.1518 , 0.6014,2.9494,<LOD,7.5736,0.2679,989.2723 , 140.1039,0.2579,8.8328 , 1.0675,0.3325,<LOD,1.3546,0.4807,34.1065 , 1.1213,1.7342,<LOD,0.0000,0.0000,1163.0470 , 42.2347,0.6315,<LOD,4.3179,3.7061,<LOD,0.8679,0.1960,337040.3750 , 886.7547,32.0685,13.0483 , 2.3763,3.1773,309.3555 , 1.8598,17.3100,<LOD,0.0000,0.0000,2.9274 , 0.8043,0.3157,6954.7700 , 51.9979,21.9629,2.4026 , 1.0486,0.5543,185.6249 , 13.5366,3.8249,<LOD,7.0460,0.1843,18.3315 , 0.7395,2.4329,42.1853 , 2.8005,0.5741,124.0019 , 1.3818,13.0570,5,417.700012,39.002823,-122.661842,10.000000,529280.312500,4317144.000000,
278,Mining,120.40,30.13,30.11,30.07,27.69,"Tue Apr 7, 2026 - 13:49:17",User,1.5,ppm,,,,,,Mining,,<LOD,1.4694,0.6323,142121.3594 , 2690.7119,3.0502,<LOD,1.4231,0.2300,<LOD,3.0935,0.1029,404.7674 , 21.1929,15.8470,403461.1562 , 6514.2661,<LOD,1.2195,0.1099,43317.6289 , 265.7244,55.0374,<LOD,2.2102,1.1279,<LOD,44.1922,0.6452,<LOD,56.6479,13.2598,123.2401 , 6.0709,3.3349,9.2726 , 2.7870,0.3225,35907.0625 , 190.8692,84.2685,<LOD,0.0000,0.0000,<LOD,3.1773,0.2063,5485.7290 , 87.7475,3.9187,39737.1602 , 4408.9980,0.1083,514.4471 , 27.9029,1.3073,<LOD,1.0139,4.3112,5.5013 , 0.5693,2.8351,<LOD,7.5124,0.2464,797.4974 , 133.6039,0.2411,7.0474 , 1.0042,0.3155,<LOD,1.3104,0.4497,30.6130 , 1.0483,1.6170,<LOD,0.0000,0.0000,2755.8469 , 56.6872,1.2236,<LOD,4.2083,3.5050,<LOD,0.8387,0.1956,318133.0625 , 876.1019,31.6542,13.7626 , 2.3293,3.0478,285.4517 , 1.7417,16.3427,<LOD,0.0000,0.0000,5.3340 , 0.7438,0.3187,6513.2695 , 50.6861,21.9119,2.6333 , 0.9927,0.5357,185.0283 , 13.5075,3.8884,<LOD,6.8779,0.1894,12.9963 , 0.6664,2.1086,65.6706 , 3.0796,0.7483,104.4443 , 1.2590,11.7288,5,418.899994,39.002899,-122.661835,10.000000,529281.437500,4317152.500000,
279,Mining,120.32,30.08,30.07,30.02,29.54,"Tue Apr 7, 2026 - 13:52:18",User,1.5,ppm,,,,,,Mining,,<LOD,1.2864,0.6032,140911.4531 , 2246.1123,3.0227,<LOD,1.3755,0.2602,<LOD,2.8161,0.0990,411.0384 , 18.9631,16.1573,428951.0000 , 5533.2778,<LOD,1.2622,0.1371,40769.2773 , 246.3579,57.4761,<LOD,1.9481,1.0908,<LOD,37.6946,0.6384,<LOD,56.1937,15.4486,117.9865 , 5.7264,3.5876,<LOD,5.9195,0.3124,37810.1289 , 187.9107,98.9423,<LOD,0.0000,0.0000,<LOD,2.4963,0.2051,5721.1304 , 85.6268,4.4614,44755.8320 , 3926.0649,0.1159,414.4179 , 25.4340,1.2848,<LOD,0.9665,4.5693,3.5081 , 0.5358,2.9178,<LOD,7.3378,0.2636,815.2548 , 118.3795,0.2597,6.0185 , 0.9437,0.3244,<LOD,1.1679,0.4461,27.6209 , 0.9797,1.6372,<LOD,0.0000,0.0000,2287.4597 , 46.9530,1.1408,<LOD,3.7327,3.4466,<LOD,0.7723,0.1941,290080.2500 , 791.0055,31.1297,14.5184 , 2.0716,3.0178,270.4074 , 1.6214,17.1360,<LOD,0.0000,0.0000,2.9414 , 0.7104,0.3129,6275.4160 , 47.4735,23.6123,2.2864 , 0.9440,0.5637,196.2449 , 12.8943,4.2896,<LOD,6.1849,0.1776,10.7591 , 0.6207,2.1283,44.2321 , 2.6394,0.6407,100.8497 , 1.1972,12.4835,6,418.799988,39.002964,-122.661880,10.000000,529277.187500,4317160.000000,
280,Mining,120.55,30.03,30.18,30.04,30.30,"Tue Apr 7, 2026 - 13:57:18",User,1.5,ppm,,,,,,Mining,,<LOD,1.4214,0.5655,128984.8594 , 2454.7378,2.7774,<LOD,1.4328,0.2359,<LOD,3.0788,0.0970,407.0954 , 21.1106,15.2370,426074.1562 , 6176.4653,<LOD,1.3184,0.1225,41755.0234 , 258.2307,51.9672,<LOD,2.2045,1.0792,<LOD,41.1335,0.6320,<LOD,58.1030,13.4178,128.5242 , 6.4335,3.4154,12.1382 , 2.9018,0.3332,36934.1953 , 179.0734,85.2556,<LOD,0.0000,0.0000,<LOD,2.6950,0.1913,5663.9351 , 92.5963,3.9502,39492.6758 , 4154.1401,0.1071,485.8151 , 27.8686,1.2550,<LOD,1.0162,4.1157,4.2869 , 0.5718,2.7205,<LOD,7.6526,0.2393,758.3745 , 125.4359,0.2373,4.8022 , 0.9680,0.2788,<LOD,1.3017,0.4263,29.1056 , 1.0453,1.5309,<LOD,0.0000,0.0000,2659.7717 , 52.3179,1.1747,<LOD,4.2168,3.4050,<LOD,0.8313,0.1822,309723.0000 , 793.5420,29.9348,20.8356 , 2.3508,3.0130,270.0899 , 1.6483,15.1656,<LOD,0.0000,0.0000,4.0480 , 0.7592,0.3000,6204.8950 , 49.7703,20.5366,3.2806 , 1.0059,0.5241,206.5548 , 14.0443,3.8126,<LOD,7.0319,0.1888,12.9121 , 0.6720,2.0479,58.3946 , 3.0190,0.6862,101.2299 , 1.2392,11.1161,,,,,,,,
281,Mining,120.52,30.28,30.09,30.08,30.07,"Tue Apr 7, 2026 - 14:04:24",User,1.5,ppm,,,,,,Mining,,<LOD,1.2356,0.7578,152190.7188 , 1836.2137,3.2511,<LOD,1.3271,0.2968,<LOD,2.7623,0.1222,809.9702 , 19.8571,26.4400,444582.2500 , 4580.2139,<LOD,1.1823,0.1533,847.7152 , 50.6077,2.0575,<LOD,1.9033,1.4263,<LOD,31.5284,0.5230,<LOD,43.9810,10.5972,90.4477 , 4.6640,3.3829,14.9352 , 2.7049,0.4416,23703.6973 , 118.7046,66.8641,<LOD,0.0000,0.0000,<LOD,3.2927,0.2618,18442.3105 , 133.4924,12.8679,29295.0156 , 2836.1914,0.0865,133.0222 , 19.2970,0.8114,<LOD,0.9068,5.4742,7.8854 , 0.5255,3.8360,<LOD,7.2221,0.4314,615.3746 , 99.0106,0.2116,8.0130 , 0.9295,0.4034,<LOD,1.1161,0.5533,73.1864 , 1.3107,4.2039,<LOD,0.0000,0.0000,2620.9946 , 44.9366,1.2500,<LOD,3.6460,4.5410,<LOD,0.7482,0.2301,322744.9375 , 732.1224,34.6519,13.3093 , 1.9977,3.8940,19.0097 , 0.4225,1.9461,<LOD,0.0000,0.0000,6.3527 , 0.7355,0.4773,3482.3193 , 33.3413,15.0549,<LOD,1.8486,0.4638,118.6140 , 9.2022,3.0053,<LOD,6.4507,0.2433,15.5470 , 0.6899,3.3564,49.1060 , 2.5814,0.7699,115.2802 , 1.0292,12.4668,3,204.300003,39.000645,-122.662361,10.000000,529236.312500,4316902.500000,
282,Mining,120.48,30.25,30.06,30.06,30.11,"Tue Apr 7, 2026 - 14:07:05",User,1.5,ppm,,,,,,Mining,,<LOD,1.2706,0.7629,148080.3750 , 1763.6013,3.1631,<LOD,1.2794,0.2786,<LOD,2.6350,0.1097,759.8260 , 20.0715,25.6290,470267.2812 , 4329.8911,<LOD,1.1860,0.1529,1057.0619 , 57.5147,2.4274,<LOD,1.9521,1.4275,<LOD,30.9198,0.5242,<LOD,44.6962,10.9519,113.9897 , 5.1857,3.7111,8.7787 , 2.5920,0.4023,24806.2637 , 118.0084,70.1024,<LOD,0.0000,0.0000,<LOD,3.6851,0.2649,20063.1855 , 145.7218,14.0960,23767.8125 , 2671.6226,0.0771,115.0432 , 19.2171,0.8038,<LOD,0.9296,5.6971,6.5429 , 0.5222,3.7390,<LOD,7.1441,0.4093,626.4147 , 97.3259,0.2130,5.4170 , 0.8850,0.3616,<LOD,1.1846,0.5965,71.1675 , 1.2950,4.0824,<LOD,0.0000,0.0000,2783.3408 , 45.2597,1.3236,<LOD,3.7073,4.4226,<LOD,0.7461,0.2308,302645.3438 , 683.7255,32.2153,8.2117 , 2.0293,3.7861,18.0468 , 0.4170,1.8796,<LOD,0.0000,0.0000,6.0590 , 0.7314,0.4642,4444.8457 , 38.2035,18.8125,<LOD,1.8277,0.4629,129.1874 , 10.5562,3.5237,<LOD,6.4402,0.2407,15.6646 , 0.6918,3.3480,54.0400 , 2.6623,0.8132,146.0971 , 1.1436,15.1759,5,303.299988,39.001831,-122.661674,10.000000,529295.437500,4317034.000000,
283,Mining,123.00,32.56,30.08,30.13,30.23,"Tue Apr 7, 2026 - 14:09:45",User,1.5,ppm,,,,,,Mining,,<LOD,1.2797,0.7614,152418.4219 , 1897.6227,3.2550,<LOD,1.3380,0.2715,<LOD,2.8639,0.1187,796.9550 , 20.4536,25.9488,448497.3125 , 4788.2480,<LOD,1.2897,0.1656,813.9670 , 53.7930,2.0232,<LOD,1.9559,1.4038,<LOD,32.8116,0.5540,<LOD,47.7422,11.6739,83.5207 , 4.9761,3.3501,14.1853 , 2.7889,0.4270,26678.4043 , 129.5340,73.8055,<LOD,0.0000,0.0000,<LOD,4.0708,0.2701,18564.4844 , 141.1599,12.7748,29058.3340 , 2911.3306,0.0869,152.5504 , 20.4069,0.8506,<LOD,0.9559,5.3690,8.3412 , 0.5557,3.7900,<LOD,7.4743,0.4013,646.4299 , 101.3483,0.2152,6.6164 , 0.9426,0.3753,<LOD,1.1571,0.5573,71.1496 , 1.3414,3.9785,<LOD,0.0000,0.0000,2678.4238 , 45.9523,1.2695,<LOD,3.7596,4.4805,<LOD,0.7917,0.2357,315238.6562 , 726.0372,33.0711,9.4036 , 2.0583,3.8416,18.7634 , 0.4354,1.8703,<LOD,0.0000,0.0000,6.3192 , 0.7809,0.4764,3911.5891 , 36.4458,16.3429,2.1873 , 0.8023,0.4732,130.6731 , 10.1453,3.2088,<LOD,6.8167,0.2472,15.1244 , 0.7082,3.1995,49.5528 , 2.6842,0.7566,128.6330 , 1.1172,13.2035,6,328.700012,39.001228,-122.661186,10.000000,529338.125000,4316967.500000,
284,Mining,120.56,30.20,30.10,30.13,29.49,"Tue Apr 7, 2026 - 14:12:29",User,1.5,ppm,,,,,,Mining,,<LOD,1.2674,0.7196,155321.2031 , 1904.9308,3.3067,<LOD,1.3476,0.3002,<LOD,2.5561,0.1056,676.4973 , 19.8488,23.4038,490666.1562 , 4443.1445,<LOD,1.1429,0.1452,911.2026 , 55.2503,2.2697,<LOD,1.9800,1.4013,<LOD,32.3403,0.5454,<LOD,48.2439,13.9184,112.4766 , 5.1833,3.8450,20.8421 , 2.7753,0.4752,31194.0410 , 136.7868,89.6249,<LOD,0.0000,0.0000,<LOD,3.2237,0.2534,19833.4805 , 144.2032,14.2521,25170.5723 , 2875.7249,0.0814,105.6725 , 18.4875,0.8155,<LOD,0.9256,5.6597,8.5401 , 0.5298,3.8556,<LOD,7.0837,0.3750,356.3681 , 90.9897,0.1690,10.3488 , 0.9664,0.4425,<LOD,1.0917,0.4741,72.2475 , 1.2886,4.0883,<LOD,0.0000,0.0000,7307.5967 , 70.9482,3.1198,<LOD,3.7219,4.2336,<LOD,0.7054,0.2082,262878.3750 , 676.6431,27.6902,5.3720 , 2.0213,3.5306,15.9178 , 0.3935,1.7021,<LOD,0.0000,0.0000,6.7356 , 0.7256,0.4750,4966.7866 , 39.5100,21.1938,2.1858 , 0.7632,0.4776,142.4283 , 10.8743,3.9101,<LOD,6.2311,0.2312,9.7574 , 0.6411,2.8885,52.1534 , 2.5890,0.7895,153.1002 , 1.1608,15.5252,6,376.799988,39.002285,-122.661705,10.000000,529292.500000,4317084.500000,
285,Mining,120.38,30.12,30.03,30.14,28.31,"Tue Apr 7, 2026 - 14:15:27",User,1.5,ppm,,,,,,Mining,,<LOD,1.2761,0.6847,130374.5000 , 1901.4409,2.7872,<LOD,1.3136,0.2549,<LOD,2.5591,0.0924,661.9061 , 19.3034,20.9666,542950.5000 , 4389.3271,<LOD,1.0914,0.1155,1009.9594 , 57.8889,2.2051,<LOD,1.9511,1.2756,<LOD,37.1694,0.6165,<LOD,48.1032,11.8122,113.2122 , 5.3558,3.5636,17.4819 , 2.8194,0.4270,28934.4473 , 123.6560,76.2161,<LOD,0.0000,0.0000,<LOD,3.6884,0.2377,19415.7402 , 145.2254,12.7655,16493.6211 , 2825.6482,0.0652,96.6422 , 19.0319,0.7385,<LOD,0.9230,5.0261,6.6947 , 0.5278,3.4294,<LOD,7.2962,0.3611,464.7381 , 102.6836,0.1818,6.8752 , 0.9276,0.3554,<LOD,1.0951,0.4472,69.8305 , 1.2949,3.6551,<LOD,0.0000,0.0000,6117.8638 , 68.4857,2.4590,<LOD,3.6444,3.8107,<LOD,0.7150,0.1876,248544.9375 , 655.5187,23.5826,8.4945 , 1.9849,3.1966,15.0727 , 0.3988,1.5342,<LOD,0.0000,0.0000,6.7443 , 0.7159,0.4143,4360.7119 , 38.2184,17.2156,<LOD,1.6098,0.4161,138.4908 , 10.7905,3.3055,<LOD,6.3763,0.2108,6.3547 , 0.6293,2.4235,59.2495 , 2.7878,0.7984,125.9531 , 1.0727,12.2296,6,390.600006,39.002300,-122.661705,10.000000,529292.625000,4317086.500000,
286,Mining,120.43,30.02,30.03,30.20,29.55,"Tue Apr 7, 2026 - 14:18:04",User,1.5,ppm,,,,,,Mining,,<LOD,1.2370,0.6949,123179.1094 , 1684.9557,2.6395,<LOD,1.3322,0.2851,<LOD,2.4737,0.0964,589.2699 , 18.5705,20.8042,571347.5625 , 3869.8728,<LOD,1.1112,0.1337,841.1228 , 55.5275,2.0725,<LOD,1.8764,1.2680,<LOD,35.9295,0.6587,<LOD,45.0847,11.3304,199.4361 , 5.7391,4.5653,15.5292 , 2.6877,0.4324,26851.8145 , 113.3020,73.7144,<LOD,0.0000,0.0000,<LOD,2.6498,0.2359,20685.5801 , 145.7905,14.1239,13502.8740 , 2553.3604,0.0602,97.0271 , 18.5699,0.7658,<LOD,0.9030,5.4201,6.1632 , 0.5092,3.5795,<LOD,6.8188,0.3528,415.4656 , 95.7986,0.1790,10.1771 , 0.9556,0.4224,<LOD,1.0776,0.4688,70.1032 , 1.2526,3.8465,<LOD,0.0000,0.0000,5317.8174 , 61.4941,2.2545,<LOD,3.5610,3.9468,<LOD,0.6952,0.1988,232009.6719 , 610.3444,22.6234,7.4773 , 1.9346,3.2766,14.4307 , 0.3817,1.5724,<LOD,0.0000,0.0000,4.8504 , 0.6886,0.4101,4488.9014 , 37.5214,18.3734,<LOD,1.0774,0.4133,149.6060 , 10.6989,3.5399,<LOD,6.0856,0.2143,7.1951 , 0.6194,2.6347,49.7973 , 2.5621,0.7518,138.9910 , 1.0824,13.9867,2,391.000000,39.001873,-122.661423,10.000000,529317.500000,4317039.000000,
287,Mining,120.62,30.25,30.10,30.18,30.09,"Tue Apr 7, 2026 - 14:20:51",User,1.5,ppm,,,,,,Mining,,<LOD,1.1464,0.7547,137898.9531 , 1680.8616,2.9646,<LOD,1.1774,0.2539,<LOD,2.5311,0.1122,611.9307 , 17.9971,24.6029,463579.5312 , 4214.8413,<LOD,1.1651,0.1637,321.8018 , 40.8434,1.2506,<LOD,1.8056,1.4949,<LOD,32.6269,0.5832,<LOD,41.3794,10.0683,87.1295 , 4.4951,3.4259,17.6405 , 2.7065,0.4844,21643.9375 , 110.0089,64.3066,<LOD,0.0000,0.0000,<LOD,3.4744,0.2681,15146.0469 , 119.4644,11.0561,27352.2480 , 2758.3723,0.0850,99.7655 , 18.2392,0.7769,<LOD,0.8758,5.6449,5.3407 , 0.4902,3.6852,<LOD,6.9987,0.4548,249.9143 , 85.8270,0.1515,4.1855 , 0.8290,0.3516,<LOD,1.0517,0.5698,58.7822 , 1.1606,3.6407,<LOD,0.0000,0.0000,4288.0381 , 55.3861,1.9629,<LOD,3.4108,4.5867,<LOD,0.7285,0.2462,325060.6250 , 729.4235,36.4590,9.5648 , 1.8729,3.9371,10.3346 , 0.3412,1.4021,<LOD,0.0000,0.0000,5.4033 , 0.7003,0.4635,3272.3997 , 30.8086,14.5351,<LOD,1.0433,0.4324,103.4705 , 8.5891,2.8445,<LOD,6.1300,0.2404,6.7976 , 0.5852,2.6381,53.7157 , 2.5952,0.8531,112.4760 , 0.9919,12.8830,2,394.899994,39.002483,-122.661629,10.000000,529299.187500,4317106.500000,
288,Mining,120.37,30.09,30.09,30.07,28.61,"Tue Apr 7, 2026 - 14:23:25",User,1.5,ppm,,,,,,Mining,,<LOD,1.1510,0.7674,142277.8438 , 1735.5007,3.0540,<LOD,1.2002,0.2679,<LOD,2.5177,0.1108,627.2639 , 18.0499,25.0171,455297.5000 , 4345.4028,<LOD,1.1592,0.1615,263.9620 , 41.6962,1.2288,<LOD,1.7956,1.4877,<LOD,31.7088,0.5351,<LOD,40.7545,9.6223,99.6394 , 4.6188,3.5895,13.2034 , 2.6304,0.4555,20506.2266 , 109.9974,61.5204,<LOD,0.0000,0.0000,<LOD,3.3228,0.2739,16460.6270 , 126.1466,12.1307,31802.0605 , 2880.2603,0.0922,118.2788 , 18.7005,0.8057,<LOD,0.8799,5.6981,5.5239 , 0.4927,3.7196,<LOD,6.9931,0.4578,293.3427 , 83.5161,0.1425,4.6268 , 0.8350,0.3562,<LOD,1.0556,0.5788,59.5764 , 1.1794,3.7401,<LOD,0.0000,0.0000,4462.3198 , 57.3413,2.0601,<LOD,3.4100,4.6359,<LOD,0.7145,0.2339,323701.1875 , 756.9482,36.7489,7.8930 , 1.8606,3.9072,11.1041 , 0.3506,1.4762,<LOD,0.0000,0.0000,4.1945 , 0.6839,0.4335,3705.0825 , 32.5723,16.3885,<LOD,1.1408,0.4404,108.8306 , 8.9799,3.0994,<LOD,6.3409,0.2569,5.8794 , 0.5827,2.6010,50.4330 , 2.5660,0.8305,113.3903 , 1.0080,13.1501,,,,,,,,
289,Mining,120.56,30.24,30.07,30.17,30.08,"Tue Apr 7, 2026 - 14:26:01",User,1.5,ppm,,,,,,Mining,,<LOD,1.2121,0.7648,142406.8594 , 1712.9886,3.0573,<LOD,1.2509,0.2771,<LOD,2.6807,0.1199,677.1179 , 18.9478,25.0259,449814.4062 , 4271.7373,<LOD,1.1636,0.1550,317.4589 , 42.1485,1.2665,<LOD,1.8741,1.4535,<LOD,31.6787,0.5254,<LOD,40.8337,9.1877,96.1876 , 4.4818,3.3775,13.4899 , 2.6591,0.4434,20297.7148 , 105.7789,58.1515,<LOD,0.0000,0.0000,<LOD,2.5657,0.2625,17311.2539 , 125.7468,12.1778,22078.3613 , 2652.3140,0.0757,97.2701 , 18.3975,0.7398,<LOD,0.8950,5.4950,4.9647 , 0.5015,3.5739,<LOD,7.0490,0.4447,364.4304 , 84.9101,0.1461,5.7665 , 0.8705,0.3688,<LOD,1.1293,0.5967,57.2754 , 1.1678,3.4884,<LOD,0.0000,0.0000,4499.8096 , 57.0093,2.0047,<LOD,3.5794,4.6070,<LOD,0.7360,0.2332,338459.7500 , 727.4918,37.2382,11.3233 , 1.9555,3.8974,12.3141 , 0.3629,1.5077,<LOD,0.0000,0.0000,6.3404 , 0.7167,0.4709,3190.2317 , 29.9939,13.6502,1.7517 , 0.7370,0.4617,108.5748 , 8.4418,2.7193,<LOD,6.5560,0.2619,7.5614 , 0.5964,2.6100,49.6281 , 2.5732,0.7958,110.1415 , 0.9918,12.3322,,,,,,,,
290,Mining,120.57,30.25,30.00,30.10,29.60,"Tue Apr 7, 2026 - 14:28:37",User,1.5,ppm,,,,,,Mining,,<LOD,1.1249,0.7916,136379.0938 , 1608.7330,2.9347,<LOD,1.1257,0.2466,<LOD,2.4382,0.1155,573.7372 , 17.4576,25.2216,465209.5938 , 4036.6182,<LOD,1.1031,0.1621,811.5259 , 42.4695,1.9132,<LOD,1.7538,1.5319,<LOD,30.3497,0.5121,<LOD,36.0521,8.0065,78.8136 , 4.0996,3.2260,9.0292 , 2.4504,0.4359,16375.9658 , 92.9293,50.2668,<LOD,0.0000,0.0000,<LOD,2.2753,0.2583,12731.5605 , 105.0112,9.5503,27847.5020 , 2680.4900,0.0857,143.8066 , 18.7073,0.8539,<LOD,0.8382,5.7527,4.9505 , 0.4731,3.8282,<LOD,6.4453,0.4418,366.4479 , 87.7356,0.1669,5.2626 , 0.8106,0.3733,<LOD,1.0425,0.6103,46.6479 , 1.0314,3.1581,<LOD,0.0000,0.0000,5382.3169 , 61.0908,2.4464,<LOD,3.3491,4.8582,<LOD,0.6807,0.2346,330698.9062 , 738.4044,38.2157,9.3267 , 1.8297,4.0967,12.4013 , 0.3501,1.6399,<LOD,0.0000,0.0000,3.5758 , 0.6407,0.4175,3053.2825 , 28.0074,13.8051,<LOD,1.6632,0.4639,91.8125 , 7.7908,2.6608,<LOD,5.8747,0.2433,6.4277 , 0.5464,2.5736,51.2444 , 2.4903,0.8645,106.7910 , 0.9463,13.0921,5,418.200012,39.002800,-122.661835,10.000000,529281.500000,4317141.500000,
291,Mining,120.63,30.20,30.09,30.23,30.11,"Tue Apr 7, 2026 - 14:31:14",User,1.5,ppm,,,,,,Mining,,<LOD,1.0759,0.8260,140710.6250 , 1542.6919,3.0255,<LOD,1.0418,0.2369,<LOD,2.3956,0.1276,512.5209 , 16.4167,25.2114,465559.9062 , 3882.8542,<LOD,1.0651,0.1724,814.3824 , 39.1737,1.9724,<LOD,1.6776,1.6024,<LOD,29.2965,0.5336,<LOD,32.8462,7.4204,81.5006 , 3.8355,3.3907,5.8509 , 2.2624,0.4228,14429.6387 , 85.2214,46.5852,<LOD,0.0000,0.0000,<LOD,2.1717,0.2718,11980.0273 , 96.2025,9.4163,33806.5273 , 2652.7974,0.0963,76.7049 , 16.4592,0.7345,<LOD,0.7963,5.9663,4.8268 , 0.4505,3.9839,<LOD,5.6717,0.3820,387.8120 , 85.2293,0.1777,4.0120 , 0.7567,0.3702,<LOD,0.9817,0.6154,43.7384 , 0.9651,3.1552,<LOD,0.0000,0.0000,5577.3188 , 59.9997,2.6281,<LOD,3.1705,4.9505,<LOD,0.6483,0.2400,322850.7188 , 732.2136,38.8056,6.7301 , 1.7305,4.1575,14.5670 , 0.3543,1.9177,<LOD,0.0000,0.0000,6.2227 , 0.6519,0.5180,2899.9871 , 25.8799,13.8047,<LOD,1.1662,0.4652,89.8682 , 7.1599,2.6910,<LOD,5.4247,0.2366,4.8895 , 0.5060,2.5189,39.6213 , 2.2190,0.7811,91.9745 , 0.8591,12.3632,5,412.200012,39.002701,-122.661736,10.000000,529289.750000,4317130.500000,
292,Mining,120.09,30.13,30.04,30.11,29.81,"Tue Apr 7, 2026 - 14:33:55",User,1.5,ppm,,,,,,Mining,,<LOD,1.1517,0.7766,133548.6719 , 1627.6381,2.8767,<LOD,1.1026,0.2134,<LOD,2.5973,0.1252,578.8147 , 17.9776,25.0288,461131.6562 , 4104.0601,<LOD,1.1356,0.1631,822.1418 , 41.1860,1.8719,<LOD,1.8076,1.5243,<LOD,31.2689,0.5140,<LOD,35.8803,7.4749,72.7560 , 3.9761,3.0906,12.6983 , 2.5615,0.4520,15528.9873 , 90.1422,46.0099,<LOD,0.0000,0.0000,<LOD,2.3326,0.2575,11921.5898 , 99.1159,8.6545,24189.1387 , 2650.8660,0.0793,101.7766 , 18.0810,0.7479,<LOD,0.8767,6.0165,6.0878 , 0.4850,3.8340,<LOD,6.4372,0.4188,477.1193 , 93.6861,0.1832,5.3733 , 0.8162,0.3597,<LOD,1.0421,0.5686,47.7340 , 1.0449,3.1017,<LOD,0.0000,0.0000,5598.5371 , 62.8765,2.4471,<LOD,3.4559,4.8466,<LOD,0.6731,0.2101,342768.3125 , 741.1993,38.5636,8.9501 , 1.8870,4.0831,14.3877 , 0.3714,1.7523,<LOD,0.0000,0.0000,2.1109 , 0.6348,0.3742,2878.3264 , 26.4926,12.5511,<LOD,0.9984,0.4174,94.2133 , 7.4545,2.4866,<LOD,6.0129,0.2419,6.2891 , 0.5546,2.5194,49.7044 , 2.5054,0.8301,134.5704 , 1.0612,15.4594,2,416.500000,39.002621,-122.661880,10.000000,529277.187500,4317122.000000,
293,Mining,120.71,30.30,30.27,30.10,30.04,"Tue Apr 7, 2026 - 14:36:54",User,1.5,ppm,,,,,,Mining,,<LOD,1.0746,0.7685,113732.5781 , 1376.4104,2.4609,<LOD,1.0693,0.2465,<LOD,2.3174,0.1129,428.4683 , 15.9310,21.8961,539590.2500 , 3451.7783,<LOD,0.9831,0.1389,771.9261 , 39.1849,1.8612,<LOD,1.6693,1.4810,<LOD,31.8370,0.6505,<LOD,34.6838,7.9656,82.3352 , 3.8802,3.2979,4.4576 , 2.2832,0.4079,16069.3799 , 85.8601,50.3706,<LOD,0.0000,0.0000,<LOD,2.1275,0.2456,11692.1875 , 95.0266,8.9556,23043.1230 , 2420.9807,0.0767,132.5885 , 17.8601,0.8385,<LOD,0.8067,5.8315,3.7724 , 0.4550,3.8572,<LOD,6.0415,0.4128,327.8231 , 85.2628,0.1755,3.7910 , 0.7579,0.3520,<LOD,0.9277,0.5075,44.2825 , 0.9705,3.0511,<LOD,0.0000,0.0000,4258.1914 , 52.2161,2.0196,<LOD,3.1606,4.6218,<LOD,0.6306,0.2151,286536.8750 , 636.7672,32.2995,5.5288 , 1.7083,3.7532,11.0758 , 0.3301,1.5781,<LOD,0.0000,0.0000,5.3001 , 0.6155,0.4442,3003.4998 , 25.6332,13.6917,<LOD,0.9433,0.4248,102.9921 , 7.3567,2.7083,<LOD,5.3859,0.2201,5.5975 , 0.5221,2.5486,43.6673 , 2.3080,0.8014,100.2703 , 0.8876,12.7770,4,335.799988,39.002254,-122.661667,10.000000,529296.250000,4317081.000000,
294,Mining,120.56,30.23,30.07,30.12,30.14,"Tue Apr 7, 2026 - 14:40:47",User,1.5,ppm,,,,,,Mining,,<LOD,1.1259,0.8304,144331.5938 , 1578.4172,3.0996,<LOD,1.8336,0.3899,<LOD,2.4487,0.1255,596.0704 , 17.3696,26.2767,474386.8125 , 3871.6228,<LOD,1.0978,0.1729,303.5027 , 38.8541,1.3292,<LOD,1.7520,1.6031,<LOD,30.6878,0.5514,<LOD,31.6149,6.4058,92.6675 , 4.0434,3.3814,<LOD,5.4792,0.3978,13030.5566 , 79.3196,39.9533,<LOD,0.0000,0.0000,<LOD,2.9508,0.2860,17579.5762 , 117.5062,13.1024,21131.7656 , 2486.8313,0.0771,59.5850 , 16.5039,0.6850,<LOD,0.8364,6.0914,6.4261 , 0.4767,4.1048,<LOD,5.8942,0.4062,246.3042 , 80.6393,0.1430,3.4806 , 0.7578,0.3502,<LOD,1.0572,0.6582,64.5021 , 1.1518,4.2920,<LOD,0.0000,0.0000,10455.2373 , 81.4211,4.5451,<LOD,3.3461,5.1107,<LOD,0.6780,0.2504,313467.5000 , 696.1663,36.1742,4.4997 , 1.7981,4.1116,7.8779 , 0.3005,1.3041,<LOD,0.0000,0.0000,4.2656 , 0.6471,0.4661,3959.4209 , 30.3568,17.7683,1.3194 , 0.6868,0.5054,119.8841 , 8.3412,3.3373,<LOD,5.7153,0.2482,7.8407 , 0.5700,2.9993,33.5215 , 2.1549,0.6956,105.7795 , 0.9105,13.1454,2,417.200012,39.002884,-122.662033,10.000000,529263.687500,4317151.000000,
295,Mining,26.19,26.19,,,,"Tue Apr 7, 2026 - 14:41:53",User,1.5,ppm,,,,,,Mining,,<LOD,6.8564,40.6174,,,,<LOD,1.5118,0.2940,<LOD,3.3475,0.1178,,,,976224.8750 , 277.1310,<LOD,1.5372,0.1700,,,,<LOD,7.4565,42.8689,,,,<LOD,47.9746,8.0250,<LOD,47.0283,0.5270,10.9401 , 3.3204,0.4310,20349.2480 , 102.3645,50.4628,<LOD,0.0000,0.0000,<LOD,4.1016,0.2773,,,,,,,101.2550 , 23.1400,0.7339,<LOD,1.1377,5.7373,5.4792 , 0.6407,3.7905,<LOD,8.4822,0.4026,,,,<LOD,1.4009,0.3013,<LOD,8.0223,51.5111,57.4618 , 1.4421,3.4393,<LOD,0.0000,0.0000,,,,<LOD,12.6598,44.6998,<LOD,0.9078,0.2224,,,,<LOD,8.8751,36.9971,8.8163 , 0.4146,1.2466,<LOD,0.0000,0.0000,3.6488 , 0.8713,0.4079,3077.5447 , 164.0424,2.0731,<LOD,1.3555,0.4379,<LOD,166.5440,0.9187,<LOD,7.9395,0.2397,9.1756 , 0.7673,2.7552,44.2984 , 3.0428,0.6959,107.2348 , 1.1737,11.7475,,,,,,,,
296,Mining,120.00,30.01,30.08,30.11,29.80,"Tue Apr 7, 2026 - 14:47:32",User,1.5,ppm,,,,,,Mining,,<LOD,1.1510,0.8098,140518.9531 , 1601.9351,3.0198,<LOD,1.1710,0.3120,<LOD,2.5340,0.1270,602.6625 , 17.8206,25.7979,464036.9688 , 4049.8970,<LOD,1.1631,0.1825,250.3497 , 38.6886,1.2612,<LOD,1.7798,1.5392,<LOD,30.3697,0.5409,<LOD,34.8520,7.4990,94.9437 , 4.1470,3.4531,10.6776 , 2.4704,0.4488,15571.5762 , 90.1481,47.6403,<LOD,0.0000,0.0000,<LOD,2.5036,0.2691,16568.7852 , 116.9669,12.3589,28767.0137 , 2660.1155,0.0885,69.4175 , 17.1080,0.7124,<LOD,0.8489,5.9777,6.1878 , 0.4803,3.9902,<LOD,6.1920,0.4113,261.8564 , 76.9152,0.1321,3.0788 , 0.7620,0.3329,<LOD,1.0570,0.6120,62.1801 , 1.1621,4.0915,<LOD,0.0000,0.0000,9080.2021 , 76.0854,3.9620,<LOD,3.3931,4.8555,<LOD,0.6638,0.2195,320333.6250 , 718.1920,37.0165,9.9737 , 1.8590,4.1335,7.5175 , 0.3041,1.2528,<LOD,0.0000,0.0000,3.1436 , 0.6607,0.4399,3460.8406 , 29.2544,15.6158,<LOD,1.7386,0.4880,119.0667 , 8.1627,3.0675,<LOD,5.7634,0.2373,7.4433 , 0.5773,2.8851,39.0250 , 2.2951,0.7431,114.4822 , 0.9694,13.8126,,,,,,,,
297,Mining,30.15,29.55,,,,"Tue Apr 7, 2026 - 15:24:44",User,1.5,ppm,,,,,,Mining,,529.7979 , 450.0381,12.5540,,,,<LOD,17.9304,0.2360,<LOD,27.5843,0.0689,,,,116826.3281 , 15590.1572,<LOD,12.9668,0.1079,,,,<LOD,33.1118,4.9795,,,,<LOD,472.0060,235.7491,8806.4307 , 106.2187,23.0499,1697.4456 , 62.8712,1.6585,863012.0000 , 583.9056,1604.6534,<LOD,0.0000,0.0000,<LOD,21.4296,0.1387,,,,,,,2810.1299 , 121.5211,11.2062,4211.1924 , 25.0234,51.6503,<LOD,5.1301,0.8182,1677.8667 , 149.0196,0.8595,,,,98.0335 , 15.1802,0.6230,<LOD,40.5804,6.2426,<LOD,2.3521,0.0115,<LOD,0.0000,0.0000,,,,<LOD,58.8020,5.8121,<LOD,9.0897,0.1423,,,,88.9703 , 29.2522,6.7416,<LOD,3.3589,0.1808,<LOD,0.0000,0.0000,<LOD,16.1688,-0.9059,241.8103 , 87.3112,1.6747,<LOD,4.3060,0.0316,<LOD,188.8598,1.4391,<LOD,0.0000,0.1980,<LOD,4.5819,0.3329,<LOD,21.4857,0.1562,<LOD,3.8445,0.4557,4,445.200012,39.000835,-122.662994,10.000000,529181.562500,4316923.500000,
307,Mining,30.09,30.09,,,,"Tue Apr 7, 2026 - 17:12:27",User,1.5,ppm,,,,,,Mining,,509.9250 , 433.1707,12.0789,,,,<LOD,18.3210,0.2686,35.9836 , 20.6312,0.0897,,,,114168.6250 , 14978.4805,20.0384 , 9.6294,0.1419,,,,<LOD,31.8492,4.8914,,,,<LOD,458.5228,235.7203,8778.4658 , 103.1158,22.8184,1742.3875 , 61.3413,1.6580,866153.6875 , 652.7807,1592.1464,<LOD,0.0000,0.0000,<LOD,20.6930,0.1351,,,,,,,2777.1653 , 117.1966,11.0481,4248.1396 , 24.3354,51.2898,<LOD,4.8508,0.7761,1343.1061 , 145.3639,0.8573,,,,126.9798 , 15.2839,0.6633,<LOD,33.6036,5.9559,<LOD,4.3788,-0.1231,<LOD,0.0000,0.0000,,,,<LOD,56.8071,5.8475,<LOD,7.8836,0.1519,,,,95.4335 , 28.1867,6.6323,<LOD,2.5202,0.1646,<LOD,0.0000,0.0000,<LOD,15.4034,-0.9597,<LOD,404.7604,1.5092,<LOD,2.3614,-0.0154,<LOD,185.1948,1.4700,<LOD,0.0000,0.2035,<LOD,4.0418,0.2740,<LOD,23.1466,0.1908,<LOD,4.8952,0.4505,6,435.799988,39.000866,-122.662964,10.000000,529184.125000,4316926.500000,
308,Mining,120.65,30.26,30.12,30.09,27.76,"Tue Apr 7, 2026 - 17:59:06",User,1.5,ppm,,,,,,Mining,,<LOD,1.5622,0.5962,135730.6562 , 2887.2776,2.9177,<LOD,1.6011,0.2519,<LOD,3.3864,0.1044,475.1717 , 23.3591,16.1984,381086.4375 , 7316.5195,<LOD,1.5099,0.1433,41271.7852 , 266.0466,49.1602,<LOD,2.3309,1.0336,<LOD,47.0460,0.6756,<LOD,61.5575,13.7450,123.6007 , 6.4825,3.2653,19.2774 , 3.1887,0.3597,39576.1172 , 207.9390,86.8136,<LOD,0.0000,0.0000,4.2110 , 2.0502,0.2292,8075.8838 , 108.6118,5.2140,44481.5273 , 4743.6914,0.1144,528.4050 , 29.3985,1.2738,<LOD,1.5063,4.2126,6.9535 , 0.6187,2.8072,<LOD,8.4699,0.2766,931.0725 , 142.9312,0.2557,9.3398 , 1.1158,0.3308,<LOD,1.4807,0.4841,36.8656 , 1.1886,1.7666,<LOD,0.0000,0.0000,1151.4889 , 42.9301,0.6263,<LOD,4.6022,3.5123,<LOD,0.9260,0.2034,339285.5312 , 890.4332,32.1772,14.2838 , 2.5396,3.0347,304.9846 , 1.8822,16.0293,<LOD,0.0000,0.0000,3.1497 , 0.8339,0.3075,6463.1123 , 52.8064,20.4950,4.8535 , 1.1067,0.5611,200.5150 , 14.3153,3.7409,<LOD,7.5290,0.1930,19.1682 , 0.7677,2.3662,74.0753 , 3.3663,0.7609,121.5598 , 1.3973,12.0613,6,403.500000,39.000660,-122.668976,10.000000,528663.687500,4316902.000000,
309,Mining,120.42,30.11,30.05,30.11,30.15,"Wed Apr 8, 2026 - 09:51:27",User,1.5,ppm,,,,,,Mining,,<LOD,1.5083,0.5978,136481.1094 , 2597.7957,2.9345,<LOD,1.5023,0.2437,<LOD,3.2774,0.1035,461.1428 , 22.2350,15.8990,401502.1875 , 6553.6748,<LOD,1.3653,0.1236,47928.1523 , 291.0230,61.0542,<LOD,2.3307,1.1356,<LOD,42.0923,0.6474,<LOD,60.9695,14.1768,121.9973 , 6.6163,3.3986,20.1352 , 3.1839,0.3791,39404.7227 , 202.0641,91.2917,<LOD,0.0000,0.0000,<LOD,2.8094,0.1882,7606.7261 , 107.4876,5.2643,43212.6367 , 4389.3872,0.1135,1296.3213 , 39.7134,2.4600,<LOD,1.1555,4.2597,5.3505 , 0.6049,2.8472,<LOD,8.4444,0.2947,799.1299 , 126.4122,0.2396,5.6102 , 1.0178,0.2899,<LOD,1.3364,0.4195,35.7137 , 1.1495,1.7686,<LOD,0.0000,0.0000,821.7990 , 36.6757,0.5445,<LOD,4.3718,3.3979,<LOD,0.8751,0.1880,313206.7500 , 831.6428,31.0930,16.5476 , 2.4267,2.9832,280.9137 , 1.7630,15.5430,<LOD,0.0000,0.0000,3.8541 , 0.7853,0.3006,6375.0024 , 52.5179,21.1414,2.6838 , 1.0338,0.5191,187.3662 , 14.4343,3.7950,<LOD,7.9079,0.2256,24.4124 , 0.8037,2.7525,90.0319 , 3.5710,0.9035,109.7302 , 1.3225,11.6307,5,410.700012,39.000721,-122.668915,10.000000,528669.000000,4316908.500000,
310,Mining,120.47,30.15,30.12,30.08,27.41,"Wed Apr 8, 2026 - 09:54:07",User,1.5,ppm,,,,,,Mining,,<LOD,1.5123,0.6013,134637.3438 , 2776.6282,2.8935,<LOD,1.5614,0.2491,<LOD,3.2192,0.0994,453.5529 , 22.1566,15.7159,398751.1562 , 6983.3569,<LOD,1.4259,0.1343,40848.5664 , 266.4202,49.5905,<LOD,2.2808,1.0772,<LOD,45.1633,0.6607,<LOD,59.1638,13.1329,131.2368 , 6.6318,3.4175,17.7519 , 3.1098,0.3593,38077.9023 , 198.3982,85.2235,<LOD,0.0000,0.0000,3.9229 , 2.0143,0.2315,9078.0830 , 115.6432,5.8946,45400.0234 , 4625.0151,0.1162,529.5704 , 29.0731,1.2924,<LOD,1.4326,4.1970,5.7716 , 0.5827,2.7209,<LOD,8.1596,0.2723,836.5321 , 137.8003,0.2497,9.5917 , 1.0964,0.3363,<LOD,1.3807,0.4500,38.1662 , 1.1630,1.8112,<LOD,0.0000,0.0000,1402.7776 , 44.5970,0.7235,<LOD,4.3510,3.3541,<LOD,0.8771,0.1908,322809.2188 , 864.2015,30.7482,11.7828 , 2.4030,2.9073,287.4642 , 1.7839,15.5408,<LOD,0.0000,0.0000,3.4033 , 0.8028,0.3063,6278.7236 , 52.2869,20.3030,<LOD,2.4158,0.5039,196.5046 , 14.3205,3.7242,<LOD,7.4778,0.2005,15.7539 , 0.7280,2.2369,64.1899 , 3.1713,0.7097,111.0477 , 1.3219,11.5196,6,414.500000,39.000763,-122.668938,10.000000,528667.062500,4316913.500000,
311,Mining,120.54,30.17,30.10,30.11,29.55,"Wed Apr 8, 2026 - 09:57:03",User,1.5,ppm,,,,,,Mining,,<LOD,1.2559,0.6830,137958.9688 , 2155.5635,2.9699,<LOD,1.3688,0.3070,<LOD,2.6879,0.1029,320.5029 , 17.6204,16.1502,430050.8125 , 5298.5806,<LOD,1.2339,0.1492,35139.6211 , 224.2046,49.3013,<LOD,1.8977,1.2382,<LOD,39.7562,0.6841,<LOD,46.9474,11.0747,119.9771 , 5.4329,3.4662,19.9056 , 2.8051,0.4298,26438.5586 , 143.5072,70.0313,<LOD,0.0000,0.0000,2.4220 , 1.6875,0.2434,7983.6123 , 96.7136,5.9499,40180.8281 , 3762.0110,0.1101,395.3531 , 24.4516,1.2133,<LOD,0.9365,4.9393,3.6738 , 0.5186,3.1362,<LOD,6.3985,0.2544,647.6217 , 112.1063,0.2193,5.9945 , 0.9042,0.3398,<LOD,1.0733,0.4423,32.7679 , 1.0068,2.0051,<LOD,0.0000,0.0000,5937.6079 , 71.5830,2.5525,<LOD,3.5440,3.6843,<LOD,0.7250,0.1929,307973.4062 , 819.3160,33.5357,12.5519 , 1.9651,3.2083,283.8236 , 1.6101,19.1975,<LOD,0.0000,0.0000,4.8289 , 0.7225,0.3873,6138.0918 , 45.4165,23.1288,2.4985 , 0.9332,0.6284,162.0792 , 12.0645,4.0227,<LOD,6.1035,0.1962,12.5296 , 0.6220,2.4533,71.6720 , 2.9545,0.9069,100.2940 , 1.1595,13.4847,3,417.899994,39.000874,-122.669067,10.000000,528655.625000,4316925.500000,
312,Mining,120.22,30.09,30.24,30.06,29.83,"Wed Apr 8, 2026 - 10:00:14",User,1.5,ppm,,,,,,Mining,,<LOD,1.4576,0.6221,132629.5781 , 2485.4585,2.8518,<LOD,1.5098,0.2673,<LOD,3.0520,0.0978,425.4959 , 21.2016,16.0983,427561.0000 , 6119.4272,<LOD,1.3466,0.1311,38273.7070 , 238.0415,46.7869,<LOD,2.2167,1.1382,<LOD,43.1876,0.6443,<LOD,53.5689,11.0788,123.7996 , 5.9756,3.1926,16.4901 , 3.0041,0.3651,30900.3320 , 155.9429,70.3329,<LOD,0.0000,0.0000,<LOD,3.3000,0.2108,7815.1567 , 101.2750,5.1279,31062.7500 , 3969.9971,0.0928,424.8026 , 26.9626,1.1365,<LOD,1.0341,4.3798,4.5124 , 0.5745,2.8112,<LOD,7.5238,0.2661,888.4012 , 130.7435,0.2409,7.6576 , 1.0231,0.3209,<LOD,1.3153,0.4536,32.6411 , 1.0946,1.7297,<LOD,0.0000,0.0000,5149.4609 , 70.6875,1.9988,<LOD,4.2347,3.5872,<LOD,0.8364,0.1904,317562.5000 , 804.2567,30.3470,17.2256 , 2.3422,3.1073,298.2762 , 1.7217,16.9539,<LOD,0.0000,0.0000,3.5293 , 0.7657,0.3103,6400.9102 , 47.8494,20.7239,4.8731 , 1.0513,0.5900,195.0140 , 13.3042,3.7274,<LOD,7.1685,0.2007,13.5547 , 0.6827,2.1720,76.9332 , 3.2773,0.8270,111.4311 , 1.2842,12.2929,7,413.799988,39.000645,-122.668854,10.000000,528674.375000,4316900.500000,
313,Mining,120.59,30.20,30.10,30.12,29.56,"Wed Apr 8, 2026 - 10:02:53",User,1.5,ppm,,,,,,Mining,,<LOD,1.4246,0.6430,132670.0156 , 2356.2964,2.8558,<LOD,1.4603,0.2621,<LOD,3.0692,0.1095,414.9756 , 20.4467,16.2403,425401.5625 , 5791.0796,<LOD,1.2989,0.1345,38693.4492 , 233.0355,48.4060,<LOD,2.1503,1.1595,<LOD,42.8191,0.6752,<LOD,49.9840,10.3463,125.2424 , 5.8108,3.3050,11.7126 , 2.7984,0.3483,27814.6191 , 143.6414,64.9360,<LOD,0.0000,0.0000,<LOD,2.8765,0.2175,8138.5522 , 99.4304,5.4522,30571.1270 , 3811.7563,0.0924,440.0479 , 26.4954,1.1739,<LOD,0.9985,4.5185,5.5329 , 0.5615,2.9817,<LOD,7.0989,0.2672,760.4946 , 126.0924,0.2346,9.4914 , 1.0247,0.3555,<LOD,1.2876,0.4703,32.4497 , 1.0585,1.7860,<LOD,0.0000,0.0000,4879.4976 , 67.6650,1.9445,<LOD,4.0715,3.5724,<LOD,0.8121,0.1951,322866.4375 , 800.9102,31.7950,17.4307 , 2.2631,3.1385,305.7437 , 1.7015,18.0705,<LOD,0.0000,0.0000,4.1574 , 0.7519,0.3365,6471.3628 , 47.8244,21.8000,4.3810 , 1.0154,0.6078,178.0652 , 12.9297,3.8570,<LOD,6.9140,0.2058,13.2265 , 0.6589,2.2353,60.1602 , 2.9361,0.7308,110.2567 , 1.2469,12.7881,5,407.100006,39.000671,-122.668907,10.000000,528669.437500,4316903.000000,
314,Mining,120.42,30.26,30.01,30.10,29.15,"Wed Apr 8, 2026 - 10:05:34",User,1.5,ppm,,,,,,Mining,,<LOD,1.4593,0.6363,143323.0625 , 2693.4961,3.0740,<LOD,1.5454,0.2770,<LOD,3.0864,0.1004,462.4030 , 21.2484,16.6204,399483.3438 , 6660.2588,<LOD,1.4339,0.1495,37500.5586 , 236.9268,44.5146,<LOD,2.1861,1.1243,<LOD,46.0703,0.6864,<LOD,49.8146,9.2071,121.6688 , 5.8262,3.0934,19.1233 , 3.0478,0.3764,26044.0879 , 147.5974,57.7167,<LOD,0.0000,0.0000,2.9269 , 1.9413,0.2368,9140.7607 , 106.2592,5.7756,35141.2383 , 4190.6860,0.1018,368.6146 , 26.1163,1.0186,<LOD,1.3155,4.4984,6.9837 , 0.5851,2.9473,<LOD,7.2401,0.2607,706.8426 , 127.6634,0.2115,9.4694 , 1.0578,0.3451,<LOD,1.3476,0.4874,36.2249 , 1.1291,1.8612,<LOD,0.0000,0.0000,12666.4277 , 109.7046,4.4161,<LOD,4.1916,3.5707,<LOD,0.8520,0.1995,327355.8438 , 845.1935,31.0175,14.0087 , 2.3135,3.0833,333.1745 , 1.8799,18.8199,<LOD,0.0000,0.0000,3.4544 , 0.8001,0.3346,6880.0342 , 50.2169,21.7606,3.5600 , 1.0560,0.5957,202.5972 , 13.3563,3.8727,<LOD,7.2003,0.2036,13.1705 , 0.6833,2.1839,38.2594 , 2.6794,0.5541,122.2074 , 1.3503,13.3475,6,404.700012,39.000660,-122.668892,10.000000,528670.875000,4316902.000000,
315,Mining,120.44,30.08,30.19,30.07,30.10,"Wed Apr 8, 2026 - 10:08:20",User,1.5,ppm,,,,,,Mining,,<LOD,1.5175,0.6378,145232.9375 , 2562.4656,3.1140,<LOD,1.6121,0.2701,<LOD,3.2483,0.1027,455.6227 , 22.0403,16.5585,398247.4062 , 6433.6016,<LOD,1.4753,0.1460,38629.2617 , 230.9217,45.6961,<LOD,2.2691,1.1212,<LOD,44.3212,0.6927,<LOD,54.0518,9.4778,120.9452 , 5.7087,3.1222,11.8533 , 2.9946,0.3354,26719.3086 , 146.9336,58.8469,<LOD,0.0000,0.0000,3.2260 , 1.9891,0.2313,9539.3506 , 105.0346,5.9969,29699.0801 , 3873.4519,0.0928,357.2142 , 26.9275,1.0054,<LOD,1.3613,4.4831,7.3037 , 0.6078,2.9334,<LOD,7.5794,0.2621,685.9781 , 118.9084,0.2003,10.9825 , 1.1269,0.3619,<LOD,1.3590,0.4573,36.6363 , 1.1768,1.8694,<LOD,0.0000,0.0000,12233.1611 , 102.8872,4.2638,<LOD,4.3642,3.5862,<LOD,0.8929,0.2027,330429.5000 , 799.3965,31.3292,15.0292 , 2.4137,3.1136,336.1321 , 1.9043,18.8097,<LOD,0.0000,0.0000,2.6820 , 0.8154,0.3169,6836.4697 , 48.1838,21.5061,4.0728 , 1.1059,0.6033,209.2925 , 13.0269,3.8711,<LOD,7.2142,0.1883,10.7238 , 0.6875,2.0310,42.7073 , 2.8478,0.5787,123.0969 , 1.3911,13.3138,7,403.500000,39.000534,-122.668816,10.000000,528677.875000,4316888.000000,
316,Mining,120.35,30.21,30.03,30.03,29.47,"Wed Apr 8, 2026 - 10:10:59",User,1.5,ppm,,,,,,Mining,,<LOD,1.4919,0.6046,132256.8438 , 2521.8459,2.8453,<LOD,1.6510,0.2997,<LOD,3.1098,0.0927,463.7251 , 22.0460,16.3951,423586.6875 , 6319.6460,<LOD,1.4297,0.1351,30067.2930 , 205.1147,34.8962,<LOD,2.2582,1.0906,<LOD,45.0718,0.6622,<LOD,53.0314,9.6504,114.3592 , 5.7936,3.0275,12.5379 , 3.0500,0.3427,27946.9062 , 144.9816,61.3500,<LOD,0.0000,0.0000,5.9524 , 2.0442,0.2453,9787.6016 , 109.9439,5.9917,25895.2695 , 3876.7349,0.0860,338.4254 , 26.5687,0.9772,<LOD,1.2101,4.4963,6.5231 , 0.6091,2.8971,<LOD,7.9162,0.2894,606.2339 , 122.6810,0.1931,9.0039 , 1.0961,0.3375,<LOD,1.3770,0.4629,39.6654 , 1.2164,1.9845,<LOD,0.0000,0.0000,15032.6455 , 116.2750,5.0700,<LOD,4.3606,3.5241,<LOD,0.8565,0.1836,326242.2500 , 792.5198,30.0879,20.7461 , 2.4355,3.1439,328.6205 , 1.8506,18.2569,<LOD,0.0000,0.0000,4.5536 , 0.8277,0.3386,6853.2329 , 48.2553,21.4143,4.8209 , 1.1263,0.6171,195.5210 , 13.2794,3.7855,<LOD,7.0746,0.1778,10.6595 , 0.6958,2.0488,46.3131 , 2.9214,0.6005,123.5877 , 1.3858,13.1982,5,401.100006,39.000595,-122.668953,10.000000,528665.687500,4316894.500000,
317,Mining,120.36,30.11,30.07,30.04,30.14,"Wed Apr 8, 2026 - 10:13:44",User,1.5,ppm,,,,,,Mining,,<LOD,1.5234,0.5978,135713.2188 , 2633.0850,2.9145,<LOD,1.6163,0.2586,<LOD,3.3430,0.0996,475.0299 , 22.5620,16.0763,397575.2188 , 6763.7676,<LOD,1.5039,0.1388,42978.5820 , 259.2157,50.8306,<LOD,2.2986,1.0689,<LOD,43.2632,0.6628,<LOD,61.7575,12.4086,135.0396 , 6.4133,3.2861,20.9039 , 3.2687,0.3684,35710.7969 , 179.4213,77.5671,<LOD,0.0000,0.0000,<LOD,4.9024,0.2146,8664.6514 , 109.2967,5.5178,38234.0352 , 4201.5811,0.1038,519.8137 , 29.9069,1.2430,<LOD,1.7757,4.2517,5.9481 , 0.6178,2.7455,<LOD,8.4334,0.2791,715.3306 , 124.4450,0.2201,8.3354 , 1.1008,0.3147,<LOD,1.4004,0.4542,37.1834 , 1.1968,1.7742,<LOD,0.0000,0.0000,2463.5420 , 51.0237,1.0542,<LOD,4.4296,3.4127,<LOD,0.8981,0.1849,329334.2500 , 802.1866,30.8371,12.5408 , 2.4488,2.9686,306.2378 , 1.8421,16.2206,<LOD,0.0000,0.0000,2.8824 , 0.8308,0.2988,6690.0449 , 51.3161,20.8708,3.5039 , 1.0955,0.5406,183.9002 , 14.0154,3.6809,<LOD,7.5521,0.1893,17.9492 , 0.7671,2.3193,74.3788 , 3.4180,0.7659,116.6569 , 1.3774,11.8615,3,395.500000,39.000439,-122.668747,10.000000,528683.937500,4316877.500000,
318,Mining,55.06,30.12,24.94,,,"Wed Apr 8, 2026 - 10:15:11",User,1.5,ppm,,,,,,Mining,,<LOD,6.9358,32.5189,,,,<LOD,1.7456,0.2809,<LOD,3.4917,0.1005,,,,907049.1250 , 582.6866,<LOD,1.5828,0.1423,40940.4648 , 253.7243,44.8013,<LOD,7.4497,31.6361,,,,<LOD,58.5367,10.7337,128.3285 , 7.4950,3.2881,24.8170 , 3.5869,0.4100,32884.9609 , 120.1677,67.8029,<LOD,0.0000,0.0000,<LOD,4.1862,0.2272,10732.4414 , 139.3394,6.9794,,,,396.8539 , 28.6693,1.0457,<LOD,1.1985,4.6252,5.6282 , 0.6680,2.9923,<LOD,8.4910,0.2717,,,,9.3812 , 1.1818,0.3359,<LOD,7.9355,37.1303,36.4091 , 1.2826,1.9088,<LOD,0.0000,0.0000,,,,<LOD,12.7262,33.3408,<LOD,0.9535,0.1937,,,,<LOD,8.9140,27.6319,333.0374 , 1.7983,18.3261,<LOD,0.0000,0.0000,4.7283 , 0.9148,0.3533,7034.2261 , 55.7845,21.9653,4.0711 , 1.2059,0.6084,217.6989 , 16.9006,3.9669,<LOD,8.2767,0.2107,11.7592 , 0.7693,2.1589,69.3744 , 3.4618,0.7287,116.7322 , 1.4350,12.9218,5,412.200012,39.000732,-122.668945,10.000000,528666.500000,4316910.000000,
319,Mining,120.51,30.02,30.03,30.29,28.96,"Wed Apr 8, 2026 - 10:17:25",User,1.5,ppm,,,,,,Mining,,<LOD,1.3625,0.6395,145885.1250 , 2444.4272,3.1328,<LOD,1.4078,0.2684,<LOD,2.9553,0.1060,382.0398 , 19.4360,15.8893,412696.3438 , 5851.7183,<LOD,1.2257,0.1255,31800.4727 , 214.2192,41.1327,<LOD,2.0438,1.1372,<LOD,42.6848,0.6504,<LOD,49.8859,10.8387,104.8920 , 5.4575,3.1445,20.2341 , 2.9485,0.4054,28501.2363 , 153.2749,69.5788,<LOD,0.0000,0.0000,<LOD,2.9931,0.2174,9302.0908 , 105.2281,6.3348,30993.9648 , 3885.3630,0.0963,322.6503 , 24.2480,1.0337,<LOD,0.9893,4.6696,5.1887 , 0.5504,3.0056,<LOD,6.8980,0.2548,457.6503 , 106.8026,0.1590,6.3605 , 0.9535,0.3220,<LOD,1.2266,0.4636,34.2267 , 1.0722,1.9306,<LOD,0.0000,0.0000,10935.9922 , 100.8293,4.1633,<LOD,3.8641,3.4845,<LOD,0.8104,0.2075,321568.8750 , 843.7952,32.7363,15.1644 , 2.1503,3.0710,301.0646 , 1.7203,18.5773,<LOD,0.0000,0.0000,3.9570 , 0.7185,0.3263,6293.9595 , 46.5128,21.9154,4.2094 , 1.0041,0.6234,183.9392 , 12.4792,3.9047,<LOD,6.6557,0.1996,9.7853 , 0.6258,2.0999,61.7746 , 2.9395,0.7667,108.8202 , 1.2436,13.1627,4,405.600006,39.000542,-122.668800,10.000000,528679.000000,4316889.000000,
320,Mining,120.28,30.04,30.05,30.08,28.30,"Wed Apr 8, 2026 - 10:20:12",User,1.5,ppm,,,,,,Mining,,<LOD,1.3970,0.6343,124785.2969 , 2341.3867,2.6944,<LOD,1.4617,0.2665,<LOD,2.9936,0.0976,424.4582 , 19.9598,15.9736,443741.4688 , 5745.4956,<LOD,1.3006,0.1269,33680.2266 , 216.9024,41.3314,<LOD,2.1065,1.1431,<LOD,42.6207,0.6145,<LOD,50.8768,10.0726,103.4130 , 5.6409,3.0206,18.4144 , 3.0316,0.3849,27994.7930 , 142.0035,64.6927,<LOD,0.0000,0.0000,<LOD,3.9091,0.2211,9127.2842 , 106.0518,5.9467,24467.8789 , 3798.3718,0.0842,305.2336 , 24.7655,0.9651,<LOD,1.2020,4.6154,4.8427 , 0.5694,2.8906,<LOD,7.2995,0.2684,473.8727 , 113.5978,0.1707,5.6487 , 0.9709,0.2997,<LOD,1.2425,0.4479,35.5557 , 1.1108,1.8823,<LOD,0.0000,0.0000,13591.0352 , 111.1960,4.8699,<LOD,3.9816,3.5178,<LOD,0.8294,0.1956,313977.8750 , 791.9335,30.3271,19.2912 , 2.2124,3.0836,293.1442 , 1.6737,17.1871,<LOD,0.0000,0.0000,3.2941 , 0.7434,0.3061,6589.4087 , 47.0783,21.6657,3.4744 , 1.0244,0.5822,175.1041 , 12.9237,3.7712,<LOD,6.9879,0.1976,10.5656 , 0.6563,2.0791,58.1709 , 2.9856,0.7115,110.2589 , 1.2645,12.5420,6,404.600006,39.000622,-122.668945,10.000000,528666.687500,4316897.500000,
321,Mining,120.24,30.02,30.07,30.05,29.51,"Wed Apr 8, 2026 - 10:23:39",User,1.5,ppm,,,,,,Mining,,<LOD,1.5126,0.6148,136643.5312 , 2644.1074,2.9358,<LOD,1.5818,0.2660,<LOD,3.2422,0.1000,435.9428 , 22.1875,16.0416,391923.8125 , 6833.4854,<LOD,1.4377,0.1354,41604.9766 , 262.4932,51.0073,<LOD,2.2717,1.0882,<LOD,42.5601,0.6462,<LOD,59.1833,12.8061,136.2877 , 6.3729,3.3749,16.4525 , 3.0953,0.3525,35621.1719 , 188.9041,80.2506,<LOD,0.0000,0.0000,4.6540 , 2.0078,0.2325,9007.3252 , 111.4965,5.8892,47302.6172 , 4430.7100,0.1198,470.5543 , 28.5370,1.2062,<LOD,1.6296,4.3109,5.9884 , 0.6024,2.7980,<LOD,8.0769,0.2635,722.7964 , 125.2840,0.2256,7.9843 , 1.0729,0.3193,<LOD,1.3803,0.4597,35.4324 , 1.1496,1.7444,<LOD,0.0000,0.0000,3827.2920 , 61.3137,1.5468,<LOD,4.3796,3.4799,<LOD,0.8735,0.1876,324970.0312 , 839.2585,31.3699,14.9536 , 2.4330,3.0631,299.4942 , 1.8378,16.4719,<LOD,0.0000,0.0000,3.6356 , 0.8111,0.3116,6563.5757 , 51.8825,21.2959,1.8892 , 1.0494,0.5263,186.1305 , 13.9410,3.7839,<LOD,7.1089,0.1789,17.2248 , 0.7442,2.3317,61.8121 , 3.1647,0.7009,114.4258 , 1.3559,12.0786,5,407.000000,39.000912,-122.668839,10.000000,528675.687500,4316930.000000,
322,Mining,120.48,30.26,30.09,30.03,27.71,"Wed Apr 8, 2026 - 10:26:26",User,1.5,ppm,,,,,,Mining,,<LOD,1.5575,0.6146,140051.3125 , 2882.6111,3.0066,<LOD,1.5750,0.2601,<LOD,3.4282,0.1080,500.2747 , 23.0419,16.4491,371891.9688 , 7365.9756,<LOD,1.5280,0.1477,42687.5508 , 269.8818,51.2178,<LOD,2.2968,1.0411,<LOD,46.1900,0.6729,<LOD,60.0452,12.8017,131.6431 , 6.3437,3.3002,6.3926 , 2.8915,0.2965,36481.6484 , 202.6873,80.1737,<LOD,0.0000,0.0000,<LOD,4.7659,0.2204,9325.4961 , 112.8149,5.9923,48618.1875 , 4753.0972,0.1217,485.8887 , 28.9874,1.2079,<LOD,1.6564,4.2385,6.5828 , 0.6103,2.7543,<LOD,8.3022,0.2729,588.6804 , 122.6607,0.1900,6.4191 , 1.0499,0.2941,<LOD,1.3868,0.4358,36.2159 , 1.1842,1.7658,<LOD,0.0000,0.0000,3177.5906 , 59.7666,1.2974,<LOD,4.4891,3.4447,<LOD,0.9151,0.1974,338285.7188 , 896.7056,32.4180,20.1135 , 2.5129,3.1002,307.3744 , 1.9174,16.4136,<LOD,0.0000,0.0000,3.0619 , 0.8370,0.3095,7020.4468 , 54.3295,22.1887,4.5886 , 1.0992,0.5605,171.8513 , 14.0253,3.8035,<LOD,7.5996,0.1979,13.8843 , 0.7195,2.0858,59.5153 , 3.1523,0.6703,117.5948 , 1.3914,12.0162,7,409.799988,39.000614,-122.668983,10.000000,528662.812500,4316897.000000,
323,Mining,120.24,30.01,30.06,30.12,30.05,"Wed Apr 8, 2026 - 10:29:12",User,1.5,ppm,,,,,,Mining,,<LOD,1.5214,0.6462,138240.2969 , 2589.0144,2.9678,<LOD,1.5288,0.2500,<LOD,3.2184,0.1046,471.1953 , 22.0820,16.6236,398517.9375 , 6574.6494,<LOD,1.4409,0.1442,43064.0781 , 272.1877,53.5470,<LOD,2.2515,1.1088,<LOD,42.2776,0.6521,<LOD,57.3063,12.6340,136.1563 , 6.6254,3.4654,16.3774 , 3.0423,0.3608,35053.4023 , 183.6588,80.0329,<LOD,0.0000,0.0000,4.8765 , 2.0277,0.2492,9023.7666 , 114.8767,6.0226,43543.2109 , 4302.3892,0.1137,484.7965 , 28.1939,1.2407,<LOD,1.2311,4.3806,6.0073 , 0.5923,2.8539,<LOD,8.0259,0.2866,697.9288 , 119.9172,0.2119,9.3381 , 1.0756,0.3404,<LOD,1.3798,0.4766,36.3684 , 1.1524,1.8452,<LOD,0.0000,0.0000,5779.6675 , 72.9668,2.2431,<LOD,4.3704,3.6298,<LOD,0.8492,0.1852,317271.1562 , 826.6119,31.0569,17.2186 , 2.4136,3.1347,300.7780 , 1.8045,16.8067,<LOD,0.0000,0.0000,2.9048 , 0.7986,0.3137,6940.6968 , 54.4014,22.7383,4.3258 , 1.0709,0.5814,196.6962 , 14.7129,4.0244,<LOD,7.3562,0.2037,15.0964 , 0.7131,2.2587,49.8100 , 2.9154,0.6303,115.9191 , 1.3348,12.3877,7,410.100006,39.000587,-122.669006,10.000000,528661.375000,4316894.000000,
324,Mining,120.46,30.11,30.25,30.00,30.10,"Wed Apr 8, 2026 - 10:40:20",User,1.5,ppm,,,,,,Mining,,<LOD,0.9700,0.9393,8464.5859 , 394.0454,0.3278,3.8115 , 0.7320,0.5370,<LOD,2.0590,0.1346,588.9257 , 14.7285,29.6330,623102.5625 , 2453.2422,<LOD,0.9348,0.1903,185.9116 , 16.5529,0.7077,<LOD,1.8424,1.9190,<LOD,26.1137,0.5428,<LOD,7.3385,0.4767,6.4456 , 2.6225,1.9577,<LOD,2.4550,0.3099,322.2910 , 13.5917,1.7589,<LOD,0.0000,0.0000,14.9274 , 1.6482,0.5517,<LOD,23.0863,0.2293,<LOD,3639.0729,0.0384,<LOD,14.7630,0.3093,<LOD,0.7735,8.3938,9.0152 , 0.4297,5.4525,<LOD,3.4986,0.2472,76.7288 , 62.8163,0.1086,<LOD,0.8574,0.3461,<LOD,0.8601,0.6561,<LOD,0.5610,0.4495,<LOD,0.0000,0.0000,121.1432 , 19.7369,0.3149,276.8039 , 2.8446,16.4169,<LOD,0.5488,0.2459,357020.3750 , 622.0456,47.0227,7.2346 , 1.5207,4.5385,3.8826 , 0.2365,1.2366,<LOD,0.0000,0.0000,<LOD,0.6760,0.2692,7343.7246 , 31.6605,35.8238,<LOD,0.8364,0.4980,59.7376 , 8.0640,5.0837,<LOD,4.5794,0.2396,<LOD,0.5077,1.7156,23.5683 , 1.7820,0.7118,194.7634 , 1.0611,27.7946,4,404.399994,39.000179,-122.668648,10.000000,528692.437500,4316848.500000,
325,Mining,120.44,30.28,30.05,30.03,28.88,"Wed Apr 8, 2026 - 10:43:16",User,1.5,ppm,,,,,,Mining,,<LOD,1.2539,0.8847,5750.6001 , 381.6670,0.2469,2.1957 , 0.8103,0.5095,<LOD,2.4782,0.1604,650.2847 , 15.7420,27.5861,677118.2500 , 1846.1588,<LOD,0.9330,0.1556,384.4739 , 21.6018,0.9508,<LOD,1.6167,1.6855,<LOD,29.7649,0.5659,<LOD,8.2204,0.4855,7.3912 , 2.8398,1.8433,<LOD,2.8160,0.3358,490.3670 , 16.3096,2.0934,<LOD,0.0000,0.0000,68.7016 , 2.6480,1.2283,<LOD,27.1298,0.2331,<LOD,2290.5731,0.0297,<LOD,16.4853,0.3175,<LOD,0.7821,7.0205,7.6022 , 0.4408,4.6941,<LOD,3.8051,0.2410,100.9601 , 64.5605,0.0927,3.8869 , 0.6871,0.3620,<LOD,0.8828,0.5495,0.6876 , 0.4115,0.4134,<LOD,0.0000,0.0000,190.5287 , 22.8928,0.3428,279.7196 , 2.9782,14.6630,<LOD,0.6210,0.2509,309259.6875 , 548.0009,34.0775,9.3347 , 1.6207,4.1468,5.4082 , 0.2713,1.3316,<LOD,0.0000,0.0000,<LOD,0.7054,0.2585,5344.8589 , 28.7524,23.6618,<LOD,0.9752,0.5328,52.2002 , 7.7373,3.5776,<LOD,5.4520,0.2786,<LOD,0.5184,1.4488,115.5549 , 3.0278,1.6970,157.2843 , 0.9716,20.2878,5,403.299988,39.000183,-122.668617,10.000000,528695.187500,4316849.000000,
326,Mining,122.93,32.64,30.12,30.12,30.05,"Wed Apr 8, 2026 - 10:46:11",User,1.5,ppm,,,,,,Mining,,<LOD,0.9578,0.9987,8742.7988 , 399.7290,0.3630,<LOD,1.1784,0.5409,<LOD,2.5856,0.2192,1131.8353 , 16.7964,45.1130,563204.0625 , 2394.6565,<LOD,0.9717,0.2126,201.3266 , 16.3727,0.7883,<LOD,1.5508,2.1242,<LOD,24.8971,0.5212,<LOD,6.9750,0.4452,<LOD,6.5441,2.5315,<LOD,2.5927,0.3583,269.9385 , 12.9982,1.6640,<LOD,0.0000,0.0000,143.8652 , 3.4320,2.7185,57.0043 , 16.9845,0.4008,<LOD,3430.7904,0.0408,<LOD,16.1332,0.3834,<LOD,0.7529,8.0321,5.9884 , 0.4120,5.0434,<LOD,3.8189,0.3107,131.2531 , 57.9101,0.1008,7.8561 , 0.7445,0.5361,<LOD,0.8672,0.7309,1.6344 , 0.4250,0.4959,<LOD,0.0000,0.0000,711.2119 , 25.6530,0.5954,313.1151 , 2.9293,19.3351,<LOD,0.6226,0.3232,418415.7188 , 650.8112,61.6546,7.8607 , 1.5434,5.2137,10.4219 , 0.3142,2.2371,<LOD,0.0000,0.0000,<LOD,0.7074,0.3063,4489.9512 , 28.0484,26.0465,<LOD,1.0706,0.7773,45.3238 , 7.0074,4.2432,<LOD,0.0000,0.2663,<LOD,0.5000,1.6746,33.4107 , 2.0277,0.9656,140.5888 , 0.9226,22.0501,4,404.100006,39.000149,-122.668488,10.000000,528706.437500,4316845.500000,
327,Mining,120.59,30.25,30.05,30.12,28.97,"Wed Apr 8, 2026 - 10:49:00",User,1.5,ppm,,,,,,Mining,,<LOD,1.0008,0.9362,10771.6797 , 456.3599,0.3789,<LOD,0.9498,0.3014,<LOD,2.1504,0.1299,1353.1620 , 17.9229,45.0131,596970.5000 , 2312.6641,<LOD,0.9285,0.1664,618.7161 , 24.0887,1.4243,<LOD,1.6017,1.9410,<LOD,28.7127,0.5617,<LOD,7.3400,0.4183,<LOD,6.8822,2.1069,<LOD,2.8968,0.3835,339.4988 , 14.3401,1.7365,<LOD,0.0000,0.0000,27.1438 , 1.9863,0.7171,<LOD,32.5059,0.3587,<LOD,3093.7489,0.0370,<LOD,16.7223,0.3537,<LOD,0.7381,6.6663,5.9611 , 0.4248,4.6699,<LOD,3.7192,0.2487,185.5145 , 63.3653,0.1001,<LOD,0.8997,0.3379,<LOD,0.8816,0.6455,<LOD,0.5618,0.3664,<LOD,0.0000,0.0000,736.5677 , 27.9327,0.5713,376.8490 , 3.1603,19.7950,<LOD,0.5733,0.2361,383195.1250 , 610.7006,48.7057,12.8872 , 1.6075,4.9220,8.1836 , 0.2850,1.5942,<LOD,0.0000,0.0000,<LOD,0.6865,0.2554,4237.7412 , 26.7157,21.1437,<LOD,0.8881,0.4904,39.4979 , 6.8932,3.3505,<LOD,5.2896,0.2838,<LOD,0.5002,1.4667,56.7614 , 2.3387,1.0886,95.3712 , 0.7875,14.1965,6,401.399994,39.000149,-122.668541,10.000000,528701.812500,4316845.500000,
328,Mining,120.09,30.03,30.03,30.00,29.42,"Wed Apr 8, 2026 - 10:51:43",User,1.5,ppm,,,,,,Mining,,<LOD,0.9759,0.9830,11014.4521 , 444.4205,0.3950,<LOD,0.8616,0.2643,<LOD,2.0659,0.1359,986.9993 , 16.1730,39.6495,585866.9375 , 1955.7545,<LOD,0.8721,0.1664,535.5841 , 22.1655,1.3212,<LOD,1.5385,1.9706,<LOD,27.1366,0.5420,<LOD,6.7244,0.3997,<LOD,5.8240,1.9486,<LOD,2.6251,0.3562,253.2493 , 12.6766,1.5321,<LOD,0.0000,0.0000,23.1884 , 1.8323,0.6909,<LOD,26.0152,0.3464,<LOD,2310.2280,0.0352,<LOD,15.4274,0.3404,<LOD,0.7061,6.9510,4.0859 , 0.3978,4.6377,<LOD,3.6817,0.2776,173.9597 , 61.7245,0.1022,<LOD,0.8593,0.3494,<LOD,0.8752,0.7041,<LOD,0.5396,0.3983,<LOD,0.0000,0.0000,507.0887 , 24.9702,0.4873,372.3161 , 3.0818,20.7765,<LOD,0.5556,0.2534,396708.7500 , 569.1841,54.3377,11.6688 , 1.5559,5.0244,6.9218 , 0.2640,1.5522,<LOD,0.0000,0.0000,<LOD,0.6485,0.2610,3387.7305 , 21.6235,17.1744,<LOD,0.8330,0.4906,22.4771 , 5.7525,2.5961,<LOD,4.8912,0.2745,<LOD,0.4696,1.4641,42.5982 , 2.0704,0.9659,82.0062 , 0.7151,13.4005,6,402.799988,39.000092,-122.668495,10.000000,528705.875000,4316839.000000,
329,Mining,120.27,30.01,30.11,30.08,30.07,"Wed Apr 8, 2026 - 10:54:24",User,1.5,ppm,,,,,,Mining,,<LOD,0.9987,1.0249,10179.1670 , 422.6637,0.3770,<LOD,0.9213,0.3013,<LOD,2.2112,0.1504,1024.0084 , 16.5995,41.1538,591544.6250 , 2263.5254,<LOD,0.8966,0.1695,725.4360 , 24.6840,1.6614,<LOD,1.5641,2.0252,<LOD,26.9124,0.5681,<LOD,7.1836,0.4403,<LOD,3.6724,1.8656,<LOD,2.6844,0.3590,290.0396 , 13.5220,1.6824,<LOD,0.0000,0.0000,26.5631 , 1.9367,0.7491,52.1027 , 17.9947,0.3945,<LOD,3056.6186,0.0384,<LOD,16.0137,0.3533,<LOD,0.7387,7.3327,4.8827 , 0.4126,4.8099,<LOD,3.8467,0.2920,139.5520 , 60.2488,0.1023,<LOD,0.8944,0.3644,<LOD,0.8892,0.7228,<LOD,0.7332,0.4184,<LOD,0.0000,0.0000,574.9450 , 24.8707,0.5177,382.3734 , 3.1586,21.4816,<LOD,0.5810,0.2649,390038.5938 , 607.5258,53.7063,12.1984 , 1.5832,5.1818,6.7087 , 0.2696,1.5586,<LOD,0.0000,0.0000,<LOD,0.8479,0.2989,3612.6299 , 22.2942,18.3456,<LOD,0.8313,0.4669,24.7855 , 5.8790,2.7420,<LOD,4.9702,0.2728,<LOD,0.4917,1.5487,56.8498 , 2.3113,1.1614,96.7549 , 0.7875,15.4879,5,406.100006,39.000282,-122.668694,10.000000,528688.625000,4316860.000000,
330,Mining,120.37,30.12,30.05,30.11,27.39,"Wed Apr 8, 2026 - 10:57:18",User,1.5,ppm,,,,,,Mining,,<LOD,0.9720,0.9916,7494.0234 , 425.7975,0.3296,<LOD,0.7564,0.3066,<LOD,3.2869,0.3137,671.5703 , 14.9525,32.2808,570297.3750 , 2035.2445,<LOD,1.0373,0.2121,74.2263 , 14.5533,0.5277,<LOD,1.5295,1.9836,<LOD,28.5636,0.5400,<LOD,6.1310,0.3198,4.6819 , 2.4437,1.9213,<LOD,0.0000,0.0000,29.9164 , 9.1513,0.7382,<LOD,9.5296,0.5401,251.7091 , 8.0821,4.5142,<LOD,21.0643,0.1685,<LOD,2405.2077,0.0347,<LOD,15.0687,0.3009,<LOD,0.7513,6.4656,<LOD,0.8615,4.2129,<LOD,3.7215,0.2628,98.5225 , 61.2815,0.0865,<LOD,0.0000,0.0000,<LOD,0.8490,0.6704,<LOD,0.8549,0.4707,27.7868 , 8.7068,0.6430,231.5050 , 23.3515,0.3704,407.8568 , 3.1484,21.8820,<LOD,0.6869,0.3286,418059.4688 , 595.0546,57.3778,10.3997 , 1.5359,4.9088,9.9696 , 0.3429,2.2625,45.8159 , 4.1370,0.4903,<LOD,0.7214,0.2750,2196.7886 , 18.1573,11.1538,7.9767 , 1.1455,1.5143,21.8240 , 4.9010,1.8324,<LOD,0.0000,0.2212,<LOD,0.4945,1.4672,<LOD,0.0000,0.0000,58.6227 , 0.6520,10.3065,4,406.600006,39.000206,-122.668564,10.000000,528699.375000,4316851.500000,
331,Mining,120.23,30.07,30.22,30.05,29.89,"Wed Apr 8, 2026 - 11:00:01",User,1.5,ppm,,,,,,Mining,,<LOD,0.9782,0.9491,7643.0649 , 420.7466,0.3258,<LOD,0.8932,0.2539,<LOD,2.4946,0.1765,646.4200 , 15.2383,31.6014,569905.1875 , 2163.6304,<LOD,0.9380,0.1706,176.3445 , 16.4708,0.6618,<LOD,1.5702,1.9822,<LOD,28.2876,0.5538,<LOD,6.2004,0.3092,<LOD,6.1953,2.2808,<LOD,2.5375,0.2942,39.1265 , 9.5718,0.7617,<LOD,0.0000,0.0000,85.3156 , 2.8497,1.6142,<LOD,22.3090,0.1925,5955.5801 , 1761.8379,0.0463,<LOD,17.4150,0.3825,<LOD,0.7192,6.3074,2.4311 , 0.4028,4.1555,<LOD,3.7702,0.2595,69.0827 , 59.2165,0.0840,<LOD,0.8839,0.3266,<LOD,0.8740,0.6741,<LOD,0.6496,0.3968,<LOD,0.0000,0.0000,442.5008 , 24.7277,0.4467,321.0662 , 2.9710,18.1531,<LOD,0.5949,0.2522,412485.4688 , 589.3098,54.2767,9.1349 , 1.5753,4.8845,9.4752 , 0.3063,1.8435,<LOD,0.0000,0.0000,<LOD,0.6855,0.2514,2097.1399 , 23.4180,12.5048,<LOD,1.0157,0.6232,25.6338 , 5.8454,2.3528,<LOD,0.0000,0.2293,<LOD,0.4719,1.2977,23.1579 , 1.9068,0.7326,63.9081 , 0.6762,10.5929,6,401.100006,39.000145,-122.668541,10.000000,528701.812500,4316845.000000,
332,Mining,120.22,30.11,30.03,30.07,29.42,"Wed Apr 8, 2026 - 11:02:45",User,1.5,ppm,,,,,,Mining,,<LOD,0.9670,0.9845,10336.0879 , 436.8009,0.3862,<LOD,0.7264,0.2979,<LOD,2.9117,0.2573,360.7484 , 13.9617,25.7336,573784.5000 , 1911.9910,<LOD,0.9617,0.1885,225.8975 , 17.0849,0.7872,<LOD,1.5438,2.0367,<LOD,27.1860,0.5439,<LOD,6.1601,0.3384,<LOD,4.7387,2.0127,<LOD,0.0000,0.0000,64.3894 , 9.6617,0.8692,<LOD,9.5968,0.6574,186.3638 , 7.3147,3.6217,<LOD,20.7385,0.1792,<LOD,2088.1886,0.0290,<LOD,15.1591,0.3210,<LOD,0.7056,6.5298,1.9821 , 0.3959,4.3154,<LOD,3.7715,0.2856,76.3112 , 58.3371,0.0861,<LOD,0.0000,0.0000,<LOD,0.8402,0.6578,<LOD,0.7449,0.4378,35.6814 , 8.1462,0.5979,563.2894 , 25.7651,0.5176,410.5709 , 3.1683,22.1695,<LOD,0.6364,0.3062,411040.7500 , 555.5161,56.5091,11.0652 , 1.5460,4.9524,9.8800 , 0.3243,2.1520,87.6556 , 4.8320,0.7406,0.9874 , 0.4546,0.2700,2713.9043 , 20.4092,14.2273,<LOD,1.7284,1.0703,26.1773 , 5.4036,2.3243,<LOD,0.0000,0.2417,<LOD,0.4754,1.4401,<LOD,0.0000,0.0000,63.7368 , 0.6565,11.0513,6,406.299988,39.000137,-122.668549,10.000000,528701.125000,4316844.000000,
333,Mining,120.41,30.18,30.03,30.10,29.51,"Wed Apr 8, 2026 - 11:05:53",User,1.5,ppm,,,,,,Mining,,<LOD,1.0161,0.9183,11721.2598 , 486.4571,0.3995,<LOD,1.1576,0.4419,<LOD,2.5668,0.1781,713.1055 , 15.7405,30.6757,581892.9375 , 2189.7202,<LOD,0.9769,0.1765,498.4746 , 23.0989,1.2097,<LOD,1.5832,1.7940,<LOD,28.8013,0.5374,<LOD,8.7390,0.5703,9.1787 , 2.8343,1.9674,<LOD,3.0462,0.4075,571.9446 , 17.3091,2.4508,<LOD,0.0000,0.0000,76.9396 , 2.7935,1.4178,<LOD,28.1758,0.3345,4742.7578 , 1790.0699,0.0433,<LOD,16.2338,0.3201,<LOD,0.7956,7.4314,10.5406 , 0.4575,5.2009,<LOD,4.0254,0.2803,160.1237 , 66.8450,0.1044,4.9639 , 0.7106,0.4004,<LOD,0.8925,0.6288,<LOD,0.6385,0.4234,<LOD,0.0000,0.0000,434.2090 , 25.4221,0.4413,357.3148 , 3.1456,18.3613,<LOD,0.6249,0.2582,390736.1250 , 594.8135,49.4624,9.7392 , 1.6007,4.5118,6.4965 , 0.2830,1.4938,<LOD,0.0000,0.0000,<LOD,0.7266,0.2757,7751.5664 , 32.5553,35.2056,<LOD,1.0490,0.6386,62.9704 , 8.6442,5.0053,<LOD,5.5783,0.3026,<LOD,0.5284,1.5576,84.4899 , 2.7264,1.4223,154.8074 , 0.9791,20.9488,7,410.100006,39.000290,-122.668633,10.000000,528693.562500,4316861.000000,
334,Mining,120.51,30.07,30.24,30.11,30.09,"Wed Apr 8, 2026 - 11:09:25",User,1.5,ppm,,,,,,Mining,,<LOD,1.1600,0.8878,7808.0547 , 394.0159,0.3070,<LOD,1.1201,0.4342,<LOD,2.4029,0.1727,508.6845 , 14.0613,25.7094,640602.1250 , 2168.0840,<LOD,0.9236,0.1742,583.3260 , 23.4599,1.3891,2.4087 , 1.0024,1.8029,<LOD,28.5040,0.6055,<LOD,8.2844,0.5551,6.5689 , 2.6257,1.9555,4.1913 , 2.0782,0.4723,639.2966 , 17.5689,2.7766,<LOD,0.0000,0.0000,71.0086 , 2.5959,1.4122,135.1006 , 20.2183,0.4605,<LOD,2987.5204,0.0362,<LOD,15.1257,0.3053,<LOD,0.7591,7.5245,8.5926 , 0.4345,5.1936,<LOD,3.6498,0.2533,156.6812 , 62.2371,0.1027,2.7798 , 0.6422,0.3607,<LOD,0.8018,0.5451,0.7911 , 0.4051,0.4570,<LOD,0.0000,0.0000,441.8949 , 24.3503,0.4614,361.4111 , 3.0484,18.7157,<LOD,0.5782,0.2521,341712.6562 , 577.4960,42.7692,10.7361 , 1.4889,4.2130,7.8977 , 0.2861,1.6941,<LOD,0.0000,0.0000,<LOD,0.6695,0.2482,5689.3618 , 27.6361,27.1865,<LOD,0.9596,0.5896,46.0324 , 7.2858,3.9653,<LOD,0.0000,0.2592,<LOD,0.5043,1.5618,36.3330 , 2.0552,0.8995,131.9565 , 0.8901,19.1201,6,410.700012,39.000168,-122.668625,10.000000,528694.000000,4316847.500000,
335,Mining,120.47,30.11,30.10,30.15,30.11,"Wed Apr 8, 2026 - 11:12:06",User,1.5,ppm,,,,,,Mining,,<LOD,1.0395,0.9369,10047.9219 , 448.6696,0.3622,1.5688 , 0.7141,0.4117,<LOD,2.4580,0.1618,1232.3218 , 17.7543,40.9190,596005.3750 , 1962.1519,<LOD,0.9628,0.1701,551.4104 , 23.9700,1.2826,<LOD,1.6208,1.8329,<LOD,28.6804,0.5531,<LOD,8.3516,0.5125,4.1305 , 2.7403,1.8926,<LOD,3.8897,0.4229,537.8824 , 16.9506,2.3256,<LOD,0.0000,0.0000,59.3651 , 2.5163,1.1414,36.1012 , 19.7719,0.3801,<LOD,2203.7847,0.0288,<LOD,16.4243,0.3245,<LOD,0.7648,6.8181,6.8833 , 0.4355,4.6659,<LOD,3.8612,0.2547,155.5205 , 64.3639,0.0997,<LOD,0.8936,0.3150,<LOD,0.8957,0.6155,<LOD,0.8322,0.4088,<LOD,0.0000,0.0000,475.0593 , 25.4590,0.4584,466.1104 , 3.4525,22.3405,<LOD,0.6151,0.2537,385276.2500 , 557.5049,47.8667,13.0750 , 1.6388,4.7133,10.6984 , 0.3147,1.8461,<LOD,0.0000,0.0000,<LOD,0.7188,0.2702,4920.5020 , 26.7064,22.6410,<LOD,0.9669,0.5402,43.9495 , 7.1912,3.3914,<LOD,4.9930,0.2400,<LOD,0.5086,1.4369,42.7332 , 2.1989,0.9156,113.0966 , 0.8523,15.9648,7,415.200012,39.000191,-122.668633,10.000000,528693.437500,4316850.000000,
336,Mining,120.37,30.25,30.03,30.03,28.57,"Wed Apr 8, 2026 - 11:15:02",User,1.5,ppm,,,,,,Mining,,<LOD,0.9758,1.0343,4630.6108 , 395.1552,0.2889,<LOD,0.8780,0.2716,<LOD,2.3454,0.1689,733.6965 , 15.5299,36.2787,530880.8125 , 2217.4631,<LOD,0.9720,0.1983,<LOD,17.4642,0.3753,<LOD,1.5798,2.2035,<LOD,25.8320,0.4561,<LOD,6.5412,0.3761,<LOD,3.4153,1.8449,<LOD,2.7411,0.3718,35.0342 , 9.3405,0.7861,<LOD,0.0000,0.0000,26.7304 , 1.9727,0.7763,<LOD,17.0651,0.1344,4885.0361 , 1755.8926,0.0457,<LOD,16.3297,0.3629,<LOD,0.7481,7.4357,4.5888 , 0.4126,4.7506,<LOD,3.8391,0.2887,78.8916 , 56.6650,0.0794,<LOD,0.8524,0.3276,<LOD,0.9044,0.7956,<LOD,0.6622,0.4443,<LOD,0.0000,0.0000,<LOD,27.9641,0.2408,410.6118 , 3.2024,23.3724,<LOD,0.5923,0.2693,455741.4688 , 621.8983,67.6534,12.2860 , 1.5854,5.4633,5.0243 , 0.2558,1.3938,<LOD,0.0000,0.0000,<LOD,0.7140,0.2982,2440.0667 , 16.9965,12.3323,<LOD,0.8662,0.5063,18.8656 , 4.6506,1.8973,<LOD,4.9156,0.2659,<LOD,0.4965,1.5681,4.8946 , 1.5252,0.4991,91.4135 , 0.7744,14.9998,6,411.500000,39.000118,-122.668549,10.000000,528700.687500,4316842.000000,
337,Mining,120.45,30.30,30.07,30.08,30.00,"Wed Apr 8, 2026 - 11:17:58",User,1.5,ppm,,,,,,Mining,,<LOD,0.9629,0.9253,6161.5063 , 403.5454,0.2982,<LOD,0.8370,0.2349,<LOD,2.2402,0.1490,575.5775 , 14.6202,28.6290,568426.3125 , 2767.1580,<LOD,0.8831,0.1580,20.7313 , 13.5902,0.4267,<LOD,2.0047,1.9159,<LOD,28.4053,0.5422,<LOD,5.9171,0.2926,<LOD,3.6909,1.7738,<LOD,2.5218,0.3035,53.2121 , 9.5251,0.7917,<LOD,0.0000,0.0000,23.2239 , 1.8489,0.6571,<LOD,21.6255,0.1641,<LOD,4189.8347,0.0408,<LOD,14.7167,0.2837,<LOD,0.7173,6.6583,2.9936 , 0.3972,4.2764,<LOD,3.7466,0.2671,<LOD,142.7258,0.0802,<LOD,0.8226,0.2955,<LOD,0.8496,0.6394,<LOD,0.5468,0.3780,<LOD,0.0000,0.0000,94.6317 , 21.1069,0.3036,429.9518 , 3.2779,21.8662,<LOD,0.5602,0.2315,418734.3125 , 717.6447,55.4925,11.8359 , 1.5301,4.6384,7.6513 , 0.2747,1.5565,<LOD,0.0000,0.0000,<LOD,0.6536,0.2441,2778.4011 , 19.6281,13.0319,<LOD,0.8445,0.4676,31.3896 , 5.3102,2.0570,<LOD,4.6428,0.2287,<LOD,0.4789,1.4140,4.8195 , 1.4964,0.4641,85.6202 , 0.7479,13.2753,7,409.799988,39.000172,-122.668655,10.000000,528691.562500,4316848.000000,
338,Mining,120.34,30.22,30.03,30.02,30.07,"Wed Apr 8, 2026 - 11:20:34",User,1.5,ppm,,,,,,Mining,,<LOD,0.9475,0.8994,3589.2642 , 342.6620,0.2439,<LOD,0.8605,0.2534,<LOD,2.2048,0.1465,1436.7935 , 17.4847,48.0091,588724.8125 , 1881.4493,<LOD,0.9082,0.1705,<LOD,24.8103,0.3873,<LOD,1.5020,1.8200,<LOD,27.2527,0.5701,<LOD,6.0516,0.3148,<LOD,3.5479,1.7677,<LOD,2.5070,0.3061,36.5383 , 9.2281,0.7578,<LOD,0.0000,0.0000,27.7752 , 1.9372,0.7433,<LOD,20.5396,0.1546,<LOD,2154.2119,0.0319,<LOD,14.9921,0.3016,<LOD,0.7207,6.8378,2.3870 , 0.3966,4.3325,<LOD,3.7824,0.2778,85.4043 , 56.2169,0.0841,<LOD,0.8458,0.3183,<LOD,0.8384,0.6263,<LOD,0.5453,0.3845,<LOD,0.0000,0.0000,73.6099 , 19.5419,0.2970,335.8872 , 2.9549,18.8464,<LOD,0.5794,0.2596,403254.1250 , 544.1240,54.5358,10.6174 , 1.5258,4.7670,5.6805 , 0.2594,1.4137,<LOD,0.0000,0.0000,<LOD,0.6757,0.2682,2315.8494 , 17.3576,11.3300,<LOD,0.8408,0.4692,20.9269 , 4.7925,1.7888,<LOD,4.5975,0.2289,<LOD,0.4859,1.4835,<LOD,2.3478,0.4219,80.3544 , 0.7231,12.9817,6,412.799988,39.000038,-122.668427,10.000000,528711.562500,4316833.000000,
339,Mining,122.86,32.74,30.02,30.00,30.10,"Wed Apr 8, 2026 - 11:43:19",User,1.5,ppm,,,,,,Mining,,<LOD,1.4255,0.6062,55568.1719 , 1377.4500,1.2574,13.5243 , 1.7997,1.0144,<LOD,3.4457,0.1249,333.1503 , 20.2709,14.7274,584421.0000 , 4108.4146,<LOD,1.4978,0.1620,13693.3008 , 138.2794,16.5564,<LOD,2.1669,1.1089,<LOD,41.0844,0.6891,<LOD,56.4269,12.9172,77.2705 , 5.5981,3.0159,8.0201 , 2.8766,0.3344,35550.9297 , 130.0685,83.4925,<LOD,0.0000,0.0000,81.4182 , 3.5093,0.9276,6503.0239 , 93.4931,4.1622,15625.1680 , 3103.9243,0.0635,281.3593 , 24.3919,0.9780,<LOD,1.0426,4.6643,4.8155 , 0.5712,2.9172,<LOD,7.5313,0.2423,826.6717 , 125.1386,0.2480,39.3543 , 1.5669,0.7632,<LOD,1.2499,0.4152,41.2593 , 1.1403,1.9708,<LOD,0.0000,0.0000,9378.9775 , 83.4662,3.2951,<LOD,4.1749,3.5959,<LOD,0.8841,0.2151,272181.0312 , 642.5073,23.9074,9.6114 , 2.2549,2.8993,135.0134 , 1.0752,8.1185,<LOD,0.0000,0.0000,3.3033 , 0.8308,0.3532,4882.2964 , 39.7013,16.5390,<LOD,1.4780,0.4912,135.4430 , 11.6123,3.0260,<LOD,0.0000,0.1764,9.5003 , 0.6832,2.1607,46.4175 , 2.8922,0.6536,149.9921 , 1.2987,13.4902,2,425.299988,38.999977,-122.668274,10.000000,528724.812500,4316826.500000,
340,Mining,122.84,32.53,30.11,30.04,30.16,"Wed Apr 8, 2026 - 11:46:02",User,1.5,ppm,,,,,,Mining,,<LOD,1.3773,0.6340,142745.5469 , 2268.5869,3.0582,<LOD,1.5259,0.3016,<LOD,2.8291,0.0894,367.4995 , 19.5831,15.5765,427264.7812 , 5552.5103,<LOD,1.3670,0.1442,25982.6523 , 186.7439,32.5786,<LOD,2.0601,1.1183,<LOD,39.7013,0.6371,<LOD,52.6968,11.3607,117.5795 , 5.6471,3.3120,10.2991 , 2.8109,0.3395,29873.8105 , 146.7279,71.4020,<LOD,0.0000,0.0000,13.3528 , 2.1700,0.3310,8528.3965 , 101.1105,5.6412,27987.6309 , 3470.2764,0.0871,428.6070 , 26.7297,1.1803,<LOD,0.9998,4.4362,4.3824 , 0.5658,2.9482,<LOD,7.2847,0.2604,788.3440 , 117.8772,0.2283,7.7469 , 1.0051,0.3314,<LOD,1.2391,0.4590,41.8987 , 1.1593,2.1609,<LOD,0.0000,0.0000,4428.7964 , 61.5368,1.7756,<LOD,3.9310,3.5118,<LOD,0.7804,0.1769,324241.4062 , 765.0623,31.5730,12.9009 , 2.1701,3.0239,219.5790 , 1.4187,13.3217,<LOD,0.0000,0.0000,2.7146 , 0.7595,0.3185,6543.5620 , 46.2868,22.3839,2.2792 , 0.9805,0.5409,214.6017 , 12.9162,4.1122,<LOD,6.9616,0.2017,18.7394 , 0.7321,2.6826,46.5806 , 2.7920,0.6393,106.2909 , 1.2024,11.7193,4,427.500000,39.000454,-122.668411,10.000000,528712.812500,4316879.000000,
341,Mining,122.83,32.61,30.06,30.07,30.09,"Wed Apr 8, 2026 - 11:48:45",User,1.5,ppm,,,,,,Mining,,<LOD,1.2720,0.5941,122488.1016 , 1996.1926,2.6516,<LOD,1.4325,0.2918,<LOD,2.7771,0.0979,374.6919 , 18.7205,15.8753,419667.0000 , 5060.7290,<LOD,1.2738,0.1420,28565.2988 , 192.6793,37.0748,<LOD,1.9301,1.0766,<LOD,37.4598,0.6103,<LOD,55.0337,11.5270,99.4728 , 5.2507,3.0654,5.2042 , 2.5605,0.3189,28940.0156 , 138.9378,71.6817,<LOD,0.0000,0.0000,3.5374 , 1.7713,0.2418,8023.5015 , 96.5135,5.5268,29777.1406 , 3411.7366,0.0899,434.3759 , 25.6452,1.2206,<LOD,0.9570,4.6163,3.5294 , 0.5314,2.9427,<LOD,6.9649,0.2735,877.9794 , 116.5661,0.2431,8.1977 , 0.9678,0.3483,<LOD,1.2001,0.4770,37.0379 , 1.0680,2.0545,<LOD,0.0000,0.0000,4918.3218 , 63.0433,2.0013,<LOD,3.7423,3.5190,<LOD,0.7660,0.1947,349650.2812 , 769.3468,36.2695,17.6835 , 2.0870,3.1155,236.6647 , 1.4173,14.9004,<LOD,0.0000,0.0000,2.7222 , 0.7134,0.3216,5542.2246 , 41.3319,19.5324,3.5880 , 0.9471,0.5772,167.3050 , 11.6208,3.5341,<LOD,6.2468,0.1834,13.3510 , 0.6490,2.3822,40.8667 , 2.5586,0.6087,101.9078 , 1.1444,12.0621,2,427.600006,38.999947,-122.668343,10.000000,528719.062500,4316823.000000,
342,Mining,120.30,30.28,30.07,30.09,29.86,"Wed Apr 8, 2026 - 11:51:37",User,1.5,ppm,,,,,,Mining,,<LOD,1.4011,0.6067,97084.1016 , 1872.8219,2.1353,3.2164 , 1.4787,0.6792,<LOD,3.0834,0.1083,370.5502 , 20.2844,15.4224,432103.0938 , 5001.5933,<LOD,1.4512,0.1652,23310.4727 , 188.8072,30.3538,<LOD,2.1763,1.1675,<LOD,38.5952,0.6154,<LOD,58.3455,15.4670,120.6249 , 6.2343,3.5580,11.6958 , 2.8252,0.3516,39548.6484 , 164.4651,97.9566,<LOD,0.0000,0.0000,21.0014 , 2.3422,0.4001,9068.9336 , 112.5608,6.1975,27644.8574 , 3597.1003,0.0872,572.8309 , 28.3568,1.4866,<LOD,0.9974,4.5821,5.8398 , 0.5563,2.9837,<LOD,7.7590,0.2734,505.2794 , 109.6429,0.1927,31.8367 , 1.4169,0.6735,<LOD,1.2783,0.4533,43.1463 , 1.1447,2.1638,<LOD,0.0000,0.0000,8012.4082 , 80.3581,3.0919,<LOD,4.3970,3.6631,<LOD,0.8308,0.2029,353861.7188 , 764.4742,36.8532,16.3359 , 2.2607,3.0486,156.5424 , 1.1602,9.5537,<LOD,0.0000,0.0000,2.0201 , 0.7929,0.3416,7095.6133 , 50.7032,25.1886,<LOD,1.8263,0.4804,185.7665 , 14.2236,4.3701,<LOD,6.9719,0.2064,11.2558 , 0.6756,2.2772,79.7952 , 3.2530,0.8884,132.4274 , 1.2512,12.8076,5,415.000000,39.000134,-122.668602,10.000000,528696.625000,4316843.500000,
343,Mining,1.81,1.81,,,,"Wed Apr 8, 2026 - 11:52:08",User,1.5,ppm,,,,,,Mining,,<LOD,138.9801,30.7574,,,,<LOD,47.9032,0.4833,<LOD,101.2053,0.1612,,,,941261.6875 , 7399.7056,<LOD,0.5213,-0.0011,,,,<LOD,147.0696,27.1422,,,,<LOD,1273.4688,14.0541,<LOD,1937.3461,1.0908,<LOD,69.8136,0.1601,49839.5117 , 2633.0117,104.0332,<LOD,0.0000,0.0000,<LOD,51.7365,0.1594,,,,,,,<LOD,1321.1491,1.2899,<LOD,23.3647,4.1728,<LOD,18.4044,2.3727,<LOD,161.8518,0.1605,,,,<LOD,74.2179,0.7233,<LOD,158.6113,34.4638,<LOD,51.0447,1.2869,<LOD,0.0000,0.0000,,,,<LOD,250.8822,27.9525,<LOD,15.8686,0.0937,,,,<LOD,174.0521,22.4678,172.2956 , 26.1247,9.0288,<LOD,0.0000,0.0000,<LOD,16.8070,0.1559,8531.8359 , 3808.8574,3.4864,<LOD,48.6346,0.6439,<LOD,2372.4066,1.1106,<LOD,0.0000,-0.0006,27.1769 , 17.6249,2.7409,<LOD,220.5180,1.1281,167.5265 , 30.1501,13.7671,7,415.700012,39.000168,-122.668533,10.000000,528702.250000,4316847.500000,
344,Mining,120.33,30.07,30.06,30.06,27.73,"Wed Apr 8, 2026 - 11:54:35",User,1.5,ppm,,,,,,Mining,,<LOD,1.4801,0.6184,119901.4062 , 2470.0540,2.5990,<LOD,1.9197,0.3112,<LOD,3.0944,0.1016,453.7224 , 21.8116,16.5581,431522.4688 , 5992.3472,<LOD,1.3017,0.1234,40032.8789 , 251.3698,48.6894,<LOD,2.2371,1.1115,<LOD,46.9679,0.6829,<LOD,52.6432,10.6796,126.4722 , 6.4025,3.3409,<LOD,6.5796,0.2892,30231.7031 , 152.8908,68.1879,<LOD,0.0000,0.0000,<LOD,3.6086,0.2094,8181.5034 , 107.7883,5.3695,26176.4512 , 4122.4902,0.0875,394.9407 , 26.2009,1.0735,<LOD,0.9943,4.1208,2.4820 , 0.5499,2.6067,<LOD,7.0530,0.2225,749.4373 , 135.7235,0.2261,4.8626 , 0.9432,0.2740,<LOD,1.3422,0.4559,34.4492 , 1.0924,1.7653,<LOD,0.0000,0.0000,9487.1924 , 98.3627,3.4668,<LOD,4.3173,3.5817,<LOD,0.8228,0.1840,325475.2812 , 835.0298,31.4394,18.2431 , 2.4018,3.1604,253.4848 , 1.5544,14.4053,<LOD,0.0000,0.0000,2.6159 , 0.7278,0.2773,6639.4556 , 51.4680,21.5812,3.8058 , 0.9983,0.5355,172.8164 , 14.0681,3.7789,<LOD,6.7225,0.1781,10.8075 , 0.6523,1.9921,29.4284 , 2.4983,0.4840,94.0792 , 1.1786,10.5669,5,416.399994,38.999973,-122.668610,10.000000,528695.687500,4316826.000000,
345,Mining,120.34,30.02,30.11,30.06,28.05,"Wed Apr 8, 2026 - 11:57:29",User,1.5,ppm,,,,,,Mining,,<LOD,1.4599,0.5985,133347.2656 , 2654.1042,2.8806,4.5673 , 1.2122,0.4422,<LOD,3.0995,0.0958,461.4875 , 21.7188,16.2445,381432.9062 , 6691.2363,<LOD,1.4147,0.1380,44719.0938 , 275.1594,55.4194,<LOD,2.2078,1.0761,<LOD,44.4434,0.6386,<LOD,57.1658,12.3837,121.6815 , 6.1294,3.2033,9.4974 , 2.8820,0.3214,34353.1523 , 188.1155,78.1392,<LOD,0.0000,0.0000,3.6128 , 1.9628,0.2323,8017.3389 , 104.7746,5.3890,39083.6992 , 4538.7202,0.1119,466.7860 , 28.0822,1.2104,<LOD,1.0505,4.2655,6.4475 , 0.5949,2.8647,<LOD,7.8236,0.2636,635.1890 , 129.6537,0.2170,7.4522 , 1.0442,0.3181,<LOD,1.3544,0.4638,40.6825 , 1.2014,2.0102,<LOD,0.0000,0.0000,18424.2539 , 135.7360,6.6228,<LOD,4.2678,3.4733,<LOD,0.8693,0.1988,331748.8125 , 874.1749,33.3692,17.6267 , 2.3744,3.0667,304.5690 , 1.8489,17.0215,<LOD,0.0000,0.0000,3.6595 , 0.7970,0.3162,6458.8730 , 51.3667,21.1394,3.9298 , 1.0701,0.5774,162.5907 , 13.5076,3.6585,<LOD,7.0876,0.1877,13.7903 , 0.7103,2.2170,37.1617 , 2.7032,0.5384,113.8715 , 1.3392,12.2964,5,417.899994,39.000080,-122.668411,10.000000,528712.812500,4316838.000000,
346,Mining,120.51,30.05,30.24,30.09,28.33,"Wed Apr 8, 2026 - 12:00:14",User,1.5,ppm,,,,,,Mining,,<LOD,1.5240,0.6019,80652.8672 , 1927.5120,1.7884,1.8776 , 1.1822,0.3751,<LOD,3.0880,0.0888,393.4018 , 21.6381,14.6856,463032.6875 , 5370.3921,<LOD,1.4629,0.1374,26326.3789 , 194.1237,31.3365,<LOD,2.3100,1.0969,<LOD,41.7024,0.6060,<LOD,61.9436,14.4491,83.2144 , 5.7543,2.8666,<LOD,5.1357,0.2784,41464.5469 , 162.7436,93.8486,<LOD,0.0000,0.0000,23.7481 , 2.5220,0.3835,7090.1860 , 99.6903,4.5448,25759.9727 , 3866.4553,0.0826,362.9811 , 26.4592,1.0754,<LOD,1.0463,4.1088,4.3593 , 0.5806,2.6450,<LOD,8.1797,0.2422,432.2236 , 110.6231,0.1622,7.7775 , 1.0696,0.3115,<LOD,1.3609,0.4293,34.8499 , 1.1202,1.6504,<LOD,0.0000,0.0000,8363.4336 , 85.4770,2.9659,<LOD,4.3334,3.2881,<LOD,0.8185,0.1592,340463.4062 , 751.6804,31.9765,20.1427 , 2.4232,2.9390,217.3152 , 1.4298,11.8573,<LOD,0.0000,0.0000,2.3958 , 0.7944,0.2799,4961.9800 , 42.0382,16.2448,<LOD,1.5845,0.4669,130.9883 , 12.0481,2.9185,<LOD,7.1925,0.1796,10.3236 , 0.6814,1.9060,61.5383 , 3.1791,0.6948,97.4052 , 1.2048,9.9539,3,418.799988,39.000141,-122.668541,10.000000,528701.812500,4316844.500000,
347,Mining,120.40,30.22,30.01,30.06,27.74,"Wed Apr 8, 2026 - 12:06:30",User,1.5,ppm,,,,,,Mining,,<LOD,1.4309,0.5985,99812.7578 , 2124.5342,2.1824,2.5675 , 1.1363,0.3930,<LOD,3.1640,0.1049,362.0128 , 20.4593,14.7402,453302.8438 , 5512.1636,<LOD,1.3044,0.1222,26201.7754 , 195.1626,32.3865,<LOD,2.1758,1.0960,<LOD,42.5233,0.6314,<LOD,58.7979,14.3427,94.1402 , 5.7403,3.0388,<LOD,5.7665,0.2906,39572.2500 , 167.3683,93.2141,<LOD,0.0000,0.0000,13.5579 , 2.1961,0.3166,7150.9062 , 99.4720,4.7578,28423.8047 , 3918.2449,0.0878,318.4526 , 24.7311,1.0331,<LOD,0.9849,4.0783,4.0402 , 0.5536,2.7039,<LOD,7.7229,0.2420,633.4426 , 117.5295,0.1915,7.2024 , 1.0136,0.3130,<LOD,1.2526,0.4087,34.6755 , 1.0829,1.7306,<LOD,0.0000,0.0000,6489.7305 , 77.6235,2.4411,<LOD,4.1416,3.4246,<LOD,0.8186,0.1770,331830.4062 , 785.3166,32.0954,11.8957 , 2.2658,2.8715,208.7018 , 1.3781,11.9600,<LOD,0.0000,0.0000,3.4678 , 0.7422,0.2888,5235.9331 , 42.4575,17.5978,<LOD,2.0684,0.4790,132.7887 , 12.0421,3.0984,<LOD,6.9365,0.1871,8.7466 , 0.6403,1.8815,51.1998 , 2.8982,0.6453,92.6856 , 1.1480,10.0234,4,417.000000,39.000088,-122.668518,10.000000,528703.312500,4316838.500000,
348,Mining,122.70,32.54,30.10,30.06,30.00,"Wed Apr 8, 2026 - 12:09:11",User,1.5,ppm,,,,,,Mining,,<LOD,1.4347,0.5892,110827.4922 , 2167.4087,2.4021,1.6370 , 1.1397,0.3581,<LOD,3.1251,0.0938,380.4502 , 20.7267,14.8857,459684.6875 , 5626.1919,<LOD,1.4084,0.1315,35721.1914 , 226.4599,43.7102,<LOD,2.1884,1.0851,<LOD,40.2442,0.6305,<LOD,59.2657,13.1145,122.8701 , 6.1346,3.2576,<LOD,4.0656,0.2718,36864.9844 , 162.0345,84.2746,<LOD,0.0000,0.0000,<LOD,4.8810,0.2230,8413.8408 , 106.7394,5.5319,29085.9062 , 3757.3523,0.0884,485.1029 , 28.6187,1.2478,<LOD,1.0622,4.2283,4.7215 , 0.5942,2.7604,<LOD,8.0598,0.2618,475.1023 , 107.8588,0.1756,6.2451 , 1.0377,0.3021,<LOD,1.2409,0.3921,42.3330 , 1.2172,2.0357,<LOD,0.0000,0.0000,4672.2524 , 63.7342,1.8340,<LOD,4.1839,3.4255,<LOD,0.8704,0.1906,305968.4688 , 731.8066,28.9241,14.8177 , 2.3013,2.9171,285.2924 , 1.6758,15.8612,<LOD,0.0000,0.0000,3.0164 , 0.7910,0.2984,6585.2207 , 48.3551,21.5391,2.0499 , 1.0457,0.5322,178.5328 , 13.6444,3.7797,<LOD,7.2689,0.1896,11.8492 , 0.7088,2.1252,51.7588 , 2.9990,0.6378,110.1628 , 1.3010,11.7990,5,416.200012,39.000145,-122.668495,10.000000,528705.562500,4316845.000000,
349,Mining,120.49,30.26,30.09,30.09,28.85,"Wed Apr 8, 2026 - 12:11:59",User,1.5,ppm,,,,,,Mining,,<LOD,1.3952,0.6177,104738.3125 , 2023.1641,2.2891,3.5270 , 1.1942,0.4674,<LOD,2.9942,0.1004,414.1624 , 20.4281,16.2863,428204.6562 , 5345.0264,<LOD,1.3974,0.1509,22071.8379 , 171.4856,28.4466,<LOD,2.1385,1.1501,<LOD,40.6752,0.6371,<LOD,56.7926,13.9758,126.1365 , 5.6789,3.4678,<LOD,5.3894,0.2991,35941.8164 , 161.3709,88.0461,<LOD,0.0000,0.0000,20.0631 , 2.2933,0.3833,8170.1924 , 98.8511,5.5249,31068.4277 , 3757.0220,0.0924,356.7286 , 25.3748,1.1265,<LOD,1.0392,4.8022,5.2269 , 0.5673,2.9558,<LOD,7.6527,0.2712,492.1712 , 109.4463,0.1792,10.0303 , 1.0634,0.3717,<LOD,1.2923,0.4768,41.0081 , 1.1524,2.1248,<LOD,0.0000,0.0000,7230.3926 , 78.9435,2.7730,<LOD,4.1156,3.7096,<LOD,0.8156,0.1945,353125.5312 , 795.5025,36.1026,13.1978 , 2.2419,3.0726,206.9353 , 1.3674,12.5551,<LOD,0.0000,0.0000,2.5879 , 0.7668,0.3190,7385.1226 , 48.4540,25.8883,2.6256 , 0.9925,0.5523,200.4313 , 13.2639,4.4962,<LOD,6.4210,0.1715,9.9927 , 0.6591,2.1409,26.8582 , 2.4468,0.4935,132.0275 , 1.2950,13.4300,4,417.000000,39.000145,-122.668571,10.000000,528698.625000,4316845.000000,
350,Mining,120.54,30.05,30.30,30.07,28.02,"Wed Apr 8, 2026 - 12:14:40",User,1.5,ppm,,,,,,Mining,,<LOD,1.4169,0.6387,110691.0625 , 2177.7246,2.4115,<LOD,1.5708,0.3138,<LOD,3.0355,0.0987,413.4773 , 20.6603,16.5373,415569.1562 , 5630.4370,<LOD,1.3817,0.1411,31819.0137 , 217.7919,40.0709,<LOD,2.1654,1.1809,<LOD,41.8736,0.6302,<LOD,56.0358,12.7168,117.1074 , 6.0110,3.2710,8.8605 , 2.8205,0.3286,33697.1797 , 160.8217,79.8032,<LOD,0.0000,0.0000,8.6872 , 2.0897,0.2885,8691.5928 , 107.8689,5.8260,31016.5391 , 3905.0811,0.0922,432.7005 , 26.9956,1.1944,<LOD,1.0217,4.3863,4.7161 , 0.5720,2.8618,<LOD,7.6333,0.2660,613.6181 , 117.9777,0.1984,7.2048 , 1.0147,0.3224,<LOD,1.3196,0.4988,40.2413 , 1.1609,2.0506,<LOD,0.0000,0.0000,4840.1196 , 68.1204,1.9268,<LOD,4.1340,3.7105,<LOD,0.8310,0.1921,354367.3750 , 820.9762,35.9524,12.2057 , 2.2682,3.1450,253.8813 , 1.5584,14.9126,<LOD,0.0000,0.0000,2.8000 , 0.7687,0.3115,7053.2627 , 50.6156,23.8837,2.5756 , 1.0107,0.5503,169.6715 , 13.7666,4.0599,<LOD,7.1068,0.2019,12.9321 , 0.6898,2.2540,43.7026 , 2.7761,0.6072,110.3296 , 1.2537,12.0663,6,419.399994,39.000057,-122.668434,10.000000,528711.125000,4316835.000000,
351,Mining,120.51,30.30,30.10,30.05,27.97,"Wed Apr 8, 2026 - 12:17:14",User,1.5,ppm,,,,,,Mining,,<LOD,1.3581,0.6264,97298.7500 , 1850.8939,2.1275,<LOD,1.5049,0.3186,<LOD,2.7680,0.0893,339.2602 , 19.2236,15.1360,482716.2812 , 4760.2891,<LOD,1.2347,0.1230,35471.6055 , 221.2385,45.4684,<LOD,2.0967,1.1928,<LOD,39.4744,0.6363,<LOD,52.3719,11.8237,132.3362 , 6.0866,3.4572,<LOD,3.6441,0.2646,30826.4785 , 136.3710,74.3025,<LOD,0.0000,0.0000,6.6515 , 1.9625,0.2772,8503.7686 , 105.3955,5.8201,21397.1113 , 3373.3884,0.0753,444.5914 , 26.4506,1.2226,<LOD,0.9895,4.5383,5.0154 , 0.5592,3.0200,<LOD,6.8843,0.2268,427.7816 , 106.1847,0.1757,6.1305 , 0.9612,0.3160,<LOD,1.1892,0.4278,38.2299 , 1.1003,2.0226,<LOD,0.0000,0.0000,5586.7554 , 68.7966,2.2399,<LOD,3.9086,3.5483,<LOD,0.7850,0.1899,309525.1250 , 723.2427,30.8893,13.2072 , 2.1464,3.0035,236.2068 , 1.4142,14.3461,<LOD,0.0000,0.0000,4.2917 , 0.7286,0.3254,6702.5806 , 48.0186,23.1418,2.5832 , 0.9677,0.5525,170.0946 , 13.5128,3.9985,<LOD,6.7363,0.1983,10.7206 , 0.6477,2.1748,33.6931 , 2.5205,0.5462,100.7421 , 1.1593,11.5972,6,419.299988,39.000290,-122.668495,10.000000,528705.812500,4316861.000000,
352,Mining,120.03,30.24,30.06,30.08,29.65,"Wed Apr 8, 2026 - 12:20:54",User,1.5,ppm,,,,,,Mining,,<LOD,1.5213,0.5803,129955.8281 , 2601.9236,2.7995,2.4441 , 1.1971,0.3784,<LOD,3.1885,0.0921,454.9113 , 22.6029,15.6787,391733.3125 , 6760.9365,<LOD,1.5031,0.1415,39099.6641 , 254.4623,47.0292,<LOD,2.3375,1.0838,<LOD,43.3405,0.6622,<LOD,61.2735,13.4134,108.1000 , 6.2992,3.0973,13.1710 , 3.0682,0.3314,38340.0195 , 192.7797,85.3543,<LOD,0.0000,0.0000,5.8068 , 2.0847,0.2399,9160.2285 , 114.9529,5.8923,43604.6680 , 4394.2070,0.1136,549.0186 , 30.0035,1.3098,<LOD,1.1323,4.1724,4.9659 , 0.6009,2.6460,<LOD,8.3285,0.2632,631.9203 , 116.9078,0.1926,7.2719 , 1.0743,0.3057,<LOD,1.4067,0.4466,41.5455 , 1.2308,1.9387,<LOD,0.0000,0.0000,5883.4688 , 73.6481,2.2048,<LOD,4.4652,3.3956,<LOD,0.8877,0.1874,333367.5000 , 826.1211,31.9231,19.6072 , 2.4892,3.0146,288.4871 , 1.7914,15.4998,<LOD,0.0000,0.0000,2.7931 , 0.8249,0.2981,6358.7534 , 51.6199,20.4718,2.1958 , 1.0674,0.5194,175.8454 , 14.0659,3.6370,<LOD,7.3818,0.1848,14.2567 , 0.7367,2.1671,59.2129 , 3.1643,0.6709,114.9897 , 1.3603,11.7140,4,412.500000,39.000195,-122.668625,10.000000,528694.312500,4316850.500000,
353,Mining,60.11,30.00,30.11,,,"Wed Apr 8, 2026 - 12:22:23",User,1.5,ppm,,,,,,Mining,,<LOD,7.4509,33.8205,,,,<LOD,2.0407,0.3640,<LOD,3.7651,0.1067,,,,899236.0000 , 630.9776,<LOD,1.7606,0.1613,38711.2578 , 239.2117,44.2200,<LOD,8.0055,32.8653,,,,<LOD,67.8450,14.4594,127.0981 , 7.2177,3.4393,<LOD,6.9205,0.3085,42429.2227 , 135.6195,91.2387,<LOD,0.0000,0.0000,6.8258 , 2.4426,0.2743,10391.1426 , 132.2446,7.0655,,,,647.4195 , 33.6752,1.4619,<LOD,1.4033,4.8965,7.8312 , 0.7232,3.2077,<LOD,9.3577,0.2718,,,,14.0104 , 1.3491,0.4010,<LOD,8.5767,39.5993,51.7964 , 1.5043,2.5056,<LOD,0.0000,0.0000,,,,<LOD,13.7379,35.3247,<LOD,1.0440,0.2149,,,,<LOD,9.6296,29.3633,272.0134 , 1.7054,14.9865,<LOD,0.0000,0.0000,4.6399 , 1.0042,0.3819,7665.3330 , 55.1298,24.9221,2.7147 , 1.2282,0.5696,210.8612 , 16.6186,4.3423,<LOD,8.6228,0.2104,16.8181 , 0.8886,2.6191,61.6149 , 3.4909,0.6822,143.3671 , 1.5612,14.0549,3,419.700012,39.000195,-122.668518,10.000000,528703.562500,4316850.500000,
354,Mining,120.29,30.19,30.07,30.00,30.03,"Wed Apr 8, 2026 - 12:24:48",User,1.5,ppm,,,,,,Mining,,<LOD,1.7038,0.5559,69731.0469 , 1935.2292,1.5640,12.7909 , 2.0474,0.8502,<LOD,3.9079,0.1054,520.5403 , 25.0249,14.7621,456545.4062 , 5756.0874,<LOD,1.7129,0.1390,19581.7812 , 196.6362,21.8088,<LOD,2.5903,1.0145,<LOD,42.5194,0.5994,<LOD,76.0801,18.5056,95.0145 , 7.2895,3.1351,8.4116 , 3.2903,0.2916,57352.8633 , 188.1395,120.7974,<LOD,0.0000,0.0000,19.4024 , 2.6943,0.3191,8714.6045 , 128.3870,5.1413,21588.6621 , 4056.2234,0.0781,419.6713 , 29.5596,1.1488,<LOD,1.2035,3.9583,4.5551 , 0.6466,2.3775,<LOD,10.1457,0.2555,702.1885 , 129.8423,0.2172,42.3418 , 1.8221,0.6728,<LOD,1.5025,0.3866,46.7694 , 1.3640,1.8521,<LOD,0.0000,0.0000,21816.5566 , 132.1242,6.8606,<LOD,5.0029,3.2812,<LOD,1.0122,0.1792,335947.0000 , 716.0106,29.6040,20.6836 , 2.7453,2.7835,181.6774 , 1.3985,8.6615,<LOD,0.0000,0.0000,4.5966 , 0.9754,0.3237,6289.0161 , 54.7334,19.3752,<LOD,2.6363,0.4203,139.9477 , 15.6791,3.3520,<LOD,8.1876,0.1732,10.8561 , 0.7960,1.8825,57.4856 , 3.4277,0.6030,146.1142 , 1.4826,11.1108,3,466.399994,39.000069,-122.668083,10.000000,528740.937500,4316836.500000,
355,Mining,120.48,30.16,30.10,30.10,28.92,"Wed Apr 8, 2026 - 12:28:34",User,1.5,ppm,,,,,,Mining,,<LOD,1.4424,0.5775,130380.2109 , 2493.1479,2.8122,1.6990 , 1.1439,0.3759,<LOD,3.1741,0.1018,442.6022 , 21.3275,15.5398,399841.2188 , 6226.7939,<LOD,1.4203,0.1404,37098.5156 , 240.0244,45.8113,<LOD,2.2211,1.0863,<LOD,43.2975,0.6544,<LOD,57.9886,13.1681,110.4614 , 6.0909,3.1953,5.5552 , 2.7793,0.3015,37083.8398 , 181.7502,85.0742,<LOD,0.0000,0.0000,4.5889 , 1.9367,0.2304,9682.0615 , 114.0045,6.3745,34209.5938 , 4136.8794,0.0987,519.5406 , 28.5178,1.2980,<LOD,1.0471,4.3178,5.6526 , 0.5861,2.8134,<LOD,7.9415,0.2703,738.8120 , 123.3089,0.2152,8.1155 , 1.0499,0.3248,<LOD,1.3135,0.4299,43.1959 , 1.2110,2.0928,<LOD,0.0000,0.0000,5477.7236 , 72.4212,2.1204,<LOD,4.2338,3.4001,<LOD,0.8568,0.1922,336777.2812 , 828.9701,33.2104,22.8859 , 2.3658,3.0297,264.2595 , 1.6380,14.7628,<LOD,0.0000,0.0000,3.1663 , 0.7923,0.3117,6898.5679 , 51.5719,22.7581,3.8294 , 1.0405,0.5504,194.1687 , 14.0194,4.0223,<LOD,6.8026,0.1739,13.9753 , 0.7112,2.2433,51.4574 , 2.9165,0.6331,116.9939 , 1.3068,12.0458,2,411.799988,39.000011,-122.668159,10.000000,528734.625000,4316830.000000,
356,Mining,120.30,30.08,30.02,30.06,30.14,"Wed Apr 8, 2026 - 12:54:36",User,1.5,ppm,,,,,,Mining,,<LOD,1.4589,0.6281,112545.8125 , 2238.3701,2.4573,<LOD,1.6880,0.3551,<LOD,3.6012,0.1325,432.2358 , 21.0312,15.9701,397649.5312 , 5925.7495,<LOD,1.4643,0.1510,36175.4258 , 237.2984,44.9400,<LOD,2.1842,1.1091,<LOD,43.6467,0.6985,<LOD,56.3940,12.2236,122.4503 , 6.2788,3.3781,19.6605 , 3.1139,0.3833,33530.4102 , 166.2313,77.5705,<LOD,0.0000,0.0000,101.9278 , 3.9315,1.0805,11181.2461 , 122.2649,7.3028,34001.6758 , 4085.7080,0.1014,530.3341 , 29.1112,1.3225,<LOD,1.0628,4.4340,5.9440 , 0.5958,2.8924,<LOD,7.7506,0.2659,775.0388 , 125.6642,0.2308,7.9798 , 1.0641,0.3373,<LOD,1.3206,0.4612,46.3197 , 1.2648,2.2546,<LOD,0.0000,0.0000,12423.9824 , 104.4181,4.5510,<LOD,4.1940,3.5395,<LOD,0.8876,0.1995,352630.8750 , 818.4011,35.9138,19.1905 , 2.3265,3.0893,231.3916 , 1.5134,13.4026,<LOD,0.0000,0.0000,3.6967 , 0.8144,0.3323,7162.4644 , 52.6883,23.8336,2.1746 , 1.1751,0.6818,180.0452 , 14.2308,4.1088,<LOD,7.4436,0.2113,14.2217 , 0.7239,2.3455,84.1932 , 3.4926,0.9160,121.7577 , 1.3092,12.3378,4,181.699997,39.000580,-122.669914,10.000000,528582.437500,4316892.500000,
357,Mining,120.21,30.02,30.07,30.02,29.20,"Wed Apr 8, 2026 - 12:57:37",User,1.5,ppm,,,,,,Mining,,<LOD,1.3690,0.5880,113990.1484 , 2326.2910,2.4825,<LOD,1.5850,0.3291,<LOD,3.3755,0.1227,387.5171 , 20.0718,15.4107,414066.2812 , 6000.0864,<LOD,1.4089,0.1471,33592.7891 , 225.7047,42.1294,<LOD,2.0990,1.0942,<LOD,45.1615,0.7008,<LOD,54.9081,12.1047,122.9194 , 5.9841,3.3124,13.8721 , 2.9250,0.3549,32507.4688 , 165.2029,76.4480,<LOD,0.0000,0.0000,65.9330 , 3.2674,0.7774,10747.9570 , 117.3501,7.0818,36366.3047 , 4240.7734,0.1045,523.8370 , 28.3912,1.3138,<LOD,1.0127,4.2683,4.6910 , 0.5714,2.8316,<LOD,7.6377,0.2766,724.4026 , 128.4685,0.2247,6.4172 , 0.9994,0.3131,<LOD,1.2547,0.4436,42.4219 , 1.1925,2.1278,<LOD,0.0000,0.0000,10453.8457 , 99.6092,3.8941,<LOD,4.0048,3.4275,<LOD,0.8459,0.1927,338801.5625 , 844.7242,34.1810,19.4053 , 2.2382,3.0555,225.0789 , 1.4780,13.2936,<LOD,0.0000,0.0000,2.7284 , 0.7729,0.3108,6953.1953 , 50.5173,23.3486,1.9436 , 1.0835,0.6180,184.0750 , 13.6055,4.0524,<LOD,6.9180,0.1912,12.5993 , 0.6885,2.2415,71.7324 , 3.2332,0.8250,110.8595 , 1.2446,11.7548,4,205.300003,39.000675,-122.669838,10.000000,528589.312500,4316903.500000,
358,Mining,120.24,30.08,30.28,30.07,29.81,"Wed Apr 8, 2026 - 13:00:19",User,1.5,ppm,,,,,,Mining,,<LOD,1.4717,0.6266,91964.4375 , 1950.8600,2.0312,3.7075 , 1.1675,0.4255,<LOD,3.1222,0.1015,390.3793 , 20.4525,15.2097,453923.1562 , 5274.5039,<LOD,1.3186,0.1249,28255.5039 , 210.3102,36.0259,<LOD,2.1752,1.1232,<LOD,42.3492,0.6909,<LOD,59.6536,14.7613,111.2858 , 6.2034,3.3127,14.3914 , 2.9873,0.3610,39594.7188 , 169.2232,95.2033,<LOD,0.0000,0.0000,36.9922 , 2.8011,0.5333,12137.4629 , 129.7201,8.0497,28266.6367 , 3896.1858,0.0921,519.5972 , 28.4364,1.3692,<LOD,1.0332,4.3519,3.7250 , 0.5774,2.8168,<LOD,7.8244,0.2498,726.4071 , 128.1549,0.2489,6.4000 , 1.0123,0.3119,<LOD,1.2398,0.4093,39.9016 , 1.1687,2.0066,<LOD,0.0000,0.0000,15577.3486 , 113.9019,5.7495,<LOD,4.1014,3.4205,<LOD,0.8232,0.1789,321108.1250 , 760.3358,32.4542,17.6982 , 2.2764,2.9892,191.7688 , 1.3296,11.2633,<LOD,0.0000,0.0000,3.5039 , 0.7514,0.2960,6659.4053 , 50.1721,23.0392,3.1477 , 1.0446,0.5615,167.7483 , 14.0231,3.9843,<LOD,7.8104,0.2381,13.7656 , 0.7038,2.2784,151.0239 , 4.2504,1.3873,111.7923 , 1.2273,11.3807,5,229.699997,39.000828,-122.669708,10.000000,528600.375000,4316920.500000,
359,Mining,120.56,30.11,30.02,30.15,27.88,"Wed Apr 8, 2026 - 13:24:48",User,1.5,ppm,,,,,,Mining,,<LOD,1.3869,0.6262,153566.5000 , 2569.5811,3.2886,<LOD,1.5457,0.3158,<LOD,2.9561,0.0984,409.9442 , 20.4472,16.5172,399380.2500 , 6091.7266,<LOD,1.3781,0.1479,44651.3320 , 269.8157,58.6417,<LOD,2.1314,1.1711,<LOD,41.8428,0.6274,<LOD,54.5075,12.5860,119.9739 , 5.9593,3.3305,7.1813 , 2.7353,0.3264,33194.8906 , 177.8050,80.0614,<LOD,0.0000,0.0000,5.7989 , 1.9627,0.2632,11593.3125 , 121.3494,8.0380,32345.8027 , 4021.4102,0.0968,587.0565 , 29.0137,1.4478,<LOD,1.0421,4.5924,5.4439 , 0.5688,2.9465,<LOD,7.5404,0.2814,790.7691 , 126.4739,0.2364,7.3705 , 1.0110,0.3365,<LOD,1.2535,0.4585,43.9182 , 1.2000,2.2769,<LOD,0.0000,0.0000,3001.4839 , 57.2220,1.3629,<LOD,4.0532,3.6280,<LOD,0.8264,0.2017,313258.0625 , 849.7712,32.3784,15.1335 , 2.2498,3.1806,304.0132 , 1.7871,18.0801,<LOD,0.0000,0.0000,4.5062 , 0.7934,0.3620,6352.6504 , 49.7638,22.0159,4.0223 , 1.0450,0.6211,149.6420 , 13.0657,3.7589,<LOD,7.0303,0.2082,12.5164 , 0.6829,2.3055,74.6854 , 3.1886,0.8434,113.7184 , 1.2976,13.0683,9,405.200012,39.000526,-122.669716,10.000000,528599.625000,4316887.000000,
360,Mining,122.77,32.54,30.01,30.10,30.12,"Wed Apr 8, 2026 - 13:27:35",User,1.5,ppm,,,,,,Mining,,<LOD,1.4570,0.6272,149288.1406 , 2554.0840,3.2013,<LOD,1.5683,0.2988,<LOD,3.2117,0.1087,383.5163 , 21.2153,15.9700,388641.8125 , 6322.5596,<LOD,1.3617,0.1346,44623.5781 , 273.3325,57.5232,<LOD,2.2231,1.1542,<LOD,41.5614,0.6563,<LOD,56.0677,12.4886,117.7940 , 6.1372,3.3291,5.7637 , 2.7708,0.3124,33927.6602 , 183.8975,80.1629,<LOD,0.0000,0.0000,3.7208 , 1.9377,0.2370,12022.3086 , 125.5632,8.1660,40431.3555 , 4150.2256,0.1102,586.2527 , 29.6242,1.4181,<LOD,1.0385,4.4165,5.9389 , 0.5820,2.8903,<LOD,7.8716,0.2910,696.5316 , 119.7489,0.2209,7.6602 , 1.0389,0.3314,<LOD,1.2983,0.4454,44.9935 , 1.2267,2.2390,<LOD,0.0000,0.0000,2964.4241 , 55.0728,1.3298,<LOD,4.2367,3.5953,<LOD,0.8723,0.2081,318716.8438 , 840.4086,32.5195,10.6105 , 2.3307,3.0722,300.9688 , 1.8156,17.4764,<LOD,0.0000,0.0000,4.2261 , 0.7902,0.3374,6840.3091 , 52.5823,23.1747,2.0743 , 1.0322,0.5648,181.8069 , 13.8808,4.0370,<LOD,7.0785,0.1967,13.3552 , 0.7071,2.3081,66.6710 , 3.1439,0.7657,111.6757 , 1.3164,12.5691,8,405.700012,39.000500,-122.669693,10.000000,528601.812500,4316884.000000,
361,Mining,120.50,30.08,30.13,30.11,30.18,"Wed Apr 8, 2026 - 13:30:33",User,1.5,ppm,,,,,,Mining,,<LOD,1.3051,0.6394,153637.5312 , 2344.3269,3.2913,<LOD,1.4355,0.3105,3.6687 , 2.0798,0.1222,376.3471 , 19.0282,16.5013,404948.8750 , 5656.4951,<LOD,1.2173,0.1325,42615.3164 , 259.1158,59.9153,<LOD,2.0090,1.2040,<LOD,39.1468,0.6611,<LOD,52.0515,13.0547,111.2444 , 5.5466,3.3823,<LOD,4.9956,0.3082,31819.6367 , 173.3340,82.5446,<LOD,0.0000,0.0000,<LOD,2.5939,0.2253,11109.9951 , 114.8053,8.2086,43407.2305 , 3938.5767,0.1155,583.5183 , 27.9117,1.5219,<LOD,0.9624,4.7235,4.4514 , 0.5345,3.0193,<LOD,7.0750,0.2792,734.0861 , 115.0997,0.2345,6.7935 , 0.9449,0.3377,<LOD,1.1874,0.4747,42.2713 , 1.1337,2.3536,<LOD,0.0000,0.0000,2654.7161 , 51.1508,1.3021,<LOD,3.7911,3.6723,<LOD,0.8140,0.2089,301379.3125 , 830.6143,32.8165,12.7543 , 2.0924,3.1617,279.9817 , 1.6670,18.0463,<LOD,0.0000,0.0000,3.7701 , 0.7127,0.3416,5918.1265 , 46.2364,21.9505,2.5386 , 0.9569,0.6029,162.4224 , 12.2317,3.8676,<LOD,6.7338,0.2193,10.8498 , 0.6393,2.3263,73.3859 , 3.0526,0.8860,101.1829 , 1.1967,12.8426,7,405.899994,39.000465,-122.669701,10.000000,528600.937500,4316880.000000,
362,Mining,120.68,30.08,30.23,30.26,28.30,"Wed Apr 8, 2026 - 13:33:15",User,1.5,ppm,,,,,,Mining,,<LOD,1.5817,0.6281,151536.3906 , 3006.5674,3.2444,<LOD,1.6595,0.2831,<LOD,3.2510,0.0964,455.2364 , 22.9769,16.0254,362828.9688 , 7482.5151,<LOD,1.7059,0.1601,44045.0586 , 276.5066,51.6480,<LOD,2.3444,1.0801,<LOD,47.1042,0.6651,<LOD,57.5327,11.3490,123.5344 , 6.2013,3.0945,11.4027 , 3.0152,0.3208,33228.3828 , 191.2634,71.6825,<LOD,0.0000,0.0000,4.2900 , 2.0711,0.2336,11038.9756 , 121.9253,6.8661,41956.4727 , 4638.7905,0.1117,671.2584 , 32.0541,1.4291,1.7395 , 0.7330,4.2841,6.2857 , 0.6131,2.7638,<LOD,8.1583,0.2746,894.4492 , 139.4754,0.2402,9.6708 , 1.1194,0.3339,<LOD,1.4306,0.4605,45.6477 , 1.2863,2.1123,<LOD,0.0000,0.0000,3920.0725 , 66.5048,1.5302,<LOD,4.5023,3.4126,<LOD,0.8939,0.1894,342372.2812 , 906.4493,32.4633,15.6732 , 2.5137,3.0515,309.2067 , 1.9284,16.4335,<LOD,0.0000,0.0000,3.0943 , 0.8711,0.3332,6163.0869 , 50.7608,19.0813,4.2209 , 1.1082,0.5650,149.6268 , 13.2266,3.2956,<LOD,7.6896,0.2017,19.4816 , 0.7863,2.4825,68.9039 , 3.2992,0.7300,116.5988 , 1.3880,11.9148,7,404.000000,39.000404,-122.669662,10.000000,528604.437500,4316873.500000,
363,Mining,120.51,30.27,30.04,30.12,28.29,"Wed Apr 8, 2026 - 13:37:06",User,1.5,ppm,,,,,,Mining,,<LOD,1.5013,0.6251,148958.0312 , 2878.4148,3.1922,<LOD,1.5616,0.2817,<LOD,3.2678,0.1087,442.3120 , 21.8262,16.0315,379927.4688 , 6978.8120,<LOD,1.3932,0.1357,44220.9258 , 273.5299,53.8559,<LOD,2.2887,1.1522,<LOD,45.6342,0.6406,<LOD,62.7150,11.6333,129.6311 , 6.1392,3.2665,12.5805 , 2.9197,0.3340,32464.1426 , 183.7869,72.5519,<LOD,0.0000,0.0000,<LOD,4.2360,0.2123,11310.7119 , 120.9486,7.2774,39614.9766 , 4525.2021,0.1083,620.0786 , 30.1724,1.3959,<LOD,1.3652,4.2936,5.8993 , 0.5845,2.8081,<LOD,7.8915,0.2879,925.7490 , 142.0546,0.2563,8.2013 , 1.0445,0.3227,<LOD,1.3460,0.4496,45.8670 , 1.2360,2.1822,<LOD,0.0000,0.0000,3695.4426 , 65.0905,1.5083,<LOD,4.2987,3.4591,<LOD,0.8698,0.1976,330593.0000 , 898.7017,32.1508,17.7134 , 2.3984,3.0801,296.7435 , 1.8209,16.4146,<LOD,0.0000,0.0000,3.7087 , 0.7937,0.3220,6339.6519 , 50.6763,20.3602,3.0331 , 1.0361,0.5520,168.6400 , 13.2591,3.5753,<LOD,6.9975,0.1848,17.2145 , 0.7394,2.4390,65.1594 , 3.1190,0.7244,113.0904 , 1.3209,12.0286,8,408.100006,39.000366,-122.669601,10.000000,528609.687500,4316869.000000,
364,Mining,120.16,30.19,30.03,30.13,29.81,"Wed Apr 8, 2026 - 13:40:03",User,1.5,ppm,,,,,,Mining,,<LOD,1.4687,0.6246,151390.3125 , 2757.0459,3.2421,<LOD,1.5805,0.2823,<LOD,3.2224,0.1048,440.4470 , 21.3319,16.0388,382820.7812 , 6742.0674,<LOD,1.4708,0.1503,44200.9258 , 273.6202,54.6621,<LOD,2.2023,1.1059,<LOD,44.0937,0.6509,<LOD,55.8578,11.7378,129.9499 , 6.1638,3.2644,8.4994 , 2.8517,0.3163,32553.3730 , 181.7393,73.9788,<LOD,0.0000,0.0000,<LOD,4.5793,0.2263,10799.4072 , 119.7489,7.0758,39004.5469 , 4326.9277,0.1075,596.3880 , 30.1268,1.3840,<LOD,1.0347,4.1844,5.7827 , 0.5875,2.8223,<LOD,7.7664,0.2685,731.8564 , 130.0964,0.2295,8.9486 , 1.0692,0.3361,<LOD,1.3165,0.4490,45.4057 , 1.2382,2.1868,<LOD,0.0000,0.0000,4060.4897 , 65.2740,1.6521,<LOD,4.2283,3.5226,<LOD,0.8713,0.1974,326261.2188 , 871.3984,32.0994,14.7599 , 2.3309,3.0260,290.2444 , 1.7958,16.3315,<LOD,0.0000,0.0000,2.9202 , 0.8140,0.3259,6270.0723 , 50.1638,20.3569,2.2568 , 1.0299,0.5410,170.7846 , 13.3336,3.5806,<LOD,7.3982,0.2060,16.5176 , 0.7403,2.4299,63.3335 , 3.1267,0.7232,110.7781 , 1.3164,11.9930,8,406.399994,39.000462,-122.669731,10.000000,528598.500000,4316879.500000,
365,Mining,120.29,30.21,30.18,30.15,29.75,"Wed Apr 8, 2026 - 13:43:10",User,1.5,ppm,,,,,,Mining,,<LOD,1.4541,0.6397,143113.3594 , 2576.5466,3.0710,2.6164 , 1.0810,0.3696,<LOD,3.0561,0.1001,403.2289 , 20.7241,15.6972,407082.9688 , 6281.1484,<LOD,1.3626,0.1373,43514.2578 , 265.5304,54.4707,<LOD,2.1753,1.1296,<LOD,42.3264,0.6415,<LOD,60.2965,12.0234,113.1907 , 6.0882,3.1803,11.8560 , 2.8525,0.3373,32547.7520 , 170.8296,74.9954,<LOD,0.0000,0.0000,<LOD,3.5437,0.2173,11415.4736 , 122.7459,7.5508,36043.7383 , 4126.3027,0.1027,565.8660 , 28.8844,1.3564,<LOD,1.0114,4.2830,5.0759 , 0.5695,2.8292,<LOD,7.5090,0.2628,839.7371 , 132.1463,0.2542,4.5893 , 0.9530,0.2834,<LOD,1.2632,0.4297,43.4058 , 1.1834,2.1315,<LOD,0.0000,0.0000,4781.2769 , 68.1793,1.9304,<LOD,4.1758,3.6151,<LOD,0.8558,0.2062,312496.4062 , 822.0898,30.7859,18.9903 , 2.3043,3.1011,286.1542 , 1.7086,16.3350,<LOD,0.0000,0.0000,3.5860 , 0.7696,0.3177,6360.5972 , 50.4471,21.1313,2.1718 , 0.9980,0.5414,156.6170 , 13.4481,3.6541,<LOD,7.1307,0.2037,16.3892 , 0.7162,2.4304,64.3668 , 3.0633,0.7399,106.3280 , 1.2564,11.8278,9,405.000000,39.000484,-122.669769,10.000000,528595.187500,4316882.000000,
366,Mining,123.14,32.59,30.31,30.18,30.06,"Wed Apr 8, 2026 - 13:46:17",User,1.5,ppm,,,,,,Mining,,<LOD,1.3842,0.5829,140179.4531 , 2463.0171,3.0053,<LOD,1.5216,0.2675,<LOD,3.2257,0.1078,455.8300 , 20.8987,16.4038,415786.7188 , 6183.4502,<LOD,1.4227,0.1445,42609.3867 , 255.0643,54.1615,<LOD,2.1077,1.0610,<LOD,40.1728,0.6382,<LOD,57.2761,12.9770,105.7086 , 5.7794,3.0846,<LOD,6.4399,0.2998,34989.1484 , 177.5783,82.0167,<LOD,0.0000,0.0000,2.8324 , 1.9922,0.2422,11143.7129 , 118.1544,7.4996,40604.5469 , 4044.8982,0.1079,647.9196 , 30.6692,1.5127,<LOD,1.4254,4.4921,4.7020 , 0.5825,2.8237,<LOD,7.9239,0.2825,708.3303 , 115.2129,0.2148,7.0733 , 1.0334,0.3221,<LOD,1.3218,0.4811,46.6416 , 1.2584,2.3143,<LOD,0.0000,0.0000,2431.4436 , 49.2312,1.1064,<LOD,4.1113,3.5029,<LOD,0.8629,0.1974,303427.9062 , 788.9379,29.9744,18.6390 , 2.2922,3.1112,298.9219 , 1.7718,17.1304,<LOD,0.0000,0.0000,4.2558 , 0.8157,0.3491,6154.0288 , 47.5560,20.6385,4.4729 , 1.0762,0.6039,170.6244 , 12.9377,3.6459,<LOD,7.5908,0.2231,13.8750 , 0.7180,2.3375,73.6627 , 3.2660,0.8124,110.1734 , 1.3029,12.2975,8,406.399994,39.000477,-122.669830,10.000000,528589.562500,4316881.500000,
367,Mining,120.39,30.12,30.02,30.14,28.02,"Wed Apr 8, 2026 - 13:49:01",User,1.5,ppm,,,,,,Mining,,<LOD,1.5240,0.6493,146112.0625 , 2595.3428,3.1328,<LOD,1.5176,0.2857,<LOD,2.9729,0.0982,435.1373 , 20.3354,16.1925,404154.3438 , 6195.6147,<LOD,1.3051,0.1305,42254.9023 , 264.6432,54.1423,<LOD,2.1110,1.1263,<LOD,43.6570,0.6627,<LOD,54.2588,12.2479,122.9456 , 6.1080,3.2980,4.3533 , 2.6614,0.3038,32827.9336 , 174.8782,77.6263,<LOD,0.0000,0.0000,<LOD,4.6248,0.2270,12112.7939 , 126.5259,8.1690,34903.4102 , 4135.4604,0.0997,581.3048 , 28.8844,1.4086,<LOD,1.0079,4.4118,5.1818 , 0.5648,2.8805,<LOD,7.5429,0.2792,776.8189 , 130.8202,0.2424,8.9006 , 1.0311,0.3453,<LOD,1.2384,0.4382,45.0940 , 1.1986,2.2614,<LOD,0.0000,0.0000,2272.4065 , 51.6616,1.0641,<LOD,4.0256,3.5283,<LOD,0.8160,0.1922,316310.7500 , 853.5933,31.9318,14.0749 , 2.2197,3.0321,286.7579 , 1.7170,16.7739,<LOD,0.0000,0.0000,3.4192 , 0.7519,0.3202,6399.2017 , 50.4164,21.6642,2.7875 , 1.0046,0.5685,168.1020 , 13.4762,3.7753,<LOD,6.9500,0.2001,14.2083 , 0.6979,2.3796,72.6658 , 3.1544,0.8121,110.4436 , 1.2707,12.4117,7,408.600006,39.000500,-122.669800,10.000000,528592.125000,4316884.000000,
368,Mining,120.48,30.16,30.09,30.14,30.09,"Wed Apr 8, 2026 - 13:52:10",User,1.5,ppm,,,,,,Mining,,<LOD,1.4316,0.5884,138058.2031 , 2579.5879,2.9646,<LOD,1.5491,0.2852,<LOD,2.9191,0.0882,426.0804 , 21.0349,15.5684,414531.9688 , 6301.0479,<LOD,1.3714,0.1346,43922.7578 , 260.1728,53.7894,<LOD,2.2023,1.1051,<LOD,43.0956,0.6513,<LOD,54.3322,11.3800,115.5074 , 5.9825,3.1241,8.9419 , 2.8173,0.3182,31922.4062 , 164.9335,71.9078,<LOD,0.0000,0.0000,4.2531 , 1.9598,0.2393,12025.0850 , 123.3686,7.7807,34804.1016 , 4117.9126,0.0994,567.1429 , 29.1373,1.3287,<LOD,1.0080,4.2275,5.8840 , 0.5704,2.8418,<LOD,7.5331,0.2601,1248.4413 , 147.4105,0.3180,8.0177 , 1.0317,0.3228,<LOD,1.2927,0.4299,45.3758 , 1.2121,2.1669,<LOD,0.0000,0.0000,3007.9949 , 56.6810,1.2915,<LOD,4.1762,3.4095,<LOD,0.8341,0.1905,312515.0000 , 809.5906,30.0957,17.6326 , 2.3205,2.9949,304.3443 , 1.7654,17.0095,<LOD,0.0000,0.0000,3.1369 , 0.7750,0.3117,6110.3188 , 48.3186,19.8507,<LOD,2.5472,0.5437,170.8099 , 13.1313,3.5377,<LOD,7.1595,0.1989,16.6859 , 0.7293,2.4375,52.0546 , 2.9003,0.6424,107.8260 , 1.2765,11.8890,7,408.700012,39.000420,-122.669807,10.000000,528591.625000,4316875.000000,
369,Mining,120.59,30.21,30.16,30.10,28.02,"Wed Apr 8, 2026 - 13:56:01",User,1.5,ppm,,,,,,Mining,,<LOD,1.3637,0.6241,134779.2656 , 2377.2844,2.8993,<LOD,1.4555,0.2709,<LOD,2.8170,0.0918,348.1270 , 19.5392,15.4146,440929.6875 , 5691.7095,<LOD,1.2941,0.1338,43464.0938 , 257.0455,57.1983,<LOD,2.0772,1.1474,<LOD,42.7372,0.6799,<LOD,52.9057,11.9345,110.6102 , 5.7972,3.2344,5.6348 , 2.6558,0.3149,30719.0371 , 158.4232,74.5228,<LOD,0.0000,0.0000,<LOD,2.8453,0.2113,11046.5156 , 117.2625,7.6687,31714.3203 , 3925.2798,0.0950,558.9918 , 28.4350,1.3976,<LOD,0.9912,4.4927,3.2377 , 0.5508,2.8643,<LOD,7.1696,0.2561,872.9694 , 132.4494,0.2648,7.7013 , 0.9958,0.3358,<LOD,1.1910,0.4240,40.4130 , 1.1396,2.1330,<LOD,0.0000,0.0000,3260.4182 , 58.5306,1.4634,<LOD,3.9212,3.4972,<LOD,0.7901,0.1895,295524.9375 , 803.9562,30.0179,12.9713 , 2.1711,3.0376,274.0638 , 1.6273,16.6322,<LOD,0.0000,0.0000,3.3367 , 0.7423,0.3244,5972.6753 , 46.6705,20.7465,2.6789 , 0.9831,0.5689,181.6489 , 12.8648,3.7540,<LOD,6.6839,0.1928,15.5806 , 0.6975,2.4993,53.4846 , 2.8494,0.6910,97.5786 , 1.1961,11.7882,6,404.399994,39.000477,-122.669769,10.000000,528595.312500,4316881.500000,
370,Mining,120.67,30.27,30.12,30.15,30.13,"Wed Apr 8, 2026 - 13:58:50",User,1.5,ppm,,,,,,Mining,,<LOD,1.3887,0.5908,136963.7500 , 2504.9907,2.9422,<LOD,1.4727,0.2678,<LOD,3.0985,0.1050,384.7298 , 20.4802,15.5736,418536.6875 , 6153.6396,<LOD,1.3473,0.1366,44220.0742 , 264.7328,55.2246,<LOD,2.1569,1.1322,<LOD,41.6259,0.6369,<LOD,53.0285,11.3324,118.8937 , 6.0775,3.1888,5.7614 , 2.6915,0.3050,31334.6270 , 162.4610,72.0017,<LOD,0.0000,0.0000,<LOD,3.1697,0.2134,11273.4043 , 121.5106,7.4379,37681.9961 , 4089.7637,0.1039,558.9886 , 28.5768,1.3362,<LOD,0.9989,4.2420,3.9011 , 0.5587,2.7591,<LOD,7.2570,0.2498,821.1407 , 127.6095,0.2426,6.9302 , 0.9894,0.3116,<LOD,1.2446,0.4249,41.6823 , 1.1677,2.0953,<LOD,0.0000,0.0000,1439.3451 , 43.4085,0.7758,<LOD,4.0698,3.4332,<LOD,0.8441,0.2018,309809.0000 , 806.2433,30.2420,13.4764 , 2.2620,3.0240,291.6353 , 1.7027,16.6859,<LOD,0.0000,0.0000,2.7506 , 0.7536,0.3067,6141.4556 , 48.6149,20.1935,4.0598 , 1.0222,0.5793,172.0774 , 13.2881,3.5829,<LOD,7.0137,0.2006,14.8427 , 0.6961,2.3358,53.1007 , 2.8671,0.6593,105.6998 , 1.2440,11.8763,7,407.399994,39.000462,-122.669792,10.000000,528592.875000,4316879.500000,
371,Mining,123.21,32.65,30.23,30.14,30.19,"Wed Apr 8, 2026 - 14:03:27",User,1.5,ppm,,,,,,Mining,,<LOD,1.3845,0.5761,138493.0625 , 2439.0054,2.9700,<LOD,1.4313,0.2207,<LOD,2.9798,0.0915,423.4851 , 20.5830,15.6182,420668.5625 , 6068.0308,<LOD,1.3533,0.1305,44103.2070 , 259.0647,56.0719,<LOD,2.1320,1.0812,<LOD,39.9305,0.6349,<LOD,57.1824,12.9646,121.8369 , 6.0426,3.3120,9.4021 , 2.8565,0.3263,35614.9609 , 176.0808,82.9566,<LOD,0.0000,0.0000,<LOD,3.3635,0.2107,10543.0166 , 115.9008,7.0977,38372.6680 , 3981.1536,0.1038,677.6020 , 30.9093,1.5452,<LOD,1.0277,4.2566,4.4444 , 0.5757,2.7769,<LOD,7.8033,0.2680,711.1810 , 118.5020,0.2268,6.8803 , 1.0190,0.3129,<LOD,1.2648,0.4319,41.8100 , 1.1824,2.0502,<LOD,0.0000,0.0000,643.4567 , 33.2106,0.4814,<LOD,4.0457,3.3180,<LOD,0.8364,0.1890,302819.7188 , 777.0997,29.7297,16.2354 , 2.2629,2.9787,287.9350 , 1.7155,16.3594,<LOD,0.0000,0.0000,3.6115 , 0.7764,0.3157,6049.8252 , 47.6748,20.3010,1.7030 , 1.0068,0.5297,184.5436 , 13.1712,3.6882,<LOD,7.3096,0.2063,16.6450 , 0.7292,2.4276,81.4093 , 3.3584,0.8578,102.8206 , 1.2581,11.5520,,,,,,,,
372,Mining,123.12,32.69,30.08,30.09,30.26,"Wed Apr 8, 2026 - 14:06:14",User,1.5,ppm,,,,,,Mining,,<LOD,1.6641,0.6231,134853.0312 , 2815.8081,2.8918,<LOD,1.6715,0.2562,3.9747 , 2.4595,0.1077,515.0964 , 24.2424,16.1955,396620.0625 , 7319.4800,<LOD,1.5865,0.1423,44912.5000 , 265.3027,50.8853,<LOD,2.4468,1.0510,<LOD,42.9623,0.6159,<LOD,61.1234,11.7856,115.1743 , 6.2282,2.9168,13.1608 , 3.1854,0.3221,35933.8516 , 182.3208,74.5981,<LOD,0.0000,0.0000,<LOD,5.0054,0.2178,11030.9053 , 122.2159,6.6651,42450.7266 , 4438.9048,0.1094,708.2656 , 33.5133,1.4448,1.6975 , 0.7607,4.1338,6.5343 , 0.6405,2.7093,<LOD,8.7106,0.2801,1069.5154 , 135.2570,0.2563,8.3146 , 1.1330,0.3061,<LOD,1.4870,0.4451,44.6915 , 1.3054,1.9692,<LOD,0.0000,0.0000,1172.7832 , 40.4635,0.6148,<LOD,4.7448,3.4082,<LOD,0.9892,0.1980,323523.9375 , 797.4219,29.0277,15.6586 , 2.6325,2.9969,321.6569 , 1.9311,16.2231,<LOD,0.0000,0.0000,3.4231 , 0.8807,0.3107,6276.5698 , 49.7316,18.6702,3.0314 , 1.1301,0.5287,180.1847 , 13.7177,3.3335,<LOD,8.0797,0.2000,22.5465 , 0.8362,2.5328,75.8407 , 3.5194,0.7479,116.8710 , 1.4134,11.4750,4,414.799988,39.000370,-122.669830,10.000000,528589.875000,4316869.500000,
373,Mining,120.64,30.29,30.08,30.08,28.69,"Wed Apr 8, 2026 - 14:08:59",User,1.5,ppm,,,,,,Mining,,<LOD,1.5968,0.6092,143652.8125 , 2853.1921,3.0757,<LOD,1.5860,0.2314,<LOD,3.4768,0.1060,509.6693 , 23.3712,16.0724,385133.0312 , 7187.5142,<LOD,1.5280,0.1412,45274.7578 , 271.8291,52.4909,<LOD,2.3360,1.0148,<LOD,43.7814,0.6175,<LOD,59.2371,11.7080,116.0066 , 6.2534,3.0025,20.6096 , 3.2671,0.3626,34660.5547 , 183.0241,73.6332,<LOD,0.0000,0.0000,3.5452 , 2.1054,0.2304,11022.8398 , 122.4372,6.8058,38611.3398 , 4387.3169,0.1040,627.5012 , 31.6377,1.3575,1.1876 , 0.7439,4.2260,5.8226 , 0.6205,2.7120,<LOD,8.2854,0.2660,995.9367 , 135.7531,0.2484,8.8282 , 1.1241,0.3226,<LOD,1.4595,0.4570,47.9985 , 1.3155,2.1451,<LOD,0.0000,0.0000,2826.6250 , 55.7127,1.1567,<LOD,4.6001,3.4418,<LOD,0.9474,0.2041,329336.4688 , 832.8104,30.4982,14.0060 , 2.5238,2.9229,317.2289 , 1.9107,16.4882,<LOD,0.0000,0.0000,4.4702 , 0.8719,0.3358,6423.5176 , 50.8453,19.5260,3.0867 , 1.1113,0.5443,172.1985 , 13.7541,3.4263,<LOD,7.9034,0.2050,21.3843 , 0.8155,2.5689,65.1234 , 3.2869,0.6975,123.4738 , 1.4196,12.1938,4,420.500000,39.000713,-122.669693,10.000000,528601.312500,4316907.500000,
374,Mining,120.63,30.16,30.13,30.12,29.01,"Wed Apr 8, 2026 - 14:34:12",User,1.5,ppm,,,,,,Mining,,<LOD,1.5062,0.5677,78119.8828 , 1890.8069,1.7423,16.8362 , 1.5076,0.7012,<LOD,3.2430,0.0947,408.0721 , 22.1179,14.7513,484081.2812 , 5211.6445,<LOD,1.4693,0.1340,23617.5234 , 209.5808,29.2497,<LOD,2.3295,1.0767,<LOD,43.7452,0.6922,<LOD,69.3477,19.5877,109.7502 , 7.0519,3.4708,30.4168 , 3.4588,0.4228,53984.8945 , 190.2005,125.7168,<LOD,0.0000,0.0000,9.6951 , 2.2239,0.2716,13838.3438 , 151.1531,8.8311,19408.3262 , 3907.0300,0.0779,500.1982 , 28.4804,1.3577,<LOD,1.0805,4.0813,3.8270 , 0.6026,2.6362,<LOD,9.1345,0.2721,1206.0920 , 150.8498,0.3342,5.8230 , 1.0542,0.2916,<LOD,1.3156,0.3866,43.4899 , 1.2330,1.9621,<LOD,0.0000,0.0000,20784.7285 , 131.9689,7.3628,<LOD,4.4276,3.3224,<LOD,0.8652,0.1721,296771.4375 , 726.2286,28.4689,17.8087 , 2.4571,2.9101,195.4635 , 1.3597,10.3930,<LOD,0.0000,0.0000,2.8728 , 0.8010,0.2743,6367.1309 , 53.4555,21.6034,3.0729 , 1.0347,0.4794,186.2005 , 15.5245,3.9176,<LOD,7.8709,0.2092,13.5922 , 0.7343,2.1226,158.8876 , 4.4496,1.3268,114.3335 , 1.2684,10.5495,10,441.100006,39.000694,-122.662979,10.000000,529182.750000,4316907.500000,
375,Mining,120.42,30.12,30.05,30.03,30.22,"Wed Apr 8, 2026 - 14:36:55",User,1.5,ppm,,,,,,Mining,,<LOD,1.5198,0.6051,124915.4844 , 2524.2883,2.6983,<LOD,1.6403,0.2835,<LOD,3.3799,0.1050,466.3498 , 22.5044,16.4260,396527.7500 , 6550.9326,<LOD,1.4137,0.1265,36641.0156 , 222.9796,42.0141,<LOD,2.3110,1.1028,<LOD,44.7565,0.6413,<LOD,52.2634,8.8240,119.2410 , 5.6623,2.9381,7.5859 , 2.9608,0.3092,26054.9277 , 142.6535,55.7126,<LOD,0.0000,0.0000,13.8255 , 2.3231,0.3110,9715.8037 , 106.4323,5.8952,31416.9785 , 4063.3279,0.0932,414.9421 , 28.3400,1.0483,<LOD,1.0966,4.3217,6.6196 , 0.6173,2.8588,<LOD,7.7567,0.2666,940.5999 , 136.4314,0.2439,8.0351 , 1.0887,0.3182,<LOD,1.4306,0.4834,45.8472 , 1.2870,2.1669,<LOD,0.0000,0.0000,7152.2778 , 82.2654,2.5086,<LOD,4.4414,3.5142,<LOD,0.9238,0.2045,357545.6875 , 822.4149,33.4014,22.3639 , 2.4939,3.1856,283.6905 , 1.7291,15.5412,<LOD,0.0000,0.0000,4.1316 , 0.8193,0.3180,7324.1265 , 49.3775,22.2514,3.8128 , 1.1150,0.5760,164.6984 , 13.0330,3.7113,<LOD,7.4464,0.1892,14.3335 , 0.7464,2.2651,66.2858 , 3.2887,0.7285,123.5868 , 1.3791,12.4940,11,441.500000,39.000683,-122.662971,10.000000,529183.500000,4316906.500000,
376,Mining,123.06,32.82,30.00,30.06,30.18,"Wed Apr 8, 2026 - 14:40:55",User,1.5,ppm,,,,,,Mining,,<LOD,1.4953,0.5856,128622.7188 , 2484.6499,2.7799,<LOD,1.5906,0.2907,<LOD,3.2869,0.1071,458.1760 , 22.3721,16.1578,388475.8750 , 6363.3940,<LOD,1.4336,0.1399,38466.2812 , 244.7106,46.3255,<LOD,2.2990,1.0936,<LOD,43.5489,0.6662,<LOD,56.4061,11.8136,122.9932 , 6.1851,3.2125,11.5181 , 2.9451,0.3308,33453.2109 , 170.1761,74.7335,<LOD,0.0000,0.0000,11.8794 , 2.2623,0.3105,10443.4756 , 117.5814,6.6507,35134.4219 , 4153.6313,0.1020,554.1336 , 29.5668,1.3172,<LOD,1.3828,4.3172,5.9088 , 0.5788,2.7727,<LOD,7.8148,0.2640,845.0603 , 130.6909,0.2434,7.6435 , 1.0447,0.3144,<LOD,1.3578,0.4333,46.9776 , 1.2469,2.1898,<LOD,0.0000,0.0000,10323.6045 , 95.8490,3.7001,<LOD,4.4202,3.4861,<LOD,0.8531,0.1810,345232.4375 , 822.1085,33.7849,16.8549 , 2.4522,3.0543,285.0694 , 1.7191,15.7369,<LOD,0.0000,0.0000,3.3473 , 0.8054,0.3179,7085.4946 , 52.1033,22.6402,<LOD,2.1029,0.5253,177.1354 , 13.9780,3.8840,<LOD,7.8459,0.2212,14.5777 , 0.7273,2.2949,83.8414 , 3.4418,0.8593,117.3593 , 1.3259,12.1579,9,441.700012,39.000679,-122.662964,10.000000,529184.187500,4316906.000000,
377,Mining,120.40,30.09,30.05,30.10,29.25,"Wed Apr 8, 2026 - 14:43:33",User,1.5,ppm,,,,,,Mining,,<LOD,1.4649,0.6130,126745.7188 , 2632.8748,2.7443,<LOD,1.6276,0.3040,<LOD,3.1681,0.0951,430.2841 , 21.4124,15.9085,385720.4688 , 6718.5630,<LOD,1.4922,0.1460,39014.8438 , 254.3206,47.1306,<LOD,2.2309,1.1241,<LOD,46.5971,0.6806,<LOD,57.4846,11.7900,134.1433 , 6.4016,3.3714,12.5919 , 3.0231,0.3356,33166.9844 , 179.1464,74.2445,<LOD,0.0000,0.0000,10.0876 , 2.2065,0.2844,10902.3691 , 122.1095,6.9743,37972.7305 , 4507.7144,0.1078,511.3170 , 29.3636,1.2468,<LOD,1.0745,4.2714,5.9961 , 0.6031,2.8025,<LOD,8.0891,0.2785,791.4791 , 141.1146,0.2502,6.1069 , 1.0355,0.2969,<LOD,1.2878,0.4226,45.6542 , 1.2727,2.1750,<LOD,0.0000,0.0000,10995.5654 , 104.9894,3.9431,<LOD,4.2479,3.4991,<LOD,0.8821,0.1932,345823.6250 , 878.8464,34.0398,14.8994 , 2.3498,3.0382,281.1076 , 1.7644,15.5787,<LOD,0.0000,0.0000,3.1338 , 0.8271,0.3183,7016.1777 , 53.5794,22.5458,3.4319 , 1.0851,0.5623,178.6092 , 14.1791,3.8993,<LOD,7.5835,0.2039,13.4695 , 0.7293,2.2186,84.5086 , 3.5145,0.8621,114.6842 , 1.3470,11.9816,10,442.299988,39.000679,-122.662964,10.000000,529184.500000,4316906.000000,
378,Mining,120.00,30.01,30.09,30.04,29.86,"Wed Apr 8, 2026 - 14:46:19",User,1.5,ppm,,,,,,Mining,,<LOD,1.4211,0.6251,115442.4922 , 2260.0417,2.5143,8.0824 , 1.3241,0.5829,<LOD,3.4662,0.1277,475.9188 , 21.2205,17.3070,394146.2812 , 6044.7876,<LOD,1.4504,0.1534,28813.8359 , 210.0318,36.1346,<LOD,2.1873,1.1734,<LOD,42.2076,0.6416,<LOD,54.7037,11.7225,127.6175 , 6.0218,3.3587,11.3122 , 2.9335,0.3510,31633.9492 , 163.5482,75.0376,<LOD,0.0000,0.0000,75.1009 , 3.4266,0.8871,10087.8135 , 114.9078,6.6260,39095.4570 , 4140.5054,0.1086,531.2855 , 29.0615,1.3424,<LOD,1.0644,4.6488,6.1439 , 0.5953,3.0164,<LOD,7.7711,0.2919,802.1630 , 131.4915,0.2504,8.9796 , 1.0733,0.3565,<LOD,1.3053,0.4739,46.0244 , 1.2588,2.3349,<LOD,0.0000,0.0000,12122.2305 , 104.0684,4.4307,<LOD,4.1857,3.7114,<LOD,0.8611,0.2023,359130.4688 , 850.2551,36.7423,19.5820 , 2.3257,3.2618,219.7118 , 1.4759,13.1683,<LOD,0.0000,0.0000,3.5117 , 0.8025,0.3334,6786.0210 , 50.4554,23.0953,3.7807 , 1.1420,0.6782,175.3425 , 13.5347,4.0026,<LOD,0.0000,0.2371,15.1103 , 0.7282,2.4706,87.0446 , 3.4863,0.9546,124.7562 , 1.3160,12.8506,10,443.100006,39.000679,-122.662956,10.000000,529184.625000,4316906.000000,
379,Mining,120.45,30.14,30.06,30.03,28.46,"Wed Apr 8, 2026 - 14:49:00",User,1.5,ppm,,,,,,Mining,,<LOD,1.3916,0.6509,119793.7500 , 2206.1470,2.6030,<LOD,1.5529,0.3364,<LOD,3.0588,0.1110,421.9105 , 20.0874,16.6902,408540.6562 , 5601.6841,<LOD,1.3177,0.1418,30429.3203 , 207.9236,39.1822,<LOD,2.0855,1.1524,<LOD,42.7562,0.6673,<LOD,51.4301,11.3931,120.7829 , 5.6718,3.3087,12.7766 , 2.8243,0.3638,29499.8887 , 151.1642,71.8009,<LOD,0.0000,0.0000,40.0210 , 2.7255,0.5818,10733.3721 , 113.1202,7.2182,31534.0430 , 3888.7446,0.0957,540.4675 , 28.0816,1.3746,<LOD,1.3693,4.8205,5.8487 , 0.5660,3.0943,<LOD,7.2525,0.2818,765.6050 , 126.7857,0.2374,8.2329 , 1.0094,0.3531,<LOD,1.2329,0.4560,47.2296 , 1.2050,2.4460,<LOD,0.0000,0.0000,10271.2559 , 96.3860,3.8898,<LOD,3.9579,3.5528,<LOD,0.7969,0.1909,349590.7500 , 839.0273,36.4674,16.2356 , 2.2118,3.1769,232.1297 , 1.4620,14.3496,<LOD,0.0000,0.0000,4.7933 , 0.7702,0.3649,6986.8203 , 48.8837,24.2414,2.3365 , 1.0257,0.6186,181.8668 , 13.0793,4.1798,<LOD,6.9624,0.2136,15.8482 , 0.7063,2.6139,84.3268 , 3.3031,0.9471,119.7293 , 1.2517,13.0952,10,443.600006,39.000675,-122.662964,10.000000,529184.375000,4316905.500000,
380,Mining,120.25,30.06,30.05,30.10,30.04,"Wed Apr 8, 2026 - 14:52:00",User,1.5,ppm,,,,,,Mining,,<LOD,1.4844,0.6575,109100.0625 , 2155.3047,2.3831,5.0366 , 1.2382,0.4738,<LOD,3.6695,0.1370,486.0481 , 21.6316,17.2622,406508.0312 , 5770.2358,<LOD,1.4248,0.1421,29554.4316 , 203.9005,36.0779,<LOD,2.2285,1.1675,<LOD,42.3781,0.6580,<LOD,55.9669,11.8833,126.0071 , 5.9486,3.3287,21.5131 , 3.1815,0.3976,32237.6914 , 155.4240,74.2540,<LOD,0.0000,0.0000,89.8797 , 3.7828,0.9882,10816.6826 , 115.2014,6.9137,29640.8242 , 3878.9302,0.0931,562.6906 , 29.6968,1.3567,<LOD,1.0710,4.5563,6.5948 , 0.5929,2.9842,<LOD,7.8522,0.2793,979.6447 , 136.0122,0.2755,6.7434 , 1.0513,0.3271,<LOD,1.3599,0.4953,48.2071 , 1.2814,2.3335,<LOD,0.0000,0.0000,14960.0645 , 112.4897,5.2968,<LOD,4.2658,3.6867,<LOD,0.9290,0.2206,356921.8125 , 794.0379,35.7173,19.9230 , 2.3763,3.2675,230.7747 , 1.4944,13.3817,<LOD,0.0000,0.0000,5.8747 , 0.8311,0.3631,7239.9961 , 50.0241,23.9236,<LOD,2.8877,0.6634,180.1147 , 13.5651,4.1038,<LOD,7.8087,0.2314,16.7375 , 0.7510,2.5258,106.7078 , 3.7981,1.0771,127.9101 , 1.3289,12.8086,9,443.600006,39.000675,-122.662971,10.000000,529183.937500,4316905.500000,
381,Mining,120.55,30.13,30.13,30.18,30.11,"Wed Apr 8, 2026 - 14:54:44",User,1.5,ppm,,,,,,Mining,,<LOD,1.5915,0.6164,61092.3906 , 1530.6771,1.4014,52.0352 , 2.2352,1.5586,<LOD,3.4456,0.0979,531.4172 , 23.6800,16.6325,489185.7812 , 4562.8213,<LOD,1.7925,0.1836,14997.5000 , 195.2312,20.9861,<LOD,2.3800,1.0761,<LOD,39.6338,0.6916,<LOD,81.8430,30.9613,105.6879 , 8.3767,4.3184,40.4256 , 3.8788,0.4979,79813.0234 , 238.2836,207.4803,<LOD,0.0000,0.0000,45.3010 , 3.2077,0.5636,14534.0625 , 176.1300,10.2759,14208.4609 , 3671.9016,0.0721,477.4529 , 28.6484,1.5828,<LOD,1.1476,4.2497,5.3464 , 0.6368,2.7470,<LOD,15.7210,0.2809,2805.4778 , 195.9468,0.7250,6.9357 , 1.1817,0.3368,<LOD,1.4405,0.4543,43.4397 , 1.2900,1.9401,<LOD,0.0000,0.0000,26365.2090 , 141.3236,10.2077,<LOD,4.6516,3.5364,<LOD,0.9301,0.1836,288936.9062 , 689.5500,30.5204,13.8935 , 2.5574,3.0310,194.2575 , 1.4127,10.3535,<LOD,0.0000,0.0000,3.1539 , 0.9208,0.3038,6032.1089 , 60.9091,23.5509,<LOD,2.2745,0.5034,191.2118 , 17.8095,4.4663,<LOD,8.6622,0.2359,10.7079 , 0.7488,1.9919,184.8954 , 4.9499,1.5314,122.8998 , 1.3624,11.0758,8,443.200012,39.000675,-122.662964,10.000000,529184.500000,4316905.500000,
382,Mining,122.86,32.52,30.07,30.05,30.22,"Wed Apr 8, 2026 - 14:57:41",User,1.5,ppm,,,,,,Mining,,<LOD,1.5655,0.6257,86442.4141 , 1924.9718,1.9232,23.4226 , 1.7240,0.9180,<LOD,3.6710,0.1196,494.5674 , 23.2287,16.9023,426725.3438 , 5377.8105,<LOD,1.5642,0.1499,25477.3594 , 208.7915,31.6050,<LOD,2.3675,1.1235,<LOD,43.3978,0.6958,<LOD,67.2269,17.0718,135.5789 , 6.9573,3.6636,63.3927 , 4.1500,0.6002,47013.9375 , 184.6908,109.5240,<LOD,0.0000,0.0000,50.3753 , 3.1993,0.6095,12461.7568 , 138.0972,8.0226,21200.4609 , 3811.8523,0.0802,570.3748 , 30.5658,1.4454,<LOD,1.1596,4.4537,6.3322 , 0.6318,2.8502,<LOD,8.8598,0.2648,2407.7756 , 190.9972,0.5717,9.1036 , 1.1659,0.3523,<LOD,1.4142,0.4582,50.3062 , 1.3421,2.2897,<LOD,0.0000,0.0000,15436.5654 , 113.9225,5.5206,<LOD,4.5554,3.5591,<LOD,0.9914,0.2274,353596.2188 , 763.5777,35.7152,16.9145 , 2.5401,3.1758,196.2163 , 1.3999,10.8088,<LOD,0.0000,0.0000,5.3786 , 0.8816,0.3421,7151.6602 , 54.9017,24.2824,2.6006 , 1.1333,0.5592,190.0498 , 15.5255,4.2683,<LOD,7.7723,0.2011,13.5901 , 0.7630,2.2547,125.9888 , 4.1863,1.1572,132.2986 , 1.3711,12.0764,8,443.100006,39.000671,-122.662956,10.000000,529185.062500,4316905.000000,
383,Mining,122.73,32.39,30.11,30.03,30.20,"Wed Apr 8, 2026 - 15:00:27",User,1.5,ppm,,,,,,Mining,,<LOD,0.9724,0.6227,84360.6875 , 1249.4229,1.8774,7.5272 , 1.1131,0.7489,<LOD,2.7785,0.1519,321.3320 , 14.2802,17.3198,532311.5625 , 3572.3293,<LOD,1.2135,0.1980,3671.0117 , 62.7558,6.0826,<LOD,1.4686,1.1189,<LOD,34.3927,0.7112,<LOD,32.1393,6.1876,46.8141 , 3.7575,2.6784,6.8898 , 2.4298,0.4336,12619.3135 , 78.1618,38.8661,<LOD,0.0000,0.0000,29.3491 , 2.2509,0.6510,9121.0400 , 85.4861,7.0399,24540.4941 , 2641.3206,0.0841,<LOD,23.0035,0.5461,<LOD,0.9088,6.5992,6.5315 , 0.5055,4.2420,<LOD,5.3712,0.2969,1426.8107 , 133.8477,0.4413,9.0354 , 0.9127,0.4795,<LOD,0.8945,0.4720,54.2591 , 1.1365,3.7870,<LOD,0.0000,0.0000,11624.1094 , 85.7795,5.0381,<LOD,2.8392,3.6571,<LOD,0.7123,0.2515,311974.4062 , 668.7996,36.2113,9.9456 , 1.5746,3.1831,138.0205 , 0.9698,12.1210,<LOD,0.0000,0.0000,5.1694 , 0.7093,0.5203,7381.5361 , 38.8729,31.7827,2.5902 , 0.8721,0.7518,131.8863 , 10.2438,5.0254,<LOD,5.7618,0.2372,4.8894 , 0.5629,2.7294,46.4811 , 2.4646,0.8562,148.3683 , 1.1573,19.7426,8,442.700012,39.000671,-122.662949,10.000000,529185.375000,4316905.000000,
384,Mining,52.00,30.02,21.98,,,"Wed Apr 8, 2026 - 15:02:05",User,1.5,ppm,,,,,,Mining,,<LOD,7.8531,33.1066,,,,2.7560 , 1.4876,0.4238,<LOD,4.2958,0.1234,,,,896566.8750 , 688.9783,<LOD,1.7321,0.1387,34106.1953 , 280.5214,37.2011,<LOD,8.4131,31.6219,,,,<LOD,72.9666,15.8057,134.1008 , 9.1406,3.5052,28.3712 , 3.9610,0.4125,48670.0898 , 143.2617,99.9375,<LOD,0.0000,0.0000,83.9277 , 4.2078,0.8022,10893.5957 , 166.5970,7.0366,,,,617.1745 , 33.8396,1.3958,<LOD,1.3289,4.4991,6.9459 , 0.7401,2.9050,<LOD,10.4319,0.3081,,,,12.4288 , 1.3682,0.3659,9.0683 , 6.0805,40.1143,52.8284 , 1.5802,2.3850,<LOD,0.0000,0.0000,,,,<LOD,14.4778,34.2759,<LOD,1.1284,0.2174,,,,<LOD,9.9943,28.3115,243.6031 , 1.6575,12.5297,<LOD,0.0000,0.0000,4.8484 , 0.9953,0.3347,7992.1226 , 70.4594,25.1831,4.7423 , 1.4142,0.6522,190.8954 , 20.7940,4.2922,<LOD,9.9828,0.2515,15.0582 , 0.8951,2.3353,218.6331 , 5.6064,1.5796,141.2265 , 1.5703,12.5971,8,442.799988,39.000671,-122.662949,10.000000,529185.375000,4316905.000000,
385,Mining,6.61,6.61,,,,"Wed Apr 8, 2026 - 15:02:17",User,1.5,ppm,,,,,,Mining,,<LOD,30.1943,31.7925,,,,<LOD,8.5826,0.4055,<LOD,13.1132,0.1382,,,,940332.3125 , 1190.6448,<LOD,5.7896,0.1758,,,,<LOD,22.9912,30.4764,,,,<LOD,194.0736,14.9081,143.0423 , 91.7756,0.6165,19.3839 , 10.1878,0.3535,49458.8242 , 382.9562,98.1328,<LOD,0.0000,0.0000,93.9215 , 11.6706,0.8195,,,,,,,649.5987 , 92.9389,1.4043,<LOD,3.5605,4.2210,8.3986 , 2.0369,2.8986,<LOD,26.7521,0.2391,,,,10.9263 , 3.6134,0.3337,<LOD,24.3128,37.5303,52.6017 , 4.3204,2.3163,<LOD,0.0000,0.0000,,,,<LOD,38.7547,33.0350,<LOD,3.0568,0.2032,,,,<LOD,27.2026,27.5920,234.9881 , 4.3970,11.5759,<LOD,0.0000,0.0000,<LOD,5.6960,0.3261,8253.8496 , 553.6666,3.2495,7.2697 , 3.9659,0.6741,365.2197 , 207.2469,1.1669,<LOD,23.8732,0.1854,16.2549 , 2.4463,2.2937,209.8146 , 14.9066,1.4502,143.5871 , 4.2441,12.1324,8,442.899994,39.000671,-122.662949,10.000000,529185.500000,4316905.000000,
386,Mining,120.53,30.26,30.06,30.05,29.55,"Wed Apr 8, 2026 - 15:04:29",User,1.5,ppm,,,,,,Mining,,<LOD,1.4684,0.6577,97539.4375 , 2039.4565,2.1574,3.4509 , 1.2141,0.4598,<LOD,3.4865,0.1298,447.8721 , 21.5015,17.2025,413363.4688 , 5509.7876,<LOD,1.4118,0.1464,27829.9551 , 215.8129,36.7129,<LOD,2.2396,1.2102,<LOD,43.3218,0.6879,<LOD,60.8638,15.9303,119.5660 , 6.5325,3.6368,27.8769 , 3.2860,0.4477,41250.1484 , 187.1345,102.4331,<LOD,0.0000,0.0000,51.9294 , 3.1090,0.6834,10510.0068 , 124.5124,7.2664,30392.0703 , 4095.1233,0.0978,540.5654 , 28.7502,1.4500,<LOD,1.0639,4.6821,5.2053 , 0.5885,2.9640,<LOD,8.2081,0.2922,1008.9156 , 145.8522,0.3154,9.0482 , 1.0824,0.3645,<LOD,1.3172,0.4739,46.9510 , 1.2572,2.3735,<LOD,0.0000,0.0000,16798.4062 , 123.8040,6.3671,<LOD,4.2524,3.7317,<LOD,0.8855,0.2094,352067.1562 , 832.3514,37.8565,14.9455 , 2.3541,3.2513,193.6019 , 1.3616,11.6669,<LOD,0.0000,0.0000,3.8747 , 0.7978,0.3376,7332.1772 , 54.9807,26.3239,3.8761 , 1.0931,0.6249,158.1674 , 14.8244,4.4089,<LOD,7.8455,0.2456,12.5702 , 0.7086,2.3341,144.5449 , 4.1973,1.3816,124.2314 , 1.2934,12.5627,9,443.100006,39.000675,-122.662949,10.000000,529185.937500,4316905.500000,
387,Mining,122.89,32.61,30.08,30.05,30.15,"Wed Apr 8, 2026 - 15:08:19",User,1.5,ppm,,,,,,Mining,,<LOD,1.4772,0.6254,88587.0391 , 1881.8998,1.9639,12.9385 , 1.4055,0.6566,<LOD,3.5365,0.1255,436.7002 , 21.4758,16.0495,455451.8125 , 5270.8198,<LOD,1.4507,0.1455,29952.9570 , 235.3590,39.1298,<LOD,2.2286,1.1214,<LOD,40.0218,0.6807,<LOD,64.7529,18.1063,111.2189 , 7.0646,3.6246,25.8645 , 3.2877,0.4241,48927.3008 , 193.7934,119.5603,<LOD,0.0000,0.0000,42.7438 , 2.9333,0.5690,9700.0078 , 129.0703,6.6829,31003.7852 , 3961.7605,0.0994,461.7654 , 27.4200,1.3352,<LOD,1.0533,4.2975,5.2264 , 0.5932,2.8423,<LOD,8.4739,0.2663,1079.8452 , 138.2002,0.3274,6.4377 , 1.0483,0.3206,<LOD,1.3440,0.4650,44.8207 , 1.2279,2.1444,<LOD,0.0000,0.0000,21492.5996 , 129.1208,8.0461,<LOD,4.2662,3.5253,<LOD,0.9224,0.2175,305460.0625 , 728.2028,31.2856,14.1061 , 2.3538,3.0407,195.7573 , 1.3571,11.1992,<LOD,0.0000,0.0000,3.4212 , 0.7987,0.3079,6506.3838 , 54.2020,22.9375,1.8212 , 1.0533,0.5446,195.4513 , 15.6719,4.1591,<LOD,7.7388,0.2253,11.5075 , 0.7014,2.1468,154.8610 , 4.3309,1.3931,113.5494 , 1.2500,11.2483,10,443.200012,39.000664,-122.662941,10.000000,529186.375000,4316904.500000,
388,Mining,120.26,30.25,30.21,30.21,29.59,"Wed Apr 8, 2026 - 15:10:51",User,1.5,ppm,,,,,,Mining,,<LOD,1.4765,0.6249,95811.3828 , 2074.3259,2.1118,14.8451 , 1.4212,0.6854,<LOD,3.3165,0.1099,431.4267 , 21.4574,15.9719,430871.4062 , 5562.4634,<LOD,1.4752,0.1498,28916.6602 , 222.0816,37.1912,<LOD,2.2188,1.1096,<LOD,42.2669,0.6566,<LOD,64.1039,17.5065,112.3024 , 6.6122,3.4691,28.8586 , 3.3447,0.4368,47820.1875 , 197.8454,115.2902,<LOD,0.0000,0.0000,32.7118 , 2.7582,0.4890,10646.5547 , 127.8749,7.1807,29241.0254 , 4093.4729,0.0934,496.4105 , 28.0261,1.3730,<LOD,1.0541,4.2911,5.3650 , 0.5913,2.8143,<LOD,8.5253,0.2786,842.1706 , 135.2617,0.2684,5.2061 , 1.0075,0.2951,<LOD,1.2905,0.4259,42.6216 , 1.2069,2.0520,<LOD,0.0000,0.0000,14539.0762 , 113.0497,5.4034,<LOD,4.2497,3.4846,<LOD,0.8669,0.1894,332919.4375 , 791.7591,34.1442,14.6807 , 2.3565,3.0513,201.2657 , 1.3847,11.3899,<LOD,0.0000,0.0000,2.1967 , 0.7856,0.2851,6525.8555 , 52.4048,22.8092,2.9953 , 1.0515,0.5436,181.6565 , 14.7737,4.0569,<LOD,8.1753,0.2510,11.2041 , 0.6914,2.0796,169.0438 , 4.4790,1.4795,113.4709 , 1.2539,11.1845,10,443.000000,39.000664,-122.662941,10.000000,529186.375000,4316904.500000,
389,Mining,30.13,28.93,,,,"Wed Apr 8, 2026 - 15:25:21",User,1.5,ppm,,,,,,Mining,,541.0131 , 459.5567,12.5757,,,,<LOD,17.8364,0.2280,<LOD,26.7738,0.0631,,,,115689.0078 , 15536.2920,<LOD,12.7426,0.1016,,,,<LOD,33.2115,4.9733,,,,<LOD,478.1335,237.1137,8896.7949 , 107.9768,23.1249,1755.9905 , 63.8427,1.6655,864898.1250 , 651.3394,1592.5618,<LOD,0.0000,0.0000,<LOD,31.6139,0.1629,,,,,,,2739.5300 , 121.9864,11.0534,4206.7275 , 25.1897,51.0051,<LOD,5.0802,0.7899,1092.4019 , 151.8018,0.8581,,,,89.5646 , 15.0923,0.6013,<LOD,34.9903,5.9977,<LOD,4.7635,-0.1380,<LOD,0.0000,0.0000,,,,<LOD,59.1594,5.8920,<LOD,7.2997,0.1220,,,,90.7632 , 29.3831,6.7023,<LOD,2.5557,0.1560,<LOD,0.0000,0.0000,<LOD,17.1294,-0.9697,<LOD,313.8178,1.4501,<LOD,1.3082,-0.0096,<LOD,258.1542,1.5048,<LOD,114.5173,0.1996,<LOD,4.1879,0.2754,<LOD,24.7518,0.1973,<LOD,3.4161,0.4172,10,443.500000,39.000713,-122.662941,10.000000,529186.187500,4316910.000000,
400,Mining,30.07,30.07,,,,"Wed Apr 8, 2026 - 16:49:31",User,1.5,ppm,,,,,,Mining,,511.2349 , 434.2825,12.1691,,,,<LOD,18.1497,0.2203,<LOD,27.1378,0.0683,,,,119062.5000 , 15041.3086,<LOD,12.4742,0.1016,,,,<LOD,33.7155,5.0038,,,,<LOD,466.8681,234.1078,8769.6211 , 105.0669,22.6772,1678.8308 , 61.5196,1.6148,861184.0625 , 603.9699,1582.7953,<LOD,0.0000,0.0000,<LOD,21.3635,0.1403,,,,,,,2773.1353 , 119.6548,10.9935,4212.9790 , 24.6828,51.1734,<LOD,5.0150,0.8075,1365.6781 , 147.0143,0.8405,,,,150.6260 , 15.9400,0.7013,<LOD,34.0038,5.8954,4.9703 , 1.7416,0.0533,<LOD,0.0000,0.0000,,,,<LOD,57.5665,5.8187,<LOD,6.9403,0.1192,,,,97.8639 , 28.6376,6.6687,<LOD,2.3747,0.1412,<LOD,0.0000,0.0000,<LOD,18.2763,-1.1294,188.5156 , 85.3267,1.6123,<LOD,3.1627,-0.0240,<LOD,266.5586,1.5293,<LOD,0.0000,0.1886,<LOD,4.3903,0.3063,<LOD,23.7751,0.1952,<LOD,4.4649,0.4558,,,,,,,,
401,Mining,120.45,30.16,30.03,30.10,28.34,"Thu Apr 9, 2026 - 10:23:36",User,1.5,ppm,,,,,,Mining,,<LOD,0.9515,0.9884,19594.3965 , 549.5143,0.5737,<LOD,0.9784,0.3613,<LOD,2.4404,0.1848,228.2881 , 13.2542,23.4239,572566.3125 , 2264.0955,<LOD,0.9050,0.1727,579.6885 , 21.4138,1.3555,<LOD,1.4871,1.9421,<LOD,27.5493,0.5605,<LOD,6.8741,0.4156,32.8762 , 2.7653,2.4106,<LOD,2.6859,0.3616,133.8513 , 11.1742,1.1491,<LOD,0.0000,0.0000,72.0817 , 2.6464,1.5210,31.7035 , 16.9177,0.3898,8753.1260 , 1867.3772,0.0543,<LOD,17.5485,0.4283,<LOD,0.7777,8.0981,6.7498 , 0.4300,5.1902,<LOD,3.9759,0.3171,369.9806 , 79.9363,0.1731,<LOD,0.9034,0.3720,<LOD,0.8665,0.7309,7.0316 , 0.5227,1.0034,<LOD,0.0000,0.0000,8202.1035 , 70.3292,4.1745,<LOD,2.7797,5.9393,<LOD,0.5836,0.2649,379646.1562 , 610.3137,53.9418,6.3474 , 1.5038,4.7782,5.6311 , 0.2698,1.5540,<LOD,0.0000,0.0000,2.5931 , 0.5003,0.3903,9519.0605 , 34.5756,48.0464,<LOD,1.0134,0.6858,107.9901 , 8.9464,6.9275,<LOD,0.0000,0.2302,<LOD,0.5457,1.8792,<LOD,1.7374,0.2929,134.0206 , 0.9141,20.7109,7,410.799988,39.002495,-122.662659,10.000000,529210.187500,4317107.500000,
402,Mining,120.38,30.27,30.02,30.08,28.21,"Thu Apr 9, 2026 - 10:26:19",User,1.5,ppm,,,,,,Mining,,<LOD,0.9656,0.9935,18605.1367 , 545.4620,0.5559,<LOD,0.8045,0.3530,<LOD,2.8596,0.2376,158.0941 , 13.2993,22.1658,557457.6875 , 2586.1711,<LOD,0.9469,0.1764,105.2310 , 13.8801,0.5100,<LOD,1.5184,1.9784,<LOD,27.6845,0.5319,<LOD,6.7434,0.3864,22.4414 , 2.6446,2.2138,<LOD,0.0000,0.0000,129.8966 , 11.1482,1.1110,<LOD,8.7179,0.4478,153.6228 , 7.0718,3.1176,<LOD,34.3402,0.3642,<LOD,3524.9183,0.0391,<LOD,16.7288,0.3754,<LOD,0.7912,7.9930,5.7672 , 0.4313,4.9520,<LOD,4.0844,0.3219,341.9605 , 78.6350,0.1590,<LOD,0.0000,0.0000,<LOD,0.8934,0.7605,4.8245 , 0.5706,0.8710,32.8468 , 7.9915,0.5512,1269.7803 , 33.7087,0.8524,<LOD,2.8310,5.9998,<LOD,0.6267,0.2844,413228.9375 , 686.8456,58.3979,<LOD,3.1787,4.7408,2.8547 , 0.2708,1.3886,50.9739 , 4.1078,0.5018,2.3852 , 0.4919,0.3495,6490.2681 , 29.1978,31.8763,<LOD,1.5812,0.9739,70.2878 , 7.5502,4.6386,<LOD,0.0000,0.2162,<LOD,0.5454,1.8025,<LOD,0.0000,0.0000,134.8952 , 0.9287,20.4165,6,404.799988,39.002449,-122.662621,10.000000,529213.062500,4317102.500000,
403,Mining,120.24,30.05,30.03,30.09,29.45,"Thu Apr 9, 2026 - 10:29:16",User,1.5,ppm,,,,,,Mining,,<LOD,0.9646,1.0072,18683.8359 , 523.1694,0.5606,<LOD,0.9333,0.3556,<LOD,2.6776,0.2346,161.6573 , 13.1425,22.0612,563035.5625 , 2264.4617,<LOD,0.9431,0.1982,684.9984 , 22.9935,1.5199,<LOD,1.5099,1.9893,<LOD,27.1928,0.5626,<LOD,6.4812,0.3894,25.2985 , 2.6897,2.2676,<LOD,2.6112,0.3606,116.1139 , 10.5476,1.0795,<LOD,0.0000,0.0000,126.7559 , 3.2388,2.4041,<LOD,24.7608,0.3455,<LOD,2897.8085,0.0395,<LOD,16.2877,0.3874,<LOD,0.7520,7.9276,5.7930 , 0.4140,5.0329,<LOD,3.8523,0.3142,325.1864 , 75.1560,0.1576,<LOD,0.8401,0.3369,<LOD,0.8804,0.7483,5.4917 , 0.5117,0.9000,<LOD,0.0000,0.0000,4304.5088 , 51.9386,2.3061,<LOD,2.7908,5.9035,<LOD,0.6234,0.3152,403746.3750 , 620.0658,58.3245,<LOD,3.2513,4.6860,2.7088 , 0.2459,1.3470,<LOD,0.0000,0.0000,0.9284 , 0.4803,0.3425,7724.0610 , 31.0576,38.7536,<LOD,1.1141,0.8576,89.3062 , 8.1817,5.6162,<LOD,0.0000,0.2185,<LOD,0.5228,1.8154,<LOD,1.7492,0.3123,129.2845 , 0.8772,20.0812,6,411.000000,39.002682,-122.662613,10.000000,529214.000000,4317128.500000,
404,Mining,122.77,32.53,30.05,30.08,30.11,"Thu Apr 9, 2026 - 10:32:29",User,1.5,ppm,,,,,,Mining,,<LOD,0.9737,0.9819,39347.4688 , 733.1123,0.9817,<LOD,1.0685,0.4151,<LOD,2.2029,0.1485,178.6731 , 13.4221,22.1328,535826.5625 , 2608.7529,<LOD,0.9021,0.1697,327.8300 , 19.4441,0.9238,<LOD,1.5259,1.9405,<LOD,28.6519,0.6127,<LOD,9.4717,0.7630,32.6247 , 2.9081,2.4104,<LOD,2.9544,0.4329,697.1266 , 18.3969,3.1159,<LOD,0.0000,0.0000,8.6485 , 1.5587,0.4600,597.3126 , 25.1480,0.8473,17996.9863 , 2149.4727,0.0746,42.1472 , 14.4498,0.6609,<LOD,0.7983,8.5340,6.4710 , 0.4271,5.0587,<LOD,4.6984,0.4382,320.0941 , 80.3744,0.1746,3.6607 , 0.6730,0.4048,<LOD,0.9016,0.7529,27.1166 , 0.7367,2.4939,<LOD,0.0000,0.0000,17076.8359 , 97.9171,8.1576,<LOD,2.8365,5.8329,<LOD,0.5910,0.2743,378724.9375 , 640.4349,52.5111,4.1369 , 1.5359,4.7014,3.4204 , 0.2343,1.1648,<LOD,0.0000,0.0000,4.1163 , 0.5373,0.4785,8476.5293 , 34.7268,41.2203,<LOD,0.9350,0.5364,108.0703 , 8.9076,6.0513,<LOD,4.9143,0.2649,6.0820 , 0.4535,2.8821,3.6096 , 1.4543,0.4543,179.5535 , 1.0444,25.8212,7,412.799988,39.002556,-122.662605,10.000000,529214.312500,4317114.500000,
405,Mining,122.84,32.52,30.04,30.12,30.16,"Thu Apr 9, 2026 - 10:43:41",User,1.5,ppm,,,,,,Mining,,<LOD,0.9490,0.9672,40480.5078 , 743.0930,1.0061,1.8230 , 0.8172,0.5108,<LOD,2.3969,0.1522,172.0925 , 13.1091,21.8715,537989.3125 , 2679.2620,<LOD,1.0427,0.1963,317.1777 , 18.6431,0.8938,<LOD,1.4948,1.9337,<LOD,29.4457,0.6401,<LOD,10.2997,0.7773,29.4570 , 2.7957,2.3655,<LOD,3.0233,0.3915,744.1583 , 20.4055,3.3201,<LOD,0.0000,0.0000,9.8630 , 1.7025,0.4777,630.3005 , 24.8698,0.8737,16341.3145 , 2135.3875,0.0727,91.1224 , 16.6836,0.7667,<LOD,0.8602,8.5669,7.5660 , 0.4685,5.2773,<LOD,5.2134,0.4679,331.0860 , 82.4026,0.1815,3.3633 , 0.7157,0.3962,<LOD,0.8742,0.7334,28.5901 , 0.8094,2.6180,<LOD,0.0000,0.0000,18093.0703 , 101.5737,8.6769,<LOD,2.7797,5.8254,<LOD,0.6346,0.2722,376527.0938 , 642.3090,52.4197,<LOD,2.2351,4.5265,2.9659 , 0.2481,1.1290,<LOD,0.0000,0.0000,2.2928 , 0.5766,0.4431,7908.0049 , 32.7199,38.6556,<LOD,0.9506,0.5386,88.3632 , 8.3493,5.6013,<LOD,5.2496,0.2610,7.9500 , 0.5076,3.1361,8.0456 , 1.6574,0.5112,184.4498 , 1.1346,26.5883,6,430.600006,39.002644,-122.662613,10.000000,529214.000000,4317124.000000,
406,Mining,120.11,30.00,30.02,30.06,29.43,"Thu Apr 9, 2026 - 10:47:56",User,1.5,ppm,,,,,,Mining,,<LOD,0.9486,0.9399,36694.2773 , 716.4790,0.9233,1.4066 , 0.7015,0.4245,<LOD,2.1118,0.1331,202.6110 , 13.3039,22.2971,549404.6875 , 2446.4773,<LOD,0.9013,0.1658,463.2461 , 21.3995,1.1494,<LOD,1.4980,1.8878,<LOD,29.7804,0.6253,<LOD,9.1932,0.7000,38.6841 , 2.9895,2.5249,<LOD,2.9026,0.4090,667.5807 , 18.2378,3.0002,<LOD,0.0000,0.0000,9.0490 , 1.5864,0.4675,592.0823 , 25.2404,0.8476,9370.8154 , 1950.4330,0.0569,30.6283 , 14.3150,0.6344,<LOD,0.8040,8.4769,6.2163 , 0.4300,5.0204,<LOD,4.4172,0.3770,430.0855 , 83.6788,0.1859,<LOD,0.9267,0.3788,<LOD,0.8827,0.7288,25.0575 , 0.7247,2.3405,<LOD,0.0000,0.0000,10079.2949 , 77.7436,4.8899,<LOD,2.7935,5.7162,<LOD,0.5829,0.2638,382227.4688 , 629.1097,52.6960,<LOD,3.2072,4.5487,2.8703 , 0.2310,1.1074,<LOD,0.0000,0.0000,4.1052 , 0.5346,0.4620,9458.3867 , 36.5543,46.3150,<LOD,1.2225,0.5475,111.7179 , 9.3939,6.7531,<LOD,4.9724,0.2661,4.9942 , 0.4440,2.7044,<LOD,2.0780,0.4018,174.7646 , 1.0329,25.1166,7,422.100006,39.002472,-122.662590,10.000000,529216.062500,4317105.000000,
407,Mining,120.15,30.00,30.05,30.08,30.02,"Thu Apr 9, 2026 - 10:50:47",User,1.5,ppm,,,,,,Mining,,<LOD,1.0903,0.9048,34495.1797 , 780.8605,0.8741,<LOD,1.3969,0.3448,<LOD,2.1453,0.1108,178.3746 , 15.1985,20.7503,536174.5000 , 2791.3865,<LOD,0.9494,0.1486,448.2859 , 22.2739,0.9960,<LOD,1.7358,1.8519,<LOD,32.8354,0.6218,<LOD,10.2329,0.6966,30.2572 , 2.9465,2.0335,<LOD,2.9397,0.3380,836.9326 , 20.9309,3.1984,<LOD,0.0000,0.0000,20.8979 , 1.8786,0.5494,442.3851 , 25.5492,0.6683,11365.5449 , 2262.1919,0.0634,115.0979 , 16.9831,0.7291,<LOD,0.8034,6.8020,4.3580 , 0.4393,4.2217,<LOD,5.4164,0.4642,319.8163 , 88.6579,0.1613,<LOD,0.9544,0.3254,<LOD,1.0140,0.7008,20.0363 , 0.6953,1.6992,<LOD,0.0000,0.0000,20409.8555 , 113.1192,8.5238,<LOD,3.2167,5.5163,<LOD,0.5828,0.2115,387801.1562 , 655.6707,47.4667,<LOD,4.2924,4.4490,3.9969 , 0.2555,1.0942,<LOD,0.0000,0.0000,2.7965 , 0.5374,0.3608,7076.4727 , 31.9890,29.9489,<LOD,0.9348,0.4713,81.8495 , 8.4579,4.3702,<LOD,5.0268,0.2177,7.3965 , 0.4744,2.5253,24.3598 , 1.9385,0.6408,140.4745 , 0.9731,18.1897,4,419.899994,39.002533,-122.662628,10.000000,529212.625000,4317112.000000,
408,Mining,120.66,30.16,30.17,30.22,30.11,"Thu Apr 9, 2026 - 10:53:22",User,1.5,ppm,,,,,,Mining,,<LOD,0.9213,0.8784,33145.2500 , 680.4879,0.8404,1.4175 , 0.6866,0.4233,<LOD,2.1085,0.1375,140.5553 , 12.6340,19.4005,592316.0000 , 2358.9084,<LOD,0.8891,0.1666,536.6555 , 22.2422,1.2340,<LOD,1.4587,1.7795,<LOD,30.4767,0.6646,<LOD,9.4856,0.7664,32.5004 , 2.8514,2.3719,<LOD,2.8225,0.3983,786.1929 , 19.1278,3.4061,<LOD,0.0000,0.0000,11.6757 , 1.5888,0.4888,712.3522 , 26.5331,0.9240,8978.3096 , 1965.1240,0.0585,101.5724 , 15.5811,0.7809,<LOD,0.7642,7.9213,5.4624 , 0.4198,4.9595,<LOD,4.9307,0.4903,296.6413 , 80.4222,0.1625,<LOD,0.8981,0.3681,<LOD,0.8207,0.6194,22.8835 , 0.6797,2.1225,<LOD,0.0000,0.0000,15853.5088 , 95.2709,7.4885,<LOD,2.6996,5.3069,<LOD,0.5555,0.2424,339412.9688 , 601.3989,44.4704,<LOD,2.1639,4.0854,3.6181 , 0.2348,1.1832,<LOD,0.0000,0.0000,2.9774 , 0.5088,0.4180,7364.1895 , 31.0635,35.2014,<LOD,0.8514,0.5033,91.1968 , 8.2412,5.1852,<LOD,4.7901,0.2531,7.8456 , 0.4542,2.9604,20.8054 , 1.7465,0.6642,155.4460 , 0.9560,22.4295,6,415.600006,39.002514,-122.662590,10.000000,529216.187500,4317109.500000,
409,Mining,120.32,30.08,30.13,30.01,29.50,"Thu Apr 9, 2026 - 10:56:05",User,1.5,ppm,,,,,,Mining,,<LOD,0.9764,0.9100,32638.9785 , 738.5346,0.8333,1.2015 , 0.6876,0.3894,<LOD,2.2620,0.1456,220.2650 , 13.8195,22.1248,567336.1875 , 2727.0686,<LOD,0.9418,0.1715,359.4319 , 19.6285,0.9014,<LOD,1.5760,1.9249,<LOD,31.9839,0.6466,<LOD,9.6431,0.7287,26.7348 , 2.8109,2.1983,<LOD,2.9621,0.4024,728.4411 , 19.0833,3.0995,<LOD,0.0000,0.0000,12.3326 , 1.6257,0.5226,481.3945 , 24.3393,0.7206,18075.5312 , 2346.0645,0.0753,132.2498 , 16.6040,0.8154,<LOD,0.7799,7.5309,4.7096 , 0.4250,4.6386,<LOD,5.1210,0.4882,267.9829 , 86.0943,0.1644,<LOD,0.8987,0.3368,<LOD,0.9006,0.6923,22.1111 , 0.6922,2.0026,<LOD,0.0000,0.0000,19842.0176 , 111.1411,8.9310,<LOD,3.5600,5.7906,<LOD,0.5851,0.2532,353186.3438 , 655.4690,45.1104,6.6368 , 1.5737,4.5927,4.1209 , 0.2452,1.1849,<LOD,0.0000,0.0000,3.1606 , 0.5333,0.4173,6394.7485 , 29.6563,29.3256,<LOD,0.8881,0.5039,88.8045 , 7.8251,4.4150,<LOD,0.0000,0.2510,7.4963 , 0.4602,2.7835,11.3517 , 1.6366,0.5417,147.8092 , 0.9629,20.6265,6,417.299988,39.002480,-122.662575,10.000000,529217.500000,4317106.000000,
410,Mining,120.39,30.08,30.09,30.14,28.88,"Thu Apr 9, 2026 - 10:58:46",User,1.5,ppm,,,,,,Mining,,<LOD,0.9877,0.9723,36049.9609 , 709.6838,0.9179,<LOD,1.1518,0.4547,<LOD,2.2264,0.1428,183.5789 , 13.6966,22.2360,527879.4375 , 2415.6985,<LOD,0.9932,0.1938,517.4200 , 21.8951,1.2100,<LOD,1.5383,1.8904,<LOD,30.2917,0.6346,<LOD,10.7844,0.9204,28.3198 , 2.8007,2.2959,<LOD,2.8343,0.3751,1100.0358 , 22.4781,4.4234,<LOD,0.0000,0.0000,5.0756 , 1.4808,0.3903,823.2713 , 27.0848,1.0193,4407.8081 , 1814.9254,0.0481,<LOD,17.5255,0.4007,<LOD,0.8022,8.0817,6.0360 , 0.4302,4.8285,<LOD,4.2335,0.3274,271.4614 , 77.8639,0.1513,5.5326 , 0.7247,0.4430,<LOD,0.9012,0.7223,28.9074 , 0.7692,2.5866,<LOD,0.0000,0.0000,8709.7188 , 72.8683,4.2041,<LOD,2.9096,5.9482,<LOD,0.6006,0.2685,411818.0312 , 625.1399,57.5429,<LOD,3.9172,4.6918,1.9157 , 0.2224,0.9869,<LOD,0.0000,0.0000,3.0381 , 0.5616,0.4682,7895.6299 , 31.7276,37.7116,<LOD,0.8861,0.5118,99.5731 , 8.4266,5.5242,<LOD,4.6677,0.2254,1.4401 , 0.4271,2.3627,<LOD,1.7622,0.2769,163.7926 , 1.0113,23.4028,7,417.100006,39.002483,-122.662689,10.000000,529207.437500,4317106.500000,
411,Mining,122.91,32.59,30.10,30.12,30.10,"Thu Apr 9, 2026 - 11:14:17",User,1.5,ppm,,,,,,Mining,,<LOD,0.9772,0.9405,37251.4023 , 736.5986,0.9447,<LOD,1.2382,0.4930,<LOD,2.1072,0.1262,205.7676 , 13.8133,22.6051,517596.1250 , 2470.4009,<LOD,0.9909,0.1912,524.6264 , 22.1790,1.2194,<LOD,1.5329,1.8540,<LOD,31.1602,0.6368,<LOD,11.4692,1.0330,27.2901 , 2.7889,2.2684,<LOD,2.9239,0.3959,1292.3439 , 24.0002,5.0080,<LOD,0.0000,0.0000,6.1003 , 1.5043,0.3997,629.1400 , 25.3413,0.8549,3546.9033 , 1847.2292,0.0475,<LOD,18.4252,0.4417,<LOD,0.8068,8.1104,6.4583 , 0.4317,4.8160,<LOD,4.3990,0.3507,284.9213 , 79.6148,0.1502,10.7234 , 0.8168,0.5609,<LOD,0.9140,0.7375,28.9446 , 0.7714,2.5648,<LOD,0.0000,0.0000,10492.8457 , 80.8195,4.9187,<LOD,2.9025,5.8273,<LOD,0.5935,0.2639,421114.3750 , 637.1115,58.2579,4.2011 , 1.5710,4.6981,2.1126 , 0.2240,0.9925,<LOD,0.0000,0.0000,3.4685 , 0.5699,0.4855,6725.9580 , 29.3954,31.6145,<LOD,1.4020,0.5359,75.5139 , 7.8139,4.6193,<LOD,4.7549,0.2318,1.9128 , 0.4321,2.3979,<LOD,1.8344,0.2977,168.8618 , 1.0222,23.6237,7,423.299988,39.002399,-122.662628,10.000000,529212.812500,4317097.000000,
412,Mining,123.02,32.67,30.23,30.10,30.02,"Thu Apr 9, 2026 - 11:17:05",User,1.5,ppm,,,,,,Mining,,<LOD,0.9833,0.9375,38289.4570 , 721.8251,0.9653,<LOD,1.2154,0.4817,<LOD,2.0689,0.1190,242.1768 , 14.0162,23.3290,516785.1875 , 2509.8164,<LOD,0.9417,0.1692,404.4066 , 20.8807,1.0516,<LOD,1.5596,1.8991,<LOD,29.7286,0.6369,<LOD,12.3972,1.1810,31.7765 , 2.8534,2.3330,<LOD,2.9290,0.3901,1583.5819 , 26.6570,6.0851,<LOD,0.0000,0.0000,5.6344 , 1.5410,0.4082,999.4534 , 29.0612,1.1670,8404.7227 , 1897.8815,0.0550,<LOD,18.8029,0.4538,<LOD,0.8078,7.9344,5.3660 , 0.4317,4.7056,<LOD,4.1889,0.3070,263.2489 , 77.3257,0.1550,7.1802 , 0.7643,0.4802,<LOD,0.9237,0.7422,30.6814 , 0.7957,2.6989,<LOD,0.0000,0.0000,8645.0928 , 71.2095,4.1741,<LOD,2.9360,5.9057,<LOD,0.5932,0.2593,415770.1562 , 629.6776,58.3078,5.4049 , 1.5826,4.7071,2.9367 , 0.2364,1.0843,<LOD,0.0000,0.0000,3.4302 , 0.5532,0.4576,8264.0293 , 33.1539,39.5420,<LOD,0.9025,0.5150,88.9123 , 8.6357,5.6832,<LOD,5.0222,0.2547,2.0819 , 0.4417,2.4549,<LOD,1.7662,0.2701,165.0825 , 1.0295,23.4561,7,419.899994,39.002289,-122.662430,10.000000,529230.000000,4317085.000000,
413,Mining,120.50,30.09,30.29,30.06,28.57,"Thu Apr 9, 2026 - 11:20:05",User,1.5,ppm,,,,,,Mining,,<LOD,0.9554,0.9941,45487.3320 , 806.0502,1.1061,<LOD,1.8692,0.4706,<LOD,2.1862,0.1410,166.7157 , 13.0640,21.9453,535182.3125 , 2592.6396,<LOD,0.9547,0.1833,419.5799 , 20.6862,1.0967,<LOD,1.5012,1.9801,<LOD,30.2176,0.6077,<LOD,9.8827,0.7963,28.4489 , 2.8394,2.4362,<LOD,2.9229,0.4086,788.8640 , 19.8028,3.4904,<LOD,0.0000,0.0000,6.7539 , 1.5103,0.4689,1105.9258 , 29.4896,1.2821,10541.1816 , 2029.7505,0.0588,<LOD,28.3732,0.5916,<LOD,0.8115,8.4673,6.1139 , 0.4367,5.0833,<LOD,4.5741,0.4000,357.3446 , 82.9278,0.1689,3.6404 , 0.6902,0.4109,<LOD,0.8619,0.7202,32.1527 , 0.8103,2.9438,<LOD,0.0000,0.0000,10025.0752 , 80.7659,4.9772,<LOD,2.7827,5.9313,<LOD,0.5936,0.2768,386929.3750 , 666.0803,54.7762,<LOD,2.2306,4.5656,3.8186 , 0.2445,1.2247,<LOD,0.0000,0.0000,3.3322 , 0.5529,0.4763,8641.9092 , 34.2868,42.8157,<LOD,1.3277,0.5696,99.7031 , 8.7309,6.1994,<LOD,0.0000,0.2552,5.1451 , 0.4663,2.9140,<LOD,2.0915,0.4079,165.2547 , 1.0293,24.4575,5,422.899994,39.002426,-122.662529,10.000000,529221.000000,4317100.000000,
414,Mining,120.35,30.10,30.09,30.09,30.07,"Thu Apr 9, 2026 - 11:23:01",User,1.5,ppm,,,,,,Mining,,<LOD,0.9546,0.9222,42452.2031 , 745.5490,1.0349,1.4555 , 0.7924,0.4926,<LOD,2.4045,0.1600,171.3391 , 13.3784,21.5050,554188.5625 , 2503.5889,<LOD,0.9946,0.1856,501.0840 , 21.9495,1.1957,<LOD,1.5011,1.8295,<LOD,29.2413,0.6196,<LOD,10.1467,0.7789,27.4895 , 2.7960,2.2627,<LOD,3.0244,0.4080,853.1755 , 20.7959,3.5973,<LOD,0.0000,0.0000,11.0925 , 1.6597,0.5285,1007.5947 , 28.7667,1.1691,7930.8369 , 1862.2598,0.0534,22.0793 , 14.7692,0.6196,<LOD,0.8380,8.4033,6.6529 , 0.4501,5.0266,<LOD,4.6523,0.3850,314.7441 , 78.5895,0.1634,3.5148 , 0.7047,0.3993,<LOD,0.8893,0.7169,35.8439 , 0.8628,3.1240,<LOD,0.0000,0.0000,9891.5879 , 75.3000,4.7205,<LOD,2.8300,5.6890,<LOD,0.6123,0.2670,374094.1250 , 608.9503,50.2031,<LOD,3.5850,4.5568,2.9416 , 0.2417,1.1144,<LOD,0.0000,0.0000,3.4286 , 0.5737,0.4767,8214.1094 , 32.5206,39.0230,<LOD,1.5732,0.5883,89.8948 , 8.5148,5.6168,<LOD,0.0000,0.2571,4.6295 , 0.4784,2.8444,<LOD,2.0866,0.3784,171.6359 , 1.0560,24.3410,6,422.000000,39.002480,-122.662659,10.000000,529210.312500,4317106.000000,
415,Mining,120.35,30.12,30.05,30.01,30.17,"Thu Apr 9, 2026 - 11:25:46",User,1.5,ppm,,,,,,Mining,,<LOD,0.9951,1.0036,44694.0430 , 750.8168,1.0823,1.0970 , 0.8258,0.5151,<LOD,2.5684,0.1785,182.1064 , 13.7280,22.6338,550448.1250 , 2524.8945,<LOD,1.0629,0.2075,475.6238 , 22.1434,1.1717,<LOD,1.5476,1.9468,<LOD,29.8792,0.6702,<LOD,10.7399,0.8520,27.8380 , 2.8484,2.2862,<LOD,3.0814,0.4141,974.0657 , 22.3220,4.0633,<LOD,0.0000,0.0000,28.6192 , 2.0659,0.8041,1080.2533 , 29.9394,1.2339,8655.6855 , 1850.9935,0.0547,17.8165 , 14.8653,0.6148,<LOD,0.8589,8.6322,7.7057 , 0.4647,5.2436,<LOD,4.9010,0.4189,311.7672 , 77.5537,0.1646,4.9626 , 0.7469,0.4395,<LOD,0.9361,0.7962,32.8394 , 0.8531,2.9394,<LOD,0.0000,0.0000,9358.2588 , 72.6587,4.5334,<LOD,2.9113,6.0364,<LOD,0.6440,0.2871,375455.0625 , 607.5823,51.0945,5.3363 , 1.5751,4.8501,3.4467 , 0.2550,1.2105,<LOD,0.0000,0.0000,2.0018 , 0.5803,0.4498,7961.7031 , 32.7150,38.4069,<LOD,1.4444,0.6350,89.9739 , 8.6045,5.5613,<LOD,0.0000,0.2861,5.7770 , 0.4921,2.9592,<LOD,3.5755,0.4588,175.8585 , 1.0867,25.1871,7,422.200012,39.002316,-122.662453,10.000000,529228.000000,4317087.500000,
416,Mining,122.86,32.54,30.17,30.10,30.05,"Thu Apr 9, 2026 - 11:32:52",User,1.5,ppm,,,,,,Mining,,<LOD,1.3734,0.7368,132092.1875 , 1834.1050,2.8411,3.3241 , 1.1165,0.4763,<LOD,2.9418,0.1139,607.5989 , 21.2157,22.5846,450915.7812 , 4836.1821,<LOD,1.3518,0.1660,527.5677 , 51.4441,1.5311,<LOD,2.1067,1.3663,<LOD,32.2811,0.5300,<LOD,53.0556,13.9798,106.6023 , 5.5208,3.6723,24.2549 , 3.0940,0.4828,32967.4688 , 145.7037,89.8924,<LOD,0.0000,0.0000,11.3469 , 2.0791,0.3532,15825.9775 , 138.6672,10.7533,30509.2949 , 3050.0161,0.0905,313.6706 , 24.0166,1.1534,<LOD,0.9966,5.2791,6.5988 , 0.5548,3.3989,<LOD,8.1950,0.4291,679.3976 , 102.8278,0.2175,7.6013 , 0.9989,0.3847,<LOD,1.2947,0.5907,59.6669 , 1.2791,3.2598,<LOD,0.0000,0.0000,8522.9795 , 75.4969,3.3929,<LOD,4.0879,4.4686,<LOD,0.8249,0.2356,323292.3750 , 715.4062,33.6777,11.5658 , 2.2416,3.8148,29.2506 , 0.5281,2.4902,<LOD,0.0000,0.0000,6.9546 , 0.8103,0.4622,3173.9883 , 34.8838,13.0658,2.9551 , 0.8584,0.4870,124.6741 , 10.0713,2.7419,<LOD,6.9189,0.2328,5.9085 , 0.6328,2.2867,41.6708 , 2.6397,0.6709,129.3266 , 1.1501,12.7997,6,413.399994,39.002430,-122.662567,10.000000,529218.250000,4317100.500000,
417,Mining,120.63,30.28,30.12,30.11,29.48,"Thu Apr 9, 2026 - 11:35:34",User,1.5,ppm,,,,,,Mining,,<LOD,1.3360,0.7330,118572.8906 , 1849.4263,2.5660,<LOD,2.1733,0.4066,<LOD,2.9574,0.1200,627.6318 , 20.8093,22.9332,455101.5938 , 4851.3716,<LOD,1.3464,0.1708,378.8451 , 45.9747,1.2235,<LOD,2.0591,1.3737,<LOD,34.1812,0.5145,<LOD,50.3474,12.7431,95.2848 , 5.2470,3.3865,19.8707 , 2.9455,0.4523,30596.0078 , 137.1609,81.6993,<LOD,0.0000,0.0000,9.5279 , 1.9919,0.3339,13454.7139 , 126.0736,8.9488,27659.9004 , 3182.4583,0.0861,249.4457 , 22.4311,1.0150,<LOD,0.9880,5.4269,5.6017 , 0.5336,3.2731,<LOD,7.8719,0.4171,644.9223 , 106.8549,0.2029,8.6007 , 0.9843,0.3883,<LOD,1.2736,0.6020,51.6524 , 1.1723,2.8368,<LOD,0.0000,0.0000,12174.2988 , 94.6757,4.6047,<LOD,3.9972,4.5000,<LOD,0.7922,0.2209,337152.6250 , 748.7349,34.7386,10.1775 , 2.1861,3.8171,24.3312 , 0.4809,2.1500,<LOD,0.0000,0.0000,4.5024 , 0.7652,0.4066,2844.7896 , 32.2421,11.4049,2.0222 , 0.8095,0.4493,113.9167 , 9.3781,2.4261,<LOD,6.7365,0.2285,4.9854 , 0.5975,2.1258,40.7068 , 2.5688,0.6575,151.1286 , 1.2058,14.4143,6,421.399994,39.002426,-122.662529,10.000000,529221.437500,4317100.000000,
418,Mining,120.30,30.03,30.13,30.06,29.47,"Thu Apr 9, 2026 - 11:38:25",User,1.5,ppm,,,,,,Mining,,<LOD,1.3042,0.7406,114924.2422 , 1732.5922,2.4964,<LOD,2.2812,0.3847,<LOD,2.9880,0.1259,514.4835 , 19.6825,21.4396,455543.2812 , 4617.8247,<LOD,1.2787,0.1584,251.8911 , 41.8516,1.0487,<LOD,2.0276,1.4241,<LOD,33.4636,0.5294,<LOD,49.7364,12.5993,130.6592 , 5.3588,3.8728,23.0577 , 3.0093,0.4854,28977.5977 , 133.6036,80.3709,<LOD,0.0000,0.0000,16.6009 , 2.1424,0.4108,12342.3438 , 118.7174,8.5092,28602.5352 , 3097.1206,0.0885,236.2116 , 22.5242,1.0324,<LOD,1.0028,5.9118,5.9035 , 0.5302,3.4258,<LOD,7.7560,0.4172,438.8586 , 97.1918,0.1725,5.3257 , 0.9231,0.3504,<LOD,1.2005,0.5635,49.3951 , 1.1532,2.8310,<LOD,0.0000,0.0000,11704.3164 , 91.4788,4.5933,<LOD,3.8596,4.4589,<LOD,0.8149,0.2439,342951.6562 , 747.9827,36.7227,10.5798 , 2.1102,3.7585,16.9012 , 0.4265,1.7470,<LOD,0.0000,0.0000,5.2021 , 0.7483,0.4130,2920.8567 , 31.2169,11.9529,<LOD,1.6971,0.4463,107.8539 , 9.0782,2.4694,<LOD,6.4335,0.2138,5.3534 , 0.5995,2.2147,33.0108 , 2.4501,0.6147,181.9007 , 1.3234,17.6378,6,424.399994,39.002510,-122.662521,10.000000,529221.562500,4317109.500000,
419,Mining,120.47,30.24,30.03,30.08,30.12,"Thu Apr 9, 2026 - 11:41:26",User,1.5,ppm,,,,,,Mining,,<LOD,1.2306,0.7758,119812.5469 , 1609.3888,2.5968,<LOD,1.8048,0.5919,<LOD,2.8148,0.1271,453.0270 , 18.3647,21.7285,462252.4375 , 4264.5186,<LOD,1.2060,0.1598,340.9214 , 41.4570,1.2306,<LOD,1.8898,1.4474,<LOD,31.9685,0.5568,<LOD,45.8749,11.7878,128.6433 , 4.9094,3.8260,20.8628 , 2.8488,0.4920,25710.7109 , 121.0108,74.5888,<LOD,0.0000,0.0000,8.9996 , 1.8851,0.3513,13048.3604 , 115.3681,9.3264,28255.0645 , 2845.6313,0.0877,209.4337 , 21.1294,0.9965,<LOD,0.9154,5.5851,4.8119 , 0.5005,3.4755,<LOD,7.2308,0.4177,540.4765 , 96.7258,0.1996,23.8004 , 1.2032,0.6839,<LOD,1.1201,0.5758,49.5081 , 1.1092,2.9972,<LOD,0.0000,0.0000,10531.8662 , 82.8956,4.3284,<LOD,3.6439,4.6885,<LOD,0.7611,0.2400,336223.6250 , 717.0468,37.2616,10.2138 , 1.9928,3.9438,31.9564 , 0.5195,2.9361,<LOD,0.0000,0.0000,5.1544 , 0.7266,0.4528,2076.1653 , 26.1263,9.1045,<LOD,1.1132,0.4422,101.4048 , 7.7697,2.1058,<LOD,6.2125,0.2261,4.5987 , 0.5762,2.3209,33.1795 , 2.3537,0.6423,122.2009 , 1.0649,13.5140,8,423.200012,39.002480,-122.662567,10.000000,529218.125000,4317106.000000,
420,Mining,120.46,30.26,30.03,30.06,30.11,"Thu Apr 9, 2026 - 11:44:13",User,1.5,ppm,,,,,,Mining,,<LOD,1.0798,0.8361,108247.6406 , 1361.1979,2.3719,<LOD,1.1254,0.2905,<LOD,2.5089,0.1341,431.1405 , 16.1184,24.0165,479358.0312 , 3586.7971,<LOD,1.0402,0.1578,1593.6824 , 43.5507,2.9928,<LOD,1.6667,1.5818,<LOD,31.0444,0.5499,<LOD,28.1217,4.9718,62.1026 , 3.3920,2.7687,16.2158 , 2.5236,0.5041,9819.1621 , 68.0452,30.7814,<LOD,0.0000,0.0000,6.7360 , 1.6503,0.3592,9539.4805 , 82.2355,7.2769,19066.7520 , 2455.2961,0.0744,<LOD,25.2994,0.5638,<LOD,0.8358,6.2078,4.8431 , 0.4673,4.0207,<LOD,5.3669,0.3443,326.4743 , 84.2638,0.1509,4.2898 , 0.7716,0.3705,<LOD,1.0268,0.6806,42.4658 , 0.9820,3.1094,<LOD,0.0000,0.0000,13761.4453 , 94.7519,5.9102,<LOD,3.2214,5.2125,<LOD,0.6819,0.2577,355236.6875 , 714.6807,42.6473,7.4142 , 1.7443,4.2493,43.6203 , 0.5494,4.4075,<LOD,0.0000,0.0000,4.3233 , 0.6210,0.4438,2243.1887 , 21.0122,10.0816,2.2862 , 0.7248,0.5704,66.5703 , 5.9829,1.9670,<LOD,5.2915,0.2158,3.9220 , 0.5062,2.4250,8.0479 , 1.7195,0.4478,103.4873 , 0.9236,13.9984,6,426.700012,39.002438,-122.662407,10.000000,529232.000000,4317101.500000,
421,Mining,120.51,30.00,30.29,30.06,28.66,"Thu Apr 9, 2026 - 11:47:10",User,1.5,ppm,,,,,,Mining,,<LOD,1.1315,0.8481,108821.6094 , 1446.0759,2.3861,<LOD,1.1661,0.3097,<LOD,2.5690,0.1371,443.0947 , 16.7692,23.9214,469280.3125 , 3715.5093,<LOD,1.0965,0.1703,1346.0311 , 43.2478,2.6151,<LOD,1.7501,1.6159,<LOD,32.5844,0.5287,<LOD,28.9399,5.1505,62.1047 , 3.5582,2.8115,21.3688 , 2.6394,0.5361,10437.5244 , 70.3143,31.8226,<LOD,0.0000,0.0000,3.4115 , 1.6095,0.3226,11057.3340 , 90.1463,8.1874,14354.2471 , 2508.8540,0.0669,40.4782 , 16.1596,0.6284,<LOD,0.8431,6.1183,5.3211 , 0.4709,3.9512,<LOD,5.5640,0.3608,355.3299 , 89.2462,0.1493,4.9163 , 0.7869,0.3743,<LOD,1.0418,0.6439,49.3586 , 1.0404,3.4222,<LOD,0.0000,0.0000,14607.9199 , 102.8283,6.1238,<LOD,3.3276,5.0878,<LOD,0.6684,0.2341,366176.5000 , 745.5756,43.4707,8.2857 , 1.8163,4.2534,45.2379 , 0.5583,4.4050,<LOD,0.0000,0.0000,4.2839 , 0.6444,0.4568,2702.0178 , 23.7208,11.8830,1.5246 , 0.7156,0.5391,66.5356 , 6.5765,2.2038,<LOD,5.6229,0.2372,4.0156 , 0.5197,2.4652,8.5158 , 1.7448,0.4478,92.7244 , 0.8850,12.4717,6,426.100006,39.002449,-122.662552,10.000000,529219.437500,4317102.500000,
422,Mining,120.50,30.27,30.02,30.02,29.59,"Thu Apr 9, 2026 - 11:50:15",User,1.5,ppm,,,,,,Mining,,<LOD,1.3057,0.7581,99381.0391 , 1643.0071,2.1770,<LOD,1.3128,0.2703,<LOD,2.7834,0.1107,446.2777 , 19.4791,21.1388,467105.5625 , 4512.8037,<LOD,1.2086,0.1433,2436.7156 , 58.5506,3.6497,<LOD,2.0429,1.4788,<LOD,34.9773,0.5306,<LOD,43.6884,9.1492,83.8225 , 4.3738,2.9790,9.0272 , 2.6985,0.3911,21821.2246 , 109.8270,58.0024,<LOD,0.0000,0.0000,<LOD,2.5116,0.2271,9335.4209 , 94.6397,6.1983,23810.3438 , 3006.5110,0.0790,235.5465 , 22.2870,0.9499,<LOD,0.8883,4.6605,3.2547 , 0.5011,3.1168,<LOD,7.2837,0.3960,604.9277 , 107.9707,0.1990,5.0988 , 0.8938,0.3331,<LOD,1.1972,0.5715,34.5170 , 0.9829,2.0706,<LOD,0.0000,0.0000,9459.9375 , 84.1822,3.5817,<LOD,3.8707,4.5770,<LOD,0.7906,0.2347,363427.7812 , 748.4000,37.5686,8.4906 , 2.1200,3.8734,32.5393 , 0.5326,2.7711,<LOD,0.0000,0.0000,5.5376 , 0.7187,0.3942,1582.6326 , 22.7277,6.4626,<LOD,1.6612,0.4009,74.0193 , 6.7030,1.5411,<LOD,6.7794,0.2403,2.4250 , 0.5296,1.7639,34.8739 , 2.4536,0.6199,58.9959 , 0.8113,7.2693,6,424.799988,39.002392,-122.662636,10.000000,529212.250000,4317096.000000,
423,Mining,120.28,30.09,30.05,30.08,30.06,"Thu Apr 9, 2026 - 11:53:04",User,1.5,ppm,,,,,,Mining,,<LOD,1.2935,0.7831,116817.2656 , 1651.2267,2.5453,<LOD,1.2813,0.2847,<LOD,2.8637,0.1272,391.6588 , 19.0486,20.9449,427242.2812 , 4435.4473,<LOD,1.2260,0.1601,907.1197 , 47.8097,1.8623,<LOD,2.0397,1.5589,<LOD,34.3085,0.5709,<LOD,44.4571,10.4595,116.1870 , 5.1485,3.7368,8.3354 , 2.6152,0.3992,23570.6406 , 116.7335,66.4136,<LOD,0.0000,0.0000,<LOD,4.0860,0.2691,10046.3398 , 106.3339,7.0467,24398.4727 , 2887.0671,0.0817,266.9639 , 22.3775,1.0580,<LOD,0.8965,5.1687,4.7913 , 0.5008,3.3729,<LOD,7.3525,0.4350,747.1186 , 106.9852,0.2238,4.1643 , 0.8604,0.3340,<LOD,1.1973,0.6025,42.0801 , 1.0484,2.5721,<LOD,0.0000,0.0000,8434.5332 , 77.9742,3.4075,<LOD,3.8356,4.7483,<LOD,0.8016,0.2618,384333.1250 , 775.0588,42.9464,5.5081 , 2.0812,3.9006,36.1923 , 0.5484,3.1657,<LOD,0.0000,0.0000,5.0637 , 0.7160,0.4167,2408.5503 , 28.3694,10.0300,<LOD,1.7287,0.4370,90.5722 , 8.2845,2.1384,<LOD,6.3880,0.2309,3.9446 , 0.5480,2.0418,39.6167 , 2.4703,0.6831,79.4878 , 0.8965,9.4751,6,420.899994,39.002346,-122.662605,10.000000,529214.437500,4317091.000000,
424,Mining,123.02,32.79,30.02,30.07,30.14,"Thu Apr 9, 2026 - 11:56:10",User,1.5,ppm,,,,,,Mining,,<LOD,1.3343,0.7273,114718.6953 , 1757.3337,2.4866,4.6965 , 1.1885,0.5605,<LOD,3.1025,0.1312,588.8162 , 20.3621,21.7733,446974.6250 , 4769.1592,<LOD,1.3607,0.1726,590.8265 , 48.5450,1.4492,<LOD,2.0288,1.3237,<LOD,32.9313,0.5231,<LOD,50.1335,12.4421,132.5832 , 5.5829,3.7630,23.0497 , 3.0173,0.4700,30018.3887 , 133.8542,79.5666,<LOD,0.0000,0.0000,4.1986 , 1.9169,0.2949,13144.6699 , 125.3432,8.7023,30839.1172 , 3099.9158,0.0898,276.0811 , 23.0407,1.0546,<LOD,1.1471,5.7617,8.0442 , 0.5427,3.4569,<LOD,7.9187,0.4225,627.3699 , 99.7894,0.1930,11.8888 , 1.0489,0.4375,<LOD,1.2405,0.5655,54.8379 , 1.1991,2.9634,<LOD,0.0000,0.0000,8973.9385 , 78.1869,3.4376,<LOD,3.9521,4.3899,<LOD,0.8090,0.2245,349083.5938 , 728.2034,36.0085,13.0781 , 2.1642,3.7238,25.3741 , 0.4890,2.2023,<LOD,0.0000,0.0000,5.0956 , 0.7816,0.4245,3539.4502 , 35.0936,13.8540,<LOD,1.8875,0.4236,119.9675 , 10.0829,2.7468,<LOD,7.1361,0.2547,4.6893 , 0.6046,2.1497,35.9404 , 2.5027,0.6175,180.9762 , 1.3149,16.7896,6,420.299988,39.002403,-122.662628,10.000000,529212.500000,4317097.500000,
425,Mining,120.51,30.23,30.13,30.09,29.45,"Thu Apr 9, 2026 - 11:58:56",User,1.5,ppm,,,,,,Mining,,<LOD,1.2282,0.7247,127257.8516 , 1767.7396,2.7455,3.9234 , 1.0537,0.5082,<LOD,2.8437,0.1259,543.8350 , 18.9461,22.2206,467981.9375 , 4474.9473,<LOD,1.2491,0.1664,652.5441 , 47.8860,1.6574,<LOD,1.9053,1.3816,<LOD,33.6900,0.5604,<LOD,47.9322,12.8362,111.1120 , 5.1414,3.7243,20.5966 , 2.8569,0.4809,28568.0938 , 131.6714,81.9078,<LOD,0.0000,0.0000,7.2059 , 1.8298,0.3182,13787.5762 , 123.6831,9.8111,28151.4434 , 3018.5706,0.0875,276.2864 , 22.2779,1.1119,<LOD,0.9194,5.4663,5.4294 , 0.5059,3.4420,<LOD,7.5857,0.4457,720.9853 , 108.7701,0.2361,6.9536 , 0.9189,0.3828,<LOD,1.1461,0.5682,53.6415 , 1.1503,3.1266,<LOD,0.0000,0.0000,8885.4375 , 79.9342,3.6758,<LOD,3.6605,4.4122,<LOD,0.7559,0.2276,319304.5000 , 737.8081,34.6563,9.3134 , 2.0069,3.7582,23.1371 , 0.4597,2.2277,<LOD,0.0000,0.0000,5.4044 , 0.7337,0.4382,3350.6597 , 32.9517,14.1634,<LOD,1.1036,0.4208,117.6231 , 9.4563,2.8356,<LOD,6.1804,0.2168,3.4203 , 0.5676,2.1654,37.6402 , 2.4320,0.6663,113.4382 , 1.0335,12.2507,7,418.000000,39.002335,-122.662544,10.000000,529220.187500,4317090.000000,
426,Mining,122.95,32.57,30.24,30.05,30.09,"Thu Apr 9, 2026 - 12:19:33",User,1.5,ppm,,,,,,Mining,,<LOD,1.3166,0.6762,110099.2109 , 1827.5566,2.4017,<LOD,1.5601,0.3649,<LOD,2.8995,0.1152,479.6205 , 19.4666,18.9302,465936.8438 , 4588.5576,<LOD,1.2119,0.1380,17952.3359 , 145.6756,23.1003,<LOD,2.0203,1.2652,<LOD,47.3850,0.9456,<LOD,39.3473,6.8066,63.7726 , 4.3985,2.5833,<LOD,5.2436,0.3265,16973.2031 , 97.4430,42.2348,<LOD,0.0000,0.0000,<LOD,2.5498,0.2315,29329.3379 , 163.3082,18.8649,18716.6660 , 3074.2432,0.0716,235.6301 , 22.2219,0.8697,<LOD,0.9792,5.1694,7.2178 , 0.5680,3.6151,<LOD,6.4790,0.3029,729.5322 , 119.6167,0.2348,11.6870 , 1.0656,0.4546,<LOD,1.1347,0.4455,113.6379 , 1.6940,5.9102,<LOD,0.0000,0.0000,672.3390 , 34.0132,0.5120,<LOD,3.8307,3.9314,<LOD,0.7906,0.2215,335270.1562 , 744.4166,34.2163,14.6797 , 2.1170,3.4066,318.2739 , 1.6190,21.1882,<LOD,0.0000,0.0000,11.9524 , 0.8637,0.6174,2809.3970 , 29.0383,10.3993,6.0444 , 1.0828,0.8244,69.8213 , 8.0398,1.9707,<LOD,6.4302,0.2082,17.7733 , 0.7981,3.7935,28.0129 , 2.3260,0.5370,132.8614 , 1.2830,16.5109,7,416.799988,39.002998,-122.661369,10.000000,529321.375000,4317164.000000,
427,Mining,120.50,30.09,30.21,30.08,30.12,"Thu Apr 9, 2026 - 12:24:32",User,1.5,ppm,,,,,,Mining,,<LOD,1.3220,0.7088,120550.7812 , 1888.7135,2.6233,<LOD,1.5737,0.3929,<LOD,2.9351,0.1203,534.0229 , 19.7536,20.4076,422690.9688 , 4818.9229,<LOD,1.2691,0.1545,18151.2910 , 148.3446,23.9229,<LOD,1.9955,1.2737,<LOD,46.6395,0.9480,<LOD,39.6896,7.0770,68.0390 , 4.3841,2.6495,5.8258 , 2.5705,0.3495,17084.8926 , 101.4285,43.4741,<LOD,0.0000,0.0000,<LOD,2.4605,0.2176,28765.4023 , 164.6267,18.9034,24564.3516 , 3196.0649,0.0821,232.5998 , 22.1408,0.8802,<LOD,0.9813,5.2665,7.1316 , 0.5663,3.6454,<LOD,6.3604,0.2919,611.6306 , 110.3557,0.2070,10.5542 , 1.0453,0.4455,<LOD,1.1874,0.5109,112.4304 , 1.7012,6.0046,<LOD,0.0000,0.0000,2684.8970 , 50.1703,1.2287,<LOD,3.8584,4.1637,<LOD,0.8063,0.2363,360972.7500 , 788.3314,38.6373,13.4495 , 2.1166,3.5369,315.8619 , 1.6480,21.4926,<LOD,0.0000,0.0000,11.5360 , 0.8739,0.6319,2355.6367 , 27.5212,9.0852,7.5006 , 1.0971,0.8638,59.3187 , 7.5501,1.7715,<LOD,6.3301,0.2057,17.9979 , 0.7973,3.8547,33.4586 , 2.4117,0.5889,137.6807 , 1.3094,17.2113,7,415.700012,39.002998,-122.661354,10.000000,529322.500000,4317164.000000,
428,Mining,120.45,30.09,30.20,30.09,30.07,"Thu Apr 9, 2026 - 12:27:21",User,1.5,ppm,,,,,,Mining,,<LOD,1.3260,0.7087,131668.8438 , 1947.3550,2.8490,<LOD,1.5712,0.3777,<LOD,2.9179,0.1174,505.2476 , 19.5991,19.7280,427066.1250 , 4723.5244,<LOD,1.3208,0.1654,18199.0430 , 148.0338,23.6494,<LOD,2.0291,1.3177,<LOD,46.4200,0.9190,<LOD,40.5863,7.4032,59.4349 , 4.4073,2.5859,7.7251 , 2.6238,0.3603,18357.5684 , 102.8970,45.7272,<LOD,0.0000,0.0000,<LOD,2.5241,0.2265,29801.4648 , 165.9263,19.2540,15272.9180 , 2965.1897,0.0676,260.5817 , 22.5636,0.9168,<LOD,0.9861,5.2616,7.8791 , 0.5685,3.6302,<LOD,6.7856,0.3383,724.6914 , 118.3129,0.2347,11.5206 , 1.0638,0.4559,<LOD,1.1826,0.5030,116.3529 , 1.7095,6.0180,<LOD,0.0000,0.0000,3409.1753 , 55.3804,1.4777,<LOD,3.8605,4.1348,<LOD,0.8058,0.2332,351184.3125 , 758.8131,36.6607,18.1775 , 2.1370,3.5977,329.3558 , 1.6600,21.7759,<LOD,0.0000,0.0000,12.1803 , 0.8970,0.6518,2725.4658 , 29.5992,10.3354,6.5093 , 1.0889,0.8393,62.7197 , 8.0366,1.9578,<LOD,6.5020,0.2145,18.5056 , 0.8017,3.8465,36.3937 , 2.4546,0.6037,137.8448 , 1.3032,16.9307,7,413.700012,39.002998,-122.661385,10.000000,529320.062500,4317164.000000,
429,Mining,120.45,30.16,30.09,30.08,30.12,"Thu Apr 9, 2026 - 12:29:59",User,1.5,ppm,,,,,,Mining,,<LOD,1.3000,0.6769,129778.3984 , 2050.1326,2.8094,<LOD,1.6605,0.3972,<LOD,3.0399,0.1185,556.0123 , 19.8940,20.4440,418115.6562 , 5099.4194,<LOD,1.3251,0.1547,19645.7637 , 153.7764,24.9814,<LOD,2.0128,1.2870,<LOD,47.4080,0.8935,<LOD,39.9621,6.5615,68.8065 , 4.4631,2.6382,<LOD,3.7491,0.3020,16897.1055 , 102.8517,41.3515,<LOD,0.0000,0.0000,<LOD,3.6222,0.2430,30346.8379 , 168.5753,19.3422,20660.4219 , 3233.2725,0.0761,226.1657 , 22.5972,0.8420,<LOD,1.0234,5.2786,8.6297 , 0.5910,3.6573,<LOD,6.6692,0.3036,852.5096 , 126.0089,0.2524,12.2647 , 1.1137,0.4647,<LOD,1.2000,0.5180,118.8403 , 1.7802,6.0514,<LOD,0.0000,0.0000,4214.5361 , 62.0882,1.7388,<LOD,3.8786,4.1681,<LOD,0.8419,0.2372,354827.4375 , 794.6523,36.7600,12.8450 , 2.1225,3.5211,334.5773 , 1.7427,21.8692,<LOD,0.0000,0.0000,13.4557 , 0.9306,0.6657,3034.5266 , 30.3759,11.0686,5.4221 , 1.1148,0.8177,65.5175 , 8.2061,2.0351,<LOD,6.6586,0.2093,20.2412 , 0.8424,3.9580,34.4661 , 2.4974,0.5808,149.5555 , 1.3919,17.7487,7,412.500000,39.002979,-122.661392,10.000000,529319.375000,4317161.500000,
430,Mining,120.11,30.01,30.06,30.00,28.84,"Thu Apr 9, 2026 - 12:32:51",User,1.5,ppm,,,,,,Mining,,<LOD,1.3032,0.6987,166100.0781 , 2184.0942,3.5399,<LOD,1.5728,0.3710,<LOD,2.8130,0.1111,1020.6819 , 21.7218,26.7219,440048.0312 , 4974.1143,<LOD,1.2288,0.1463,22771.9434 , 168.4408,30.5310,<LOD,2.0074,1.3177,<LOD,42.6122,0.7796,<LOD,42.8718,8.6844,75.2067 , 4.9668,3.0999,9.5095 , 2.6678,0.3823,20955.1406 , 115.0376,53.8306,<LOD,0.0000,0.0000,<LOD,3.9915,0.2478,20475.9297 , 142.7555,13.8664,17098.6816 , 3029.9062,0.0714,295.2715 , 23.0038,1.0053,<LOD,1.0044,5.5266,8.6289 , 0.5704,3.7233,<LOD,7.3439,0.4119,904.0869 , 127.4598,0.2828,13.5513 , 1.0987,0.4979,<LOD,1.1790,0.5122,63.6585 , 1.3413,3.6198,<LOD,0.0000,0.0000,8742.2754 , 84.0652,3.4951,<LOD,3.7915,4.0288,<LOD,0.8034,0.2403,296295.0312 , 750.7938,30.6113,18.7225 , 2.1056,3.6151,470.7059 , 2.1102,31.3812,<LOD,0.0000,0.0000,14.6225 , 0.8791,0.6583,4316.3813 , 40.0635,17.4130,6.8227 , 1.1273,0.9185,80.0278 , 10.3062,3.1010,<LOD,6.4066,0.2125,15.6272 , 0.7109,3.1324,46.2699 , 2.5991,0.6943,153.1034 , 1.4300,20.2103,3,413.500000,39.003048,-122.661537,10.000000,529306.937500,4317169.500000,
431,Mining,120.37,30.00,30.13,30.17,30.07,"Thu Apr 9, 2026 - 12:35:40",User,1.5,ppm,,,,,,Mining,,<LOD,1.3705,0.6778,166552.1875 , 2415.2893,3.5662,<LOD,1.6982,0.3929,<LOD,3.1055,0.1192,1047.1033 , 23.2639,26.6322,430629.7812 , 5469.9390,<LOD,1.3543,0.1554,29618.0391 , 191.2493,37.7888,<LOD,2.0916,1.2419,<LOD,50.2329,0.9158,<LOD,43.7046,7.8023,78.9281 , 4.6805,2.7939,8.1977 , 2.7782,0.3626,19982.7578 , 118.1601,48.6953,<LOD,0.0000,0.0000,<LOD,2.7424,0.2366,20080.9727 , 138.9004,13.1037,10539.2490 , 3329.0671,0.0710,308.0619 , 24.4423,0.9827,<LOD,1.1118,5.3274,8.0206 , 0.5908,3.4873,<LOD,7.5867,0.3885,692.6963 , 130.9161,0.2478,13.9135 , 1.1554,0.4809,<LOD,1.2804,0.5330,69.4105 , 1.4439,3.6975,<LOD,0.0000,0.0000,21828.6465 , 141.2860,8.1108,<LOD,4.0323,3.9670,<LOD,0.8277,0.2151,294861.8125 , 786.5447,29.7863,13.0294 , 2.2331,3.5486,438.5182 , 2.1238,27.8823,<LOD,0.0000,0.0000,15.3326 , 0.9495,0.6637,2947.4077 , 33.4331,11.5129,5.9866 , 1.1531,0.8392,58.8811 , 8.6682,2.1591,<LOD,7.2455,0.2392,14.0901 , 0.7398,2.9488,36.7333 , 2.5791,0.5973,150.2652 , 1.4730,18.6669,5,419.700012,39.002987,-122.661652,10.000000,529296.812500,4317162.500000,
432,Mining,120.42,30.07,30.12,30.19,28.54,"Thu Apr 9, 2026 - 12:38:32",User,1.5,ppm,,,,,,Mining,,<LOD,1.3467,0.7015,134269.3594 , 2037.2787,2.8892,<LOD,1.6946,0.3887,<LOD,3.0034,0.1112,511.1640 , 19.8397,19.4726,455683.9375 , 4946.7290,<LOD,1.4386,0.1756,20744.0664 , 154.1826,26.3950,<LOD,2.0683,1.3179,<LOD,44.9060,0.8065,<LOD,41.3325,6.7898,49.5453 , 4.3094,2.4735,<LOD,6.6464,0.3441,17336.2168 , 102.9542,42.5611,<LOD,0.0000,0.0000,<LOD,2.7072,0.2328,26539.5508 , 154.4682,16.9631,15241.8682 , 2998.7036,0.0654,212.5015 , 23.0165,0.8411,<LOD,1.0442,5.2244,7.1696 , 0.5982,3.5623,<LOD,7.3343,0.3663,804.1197 , 121.9749,0.2387,13.4013 , 1.1561,0.4829,<LOD,1.1731,0.4730,113.0527 , 1.7775,5.8236,<LOD,0.0000,0.0000,2756.7681 , 51.9722,1.2258,<LOD,3.8969,4.0357,<LOD,0.8323,0.2221,322273.0312 , 749.9945,32.2200,17.3245 , 2.1566,3.5122,410.0082 , 1.9583,26.7114,<LOD,0.0000,0.0000,11.0362 , 0.9472,0.6376,2755.2957 , 28.9741,10.1713,6.1203 , 1.1847,0.8895,63.7905 , 7.9186,1.9213,<LOD,7.0091,0.2228,18.9802 , 0.8455,3.8385,31.0829 , 2.4999,0.5598,130.6365 , 1.3816,17.1687,5,415.200012,39.003120,-122.661362,10.000000,529321.875000,4317177.500000,
433,Mining,122.92,32.57,30.23,30.02,30.10,"Thu Apr 9, 2026 - 12:42:05",User,1.5,ppm,,,,,,Mining,,<LOD,1.2407,0.6798,116200.9297 , 1746.7843,2.5206,<LOD,1.5247,0.3882,<LOD,2.6632,0.1042,450.4128 , 18.2222,18.7429,485573.2500 , 4308.4492,<LOD,1.2088,0.1474,18466.6211 , 144.0921,24.0653,<LOD,1.8822,1.2375,<LOD,43.1007,0.8688,<LOD,36.4582,6.1484,63.2185 , 4.2758,2.5647,<LOD,4.3401,0.3254,15147.6748 , 89.0290,38.3999,<LOD,0.0000,0.0000,<LOD,2.4002,0.2162,25449.9316 , 149.6455,16.5784,17169.9258 , 2823.3081,0.0687,181.4700 , 20.6109,0.7859,<LOD,0.9628,5.4049,5.7549 , 0.5431,3.5528,<LOD,6.1991,0.3036,654.2816 , 113.4001,0.2330,10.7016 , 1.0116,0.4404,<LOD,1.0620,0.4410,92.7376 , 1.5150,5.0600,<LOD,0.0000,0.0000,2062.2839 , 43.9337,1.0042,<LOD,3.5986,3.9277,<LOD,0.7355,0.2059,315608.5312 , 697.3230,31.9252,12.6518 , 1.9844,3.3800,345.8579 , 1.6471,23.6244,<LOD,0.0000,0.0000,9.9259 , 0.8168,0.5755,2244.8535 , 26.9726,8.7566,6.1392 , 1.0556,0.8432,57.9075 , 7.4115,1.7338,<LOD,6.3076,0.2147,15.2698 , 0.7351,3.4783,23.2968 , 2.1857,0.5077,146.4365 , 1.3065,18.4498,2,415.600006,39.003159,-122.661301,10.000000,529327.500000,4317181.500000,
434,Mining,120.22,30.06,30.01,30.10,30.05,"Thu Apr 9, 2026 - 12:45:00",User,1.5,ppm,,,,,,Mining,,<LOD,1.2770,0.6973,160885.8906 , 2113.2332,3.4379,<LOD,1.6479,0.4030,<LOD,2.8891,0.1117,871.0311 , 20.7500,24.9802,421102.0625 , 5010.8379,<LOD,1.2872,0.1528,20449.0332 , 162.2017,27.3952,<LOD,1.9400,1.2692,<LOD,43.1406,0.8324,<LOD,43.7218,8.5512,84.6593 , 4.9521,3.1080,4.8953 , 2.6119,0.3480,20522.4492 , 116.0298,52.8993,<LOD,0.0000,0.0000,<LOD,2.6350,0.2376,24051.9707 , 156.5084,16.2012,20236.4473 , 3031.2424,0.0753,296.2452 , 23.6785,1.0070,<LOD,1.0146,5.4122,8.9610 , 0.5863,3.7803,<LOD,6.9878,0.3377,808.0590 , 117.2463,0.2488,13.4517 , 1.1198,0.4922,<LOD,1.1365,0.4932,77.3184 , 1.4770,4.2788,<LOD,0.0000,0.0000,4970.7129 , 63.7501,2.0842,<LOD,3.7428,4.0989,<LOD,0.8160,0.2337,321727.4062 , 767.8952,33.8620,10.7396 , 2.0461,3.5009,344.4599 , 1.7822,23.2684,<LOD,0.0000,0.0000,13.6948 , 0.9014,0.6513,3233.2944 , 35.6600,13.2722,7.3671 , 1.1050,0.8401,72.9407 , 9.3607,2.5128,<LOD,6.9774,0.2413,17.3253 , 0.7596,3.3957,38.5882 , 2.5502,0.6347,151.0090 , 1.4007,18.5893,7,416.899994,39.003033,-122.661377,10.000000,529320.937500,4317167.500000,
435,Mining,123.02,32.57,30.26,30.06,30.13,"Thu Apr 9, 2026 - 12:50:13",User,1.5,ppm,,,,,,Mining,,<LOD,1.3033,0.6831,142692.7031 , 1993.5594,3.0607,<LOD,1.6208,0.3470,<LOD,3.0045,0.1136,857.1489 , 20.8346,23.9919,445223.0312 , 4826.1157,<LOD,1.3033,0.1472,16627.8457 , 137.2399,21.1469,<LOD,1.9924,1.2651,<LOD,42.1681,0.7655,<LOD,42.0415,7.2650,70.4965 , 4.5116,2.7351,4.8130 , 2.6721,0.3412,18348.6621 , 103.9895,45.1121,<LOD,0.0000,0.0000,<LOD,4.1361,0.2464,22460.6367 , 141.8365,14.2138,13704.2686 , 2810.1465,0.0630,270.3793 , 23.6674,0.9231,<LOD,1.0347,5.3518,10.6121 , 0.6028,3.8091,<LOD,7.1134,0.3420,657.8192 , 114.8460,0.2243,13.5065 , 1.1419,0.4814,<LOD,1.1388,0.4640,78.6968 , 1.4881,4.1598,<LOD,0.0000,0.0000,5976.9297 , 68.2484,2.3165,<LOD,3.7836,3.9247,<LOD,0.8496,0.2398,329405.0312 , 724.2006,32.7518,12.6036 , 2.0831,3.4225,322.8740 , 1.6801,21.0875,<LOD,0.0000,0.0000,14.8352 , 0.9273,0.6559,2968.9053 , 32.5222,11.7345,5.3033 , 1.0850,0.7622,66.6635 , 8.5703,2.2409,<LOD,6.6995,0.2079,15.9876 , 0.7615,3.2184,39.0694 , 2.6000,0.6193,151.1709 , 1.3883,17.7368,7,414.000000,39.003036,-122.661369,10.000000,529321.500000,4317168.000000,
436,Mining,120.43,30.27,30.03,30.09,27.94,"Thu Apr 9, 2026 - 13:01:49",User,1.5,ppm,,,,,,Mining,,<LOD,1.5114,0.6905,94666.8594 , 1943.7340,2.0951,<LOD,1.6482,0.3412,<LOD,3.1867,0.1097,468.9832 , 21.8658,17.6249,429426.2188 , 5242.6929,<LOD,1.5031,0.1686,26249.0273 , 192.9679,34.5982,<LOD,2.2510,1.2027,<LOD,41.1658,0.6475,<LOD,61.4222,16.7396,97.8342 , 5.6429,3.2200,5.1473 , 2.7898,0.3264,43493.0312 , 183.6268,108.0325,<LOD,0.0000,0.0000,<LOD,3.6211,0.2312,13951.2432 , 129.5992,9.4746,24808.3105 , 3860.2290,0.0880,374.8082 , 25.7482,1.1997,<LOD,1.0678,4.7532,5.5411 , 0.5857,2.9707,<LOD,8.3104,0.3014,734.6758 , 125.3336,0.2408,9.0018 , 1.0869,0.3725,<LOD,1.3782,0.5155,53.9275 , 1.3116,2.6697,<LOD,0.0000,0.0000,19978.8184 , 131.2557,7.5455,<LOD,4.3503,3.8898,<LOD,0.8790,0.2179,338155.0312 , 785.1451,36.1209,15.9816 , 2.3939,3.3268,321.8657 , 1.7707,18.8430,<LOD,0.0000,0.0000,4.1767 , 0.8481,0.3863,6825.0396 , 47.8924,24.3800,3.1778 , 1.0669,0.6217,180.8118 , 13.2470,4.2337,<LOD,7.1707,0.2080,10.2635 , 0.6990,2.2841,30.0925 , 2.5415,0.5160,130.1270 , 1.3678,14.2799,8,416.299988,39.003056,-122.661392,10.000000,529319.437500,4317170.000000,
437,Mining,122.86,32.71,30.12,30.02,30.01,"Thu Apr 9, 2026 - 13:04:55",User,1.5,ppm,,,,,,Mining,,<LOD,1.6850,0.6572,82395.9609 , 2022.4028,1.8565,<LOD,2.2890,0.3445,<LOD,3.7908,0.1127,497.4108 , 24.6500,16.8821,438437.7812 , 5825.2114,<LOD,1.6006,0.1389,19613.1543 , 195.7121,24.8559,<LOD,2.5088,1.1382,<LOD,43.2763,0.6454,<LOD,76.7303,21.9548,139.3192 , 7.2393,3.8791,11.0279 , 3.3104,0.3386,61550.2539 , 238.1019,145.6672,<LOD,0.0000,0.0000,4.1906 , 2.1683,0.2259,19889.3945 , 177.8966,12.7577,19135.3652 , 4416.4004,0.0927,260.4302 , 26.5536,1.0780,<LOD,1.3292,4.2724,5.4720 , 0.6651,2.6995,<LOD,10.1818,0.2863,2010.3988 , 193.6227,0.5691,8.3045 , 1.2370,0.3494,<LOD,1.5437,0.4965,51.9725 , 1.4602,2.3298,<LOD,0.0000,0.0000,56227.5078 , 229.7691,20.4361,<LOD,4.8689,3.6807,<LOD,1.0312,0.2183,292932.7500 , 748.4111,29.9714,10.4132 , 2.6702,3.1326,490.2269 , 2.4704,25.0793,<LOD,0.0000,0.0000,6.3770 , 0.9530,0.3703,5962.0840 , 52.3088,20.7057,3.4361 , 1.3073,0.6711,197.2911 , 15.1522,3.8998,<LOD,7.5559,0.1681,11.6373 , 0.7953,2.1298,26.3666 , 2.7737,0.4516,121.5003 , 1.5745,13.6691,9,416.200012,39.003025,-122.661392,10.000000,529319.500000,4317167.000000,
438,Mining,120.43,30.11,30.06,30.08,28.38,"Thu Apr 9, 2026 - 13:07:50",User,1.5,ppm,,,,,,Mining,,<LOD,1.5130,0.5697,27940.6914 , 1061.0034,0.6944,<LOD,1.6921,0.3165,<LOD,3.2005,0.0933,406.2860 , 21.9094,14.5943,629647.5000 , 3866.7463,<LOD,1.3938,0.1218,9960.8848 , 132.7038,11.9301,<LOD,2.3296,1.0732,<LOD,40.4215,0.5917,<LOD,62.8568,14.9803,82.9261 , 6.0022,2.8607,4.7581 , 2.9683,0.3103,44583.9062 , 141.6394,100.5968,<LOD,0.0000,0.0000,<LOD,2.8086,0.1886,14357.3574 , 142.5698,8.4988,7968.5737 , 3256.0688,0.0561,235.6079 , 24.4222,0.9229,<LOD,1.0997,4.2972,4.1643 , 0.6090,2.7455,<LOD,8.3772,0.2449,836.4312 , 133.6605,0.2506,6.2823 , 1.0722,0.3053,<LOD,1.3367,0.3972,52.0029 , 1.3173,2.3203,<LOD,0.0000,0.0000,28707.3379 , 146.1862,9.4607,<LOD,4.4130,3.3072,<LOD,0.8672,0.1773,228591.0156 , 631.7182,19.3037,14.7387 , 2.4257,2.8166,255.2280 , 1.5025,13.5907,<LOD,0.0000,0.0000,3.9872 , 0.8121,0.3086,6064.2886 , 46.5495,19.7653,2.3343 , 1.0587,0.5163,122.8096 , 13.3798,3.3197,<LOD,7.0131,0.1667,6.6334 , 0.6947,1.8991,19.3270 , 2.4736,0.4104,124.9296 , 1.3230,12.0189,9,407.299988,39.003010,-122.661430,10.000000,529315.875000,4317165.000000,
439,Mining,120.37,30.04,30.09,30.05,29.58,"Thu Apr 9, 2026 - 13:12:02",User,1.5,ppm,,,,,,Mining,,<LOD,1.3966,0.6354,81162.9453 , 1996.7318,1.8349,<LOD,1.7006,0.3293,<LOD,3.1596,0.1087,449.9529 , 20.2434,16.6074,419351.5312 , 5653.5391,<LOD,1.3146,0.1290,13020.2100 , 139.4403,15.7410,<LOD,2.1183,1.1586,<LOD,48.1231,0.6860,<LOD,52.7632,10.9645,77.5013 , 5.2474,2.6558,5.8136 , 2.7560,0.3152,29930.5801 , 145.2520,69.7518,<LOD,0.0000,0.0000,<LOD,2.6268,0.1915,12071.2490 , 123.2952,7.3702,24365.3008 , 4255.9111,0.0953,257.4850 , 23.8516,0.9032,<LOD,1.0130,4.3961,3.6767 , 0.5585,2.7741,<LOD,7.3515,0.2586,631.1890 , 145.0393,0.2415,6.3417 , 0.9888,0.3099,<LOD,1.2354,0.4434,48.3739 , 1.2378,2.4162,<LOD,0.0000,0.0000,38984.2812 , 199.3522,13.1823,<LOD,4.0378,3.6494,<LOD,0.8440,0.1990,373743.4062 , 847.3997,37.6394,18.4824 , 2.2305,3.1473,233.2711 , 1.4662,13.8182,<LOD,0.0000,0.0000,3.0685 , 0.7506,0.3105,5381.8364 , 42.6291,17.9935,3.6050 , 0.9976,0.5507,109.2641 , 11.5975,3.0286,<LOD,6.9049,0.1919,6.7985 , 0.6460,1.9758,18.0285 , 2.2996,0.4186,115.7892 , 1.2528,12.3370,9,418.700012,39.003040,-122.661362,10.000000,529322.187500,4317168.500000,
440,Mining,120.47,30.28,30.01,30.04,28.32,"Thu Apr 9, 2026 - 13:14:51",User,1.5,ppm,,,,,,Mining,,<LOD,1.4383,0.6093,69613.0703 , 2017.1389,1.6088,<LOD,2.7777,0.3681,<LOD,3.1490,0.1006,441.8208 , 20.7838,15.6745,440981.2500 , 6058.5054,<LOD,1.3658,0.1299,40631.5859 , 250.6487,49.4531,<LOD,2.1587,1.0828,<LOD,49.1929,0.6768,<LOD,55.2133,11.3572,95.2559 , 5.7004,2.8201,15.4673 , 3.0374,0.3605,31884.1914 , 162.1721,71.9965,<LOD,0.0000,0.0000,2.8809 , 1.9256,0.2272,11327.2949 , 120.3371,7.2837,24897.1973 , 4980.9272,0.1093,314.3444 , 25.3977,0.9737,<LOD,1.0668,4.5433,5.9196 , 0.5901,2.8887,<LOD,7.6905,0.2666,577.3040 , 154.7456,0.2635,8.1918 , 1.0519,0.3267,<LOD,1.6367,0.4756,49.9410 , 1.2680,2.3603,<LOD,0.0000,0.0000,69551.1875 , 286.3560,25.1065,<LOD,4.1119,3.3785,<LOD,0.8258,0.1759,302770.7188 , 829.1265,31.2558,16.3502 , 2.2808,2.9534,203.6646 , 1.4011,11.6343,<LOD,0.0000,0.0000,3.5978 , 0.7845,0.3161,6301.1743 , 48.0645,20.3958,2.2060 , 0.9897,0.4983,145.5628 , 12.9683,3.4592,<LOD,6.8189,0.1753,9.0412 , 0.6853,2.0681,19.2485 , 2.3777,0.4202,131.5535 , 1.3322,12.6219,6,418.500000,39.003036,-122.661369,10.000000,529321.500000,4317168.000000,
441,Mining,122.84,32.66,30.06,30.05,30.07,"Thu Apr 9, 2026 - 13:17:36",User,1.5,ppm,,,,,,Mining,,<LOD,1.4606,0.6222,46547.9531 , 1538.5214,1.1468,<LOD,1.8469,0.3509,<LOD,2.9742,0.0912,430.0941 , 21.1294,16.0731,421507.5000 , 5405.4429,<LOD,1.4019,0.1397,31310.7109 , 207.5992,37.3772,<LOD,2.1956,1.1080,<LOD,47.0726,0.6860,<LOD,71.1912,10.2537,91.9473 , 5.5788,2.8934,9.2288 , 2.8771,0.3284,28119.6387 , 139.2148,63.2319,<LOD,0.0000,0.0000,<LOD,3.4703,0.2054,13248.5664 , 124.3458,8.2021,24009.7637 , 4610.7183,0.1072,284.8664 , 24.9384,0.9209,<LOD,1.0585,4.5962,5.3739 , 0.5801,2.8616,<LOD,7.4936,0.2668,583.4457 , 148.0686,0.2643,8.5689 , 1.0558,0.3362,<LOD,1.3085,0.4465,45.7921 , 1.2152,2.2233,<LOD,0.0000,0.0000,70181.9375 , 265.9195,24.6915,<LOD,4.2194,3.5455,<LOD,0.8300,0.1870,355867.9062 , 801.2377,37.6807,15.5868 , 2.3294,3.0550,201.2837 , 1.3575,11.6653,<LOD,0.0000,0.0000,3.9261 , 0.7997,0.3343,7238.3984 , 48.6986,23.2890,2.2908 , 0.9733,0.4968,140.1598 , 13.0540,3.8021,<LOD,6.4477,0.1590,7.1406 , 0.6557,1.9375,15.1831 , 2.2741,0.3910,122.7549 , 1.2734,12.1711,8,418.299988,39.003040,-122.661377,10.000000,529320.500000,4317168.500000,
442,Mining,120.37,30.25,30.04,30.03,28.24,"Thu Apr 9, 2026 - 13:20:23",User,1.5,ppm,,,,,,Mining,,<LOD,1.5054,0.6413,72271.2500 , 1939.4049,1.6506,<LOD,2.2997,0.3730,<LOD,3.2181,0.0987,443.2177 , 21.9149,16.6155,416242.5938 , 5778.8027,<LOD,1.5459,0.1574,30436.7168 , 214.4476,36.9273,<LOD,2.2551,1.1298,<LOD,47.1726,0.6712,<LOD,60.2588,12.2491,112.8661 , 6.0924,3.1912,9.6386 , 3.0058,0.3331,33558.4297 , 161.1427,76.4474,<LOD,0.0000,0.0000,2.6888 , 2.0152,0.2323,12758.9561 , 128.8020,8.0688,25430.8945 , 4457.3486,0.0963,501.2502 , 29.4837,1.2646,<LOD,1.1119,4.6286,7.0831 , 0.6194,2.9920,<LOD,8.2751,0.2947,557.6225 , 138.9595,0.2239,9.8416 , 1.1340,0.3590,<LOD,1.3401,0.4542,54.4765 , 1.3586,2.5675,<LOD,0.0000,0.0000,38699.9141 , 198.8608,13.5241,<LOD,4.3462,3.6188,<LOD,0.8987,0.2023,360740.4062 , 837.4748,37.2758,15.2449 , 2.4101,3.1671,240.4926 , 1.5539,13.6447,<LOD,0.0000,0.0000,3.9338 , 0.8696,0.3595,7548.7422 , 52.3696,24.6251,3.2566 , 1.0658,0.5469,164.8655 , 14.1417,4.1001,<LOD,7.3945,0.1947,11.4532 , 0.7369,2.2624,39.4616 , 2.8297,0.5631,134.7207 , 1.3912,13.2068,9,418.000000,39.003036,-122.661392,10.000000,529319.312500,4317168.000000,
443,Mining,120.19,30.26,30.28,30.10,29.55,"Thu Apr 9, 2026 - 13:23:02",User,1.5,ppm,,,,,,Mining,,<LOD,1.5515,0.6278,52036.2578 , 1732.2722,1.2626,1.6877 , 1.2177,0.3947,<LOD,3.3287,0.1046,473.8163 , 22.8158,16.6357,405776.8125 , 5802.4189,<LOD,1.4939,0.1455,57011.8828 , 295.8522,69.1379,<LOD,2.3293,1.1097,<LOD,49.7292,0.7184,<LOD,56.4763,11.1202,74.2123 , 5.7093,2.6129,11.5707 , 3.0227,0.3352,32462.8164 , 161.6326,70.6716,<LOD,0.0000,0.0000,3.2350 , 2.0378,0.2358,11203.5322 , 118.8336,7.2460,20822.6445 , 4973.4409,0.1052,345.5836 , 26.5383,0.9967,<LOD,1.6965,4.5652,7.4143 , 0.6128,2.8955,<LOD,7.9722,0.2744,401.5266 , 151.7996,0.2546,10.2177 , 1.1312,0.3526,<LOD,1.4276,0.4780,53.8412 , 1.3296,2.4320,<LOD,0.0000,0.0000,75372.6719 , 290.4908,27.4653,<LOD,4.4990,3.5647,<LOD,0.9251,0.2122,337043.5312 , 822.6940,36.6087,14.9798 , 2.4956,3.1260,227.0521 , 1.4965,12.4260,<LOD,0.0000,0.0000,4.3639 , 0.8523,0.3457,6354.1675 , 49.0989,20.0427,2.1416 , 1.0283,0.5015,115.4398 , 13.0733,3.2769,<LOD,7.4323,0.1960,9.1182 , 0.7074,2.0482,24.2663 , 2.5322,0.4474,135.2043 , 1.3744,12.6190,6,418.000000,39.003040,-122.661400,10.000000,529318.625000,4317168.500000,
444,Mining,120.51,30.13,30.07,30.16,29.51,"Thu Apr 9, 2026 - 13:27:05",User,1.5,ppm,,,,,,Mining,,<LOD,1.5358,0.6069,94209.0156 , 2322.7742,2.0855,<LOD,1.6761,0.2998,<LOD,3.2842,0.1017,477.2614 , 22.9459,16.7850,414054.1562 , 6288.9194,<LOD,1.4524,0.1368,33755.6367 , 213.7108,37.7378,<LOD,2.3752,1.1500,<LOD,49.4545,0.6784,<LOD,51.3602,8.7052,104.4179 , 5.6907,2.8405,13.0916 , 3.0529,0.3369,25889.4473 , 135.8615,54.4588,<LOD,0.0000,0.0000,<LOD,4.2592,0.2244,12146.6680 , 119.0836,7.1411,23374.7383 , 4340.0698,0.0884,444.8104 , 28.4183,1.0763,<LOD,1.4361,4.3900,6.3705 , 0.6052,2.8278,<LOD,7.5932,0.2609,621.3864 , 139.3222,0.2097,10.6172 , 1.1223,0.3469,<LOD,1.4456,0.4850,47.6295 , 1.2692,2.1931,<LOD,0.0000,0.0000,30637.5742 , 176.3211,9.9231,<LOD,4.5232,3.5744,<LOD,0.8921,0.1937,356094.7188 , 825.2797,33.5963,15.9305 , 2.5155,3.1616,257.8652 , 1.5881,13.9559,<LOD,0.0000,0.0000,3.9487 , 0.8288,0.3280,7483.9409 , 49.6612,22.3980,3.0732 , 1.0470,0.5246,178.8609 , 13.4051,3.7922,<LOD,7.6221,0.2039,13.4077 , 0.7298,2.2147,34.0308 , 2.7156,0.5081,121.4181 , 1.3248,11.9393,,,,,,,,
445,Mining,120.65,30.12,30.24,30.13,30.16,"Thu Apr 9, 2026 - 13:29:45",User,1.5,ppm,,,,,,Mining,,<LOD,1.3875,0.5790,100952.3672 , 2304.9246,2.2361,<LOD,1.5825,0.2870,<LOD,2.9534,0.0884,383.6064 , 20.1036,14.8480,430065.9688 , 6176.8247,<LOD,1.3834,0.1340,39272.5547 , 238.8519,46.9457,<LOD,2.1009,1.0480,<LOD,46.4528,0.6690,<LOD,52.2228,9.8794,117.9989 , 5.6902,3.0325,5.6286 , 2.8019,0.3068,27867.7148 , 149.6884,62.2503,<LOD,0.0000,0.0000,<LOD,3.7261,0.2140,11029.0459 , 114.7361,6.9717,27322.0293 , 4522.8813,0.1061,440.1317 , 27.7762,1.1305,<LOD,1.0558,4.4532,4.3560 , 0.5815,2.7932,<LOD,7.4734,0.2636,919.3036 , 156.7211,0.3115,8.7737 , 1.0647,0.3366,<LOD,1.2130,0.3941,45.6273 , 1.2411,2.2315,<LOD,0.0000,0.0000,51283.8320 , 231.7697,17.9792,<LOD,4.0221,3.3171,<LOD,0.8325,0.1848,303341.0312 , 799.8705,30.0505,15.0613 , 2.2270,2.8795,287.9752 , 1.7100,16.3338,<LOD,0.0000,0.0000,4.1581 , 0.8017,0.3359,6287.2583 , 46.7269,20.0850,3.6041 , 1.0532,0.5732,179.8712 , 12.7093,3.5722,<LOD,7.0590,0.1886,12.4600 , 0.7072,2.2375,37.7363 , 2.7095,0.5473,111.9095 , 1.2995,12.1994,,,,,,,,
446,Mining,120.54,30.05,30.07,30.27,29.55,"Thu Apr 9, 2026 - 15:00:06",User,1.5,ppm,,,,,,Mining,,<LOD,1.3013,0.6909,52353.8398 , 1206.6492,1.2501,64.1143 , 2.1476,2.3162,<LOD,2.9263,0.1137,375.9135 , 18.6049,17.3540,433646.8750 , 3682.2402,<LOD,1.4865,0.2005,1180.6305 , 57.9801,2.3136,<LOD,1.9852,1.2773,<LOD,40.8101,0.7113,<LOD,52.9293,13.8142,66.9503 , 5.3976,3.0728,5.6102 , 2.6163,0.3472,32251.0312 , 128.5951,86.2431,<LOD,0.0000,0.0000,2.9366 , 1.8119,0.2670,13678.6758 , 129.1712,9.3368,6565.0356 , 2806.6628,0.0565,<LOD,25.8955,0.5732,<LOD,1.0299,5.8171,7.4803 , 0.5495,3.4461,<LOD,6.9425,0.2554,424.0102 , 110.6277,0.1922,11.0171 , 1.0542,0.4316,<LOD,1.1691,0.4987,62.7979 , 1.2868,3.3543,<LOD,0.0000,0.0000,19820.3906 , 123.4269,7.5552,<LOD,3.7782,4.0163,<LOD,0.7871,0.2124,429242.4688 , 731.3814,50.1600,15.9461 , 2.0748,3.3962,74.7266 , 0.7805,5.4187,<LOD,0.0000,0.0000,6.8172 , 0.8304,0.4528,9781.3848 , 53.6711,37.1475,<LOD,1.8889,0.4692,151.2236 , 14.6845,5.6985,<LOD,6.1298,0.1844,3.5448 , 0.6217,2.1964,<LOD,2.6590,0.3019,206.5636 , 1.4115,19.5246,8,439.799988,39.000702,-122.662910,10.000000,529188.687500,4316908.500000,
447,Mining,120.03,30.02,30.09,30.13,29.79,"Thu Apr 9, 2026 - 15:02:44",User,1.5,ppm,,,,,,Mining,,<LOD,1.2729,0.6735,51969.2930 , 1207.7864,1.2413,72.4041 , 2.1843,2.5633,<LOD,2.9867,0.1260,348.1562 , 18.3411,17.0179,439569.6250 , 3664.2737,<LOD,1.4919,0.2142,1008.1753 , 54.7856,2.1078,<LOD,1.9668,1.2801,<LOD,40.5736,0.7128,<LOD,52.5784,14.7091,64.5763 , 5.3347,3.1250,<LOD,5.7661,0.3332,34133.9766 , 131.1056,92.3975,<LOD,0.0000,0.0000,<LOD,3.6206,0.2527,13575.4883 , 126.6297,9.3955,8218.2314 , 2885.0593,0.0598,<LOD,24.6110,0.5584,<LOD,1.0156,6.0104,7.0785 , 0.5313,3.4130,<LOD,6.8087,0.2528,455.1748 , 113.5327,0.2073,10.2957 , 1.0153,0.4238,<LOD,1.1790,0.5195,63.2941 , 1.2533,3.3784,<LOD,0.0000,0.0000,21419.0664 , 128.1638,8.2530,<LOD,3.7204,3.9463,<LOD,0.7904,0.2261,418341.0625 , 733.3641,49.1350,12.3378 , 2.0414,3.3344,70.4769 , 0.7402,5.1560,<LOD,0.0000,0.0000,6.6260 , 0.8185,0.4565,10275.3350 , 54.7323,39.7120,<LOD,1.4414,0.4511,151.8363 , 14.7883,6.0544,<LOD,5.8831,0.1801,2.6592 , 0.5987,2.1519,<LOD,2.5251,0.2889,224.8131 , 1.4343,21.0142,7,441.000000,39.000671,-122.662849,10.000000,529194.437500,4316905.000000,
448,Mining,120.49,30.06,30.16,30.06,28.10,"Thu Apr 9, 2026 - 15:50:07",User,1.5,ppm,,,,,,Mining,,<LOD,1.2802,0.7031,50848.6328 , 1263.9623,1.2201,69.0006 , 2.1298,2.4802,<LOD,2.8378,0.1159,342.0645 , 18.0346,16.9315,450061.9375 , 4365.2070,<LOD,1.5168,0.2258,904.4900 , 51.6799,1.9616,<LOD,1.9519,1.3021,<LOD,43.1859,0.7350,<LOD,51.0714,13.8356,69.8785 , 5.1233,3.0987,<LOD,3.9528,0.3253,32014.7656 , 141.4253,87.7808,<LOD,0.0000,0.0000,<LOD,2.4100,0.2603,13301.1660 , 123.6891,9.2851,<LOD,5844.4314,0.0495,<LOD,24.0097,0.5301,<LOD,0.9978,5.9106,7.6382 , 0.5361,3.5580,<LOD,6.7665,0.2693,418.4399 , 118.2976,0.2029,7.2888 , 0.9545,0.3810,<LOD,1.1199,0.4789,60.8637 , 1.2422,3.3453,<LOD,0.0000,0.0000,20471.5332 , 134.5064,7.9723,<LOD,3.6689,3.9684,<LOD,0.7620,0.2210,419233.6250 , 847.6700,49.6910,15.5620 , 2.0196,3.3754,64.6493 , 0.7182,4.8862,<LOD,0.0000,0.0000,6.0733 , 0.8199,0.4596,9851.6230 , 54.4627,38.3590,<LOD,1.7975,0.4629,133.0524 , 13.9652,5.7636,<LOD,0.0000,0.1881,2.8952 , 0.5954,2.1772,<LOD,2.4757,0.2874,215.5056 , 1.4478,20.6687,8,443.200012,39.000698,-122.662941,10.000000,529186.062500,4316908.000000,
449,Mining,120.61,30.26,30.09,30.03,28.44,"Thu Apr 9, 2026 - 15:52:30",User,1.5,ppm,,,,,,Mining,,<LOD,3.1108,0.4230,<LOD,7941.7295,0.6041,<LOD,2.0759,0.1353,8.2121 , 3.7672,0.0922,1097.3500 , 34.5542,13.0556,42498.5508 , 31900.6270,<LOD,3.6631,0.1093,194.2315 , 44.1763,0.4373,<LOD,3.3425,0.6760,<LOD,195.6731,0.6840,<LOD,18.7744,0.3092,18.1519 , 6.1516,0.8542,13.6169 , 4.2228,0.2049,1214.3622 , 38.6956,1.4815,<LOD,0.0000,0.0000,113.1805 , 5.2874,0.6017,<LOD,67.1102,0.1490,<LOD,47999.8037,0.3517,<LOD,34.1480,0.1716,<LOD,1.7673,2.4482,4.2624 , 0.7717,1.4791,<LOD,9.2995,0.1798,<LOD,889.2859,0.9280,10.5384 , 1.4632,0.1858,<LOD,1.9650,0.2643,<LOD,1.3286,0.1988,<LOD,0.0000,0.0000,930871.5000 , 1270.5071,289.5744,<LOD,6.4766,2.2187,<LOD,1.4140,0.1470,11631.0967 , 397.2020,1.8306,24.7254 , 3.5678,1.9254,28.3005 , 0.7324,1.0959,<LOD,0.0000,0.0000,<LOD,1.6202,0.1345,10935.2158 , 68.8575,15.5615,3.7339 , 1.4211,0.2904,<LOD,27.1589,2.0395,<LOD,0.0000,0.1250,<LOD,0.9774,0.5716,<LOD,3.6891,0.1328,98.7541 , 1.3541,4.3543,9,443.399994,39.000694,-122.662941,10.000000,529186.375000,4316907.500000,
450,Mining,120.49,30.04,30.15,30.16,30.14,"Thu Apr 9, 2026 - 15:57:10",User,1.5,ppm,,,,,,Mining,,<LOD,1.5449,0.6316,66267.1875 , 1711.6202,1.5226,43.4219 , 1.9993,1.3881,<LOD,3.4286,0.1098,457.0200 , 22.2117,15.9057,402307.7500 , 5210.2124,<LOD,1.6640,0.1786,21692.6465 , 195.6168,27.1889,<LOD,2.2936,1.0926,<LOD,44.2894,0.7046,<LOD,67.3043,18.4027,114.6230 , 6.7336,3.4484,13.8789 , 3.1054,0.3526,49860.6484 , 189.6995,118.0749,<LOD,0.0000,0.0000,6.1008 , 2.1907,0.2719,11486.3232 , 134.6010,7.4666,23013.6895 , 4007.9631,0.0858,376.9045 , 26.7691,1.1872,<LOD,1.1072,4.4283,6.4386 , 0.6168,2.8687,<LOD,8.9271,0.2817,557.9493 , 124.5950,0.2132,7.3439 , 1.1013,0.3307,<LOD,1.3906,0.4587,53.6454 , 1.3395,2.4368,<LOD,0.0000,0.0000,27369.5820 , 153.4983,9.6864,<LOD,4.4208,3.5019,<LOD,0.9589,0.2262,388904.0625 , 788.4406,41.3117,21.4796 , 2.4617,3.0943,265.9841 , 1.6134,14.5269,<LOD,0.0000,0.0000,3.8814 , 0.8856,0.3394,6799.3291 , 53.1083,23.2968,1.9221 , 1.0623,0.5271,167.6493 , 15.0397,4.0252,<LOD,8.3294,0.2203,14.7500 , 0.7624,2.3709,45.1723 , 2.9297,0.5970,140.6190 , 1.4141,13.3831,9,443.299988,39.000690,-122.662933,10.000000,529186.687500,4316907.000000,
451,Mining,90.44,30.24,30.09,29.78,,"Thu Apr 9, 2026 - 15:59:13",User,1.5,ppm,,,,,,Mining,,<LOD,1.9937,0.6544,,,,6.3074 , 1.5163,0.4645,<LOD,4.0630,0.1105,511.7407 , 27.0729,16.3464,890576.1875 , 701.6248,<LOD,1.8047,0.1509,40303.9648 , 254.9969,42.7744,<LOD,2.8049,1.1286,,,,<LOD,69.5304,13.6955,137.4425 , 7.8517,3.4168,19.1552 , 3.7321,0.3656,44249.8047 , 138.8734,87.7253,<LOD,0.0000,0.0000,5.7325 , 2.5548,0.2609,14561.6934 , 159.8183,9.1303,,,,724.0032 , 35.4793,1.4727,<LOD,1.4573,4.4257,7.7309 , 0.7505,3.0101,<LOD,10.0334,0.2963,,,,10.4249 , 1.3145,0.3376,<LOD,1.7094,0.4785,54.0994 , 1.5866,2.4339,<LOD,0.0000,0.0000,,,,<LOD,5.3549,3.5202,<LOD,1.1342,0.2261,,,,16.6781 , 2.9542,3.0523,389.8640 , 2.0587,19.4264,<LOD,0.0000,0.0000,3.9237 , 1.0121,0.3385,7983.3091 , 59.6885,24.1535,5.4281 , 1.3772,0.6385,193.1468 , 17.6929,4.1213,<LOD,12.9836,0.2339,25.8181 , 0.9889,2.9076,78.3262 , 3.8328,0.7350,135.1955 , 1.6283,13.3997,10,443.399994,39.000690,-122.662933,10.000000,529186.812500,4316907.000000,
452,Mining,1.81,1.81,,,,"Thu Apr 9, 2026 - 15:59:33",User,1.5,ppm,,,,,,Mining,,<LOD,148.0294,26.1761,,,,<LOD,33.7529,0.2108,<LOD,13.6318,-0.0000,,,,958516.7500 , 7975.9751,<LOD,1.9622,-0.0003,,,,<LOD,160.7032,27.1593,,,,<LOD,1425.1998,12.2795,<LOD,2094.1613,0.9670,<LOD,79.1442,0.1659,41017.0898 , 2609.5757,75.0857,<LOD,0.0000,0.0000,<LOD,0.5625,-0.0008,,,,,,,<LOD,1038.8370,0.8323,<LOD,21.9194,2.9145,<LOD,16.2068,1.4629,<LOD,126.5367,-0.0011,,,,<LOD,26.7995,0.1615,<LOD,177.6100,35.8494,47.4911 , 27.5268,1.8312,<LOD,0.0000,0.0000,,,,<LOD,272.9017,27.4107,<LOD,19.3528,0.1661,,,,<LOD,192.5334,24.0974,319.5935 , 37.2061,14.9978,<LOD,0.0000,0.0000,<LOD,33.2527,0.3298,<LOD,8675.3372,1.7152,<LOD,28.0061,0.2799,<LOD,1991.8303,0.6359,<LOD,18.3059,-0.0004,<LOD,31.9050,1.8328,<LOD,40.3547,0.0822,99.0611 , 28.7642,9.9148,10,443.399994,39.000690,-122.662933,10.000000,529186.812500,4316907.000000,
453,Mining,120.50,30.22,30.09,30.10,29.20,"Thu Apr 9, 2026 - 16:01:47",User,1.5,ppm,,,,,,Mining,,<LOD,1.5319,0.6144,153731.7031 , 2913.5920,3.2938,<LOD,2.1087,0.3415,<LOD,3.3529,0.1036,480.4983 , 22.4578,16.0661,344311.1562 , 7341.7925,<LOD,1.5792,0.1585,44745.7305 , 293.1967,54.3129,<LOD,2.2827,1.0704,<LOD,48.3538,0.7579,<LOD,59.9860,12.8057,132.1044 , 6.6486,3.3080,16.6993 , 3.1442,0.3532,36526.8594 , 211.6133,81.0693,<LOD,0.0000,0.0000,4.7272 , 2.1275,0.2471,12655.6738 , 136.7363,8.1244,45212.8750 , 4638.2983,0.1175,606.7689 , 30.9796,1.3861,1.8871 , 0.7339,4.3164,6.9090 , 0.6201,2.8474,<LOD,8.5798,0.3072,889.4510 , 138.6562,0.2535,8.3685 , 1.0953,0.3221,<LOD,1.4060,0.4650,49.6877 , 1.3266,2.2750,<LOD,0.0000,0.0000,3460.4919 , 62.0470,1.4205,<LOD,4.3967,3.4230,<LOD,0.9042,0.1935,349715.0312 , 924.0220,34.6614,13.1641 , 2.4234,2.9470,321.1456 , 2.0096,17.2872,<LOD,0.0000,0.0000,2.7182 , 0.8599,0.3254,6698.9614 , 55.8751,21.3796,2.4419 , 1.0930,0.5520,183.1884 , 14.6250,3.7642,<LOD,9.3736,0.2228,24.6528 , 0.8382,2.8357,76.1337 , 3.4167,0.7905,120.9718 , 1.4257,12.4594,11,443.500000,39.000687,-122.662926,10.000000,529187.687500,4316907.000000,
454,Mining,120.38,30.15,30.03,30.13,29.48,"Thu Apr 9, 2026 - 16:04:36",User,1.5,ppm,,,,,,Mining,,<LOD,1.4917,0.6187,113436.3203 , 2280.7839,2.4691,5.4633 , 1.2576,0.4622,<LOD,3.2433,0.1009,460.8724 , 21.4659,15.7717,394746.1250 , 6097.3105,<LOD,1.4714,0.1435,35868.5859 , 246.9354,44.3801,<LOD,2.1624,1.0111,<LOD,42.7746,0.6787,<LOD,60.2471,13.5989,130.7393 , 6.7453,3.4931,14.4746 , 3.0770,0.3530,37366.5977 , 180.6910,85.9833,<LOD,0.0000,0.0000,3.2573 , 2.0250,0.2351,12757.6328 , 136.9582,8.2933,36973.3047 , 4158.7661,0.1041,581.7124 , 30.2885,1.3993,<LOD,1.1864,4.4353,6.9076 , 0.6211,2.9924,<LOD,8.3672,0.2918,744.6820 , 125.0704,0.2324,6.9669 , 1.0710,0.3212,<LOD,1.3833,0.4648,51.7150 , 1.3356,2.4442,<LOD,0.0000,0.0000,11815.7471 , 100.9510,4.3099,<LOD,4.2239,3.3503,<LOD,0.9053,0.2065,347033.0000 , 812.8741,35.0948,16.4194 , 2.3459,2.9426,337.5987 , 1.9162,18.7623,<LOD,0.0000,0.0000,5.0839 , 0.8526,0.3578,7226.7632 , 55.3966,23.9401,3.0270 , 1.1099,0.5963,200.9509 , 15.2526,4.2209,<LOD,7.5272,0.2036,22.1267 , 0.8163,2.8245,59.3887 , 3.1326,0.6965,124.5160 , 1.4071,13.3401,9,443.799988,39.000687,-122.662926,10.000000,529187.687500,4316907.000000,
455,Mining,120.53,30.11,30.01,30.16,29.64,"Thu Apr 9, 2026 - 16:07:19",User,1.5,ppm,,,,,,Mining,,<LOD,1.6848,0.6549,150320.2500 , 2927.5322,3.2177,<LOD,1.5938,0.2531,<LOD,3.3398,0.0992,492.9090 , 24.4564,16.7700,366469.3750 , 7233.5688,<LOD,1.5520,0.1483,41926.0742 , 255.7689,47.5471,<LOD,2.5099,1.1407,<LOD,47.7369,0.6910,<LOD,56.7425,10.6853,125.1308 , 6.0432,2.9702,13.5484 , 3.0814,0.3273,32244.1953 , 174.0453,67.5116,<LOD,0.0000,0.0000,<LOD,3.0062,0.2053,11112.2607 , 119.5664,6.6942,32212.6992 , 4280.7085,0.0946,569.5214 , 30.5883,1.2599,<LOD,1.6794,4.1729,6.5089 , 0.6176,2.7513,<LOD,8.0286,0.2596,801.8808 , 135.4900,0.2272,7.3580 , 1.0809,0.3034,<LOD,1.9692,0.5188,48.7565 , 1.3088,2.1695,<LOD,0.0000,0.0000,4083.0505 , 65.7703,1.5180,<LOD,4.8001,3.5713,<LOD,0.9553,0.2151,352277.2500 , 858.5675,32.5682,12.4782 , 2.6560,3.1184,312.6340 , 1.8795,16.2130,<LOD,0.0000,0.0000,3.8212 , 0.8660,0.3301,6580.3335 , 49.9237,19.6138,3.4073 , 1.0924,0.5397,160.6733 , 13.2494,3.3565,<LOD,10.2584,0.2166,21.5345 , 0.8079,2.5712,71.9652 , 3.3555,0.7378,122.3131 , 1.3978,12.0444,9,442.600006,39.000687,-122.662895,10.000000,529190.125000,4316907.000000,
456,Mining,120.52,30.15,30.09,30.15,29.53,"Thu Apr 9, 2026 - 16:10:25",User,1.5,ppm,,,,,,Mining,,<LOD,1.4096,0.6195,147089.7500 , 2570.0361,3.1542,<LOD,1.4191,0.2474,<LOD,2.9670,0.0988,382.6738 , 20.2958,15.5700,400896.9062 , 6168.1372,<LOD,1.2431,0.1194,42021.0391 , 260.0845,53.5654,<LOD,2.1740,1.1752,<LOD,43.3331,0.6688,<LOD,52.1427,11.1192,120.4265 , 5.9219,3.2465,5.7244 , 2.6712,0.3080,30128.9492 , 165.2303,70.9821,<LOD,0.0000,0.0000,<LOD,2.5515,0.1859,11063.5088 , 118.8883,7.4395,36988.4336 , 4108.4414,0.1039,537.7273 , 28.2683,1.3255,<LOD,0.9866,4.2967,4.1996 , 0.5561,2.8336,<LOD,7.2625,0.2640,848.2015 , 129.7508,0.2449,6.7655 , 0.9760,0.3118,<LOD,1.2714,0.4512,41.9199 , 1.1597,2.1389,<LOD,0.0000,0.0000,2694.6504 , 54.7888,1.2249,<LOD,4.0724,3.5320,<LOD,0.8156,0.1942,320386.0000 , 852.0004,32.2015,14.9316 , 2.2455,3.0285,267.1119 , 1.6429,15.7977,<LOD,0.0000,0.0000,3.4379 , 0.7252,0.3050,6152.0557 , 48.4356,20.7067,2.8151 , 0.9791,0.5466,174.9488 , 13.0085,3.6801,<LOD,6.8072,0.1935,16.3661 , 0.7067,2.4803,54.2866 , 2.8726,0.6787,97.1608 , 1.2013,11.3555,9,443.200012,39.000656,-122.662941,10.000000,529186.250000,4316903.500000,
457,Mining,120.12,30.15,30.23,30.11,29.63,"Thu Apr 9, 2026 - 16:13:01",User,1.5,ppm,,,,,,Mining,,<LOD,1.3815,0.6007,141273.3281 , 2428.9749,3.0344,<LOD,1.4768,0.2555,<LOD,2.9657,0.0923,349.7344 , 19.7052,14.7166,414716.8750 , 5891.1216,<LOD,1.3572,0.1336,42545.4805 , 250.7488,53.9348,<LOD,2.0870,1.0838,<LOD,42.0769,0.6602,<LOD,54.8183,11.6849,111.0094 , 5.8269,3.1859,10.8937 , 2.8784,0.3363,31413.8086 , 161.6325,73.5247,<LOD,0.0000,0.0000,<LOD,3.8679,0.2127,11758.5088 , 119.6565,7.8759,29350.1660 , 3824.6030,0.0907,539.3283 , 29.0471,1.3306,<LOD,1.0299,4.3604,4.1885 , 0.5771,2.8432,<LOD,7.5047,0.2575,883.1197 , 130.7007,0.2597,6.2847 , 1.0038,0.3091,<LOD,1.2125,0.4125,47.4518 , 1.2477,2.3477,<LOD,0.0000,0.0000,1969.3516 , 47.7553,0.9647,<LOD,3.9623,3.3551,<LOD,0.8362,0.1936,317667.4688 , 802.8466,31.7695,16.0820 , 2.2023,2.9417,282.9459 , 1.6944,16.5063,<LOD,0.0000,0.0000,3.1886 , 0.7742,0.3185,6688.2578 , 49.2160,22.4388,2.4801 , 1.0247,0.5605,172.8345 , 13.2303,3.8929,<LOD,6.8479,0.1836,17.8290 , 0.7500,2.6162,58.4585 , 3.0224,0.7064,110.9248 , 1.2893,12.3758,11,443.299988,39.000660,-122.662933,10.000000,529186.812500,4316904.000000,
458,Mining,120.64,30.23,30.11,30.12,30.18,"Thu Apr 9, 2026 - 16:16:24",User,1.5,ppm,,,,,,Mining,,<LOD,1.4232,0.6235,152549.1250 , 2594.4448,3.2687,<LOD,1.4568,0.2683,<LOD,3.0576,0.1059,397.5770 , 20.5051,15.6681,378375.2812 , 6312.1606,<LOD,1.3283,0.1377,42705.1875 , 268.4674,54.7006,<LOD,2.1353,1.1061,<LOD,43.3867,0.6980,<LOD,53.7541,12.2503,128.1384 , 6.1277,3.3833,12.6920 , 2.8126,0.3461,33009.9727 , 181.0270,78.1638,<LOD,0.0000,0.0000,2.7983 , 1.8233,0.2253,11106.8174 , 121.1860,7.5459,41125.7617 , 4173.7944,0.1109,604.3463 , 28.9782,1.4448,<LOD,1.0011,4.4285,5.3442 , 0.5644,2.9229,<LOD,7.4069,0.2708,767.6892 , 127.0475,0.2439,7.2275 , 0.9888,0.3228,<LOD,1.2653,0.4403,45.6767 , 1.1998,2.2960,<LOD,0.0000,0.0000,2054.0010 , 48.0939,0.9796,<LOD,4.0925,3.5102,<LOD,0.8284,0.2017,330269.2188 , 868.6575,33.7632,16.0065 , 2.2637,3.0382,282.8419 , 1.7164,16.5572,<LOD,0.0000,0.0000,3.5296 , 0.7581,0.3285,6162.7847 , 50.1052,21.0082,3.5310 , 1.0068,0.5792,173.4614 , 13.3227,3.7436,<LOD,6.6733,0.1877,19.6847 , 0.7364,2.7055,60.7302 , 2.9508,0.7242,110.5791 , 1.2652,12.3674,6,443.700012,39.000668,-122.662933,10.000000,529187.250000,4316904.500000,
459,Mining,122.71,32.46,30.09,30.06,30.10,"Thu Apr 9, 2026 - 16:21:59",User,1.5,ppm,,,,,,Mining,,<LOD,1.4130,0.6180,138604.3594 , 2427.0237,2.9748,<LOD,1.5180,0.2898,<LOD,2.9966,0.0958,407.1718 , 20.1719,15.4122,424376.3125 , 5935.3472,<LOD,1.3826,0.1403,40638.1641 , 241.6495,50.2521,<LOD,2.0955,1.0686,<LOD,41.8222,0.6662,<LOD,52.8906,10.8477,109.0047 , 5.7429,3.0805,7.8704 , 2.7789,0.3164,29816.8066 , 152.8916,68.3951,<LOD,0.0000,0.0000,<LOD,2.5944,0.1842,11629.1680 , 118.2768,7.5806,32573.8613 , 3837.5103,0.0952,528.0733 , 28.5143,1.2800,<LOD,1.0051,4.3558,4.9436 , 0.5651,2.8744,<LOD,7.3872,0.2601,826.6754 , 121.4957,0.2300,6.1250 , 0.9829,0.2999,<LOD,1.2376,0.4223,43.6331 , 1.1855,2.1467,<LOD,0.0000,0.0000,2121.1572 , 47.8122,0.9925,<LOD,3.9843,3.3064,<LOD,0.8235,0.1879,311163.8125 , 779.9977,30.1048,21.6243 , 2.2520,3.0482,269.6971 , 1.6213,15.5550,<LOD,0.0000,0.0000,2.8270 , 0.7710,0.3124,6496.2119 , 47.9321,21.3508,<LOD,2.4079,0.5198,177.8214 , 13.0312,3.7575,<LOD,6.7625,0.1810,19.5450 , 0.7477,2.6474,47.6538 , 2.8163,0.6198,107.5034 , 1.2498,11.8433,10,447.100006,39.000668,-122.662880,10.000000,529191.312500,4316904.500000,
460,Mining,123.51,32.86,30.13,30.29,30.23,"Thu Apr 9, 2026 - 16:24:38",User,1.5,ppm,,,,,,Mining,,<LOD,1.3578,0.6204,150974.5000 , 2328.8647,3.2342,1.4361 , 1.0459,0.3764,<LOD,2.8519,0.0986,380.2400 , 19.4773,15.6182,406665.7188 , 5647.3149,<LOD,1.2892,0.1388,37953.4102 , 232.9355,49.9696,<LOD,2.0328,1.0961,<LOD,40.2178,0.6814,<LOD,50.8644,11.3764,124.1132 , 5.5660,3.3306,8.5673 , 2.6850,0.3360,29460.1211 , 155.1045,72.2927,<LOD,0.0000,0.0000,<LOD,3.3063,0.2142,11162.2861 , 113.2211,7.7073,34961.0117 , 3699.8845,0.1006,497.8177 , 27.1796,1.3152,<LOD,0.9698,4.4688,4.2959 , 0.5492,2.9827,<LOD,7.0924,0.2724,825.7449 , 118.6649,0.2438,6.7573 , 0.9598,0.3261,<LOD,1.2078,0.4384,44.3462 , 1.1653,2.3467,<LOD,0.0000,0.0000,3211.6145 , 54.2196,1.4280,<LOD,3.9026,3.5044,<LOD,0.7816,0.1927,316777.0625 , 799.3037,32.6880,18.2428 , 2.1681,3.0641,272.8890 , 1.6136,16.8636,<LOD,0.0000,0.0000,3.3500 , 0.7353,0.3316,6298.0557 , 46.2476,22.0647,2.9022 , 0.9740,0.5848,173.2599 , 12.3809,3.8751,<LOD,6.3871,0.1835,18.1381 , 0.7131,2.7341,48.2861 , 2.7211,0.6581,105.8544 , 1.2144,12.5870,10,452.399994,39.000599,-122.662872,10.000000,529192.437500,4316897.000000,
461,Mining,123.97,33.78,30.01,30.02,30.16,"Thu Apr 9, 2026 - 16:30:04",User,1.5,ppm,,,,,,Mining,,<LOD,3.0864,0.5883,291816.0625 , 2289.6992,1.8448,<LOD,0.0946,0.0012,<LOD,0.1139,-0.0001,1136.2831 , 51.4708,15.0990,2252.1211,,<LOD,0.0820,0.0003,22100.1133 , 529.4739,9.9893,<LOD,4.6925,1.0783,<LOD,104.7064,0.6395,35.6561 , 3.7902,0.0663,261.4924 , 19.1480,3.4041,<LOD,1.4745,0.0265,<LOD,17.5182,0.2170,<LOD,0.0000,0.0000,<LOD,0.5079,0.0039,21989.9414 , 510.3835,6.0709,51091.3555 , 6770.5137,0.0763,732.2587 , 36.6385,0.7720,<LOD,0.0034,0.0000,<LOD,0.0030,0.0000,<LOD,2.5287,0.0318,2266.2073 , 318.9041,0.2548,<LOD,0.0054,-0.0000,<LOD,2.8034,0.4339,<LOD,0.0299,0.0004,<LOD,0.0000,0.0000,55512.2578 , 1031.4392,9.2942,<LOD,8.8942,3.3440,<LOD,0.0432,0.0001,536161.6250 , 4620.3887,35.2417,34.2687 , 4.9421,2.9463,<LOD,0.0040,-0.0000,<LOD,0.0000,0.0000,<LOD,0.0368,-0.0001,14154.1338 , 347.8889,20.6827,<LOD,0.0281,-0.0000,456.2394 , 40.4924,3.8039,<LOD,1.8314,0.0088,<LOD,0.0029,-0.0000,<LOD,0.6703,0.0104,<LOD,0.0035,-0.0000,9,447.000000,39.000675,-122.662910,10.000000,529188.812500,4316905.500000,
462,Mining,120.50,30.03,30.14,30.14,29.31,"Thu Apr 9, 2026 - 16:32:40",User,1.5,ppm,,,,,,Mining,,<LOD,1.3663,0.6202,137662.9219 , 2469.5024,2.9611,12.2957 , 1.2908,0.6573,<LOD,2.8120,0.0939,378.4838 , 19.6877,15.5582,417451.0312 , 6026.2246,<LOD,1.3712,0.1539,31152.4961 , 229.3829,41.1862,<LOD,2.0695,1.1254,<LOD,44.1299,0.7228,<LOD,55.8627,14.4968,127.7573 , 6.2991,3.5675,7.3445 , 2.6646,0.3260,37584.8516 , 189.9127,93.3553,<LOD,0.0000,0.0000,3.9978 , 1.8380,0.2436,11195.8398 , 125.7273,7.7464,41596.8281 , 4213.4312,0.1116,344.4438 , 24.3110,1.1146,<LOD,0.9810,4.4930,4.4168 , 0.5467,2.8940,<LOD,7.4293,0.2644,713.3075 , 124.4580,0.2296,6.0860 , 0.9519,0.3143,<LOD,1.1960,0.4236,47.2876 , 1.1871,2.3943,<LOD,0.0000,0.0000,3136.0601 , 57.7225,1.4107,<LOD,3.9569,3.5588,<LOD,0.7622,0.1782,311419.4062 , 851.0414,31.8829,19.2929 , 2.1950,3.0979,232.7642 , 1.4927,14.1053,<LOD,0.0000,0.0000,2.9885 , 0.7535,0.3265,6524.5503 , 51.6294,23.2555,1.9556 , 0.9441,0.5324,205.9690 , 14.1377,4.2290,<LOD,6.5228,0.1884,14.4500 , 0.6879,2.4681,34.9074 , 2.5071,0.5497,118.2760 , 1.2532,12.7448,8,447.000000,39.000671,-122.662910,10.000000,529188.812500,4316905.000000,
463,Mining,120.61,30.15,30.23,30.13,30.10,"Thu Apr 9, 2026 - 16:35:15",User,1.5,ppm,,,,,,Mining,,<LOD,1.4780,0.6306,99670.1797 , 2030.3236,2.1952,10.4236 , 1.3628,0.5940,<LOD,3.1163,0.0958,418.9225 , 21.2986,15.8687,446556.2188 , 5400.9082,<LOD,1.4639,0.1461,15918.2617 , 175.6485,20.7583,<LOD,2.2633,1.1750,<LOD,42.5077,0.6836,<LOD,65.2180,18.0943,124.5156 , 7.2085,3.9742,6.5489 , 2.9072,0.3252,48802.1250 , 197.5596,121.0035,<LOD,0.0000,0.0000,2.7925 , 1.9687,0.2302,11333.2510 , 138.2973,7.5685,23899.4863 , 3930.6360,0.0908,381.7466 , 26.5903,1.2327,<LOD,1.0759,4.4471,4.6826 , 0.6009,2.8825,<LOD,8.5380,0.2643,543.6906 , 127.0563,0.2351,6.5412 , 1.0610,0.3248,<LOD,1.3188,0.4493,48.8947 , 1.2877,2.3593,<LOD,0.0000,0.0000,32235.1855 , 166.5237,11.7686,<LOD,4.2559,3.5466,<LOD,0.8634,0.1925,312652.6562 , 759.4701,31.9299,13.8952 , 2.3402,3.0258,270.5887 , 1.6445,15.4906,<LOD,0.0000,0.0000,3.8604 , 0.8236,0.3316,6705.7388 , 54.9960,24.1317,2.1947 , 1.0492,0.5459,218.4702 , 15.8714,4.4871,<LOD,7.2072,0.1924,16.1925 , 0.7608,2.5099,33.3900 , 2.6787,0.5257,119.5812 , 1.3376,12.6261,8,447.000000,39.000675,-122.662918,10.000000,529188.375000,4316905.500000,
464,Mining,120.44,30.11,30.09,30.06,29.58,"Thu Apr 9, 2026 - 16:37:52",User,1.5,ppm,,,,,,Mining,,<LOD,1.3631,0.5963,143214.5625 , 2455.3728,3.0731,13.9952 , 1.3503,0.6987,<LOD,3.0222,0.1039,360.0600 , 19.9318,15.3686,419721.8750 , 5997.7925,<LOD,1.4082,0.1555,24811.5586 , 206.9315,32.6411,<LOD,2.1367,1.1708,<LOD,41.7676,0.6678,<LOD,58.2011,15.3513,112.4054 , 6.4002,3.5391,9.7016 , 2.7749,0.3388,39078.6641 , 191.5279,97.3903,<LOD,0.0000,0.0000,6.5831 , 1.9310,0.2622,11343.2793 , 129.5747,7.7538,39679.2227 , 4050.5195,0.1082,371.4695 , 25.2116,1.1676,<LOD,0.9992,4.4602,4.4179 , 0.5573,2.8807,<LOD,7.8731,0.2893,903.6490 , 129.1499,0.2618,5.7972 , 0.9695,0.3121,<LOD,1.2493,0.4501,45.5947 , 1.1905,2.3091,<LOD,0.0000,0.0000,2845.0833 , 54.1666,1.2876,<LOD,3.9736,3.4273,<LOD,0.8270,0.2034,310018.8438 , 829.0736,31.2532,14.7717 , 2.2125,3.0298,231.5782 , 1.5007,13.9785,<LOD,0.0000,0.0000,2.4456 , 0.7611,0.3127,6828.7959 , 53.5297,24.4633,1.6963 , 0.9611,0.5280,197.9152 , 14.6260,4.3644,<LOD,6.5033,0.1788,14.4805 , 0.6984,2.4424,42.1055 , 2.6801,0.6022,119.4364 , 1.2747,12.7576,7,447.200012,39.000671,-122.662910,10.000000,529188.687500,4316905.000000,
465,Mining,42.77,30.13,12.64,,,"Thu Apr 9, 2026 - 16:42:03",User,1.5,ppm,,,,,,Mining,,504.2904 , 438.8443,12.2971,,,,<LOD,18.3176,0.2154,<LOD,26.9204,0.0658,,,,133898.5469 , 16039.1836,<LOD,13.0531,0.1089,<LOD,295.2122,0.7784,<LOD,32.8211,4.9971,,,,<LOD,472.8689,235.2794,9059.1582 , 122.9770,89.8415,1695.0824 , 63.1445,1.6650,846670.9375 , 707.8123,1586.8948,<LOD,0.0000,0.0000,<LOD,26.9502,0.1530,<LOD,381.9071,0.8737,,,,2742.9114 , 121.6112,11.0540,3947.1472 , 24.6539,50.8343,<LOD,5.0294,0.7958,1195.3478 , 148.5050,0.8144,,,,146.5498 , 16.1730,0.7038,<LOD,34.4721,5.9322,11.5775 , 2.2693,0.0932,<LOD,0.0000,0.0000,,,,<LOD,57.8990,5.6000,<LOD,6.7511,0.1090,,,,128.4752 , 29.1378,6.8064,<LOD,3.4093,0.1819,<LOD,0.0000,0.0000,<LOD,15.9137,-0.8804,<LOD,370.6880,1.8984,<LOD,4.4582,-0.0429,<LOD,154.2144,1.7747,<LOD,0.0000,0.1879,<LOD,4.4019,0.2988,<LOD,22.5138,0.1709,<LOD,3.4012,0.4079,9,446.700012,39.000687,-122.662926,10.000000,529187.812500,4316907.000000,
468,Mining,30.24,29.94,,,,"Fri Apr 10, 2026 - 10:04:47",User,1.5,ppm,,,,,,Mining,,542.5981 , 460.9020,12.2636,,,,<LOD,18.4112,0.2465,<LOD,30.0767,0.0722,,,,110346.3750 , 15152.3350,<LOD,19.1168,0.1207,,,,<LOD,32.5685,4.8615,,,,<LOD,464.7826,232.1192,8817.4590 , 103.3368,22.5254,1637.8668 , 60.4690,1.5343,869818.0625 , 602.4871,1566.6296,<LOD,0.0000,0.0000,<LOD,26.0863,0.1510,,,,,,,2917.5110 , 119.6292,11.0811,4311.8184 , 24.8280,50.8350,<LOD,5.0700,0.7986,1232.8618 , 147.3040,0.8196,,,,136.4083 , 15.6462,0.6659,<LOD,38.3975,6.0071,<LOD,3.6615,-0.0701,<LOD,0.0000,0.0000,,,,<LOD,58.0025,5.7594,<LOD,7.0393,0.1196,,,,125.5771 , 28.8911,6.6581,<LOD,2.7513,0.1707,<LOD,0.0000,0.0000,<LOD,18.6602,-1.1783,113.5086 , 82.5426,1.5378,<LOD,3.7752,-0.0321,<LOD,188.3809,1.4605,<LOD,0.0000,0.1987,<LOD,4.2655,0.2901,<LOD,22.5538,0.1727,<LOD,3.9548,0.4409,,,,,,,,
469,Mining,120.34,30.12,30.07,30.07,30.08,"Fri Apr 10, 2026 - 11:58:46",User,1.5,ppm,,,,,,Mining,,29.9505 , 1.3075,1.5588,33560.8750 , 866.7031,0.7894,<LOD,4.6295,2.7073,5.9350 , 2.7704,0.2260,411.3748 , 19.6925,18.4687,737273.0000 , 2901.5374,<LOD,1.7458,0.2820,7514.7188 , 96.1648,10.2870,2.8167 , 1.4667,1.5247,<LOD,36.9256,0.7078,<LOD,46.7484,10.3856,42.8913 , 4.2825,2.5880,102.9578 , 4.3626,0.9895,25075.5820 , 103.8377,65.4846,<LOD,0.0000,0.0000,76.2269 , 3.4016,1.0470,16592.4434 , 122.2028,10.8437,<LOD,3602.8751,0.0350,310.3112 , 23.8260,1.0892,4.6328 , 0.7283,6.4707,2.6523 , 0.5590,3.3624,<LOD,6.9472,0.3097,2365.6057 , 178.9376,0.6368,207.0767 , 2.9574,3.5204,<LOD,1.2808,0.5659,69.0358 , 1.3825,3.8067,<LOD,0.0000,0.0000,3726.4780 , 57.1879,1.7912,<LOD,4.7105,4.3049,<LOD,1.0334,0.3416,168875.8438 , 524.4247,14.8469,6.1163 , 2.1742,3.4960,266.1669 , 1.4110,18.0400,<LOD,0.0000,0.0000,3.0667 , 1.0334,0.7416,2377.3623 , 26.7326,9.3521,2.3750 , 1.1316,0.8530,67.6946 , 7.6339,1.8756,<LOD,8.1071,0.3278,6.9406 , 0.7470,3.2274,296.3044 , 5.3455,2.8375,135.7888 , 1.2574,16.3086,,,,,,,,
470,Mining,120.38,30.02,30.13,30.16,30.07,"Fri Apr 10, 2026 - 12:20:27",User,1.5,ppm,,,,,,Mining,,30.0939 , 1.2736,1.5512,34677.7148 , 893.0989,0.8129,<LOD,4.5015,2.7097,<LOD,3.7563,0.1885,415.1482 , 19.2347,18.4552,726069.6250 , 2784.4011,<LOD,1.7775,0.2902,7612.4697 , 96.0892,10.2746,<LOD,2.1157,1.4527,<LOD,37.1889,0.7069,<LOD,46.6712,10.2372,44.5550 , 4.3043,2.6091,105.0622 , 4.3825,0.9874,25188.5488 , 102.9250,64.8288,<LOD,0.0000,0.0000,77.6889 , 3.4118,1.0387,16625.1465 , 121.4437,10.7181,4268.4307 , 2213.2197,0.0412,285.1142 , 23.3215,1.0322,5.2917 , 0.7311,6.4544,3.2671 , 0.5603,3.3443,<LOD,6.8923,0.2994,2269.6450 , 181.1282,0.6377,211.1684 , 2.9784,3.5331,<LOD,1.2458,0.5611,68.0701 , 1.3733,3.7050,<LOD,0.0000,0.0000,3657.0352 , 56.8914,1.7433,<LOD,6.4164,4.3662,<LOD,0.9753,0.3236,175149.5000 , 528.1206,15.2629,7.7664 , 2.1306,3.5292,266.6335 , 1.4066,17.8009,<LOD,0.0000,0.0000,<LOD,2.4946,0.7191,2428.3594 , 26.6119,9.3602,3.1861 , 1.1383,0.8535,81.6488 , 7.7470,1.9370,<LOD,8.2501,0.3361,5.2912 , 0.7336,3.0625,305.9999 , 5.4099,2.8750,137.5269 , 1.2573,16.1919,,,,,,,,
471,Mining,122.96,32.57,30.27,30.05,30.07,"Fri Apr 10, 2026 - 12:23:18",User,1.5,ppm,,,,,,Mining,,30.1866 , 1.3038,1.5540,35149.6094 , 892.1464,0.8227,<LOD,4.4156,2.6538,<LOD,3.9459,0.1957,440.0791 , 19.6774,18.6698,729671.0000 , 3548.3936,<LOD,1.8771,0.3045,7686.0190 , 99.3599,10.4497,3.0631 , 1.4572,1.5103,<LOD,35.5713,0.6911,<LOD,48.5716,10.4222,37.6765 , 4.3799,2.5628,106.5678 , 4.5649,1.0066,24941.1152 , 110.0502,64.9322,<LOD,0.0000,0.0000,76.6349 , 3.5160,1.0377,16340.2305 , 124.7471,10.6499,<LOD,4621.4286,0.0370,305.9129 , 24.6300,1.0797,4.7374 , 0.7560,6.4772,2.2166 , 0.5779,3.3290,<LOD,7.1212,0.2985,2226.9607 , 173.8907,0.6277,206.2213 , 3.0619,3.4985,<LOD,1.2740,0.5613,66.3403 , 1.4195,3.6936,<LOD,0.0000,0.0000,3549.6221 , 54.8417,1.7235,<LOD,6.5565,4.3185,<LOD,1.0278,0.3393,174263.9531 , 525.8771,15.3360,7.6705 , 2.1642,3.4831,261.8820 , 1.4613,17.7184,<LOD,0.0000,0.0000,<LOD,1.6019,0.6938,2342.7139 , 27.6915,9.2829,4.6528 , 1.1959,0.8882,73.6573 , 7.9024,1.9112,<LOD,8.4258,0.3293,6.6580 , 0.7670,3.1610,304.7194 , 5.6093,2.8982,133.7453 , 1.2954,16.0245,,,,,,,,
472,Mining,120.75,30.17,30.25,30.23,28.60,"Fri Apr 10, 2026 - 12:26:59",User,1.5,ppm,,,,,,Mining,,23.0500 , 1.3803,1.1567,47203.2109 , 1311.1960,1.0668,<LOD,6.7683,4.1652,<LOD,4.9371,0.2185,609.7381 , 23.2434,17.7944,673320.6250 , 3929.0435,<LOD,2.4076,0.3554,9817.5732 , 124.8076,11.6256,5.0818 , 1.6883,1.3577,<LOD,45.7061,0.7927,<LOD,59.8174,12.4863,53.0059 , 5.4579,2.6828,290.6870 , 7.1395,1.7929,34710.8398 , 128.4143,78.0419,<LOD,0.0000,0.0000,131.5063 , 4.7006,1.3384,18013.2461 , 146.6748,10.3766,10137.1904 , 2928.9614,0.0500,476.3144 , 29.3126,1.2260,2.1169 , 0.8506,5.5863,4.5911 , 0.6596,2.9735,<LOD,8.8112,0.3220,2069.3022 , 189.0429,0.5184,412.7290 , 4.5617,5.5391,<LOD,1.8156,0.5034,70.1433 , 1.5946,3.2296,<LOD,0.0000,0.0000,3750.6599 , 62.3404,1.5756,<LOD,6.5857,3.7875,<LOD,1.2397,0.3424,194435.7031 , 599.4443,15.2995,22.3043 , 2.5389,3.2427,366.0167 , 1.8435,20.0453,<LOD,0.0000,0.0000,6.7550 , 1.4622,0.9921,3166.3977 , 35.7023,10.8146,5.0445 , 1.4462,0.9075,117.9924 , 10.4328,2.2618,<LOD,15.8408,0.3977,13.5204 , 0.9701,3.5730,551.4265 , 7.8771,4.1475,213.2832 , 1.7022,19.4275,,,,,,,,
473,Mining,120.27,30.05,30.13,30.05,29.14,"Fri Apr 10, 2026 - 12:32:48",User,1.5,ppm,,,,,,Mining,,22.0731 , 1.3199,1.1339,46998.6641 , 1272.3768,1.0630,<LOD,6.3899,4.1468,<LOD,4.9846,0.2342,607.1749 , 22.4083,17.7450,672563.5000 , 3779.5330,<LOD,2.3330,0.3503,9814.7969 , 121.6175,11.6148,4.6091 , 1.6239,1.3462,<LOD,44.2319,0.7722,<LOD,59.7621,12.5426,53.8669 , 5.2996,2.6675,291.2779 , 6.9714,1.7951,34749.6445 , 125.1423,78.1179,<LOD,0.0000,0.0000,132.9035 , 4.6129,1.3545,18041.5352 , 142.9615,10.3779,8755.5859 , 2805.1270,0.0477,440.7135 , 28.0692,1.1787,2.3252 , 0.8338,5.6270,4.5996 , 0.6472,2.9982,<LOD,8.5099,0.3107,2073.4890 , 184.4102,0.5145,414.3875 , 4.4621,5.5660,<LOD,1.3932,0.4800,71.2634 , 1.5735,3.2960,<LOD,0.0000,0.0000,3751.4646 , 61.0459,1.5742,<LOD,6.7944,3.7907,<LOD,1.2342,0.3543,196707.9375 , 588.7569,15.5120,21.4668 , 2.4444,3.2214,369.8790 , 1.8076,20.2544,<LOD,0.0000,0.0000,9.3681 , 1.4464,1.0388,3198.8953 , 34.2518,10.7765,6.4361 , 1.4347,0.9391,129.8644 , 10.1998,2.2887,<LOD,16.6879,0.3965,13.8825 , 0.9521,3.6120,535.1984 , 7.5855,4.0391,213.2305 , 1.6636,19.4871,,,,,,,,
474,Mining,122.99,32.73,30.05,30.13,30.08,"Fri Apr 10, 2026 - 12:35:40",User,1.5,ppm,,,,,,Mining,,23.7849 , 1.3729,1.1767,46936.3125 , 1202.2953,1.0615,<LOD,6.3150,4.1059,<LOD,4.8383,0.2240,615.3389 , 23.0028,17.9320,675614.0000 , 3548.1353,<LOD,2.3526,0.3623,9852.2236 , 125.4160,11.6849,<LOD,2.6937,1.2763,<LOD,42.1156,0.7679,<LOD,57.7647,12.4090,57.2294 , 5.5153,2.7282,286.2856 , 6.8747,1.7748,34746.8359 , 123.4349,78.3657,<LOD,0.0000,0.0000,132.1128 , 4.5627,1.3476,18350.2266 , 148.2095,10.5926,7036.3101 , 2600.1648,0.0447,471.5567 , 28.3920,1.2267,3.0465 , 0.8268,5.6560,4.9858 , 0.6394,2.9917,<LOD,8.3417,0.3008,1935.6980 , 176.4942,0.5110,412.0370 , 4.4154,5.5474,<LOD,1.4413,0.4926,71.4253 , 1.5516,3.2780,<LOD,0.0000,0.0000,3722.1138 , 58.3335,1.5726,7.5727 , 3.0347,3.8762,<LOD,1.2131,0.3502,195282.1875 , 562.6008,15.4389,18.4987 , 2.4954,3.2037,366.6487 , 1.7834,20.1439,<LOD,0.0000,0.0000,5.7200 , 1.4158,0.9845,3166.3081 , 35.9223,10.8699,4.0472 , 1.3914,0.8955,116.9804 , 10.4861,2.2695,<LOD,15.2594,0.3937,12.3455 , 0.9339,3.5263,538.3457 , 7.5502,4.0705,209.8007 , 1.6380,19.2577,,,,,,,,
475,Mining,122.93,32.53,30.09,30.13,30.18,"Fri Apr 10, 2026 - 12:39:44",User,1.5,ppm,,,,,,Mining,,24.1762 , 1.3011,1.2945,50255.4922 , 1136.3925,1.1342,<LOD,4.4561,2.2452,<LOD,3.9226,0.1614,677.9918 , 21.9634,20.4232,660699.7500 , 3352.5830,<LOD,1.8888,0.2578,11081.1924 , 124.9815,13.8808,<LOD,2.2921,1.3588,<LOD,34.4986,0.5814,<LOD,54.2315,11.4619,42.5262 , 4.9359,2.5678,231.5259 , 6.2680,1.6122,29881.3359 , 117.9718,71.8404,<LOD,0.0000,0.0000,60.9876 , 3.3964,0.7998,18857.2910 , 142.2150,11.5664,7959.7749 , 2434.4243,0.0465,562.5703 , 29.7684,1.4110,<LOD,1.9344,5.8785,4.5968 , 0.6305,3.2671,<LOD,7.9195,0.3069,1476.3413 , 157.5349,0.4592,195.3496 , 3.1139,3.0419,<LOD,1.3409,0.5197,83.5721 , 1.6380,4.1405,<LOD,0.0000,0.0000,2681.4878 , 49.2897,1.2679,<LOD,4.2385,3.9584,<LOD,1.0797,0.3191,211266.7344 , 556.1123,18.0385,10.7029 , 2.3235,3.3768,429.2497 , 1.9222,25.6113,<LOD,0.0000,0.0000,18.0458 , 1.2773,0.9868,2851.1057 , 32.1784,10.3608,7.8845 , 1.3608,0.9735,94.2497 , 9.3081,2.1125,<LOD,9.1380,0.3274,11.3713 , 0.8620,3.3434,342.0195 , 6.1149,2.9213,192.6816 , 1.6114,20.6156,,,,,,,,
476,Mining,94.70,30.09,30.28,30.09,4.24,"Fri Apr 10, 2026 - 12:42:14",User,1.5,ppm,,,,,,Mining,,22.3136 , 1.2781,1.2420,40466.6523 , 5726.1060,0.9236,<LOD,4.4495,2.2348,<LOD,4.0993,0.1774,686.1657 , 22.1173,20.4162,709136.4375 , 6718.1650,<LOD,1.9051,0.2628,11203.5322 , 121.7039,13.8707,<LOD,2.2744,1.3280,<LOD,191.6466,0.4826,<LOD,62.0629,11.5629,37.6047 , 4.7238,2.5344,231.6267 , 6.2348,1.5924,30276.8906 , 130.1190,71.7148,<LOD,0.0000,0.0000,61.5401 , 3.3917,0.7978,19218.7461 , 139.5592,11.6321,<LOD,2720.4240,-0.0007,554.1108 , 29.3881,1.3830,<LOD,1.8805,5.8394,4.9425 , 0.6275,3.2563,<LOD,8.1470,0.3348,<LOD,2152.7512,0.3812,199.9290 , 3.1332,3.0540,<LOD,1.3421,0.5191,86.8287 , 1.6451,4.1703,<LOD,0.0000,0.0000,2285.5798 , 278.4033,1.0874,<LOD,4.2506,3.9689,<LOD,1.0824,0.3159,181558.5000 , 3112.6787,14.8733,6.6322 , 2.3106,3.3098,432.1634 , 2.0030,25.3433,<LOD,0.0000,0.0000,17.1535 , 1.2717,0.9706,2857.7271 , 31.3642,10.2856,4.7216 , 1.3165,0.9101,95.9498 , 8.9540,2.1122,<LOD,9.1178,0.3264,12.0317 , 0.8672,3.3919,344.4596 , 6.1076,2.8955,197.7728 , 1.6437,20.6714,,,,,,,,
477,Mining,120.00,30.04,30.06,30.14,29.76,"Fri Apr 10, 2026 - 12:45:16",User,1.5,ppm,,,,,,Mining,,22.5761 , 1.2933,1.2599,50276.8359 , 1171.0846,1.1348,<LOD,4.3216,2.2295,<LOD,3.9365,0.1729,668.4299 , 22.0998,20.3806,662841.1875 , 3340.7542,<LOD,1.8406,0.2594,10978.3486 , 118.4180,13.8812,<LOD,2.2590,1.2899,<LOD,36.2031,0.5899,<LOD,52.8403,11.5170,40.8184 , 4.6610,2.5591,217.7428 , 5.9629,1.5450,29737.0332 , 115.4187,71.9079,<LOD,0.0000,0.0000,56.6862 , 3.2243,0.7625,18833.6387 , 135.0258,11.6218,6071.0566 , 2450.1323,0.0433,556.1674 , 28.8499,1.4020,<LOD,1.4602,5.8780,3.3499 , 0.6085,3.2063,<LOD,7.7702,0.3156,1502.6681 , 167.4835,0.4774,194.6037 , 3.0279,3.0470,<LOD,1.3721,0.5381,83.2616 , 1.5997,4.1769,<LOD,0.0000,0.0000,2586.6956 , 50.8823,1.2391,<LOD,4.2917,4.0292,<LOD,1.0461,0.3132,211439.6406 , 578.7271,18.1491,6.4654 , 2.3216,3.3055,424.1606 , 1.8659,25.4847,<LOD,0.0000,0.0000,16.7124 , 1.2322,0.9664,2807.4160 , 30.4300,10.2879,9.3161 , 1.3359,0.9968,85.5816 , 8.7182,2.0671,<LOD,8.7144,0.3150,11.5181 , 0.8404,3.3687,335.7126 , 5.9077,2.8874,192.4259 , 1.5683,20.6747,,,,,,,,
478,Mining,120.62,30.11,30.27,30.10,30.14,"Fri Apr 10, 2026 - 12:48:55",User,1.5,ppm,,,,,,Mining,,37.7632 , 1.5214,1.6450,25619.3574 , 831.2861,0.6239,<LOD,4.7245,2.3603,<LOD,4.0820,0.1638,634.0358 , 23.0809,20.4209,731476.5625 , 2660.2195,<LOD,1.9180,0.2476,8961.4834 , 106.6451,10.8863,<LOD,2.4235,1.3965,<LOD,40.5512,0.7267,<LOD,65.1877,9.8860,56.3831 , 4.7669,2.6587,157.5246 , 5.5850,1.1862,26275.1406 , 111.6927,61.0239,<LOD,0.0000,0.0000,33.5360 , 3.0049,0.5573,15824.5430 , 123.4633,9.3116,<LOD,3006.8077,0.0275,651.9367 , 32.3550,1.4988,2.7519 , 0.8144,5.7858,4.6656 , 0.6411,3.2170,<LOD,8.2600,0.3329,2375.7588 , 198.8931,0.6498,211.3179 , 3.2841,3.1711,<LOD,1.4583,0.5682,66.6028 , 1.5153,3.3098,<LOD,0.0000,0.0000,1463.9390 , 47.3917,0.9464,<LOD,6.2899,4.3077,<LOD,1.0942,0.3019,182426.7188 , 547.0118,14.4502,5.6695 , 2.4660,3.4934,360.1661 , 1.7800,21.2157,<LOD,0.0000,0.0000,4.0135 , 1.1546,0.6838,2715.2300 , 29.3843,9.4835,5.6435 , 1.2786,0.8070,93.3623 , 8.5701,1.9696,<LOD,9.6757,0.3409,10.2710 , 0.8525,3.0781,362.9633 , 6.4247,3.0012,162.5914 , 1.5151,17.3088,,,,,,,,
479,Mining,120.29,30.04,30.12,30.04,30.09,"Fri Apr 10, 2026 - 12:51:50",User,1.5,ppm,,,,,,Mining,,37.9194 , 1.4689,1.6529,25870.8809 , 833.8192,0.6291,<LOD,4.7056,2.3554,<LOD,4.3057,0.1840,625.8948 , 22.2385,20.3841,731868.6875 , 2743.2822,<LOD,1.9631,0.2610,8843.8291 , 106.3773,10.7903,<LOD,2.3461,1.4131,<LOD,40.4399,0.7286,<LOD,52.6655,9.7979,52.2739 , 4.7613,2.6410,162.5664 , 5.6293,1.2123,26378.3691 , 111.8449,61.3784,<LOD,0.0000,0.0000,33.6732 , 3.0039,0.5619,15786.4209 , 123.5646,9.2991,<LOD,3164.2778,0.0307,654.6430 , 32.3262,1.5060,1.8729 , 0.8028,5.6526,4.3367 , 0.6337,3.1683,<LOD,7.8192,0.2862,2353.5479 , 195.5999,0.6342,210.3546 , 3.2710,3.1630,<LOD,1.4026,0.5664,66.3582 , 1.4973,3.2692,<LOD,0.0000,0.0000,1411.4442 , 46.9370,0.9345,<LOD,6.2973,4.3315,<LOD,1.1133,0.3101,181925.3750 , 545.2281,14.4239,8.2898 , 2.3902,3.5494,360.4381 , 1.7785,21.2611,<LOD,0.0000,0.0000,4.1788 , 1.1702,0.7010,2718.3572 , 29.5368,9.5295,2.9040 , 1.2368,0.7573,96.3284 , 8.6279,1.9940,<LOD,9.5357,0.3334,10.9559 , 0.8545,3.1182,348.9977 , 6.3036,2.9047,161.1165 , 1.5082,17.2270,,,,,,,,
480,Mining,122.77,32.47,30.04,30.19,30.07,"Fri Apr 10, 2026 - 12:55:01",User,1.5,ppm,,,,,,Mining,,39.5652 , 1.5075,1.6947,25839.9160 , 817.4075,0.6286,<LOD,4.5563,2.3853,<LOD,4.0330,0.1730,621.5217 , 22.5138,20.3366,731172.5625 , 2746.5042,<LOD,1.9445,0.2752,8919.4375 , 111.7814,10.8726,<LOD,2.3412,1.3600,<LOD,39.5018,0.7261,<LOD,50.9303,9.8359,57.9999 , 5.0091,2.6712,152.5038 , 5.3308,1.1668,26379.4824 , 108.6200,61.7258,<LOD,0.0000,0.0000,32.7903 , 2.8685,0.5494,15982.4697 , 130.4115,9.4657,<LOD,3228.0615,0.0326,701.3159 , 31.8634,1.5741,1.7759 , 0.7764,5.6844,5.0758 , 0.6168,3.2378,<LOD,8.0034,0.3401,2455.2773 , 193.6366,0.6518,208.9378 , 3.1547,3.1583,<LOD,1.4949,0.5718,65.8620 , 1.4402,3.2523,<LOD,0.0000,0.0000,1424.7535 , 46.1935,0.9450,<LOD,6.3954,4.3145,<LOD,1.0660,0.3083,182208.0625 , 536.1144,14.5388,<LOD,5.9992,3.4966,360.0385 , 1.7218,21.3479,<LOD,0.0000,0.0000,2.5669 , 1.1294,0.6836,2709.4355 , 31.0273,9.5648,2.1033 , 1.1821,0.7428,87.8000 , 8.9784,1.9616,<LOD,9.1596,0.3296,11.5532 , 0.8296,3.1621,354.3073 , 6.1354,2.9542,164.4008 , 1.4686,17.5352,,,,,,,,
481,Mining,120.26,30.07,30.03,30.07,30.09,"Fri Apr 10, 2026 - 12:58:16",User,1.5,ppm,,,,,,Mining,,31.5602 , 1.3348,1.5880,30739.1445 , 872.2570,0.7397,<LOD,8.2336,6.9759,<LOD,4.7273,0.2828,487.7852 , 20.4252,19.5748,712504.5625 , 2705.5427,<LOD,2.4395,0.5156,6782.3301 , 96.2293,9.1349,4.2308 , 1.5147,1.5936,<LOD,39.9283,0.7445,<LOD,46.0068,9.3592,59.3920 , 4.6908,2.8307,542.5692 , 8.5445,3.6165,23156.3105 , 100.1000,58.3577,<LOD,0.0000,0.0000,92.6685 , 3.8733,1.2081,18840.9082 , 132.8221,11.8385,<LOD,3172.2144,0.0330,257.4695 , 23.1525,0.9603,4.5856 , 0.7272,5.8923,2.8115 , 0.5812,3.3009,<LOD,7.2918,0.3447,2160.8738 , 207.6688,0.7369,599.3024 , 4.9756,9.3171,<LOD,1.2920,0.5607,77.2851 , 1.4925,4.1309,<LOD,0.0000,0.0000,4547.6162 , 65.9754,2.1262,10.8706 , 2.7698,4.6452,<LOD,1.2200,0.4714,194965.2031 , 561.1042,16.9458,16.6751 , 2.2703,3.7735,262.0751 , 1.4201,17.1796,<LOD,0.0000,0.0000,<LOD,2.2527,1.3322,2500.8296 , 28.6350,9.5659,5.3504 , 1.2261,0.9282,91.8011 , 8.3238,2.0333,<LOD,17.3505,0.6623,10.4956 , 0.9242,4.5505,1151.9629 , 10.1533,9.7247,93.2830 , 1.1426,12.3621,,,,,,,,
482,Mining,120.31,30.15,30.03,30.04,29.47,"Fri Apr 10, 2026 - 13:01:11",User,1.5,ppm,,,,,,Mining,,29.4857 , 1.3030,1.5356,31019.0039 , 925.4682,0.7452,<LOD,7.7391,6.9973,<LOD,4.9986,0.2998,480.0493 , 20.2292,19.4744,711379.5625 , 3729.3750,<LOD,2.5235,0.5226,6828.3989 , 97.5777,9.1813,5.2163 , 1.5091,1.6123,<LOD,40.4827,0.7392,<LOD,47.4257,9.4221,55.3350 , 4.7027,2.7931,533.8281 , 8.7539,3.5799,23101.1074 , 106.9641,58.4685,<LOD,0.0000,0.0000,93.9499 , 4.0653,1.2399,18974.3906 , 135.7812,11.9717,<LOD,4898.1478,0.0386,262.6641 , 23.9946,0.9758,4.5429 , 0.7472,5.8966,2.0904 , 0.5929,3.2445,<LOD,7.5079,0.3456,2237.9607 , 214.6357,0.7646,600.4261 , 5.1639,9.3750,<LOD,1.2685,0.5491,77.1789 , 1.5353,4.1290,<LOD,0.0000,0.0000,4381.6675 , 66.2510,2.0627,5.3699 , 2.7189,4.5121,<LOD,1.2701,0.4740,194172.9531 , 586.2124,16.9432,17.0962 , 2.2487,3.7664,264.0379 , 1.4865,17.3795,<LOD,0.0000,0.0000,<LOD,2.5491,1.3541,2515.3933 , 28.8068,9.5797,4.1720 , 1.2514,0.9123,99.8435 , 8.4490,2.0686,19.0480 , 8.2125,0.6855,11.2228 , 0.9563,4.6214,1149.5668 , 10.5149,9.7506,93.8015 , 1.1838,12.4806,,,,,,,,
483,Mining,120.00,30.27,30.15,30.18,29.40,"Fri Apr 10, 2026 - 13:04:04",User,1.5,ppm,,,,,,Mining,,30.5322 , 1.3062,1.5580,30355.9395 , 896.8528,0.7319,<LOD,7.2005,6.9489,<LOD,4.6798,0.2739,501.8391 , 20.1552,19.6374,711816.0000 , 3460.2559,<LOD,2.5116,0.5411,6770.0796 , 96.7679,9.1559,6.8440 , 1.5106,1.6347,<LOD,40.1415,0.7442,<LOD,46.1299,9.2892,61.7550 , 4.7242,2.8601,532.5877 , 8.5580,3.5765,23119.0723 , 103.9378,58.5837,<LOD,0.0000,0.0000,89.5920 , 3.8527,1.1797,18714.2109 , 133.9403,11.8281,<LOD,4491.5380,0.0380,247.7354 , 23.1858,0.9513,4.2046 , 0.7299,5.8821,1.3289 , 0.5738,3.1648,<LOD,7.3150,0.3433,2173.9856 , 212.1617,0.7621,603.6608 , 5.0605,9.4337,<LOD,1.2450,0.5321,77.6062 , 1.5040,4.1524,<LOD,0.0000,0.0000,4485.3896 , 65.9534,2.0974,15.8287 , 2.7455,4.7218,<LOD,1.2172,0.4658,195082.9688 , 576.8628,17.0464,20.6965 , 2.2456,3.8064,260.3152 , 1.4410,17.1662,<LOD,0.0000,0.0000,<LOD,2.1855,1.3133,2489.4441 , 28.9916,9.6194,4.2697 , 1.2162,0.9031,81.8099 , 8.2895,1.9989,<LOD,15.7188,0.6563,9.9938 , 0.9301,4.5567,1145.0966 , 10.2581,9.7203,95.2780 , 1.1599,12.5475,,,,,,,,
484,Mining,122.85,32.71,30.06,30.05,30.03,"Fri Apr 10, 2026 - 13:07:18",User,1.5,ppm,,,,,,Mining,,23.9145 , 1.1703,1.4405,32476.5840 , 832.5347,0.7775,<LOD,7.6037,6.2348,<LOD,4.5832,0.2850,395.9937 , 18.5199,18.8680,697378.0625 , 2687.8435,<LOD,2.2155,0.4549,5493.7373 , 82.8116,7.7270,4.8947 , 1.4032,1.6255,<LOD,36.5153,0.7049,<LOD,42.3458,8.1173,46.4336 , 4.1975,2.6548,467.6868 , 7.9904,3.3535,19254.6445 , 93.5191,50.7282,<LOD,0.0000,0.0000,69.7710 , 3.4930,1.0366,16338.0352 , 118.2241,10.6190,3064.5400 , 2100.7764,0.0403,216.5746 , 22.3284,0.9093,3.8872 , 0.6883,5.9529,2.2733 , 0.5448,3.3214,<LOD,6.8749,0.3343,2004.1399 , 185.8966,0.6825,497.2843 , 4.5386,8.3026,<LOD,1.1836,0.5577,69.5030 , 1.3988,3.9377,<LOD,0.0000,0.0000,2937.6880 , 52.1431,1.4904,12.3076 , 2.5590,4.7322,<LOD,1.2034,0.4978,215918.7812 , 550.6849,19.6388,9.3302 , 2.0590,3.6494,225.3737 , 1.3161,15.8826,<LOD,0.0000,0.0000,<LOD,2.4079,1.2116,1965.0612 , 24.1811,7.8183,<LOD,2.5812,0.8104,73.1059 , 7.0624,1.7102,<LOD,14.0383,0.6180,6.2839 , 0.8481,4.1172,964.5527 , 9.3287,8.7129,79.5109 , 1.0636,11.5681,,,,,,,,
485,Mining,122.94,32.68,30.10,30.10,30.06,"Fri Apr 10, 2026 - 13:10:26",User,1.5,ppm,,,,,,Mining,,24.8990 , 1.2057,1.4567,33609.5000 , 867.2874,0.8006,<LOD,6.5543,6.2195,<LOD,4.5212,0.2764,407.2819 , 18.9718,18.8792,695531.9375 , 3519.7080,<LOD,2.2549,0.4696,5505.0229 , 85.4290,7.6992,3.9570 , 1.4247,1.5927,<LOD,35.9708,0.6933,<LOD,42.5014,8.1655,48.2805 , 4.3366,2.6710,475.2090 , 8.0437,3.3736,19473.4590 , 96.6977,50.9094,<LOD,0.0000,0.0000,70.9027 , 3.5132,1.0447,16654.1406 , 123.2560,10.7485,<LOD,4595.0376,0.0380,209.0473 , 22.1666,0.8942,3.4798 , 0.6990,5.9031,1.3957 , 0.5552,3.2657,<LOD,6.8793,0.3327,1893.9270 , 183.1762,0.6685,506.8630 , 4.5937,8.3725,<LOD,1.2013,0.5467,67.2252 , 1.3923,3.8363,<LOD,0.0000,0.0000,2971.6672 , 51.8009,1.4906,14.4564 , 2.6226,4.7493,<LOD,1.1581,0.4518,217431.0938 , 565.5788,19.6723,14.9136 , 2.1259,3.7349,225.3531 , 1.3275,15.7433,<LOD,0.0000,0.0000,<LOD,1.9718,1.1626,1992.3246 , 25.0638,7.8695,4.1015 , 1.1384,0.8592,69.2374 , 7.2490,1.6945,<LOD,16.6640,0.6258,7.5012 , 0.8546,4.1719,966.9755 , 9.3702,8.6636,78.3842 , 1.0594,11.3562,,,,,,,,
486,Mining,123.12,32.73,30.08,30.07,30.24,"Fri Apr 10, 2026 - 13:13:13",User,1.5,ppm,,,,,,Mining,,22.7102 , 1.1812,1.4015,32949.9023 , 844.0323,0.7872,<LOD,6.3590,6.1542,<LOD,4.4590,0.2829,387.0091 , 18.8832,18.6826,697748.4375 , 2568.6711,<LOD,2.2161,0.4771,5544.8545 , 83.9320,7.7737,6.0335 , 1.4439,1.6499,<LOD,37.0629,0.6968,<LOD,41.2248,8.0592,42.3194 , 4.2321,2.6349,465.4535 , 7.7611,3.3154,19386.7793 , 91.1060,50.7751,<LOD,0.0000,0.0000,67.8823 , 3.3674,1.0081,16707.7285 , 120.1491,10.7973,<LOD,2948.6268,0.0324,239.2717 , 22.2183,0.9448,2.9095 , 0.6799,5.8610,1.1640 , 0.5399,3.2424,<LOD,6.4318,0.2969,2061.6687 , 190.7415,0.6908,500.2961 , 4.4295,8.2887,<LOD,1.2202,0.5676,68.0372 , 1.3658,3.8989,<LOD,0.0000,0.0000,2902.7856 , 52.9497,1.4723,11.7775 , 2.6138,4.7157,<LOD,1.1378,0.4586,217513.3438 , 558.7096,19.7173,10.6763 , 2.1081,3.6626,223.1898 , 1.2747,15.6268,<LOD,0.0000,0.0000,<LOD,1.9481,1.2023,1986.5341 , 24.4801,7.8546,4.9355 , 1.1173,0.8725,82.6118 , 7.2364,1.7643,<LOD,12.3054,0.6095,5.5509 , 0.8209,4.0307,978.2645 , 9.1409,8.7701,77.9247 , 1.0288,11.3275,,,,,,,,
488,Mining,120.23,30.03,30.07,30.06,29.77,"Fri Apr 10, 2026 - 13:21:31",User,1.5,ppm,,,,,,Mining,true,22.8702 , 2.5976,0.2935,39060.5078 , 1411.1492,0.2897,<LOD,10.7476,1.4579,<LOD,7.8524,0.0685,386.5754 , 39.5716,3.5765,675809.8750 , 4160.7759,<LOD,3.8211,0.1133,6181.3789 , 119.8608,2.8360,5.7141 , 3.2607,0.3634,<LOD,57.9468,0.2483,<LOD,70.5004,1.9886,44.4928 , 5.8313,0.9268,477.5895 , 13.9805,0.8551,19687.4746 , 154.8931,12.3657,<LOD,0.0000,0.0000,77.0954 , 6.5527,0.2757,17072.6523 , 166.0104,3.7480,<LOD,4554.1289,0.0117,300.3537 , 36.0334,0.2200,2.5834 , 1.2562,1.4974,<LOD,1.4911,0.8479,<LOD,11.3602,0.0789,2305.3887 , 273.5052,0.2634,492.1084 , 7.3691,1.9783,<LOD,2.7539,0.1278,59.3095 , 2.0015,0.9066,<LOD,0.0000,0.0000,3511.7900 , 98.8291,0.5173,18.8283 , 5.7406,0.9921,<LOD,2.0591,0.1153,231247.7812 , 867.4905,7.0624,11.5375 , 4.6265,0.7655,264.7818 , 2.5935,3.6846,<LOD,0.0000,0.0000,<LOD,3.2975,0.2642,1808.9504 , 31.6984,2.7123,<LOD,3.0415,0.1910,66.2222 , 9.1217,0.5973,<LOD,21.9966,0.2122,3.6253 , 1.6902,0.9821,1006.6720 , 15.8381,2.0872,73.8366 , 1.8048,2.6140,,,,,,,,
489,Mining,30.20,29.00,,,,"Fri Apr 10, 2026 - 13:23:37",User,1.5,ppm,,,,,,Mining,true,681.1219 , 578.4422,2.9885,,,,63.2287 , 11.8271,0.0553,51.3805 , 33.0789,0.0262,,,,96136.7812 , 20470.6738,<LOD,33.3254,0.0359,,,,70.3170 , 33.4650,1.1185,,,,<LOD,630.4018,56.5272,8501.8555 , 135.7570,5.4368,1899.3303 , 93.5514,0.4478,883733.8125 , 927.9639,382.0417,<LOD,0.0000,0.0000,<LOD,46.6553,0.0532,,,,,,,2901.1284 , 156.8247,2.6569,4417.8843 , 35.3265,11.5517,<LOD,7.6870,0.2004,1275.4471 , 206.4692,0.2075,,,,<LOD,13.9995,0.0326,<LOD,63.8890,1.3914,<LOD,7.6985,0.0208,<LOD,0.0000,0.0000,,,,<LOD,113.1268,1.1842,<LOD,13.8332,0.0513,,,,183.0513 , 43.3543,1.4521,<LOD,3.5309,0.0261,<LOD,0.0000,0.0000,<LOD,3.5400,-0.0483,<LOD,621.2370,0.3706,14.4641 , 7.0991,0.0212,70.1171 , 64.5848,0.3799,<LOD,140.6171,0.0912,<LOD,8.6887,0.0699,<LOD,37.1440,0.0472,<LOD,8.8395,0.1159,,,,,,,,
497,Mining,30.06,29.16,,,,"Mon Apr 13, 2026 - 08:36:51",User,1.5,ppm,,,,,,Mining,,534.4647 , 453.9991,12.4908,,,,<LOD,19.1824,0.2499,<LOD,37.9101,0.0819,,,,114182.5859 , 15500.1064,<LOD,16.6281,0.1185,,,,<LOD,49.0162,5.1620,,,,<LOD,472.9577,236.2987,8774.1816 , 106.0310,22.8813,1707.5322 , 62.7826,1.6390,865921.5000 , 606.4544,1597.7533,<LOD,0.0000,0.0000,<LOD,21.9565,0.1440,,,,,,,2761.3618 , 120.8471,11.0578,4169.3955 , 24.8695,50.6018,<LOD,6.2566,0.8230,1385.8849 , 149.7203,0.8544,,,,170.9844 , 16.6287,0.7411,<LOD,34.8608,6.0737,<LOD,3.1060,-0.0177,<LOD,0.0000,0.0000,,,,<LOD,58.6721,5.8288,<LOD,8.1437,0.1444,,,,141.8199 , 29.3658,6.8750,<LOD,2.4587,0.1475,<LOD,0.0000,0.0000,<LOD,17.0721,-1.0008,250.2910 , 87.1980,1.6744,<LOD,6.3144,-0.0807,<LOD,265.5603,1.5487,<LOD,0.0000,0.1804,<LOD,4.2072,0.2749,<LOD,23.9741,0.1933,<LOD,3.4689,0.4349,,,,,,,,
498,Mining,120.30,30.08,30.09,30.03,28.90,"Mon Apr 13, 2026 - 09:25:08",User,1.5,ppm,,,,,,Mining,,<LOD,1.5608,0.5614,123305.4453 , 2601.5708,2.6590,<LOD,1.6486,0.2421,<LOD,3.3893,0.0966,479.3795 , 22.6761,14.6762,442575.0000 , 6472.5430,<LOD,1.5700,0.1432,44079.1016 , 267.0958,53.3507,<LOD,2.3041,0.9578,<LOD,47.8176,0.7572,<LOD,65.4111,14.7508,121.9911 , 6.6634,3.3308,12.4347 , 3.1613,0.3276,43372.9492 , 196.1157,95.5513,<LOD,0.0000,0.0000,<LOD,4.8982,0.2114,12574.3975 , 133.5503,8.0288,28499.4551 , 4249.8721,0.0887,692.8156 , 32.8699,1.5295,<LOD,1.1332,4.1654,5.3344 , 0.6330,2.7035,<LOD,8.7484,0.2570,953.3436 , 143.9462,0.2758,9.4730 , 1.1650,0.3330,<LOD,1.4263,0.4211,49.3042 , 1.3471,2.1797,<LOD,0.0000,0.0000,3184.4934 , 59.4376,1.3320,<LOD,4.4667,3.1173,<LOD,0.9287,0.1888,292736.1875 , 783.9564,27.3034,19.1410 , 2.4805,2.7351,301.3243 , 1.8263,15.6324,<LOD,0.0000,0.0000,2.8574 , 0.8705,0.3098,6646.7764 , 52.1107,21.0933,2.6557 , 1.1153,0.5274,185.7402 , 14.5951,3.7466,<LOD,7.5859,0.1814,19.3736 , 0.8195,2.4792,52.2389 , 3.1340,0.6125,118.8064 , 1.4041,11.7181,6,406.799988,39.002411,-122.660767,10.000000,529373.875000,4317099.000000,
499,Mining,122.85,32.54,30.09,30.14,30.08,"Mon Apr 13, 2026 - 09:29:16",User,1.5,ppm,,,,,,Mining,,<LOD,1.5463,0.6036,131541.5312 , 2422.4912,2.8313,<LOD,1.6154,0.2532,<LOD,3.3639,0.1015,465.8681 , 22.7416,15.9005,422095.4375 , 6174.5190,<LOD,1.4977,0.1388,36702.6602 , 256.3690,46.1021,<LOD,2.3296,1.0763,<LOD,43.5668,0.7699,<LOD,66.0802,16.6092,127.0335 , 7.0998,3.6479,21.2308 , 3.3086,0.3834,47427.6250 , 208.7901,109.9039,<LOD,0.0000,0.0000,<LOD,3.1423,0.2054,12308.0957 , 139.8345,8.1173,34247.4336 , 4014.2434,0.0991,548.2783 , 29.8697,1.3960,1.2276 , 0.7346,4.3202,7.9106 , 0.6266,2.9346,<LOD,8.8582,0.2747,1134.2319 , 137.0884,0.3117,8.4104 , 1.1255,0.3310,<LOD,1.4248,0.4612,50.4149 , 1.3276,2.2683,<LOD,0.0000,0.0000,4953.8286 , 65.1796,1.9713,<LOD,4.5014,3.4657,<LOD,0.9324,0.2035,301445.6562 , 754.4265,29.2497,20.4930 , 2.5061,3.0648,296.8715 , 1.7960,15.9154,<LOD,0.0000,0.0000,3.0275 , 0.8395,0.3104,6213.0918 , 53.3695,20.9327,<LOD,2.2217,0.5084,197.2521 , 15.2040,3.8787,<LOD,7.7581,0.2029,20.5942 , 0.8165,2.6206,44.8963 , 2.9576,0.5816,116.8687 , 1.3751,11.9135,5,415.500000,39.002312,-122.660591,10.000000,529389.062500,4317088.000000,
500,Mining,120.34,30.06,30.15,30.01,29.52,"Mon Apr 13, 2026 - 09:33:44",User,1.5,ppm,,,,,,Mining,,<LOD,1.5240,0.5907,138314.2031 , 2671.9763,2.9691,<LOD,1.5897,0.2432,4.2988 , 2.4143,0.1125,485.9302 , 22.6236,16.0317,405785.0938 , 6639.0405,<LOD,1.5135,0.1402,43728.4609 , 263.9388,51.9728,<LOD,2.3170,1.0762,<LOD,45.3663,0.6994,<LOD,60.0415,12.3179,126.3031 , 6.4347,3.2350,17.1534 , 3.2044,0.3533,36203.3086 , 180.0147,78.8503,<LOD,0.0000,0.0000,4.1744 , 2.1000,0.2347,12736.9609 , 131.2934,8.0049,31621.0410 , 4135.6499,0.0932,618.3602 , 31.4818,1.3818,<LOD,1.8492,4.2979,5.5151 , 0.6189,2.7301,<LOD,8.4478,0.2807,939.4615 , 132.3230,0.2449,8.2525 , 1.1028,0.3143,<LOD,1.4027,0.4500,47.2838 , 1.3159,2.1734,<LOD,0.0000,0.0000,1216.2192 , 41.7329,0.6592,<LOD,4.4656,3.4538,<LOD,0.9500,0.1957,320762.6875 , 804.7941,30.1678,17.2183 , 2.4696,2.9993,299.5450 , 1.8153,15.8777,<LOD,0.0000,0.0000,2.4061 , 0.8341,0.2991,6659.2783 , 51.7597,20.8928,4.3456 , 1.1263,0.5661,187.3443 , 14.2143,3.7130,<LOD,7.6694,0.1949,17.4891 , 0.7828,2.3891,69.7585 , 3.3576,0.7379,117.8981 , 1.3799,11.8778,6,408.200012,39.002365,-122.660706,10.000000,529378.937500,4317094.000000,
501,Mining,120.47,30.12,30.09,30.06,30.20,"Mon Apr 13, 2026 - 09:37:00",User,1.5,ppm,,,,,,Mining,,<LOD,1.5532,0.6271,144010.0938 , 2778.8901,3.0870,<LOD,1.5843,0.2467,<LOD,3.3285,0.1010,469.7064 , 22.5983,16.2133,393779.7500 , 6921.5894,<LOD,1.4431,0.1312,43359.3125 , 267.8050,52.1583,<LOD,2.2961,1.0719,<LOD,46.2024,0.7073,<LOD,58.4141,11.7695,127.0925 , 6.2851,3.2060,13.4499 , 3.0874,0.3369,33765.0391 , 182.3091,74.4361,<LOD,0.0000,0.0000,2.8933 , 2.0320,0.2244,12702.2539 , 130.1939,8.0429,38631.1250 , 4360.4897,0.1052,576.2059 , 30.8053,1.3290,<LOD,1.0898,4.2005,6.5775 , 0.6172,2.8172,<LOD,8.2701,0.2814,685.7171 , 126.2079,0.2121,8.3698 , 1.1049,0.3251,<LOD,1.3852,0.4460,48.9352 , 1.3225,2.2677,<LOD,0.0000,0.0000,881.9731 , 38.8708,0.5519,<LOD,4.4220,3.4140,<LOD,0.9270,0.2059,323444.6250 , 847.1176,30.7847,16.5277 , 2.4693,3.0537,297.6612 , 1.8438,16.1509,<LOD,0.0000,0.0000,4.5350 , 0.8405,0.3324,6795.6348 , 52.3540,21.4376,3.5400 , 1.1010,0.5581,185.4339 , 14.0124,3.7576,<LOD,7.5748,0.1958,15.3532 , 0.7622,2.3275,51.0935 , 3.0405,0.6220,117.0654 , 1.3816,12.0873,6,423.700012,39.002323,-122.660606,10.000000,529387.750000,4317089.000000,
502,Mining,120.47,30.23,30.06,30.03,29.23,"Mon Apr 13, 2026 - 09:40:08",User,1.5,ppm,,,,,,Mining,,<LOD,1.4738,0.6078,142657.5938 , 2738.4558,3.0621,<LOD,1.4764,0.2455,<LOD,3.1753,0.1013,415.1280 , 21.5040,15.7205,401051.0312 , 6689.7349,<LOD,1.4619,0.1476,42061.0469 , 268.1605,52.1807,<LOD,2.2007,1.0622,<LOD,46.5075,0.7117,<LOD,56.0562,11.7629,115.7811 , 6.1509,3.1571,13.0775 , 2.9673,0.3404,32882.8008 , 181.3811,75.1840,<LOD,0.0000,0.0000,<LOD,2.7625,0.1978,12602.9990 , 130.7404,8.2306,40490.1250 , 4432.1040,0.1093,562.2161 , 29.6982,1.3408,<LOD,1.0393,4.2310,5.2613 , 0.5860,2.8007,<LOD,7.7389,0.2620,813.0483 , 135.6205,0.2453,5.5167 , 0.9952,0.2888,<LOD,1.2981,0.4207,45.6569 , 1.2432,2.2016,<LOD,0.0000,0.0000,1136.3794 , 42.2666,0.6528,<LOD,4.2522,3.4208,<LOD,0.8396,0.1802,317906.9688 , 871.4494,31.0702,12.5956 , 2.3533,2.9762,272.7130 , 1.7276,15.4434,<LOD,0.0000,0.0000,2.8180 , 0.8079,0.3187,6600.1562 , 51.9034,21.5346,2.2274 , 1.0192,0.5270,170.8756 , 13.7645,3.7313,<LOD,7.1222,0.1894,15.6004 , 0.7349,2.3805,48.0728 , 2.8949,0.6165,110.3237 , 1.3089,11.8432,6,421.299988,39.002365,-122.660568,10.000000,529390.875000,4317094.000000,
503,Mining,120.46,30.11,30.07,30.09,30.19,"Mon Apr 13, 2026 - 09:43:01",User,1.5,ppm,,,,,,Mining,,<LOD,1.4785,0.6175,140987.0000 , 2608.6011,3.0266,<LOD,1.4834,0.2512,<LOD,3.0744,0.0991,446.3459 , 21.4966,16.0061,411736.7188 , 6310.3115,<LOD,1.3671,0.1352,42561.9453 , 256.8724,52.3220,<LOD,2.2308,1.1099,<LOD,45.3574,0.7096,<LOD,54.7974,11.7808,127.1142 , 6.0736,3.2355,12.4216 , 2.8954,0.3397,32605.2070 , 167.7816,73.9273,<LOD,0.0000,0.0000,<LOD,4.2365,0.2234,11802.7031 , 122.7275,7.6689,32599.6191 , 4097.0474,0.0959,564.7634 , 28.9254,1.3331,<LOD,1.0233,4.2839,4.5939 , 0.5701,2.7634,<LOD,7.7576,0.2853,864.7477 , 132.1230,0.2446,7.8706 , 1.0256,0.3220,<LOD,1.3247,0.4436,43.7636 , 1.1932,2.1187,<LOD,0.0000,0.0000,1546.6124 , 45.4514,0.7975,<LOD,4.2744,3.5234,<LOD,0.8564,0.2013,316903.6250 , 823.2894,30.6868,18.2363 , 2.3656,3.0574,289.2738 , 1.7113,16.2444,<LOD,0.0000,0.0000,2.7411 , 0.7658,0.3045,6509.3477 , 49.5135,21.1048,2.4693 , 1.0117,0.5439,179.3531 , 13.4215,3.7153,<LOD,7.2330,0.2049,16.2044 , 0.7201,2.4010,54.6638 , 2.9335,0.6637,112.6832 , 1.2848,12.1057,5,418.799988,39.002407,-122.660690,10.000000,529380.750000,4317098.500000,
504,Mining,120.09,30.20,30.01,30.10,29.78,"Mon Apr 13, 2026 - 09:45:50",User,1.5,ppm,,,,,,Mining,,<LOD,1.4695,0.6389,141054.8281 , 2502.5381,3.0284,<LOD,1.4557,0.2554,<LOD,3.0134,0.0998,429.9456 , 21.1851,16.2278,417055.0938 , 6117.2866,<LOD,1.3022,0.1281,42402.0391 , 256.9333,54.0607,<LOD,2.2173,1.1505,<LOD,43.6002,0.7131,<LOD,53.9430,11.8745,114.7999 , 5.9059,3.2188,13.0101 , 2.8810,0.3514,32325.8320 , 168.8528,76.0259,<LOD,0.0000,0.0000,3.4683 , 1.8880,0.2345,11793.0879 , 121.8222,7.9316,37503.1719 , 4076.3086,0.1043,544.4790 , 28.4680,1.3444,<LOD,1.0048,4.3175,5.0800 , 0.5692,2.8902,<LOD,7.5740,0.2815,812.2308 , 128.0853,0.2489,7.2983 , 0.9994,0.3198,<LOD,1.3106,0.4543,44.9885 , 1.2004,2.2448,<LOD,0.0000,0.0000,1373.6527 , 42.3872,0.7525,<LOD,4.2329,3.6273,<LOD,0.7960,0.1773,307477.3438 , 814.9833,30.5711,16.0568 , 2.3280,3.0892,279.7051 , 1.6797,16.3268,<LOD,0.0000,0.0000,3.1580 , 0.7471,0.3107,6379.0674 , 48.8750,21.4667,2.4299 , 1.0055,0.5587,179.4463 , 13.2084,3.8000,<LOD,6.8811,0.1934,16.1729 , 0.7174,2.4893,55.9612 , 2.9275,0.6908,107.6596 , 1.2562,12.1066,6,419.000000,39.002399,-122.660675,10.000000,529382.062500,4317097.500000,
505,Mining,120.46,30.20,30.08,30.06,30.12,"Mon Apr 13, 2026 - 09:48:56",User,1.5,ppm,,,,,,Mining,,<LOD,1.4452,0.6227,136886.7812 , 2480.1489,2.9406,<LOD,1.4935,0.2472,<LOD,3.0787,0.0976,423.7061 , 20.8782,15.8342,423498.0312 , 6118.6997,<LOD,1.3473,0.1290,41805.8906 , 255.6271,52.4670,<LOD,2.1576,1.0911,<LOD,43.8257,0.7248,<LOD,56.6355,12.5743,119.6809 , 6.0975,3.2347,13.8855 , 3.0000,0.3585,34693.2148 , 173.3717,80.4733,<LOD,0.0000,0.0000,7.1196 , 2.0593,0.2652,12271.6836 , 126.4998,8.1204,35352.6602 , 4029.7979,0.1000,542.5859 , 29.0217,1.3433,<LOD,1.0403,4.3476,5.1147 , 0.5847,2.8571,<LOD,8.5765,0.3672,813.6610 , 123.3920,0.2339,7.6942 , 1.0418,0.3264,<LOD,1.3113,0.4597,45.0322 , 1.2248,2.1959,<LOD,0.0000,0.0000,1342.1174 , 41.6103,0.7302,<LOD,4.1258,3.4226,<LOD,0.8394,0.1877,305098.0625 , 793.7415,29.8657,17.0757 , 2.3027,3.0486,280.8739 , 1.6931,15.9995,<LOD,0.0000,0.0000,4.6452 , 0.7928,0.3368,6408.1064 , 49.5229,21.3018,2.4683 , 1.0360,0.5556,174.3136 , 13.5293,3.7458,<LOD,7.3319,0.2063,17.2221 , 0.7423,2.5054,56.2717 , 3.0009,0.6834,112.0785 , 1.2950,12.1505,6,418.500000,39.002392,-122.660667,10.000000,529382.500000,4317097.000000,
506,Mining,120.38,30.09,30.09,30.08,30.12,"Mon Apr 13, 2026 - 09:52:06",User,1.5,ppm,,,,,,Mining,,<LOD,1.4017,0.6312,140722.9375 , 2347.7925,3.0222,<LOD,1.4437,0.2655,<LOD,2.8847,0.0957,382.3242 , 20.2215,15.9731,433957.7500 , 5602.1885,<LOD,1.3402,0.1421,42805.4805 , 248.1037,55.8454,<LOD,2.1127,1.1306,<LOD,41.8669,0.6791,<LOD,52.1663,11.3816,109.4360 , 5.6494,3.1870,8.9428 , 2.7558,0.3358,29893.1621 , 153.2827,72.0426,<LOD,0.0000,0.0000,<LOD,2.6223,0.2063,12031.6709 , 118.7978,8.2504,28313.2871 , 3724.2324,0.0892,543.6438 , 28.3222,1.3629,<LOD,0.9996,4.4987,4.6259 , 0.5661,3.0008,<LOD,7.1694,0.2590,794.8687 , 125.0647,0.2456,6.9102 , 0.9833,0.3242,<LOD,1.2179,0.4240,45.3903 , 1.1979,2.3540,<LOD,0.0000,0.0000,1316.0258 , 41.6182,0.7499,<LOD,4.0504,3.5899,<LOD,0.7777,0.1788,301886.3438 , 787.8677,30.6125,14.8344 , 2.2403,3.1075,276.8766 , 1.6303,16.7562,<LOD,0.0000,0.0000,3.0812 , 0.7591,0.3320,6549.3569 , 47.6298,22.5461,3.1541 , 1.0014,0.5852,166.8356 , 12.8235,3.8903,<LOD,6.6277,0.1877,18.1221 , 0.7296,2.7089,38.8662 , 2.6250,0.5809,106.0745 , 1.2335,12.4140,7,418.200012,39.002384,-122.660660,10.000000,529382.937500,4317096.000000,
507,Mining,122.86,32.58,30.08,30.14,30.06,"Mon Apr 13, 2026 - 09:54:55",User,1.5,ppm,,,,,,Mining,,<LOD,1.5989,0.6499,147518.2500 , 2769.8630,3.1614,<LOD,1.5468,0.2281,<LOD,3.1352,0.0894,472.1638 , 23.1041,16.5595,390002.1250 , 6798.4370,<LOD,1.4249,0.1275,42961.5469 , 261.0127,50.0676,<LOD,2.3891,1.1420,<LOD,45.9383,0.6824,<LOD,55.6487,10.3034,122.0911 , 6.1161,2.9894,19.5912 , 3.2119,0.3626,30148.0059 , 163.2233,64.7499,<LOD,0.0000,0.0000,<LOD,2.8923,0.1959,11966.6035 , 125.6070,7.3571,30786.3691 , 4111.4897,0.0930,561.8322 , 30.5862,1.2623,<LOD,1.0835,4.1652,5.1700 , 0.6087,2.7345,<LOD,7.8732,0.2567,832.4302 , 136.7378,0.2455,8.8838 , 1.0972,0.3205,<LOD,1.4170,0.4558,47.0409 , 1.2975,2.1820,<LOD,0.0000,0.0000,1639.5411 , 46.2780,0.7829,<LOD,4.5881,3.6410,<LOD,0.8801,0.1847,335813.9688 , 833.5596,31.3601,19.9185 , 2.5471,3.1919,287.8910 , 1.7752,15.4956,<LOD,0.0000,0.0000,2.5613 , 0.8013,0.2909,6434.8828 , 50.1013,19.7658,4.3942 , 1.0945,0.5545,172.4355 , 13.5590,3.4591,<LOD,7.5986,0.1964,18.6761 , 0.7843,2.4775,39.2156 , 2.8353,0.5377,114.4275 , 1.3510,11.7078,6,417.299988,39.002377,-122.660660,10.000000,529383.250000,4317095.000000,
508,Mining,120.26,30.09,30.03,30.07,29.80,"Mon Apr 13, 2026 - 10:04:29",User,1.5,ppm,,,,,,Mining,,<LOD,1.4988,0.6266,135803.2656 , 2588.4438,2.9209,<LOD,1.6263,0.3097,<LOD,3.1188,0.0974,467.2668 , 21.9594,16.5272,402500.8750 , 6433.5728,<LOD,1.4742,0.1502,42049.7266 , 256.1110,51.1771,<LOD,2.2523,1.1132,<LOD,43.5522,0.6385,<LOD,54.9799,11.2015,133.7107 , 6.1797,3.2982,12.1290 , 2.9571,0.3382,31623.6523 , 166.5233,71.0994,<LOD,0.0000,0.0000,<LOD,3.2546,0.2085,11406.9365 , 121.3846,7.3739,34243.5156 , 4164.3945,0.0983,548.0927 , 29.4010,1.3006,<LOD,1.1900,4.4262,5.9465 , 0.5981,2.9019,<LOD,7.7464,0.2706,789.0114 , 130.9525,0.2348,8.4458 , 1.0643,0.3313,<LOD,1.3377,0.4463,47.9157 , 1.2738,2.3072,<LOD,0.0000,0.0000,4368.3223 , 66.5625,1.7301,<LOD,4.3244,3.5355,<LOD,0.8590,0.1923,328403.7812 , 834.4600,31.9342,20.0010 , 2.4161,3.1589,303.3852 , 1.7920,16.9534,<LOD,0.0000,0.0000,3.1909 , 0.8214,0.3329,6879.1621 , 50.9522,22.0194,4.2044 , 1.0739,0.5867,183.6381 , 13.7146,3.8311,<LOD,7.2258,0.1951,18.9489 , 0.7672,2.6023,55.1754 , 3.0029,0.6641,119.7238 , 1.3481,12.6936,8,397.399994,39.003330,-122.660698,10.000000,529379.375000,4317201.000000,
509,Mining,120.43,30.09,30.09,30.11,27.74,"Mon Apr 13, 2026 - 10:07:36",User,1.5,ppm,,,,,,Mining,,<LOD,1.5230,0.6393,138377.9375 , 2808.3521,2.9719,<LOD,1.6500,0.3207,<LOD,3.2353,0.1041,468.2849 , 22.3329,16.7725,397785.1875 , 6879.3672,<LOD,1.5314,0.1609,42622.3359 , 271.9292,51.6435,<LOD,2.2729,1.1162,<LOD,46.6916,0.6511,<LOD,54.9649,11.1087,140.3251 , 6.5341,3.3680,16.0526 , 3.0466,0.3567,31470.5156 , 174.3817,70.2192,<LOD,0.0000,0.0000,4.7710 , 2.0317,0.2471,11484.6777 , 127.0071,7.3677,37194.0430 , 4502.8896,0.1027,539.7144 , 29.3329,1.2822,<LOD,1.0613,4.3335,6.7632 , 0.6065,2.9612,<LOD,7.7231,0.2663,918.7840 , 144.3672,0.2559,8.4588 , 1.0677,0.3309,<LOD,1.3890,0.4772,48.6687 , 1.2858,2.3201,<LOD,0.0000,0.0000,3558.9004 , 64.7911,1.4476,<LOD,4.4031,3.6254,<LOD,0.8856,0.2028,327663.2188 , 890.1168,31.6367,15.5507 , 2.4370,3.1565,312.3040 , 1.8653,17.3198,<LOD,0.0000,0.0000,2.4604 , 0.8325,0.3299,6967.6621 , 54.3486,22.2374,3.7981 , 1.0845,0.5899,192.3873 , 14.4869,3.9044,<LOD,7.3591,0.2012,22.0127 , 0.7947,2.7713,53.4581 , 2.9860,0.6518,121.6758 , 1.3722,12.8186,7,429.399994,39.003418,-122.660728,10.000000,529376.750000,4317210.500000,
510,Mining,122.97,32.60,30.19,30.05,30.13,"Mon Apr 13, 2026 - 10:12:57",User,1.5,ppm,,,,,,Mining,,<LOD,1.6131,0.6441,135579.0625 , 2694.7153,2.9135,<LOD,1.6712,0.2976,<LOD,3.2768,0.0977,486.3052 , 23.1884,16.2645,393270.1562 , 6872.1748,<LOD,1.5273,0.1466,39910.4141 , 253.3314,45.9669,<LOD,2.3347,1.0481,<LOD,44.8636,0.6786,<LOD,57.4375,11.3288,126.7208 , 6.4922,3.1838,16.9199 , 3.1441,0.3483,33583.8438 , 171.0670,71.6349,<LOD,0.0000,0.0000,3.2954 , 2.0112,0.2205,11489.5176 , 126.5749,7.0239,36941.3359 , 4243.0859,0.1022,514.4692 , 29.4863,1.2116,<LOD,1.0912,4.1972,5.7386 , 0.6199,2.8208,<LOD,8.2393,0.2826,910.9238 , 130.8663,0.2363,8.3636 , 1.0937,0.3179,<LOD,1.4780,0.4854,49.1905 , 1.3141,2.2315,<LOD,0.0000,0.0000,4078.6731 , 63.3474,1.5576,<LOD,4.5167,3.3643,<LOD,0.9122,0.1989,335360.5625 , 811.3333,30.9919,14.3919 , 2.5244,3.0249,297.4359 , 1.7871,15.6479,<LOD,0.0000,0.0000,3.5401 , 0.8518,0.3257,6950.7080 , 52.8897,21.2028,5.0060 , 1.1139,0.5706,195.4952 , 14.4939,3.7500,<LOD,7.3897,0.1855,27.9918 , 0.8574,2.9689,46.7978 , 2.9392,0.5797,123.1108 , 1.3789,12.1102,7,403.700012,39.003376,-122.660767,10.000000,529373.437500,4317206.000000,
511,Mining,122.96,32.60,30.13,30.10,30.13,"Mon Apr 13, 2026 - 10:16:01",User,1.5,ppm,,,,,,Mining,,<LOD,1.6766,0.6446,137424.7188 , 2545.4580,2.9532,<LOD,1.6898,0.3010,<LOD,3.2729,0.0976,470.1563 , 22.4900,16.1163,391802.2500 , 6473.6631,<LOD,1.4578,0.1336,39762.0820 , 249.8976,46.7920,<LOD,2.2968,1.0711,<LOD,43.9283,0.6865,<LOD,57.4607,11.2390,129.6124 , 6.4181,3.2350,11.7063 , 3.0623,0.3301,32583.9238 , 165.4414,71.1171,<LOD,0.0000,0.0000,<LOD,4.7162,0.2269,11131.9629 , 123.6320,6.9569,31685.9609 , 3948.3308,0.0930,490.1257 , 29.4398,1.1968,1.3314 , 0.7387,4.3779,6.7189 , 0.6217,2.8642,<LOD,8.3182,0.2923,679.4637 , 120.1888,0.2055,9.0018 , 1.1167,0.3320,<LOD,1.3748,0.4376,48.8197 , 1.3138,2.2526,<LOD,0.0000,0.0000,2308.4812 , 49.9115,1.0085,<LOD,4.4369,3.4540,<LOD,0.9136,0.1988,343896.7188 , 803.1485,32.6312,13.3151 , 2.4490,2.9852,301.0436 , 1.8013,16.2784,<LOD,0.0000,0.0000,4.6675 , 0.8471,0.3368,6864.8081 , 52.0918,21.4856,3.1566 , 1.0928,0.5519,186.3854 , 14.2769,3.7735,<LOD,8.3991,0.2127,19.2216 , 0.7949,2.5468,45.1681 , 2.9473,0.5826,119.2334 , 1.3765,12.2361,7,417.500000,39.003338,-122.660645,10.000000,529383.687500,4317202.000000,
512,Mining,25.51,25.51,,,,"Mon Apr 13, 2026 - 10:19:57",User,1.5,ppm,,,,,,Mining,,<LOD,7.2216,36.7013,,,,63.6033 , 2.4725,2.0284,<LOD,3.6229,0.1170,,,,946694.9375 , 410.4327,<LOD,1.8499,0.2087,,,,<LOD,7.8527,38.3065,,,,<LOD,68.2377,17.7179,<LOD,47.6311,0.5739,<LOD,4.5242,0.3091,43764.7695 , 136.1022,111.3446,<LOD,0.0000,0.0000,<LOD,3.2366,0.2459,,,,,,,<LOD,29.3097,0.5610,<LOD,1.2618,5.7369,6.4745 , 0.6856,3.5437,<LOD,9.1601,0.2799,,,,14.3495 , 1.3526,0.4761,<LOD,8.3378,44.1162,63.8336 , 1.6079,3.4960,<LOD,0.0000,0.0000,,,,<LOD,13.4037,40.1692,<LOD,0.9786,0.2196,,,,<LOD,9.3530,32.6125,199.4313 , 1.4642,13.0671,<LOD,0.0000,0.0000,9.5360 , 1.0853,0.5437,9011.5957 , 212.4957,4.4588,<LOD,2.6258,0.5877,<LOD,113.9885,1.2491,<LOD,7.9383,0.2082,2.8249 , 0.7733,2.2605,<LOD,2.7495,0.2157,168.6173 , 1.6057,17.8351,7,434.200012,39.003441,-122.660645,10.000000,529383.812500,4317213.000000,
513,Mining,122.93,32.59,30.10,30.10,30.14,"Mon Apr 13, 2026 - 10:22:13",User,1.5,ppm,,,,,,Mining,,<LOD,1.2838,0.7067,27998.0039 , 827.6897,0.7280,48.4306 , 1.8939,1.9636,<LOD,2.8179,0.1188,269.4552 , 18.6638,17.5495,557660.0000 , 3587.4819,<LOD,1.3675,0.1910,209.8334 , 42.2785,1.0263,<LOD,2.0162,1.3876,<LOD,36.6357,0.7216,<LOD,53.6106,16.7022,53.6425 , 5.2477,3.1326,<LOD,3.4787,0.3057,36859.7617 , 136.1255,105.9264,<LOD,0.0000,0.0000,<LOD,2.3948,0.2680,10971.4531 , 117.4206,8.0519,<LOD,5017.7153,0.0460,<LOD,23.4820,0.5547,<LOD,0.9956,5.9231,5.6081 , 0.5383,3.5930,<LOD,6.9911,0.2826,459.4755 , 102.0868,0.2054,12.5899 , 1.0673,0.4973,<LOD,1.1903,0.5469,62.8870 , 1.2650,3.5861,<LOD,0.0000,0.0000,18062.1484 , 109.6057,7.3383,<LOD,3.8371,4.3264,<LOD,0.7540,0.2247,336263.5000 , 679.5161,38.0854,7.1891 , 2.0938,3.5974,148.7649 , 1.0525,10.7516,<LOD,0.0000,0.0000,9.8196 , 0.8293,0.5492,8812.9922 , 51.0662,35.9449,2.8275 , 0.8909,0.6017,139.4268 , 14.0365,5.5649,<LOD,0.0000,0.1844,<LOD,1.3418,2.1609,<LOD,2.1043,0.2161,162.1231 , 1.2693,17.7538,7,433.899994,39.003433,-122.660645,10.000000,529383.812500,4317212.500000,
514,Mining,122.73,32.46,30.10,30.02,30.15,"Mon Apr 13, 2026 - 10:26:39",User,1.5,ppm,,,,,,Mining,,<LOD,1.2076,0.7772,33674.1719 , 817.2990,0.8492,47.6488 , 1.7870,2.0366,<LOD,2.5401,0.1091,248.4733 , 17.3571,18.9734,540158.9375 , 2829.5452,<LOD,1.3667,0.2167,205.9920 , 34.7100,0.9520,<LOD,1.9111,1.5589,<LOD,35.1468,0.7194,<LOD,44.1677,11.3501,46.7362 , 4.3286,2.8108,<LOD,3.3383,0.3159,23803.5371 , 101.8195,70.7013,<LOD,0.0000,0.0000,<LOD,2.3625,0.2496,9224.4121 , 94.6648,6.9279,5222.7695 , 2214.6279,0.0501,<LOD,22.0355,0.4848,<LOD,0.9510,6.2898,6.4960 , 0.5217,3.9265,<LOD,6.0296,0.2662,615.8473 , 99.6050,0.2204,6.6959 , 0.9075,0.4083,<LOD,1.1149,0.5948,59.8372 , 1.1926,3.7221,<LOD,0.0000,0.0000,13020.5645 , 90.0026,5.4508,<LOD,3.6236,4.8691,<LOD,0.7143,0.2270,364748.1562 , 624.6848,43.0871,<LOD,4.5817,3.8642,61.1637 , 0.6735,5.2549,<LOD,0.0000,0.0000,5.3637 , 0.7571,0.4808,8558.6650 , 42.9139,35.5546,1.3434 , 0.7810,0.5271,125.7428 , 11.9293,5.3933,<LOD,5.7741,0.2079,1.2662 , 0.5613,2.2942,<LOD,2.0419,0.2241,156.1926 , 1.1620,17.7279,6,431.000000,39.003414,-122.660622,10.000000,529386.000000,4317210.000000,
515,Mining,123.08,32.72,30.19,30.09,30.08,"Mon Apr 13, 2026 - 10:29:33",User,1.5,ppm,,,,,,Mining,,<LOD,1.3033,0.7591,30689.4355 , 800.9079,0.7841,48.6367 , 1.9124,2.0518,<LOD,2.8255,0.1225,274.7476 , 18.8651,18.7112,562034.1875 , 2697.1746,<LOD,1.4166,0.2110,304.4143 , 43.8180,1.1575,<LOD,2.0556,1.5078,<LOD,35.6012,0.7288,<LOD,51.2906,15.1430,64.4322 , 5.2227,3.1825,<LOD,3.5905,0.3342,32584.6172 , 115.6924,94.1846,<LOD,0.0000,0.0000,<LOD,3.2518,0.2778,11650.6133 , 118.7812,8.5429,<LOD,3139.4674,0.0389,<LOD,23.3218,0.5398,<LOD,0.9972,6.0946,5.6861 , 0.5395,3.6944,<LOD,6.9273,0.3049,690.7021 , 106.6925,0.2480,14.9846 , 1.1069,0.5519,<LOD,1.1883,0.5662,63.6243 , 1.2674,3.7275,<LOD,0.0000,0.0000,19123.7695 , 107.5063,7.8124,<LOD,3.9107,4.7223,<LOD,0.7731,0.2387,333179.0625 , 601.2814,37.9004,8.9247 , 2.1265,3.8808,195.6266 , 1.1828,14.3303,<LOD,0.0000,0.0000,9.1335 , 0.8402,0.5705,8737.0908 , 48.7317,35.6764,2.2020 , 0.9141,0.6517,150.0259 , 13.8932,5.5772,<LOD,6.0198,0.2056,2.1250 , 0.5996,2.3522,<LOD,2.0967,0.2155,165.9686 , 1.2799,19.1881,7,431.000000,39.003410,-122.660629,10.000000,529385.437500,4317210.000000,
516,Mining,0.37,0.37,,,,"Mon Apr 13, 2026 - 10:31:15",User,1.5,ppm,,,,,,Mining,,<LOD,147.1392,41.8981,,,,94.0525 , 52.1393,2.8567,<LOD,24.4505,-0.0007,,,,976759.8750 , 7072.1753,<LOD,4.0472,-0.0002,,,,<LOD,167.1994,50.4117,,,,<LOD,848.4167,3.4275,<LOD,1742.7466,0.8477,<LOD,138.0168,0.5697,5754.6948 , 1298.7350,14.8559,<LOD,0.0000,0.0000,<LOD,151.0118,0.8566,,,,,,,<LOD,497.5546,0.2855,<LOD,24.2338,6.0690,<LOD,28.4781,4.7896,<LOD,57.8757,-0.0006,,,,<LOD,8.1160,-0.0016,<LOD,178.6236,61.7426,51.0071 , 30.7850,3.5625,<LOD,0.0000,0.0000,,,,<LOD,269.2434,43.5443,<LOD,46.7162,0.8569,,,,<LOD,193.9344,43.1054,<LOD,27.7456,2.2813,<LOD,0.0000,0.0000,<LOD,23.4987,0.2852,17146.9238 , 6093.6558,7.3854,<LOD,45.3998,0.8556,<LOD,1928.5131,0.5707,<LOD,14.1236,-0.0006,<LOD,29.8764,2.8561,<LOD,98.9437,0.5700,193.4597 , 32.2013,21.6858,7,426.000000,39.003407,-122.660652,10.000000,529383.250000,4317209.500000,
517,Mining,120.52,30.07,30.06,30.32,28.88,"Mon Apr 13, 2026 - 10:33:29",User,1.5,ppm,,,,,,Mining,,<LOD,0.9993,0.9318,28199.7754 , 637.6843,0.7293,59.0427 , 1.6998,3.1028,<LOD,2.1883,0.1356,180.8962 , 13.9714,21.5841,618881.8125 , 2683.4426,<LOD,1.0927,0.2283,128.6834 , 23.0584,0.8160,<LOD,1.5952,1.9194,<LOD,31.1077,0.6946,<LOD,17.8315,2.4932,35.3764 , 2.9884,2.5472,<LOD,2.7258,0.3410,4036.0349 , 40.8194,14.5925,<LOD,0.0000,0.0000,<LOD,1.7252,0.2573,6675.0640 , 63.6897,5.7956,<LOD,3724.3553,0.0398,<LOD,17.0436,0.3847,<LOD,0.7978,7.7660,4.7236 , 0.4352,4.7918,<LOD,4.0681,0.2747,351.8617 , 79.9841,0.1710,6.0484 , 0.7575,0.4733,<LOD,0.9059,0.6829,54.9309 , 1.0077,4.4744,<LOD,0.0000,0.0000,2518.1038 , 42.1405,1.4136,<LOD,2.9435,5.6485,<LOD,0.5848,0.2544,329109.3438 , 642.7206,42.8074,<LOD,3.2023,4.5092,22.1410 , 0.3914,3.0032,<LOD,0.0000,0.0000,7.0868 , 0.6380,0.6081,7531.6704 , 32.8271,36.2099,<LOD,1.1821,0.5745,117.0933 , 8.6114,5.4994,<LOD,0.0000,0.2096,1.2484 , 0.4794,2.8438,<LOD,1.6191,0.2338,147.2727 , 0.9919,21.5325,7,424.899994,39.003403,-122.660652,10.000000,529383.562500,4317209.000000,
518,Mining,0.32,0.32,,,,"Mon Apr 13, 2026 - 10:35:05",User,1.5,ppm,,,,,,Mining,,<LOD,131.3016,47.2423,,,,63.2904 , 47.9363,2.9033,<LOD,5.7161,-0.0000,,,,987950.5000 , 4925.6128,<LOD,3.3147,-0.0007,,,,<LOD,143.3577,51.4240,,,,<LOD,689.8519,3.3355,<LOD,151.9978,-0.0108,<LOD,127.2552,0.6442,4911.2676 , 1172.7649,15.4826,<LOD,0.0000,0.0000,<LOD,101.7954,0.6438,,,,,,,<LOD,676.4265,0.6437,<LOD,22.1767,6.9324,<LOD,24.0590,5.1592,<LOD,50.4063,-0.0006,,,,<LOD,43.6997,0.6440,<LOD,152.4335,58.9186,61.2082 , 30.1980,4.8372,<LOD,0.0000,0.0000,,,,<LOD,241.0773,50.7205,<LOD,0.7897,-0.0001,,,,<LOD,165.2973,37.7727,45.5451 , 14.8049,5.1553,<LOD,0.0000,0.0000,<LOD,2.5009,-0.0003,6778.4834 , 4377.6567,4.1504,<LOD,29.0788,0.6441,<LOD,1736.3732,0.6410,<LOD,11.9186,-0.0003,<LOD,27.6958,3.5468,<LOD,55.2328,0.3189,189.7096 , 30.7968,26.4496,7,423.200012,39.003380,-122.660622,10.000000,529385.875000,4317206.500000,
519,Mining,120.56,30.18,30.08,30.12,30.18,"Mon Apr 13, 2026 - 10:37:21",User,1.5,ppm,,,,,,Mining,,<LOD,0.9638,0.9392,29180.2559 , 613.5215,0.7495,62.8496 , 1.7601,3.3208,<LOD,2.3231,0.1520,152.4222 , 13.4110,21.2067,622159.1250 , 2536.8091,<LOD,1.1814,0.2663,143.3300 , 23.6130,0.8545,<LOD,1.5416,1.9432,<LOD,29.5369,0.6968,<LOD,19.0726,2.8522,31.6030 , 3.0112,2.5704,<LOD,2.8381,0.3688,4765.3809 , 44.3040,17.3611,<LOD,0.0000,0.0000,<LOD,1.8555,0.2973,7087.7310 , 65.4604,6.2263,<LOD,3420.1443,0.0398,<LOD,17.9345,0.4273,<LOD,0.8263,8.1424,5.6013 , 0.4514,5.0090,<LOD,4.2128,0.2915,314.6521 , 74.7361,0.1645,6.6434 , 0.7802,0.5000,<LOD,0.8953,0.7260,57.2275 , 1.0379,4.7193,<LOD,0.0000,0.0000,3252.0283 , 44.6091,1.7756,<LOD,2.8710,5.8818,<LOD,0.6247,0.2902,322879.7812 , 604.1045,42.4814,3.9758 , 1.5424,4.6265,29.2941 , 0.4390,3.7586,<LOD,0.0000,0.0000,6.3340 , 0.6626,0.6273,7917.2598 , 33.5812,38.7369,1.3065 , 0.6598,0.6324,125.9603 , 8.9000,5.9041,<LOD,0.0000,0.2197,1.8699 , 0.4934,2.9991,<LOD,1.6882,0.2535,158.6933 , 1.0327,23.3112,7,423.100006,39.003384,-122.660629,10.000000,529385.250000,4317207.000000,
520,Mining,120.34,30.04,30.03,30.19,27.68,"Mon Apr 13, 2026 - 10:44:09",User,1.5,ppm,,,,,,Mining,,<LOD,1.2199,0.8147,27706.8320 , 829.9866,0.7315,34.6002 , 1.6123,1.5866,<LOD,2.7484,0.1271,277.9860 , 17.4075,19.7197,541591.6250 , 3114.6377,<LOD,1.2973,0.1937,297.1805 , 36.4047,1.0395,<LOD,1.8988,1.5742,<LOD,39.0519,0.7182,<LOD,43.0772,10.5631,54.1576 , 4.7315,3.0616,<LOD,3.3722,0.3194,22422.7383 , 101.1570,65.3376,<LOD,0.0000,0.0000,<LOD,2.3942,0.2537,7728.5449 , 91.7560,5.7571,<LOD,3994.3971,0.0447,<LOD,21.5473,0.4520,<LOD,0.9546,6.4171,7.3254 , 0.5183,3.9555,<LOD,5.9632,0.2636,475.9610 , 105.8676,0.1939,7.7703 , 0.9392,0.4333,<LOD,1.1180,0.6134,59.0365 , 1.1806,3.6156,<LOD,0.0000,0.0000,17885.8516 , 115.4679,7.2744,<LOD,3.6013,4.9088,<LOD,0.7650,0.2582,372058.7812 , 695.3560,43.5197,8.9062 , 1.9632,4.0605,83.5013 , 0.7759,6.8617,<LOD,0.0000,0.0000,8.2066 , 0.7759,0.5415,8458.9746 , 45.2664,34.5395,<LOD,1.1499,0.5042,129.2813 , 12.5049,5.3137,<LOD,5.8375,0.2108,<LOD,1.3842,2.2416,<LOD,2.0404,0.2216,158.1251 , 1.1842,18.0521,7,423.399994,39.003395,-122.660637,10.000000,529384.812500,4317208.000000,
521,Mining,120.57,30.06,30.21,30.15,28.95,"Mon Apr 13, 2026 - 10:47:01",User,1.5,ppm,,,,,,Mining,,<LOD,1.2106,0.7979,30969.9473 , 828.9127,0.7991,40.3738 , 1.6551,1.8221,<LOD,2.7512,0.1368,224.9026 , 17.1507,18.8606,533398.7500 , 2813.0789,<LOD,1.2870,0.2036,383.3531 , 34.7821,1.1591,<LOD,1.8935,1.5596,<LOD,38.5884,0.7325,<LOD,37.1439,7.9150,42.8622 , 4.1447,2.7268,<LOD,3.2162,0.3088,16750.4199 , 85.3708,49.0689,<LOD,0.0000,0.0000,<LOD,2.1961,0.2690,8014.5020 , 85.3443,5.9396,<LOD,3268.2623,0.0405,<LOD,21.2692,0.4442,<LOD,0.9422,6.6551,6.6756 , 0.5090,4.0046,<LOD,5.5677,0.2714,409.4875 , 98.6359,0.1754,7.1243 , 0.8971,0.4229,<LOD,1.1171,0.6092,58.3439 , 1.1544,3.7195,<LOD,0.0000,0.0000,11493.0986 , 91.4559,4.7481,<LOD,3.6074,4.9500,<LOD,0.7404,0.2621,389365.8438 , 663.7458,45.9738,4.9331 , 1.9418,3.9345,41.6302 , 0.5581,3.8608,<LOD,0.0000,0.0000,7.9809 , 0.7583,0.5482,8484.6738 , 41.3755,34.6842,1.6111 , 0.7517,0.5218,132.7233 , 11.4735,5.3284,<LOD,0.0000,0.1935,1.0202 , 0.5429,2.2899,<LOD,2.0193,0.2360,159.7443 , 1.1383,18.2127,7,423.600006,39.003395,-122.660637,10.000000,529384.687500,4317208.000000,
522,Mining,122.79,32.55,30.02,30.15,30.07,"Mon Apr 13, 2026 - 11:08:31",User,1.5,ppm,,,,,,Mining,,<LOD,1.1872,0.8037,106288.5547 , 1454.8301,2.3443,<LOD,1.0526,0.2260,<LOD,2.6287,0.1287,422.5528 , 17.4821,21.9136,496316.2500 , 3674.6865,<LOD,1.0606,0.1435,7949.1973 , 98.3983,12.4434,<LOD,1.8270,1.5118,<LOD,33.4710,0.5957,<LOD,41.3989,10.7360,80.8011 , 4.4899,3.3513,<LOD,3.2958,0.3375,22515.9961 , 107.8837,68.5600,<LOD,0.0000,0.0000,15.9759 , 1.9486,0.4518,11276.9707 , 105.3446,8.6588,9441.5615 , 2688.5820,0.0721,<LOD,21.7007,0.5099,<LOD,0.8531,5.6113,3.2115 , 0.4736,3.6139,<LOD,5.9629,0.3059,495.4762 , 111.1597,0.2489,<LOD,1.0772,0.3155,<LOD,1.0615,0.5737,44.7160 , 1.0271,2.9448,<LOD,0.0000,0.0000,38935.9180 , 167.2898,16.7264,7.5138 , 2.3643,5.1319,<LOD,0.6894,0.2256,303531.0938 , 684.2518,36.2689,9.3935 , 1.9035,3.9944,46.7813 , 0.5853,4.3007,<LOD,0.0000,0.0000,3.0176 , 0.6141,0.3638,2391.7681 , 27.0892,10.9111,<LOD,1.4458,0.5161,87.5909 , 7.8193,2.2819,<LOD,5.5968,0.2136,6.1066 , 0.5480,2.4660,13.6665 , 1.9000,0.4843,115.8776 , 1.0031,14.0465,7,433.899994,39.002472,-122.661858,10.000000,529279.312500,4317105.500000,
523,Mining,120.57,30.34,30.10,30.10,30.03,"Mon Apr 13, 2026 - 11:11:31",User,1.5,ppm,,,,,,Mining,,<LOD,1.1852,0.8020,99197.6719 , 1370.3705,2.1864,<LOD,1.0143,0.2218,<LOD,2.3227,0.1021,387.8003 , 16.8653,20.2964,517007.8125 , 3365.0737,<LOD,1.0862,0.1536,4309.4121 , 71.8779,6.7856,<LOD,1.8128,1.4972,<LOD,33.3803,0.5925,<LOD,40.7087,10.6157,76.1666 , 4.2832,3.2327,<LOD,3.1681,0.3176,22783.3262 , 101.6043,67.9122,<LOD,0.0000,0.0000,10.0755 , 1.7460,0.3639,8661.1699 , 89.7845,6.4933,4192.5874 , 2377.6626,0.0564,<LOD,21.3511,0.5050,<LOD,0.8351,5.5545,3.1944 , 0.4638,3.5664,<LOD,5.6790,0.2719,415.8592 , 103.7190,0.2130,<LOD,1.0089,0.2818,<LOD,1.0124,0.5179,34.6143 , 0.9021,2.3044,<LOD,0.0000,0.0000,28623.0586 , 137.6716,11.7985,5.5229 , 2.2908,4.7875,<LOD,0.6357,0.1985,311935.6250 , 655.2747,35.6226,7.7059 , 1.8439,3.7253,32.6059 , 0.4908,3.1199,<LOD,0.0000,0.0000,4.0686 , 0.6270,0.3865,2094.8442 , 24.7765,9.4485,<LOD,1.2322,0.4576,77.4582 , 7.1707,2.0228,<LOD,5.3678,0.1999,6.4344 , 0.5209,2.3008,29.9198 , 2.1392,0.6267,103.0640 , 0.9202,12.3453,7,433.100006,39.002495,-122.661926,10.000000,529273.250000,4317108.000000,
524,Mining,120.64,30.26,30.09,30.08,28.10,"Mon Apr 13, 2026 - 11:17:55",User,1.5,ppm,,,,,,Mining,,<LOD,1.1271,0.8809,134345.6094 , 1488.4821,2.9042,<LOD,1.2883,0.3952,<LOD,2.5773,0.1424,496.2870 , 17.0130,25.9533,477552.2188 , 3534.4856,<LOD,1.1037,0.1787,1820.9501 , 51.1118,3.5333,<LOD,1.7548,1.7006,<LOD,32.2940,0.5754,<LOD,29.5772,5.6241,85.8338 , 3.8098,3.1992,<LOD,3.2078,0.3634,11368.1543 , 72.2911,35.3856,<LOD,0.0000,0.0000,12.8910 , 1.8158,0.4463,16603.5000 , 110.7925,12.5423,7475.6201 , 2216.9504,0.0561,<LOD,21.6147,0.5162,<LOD,0.8727,6.9115,5.1908 , 0.4634,4.0340,<LOD,5.4513,0.3525,538.8029 , 96.1346,0.2017,8.6308 , 0.8647,0.4694,<LOD,1.0623,0.7039,60.7433 , 1.1250,4.1764,<LOD,0.0000,0.0000,14204.9766 , 97.6034,6.1688,<LOD,5.3366,5.6639,<LOD,0.6953,0.2681,331971.2812 , 692.5029,39.6679,5.3822 , 1.8150,4.4340,31.4966 , 0.4771,3.3507,<LOD,0.0000,0.0000,5.1857 , 0.6652,0.5143,3132.8081 , 26.3626,14.3010,<LOD,1.7435,0.5692,89.7723 , 7.3238,2.7036,<LOD,5.4217,0.2288,4.7883 , 0.5468,2.8085,3.5687 , 1.6218,0.4014,176.2923 , 1.1581,21.3171,8,436.600006,39.002415,-122.661827,10.000000,529281.937500,4317099.000000,
525,Mining,120.43,30.20,30.13,30.08,27.62,"Mon Apr 13, 2026 - 11:20:51",User,1.5,ppm,,,,,,Mining,,<LOD,1.0806,0.8534,136173.8750 , 1497.3113,2.9383,<LOD,1.2053,0.3518,<LOD,2.6570,0.1561,476.0440 , 16.2784,25.3416,474033.0938 , 3594.2383,<LOD,1.0350,0.1610,1185.5739 , 40.2855,2.4477,<LOD,1.6739,1.6297,<LOD,31.6100,0.5407,<LOD,26.9454,4.6685,66.6456 , 3.3775,2.8294,<LOD,3.1599,0.3599,8801.7734 , 64.3791,28.1824,<LOD,0.0000,0.0000,7.5436 , 1.6409,0.4134,11294.8691 , 88.4129,8.7093,11950.1289 , 2266.0388,0.0606,<LOD,20.9204,0.4789,<LOD,0.8185,6.2544,4.7917 , 0.4581,4.0748,<LOD,5.0617,0.3145,611.9228 , 97.0542,0.2064,6.4400 , 0.8125,0.4243,<LOD,1.0138,0.6746,51.1827 , 1.0512,3.7257,<LOD,0.0000,0.0000,9341.6865 , 80.8734,4.1621,<LOD,4.7036,5.4264,<LOD,0.6926,0.2766,343376.3125 , 724.8401,41.4861,8.8340 , 1.7468,4.3612,37.7563 , 0.5151,4.0071,<LOD,0.0000,0.0000,4.5333 , 0.6267,0.4716,2411.8462 , 22.2871,11.2883,<LOD,1.7668,0.5616,62.7336 , 6.1518,2.1355,<LOD,0.0000,0.2228,4.7048 , 0.5256,2.6857,<LOD,2.9008,0.3828,87.7286 , 0.8572,12.5134,6,430.899994,39.002560,-122.661911,10.000000,529274.625000,4317115.000000,
526,Mining,120.59,30.23,30.13,30.11,28.62,"Mon Apr 13, 2026 - 11:24:20",User,1.5,ppm,,,,,,Mining,,<LOD,1.1427,0.8178,107522.1406 , 1383.1938,2.3569,<LOD,1.3053,0.3924,<LOD,2.7095,0.1441,396.8887 , 16.7934,22.1819,494443.6562 , 3412.7512,<LOD,1.0879,0.1587,2903.1367 , 58.6932,4.9519,<LOD,1.7916,1.6087,<LOD,32.4890,0.5772,<LOD,38.5082,9.4874,88.6712 , 4.0288,3.3542,<LOD,3.2502,0.3434,19629.5918 , 95.7001,60.3238,<LOD,0.0000,0.0000,25.8961 , 2.1002,0.6091,10405.1006 , 91.9941,7.9202,7078.4785 , 2309.4963,0.0568,<LOD,21.7710,0.5226,<LOD,0.8445,5.8510,3.9329 , 0.4670,3.7208,<LOD,5.8137,0.3228,556.6797 , 99.9931,0.2120,6.1458 , 0.8394,0.4024,<LOD,1.0381,0.6038,43.7999 , 0.9991,2.9487,<LOD,0.0000,0.0000,18205.9258 , 110.0661,7.7433,<LOD,3.3903,5.0091,<LOD,0.7046,0.2546,336326.7188 , 678.7112,39.8611,8.3071 , 1.8377,4.0928,22.0920 , 0.4271,2.4464,<LOD,0.0000,0.0000,5.9517 , 0.6636,0.4699,2124.1123 , 23.0081,9.7310,<LOD,1.1344,0.5118,83.1705 , 6.7187,2.0853,<LOD,0.0000,0.2180,3.9041 , 0.5199,2.3238,20.6873 , 2.0060,0.5737,94.9987 , 0.8904,11.9635,6,431.500000,39.002502,-122.661758,10.000000,529288.250000,4317108.500000,
527,Mining,120.42,30.14,30.09,30.08,28.90,"Mon Apr 13, 2026 - 11:27:54",User,1.5,ppm,,,,,,Mining,,<LOD,1.0779,0.8356,104328.3906 , 1351.7290,2.2946,<LOD,1.1230,0.3037,<LOD,2.2641,0.1157,371.6847 , 15.8732,22.9149,530984.3750 , 3342.5093,<LOD,1.0017,0.1549,11050.1934 , 96.6483,17.2325,<LOD,1.7145,1.7016,<LOD,34.0986,0.6422,<LOD,26.2259,4.5464,67.6190 , 3.5085,2.8882,<LOD,2.9535,0.3237,9045.0273 , 63.3552,28.3922,<LOD,0.0000,0.0000,6.4031 , 1.5973,0.3565,10658.2090 , 86.7109,8.2950,7997.1592 , 2409.1550,0.0645,<LOD,19.9726,0.4526,<LOD,0.7857,5.9356,2.8552 , 0.4371,3.8150,<LOD,4.8994,0.3013,213.5905 , 94.2583,0.1729,5.8408 , 0.7752,0.3969,<LOD,0.9635,0.5950,43.3624 , 0.9437,3.0912,<LOD,0.0000,0.0000,28936.5762 , 141.1664,12.6389,<LOD,3.2025,5.1379,<LOD,0.6083,0.2145,294202.3750 , 666.6481,35.0937,5.5429 , 1.7357,4.1959,19.6020 , 0.3901,2.3705,<LOD,0.0000,0.0000,3.5742 , 0.5921,0.4221,1896.7189 , 20.6828,8.8399,<LOD,0.9473,0.4546,68.1738 , 5.9249,1.8596,<LOD,5.1056,0.2135,2.7518 , 0.4857,2.3545,10.7164 , 1.7195,0.4752,79.2287 , 0.7926,11.0609,5,437.100006,39.002552,-122.661865,10.000000,529279.000000,4317114.000000,
528,Mining,120.34,30.03,30.06,30.21,30.04,"Mon Apr 13, 2026 - 11:31:23",User,1.5,ppm,,,,,,Mining,,<LOD,1.1333,0.8539,110673.8203 , 1385.4042,2.4276,<LOD,1.1887,0.3015,<LOD,2.3480,0.1112,406.6294 , 16.5448,22.9926,502371.4375 , 3446.5591,<LOD,1.1180,0.1737,7440.2646 , 85.4689,11.6426,<LOD,1.7539,1.6314,<LOD,33.1981,0.6175,<LOD,33.0417,6.8317,91.0674 , 3.9911,3.2960,<LOD,3.1147,0.3252,13880.3301 , 80.7585,42.6458,<LOD,0.0000,0.0000,4.0747 , 1.6080,0.3203,10442.5908 , 91.1848,7.9964,6969.8154 , 2370.3638,0.0624,<LOD,21.8326,0.5126,<LOD,0.8234,5.8085,4.0369 , 0.4623,3.8139,<LOD,5.3095,0.2923,337.7943 , 94.6445,0.1827,6.5365 , 0.8298,0.4083,<LOD,0.9987,0.5896,43.4816 , 0.9825,2.9950,<LOD,0.0000,0.0000,28041.0059 , 136.5435,12.0012,<LOD,4.3749,5.2551,<LOD,0.6789,0.2482,316448.3438 , 669.5760,37.6583,5.9986 , 1.7990,4.1521,27.4856 , 0.4578,2.9197,<LOD,0.0000,0.0000,3.5328 , 0.6418,0.4322,2634.0481 , 24.8366,11.8636,<LOD,1.0064,0.4617,77.3406 , 7.0266,2.3006,<LOD,5.3990,0.2155,4.0713 , 0.5158,2.3843,5.6578 , 1.6839,0.4106,80.6103 , 0.8309,10.8642,6,436.600006,39.002453,-122.661934,10.000000,529272.812500,4317103.000000,
529,Mining,120.50,30.04,30.20,30.09,29.00,"Mon Apr 13, 2026 - 11:34:28",User,1.5,ppm,,,,,,Mining,,<LOD,1.1725,0.8186,121775.3906 , 1611.4431,2.6537,1.4349 , 0.9943,0.5232,<LOD,2.6411,0.1343,507.0146 , 17.7488,24.2588,465116.8750 , 4026.4790,<LOD,1.1656,0.1794,3702.6028 , 65.0569,6.0053,<LOD,1.8418,1.6161,<LOD,35.1449,0.5985,<LOD,35.6002,7.4086,83.1947 , 4.0049,3.1923,<LOD,3.8998,0.3648,15061.7676 , 88.5577,45.1402,<LOD,0.0000,0.0000,27.8391 , 2.1707,0.5945,12076.2480 , 99.5137,8.9189,16932.8984 , 2789.3633,0.0774,<LOD,23.2388,0.5610,<LOD,0.8568,5.9414,4.9285 , 0.4738,3.7748,<LOD,5.7884,0.3373,457.3619 , 107.4586,0.2131,10.9296 , 0.9300,0.4889,<LOD,1.0958,0.6426,54.1623 , 1.1051,3.5601,<LOD,0.0000,0.0000,26069.0742 , 141.3223,10.8139,<LOD,3.4882,5.0398,<LOD,0.7077,0.2494,335061.3438 , 755.8633,39.2532,7.0329 , 1.8879,4.1212,31.8065 , 0.4944,3.2089,<LOD,0.0000,0.0000,4.7445 , 0.6834,0.4744,2778.7097 , 26.1162,12.2796,<LOD,1.6330,0.5549,89.9091 , 7.3282,2.4286,<LOD,5.4819,0.2105,4.7427 , 0.5485,2.5394,30.1710 , 2.1764,0.6551,109.7852 , 0.9676,13.5043,8,434.100006,39.002449,-122.661934,10.000000,529272.937500,4317102.500000,
530,Mining,120.45,30.07,30.29,30.07,29.42,"Mon Apr 13, 2026 - 11:37:20",User,1.5,ppm,,,,,,Mining,,<LOD,1.1920,0.8032,114503.6094 , 1593.5144,2.5100,<LOD,1.3032,0.3511,<LOD,3.0091,0.1613,497.4373 , 18.0112,23.4489,452403.3125 , 4035.1877,<LOD,1.2027,0.1769,8647.0186 , 94.2182,12.7501,<LOD,1.8530,1.5437,<LOD,34.3218,0.5523,<LOD,38.2087,8.4089,83.4483 , 4.0509,3.0350,<LOD,4.8574,0.3672,17947.0176 , 97.5115,52.0234,<LOD,0.0000,0.0000,119.8517 , 3.6304,1.6594,8969.4395 , 87.9079,6.6069,12989.3984 , 2781.6636,0.0721,<LOD,22.3691,0.4947,<LOD,0.8639,5.4778,5.2266 , 0.4859,3.6180,<LOD,6.0927,0.3402,779.4911 , 119.6680,0.2684,5.2385 , 0.8492,0.3747,<LOD,1.0763,0.5856,46.0173 , 1.0645,2.9162,<LOD,0.0000,0.0000,28614.9531 , 148.0411,11.6140,<LOD,3.5413,4.8982,<LOD,0.7407,0.2505,351578.5312 , 751.0817,41.0459,9.3456 , 1.9336,4.1092,39.7418 , 0.5606,3.7829,<LOD,0.0000,0.0000,3.9269 , 0.6772,0.4129,2548.8350 , 25.2109,10.8372,<LOD,1.3500,0.6885,71.1783 , 7.0860,2.0884,<LOD,0.0000,0.2201,4.7368 , 0.5427,2.2965,47.2919 , 2.5480,0.8441,84.9620 , 0.8859,10.6034,8,429.600006,39.002518,-122.661858,10.000000,529279.562500,4317110.500000,
531,Mining,120.59,30.27,30.11,30.09,27.43,"Mon Apr 13, 2026 - 11:40:10",User,1.5,ppm,,,,,,Mining,,<LOD,1.2126,0.8220,118926.0391 , 1701.4000,2.6049,<LOD,1.2312,0.2912,<LOD,2.9895,0.1593,486.2200 , 18.1325,23.4493,433075.9688 , 4195.7021,<LOD,1.1599,0.1637,9048.1260 , 95.2409,13.1244,<LOD,1.8601,1.5323,<LOD,37.0797,0.5613,<LOD,35.0548,6.8073,90.3999 , 4.0686,3.1208,<LOD,5.0359,0.3629,14540.9922 , 88.3866,41.5741,<LOD,0.0000,0.0000,65.5376 , 2.8732,1.0359,10090.8330 , 91.5478,7.2675,10057.2451 , 2836.1252,0.0666,<LOD,23.1028,0.5061,<LOD,0.8798,5.5573,5.3780 , 0.4966,3.6731,<LOD,5.6170,0.2887,441.7582 , 110.0014,0.1883,5.3739 , 0.8443,0.3688,<LOD,1.1381,0.6511,45.8385 , 1.0686,2.9703,<LOD,0.0000,0.0000,26058.6758 , 149.7409,10.4200,<LOD,3.5872,4.9916,<LOD,0.7378,0.2473,374277.1250 , 809.4896,43.8726,5.9069 , 1.9396,4.0672,39.8940 , 0.5571,3.7282,<LOD,0.0000,0.0000,4.9370 , 0.6807,0.4342,2506.0901 , 24.8726,10.5214,2.0781 , 0.8609,0.6464,79.3765 , 7.0186,2.0935,<LOD,0.0000,0.2415,5.5548 , 0.5493,2.3576,49.5968 , 2.5534,0.8417,91.0180 , 0.9148,11.2180,7,429.899994,39.002537,-122.661827,10.000000,529281.875000,4317112.500000,
532,Mining,120.44,30.12,30.12,30.14,29.45,"Mon Apr 13, 2026 - 11:42:53",User,1.5,ppm,,,,,,Mining,,<LOD,1.4152,0.6924,49557.2227 , 1168.9081,1.1675,10.9525 , 1.3012,0.7712,<LOD,5.3250,0.2996,402.3042 , 21.4531,18.7906,610343.8125 , 3752.0178,<LOD,1.7175,0.2164,15532.7510 , 180.0940,24.7799,<LOD,2.2361,1.3696,<LOD,35.7811,0.7057,<LOD,75.7277,33.7206,118.1559 , 7.4512,5.0138,<LOD,0.0000,0.0000,73989.7891 , 217.4429,228.1135,150.6489 , 11.9747,0.9775,496.7365 , 12.8151,5.0043,3810.0120 , 91.7722,3.4384,7488.8257 , 3278.0171,0.0747,200.2438 , 23.1167,1.2990,<LOD,1.0582,4.3930,<LOD,1.0878,3.1274,111.6468 , 8.0943,0.7292,4417.8286 , 225.8237,1.2664,<LOD,0.0000,0.0000,<LOD,1.2841,0.5134,17.5034 , 1.0944,1.1145,<LOD,20.7247,0.6668,49838.4570 , 186.7200,22.3283,<LOD,4.3638,4.5239,<LOD,1.0960,0.3040,182029.9219 , 572.2125,20.5926,15.0210 , 2.3745,3.7416,220.4291 , 1.4713,14.5995,<LOD,9.2394,0.3509,5.1609 , 0.8681,0.3563,878.5411 , 30.4173,4.7250,<LOD,2.6984,1.2896,298.4375 , 12.2946,3.0324,<LOD,0.0000,0.3161,28.7597 , 0.8345,3.3335,<LOD,0.0000,0.0000,36.8446 , 0.9670,7.2139,7,430.899994,39.002590,-122.661781,10.000000,529285.625000,4317118.500000,
533,Mining,120.44,30.05,30.18,30.01,30.20,"Mon Apr 13, 2026 - 11:45:48",User,1.5,ppm,,,,,,Mining,,<LOD,1.5253,0.6948,57237.7539 , 1441.8313,1.3412,10.9081 , 1.5196,0.7060,<LOD,4.6608,0.2064,477.4477 , 23.2341,19.1479,567278.8125 , 4826.3608,<LOD,1.7261,0.1956,48255.5391 , 296.7920,78.0653,<LOD,2.4107,1.3774,<LOD,38.1878,0.7643,<LOD,81.0987,33.7098,141.6206 , 7.4936,5.0724,84.0290 , 4.7689,0.8664,77310.9297 , 283.7685,226.4609,<LOD,0.0000,0.0000,276.5631 , 6.3940,2.7756,4659.2876 , 93.1122,4.2586,25575.4844 , 4375.3584,0.1156,496.4868 , 29.1609,1.8243,<LOD,1.1299,4.3517,<LOD,1.0192,3.3454,114.7612 , 8.6103,0.7303,4507.0825 , 236.9111,1.3656,5.2990 , 1.2130,0.4045,<LOD,1.4052,0.5327,19.4170 , 1.1965,1.3721,<LOD,0.0000,0.0000,59541.8594 , 224.5920,28.0823,<LOD,4.6584,4.4250,<LOD,1.0266,0.2411,151555.8750 , 574.6484,17.7694,9.6054 , 2.5146,3.5886,652.9380 , 2.9202,38.6093,<LOD,0.0000,0.0000,6.5297 , 0.9599,0.4190,1104.1196 , 31.4463,5.5229,<LOD,4.1415,1.3501,388.6353 , 13.1924,3.5572,<LOD,0.0000,0.3503,68.0970 , 1.1746,5.7078,183.2196 , 5.0297,1.8317,37.7046 , 1.3340,11.5639,7,428.500000,39.002575,-122.661789,10.000000,529285.312500,4317116.500000,
534,Mining,120.69,30.27,30.17,30.05,30.20,"Mon Apr 13, 2026 - 11:48:24",User,1.5,ppm,,,,,,Mining,,<LOD,1.4290,0.7029,66934.1484 , 1768.5472,1.5485,<LOD,1.4247,0.4308,13.1331 , 3.8120,0.3619,463.7873 , 21.5354,19.2231,548883.1250 , 5718.6001,<LOD,1.6565,0.2155,60586.4102 , 319.9752,89.6119,<LOD,2.2089,1.3262,<LOD,44.5867,0.7983,<LOD,58.9196,16.2880,130.6598 , 6.0505,3.8816,<LOD,0.0000,0.0000,41974.8750 , 204.0237,111.6860,158.0273 , 12.2999,1.0786,528.7325 , 13.8103,5.5718,4732.7427 , 81.5349,3.9681,41746.9258 , 5101.0669,0.1481,612.3098 , 29.6050,1.7044,<LOD,1.0501,4.5474,1.4346 , 0.6322,3.5042,169.9217 , 8.0362,1.0251,2198.0737 , 206.2122,0.7655,<LOD,0.0000,0.0000,<LOD,1.2961,0.5197,22.4705 , 1.2495,1.5997,45.9262 , 14.3542,0.7077,72958.8281 , 284.3720,32.2520,<LOD,4.2865,4.3244,<LOD,1.1606,0.3291,155676.9844 , 640.4717,17.2741,14.2373 , 2.3458,3.6423,551.1261 , 2.6173,34.7156,<LOD,9.1772,0.3546,9.9264 , 0.9196,0.4903,1244.1127 , 26.9651,5.3635,<LOD,4.4989,1.8174,237.0476 , 9.9284,2.3386,<LOD,0.0000,0.3694,62.3636 , 1.0553,5.5985,<LOD,0.0000,0.0000,42.7048 , 1.1855,11.3819,6,431.899994,39.002560,-122.661850,10.000000,529279.687500,4317115.000000,
535,Mining,120.34,30.07,30.06,30.17,27.95,"Mon Apr 13, 2026 - 11:53:20",User,1.5,ppm,,,,,,Mining,,<LOD,1.4233,0.6291,116824.4766 , 2137.7737,2.5192,<LOD,1.6527,0.3058,<LOD,3.0604,0.0978,407.9199 , 20.9599,16.4556,482707.6250 , 5472.4800,<LOD,1.3748,0.1365,31199.1836 , 225.2921,42.5485,<LOD,2.1925,1.1818,<LOD,38.8868,0.6514,<LOD,65.1132,19.1835,131.0707 , 6.5799,3.8130,11.9118 , 2.9707,0.3601,48191.5430 , 200.3803,123.0314,<LOD,0.0000,0.0000,13.3809 , 2.2620,0.3368,6999.7852 , 103.8389,5.1512,35766.2969 , 3860.1558,0.0986,323.0475 , 25.1566,1.1660,<LOD,1.0639,4.5826,4.7456 , 0.5906,2.9423,<LOD,8.4619,0.2719,1131.9501 , 136.3066,0.3281,12.5787 , 1.1620,0.4142,<LOD,1.2668,0.4461,30.6393 , 1.0821,1.6730,<LOD,0.0000,0.0000,1911.0535 , 44.8764,0.9766,<LOD,4.1801,3.6787,<LOD,0.8340,0.1883,267185.4688 , 728.1763,26.8300,13.7651 , 2.3060,3.1704,274.8317 , 1.6520,16.2073,<LOD,0.0000,0.0000,3.7788 , 0.7876,0.3267,6468.8643 , 50.6548,23.7527,2.7768 , 1.0519,0.5776,204.0702 , 14.5011,4.3283,<LOD,7.3086,0.2098,11.8346 , 0.6830,2.1480,54.5479 , 3.0069,0.7019,112.8366 , 1.3002,12.5703,7,436.700012,39.002483,-122.661957,10.000000,529270.937500,4317106.500000,
536,Mining,120.25,30.26,30.09,30.06,29.84,"Mon Apr 13, 2026 - 11:55:57",User,1.5,ppm,,,,,,Mining,,<LOD,1.5652,0.6741,126334.3750 , 2630.3484,2.7214,<LOD,1.5540,0.2500,<LOD,3.2694,0.1038,494.6985 , 22.6004,17.2061,420642.2188 , 6988.3813,<LOD,1.3987,0.1305,40981.7266 , 254.9223,49.5074,<LOD,2.2913,1.1286,<LOD,42.5855,0.6278,<LOD,55.9999,11.2736,121.7153 , 6.0640,3.1912,11.8407 , 3.0103,0.3381,31911.7324 , 173.8469,71.5285,<LOD,0.0000,0.0000,<LOD,3.5318,0.2125,6992.6660 , 97.5607,4.6321,52961.7266 , 4629.9492,0.1311,244.3031 , 24.5614,0.8736,<LOD,1.2536,4.3970,7.1711 , 0.6087,2.9257,<LOD,7.8774,0.2682,1098.2994 , 139.2772,0.2812,8.8848 , 1.0866,0.3339,<LOD,1.3843,0.4706,32.9998 , 1.1240,1.6878,<LOD,0.0000,0.0000,11736.7979 , 103.0277,4.1794,<LOD,4.3979,3.5638,<LOD,0.8687,0.1872,299616.6562 , 819.0759,28.1600,14.2906 , 2.4491,3.1692,303.1835 , 1.8387,16.8996,<LOD,0.0000,0.0000,3.9101 , 0.8012,0.3153,6123.6929 , 48.5877,19.6491,2.8081 , 1.0562,0.5479,169.9682 , 13.0929,3.4884,<LOD,7.3323,0.1938,13.4717 , 0.7057,2.1349,52.9130 , 3.0209,0.6484,117.9576 , 1.3671,12.5471,7,445.700012,39.002514,-122.661842,10.000000,529280.875000,4317110.000000,
537,Mining,120.60,30.25,30.14,30.15,30.06,"Mon Apr 13, 2026 - 11:58:56",User,1.5,ppm,,,,,,Mining,,<LOD,1.4763,0.6717,130182.5234 , 2214.5525,2.7970,<LOD,1.4977,0.2569,<LOD,3.0992,0.1025,409.1434 , 21.1616,16.7113,459741.5625 , 5505.4639,<LOD,1.3616,0.1362,38532.4531 , 237.5944,50.5380,<LOD,2.2071,1.1815,<LOD,39.1244,0.6373,<LOD,57.7502,13.7113,131.6711 , 6.1434,3.5463,9.1863 , 2.8982,0.3460,36062.7891 , 166.8483,87.9486,<LOD,0.0000,0.0000,<LOD,3.6606,0.2341,7897.8228 , 102.7541,5.5852,29929.4023 , 3645.4705,0.0898,382.6190 , 26.3854,1.1627,<LOD,1.0457,4.5308,5.7114 , 0.5943,3.0641,<LOD,8.0099,0.2958,971.3745 , 128.6479,0.2822,7.6654 , 1.0451,0.3400,<LOD,1.3157,0.4770,35.4553 , 1.1320,1.9060,<LOD,0.0000,0.0000,2625.3777 , 50.4318,1.2123,<LOD,4.2135,3.6948,<LOD,0.8412,0.1939,286097.6875 , 739.9373,28.4526,14.6524 , 2.3363,3.2302,292.5341 , 1.6998,17.4007,<LOD,0.0000,0.0000,3.9094 , 0.7838,0.3333,6271.4077 , 47.9541,22.0226,3.2899 , 1.0435,0.5878,195.9944 , 13.5123,4.0142,<LOD,7.6030,0.2303,15.9910 , 0.7205,2.4561,70.8173 , 3.2333,0.8205,108.9861 , 1.2855,12.6230,6,444.000000,39.002529,-122.661903,10.000000,529275.687500,4317111.500000,
538,Mining,120.50,30.07,30.29,30.08,30.06,"Mon Apr 13, 2026 - 12:02:06",User,1.5,ppm,,,,,,Mining,,<LOD,1.4309,0.6331,129809.0000 , 2341.9905,2.7930,<LOD,1.4113,0.2493,<LOD,2.9574,0.1018,380.1814 , 20.5650,15.8445,449634.9688 , 5834.5938,<LOD,1.2451,0.1242,40043.2695 , 244.5995,52.0079,<LOD,2.1633,1.1436,<LOD,41.4702,0.6788,<LOD,53.2157,12.2896,109.8605 , 5.8312,3.2566,8.3628 , 2.7337,0.3348,32345.9648 , 161.9854,78.2198,<LOD,0.0000,0.0000,<LOD,3.0350,0.2164,7878.7637 , 101.0304,5.5096,40028.7109 , 4022.9661,0.1082,518.2566 , 27.5575,1.3391,<LOD,0.9866,4.4411,3.9664 , 0.5564,2.9371,<LOD,7.4513,0.2869,910.0571 , 128.9218,0.2672,7.3328 , 0.9828,0.3281,<LOD,1.2363,0.4202,33.5225 , 1.0602,1.8201,<LOD,0.0000,0.0000,2624.8193 , 51.8423,1.2105,<LOD,4.1367,3.6156,<LOD,0.8021,0.1932,289057.3750 , 780.8424,28.6074,21.8201 , 2.3098,3.2069,275.0603 , 1.6198,16.5129,<LOD,0.0000,0.0000,3.2304 , 0.7167,0.3045,5936.5518 , 46.6939,20.6276,2.8163 , 0.9762,0.5625,172.2453 , 12.8341,3.7071,<LOD,6.9155,0.2070,18.9567 , 0.7103,2.6192,73.2950 , 3.1299,0.8358,101.6269 , 1.2051,11.9711,7,439.799988,39.002457,-122.661827,10.000000,529281.875000,4317103.500000,
539,Mining,120.48,30.12,30.19,30.12,28.24,"Mon Apr 13, 2026 - 12:05:07",User,1.5,ppm,,,,,,Mining,,<LOD,1.4280,0.6653,142736.9531 , 2610.4282,3.0645,<LOD,1.3821,0.2397,<LOD,3.0172,0.1093,398.1961 , 20.5800,16.6563,400015.0938 , 6513.3018,<LOD,1.2980,0.1392,41605.0156 , 267.0777,55.0026,<LOD,2.0939,1.1152,<LOD,44.1801,0.7012,<LOD,52.2612,12.0934,124.7027 , 5.9387,3.4398,7.1378 , 2.6750,0.3302,31230.3398 , 181.3607,76.4811,<LOD,0.0000,0.0000,<LOD,2.6393,0.2138,8380.3906 , 104.5226,5.9427,54132.4062 , 4553.7466,0.1327,492.1927 , 27.0421,1.3081,<LOD,0.9885,4.5638,4.9775 , 0.5577,3.0241,<LOD,7.4704,0.3062,1095.8667 , 136.2672,0.2795,7.3139 , 0.9798,0.3356,<LOD,1.2827,0.4803,35.8879 , 1.0968,1.9861,<LOD,0.0000,0.0000,2541.4116 , 54.3067,1.2047,<LOD,4.0811,3.6783,<LOD,0.8149,0.2052,310200.9688 , 901.3735,31.9156,12.1636 , 2.2542,3.1779,287.6359 , 1.7577,17.5514,<LOD,0.0000,0.0000,4.4589 , 0.7546,0.3517,6308.9448 , 49.9962,22.0055,4.7289 , 1.0051,0.6155,182.6657 , 13.0574,3.9163,<LOD,6.9643,0.2165,18.7991 , 0.7083,2.6619,63.5640 , 2.9680,0.7727,108.1246 , 1.2573,12.7842,5,435.600006,39.002384,-122.661926,10.000000,529273.437500,4317095.500000,
540,Mining,120.43,30.08,30.11,30.02,29.32,"Mon Apr 13, 2026 - 12:07:43",User,1.5,ppm,,,,,,Mining,,<LOD,1.5290,0.6493,131548.7656 , 2609.9756,2.8326,<LOD,1.5707,0.2648,<LOD,3.2283,0.1006,491.1625 , 22.2609,16.9454,421640.6875 , 6543.9941,<LOD,1.4471,0.1395,43438.6602 , 263.6189,52.8652,<LOD,2.2885,1.1454,<LOD,45.8442,0.6888,<LOD,56.4225,11.4284,126.8401 , 6.2927,3.2784,7.7245 , 2.9183,0.3174,32004.2676 , 168.4000,71.9316,<LOD,0.0000,0.0000,2.9377 , 2.0338,0.2377,7782.7700 , 104.0831,5.1484,33880.9961 , 4275.8833,0.0999,394.8405 , 27.4911,1.0962,1.3610 , 0.7285,4.5005,5.7069 , 0.6061,2.8748,<LOD,7.8466,0.2626,974.4015 , 144.5199,0.2785,7.6665 , 1.0696,0.3224,<LOD,1.3904,0.4814,37.7410 , 1.1838,1.8874,<LOD,0.0000,0.0000,10878.1885 , 102.3397,3.9365,<LOD,4.4229,3.7264,<LOD,0.8853,0.1965,309812.8438 , 824.9707,29.7104,16.2976 , 2.4230,3.1440,309.9255 , 1.8368,17.2978,<LOD,0.0000,0.0000,4.0324 , 0.8234,0.3300,6256.3550 , 49.7601,20.1787,3.1428 , 1.0805,0.5687,192.6831 , 13.7367,3.6702,<LOD,7.5880,0.2079,17.2605 , 0.7497,2.4086,49.9644 , 2.9822,0.6317,112.7561 , 1.3448,12.2921,7,434.100006,39.002392,-122.661888,10.000000,529276.437500,4317096.500000,
541,Mining,120.31,30.01,30.10,30.05,30.15,"Mon Apr 13, 2026 - 12:10:32",User,1.5,ppm,,,,,,Mining,,<LOD,1.5496,0.6364,136446.3281 , 2743.4749,2.9310,<LOD,1.5368,0.2551,<LOD,3.3071,0.1061,472.8346 , 22.8627,16.9463,408473.9688 , 6941.8994,<LOD,1.4542,0.1415,42450.1289 , 260.5391,50.6583,<LOD,2.3187,1.1159,<LOD,46.3609,0.6942,<LOD,54.8637,10.7161,133.2004 , 6.1839,3.2074,6.6807 , 2.8747,0.3088,30523.7637 , 167.7285,67.2860,<LOD,0.0000,0.0000,2.7156 , 1.9895,0.2287,8030.0688 , 104.0424,5.1930,40873.9414 , 4455.9922,0.1106,369.1886 , 26.7782,1.0303,<LOD,1.5184,4.3837,6.7445 , 0.6064,2.8971,<LOD,7.8911,0.2790,952.9715 , 141.3807,0.2645,6.7835 , 1.0442,0.3082,<LOD,1.4429,0.4968,38.3816 , 1.1865,1.8998,<LOD,0.0000,0.0000,8853.1367 , 92.5856,3.1735,<LOD,4.4726,3.5671,<LOD,0.9108,0.2103,314942.1562 , 842.4165,29.6299,14.9258 , 2.4937,3.1808,310.3350 , 1.8520,17.1028,<LOD,0.0000,0.0000,4.0137 , 0.8226,0.3292,6732.5542 , 51.5322,21.2720,3.8713 , 1.0827,0.5746,171.1597 , 13.6458,3.6763,<LOD,7.3795,0.1969,15.8560 , 0.7316,2.2985,48.7586 , 2.9363,0.6144,115.5079 , 1.3516,12.3230,7,434.200012,39.002419,-122.661865,10.000000,529278.750000,4317099.500000,
542,Mining,120.05,30.05,30.08,30.11,29.81,"Mon Apr 13, 2026 - 12:13:52",User,1.5,ppm,,,,,,Mining,,<LOD,1.3673,0.7106,147268.5000 , 2151.0449,3.1563,<LOD,1.5252,0.3132,<LOD,2.9497,0.1088,415.7677 , 19.7340,18.1561,448077.0625 , 5035.6182,<LOD,1.3977,0.1686,29957.1328 , 194.0098,39.3584,<LOD,2.0674,1.2840,<LOD,40.4450,0.6548,<LOD,67.9176,10.3555,136.0863 , 5.6523,3.6369,<LOD,6.2416,0.3258,25500.3359 , 129.1632,63.5372,<LOD,0.0000,0.0000,13.7221 , 2.1123,0.3553,7028.4771 , 89.4206,4.9606,13999.9570 , 3118.0881,0.0680,32.1714 , 18.7002,0.6050,<LOD,1.0232,5.1707,6.4788 , 0.5761,3.4112,<LOD,6.9526,0.2804,1043.9392 , 135.9320,0.3045,11.1257 , 1.0600,0.4127,<LOD,1.2242,0.5091,36.6265 , 1.0969,2.1089,<LOD,0.0000,0.0000,13974.2275 , 107.0950,5.3265,<LOD,3.9275,3.9829,<LOD,0.8096,0.2144,303999.1562 , 748.6080,31.0296,12.3993 , 2.1689,3.4426,299.6634 , 1.6375,19.2260,<LOD,0.0000,0.0000,3.4833 , 0.7813,0.3803,7753.6904 , 48.8882,27.5688,3.0503 , 1.0213,0.6596,242.5393 , 13.4487,4.9397,<LOD,6.4309,0.1917,22.7703 , 0.7445,3.1254,26.6251 , 2.3798,0.5185,135.0390 , 1.3228,15.7303,7,431.100006,39.002468,-122.661911,10.000000,529274.562500,4317105.000000,
543,Mining,120.48,30.18,30.03,30.17,30.10,"Mon Apr 13, 2026 - 12:16:47",User,1.5,ppm,,,,,,Mining,,<LOD,1.3677,0.6828,148346.6562 , 2145.0769,3.1782,<LOD,1.4613,0.2831,<LOD,2.8662,0.1005,421.1736 , 20.1943,18.3170,439992.7188 , 5189.3281,<LOD,1.3438,0.1529,32571.8848 , 205.0368,43.3195,<LOD,2.0921,1.2620,<LOD,39.2146,0.6667,<LOD,49.8558,10.8364,131.2358 , 5.5634,3.5681,7.3076 , 2.7284,0.3503,26881.9785 , 137.5395,67.7837,<LOD,0.0000,0.0000,8.8860 , 2.0375,0.3150,6603.4810 , 87.3755,4.7508,22231.0156 , 3271.1482,0.0815,210.0346 , 22.6497,0.8945,<LOD,1.3258,5.0413,6.6572 , 0.5728,3.4247,<LOD,7.1955,0.2962,973.9554 , 126.8905,0.2864,8.3422 , 1.0133,0.3692,<LOD,1.2458,0.5081,34.8426 , 1.0738,1.9917,<LOD,0.0000,0.0000,12720.6787 , 99.6236,4.9393,<LOD,4.0080,3.9922,<LOD,0.8261,0.2226,301720.6250 , 745.9347,31.1346,15.4773 , 2.2274,3.5132,287.2677 , 1.6316,18.5124,<LOD,0.0000,0.0000,2.8159 , 0.7497,0.3423,6440.8374 , 44.8599,23.1581,<LOD,2.0331,0.5944,199.5616 , 12.4042,4.1858,<LOD,6.8457,0.2138,26.3939 , 0.7756,3.3348,37.8454 , 2.6036,0.6094,118.3469 , 1.2735,14.3079,6,427.899994,39.002380,-122.661926,10.000000,529273.687500,4317095.000000,
544,Mining,120.56,30.22,30.03,30.11,29.30,"Mon Apr 13, 2026 - 12:19:44",User,1.5,ppm,,,,,,Mining,,<LOD,1.4284,0.6489,142716.2656 , 2508.7803,3.0662,<LOD,1.4851,0.2740,<LOD,2.9629,0.0991,417.2713 , 20.5848,16.4428,413271.6250 , 6129.3394,<LOD,1.3421,0.1401,39421.5156 , 247.2003,50.4782,<LOD,2.1447,1.1543,<LOD,44.1317,0.7014,<LOD,52.7162,11.4933,122.7314 , 5.9138,3.3513,7.3776 , 2.7353,0.3251,30490.9414 , 164.3300,72.7639,<LOD,0.0000,0.0000,8.9894 , 2.0298,0.2887,7870.7393 , 100.6231,5.4168,35524.4648 , 4090.8809,0.1042,409.5396 , 26.3778,1.1624,<LOD,1.2246,4.6136,5.4498 , 0.5738,3.0276,<LOD,7.2903,0.2641,759.7579 , 132.8185,0.2543,8.2333 , 1.0178,0.3419,<LOD,1.2857,0.4705,38.2464 , 1.1329,2.0236,<LOD,0.0000,0.0000,10474.2256 , 98.4359,3.9758,<LOD,4.0804,3.5899,<LOD,0.7958,0.1841,311571.7812 , 835.5143,31.3439,16.5495 , 2.2691,3.1605,283.7630 , 1.6984,16.9774,<LOD,0.0000,0.0000,3.8414 , 0.7681,0.3380,6231.8599 , 48.4264,21.3574,3.0509 , 1.0190,0.5905,167.0656 , 12.9206,3.7572,<LOD,6.7389,0.1907,19.6244 , 0.7334,2.7005,44.7514 , 2.7404,0.6221,110.3311 , 1.2682,12.6549,6,428.600006,39.002426,-122.661888,10.000000,529276.687500,4317100.000000,
545,Mining,123.02,32.53,30.29,30.11,30.09,"Mon Apr 13, 2026 - 12:22:28",User,1.5,ppm,,,,,,Mining,,<LOD,1.4766,0.6105,143375.4375 , 2494.0847,3.0779,<LOD,1.5580,0.2661,<LOD,3.1721,0.1006,450.2189 , 21.9100,16.4870,404237.2812 , 6207.9272,<LOD,1.3921,0.1335,41727.2148 , 257.2150,52.1720,<LOD,2.2504,1.1180,<LOD,43.1954,0.7085,<LOD,57.9065,12.7664,120.8829 , 6.2077,3.2923,10.6542 , 2.9429,0.3346,34662.5000 , 175.9808,80.1730,<LOD,0.0000,0.0000,7.4917 , 2.1036,0.2708,8141.6299 , 105.9941,5.4966,33198.3359 , 3963.5295,0.0989,546.9875 , 29.5659,1.3500,<LOD,1.3980,4.4841,5.6934 , 0.6039,2.9481,<LOD,8.1249,0.2925,880.2297 , 132.9777,0.2713,8.6480 , 1.0720,0.3356,<LOD,1.3642,0.4689,42.1406 , 1.2182,2.0854,<LOD,0.0000,0.0000,7806.8984 , 82.4016,2.9603,<LOD,4.3278,3.5627,<LOD,0.8476,0.1843,317588.2188 , 799.7695,31.3523,17.1988 , 2.4056,3.1380,303.9604 , 1.8014,17.2357,<LOD,0.0000,0.0000,2.7882 , 0.7836,0.3049,6486.6943 , 50.3360,21.4991,2.8542 , 1.0708,0.5760,181.4640 , 13.7563,3.8063,<LOD,7.2944,0.1983,23.9674 , 0.8053,2.8773,50.8825 , 2.9591,0.6445,119.7190 , 1.3573,12.8679,7,429.200012,39.002415,-122.661911,10.000000,529274.875000,4317099.000000,
546,Mining,11.74,11.74,,,,"Mon Apr 13, 2026 - 13:18:22",User,1.5,ppm,,,,,,Mining,,<LOD,12.2375,32.5861,,,,15.0207 , 2.7371,0.6412,<LOD,6.8858,0.1240,,,,959882.1875 , 617.2736,<LOD,2.4738,0.1096,,,,<LOD,13.1937,32.4146,,,,<LOD,111.8214,9.6880,82.3746 , 56.7185,0.5305,11.8136 , 5.8391,0.3390,29934.7617 , 202.2361,59.8683,<LOD,0.0000,0.0000,8.1548 , 4.1955,0.2794,,,,,,,365.3735 , 50.3422,0.9855,<LOD,2.1079,4.7750,7.6379 , 1.1872,3.1683,<LOD,14.5814,0.2514,,,,7.9305 , 2.0685,0.3258,<LOD,14.1728,38.9490,45.8469 , 2.3956,2.2201,<LOD,0.0000,0.0000,,,,<LOD,22.4830,34.0360,<LOD,1.9219,0.2546,,,,<LOD,15.8066,28.6268,228.0622 , 2.6289,12.5251,<LOD,0.0000,0.0000,10.8295 , 1.6590,0.4196,8896.4990 , 373.5328,3.4129,<LOD,4.1416,0.5145,251.7465 , 135.4371,1.1332,<LOD,14.6116,0.2057,21.1683 , 1.5288,2.7652,84.5302 , 6.4998,0.8064,146.0866 , 2.5908,13.7736,,,,,,,,
547,Mining,120.35,30.12,30.12,30.04,29.48,"Mon Apr 13, 2026 - 13:20:37",User,1.5,ppm,,,,,,Mining,,<LOD,1.4767,0.7052,98720.6328 , 1897.0159,2.1631,11.9056 , 1.4072,0.6982,<LOD,3.3298,0.1219,437.8540 , 21.0474,17.6083,450906.2812 , 4940.0503,<LOD,1.4532,0.1593,20297.1465 , 159.1723,24.6453,<LOD,2.1814,1.2076,<LOD,43.2877,0.6709,<LOD,49.4893,9.3759,121.8849 , 5.6649,3.3042,19.2717 , 3.0850,0.3997,25303.4902 , 122.9044,59.0256,<LOD,0.0000,0.0000,8.1197 , 2.0910,0.2947,8711.1436 , 99.7186,5.5589,14815.6641 , 3246.5500,0.0655,308.4582 , 25.2266,0.9779,<LOD,1.0659,4.9766,7.6335 , 0.6048,3.3345,<LOD,7.2178,0.2693,918.7758 , 134.8693,0.2612,10.6559 , 1.0966,0.3861,<LOD,1.3054,0.4913,53.1864 , 1.2846,2.6701,<LOD,0.0000,0.0000,13012.7129 , 104.7642,4.5666,26.2789 , 2.9502,4.6223,<LOD,0.8912,0.2251,356441.2188 , 754.8890,34.9501,17.5522 , 2.3325,3.4052,197.8285 , 1.3162,12.0536,<LOD,0.0000,0.0000,5.3929 , 0.8363,0.3937,9128.5078 , 51.6264,30.2151,3.3718 , 1.0070,0.5618,287.1833 , 14.5599,5.3670,<LOD,7.0961,0.2046,21.6806 , 0.7862,3.0349,53.4797 , 2.9457,0.6959,152.6442 , 1.3597,14.9361,,,,,,,,
548,Mining,120.34,30.13,30.03,30.08,30.10,"Mon Apr 13, 2026 - 13:23:29",User,1.5,ppm,,,,,,Mining,,<LOD,1.4602,0.7017,87567.3750 , 1649.3719,1.9330,15.4051 , 1.4733,0.7961,<LOD,3.1971,0.1134,480.9940 , 21.1140,18.2824,480256.5312 , 4513.1050,<LOD,1.4220,0.1542,14719.3848 , 139.5295,18.3366,<LOD,2.2068,1.2686,<LOD,39.0263,0.6362,<LOD,50.7014,10.0983,117.0300 , 5.8652,3.4437,15.4566 , 3.0166,0.3867,26626.3555 , 121.8065,63.1950,<LOD,0.0000,0.0000,6.9076 , 2.0665,0.2896,10245.5498 , 109.0548,6.5329,13737.5762 , 3022.5430,0.0654,295.5467 , 24.9191,0.9783,<LOD,1.2976,5.2778,8.3274 , 0.6129,3.4690,<LOD,7.4407,0.2903,881.4965 , 126.1172,0.2634,10.2603 , 1.0954,0.3897,<LOD,1.3399,0.5301,58.5142 , 1.3293,2.9235,<LOD,0.0000,0.0000,19418.7266 , 118.1131,6.8154,46.7375 , 3.0317,5.1148,<LOD,0.8747,0.2209,333875.6250 , 686.5760,32.6544,12.1582 , 2.2978,3.3454,197.5080 , 1.3031,12.1717,<LOD,0.0000,0.0000,6.5972 , 0.8437,0.4172,10840.3926 , 56.0104,36.5612,2.8536 , 1.0036,0.5643,324.2230 , 15.9220,6.3652,<LOD,7.1458,0.2099,22.7589 , 0.8039,3.2070,47.1172 , 2.8439,0.6567,162.6111 , 1.3855,15.8590,,,,,,,,
549,Mining,120.58,30.14,30.29,30.05,28.60,"Mon Apr 13, 2026 - 13:26:30",User,1.5,ppm,,,,,,Mining,,<LOD,0.9555,0.9562,196314.8438 , 1428.8534,4.1486,36.2025 , 1.3924,2.1565,<LOD,2.7412,0.2255,152.3259 , 12.9987,20.6229,506009.7188 , 3024.5256,<LOD,1.0620,0.2302,683.6018 , 27.7105,1.6744,<LOD,1.5066,1.9218,<LOD,28.8670,0.6172,<LOD,19.4320,3.1951,114.7173 , 3.5097,3.9435,26.3771 , 2.4771,0.6815,4944.6221 , 44.5439,18.3212,<LOD,0.0000,0.0000,144.1693 , 3.4992,2.5781,4434.8320 , 52.7831,4.0822,5567.5273 , 1717.0210,0.0490,<LOD,18.5934,0.4911,<LOD,0.7778,7.7032,5.3028 , 0.4720,5.8483,<LOD,4.3937,0.3432,246.0943 , 71.5135,0.1443,4.5833 , 0.7226,0.4573,<LOD,0.8781,0.7217,44.1090 , 0.9261,3.7331,<LOD,0.0000,0.0000,6065.6060 , 59.5970,3.1273,<LOD,2.7607,5.5698,<LOD,0.6483,0.3158,267953.4062 , 610.3211,34.0765,7.8184 , 1.5070,4.5887,7.5783 , 0.3005,1.8531,<LOD,0.0000,0.0000,4.6348 , 0.5865,0.5160,6803.1890 , 32.0378,33.9557,<LOD,1.2044,0.9167,221.9071 , 8.8282,6.0593,<LOD,0.0000,0.2480,65.8183 , 0.8366,9.7599,<LOD,2.5520,0.5052,141.0308 , 0.9543,20.8446,,,,,,,,
550,Mining,120.28,30.19,30.10,30.14,29.85,"Mon Apr 13, 2026 - 13:29:26",User,1.5,ppm,,,,,,Mining,,<LOD,1.0068,0.9394,192903.7500 , 1451.6672,4.0734,30.5112 , 1.3803,1.8318,<LOD,2.8078,0.2101,171.0359 , 13.8002,20.6796,506080.6562 , 3188.3413,<LOD,1.1492,0.2392,598.6683 , 28.6350,1.5013,<LOD,1.5588,1.8038,<LOD,28.7544,0.5949,<LOD,20.8863,3.2800,107.3841 , 3.6615,3.6682,18.2384 , 2.4325,0.5819,5497.5156 , 48.2840,19.2846,<LOD,0.0000,0.0000,103.9892 , 3.1538,1.8622,4582.2930 , 56.3609,4.0157,6324.0474 , 1727.7788,0.0482,<LOD,19.7049,0.4925,<LOD,0.8229,7.3835,6.2526 , 0.5234,6.1939,<LOD,4.7064,0.3487,252.0418 , 70.9975,0.1397,6.9456 , 0.7912,0.4873,<LOD,0.9228,0.7050,43.7445 , 0.9706,3.6390,<LOD,0.0000,0.0000,4541.9756 , 51.7344,2.2898,<LOD,2.9332,5.5903,<LOD,0.6733,0.3037,271329.8750 , 605.6640,32.8114,8.0694 , 1.5938,4.5449,8.7823 , 0.3159,1.8227,<LOD,0.0000,0.0000,3.5668 , 0.6194,0.4957,6925.4375 , 33.4807,32.7655,3.0395 , 0.8446,0.9242,216.5518 , 9.3052,5.7759,<LOD,0.0000,0.2404,90.1396 , 0.9786,11.8050,<LOD,2.8390,0.4684,145.4818 , 0.9987,20.3141,,,,,,,,
551,Mining,100.88,30.22,30.04,30.07,10.55,"Mon Apr 13, 2026 - 13:31:42",User,1.5,ppm,,,,,,Mining,,<LOD,1.0682,0.9491,180021.6719 , 2797.6074,3.8064,74.0696 , 1.9890,3.6792,<LOD,3.0561,0.2339,170.4662 , 14.4816,20.1675,537647.8750 , 5051.1177,<LOD,1.4008,0.3350,431.9987 , 27.2109,1.2265,<LOD,1.6302,1.7644,<LOD,57.6567,0.6203,<LOD,27.4843,5.6159,113.6801 , 3.8702,3.8616,40.3383 , 2.8661,0.7662,9886.6045 , 75.0517,33.9810,<LOD,0.0000,0.0000,176.1874 , 4.0627,2.8380,4546.2939 , 59.1016,3.9804,<LOD,5154.7625,0.0389,<LOD,19.7621,0.4914,<LOD,0.8566,7.4234,5.1086 , 0.4970,5.1270,<LOD,4.8486,0.3190,593.0010 , 165.9430,0.2033,8.6676 , 0.8537,0.5337,<LOD,0.9583,0.6802,41.5452 , 0.9928,3.3646,<LOD,0.0000,0.0000,6132.6963 , 117.8694,3.0477,<LOD,3.0556,5.3853,<LOD,0.7188,0.3232,252322.4844 , 1139.0026,29.9241,<LOD,3.9211,4.3159,8.3612 , 0.3298,1.8427,<LOD,0.0000,0.0000,2.9884 , 0.6912,0.5107,6920.9756 , 41.1383,32.6816,1.9486 , 0.9477,1.0674,232.6628 , 9.6963,5.8929,<LOD,0.0000,0.2541,42.0911 , 0.7657,6.5660,3.6868 , 1.7378,0.5434,147.7921 , 1.1099,19.9275,,,,,,,,
552,Mining,120.31,30.08,30.10,30.04,30.09,"Mon Apr 13, 2026 - 13:34:01",User,1.5,ppm,,,,,,Mining,,<LOD,1.0756,0.8972,181589.0312 , 1566.6106,3.8398,127.9883 , 2.4512,5.6294,<LOD,3.7148,0.3054,185.6768 , 15.0840,20.3659,524027.2812 , 3687.9858,<LOD,1.6006,0.3915,357.1606 , 29.2034,1.1561,<LOD,1.6863,1.7657,<LOD,28.7420,0.6065,<LOD,37.1247,10.4138,132.8061 , 4.4694,4.3922,<LOD,0.0000,0.0000,19161.3555 , 98.1310,66.0426,<LOD,13.1953,0.7240,223.5087 , 10.2979,4.0949,4094.4744 , 61.5384,3.7081,<LOD,3656.3606,0.0408,<LOD,20.9005,0.5619,<LOD,0.9000,7.0721,3.8749 , 0.5338,5.1153,<LOD,5.6579,0.3558,479.7816 , 79.2507,0.1815,<LOD,0.0000,0.0000,<LOD,0.9895,0.6806,41.2227 , 1.0680,3.2784,78.6023 , 12.6218,1.0670,5707.5044 , 57.9980,2.8664,<LOD,3.1735,5.4163,<LOD,0.8066,0.3609,255205.2500 , 636.5798,30.6694,8.6209 , 1.7312,4.4706,9.3776 , 0.3722,1.9471,72.3286 , 5.2462,0.5988,5.0910 , 0.7502,0.5131,6419.2427 , 37.5768,30.9374,4.7623 , 1.2704,1.2437,236.9446 , 10.5844,5.7882,<LOD,0.0000,0.2586,59.3403 , 0.8727,7.9189,<LOD,0.0000,0.0000,148.7203 , 1.0751,19.1944,,,,,,,,
553,Mining,120.63,30.10,30.27,30.12,30.14,"Mon Apr 13, 2026 - 13:37:41",User,1.5,ppm,,,,,,Mining,,<LOD,1.7248,0.8430,94274.8906 , 1279.0492,2.0891,42.9619 , 1.6317,2.0041,<LOD,2.5307,0.1300,340.5829 , 15.6207,20.0670,483788.7188 , 3382.0051,<LOD,1.2920,0.2305,4441.5708 , 64.0268,6.7419,<LOD,1.7014,1.5137,<LOD,33.7938,0.6165,<LOD,24.1263,3.3957,128.1069 , 4.2520,3.6337,49.2961 , 3.1243,0.7366,6755.4438 , 55.6023,20.0586,<LOD,0.0000,0.0000,11.8786 , 1.8126,0.4198,5929.6890 , 67.9171,4.4691,7040.4517 , 2228.6206,0.0555,<LOD,21.6108,0.4605,<LOD,0.8918,6.8686,8.6818 , 0.4974,4.4473,<LOD,5.1508,0.3138,369.7347 , 93.6895,0.1771,7.4933 , 0.8428,0.4214,<LOD,1.0177,0.6047,50.2997 , 1.0513,3.4183,<LOD,0.0000,0.0000,16546.4297 , 103.6626,6.7375,<LOD,3.1784,4.5906,<LOD,0.6571,0.2212,371788.3438 , 680.2947,43.4866,11.8424 , 1.7428,3.8587,69.6266 , 0.6776,6.3368,<LOD,0.0000,0.0000,4.0620 , 0.6947,0.4724,7916.0933 , 38.4990,32.2553,<LOD,1.5943,0.5646,232.7546 , 10.6955,5.6146,<LOD,5.4042,0.2143,14.0667 , 0.6084,3.3921,4.8119 , 1.6980,0.4146,172.1965 , 1.1620,20.7801,,,,,,,,
554,Mining,120.25,30.08,30.00,30.08,30.09,"Mon Apr 13, 2026 - 13:40:40",User,1.5,ppm,,,,,,Mining,,<LOD,1.8074,0.8096,110252.9219 , 1490.8483,2.4050,39.5271 , 1.6938,1.7517,<LOD,2.7690,0.1283,395.9321 , 16.9135,19.7901,462632.3750 , 3845.0173,<LOD,1.3504,0.2083,6932.5596 , 83.6660,9.6608,<LOD,1.8019,1.4128,<LOD,35.4864,0.6158,<LOD,30.8589,4.7764,133.0113 , 4.6339,3.5210,38.9654 , 3.1094,0.6063,10836.5391 , 73.0396,29.5874,<LOD,0.0000,0.0000,10.3812 , 1.8606,0.3653,6358.5986 , 74.9092,4.5001,8744.4375 , 2340.5750,0.0542,38.8770 , 17.4507,0.5953,<LOD,0.9482,6.2114,7.8812 , 0.5352,4.1009,<LOD,5.5489,0.2819,442.7581 , 96.3151,0.1747,10.1789 , 0.9505,0.4432,<LOD,1.0949,0.5868,49.0027 , 1.1008,3.0584,<LOD,0.0000,0.0000,9128.2949 , 79.2917,3.5765,<LOD,3.4029,4.3829,<LOD,0.7393,0.2359,375498.3750 , 698.7247,40.9284,13.6436 , 1.8725,3.7317,110.0544 , 0.8828,8.7216,<LOD,0.0000,0.0000,4.7794 , 0.7410,0.4530,7896.5996 , 41.0662,29.9894,1.5573 , 0.8178,0.5671,224.7179 , 11.4267,5.1950,<LOD,5.6115,0.1915,23.1650 , 0.7066,3.8118,8.7311 , 1.8758,0.4208,166.1348 , 1.2211,18.8301,,,,,,,,
555,Mining,120.40,30.08,30.23,30.02,27.66,"Mon Apr 13, 2026 - 13:43:46",User,1.5,ppm,,,,,,Mining,,<LOD,1.3185,0.7392,59814.2188 , 1219.0615,1.3651,8.1476 , 1.1456,0.6191,<LOD,2.5049,0.0934,301.9933 , 18.4917,17.2933,520647.6562 , 3455.7700,<LOD,1.2431,0.1589,5182.3813 , 82.3469,7.6264,<LOD,2.0423,1.4190,<LOD,36.2119,0.6295,<LOD,51.3219,14.9583,175.4794 , 5.5952,4.3810,14.6373 , 2.6808,0.4114,33684.6055 , 123.8169,93.4926,<LOD,0.0000,0.0000,<LOD,3.0441,0.2356,6170.2441 , 82.9431,4.5337,12204.4551 , 2633.4292,0.0563,162.2248 , 20.2100,0.9235,<LOD,0.9301,5.3859,3.8986 , 0.5299,3.6137,<LOD,6.5054,0.2344,554.7446 , 101.4465,0.1916,6.9817 , 0.9178,0.3687,<LOD,1.1951,0.5437,32.6350 , 0.9391,1.9500,<LOD,0.0000,0.0000,2312.8958 , 45.5773,1.1177,<LOD,3.7766,4.1289,<LOD,0.7323,0.2142,351509.5938 , 680.3282,38.0852,9.1646 , 2.0698,3.4788,58.0939 , 0.6638,4.4589,<LOD,0.0000,0.0000,4.2494 , 0.7026,0.3714,6725.1528 , 41.5197,26.6251,<LOD,1.5163,0.4209,215.9201 , 12.1881,4.8368,<LOD,5.8098,0.1862,34.2829 , 0.7717,4.0841,50.6100 , 2.6160,0.7486,115.7362 , 1.0356,12.2621,,,,,,,,
556,Mining,122.90,32.56,30.19,30.01,30.14,"Mon Apr 13, 2026 - 13:47:02",User,1.5,ppm,,,,,,Mining,,<LOD,1.3171,0.7063,79915.6641 , 1477.4058,1.7811,<LOD,1.5605,0.3833,<LOD,2.7431,0.0997,368.6265 , 18.6681,17.4056,472241.5312 , 4166.3765,<LOD,1.2199,0.1355,12465.4033 , 119.8124,16.4321,<LOD,1.9912,1.2796,<LOD,38.2649,0.6740,<LOD,46.6323,9.9775,132.7834 , 5.2258,3.5474,5.7227 , 2.6198,0.3456,24611.1250 , 114.2046,63.0639,<LOD,0.0000,0.0000,2.5142 , 1.7753,0.2519,7556.5234 , 88.7528,5.1620,20305.3086 , 2941.7505,0.0717,332.7581 , 24.3216,1.0894,<LOD,0.9765,5.1108,5.9315 , 0.5606,3.5064,<LOD,6.7416,0.2799,529.8616 , 100.8373,0.1811,9.7734 , 1.0017,0.3907,<LOD,1.1706,0.4975,42.2351 , 1.1019,2.3788,<LOD,0.0000,0.0000,2160.9177 , 44.5008,1.0207,<LOD,3.7650,3.9450,<LOD,0.7509,0.1940,371043.7812 , 711.0581,38.6820,11.5324 , 2.0693,3.3536,142.1031 , 1.0569,9.7052,<LOD,0.0000,0.0000,3.6000 , 0.7098,0.3469,7746.6123 , 44.5162,28.1733,2.1246 , 0.8771,0.5166,181.8214 , 12.3392,4.7215,<LOD,6.3313,0.1958,23.9200 , 0.7450,3.3390,23.7404 , 2.2834,0.5022,134.0665 , 1.1972,14.2878,,,,,,,,
557,Mining,120.27,30.06,30.09,30.08,28.24,"Mon Apr 13, 2026 - 13:50:03",User,1.5,ppm,,,,,,Mining,,<LOD,1.7150,0.9845,71631.6250 , 984.6415,1.5983,15.2879 , 1.1482,1.0549,<LOD,2.5209,0.1500,225.4984 , 14.5886,21.0104,603018.5625 , 2645.7495,<LOD,1.0830,0.1881,488.3013 , 28.7536,1.3161,<LOD,1.6569,1.8255,<LOD,30.3896,0.6232,<LOD,25.2165,4.3289,111.4419 , 3.8744,3.6999,4.1903 , 2.2726,0.4493,7894.3037 , 57.9609,26.2496,<LOD,0.0000,0.0000,<LOD,3.0054,0.3250,4731.7344 , 58.9712,3.9972,5710.8687 , 1816.4935,0.0451,<LOD,20.7275,0.4953,<LOD,0.8822,7.8645,7.6043 , 0.5302,5.8695,<LOD,4.7611,0.2941,382.4229 , 80.5227,0.1665,4.8388 , 0.7842,0.4227,<LOD,0.9720,0.6967,40.9988 , 0.9425,3.2067,<LOD,0.0000,0.0000,4938.2690 , 55.2672,2.3711,<LOD,3.0595,5.3906,<LOD,0.6700,0.2712,293324.4375 , 583.6512,34.6744,5.3695 , 1.6544,4.3373,17.8376 , 0.3843,2.4150,<LOD,0.0000,0.0000,5.9487 , 0.6474,0.5334,7011.9219 , 33.2722,31.8556,<LOD,1.5200,0.5507,195.7590 , 9.5841,5.4811,<LOD,5.1703,0.2274,67.5949 , 0.8982,8.9626,<LOD,2.1496,0.3398,165.1726 , 1.0826,21.7497,,,,,,,,
558,Mining,120.20,30.01,30.02,30.10,28.56,"Mon Apr 13, 2026 - 13:52:53",User,1.5,ppm,,,,,,Mining,,<LOD,1.2849,0.9777,77934.4844 , 968.6330,1.7293,17.2678 , 1.1214,1.2359,<LOD,2.1467,0.1313,165.1826 , 13.0392,20.3151,625775.8750 , 2993.5552,<LOD,0.9895,0.1902,431.1227 , 26.7876,1.3009,<LOD,1.5151,1.8948,<LOD,30.2491,0.7372,<LOD,22.8877,4.2841,111.6624 , 3.7381,4.0172,<LOD,2.9573,0.4078,7148.3062 , 54.4257,26.1376,<LOD,0.0000,0.0000,<LOD,2.8173,0.3444,5219.5122 , 59.4874,4.7616,<LOD,3753.8284,0.0404,<LOD,18.9419,0.4971,<LOD,0.8218,8.3298,6.8363 , 0.4563,5.3340,<LOD,4.3441,0.2975,321.9895 , 75.6560,0.1715,4.9726 , 0.7394,0.4563,<LOD,0.8870,0.7174,47.3868 , 0.9479,3.9637,<LOD,0.0000,0.0000,2887.1953 , 42.5011,1.6319,<LOD,3.1430,5.5486,<LOD,0.5933,0.2610,269402.0938 , 612.4116,34.2440,4.8176 , 1.4956,4.3707,13.7745 , 0.3349,2.2202,<LOD,0.0000,0.0000,5.7899 , 0.6021,0.5679,7898.0688 , 36.2332,39.4308,<LOD,0.9322,0.5665,208.7073 , 9.7017,6.6499,<LOD,4.8161,0.2393,10.5604 , 0.5404,3.7735,<LOD,1.8380,0.3003,169.7737 , 1.0679,24.4748,,,,,,,,
559,Mining,122.89,32.59,30.18,30.00,30.12,"Mon Apr 13, 2026 - 13:58:15",User,1.5,ppm,,,,,,Mining,,<LOD,2.3442,0.6514,73577.1953 , 1699.7814,1.6398,9.8191 , 1.3963,0.5584,<LOD,3.3873,0.1028,433.7758 , 22.7550,15.2935,502171.1875 , 4764.2534,<LOD,1.5799,0.1544,26462.3945 , 214.2990,32.7569,<LOD,2.4026,1.1153,<LOD,40.4033,0.6674,<LOD,68.2801,18.3199,127.1603 , 7.1150,3.6001,28.0325 , 3.4411,0.4138,50858.7188 , 172.4370,117.4641,<LOD,0.0000,0.0000,<LOD,3.1293,0.2062,12693.9795 , 142.1341,8.1633,17594.8770 , 3478.1230,0.0695,586.1356 , 30.2050,1.4726,<LOD,1.1234,4.3963,6.0770 , 0.6247,2.8292,<LOD,8.9948,0.2665,737.0670 , 122.2536,0.2384,7.6839 , 1.1035,0.3171,<LOD,1.3817,0.4158,51.8418 , 1.3276,2.2983,<LOD,0.0000,0.0000,9963.4678 , 87.3753,3.6336,<LOD,4.5760,3.4765,<LOD,0.8855,0.1782,296330.6562 , 680.6342,28.0133,19.1690 , 2.5287,3.0041,216.4815 , 1.4255,11.5192,<LOD,0.0000,0.0000,<LOD,2.0862,0.2898,7729.1646 , 56.6246,25.8810,3.0956 , 1.0478,0.4930,178.3267 , 16.1995,4.3851,<LOD,7.5862,0.1929,13.4966 , 0.7573,2.2300,51.5937 , 3.0659,0.6240,148.6324 , 1.4086,13.0009,6,423.100006,39.001919,-122.668304,10.000000,528721.625000,4317042.000000,
560,Mining,122.80,32.50,30.11,30.10,30.09,"Mon Apr 13, 2026 - 14:01:43",User,1.5,ppm,,,,,,Mining,,<LOD,1.6419,0.6334,53386.7109 , 1505.7461,1.2346,6.3944 , 1.2927,0.4751,<LOD,3.2640,0.0981,429.9613 , 22.6480,15.3802,483550.7188 , 4780.0005,<LOD,1.4737,0.1376,12314.9893 , 149.0580,14.8275,<LOD,2.3734,1.0940,<LOD,41.7957,0.6461,<LOD,63.5896,15.4032,113.9430 , 6.6450,3.2749,25.8940 , 3.3596,0.4031,43829.6211 , 154.0748,98.8768,<LOD,0.0000,0.0000,4.0071 , 2.0570,0.2344,14560.2842 , 146.7437,8.7497,21340.7188 , 3669.9153,0.0761,517.1359 , 28.9881,1.3091,<LOD,1.1383,4.8610,5.2429 , 0.5950,2.7515,<LOD,8.5458,0.2654,607.1005 , 122.1252,0.2099,7.3880 , 1.0748,0.3102,<LOD,1.4309,0.4523,53.3374 , 1.2989,2.3249,<LOD,0.0000,0.0000,13128.3574 , 101.6890,4.4639,<LOD,4.5326,3.4290,<LOD,0.8779,0.1826,346482.6250 , 709.9046,32.4484,17.4618 , 2.5124,2.9932,107.7524 , 0.9949,6.0262,<LOD,0.0000,0.0000,2.6997 , 0.8110,0.2922,9049.9619 , 58.0065,29.4194,<LOD,2.0318,0.4000,184.1339 , 16.4007,4.7970,<LOD,7.4156,0.1889,11.6021 , 0.7325,2.1568,41.3313 , 2.8641,0.5573,220.6418 , 1.5734,16.7236,5,419.200012,39.001915,-122.668289,10.000000,528722.437500,4317041.500000,
561,Mining,120.55,30.28,30.09,30.09,30.09,"Mon Apr 13, 2026 - 14:04:55",User,1.5,ppm,,,,,,Mining,,<LOD,1.3988,1.0525,13866.7188 , 430.4697,0.4363,1.4231 , 0.7876,0.5894,<LOD,1.9612,0.1303,202.7637 , 12.3224,22.7104,648452.6875 , 1871.5236,<LOD,0.8936,0.1851,104.2579 , 14.3641,0.5635,<LOD,2.0420,2.0637,<LOD,25.9876,0.6374,<LOD,18.7226,3.3370,24.9212 , 2.8926,2.5903,20.9296 , 2.3431,0.6893,5098.1802 , 43.2148,20.4416,<LOD,0.0000,0.0000,14.7322 , 1.6345,0.5870,261.4415 , 20.7625,0.6178,5845.5669 , 1567.9734,0.0461,<LOD,18.0963,0.5336,<LOD,0.8042,9.6137,6.5779 , 0.4262,5.6266,<LOD,3.8911,0.2929,300.6505 , 72.1705,0.1802,6.4179 , 0.7176,0.5145,<LOD,0.8114,0.7282,<LOD,0.6500,0.4583,<LOD,0.0000,0.0000,3085.9170 , 41.6618,1.8330,<LOD,2.9428,5.9138,<LOD,0.5337,0.2504,311720.8438 , 530.1553,44.4923,<LOD,2.0794,4.5080,7.7416 , 0.2746,1.7786,<LOD,0.0000,0.0000,4.3554 , 0.5237,0.4962,10655.9209 , 36.5302,57.7281,<LOD,0.8049,0.4894,111.8322 , 9.7323,8.2053,<LOD,4.3196,0.2288,2.1499 , 0.3735,2.2303,<LOD,1.6682,0.2936,203.9886 , 1.0788,31.5010,6,416.700012,39.001873,-122.668266,10.000000,528724.375000,4317037.000000,
562,Mining,120.48,30.26,30.07,30.05,30.10,"Mon Apr 13, 2026 - 14:08:08",User,1.5,ppm,,,,,,Mining,,<LOD,1.1213,1.0804,13599.2842 , 401.5167,0.4343,2.0667 , 0.8423,0.6902,<LOD,2.0273,0.1429,138.6344 , 12.0619,22.1376,656065.0000 , 1922.6866,<LOD,0.9012,0.1921,114.3462 , 14.4530,0.6038,<LOD,1.9228,2.1542,<LOD,24.6585,0.6435,<LOD,19.6067,3.7544,25.8128 , 2.8655,2.6503,15.9610 , 2.2949,0.6750,5410.4160 , 45.1744,22.7648,<LOD,0.0000,0.0000,<LOD,3.0680,0.3932,225.3155 , 19.8614,0.5978,<LOD,2528.7473,0.0380,<LOD,17.9541,0.5381,<LOD,0.8534,11.1014,7.7215 , 0.4394,6.1206,<LOD,4.1110,0.3357,244.4607 , 68.4116,0.1784,8.6565 , 0.7662,0.6003,<LOD,0.8341,0.8159,0.5280 , 0.3634,0.5028,<LOD,0.0000,0.0000,2873.7795 , 39.0875,1.8008,<LOD,2.5817,6.1175,<LOD,0.5363,0.2539,308981.5000 , 526.9929,46.2797,<LOD,2.6250,4.7562,11.9005 , 0.3108,2.3330,<LOD,0.0000,0.0000,4.1299 , 0.5294,0.5181,10999.4209 , 37.6043,62.6442,<LOD,0.7613,0.4567,114.8761 , 9.8718,8.8725,<LOD,4.5046,0.2541,2.4914 , 0.3879,2.4492,<LOD,1.6920,0.3084,261.2003 , 1.2380,41.5200,5,414.399994,39.001873,-122.668182,10.000000,528732.000000,4317037.000000,
563,Mining,120.13,30.00,30.06,30.01,28.27,"Mon Apr 13, 2026 - 14:11:16",User,1.5,ppm,,,,,,Mining,,<LOD,2.2325,0.6035,39674.3281 , 1421.3450,0.9589,17.1235 , 1.7306,0.6659,<LOD,3.6218,0.0867,551.9592 , 25.8995,14.9946,456232.9062 , 4868.2314,<LOD,1.7970,0.1481,6637.3267 , 136.3178,8.5880,<LOD,2.6147,0.9791,<LOD,42.3961,0.6264,<LOD,103.8861,29.4646,145.4035 , 8.8203,4.1720,39.5253 , 4.0410,0.4324,81473.8906 , 218.8292,185.6462,<LOD,0.0000,0.0000,7.3497 , 2.5077,0.2539,13110.1738 , 166.4824,8.1515,12725.9639 , 3917.7896,0.0645,452.9948 , 29.7603,1.3791,<LOD,1.3744,4.9629,10.0189 , 0.7066,2.7284,<LOD,12.0302,0.3040,772.7375 , 137.5787,0.2553,8.2813 , 1.2851,0.3194,<LOD,1.5952,0.4202,76.2029 , 1.6637,2.7579,<LOD,0.0000,0.0000,26109.8047 , 145.6885,8.7983,<LOD,5.1153,3.2324,<LOD,1.0177,0.1795,348973.2812 , 722.4074,33.8032,22.4410 , 2.8375,2.8358,145.3264 , 1.2627,6.8624,<LOD,0.0000,0.0000,2.7678 , 0.9705,0.2893,12216.5811 , 78.1095,40.7833,<LOD,1.9806,0.3893,218.7967 , 22.2706,6.4348,<LOD,11.3278,0.2061,11.9514 , 0.8686,2.1182,43.6776 , 3.2533,0.5301,319.2023 , 2.0677,20.0920,6,412.100006,39.001904,-122.668335,10.000000,528719.000000,4317040.000000,
564,Mining,120.49,30.18,30.08,30.17,29.45,"Mon Apr 13, 2026 - 14:14:19",User,1.5,ppm,,,,,,Mining,,<LOD,1.1238,0.8194,56075.0117 , 939.6744,1.2936,17.1103 , 1.3369,1.1810,<LOD,2.3675,0.1129,206.9783 , 15.7635,18.7430,601821.6875 , 2813.9409,<LOD,1.1958,0.1985,836.2128 , 45.7990,2.1580,<LOD,1.7698,1.6313,<LOD,32.6277,0.7269,<LOD,42.6212,12.7778,73.7626 , 4.6832,3.4860,<LOD,5.7330,0.4247,25028.0098 , 103.5807,81.8694,<LOD,0.0000,0.0000,<LOD,3.2037,0.2991,11369.3115 , 105.3276,9.4247,<LOD,3420.0004,0.0433,<LOD,23.0810,0.6491,<LOD,0.9603,7.6848,9.0479 , 0.5267,4.7871,<LOD,5.9441,0.3165,850.5769 , 111.2245,0.3290,13.9744 , 1.0105,0.6076,<LOD,1.0251,0.6107,66.3566 , 1.2050,4.5098,<LOD,0.0000,0.0000,13049.0127 , 87.9149,6.0870,<LOD,3.3204,4.9727,<LOD,0.6839,0.2514,278109.4062 , 594.8578,33.9360,<LOD,4.2491,3.9064,66.1460 , 0.6705,6.1762,<LOD,0.0000,0.0000,9.1789 , 0.7571,0.6485,11318.6670 , 51.0593,52.1970,3.1831 , 0.7975,0.6573,200.3876 , 13.9894,8.0436,<LOD,5.3512,0.2129,6.0111 , 0.5949,3.1115,3.0986 , 1.6623,0.4045,210.0743 , 1.2850,25.0961,8,410.100006,39.001995,-122.668365,10.000000,528715.937500,4317050.500000,
565,Mining,120.39,30.14,30.18,30.02,30.05,"Mon Apr 13, 2026 - 14:17:42",User,1.5,ppm,,,,,,Mining,,<LOD,1.5308,0.9190,63125.9141 , 963.7374,1.4347,30.1046 , 1.4772,1.7080,<LOD,2.4735,0.1354,262.7574 , 15.4182,20.4546,611572.6250 , 3347.4128,<LOD,1.2138,0.2230,1313.2322 , 51.1907,3.0494,<LOD,1.7320,1.7473,<LOD,29.9598,0.6991,<LOD,42.2654,13.8092,85.6855 , 4.8981,3.9533,13.8810 , 2.5261,0.5357,25946.9512 , 113.6941,90.2943,<LOD,0.0000,0.0000,7.1771 , 1.7240,0.4100,9924.9844 , 101.9506,8.7831,<LOD,4481.6426,0.0459,<LOD,33.3792,0.7434,<LOD,0.9150,7.7354,6.3986 , 0.4945,4.6937,<LOD,5.8407,0.3282,799.9831 , 103.4887,0.3260,10.4540 , 0.9234,0.5529,<LOD,1.0806,0.6865,53.6925 , 1.0811,3.9040,<LOD,0.0000,0.0000,12485.3369 , 84.1571,6.1635,<LOD,3.5856,5.1817,<LOD,0.6609,0.2475,260797.8750 , 617.8912,33.1958,<LOD,3.9491,4.0324,61.6223 , 0.6448,6.1453,<LOD,0.0000,0.0000,6.0061 , 0.7038,0.5664,10616.1455 , 53.2004,52.3246,<LOD,1.4720,0.6124,186.2639 , 13.9499,8.1119,<LOD,5.5035,0.2466,6.3653 , 0.5655,3.0936,<LOD,2.4420,0.3992,180.3745 , 1.2062,23.2011,6,404.399994,39.001877,-122.668343,10.000000,528717.875000,4317037.000000,
566,Mining,120.47,30.25,30.08,30.06,30.08,"Mon Apr 13, 2026 - 14:20:24",User,1.5,ppm,,,,,,Mining,,<LOD,1.2559,0.8492,55037.2695 , 907.3203,1.2692,18.8255 , 1.3503,1.2678,<LOD,2.4141,0.1226,231.7031 , 14.8367,18.7489,606531.6875 , 2922.9551,<LOD,1.1197,0.1802,974.4377 , 44.3224,2.3297,<LOD,1.6719,1.6134,<LOD,30.5232,0.6647,<LOD,38.5228,10.2850,68.8763 , 4.3408,3.3209,<LOD,5.2758,0.4197,19948.6074 , 93.9034,65.4737,<LOD,0.0000,0.0000,<LOD,3.5761,0.3055,11312.7441 , 99.4495,9.3395,<LOD,3699.7405,0.0424,<LOD,23.0196,0.6358,<LOD,0.9349,7.7802,9.3296 , 0.5141,4.8921,<LOD,5.5204,0.2956,784.1991 , 104.8120,0.3059,13.8401 , 0.9908,0.6067,<LOD,0.9779,0.6144,70.8793 , 1.2222,4.8657,<LOD,0.0000,0.0000,11023.0918 , 79.5156,5.1674,<LOD,3.0836,4.7110,<LOD,0.6602,0.2379,280817.1562 , 598.6833,34.2752,4.5398 , 1.6676,3.8011,53.1698 , 0.6056,5.2512,<LOD,0.0000,0.0000,8.9483 , 0.7280,0.6358,11380.5273 , 49.4754,52.5189,<LOD,1.7041,0.6033,188.9519 , 13.1810,8.0018,<LOD,5.1277,0.2021,6.6325 , 0.6004,3.3031,3.5039 , 1.6477,0.4108,208.1189 , 1.2719,25.4138,7,406.100006,39.001842,-122.668327,10.000000,528719.187500,4317033.500000,
567,Mining,120.12,30.28,30.10,30.00,29.74,"Mon Apr 13, 2026 - 14:23:41",User,1.5,ppm,,,,,,Mining,,<LOD,1.3737,0.6593,85558.9609 , 1664.1198,1.9125,<LOD,1.3385,0.2511,<LOD,2.7098,0.0895,400.3620 , 19.6325,16.5597,476860.1875 , 4303.4507,<LOD,1.2656,0.1345,10957.1104 , 121.4535,14.3310,<LOD,2.0980,1.2236,<LOD,41.9346,0.6617,<LOD,55.6138,14.5893,82.4493 , 5.2238,3.1311,29.2763 , 3.1501,0.4655,36524.4648 , 143.2834,92.4988,<LOD,0.0000,0.0000,<LOD,2.5845,0.2133,8526.5811 , 100.5591,5.7117,4425.7236 , 3138.2627,0.0612,163.6154 , 21.1614,0.8493,<LOD,0.9545,4.4141,1.9700 , 0.5307,2.8279,<LOD,7.4664,0.2768,847.5873 , 138.8274,0.2865,3.3108 , 0.8861,0.2791,<LOD,1.2263,0.4695,38.4698 , 1.0800,2.0677,<LOD,0.0000,0.0000,42038.9609 , 185.9453,15.2922,<LOD,3.9317,3.6776,<LOD,0.7423,0.1737,328654.9062 , 723.4988,34.1318,15.4490 , 2.1748,3.1861,159.7173 , 1.1371,10.1319,<LOD,0.0000,0.0000,2.6576 , 0.7086,0.3038,4488.3164 , 37.3100,16.5278,2.4527 , 0.8931,0.4935,109.0151 , 10.5564,2.9550,<LOD,6.5024,0.1913,8.4654 , 0.6194,2.0624,13.7527 , 2.1407,0.4084,86.2293 , 1.0445,9.9485,2,407.799988,39.002228,-122.668358,10.000000,528716.437500,4317076.000000,
568,Mining,120.35,30.01,30.07,30.10,29.26,"Mon Apr 13, 2026 - 14:28:01",User,1.5,ppm,,,,,,Mining,,<LOD,1.3724,0.6420,64715.6875 , 1437.9559,1.4938,<LOD,1.4997,0.3052,<LOD,2.9730,0.0985,429.7201 , 19.9743,16.9524,480902.0312 , 4052.5505,<LOD,1.3397,0.1382,6285.3799 , 98.9539,8.2204,<LOD,2.1033,1.1974,<LOD,42.9798,0.6743,<LOD,57.6503,14.2900,82.2678 , 5.5311,3.2097,22.2174 , 3.1537,0.4274,35800.2812 , 138.8630,89.8260,<LOD,0.0000,0.0000,4.2357 , 1.9666,0.2630,7081.0649 , 97.4442,4.6707,<LOD,4509.1439,0.0511,112.7134 , 21.1018,0.7665,<LOD,1.0137,4.4890,2.4077 , 0.5643,2.8899,<LOD,7.7820,0.2783,1243.0594 , 157.9143,0.3712,3.6578 , 0.9469,0.2924,<LOD,1.2421,0.4711,34.9070 , 1.1174,1.9553,<LOD,0.0000,0.0000,53141.4883 , 207.0763,18.8930,<LOD,4.0148,3.7861,<LOD,0.8351,0.2050,346490.2188 , 712.8789,36.0259,11.1930 , 2.1830,3.1232,303.6990 , 1.6308,18.7246,<LOD,0.0000,0.0000,2.3981 , 0.7440,0.3049,3110.4458 , 34.1369,11.6202,3.3794 , 1.0530,0.6271,114.0970 , 10.0487,2.4019,<LOD,6.9066,0.1979,9.2688 , 0.6521,2.1045,13.4911 , 2.2378,0.4092,80.6903 , 1.1559,11.1230,4,398.500000,39.001877,-122.668236,10.000000,528727.250000,4317037.000000,
569,Mining,122.71,32.56,30.01,30.04,30.10,"Mon Apr 13, 2026 - 14:36:11",User,1.5,ppm,,,,,,Mining,,<LOD,1.4574,0.6278,142525.3750 , 2609.1824,3.0568,<LOD,1.4872,0.2560,<LOD,2.9578,0.0923,443.6227 , 21.0732,16.0707,393313.0000 , 6646.9438,<LOD,1.4073,0.1445,42866.2578 , 263.4803,53.9039,<LOD,2.1934,1.1243,<LOD,42.1747,0.6647,<LOD,54.3526,11.5853,120.5148 , 5.9145,3.2413,11.1297 , 2.8712,0.3365,31610.9863 , 177.4352,73.3338,<LOD,0.0000,0.0000,3.2061 , 1.9292,0.2340,10061.8652 , 112.7377,6.7355,52041.7500 , 4403.8896,0.1278,566.8825 , 29.2840,1.3624,<LOD,1.0240,4.3344,5.4776 , 0.5783,2.8791,<LOD,7.7063,0.2851,966.9617 , 133.2039,0.2740,7.6256 , 1.0241,0.3240,<LOD,1.3096,0.4536,42.0116 , 1.1844,2.0919,<LOD,0.0000,0.0000,1711.3882 , 44.7911,0.8499,<LOD,4.1487,3.4455,<LOD,0.8296,0.1905,316429.5312 , 851.3972,31.2437,21.2250 , 2.3258,3.1026,288.2370 , 1.7717,16.6248,<LOD,0.0000,0.0000,3.3895 , 0.7909,0.3292,6590.7173 , 50.5156,21.8599,1.9742 , 1.0104,0.5443,174.6697 , 13.1952,3.8108,<LOD,7.2275,0.2061,18.8809 , 0.7438,2.5897,64.3083 , 3.0950,0.7438,109.0389 , 1.2924,12.1462,6,416.700012,39.001583,-122.668533,10.000000,528701.375000,4317004.500000,
570,Mining,120.73,30.28,30.01,30.22,30.22,"Mon Apr 13, 2026 - 14:40:11",User,1.5,ppm,,,,,,Mining,,<LOD,1.4147,0.6200,139607.1562 , 2587.7124,2.9972,<LOD,1.4760,0.2482,<LOD,2.9942,0.0965,412.8206 , 20.5719,15.9016,400767.6250 , 6557.8433,<LOD,1.4043,0.1468,42956.8242 , 266.9545,54.0248,<LOD,2.1277,1.1042,<LOD,42.0113,0.6578,<LOD,54.0950,11.7618,129.0459 , 6.1449,3.3276,6.8529 , 2.7418,0.3131,32150.0762 , 176.4953,74.5732,<LOD,0.0000,0.0000,4.0009 , 1.9392,0.2424,10069.2012 , 115.4653,6.7355,50308.3711 , 4394.9380,0.1256,572.9072 , 29.0240,1.3726,<LOD,1.0182,4.3596,5.3443 , 0.5744,2.8870,<LOD,7.5335,0.2714,958.2247 , 130.5220,0.2625,8.8346 , 1.0417,0.3420,<LOD,1.2794,0.4544,40.7258 , 1.1707,2.0654,<LOD,0.0000,0.0000,3583.4163 , 59.3876,1.5130,<LOD,4.0696,3.4705,<LOD,0.8412,0.2003,311194.8438 , 838.7474,30.6542,17.6889 , 2.2724,3.0927,288.6227 , 1.7493,16.6048,<LOD,0.0000,0.0000,3.6127 , 0.7913,0.3370,6547.5078 , 51.1786,21.7383,4.0904 , 1.0354,0.5837,169.7288 , 13.5006,3.7761,<LOD,7.1788,0.2077,17.7934 , 0.7259,2.5130,65.9160 , 3.0855,0.7544,108.7287 , 1.2765,12.1080,7,408.700012,39.001625,-122.668457,10.000000,528708.000000,4317009.000000,
571,Mining,120.11,30.03,30.28,30.26,29.54,"Mon Apr 13, 2026 - 14:43:40",User,1.5,ppm,,,,,,Mining,,<LOD,1.4428,0.6144,143265.9531 , 2606.3596,3.0758,<LOD,1.5282,0.2624,<LOD,3.0626,0.0931,426.7910 , 21.1617,16.1311,399442.8750 , 6548.9316,<LOD,1.4642,0.1471,43416.3320 , 263.7714,54.4855,<LOD,2.2233,1.1596,<LOD,43.9568,0.6984,<LOD,56.5388,11.8302,119.1136 , 5.9031,3.2021,12.0754 , 2.9766,0.3402,31957.2656 , 177.0594,74.0725,<LOD,0.0000,0.0000,<LOD,4.0264,0.2241,9535.6221 , 110.4251,6.3983,42592.7266 , 4285.6670,0.1141,516.4304 , 29.2897,1.2856,<LOD,1.0508,4.2923,5.7944 , 0.5987,2.9109,<LOD,7.8101,0.2662,1297.4623 , 148.1886,0.3329,6.4059 , 1.0275,0.3063,<LOD,1.3085,0.4531,41.9887 , 1.2160,2.0849,<LOD,0.0000,0.0000,4447.5146 , 66.0354,1.8098,<LOD,4.1722,3.4740,<LOD,0.8657,0.1955,316229.3125 , 844.2320,31.2889,19.0840 , 2.3380,3.1298,285.5104 , 1.7840,16.4449,<LOD,0.0000,0.0000,2.3640 , 0.8028,0.3101,6019.7256 , 48.0461,20.0105,1.7701 , 1.0309,0.5355,167.1217 , 12.8386,3.5522,<LOD,7.5797,0.2135,18.9574 , 0.7665,2.5903,64.9228 , 3.2025,0.7490,106.9017 , 1.3125,11.9484,6,408.100006,39.001671,-122.668350,10.000000,528717.812500,4317014.500000,
572,Mining,120.47,30.23,30.01,30.08,30.15,"Mon Apr 13, 2026 - 14:46:44",User,1.5,ppm,,,,,,Mining,,<LOD,2.0710,0.5699,112867.9922 , 2237.9092,2.4399,<LOD,1.7465,0.2051,<LOD,3.9253,0.0887,484.6316 , 27.0646,13.6391,429473.1875 , 5905.2651,<LOD,1.6591,0.1105,54999.9727 , 367.4178,81.2483,<LOD,2.7523,0.9420,<LOD,38.6394,0.8005,<LOD,104.4049,47.0312,123.7748 , 9.7560,4.8653,7.9600 , 3.6033,0.3037,124042.3125 , 423.0034,316.9527,<LOD,0.0000,0.0000,5.7489 , 2.4102,0.2032,5491.7832 , 123.2841,4.6390,29010.1719 , 4264.2134,0.0883,1580.3854 , 43.7746,3.5587,<LOD,1.2877,3.5047,5.0722 , 0.7246,2.3263,73.2739 , 9.8352,0.3082,618.6271 , 101.9473,0.2188,<LOD,1.7606,0.2582,<LOD,1.6610,0.3963,41.6348 , 1.4197,1.5996,<LOD,0.0000,0.0000,2672.4814 , 47.0035,1.3393,<LOD,5.3060,2.9505,<LOD,1.0480,0.1633,234188.2969 , 657.7955,24.7869,17.5763 , 2.9584,2.6345,274.4713 , 1.9256,12.0294,<LOD,0.0000,0.0000,<LOD,1.1831,0.1319,3614.0562 , 54.0765,14.0039,3.4528 , 1.2501,0.4396,210.6842 , 17.2322,3.3817,<LOD,8.8137,0.1690,19.0247 , 0.9065,2.0165,67.9570 , 3.8091,0.6431,105.5040 , 1.4969,8.9022,4,407.399994,39.001511,-122.668083,10.000000,528740.812500,4316996.500000,
573,Mining,120.53,30.29,30.06,30.10,28.58,"Mon Apr 13, 2026 - 14:50:59",User,1.5,ppm,,,,,,Mining,,<LOD,1.5778,0.5662,137835.3438 , 2644.7842,2.9603,<LOD,1.5717,0.2347,<LOD,3.2650,0.0909,444.8494 , 23.2262,14.6999,402667.8750 , 6546.6089,<LOD,1.5165,0.1360,37859.0938 , 254.5627,49.9404,<LOD,2.3687,1.0000,<LOD,43.3087,0.7130,<LOD,75.1066,23.9025,106.7688 , 6.4067,3.3897,23.6675 , 3.3751,0.3852,65725.0156 , 289.9706,158.9707,<LOD,0.0000,0.0000,6.4733 , 2.1688,0.2425,8510.2207 , 113.4755,6.0254,38506.3867 , 4479.0864,0.1062,1290.5051 , 38.8700,2.6584,<LOD,1.0961,3.8825,4.5451 , 0.6196,2.5937,<LOD,9.8396,0.2738,887.6476 , 128.0306,0.2535,5.0686 , 1.0803,0.2899,<LOD,1.3972,0.3977,41.0725 , 1.2511,1.8546,<LOD,0.0000,0.0000,4382.5239 , 65.1290,1.8513,<LOD,4.5732,3.1895,<LOD,0.9000,0.1796,295369.0625 , 801.8003,29.6705,18.2989 , 2.5494,2.8349,282.6245 , 1.8149,14.5485,<LOD,0.0000,0.0000,4.5930 , 0.8621,0.3144,5627.5938 , 49.0476,19.8268,3.3676 , 1.1003,0.5137,181.0150 , 13.8273,3.6779,<LOD,7.9473,0.2042,20.2558 , 0.8032,2.3987,84.9364 , 3.5977,0.8271,111.1761 , 1.3697,10.9214,6,423.399994,39.001888,-122.668472,10.000000,528706.625000,4317038.500000,
574,Mining,120.32,30.02,30.11,30.06,30.13,"Mon Apr 13, 2026 - 14:54:02",User,1.5,ppm,,,,,,Mining,,<LOD,2.6015,0.6027,132894.7500 , 2596.4438,2.8576,<LOD,1.6511,0.2305,<LOD,3.1366,0.0759,447.3509 , 22.7566,14.1518,401737.8125 , 6642.6245,<LOD,1.6484,0.1464,41448.3359 , 279.9978,53.7542,<LOD,2.3479,0.9879,<LOD,43.6110,0.7606,<LOD,78.6991,24.0626,117.6120 , 7.2140,3.6002,12.9592 , 3.2454,0.3242,66608.3594 , 287.9810,156.8488,<LOD,0.0000,0.0000,6.6511 , 2.2544,0.2402,9677.6602 , 128.8803,6.7185,40270.3203 , 4458.3008,0.1082,908.1754 , 35.3903,2.0206,<LOD,1.1483,3.8902,5.7558 , 0.6472,2.5844,<LOD,10.3481,0.2775,876.0656 , 126.5405,0.2592,6.7913 , 1.1539,0.3019,<LOD,1.4179,0.4118,42.1355 , 1.2979,1.8307,<LOD,0.0000,0.0000,2456.4050 , 49.9643,1.1314,<LOD,4.4941,3.0913,<LOD,0.9139,0.1721,295836.2188 , 778.2150,29.3138,19.2992 , 2.5033,2.7368,288.5474 , 1.8721,14.4494,<LOD,0.0000,0.0000,2.0310 , 0.8834,0.2802,5967.6235 , 53.9724,20.5268,2.2479 , 1.1237,0.4871,181.1045 , 15.2954,3.7622,<LOD,8.1656,0.1965,18.4353 , 0.8170,2.2568,55.0361 , 3.2553,0.6185,112.3458 , 1.4170,10.7402,7,410.399994,39.001537,-122.668388,10.000000,528714.375000,4316999.500000,
575,Mining,120.37,30.04,30.01,30.13,29.57,"Mon Apr 13, 2026 - 14:56:56",User,1.5,ppm,,,,,,Mining,,<LOD,2.0026,0.4741,81729.7734 , 2467.0046,1.7949,<LOD,2.0378,0.1724,<LOD,4.2738,0.0774,495.1870 , 29.5838,11.9377,453879.7500 , 7514.5718,<LOD,1.8632,0.1028,67184.4531 , 429.2284,100.9427,<LOD,2.9949,0.8266,<LOD,46.4216,1.0351,<LOD,121.9828,58.3429,172.6035 , 11.0706,5.5487,<LOD,5.7222,0.2524,157858.2344 , 627.0043,392.3013,<LOD,0.0000,0.0000,3.8054 , 2.5727,0.1693,3967.3496 , 113.9660,3.6301,56887.3281 , 6125.3970,0.1353,1559.9762 , 45.8636,3.5926,<LOD,1.9859,3.1106,6.3940 , 0.7919,2.0908,111.1547 , 12.2173,0.3028,501.4027 , 105.2005,0.2023,6.8269 , 1.5456,0.2951,<LOD,1.8320,0.3590,34.3341 , 1.4329,1.1774,<LOD,0.0000,0.0000,1425.7476 , 40.0381,0.8425,<LOD,5.7861,2.5932,<LOD,1.1610,0.1489,170597.6875 , 646.6326,17.2329,31.8992 , 3.2891,2.4400,254.3583 , 2.0576,9.7455,<LOD,0.0000,0.0000,<LOD,1.2294,0.0843,2997.0312 , 53.3729,11.4245,<LOD,2.9943,0.3469,145.9808 , 16.6615,2.7246,<LOD,9.5969,0.1469,15.6725 , 0.9487,1.6059,39.9828 , 3.6657,0.4431,93.0638 , 1.5673,7.0480,8,410.899994,39.001560,-122.668449,10.000000,528708.750000,4317002.000000,
576,Mining,122.93,32.70,30.06,30.06,30.11,"Mon Apr 13, 2026 - 15:00:19",User,1.5,ppm,,,,,,Mining,,<LOD,1.5725,0.5731,137894.4844 , 2754.4685,2.9626,<LOD,1.6085,0.2404,<LOD,3.4354,0.0979,464.0203 , 22.7457,14.6081,386076.6562 , 7040.9141,<LOD,1.4567,0.1214,44617.1602 , 276.3612,53.0574,<LOD,2.3332,0.9900,<LOD,44.8570,0.7103,<LOD,66.3629,15.1612,130.5623 , 6.7386,3.2872,12.8594 , 3.1398,0.3187,44768.4922 , 216.7317,97.0820,<LOD,0.0000,0.0000,3.5177 , 2.1148,0.2207,10580.3467 , 125.4204,6.7300,40096.5898 , 4439.1089,0.1085,721.4244 , 33.0457,1.5406,<LOD,1.6219,4.0429,6.0866 , 0.6313,2.6465,<LOD,8.8758,0.2592,938.1413 , 133.8965,0.2578,6.5373 , 1.0928,0.2881,<LOD,1.6312,0.4394,45.2064 , 1.3062,1.9881,<LOD,0.0000,0.0000,2906.5549 , 55.0145,1.2191,<LOD,4.5086,3.1992,<LOD,0.9216,0.1810,323433.0312 , 807.5019,30.4739,23.4216 , 2.5154,2.8382,300.6908 , 1.8722,15.2547,<LOD,0.0000,0.0000,4.1406 , 0.8401,0.2966,6600.5625 , 53.4753,20.6449,3.5417 , 1.1222,0.5229,167.9685 , 14.5661,3.5909,<LOD,7.9089,0.1948,18.8045 , 0.8014,2.3325,63.0353 , 3.3010,0.6694,116.1271 , 1.4011,11.2671,10,410.200012,39.001686,-122.668396,10.000000,528713.625000,4317016.000000,
577,Mining,120.43,30.25,30.03,30.07,30.08,"Mon Apr 13, 2026 - 15:03:26",User,1.5,ppm,,,,,,Mining,,<LOD,1.4681,0.5982,144670.7812 , 2670.8359,3.1007,<LOD,1.5730,0.2657,<LOD,3.1587,0.1001,460.9842 , 21.9120,16.3624,397819.2500 , 6615.1904,<LOD,1.4932,0.1540,43113.8711 , 266.1415,52.8673,<LOD,2.2430,1.1013,<LOD,44.6552,0.6948,<LOD,56.3486,11.9792,119.8477 , 6.2181,3.1955,10.5088 , 2.9155,0.3288,33576.6250 , 177.5943,75.7969,<LOD,0.0000,0.0000,4.7094 , 1.9861,0.2389,10960.2012 , 121.6047,7.1277,37862.9102 , 4217.6182,0.1040,442.5707 , 27.6222,1.1663,<LOD,1.3054,4.3839,6.2288 , 0.5960,2.8724,<LOD,7.9143,0.2793,934.5819 , 135.5876,0.2632,10.2126 , 1.0986,0.3532,<LOD,1.3537,0.4575,44.4279 , 1.2366,2.1520,<LOD,0.0000,0.0000,1221.2760 , 41.4006,0.6674,<LOD,4.3202,3.5253,<LOD,0.8374,0.1796,321431.0000 , 837.1323,31.1386,16.8018 , 2.3967,3.0885,308.1358 , 1.8286,17.1370,<LOD,0.0000,0.0000,3.4178 , 0.8321,0.3410,6597.1411 , 51.6023,21.3647,3.5794 , 1.0715,0.5793,186.2491 , 13.9262,3.7851,<LOD,7.1011,0.1881,16.8485 , 0.7435,2.4362,59.6997 , 3.0681,0.6934,118.1635 , 1.3485,12.5715,8,414.399994,39.001595,-122.668495,10.000000,528704.687500,4317006.000000,
578,Mining,122.87,32.69,30.05,30.06,30.07,"Mon Apr 13, 2026 - 15:06:11",User,1.5,ppm,,,,,,Mining,,<LOD,1.5054,0.6327,136441.9531 , 2472.5508,2.9279,<LOD,1.6200,0.2906,<LOD,3.2166,0.0989,451.5204 , 21.5393,15.8371,417536.7812 , 6282.0498,<LOD,1.4416,0.1373,41045.6484 , 244.2838,49.9640,<LOD,2.2362,1.0988,<LOD,41.9168,0.6788,<LOD,58.2400,12.4255,122.0340 , 5.9898,3.1880,10.4143 , 2.9818,0.3294,35154.9297 , 171.3763,78.9695,<LOD,0.0000,0.0000,4.6840 , 2.1031,0.2527,10763.9600 , 116.0307,6.9603,35286.1602 , 3939.9045,0.0987,439.8918 , 28.0000,1.1657,<LOD,1.0764,4.2969,6.3066 , 0.6058,2.8459,<LOD,8.1731,0.2829,877.5163 , 124.4120,0.2445,7.6910 , 1.0712,0.3206,<LOD,1.3715,0.4710,46.3738 , 1.2658,2.1854,<LOD,0.0000,0.0000,1564.2775 , 42.3936,0.7823,<LOD,4.2632,3.4314,<LOD,0.8956,0.2004,312909.2188 , 768.4403,29.7621,15.1445 , 2.3576,2.9779,303.8287 , 1.7852,16.7015,<LOD,0.0000,0.0000,3.5785 , 0.8171,0.3204,6647.8584 , 49.1506,21.4756,2.4120 , 1.0716,0.5528,163.7863 , 13.2946,3.6955,<LOD,8.5028,0.2200,15.4451 , 0.7464,2.3483,57.3362 , 3.0958,0.6765,121.2992 , 1.3655,12.5987,10,417.200012,39.001621,-122.668442,10.000000,528709.750000,4317009.000000,
579,Mining,120.47,30.18,30.09,30.05,28.05,"Mon Apr 13, 2026 - 15:09:37",User,1.5,ppm,,,,,,Mining,,<LOD,2.4710,0.6449,12318.5107 , 646.7027,0.3437,575.0012 , 8.1107,11.6720,<LOD,5.6390,0.1354,159.4751 , 28.9381,12.0803,668812.8125 , 2456.8828,<LOD,4.0434,0.4814,<LOD,51.3948,0.4232,<LOD,4.6565,1.2684,<LOD,31.8779,0.8834,<LOD,129.4044,97.5865,103.1899 , 8.3269,5.5883,<LOD,5.9711,0.2767,200245.8750 , 291.2039,678.9321,<LOD,0.0000,0.0000,59.9377 , 4.6155,0.6682,848.3026 , 63.2950,1.2855,<LOD,3008.2213,0.0216,<LOD,37.3609,1.4629,<LOD,1.4360,3.2481,<LOD,1.1498,1.9499,316.8818 , 14.8799,0.3350,913.1370 , 96.4168,0.3108,11.2757 , 1.8860,0.4409,<LOD,1.8416,0.4348,5.9321 , 0.7939,0.3065,<LOD,0.0000,0.0000,3091.0642 , 41.8595,1.6781,26.5323 , 4.2454,4.0140,<LOD,1.4644,0.2421,111380.5547 , 402.0251,11.8429,16.0840 , 3.3245,2.9180,20.1492 , 0.6979,1.3276,<LOD,0.0000,0.0000,<LOD,1.9468,-0.0733,958.6350 , 32.9396,5.4955,<LOD,1.4615,0.1734,81.5757 , 10.6381,1.9098,<LOD,0.0000,0.1694,<LOD,1.0301,0.8315,<LOD,3.3779,0.1702,55.1025 , 1.1951,4.3580,9,413.700012,39.001690,-122.668411,10.000000,528711.875000,4317016.500000,
580,Mining,30.22,28.71,,,,"Mon Apr 13, 2026 - 15:29:58",User,1.5,ppm,,,,,,Mining,,522.6503 , 443.9717,12.1438,,,,20.0835 , 11.2237,0.2443,<LOD,33.1740,0.0698,,,,108064.8828 , 15919.9785,<LOD,12.7329,0.0959,,,,<LOD,35.7228,4.9394,,,,<LOD,487.6730,236.3347,8894.3096 , 108.5390,23.1556,1723.7446 , 64.9907,1.6321,871966.3125 , 598.3105,1596.0160,<LOD,0.0000,0.0000,<LOD,39.4120,0.1524,,,,,,,2772.6125 , 124.4791,11.0917,4250.8633 , 25.8753,50.8260,7.4584 , 3.6392,0.8830,1450.4420 , 157.0064,0.9208,,,,<LOD,19.4315,0.4673,<LOD,35.5986,5.8521,21.8621 , 2.8214,0.1488,<LOD,0.0000,0.0000,,,,<LOD,60.0200,5.6497,<LOD,7.1596,0.1071,,,,113.1915 , 30.0344,6.6653,<LOD,2.5501,0.1468,<LOD,0.0000,0.0000,<LOD,19.2799,-1.1255,125.2219 , 86.6063,1.5744,<LOD,6.6745,-0.0853,66.4688 , 52.2151,1.5870,<LOD,75.2438,0.1672,<LOD,4.2719,0.2668,<LOD,26.0660,0.2076,<LOD,3.6055,0.4479,5,434.799988,39.000824,-122.663048,10.000000,529177.250000,4316922.000000,
585,Mining,30.09,28.29,,,,"Tue Apr 14, 2026 - 08:58:37",User,1.5,ppm,,,,,,Mining,,540.7725 , 459.3525,12.3374,,,,<LOD,18.4713,0.2651,<LOD,29.0876,0.0691,,,,110585.2500 , 16072.9170,<LOD,13.4310,0.1043,,,,<LOD,34.4005,4.8832,,,,<LOD,492.0052,234.1393,8765.7891 , 109.2931,22.6036,1619.5800 , 63.7847,1.5350,869761.5625 , 633.0253,1580.0090,<LOD,0.0000,0.0000,<LOD,31.5713,0.1571,,,,,,,2903.3821 , 126.4225,11.1328,4267.1274 , 26.1439,50.7335,<LOD,5.1953,0.7703,1299.8381 , 157.2407,0.8662,,,,46.8549 , 14.6119,0.5229,<LOD,37.9070,6.0150,<LOD,3.4716,-0.0416,<LOD,0.0000,0.0000,,,,<LOD,61.2069,5.7545,<LOD,7.4365,0.1137,,,,101.8803 , 30.4480,6.6258,<LOD,2.9273,0.1708,<LOD,0.0000,0.0000,<LOD,18.8867,-1.0760,107.9705 , 87.2451,1.5459,<LOD,5.2507,-0.0542,<LOD,222.0316,1.4847,<LOD,101.2209,0.1989,<LOD,4.5016,0.2942,<LOD,25.4228,0.1923,<LOD,3.8105,0.4464,6,427.200012,39.000675,-122.663078,10.000000,529174.125000,4316905.500000,
586,Mining,122.91,32.65,30.03,30.13,30.10,"Tue Apr 14, 2026 - 09:46:52",User,1.5,ppm,,,,,,Mining,,<LOD,1.3927,0.6233,125573.1562 , 2370.8511,2.7214,<LOD,1.5161,0.3033,<LOD,3.1281,0.1094,385.8665 , 20.2409,15.9334,458938.3438 , 5887.4321,<LOD,1.3424,0.1382,39778.2812 , 247.2505,50.3738,<LOD,2.1226,1.1446,<LOD,43.5156,0.6930,<LOD,66.0763,12.0279,119.5918 , 6.0174,3.3159,8.7149 , 2.7854,0.3329,31730.9902 , 160.3521,74.9292,<LOD,0.0000,0.0000,<LOD,2.6544,0.1970,11144.0254 , 119.7066,7.4600,28907.0469 , 4136.3086,0.1027,785.1650 , 31.8501,1.7042,<LOD,1.0012,4.3855,4.2956 , 0.5740,2.9970,<LOD,7.6496,0.2958,1200.4033 , 153.2950,0.3552,6.5169 , 0.9800,0.3116,<LOD,1.2419,0.4432,41.7070 , 1.1532,2.1122,<LOD,0.0000,0.0000,35231.3203 , 180.5872,13.0220,<LOD,4.0311,3.5323,<LOD,0.8160,0.1875,259570.6406 , 745.1323,25.6202,13.8973 , 2.2381,3.0987,261.1040 , 1.5808,15.3604,<LOD,0.0000,0.0000,2.7854 , 0.7519,0.3116,5915.5220 , 47.1333,20.0858,1.7968 , 0.9689,0.5297,172.2381 , 13.0008,3.6236,<LOD,7.2669,0.2191,26.6709 , 0.7936,3.1273,80.3584 , 3.2736,0.8754,99.5574 , 1.2012,11.4277,6,395.500000,39.001953,-122.667809,10.000000,528764.187500,4317046.000000,
587,Mining,122.83,32.54,30.05,30.05,30.19,"Tue Apr 14, 2026 - 09:49:42",User,1.5,ppm,,,,,,Mining,,<LOD,1.4597,0.6244,124768.3984 , 2431.6008,2.7071,<LOD,1.5553,0.2981,3.6866 , 2.2242,0.1134,424.6888 , 21.2694,16.1427,442508.6250 , 6033.6460,<LOD,1.4124,0.1449,43897.7734 , 263.7520,54.6876,<LOD,2.2274,1.1508,<LOD,45.2308,0.7161,<LOD,64.4738,11.8852,117.9645 , 6.1418,3.2061,6.1880 , 2.7821,0.3147,32362.6348 , 163.2184,74.1370,<LOD,0.0000,0.0000,<LOD,2.7786,0.2028,11782.8926 , 124.6163,7.7354,26723.6250 , 4175.7725,0.0976,794.0870 , 32.3906,1.6775,<LOD,1.0253,4.3279,4.7796 , 0.5865,2.9480,<LOD,7.9815,0.3134,1081.2966 , 150.1864,0.3226,7.4549 , 1.0172,0.3174,<LOD,1.3177,0.4559,44.8681 , 1.2060,2.1880,<LOD,0.0000,0.0000,30517.5332 , 168.8913,11.0762,<LOD,4.2162,3.5232,<LOD,0.8748,0.1952,278008.4688 , 766.4280,27.3072,16.7188 , 2.3477,3.1179,271.5639 , 1.6331,15.4347,<LOD,0.0000,0.0000,2.7594 , 0.7841,0.3172,6250.5161 , 48.9249,20.4894,2.2967 , 1.0016,0.5350,174.8063 , 13.4826,3.6327,<LOD,8.1424,0.2351,27.0899 , 0.8123,3.0910,93.1143 , 3.4936,0.9443,106.1462 , 1.2480,11.6166,5,398.899994,39.001785,-122.667969,10.000000,528750.812500,4317027.000000,
588,Mining,120.29,30.07,30.06,30.05,28.61,"Tue Apr 14, 2026 - 09:52:50",User,1.5,ppm,,,,,,Mining,,<LOD,1.7176,0.5598,89786.3672 , 2063.1040,1.9645,12.3880 , 1.9533,0.7775,<LOD,3.4405,0.0802,496.6448 , 25.6382,14.9431,547471.7500 , 5480.2808,<LOD,1.7381,0.1426,18474.7012 , 203.6160,23.9962,<LOD,2.6339,1.0364,<LOD,43.1101,0.7579,<LOD,88.3781,32.0003,91.0579 , 7.7381,3.8162,27.2102 , 3.8214,0.3974,88062.4219 , 259.8962,213.8041,<LOD,0.0000,0.0000,7.9979 , 2.3965,0.2405,11546.0166 , 152.1504,7.7276,16706.2969 , 3982.4331,0.0756,281.8817 , 26.5511,1.2066,<LOD,1.2036,3.6983,3.5061 , 0.6779,2.4525,16.0920 , 7.9038,0.2670,2575.4099 , 193.0164,0.6451,32.7262 , 1.7228,0.5935,<LOD,1.5509,0.4108,41.6088 , 1.3434,1.7213,<LOD,0.0000,0.0000,28423.7012 , 147.2086,10.3294,<LOD,5.0687,3.2680,<LOD,0.9587,0.1635,191689.7812 , 615.4490,17.3452,19.8660 , 2.8148,2.8805,252.1292 , 1.6910,11.9306,<LOD,0.0000,0.0000,<LOD,2.0475,0.2642,3667.6570 , 48.2416,13.6988,3.2689 , 1.1830,0.4696,134.1739 , 14.1942,2.8559,<LOD,8.4190,0.1820,16.2211 , 0.8501,2.1198,57.2437 , 3.4594,0.6170,101.8486 , 1.3770,9.2674,6,401.700012,39.001980,-122.667870,10.000000,528758.812500,4317048.500000,
589,Mining,120.30,30.00,30.07,30.06,28.36,"Tue Apr 14, 2026 - 09:57:48",User,1.5,ppm,,,,,,Mining,,<LOD,1.6840,0.6038,96875.0547 , 1948.2659,2.1095,11.9130 , 1.9827,0.8859,<LOD,3.7152,0.1064,430.3154 , 24.5059,15.0691,544105.9375 , 4985.6621,<LOD,1.6209,0.1398,20835.1426 , 209.7276,29.0806,<LOD,2.5468,1.0852,<LOD,40.5961,0.7551,<LOD,86.1707,34.2326,86.7894 , 7.4073,3.8998,31.8496 , 3.8008,0.4459,87169.4766 , 261.5374,227.8219,<LOD,0.0000,0.0000,6.0251 , 2.2953,0.2474,11197.3359 , 146.3263,8.0998,15277.9521 , 3643.2617,0.0708,302.1725 , 26.2034,1.3210,<LOD,1.1573,3.9931,3.3397 , 0.6465,2.6117,<LOD,16.8342,0.2806,2233.0908 , 173.6347,0.5825,40.4707 , 1.7993,0.7333,<LOD,1.4600,0.4054,44.3186 , 1.3319,1.9372,<LOD,0.0000,0.0000,19194.0918 , 119.2446,7.5667,<LOD,4.8824,3.3899,<LOD,1.0141,0.2066,197435.4375 , 615.8112,19.2166,18.3256 , 2.7123,2.9854,253.8714 , 1.6636,12.9711,<LOD,0.0000,0.0000,2.1725 , 0.8986,0.2940,4115.3091 , 48.0542,16.1772,<LOD,2.6217,0.4799,149.7543 , 14.2928,3.2769,<LOD,8.1999,0.1966,16.2901 , 0.8375,2.3268,62.5155 , 3.4448,0.6929,101.1181 , 1.3455,9.9835,7,406.200012,39.002026,-122.667915,10.000000,528755.062500,4317054.000000,
590,Mining,120.19,30.24,30.07,30.08,29.80,"Tue Apr 14, 2026 - 10:00:42",User,1.5,ppm,,,,,,Mining,,<LOD,1.5286,0.6119,136303.1094 , 2686.8955,2.9277,<LOD,1.5976,0.2779,<LOD,3.3333,0.1084,477.9875 , 22.6428,16.5220,414106.3750 , 6685.0435,<LOD,1.5108,0.1531,44231.8359 , 260.4727,52.1559,<LOD,2.2997,1.0865,<LOD,45.4505,0.6853,<LOD,54.2718,10.4965,130.5004 , 6.1481,3.1606,22.8044 , 3.2060,0.3863,30444.4590 , 160.5046,65.9834,<LOD,0.0000,0.0000,<LOD,4.1761,0.2266,12174.2646 , 124.1129,7.5875,34432.2461 , 4239.9478,0.0996,543.1041 , 29.4670,1.2545,<LOD,1.5094,4.3205,6.7689 , 0.6007,2.8515,<LOD,7.7233,0.2653,657.6353 , 128.1245,0.2159,9.2059 , 1.0815,0.3320,<LOD,1.3853,0.4506,48.9396 , 1.2740,2.2550,<LOD,0.0000,0.0000,8850.5234 , 90.9092,3.1655,<LOD,4.4563,3.5274,<LOD,0.8840,0.1941,310211.0625 , 805.0656,28.9396,10.3101 , 2.4479,3.0117,313.3422 , 1.8179,16.9545,<LOD,0.0000,0.0000,2.5991 , 0.8285,0.3229,6647.6904 , 50.1132,20.6226,2.0661 , 1.0511,0.5443,182.8510 , 13.5700,3.6299,<LOD,8.3227,0.2151,16.9044 , 0.7526,2.4279,55.8074 , 3.0363,0.6587,117.5977 , 1.3419,12.2648,7,408.399994,39.001945,-122.667862,10.000000,528759.687500,4317045.000000,
591,Mining,120.33,30.20,30.01,30.05,29.16,"Tue Apr 14, 2026 - 10:06:20",User,1.5,ppm,,,,,,Mining,,<LOD,1.4986,0.6121,137207.9375 , 2729.1074,2.9473,<LOD,1.5838,0.2555,<LOD,3.4176,0.1100,494.9303 , 22.1856,16.6425,417706.0625 , 6820.7202,<LOD,1.3739,0.1221,43289.9648 , 261.1989,51.3971,<LOD,2.2805,1.1205,<LOD,46.1094,0.6833,<LOD,57.6926,10.0786,115.9711 , 6.0065,3.0158,14.5369 , 3.0978,0.3473,28626.1445 , 159.5060,62.7048,<LOD,0.0000,0.0000,<LOD,3.4228,0.2136,11976.4717 , 123.8268,7.5157,36226.2031 , 4346.0557,0.1035,503.3945 , 29.6594,1.2050,<LOD,1.3499,4.3737,5.9764 , 0.6121,2.8598,<LOD,7.8768,0.2723,844.5562 , 134.0176,0.2358,8.6162 , 1.0969,0.3296,<LOD,1.3832,0.4688,45.7622 , 1.2793,2.1832,<LOD,0.0000,0.0000,9773.3984 , 97.1212,3.4941,<LOD,4.3601,3.5324,<LOD,0.9213,0.2060,305817.7812 , 824.3915,28.6427,18.9779 , 2.4218,3.1051,300.1243 , 1.8221,16.5730,<LOD,0.0000,0.0000,4.8308 , 0.8176,0.3308,6636.2759 , 50.5257,20.7800,3.3892 , 1.0868,0.5634,185.1646 , 13.5877,3.6638,<LOD,7.6144,0.2030,17.1379 , 0.7681,2.4500,60.7288 , 3.1818,0.6976,115.6309 , 1.3631,12.2535,6,406.600006,39.001904,-122.667793,10.000000,528765.500000,4317040.500000,
592,Mining,122.83,32.51,30.15,30.07,30.10,"Tue Apr 14, 2026 - 10:08:59",User,1.5,ppm,,,,,,Mining,,<LOD,1.4677,0.5960,138320.5625 , 2611.9482,2.9742,<LOD,1.6376,0.2898,<LOD,3.1217,0.0933,464.0233 , 21.8100,16.2760,409755.2188 , 6533.8779,<LOD,1.4274,0.1347,42264.5391 , 252.2312,50.5450,<LOD,2.2691,1.1314,<LOD,45.6572,0.7170,<LOD,53.9310,10.0651,117.6070 , 5.8932,3.0486,20.2331 , 3.1927,0.3772,28859.3164 , 157.1733,63.6639,<LOD,0.0000,0.0000,<LOD,4.0590,0.2139,12514.7666 , 123.8362,7.8862,33371.6328 , 4138.0269,0.0997,476.9067 , 28.8894,1.1703,<LOD,1.0995,4.3772,5.7871 , 0.6062,2.8629,<LOD,7.6838,0.2605,840.8923 , 128.8682,0.2326,9.2626 , 1.1035,0.3412,<LOD,1.3496,0.4529,46.7957 , 1.2816,2.2417,<LOD,0.0000,0.0000,10503.9736 , 97.6942,3.7648,<LOD,4.2998,3.4827,<LOD,0.8819,0.1964,314809.8438 , 806.6796,29.9485,19.1159 , 2.3969,3.0922,302.3600 , 1.8063,16.8019,<LOD,0.0000,0.0000,4.9548 , 0.8368,0.3491,6918.5293 , 50.4571,21.8180,3.7593 , 1.0863,0.5754,189.6520 , 13.5184,3.8180,<LOD,7.2739,0.1891,17.3352 , 0.7658,2.4872,45.4048 , 2.9040,0.5941,117.5586 , 1.3596,12.4841,5,399.299988,39.001999,-122.667854,10.000000,528760.500000,4317051.000000,
593,Mining,123.24,32.78,30.10,30.17,30.19,"Tue Apr 14, 2026 - 10:11:33",User,1.5,ppm,,,,,,Mining,,<LOD,1.4808,0.6353,139056.3125 , 2557.2668,2.9975,<LOD,1.5582,0.2672,<LOD,3.2067,0.1051,450.0701 , 21.5999,16.6049,421243.9688 , 6266.8599,<LOD,1.4071,0.1392,45773.4805 , 259.6617,56.0389,<LOD,2.2288,1.1337,<LOD,45.8979,0.7214,<LOD,51.9554,9.7935,170.1084 , 6.0724,3.5495,12.2516 , 2.9566,0.3436,27310.6934 , 150.9063,61.3916,<LOD,0.0000,0.0000,3.0246 , 2.0024,0.2437,11106.6279 , 113.8659,7.2018,26416.1875 , 4081.1956,0.0951,410.0993 , 27.4194,1.1011,<LOD,1.4021,4.5461,6.2343 , 0.5989,2.9741,<LOD,7.3731,0.2555,715.9197 , 130.8887,0.2316,9.5935 , 1.0830,0.3497,<LOD,1.3627,0.4832,45.8311 , 1.2531,2.2688,<LOD,0.0000,0.0000,26927.2930 , 159.4339,9.6210,<LOD,4.2767,3.6038,<LOD,0.8542,0.1906,293119.1562 , 788.0446,28.5971,17.0511 , 2.3734,3.1569,308.6534 , 1.8011,17.6070,<LOD,0.0000,0.0000,3.9808 , 0.8100,0.3419,6527.5469 , 47.6838,20.9133,3.9207 , 1.0801,0.6015,189.3619 , 12.8550,3.7128,<LOD,7.4323,0.2106,16.4872 , 0.7441,2.4963,39.7020 , 2.7575,0.5694,116.4381 , 1.3356,12.8071,5,409.899994,39.001965,-122.667877,10.000000,528758.375000,4317047.000000,
594,Mining,120.72,30.22,30.06,30.15,28.50,"Tue Apr 14, 2026 - 10:14:25",User,1.5,ppm,,,,,,Mining,,<LOD,1.6016,0.6347,133685.4844 , 2982.2942,2.8737,<LOD,1.6181,0.2495,<LOD,3.2414,0.0923,508.5048 , 23.2384,16.3456,399074.6250 , 7438.4810,<LOD,1.4958,0.1357,42759.5078 , 261.8344,48.2418,<LOD,2.3021,1.0135,<LOD,49.7122,0.6983,<LOD,56.9349,10.6150,114.0785 , 6.0886,2.8377,17.1474 , 3.1783,0.3437,32155.2930 , 173.0941,66.7684,<LOD,0.0000,0.0000,<LOD,3.5262,0.2088,12475.9033 , 128.3720,7.4373,37668.6641 , 4681.0396,0.1038,578.7823 , 30.8410,1.2635,<LOD,1.5719,4.2156,7.1397 , 0.6243,2.7786,<LOD,8.0136,0.2536,1036.3672 , 148.0449,0.2553,9.3718 , 1.1225,0.3236,<LOD,1.4282,0.4512,52.8383 , 1.3535,2.3003,<LOD,0.0000,0.0000,4852.6831 , 73.8413,1.7771,<LOD,4.5245,3.3940,<LOD,0.9031,0.1868,327361.4062 , 859.1646,29.5403,16.0356 , 2.5243,3.0333,309.9746 , 1.8704,15.9458,<LOD,0.0000,0.0000,4.0223 , 0.8541,0.3242,6916.1079 , 52.3076,20.5186,3.2643 , 1.0990,0.5384,179.3105 , 13.9547,3.5444,<LOD,9.0387,0.2099,18.9848 , 0.7983,2.4652,64.9660 , 3.2658,0.6897,129.5486 , 1.4302,12.3875,5,402.399994,39.001839,-122.667770,10.000000,528767.937500,4317033.000000,
595,Mining,120.25,30.03,30.05,30.14,28.83,"Tue Apr 14, 2026 - 10:17:00",User,1.5,ppm,,,,,,Mining,,<LOD,1.5644,0.6369,136065.9844 , 2779.7246,2.9231,<LOD,1.6496,0.2778,<LOD,3.3159,0.1007,521.2547 , 22.9891,16.9625,405110.4062 , 6946.6714,<LOD,1.5603,0.1536,43612.2852 , 265.3661,51.0854,<LOD,2.2818,1.0518,<LOD,46.3723,0.6719,<LOD,56.1243,10.6376,129.8971 , 6.3208,3.1287,18.9817 , 3.2062,0.3636,31422.2051 , 168.2747,67.5592,<LOD,0.0000,0.0000,<LOD,3.0083,0.2065,12876.3486 , 130.8725,7.9512,35293.9570 , 4376.5195,0.0998,593.5094 , 31.0123,1.3197,<LOD,1.5513,4.3507,6.4804 , 0.6220,2.8509,<LOD,7.8845,0.2552,889.6945 , 137.6650,0.2426,9.3661 , 1.1194,0.3345,<LOD,1.4275,0.4759,51.0435 , 1.3475,2.3537,<LOD,0.0000,0.0000,4317.9575 , 67.7082,1.6578,<LOD,4.4843,3.5336,<LOD,0.8993,0.1909,321213.0312 , 835.6805,29.9242,15.9032 , 2.4889,3.1087,314.9203 , 1.8725,16.8184,<LOD,0.0000,0.0000,3.7494 , 0.8731,0.3449,7131.0864 , 53.2113,21.8793,5.6160 , 1.1363,0.5997,194.7683 , 14.3335,3.8174,<LOD,7.7246,0.2041,18.7999 , 0.7927,2.5280,59.5097 , 3.1664,0.6743,123.2600 , 1.4017,12.5030,6,401.799988,39.001820,-122.667702,10.000000,528773.312500,4317031.000000,
596,Mining,120.52,30.25,30.12,30.08,30.07,"Tue Apr 14, 2026 - 10:32:08",User,1.5,ppm,,,,,,Mining,,<LOD,1.5705,0.6479,130349.0156 , 2215.1685,2.7997,119.0897 , 2.9679,3.2792,<LOD,3.7173,0.1318,535.5800 , 23.4834,17.9751,472783.4062 , 5240.2080,<LOD,1.9416,0.2460,31526.8184 , 215.3231,38.6590,<LOD,2.3921,1.1838,<LOD,40.2758,0.6089,<LOD,61.2078,14.1388,164.1719 , 6.7541,3.7748,5.1036 , 2.9041,0.3110,39047.5000 , 158.8663,89.1630,<LOD,0.0000,0.0000,8.4078 , 2.3133,0.3130,8644.6074 , 110.1142,5.6542,9617.6709 , 3169.3428,0.0584,<LOD,28.8301,0.5423,<LOD,1.1303,4.6825,7.7257 , 0.6249,2.9913,<LOD,8.1846,0.2574,363.8297 , 104.9040,0.1563,8.7771 , 1.1229,0.3491,<LOD,1.4413,0.4908,41.0672 , 1.2397,2.0330,<LOD,0.0000,0.0000,13907.6289 , 105.5838,4.9630,20.4491 , 3.2054,4.3878,<LOD,0.9810,0.2349,283190.0625 , 699.7464,26.4505,14.8950 , 2.5450,3.2837,355.2526 , 1.8666,19.4714,<LOD,0.0000,0.0000,3.6392 , 0.9536,0.3557,8872.6611 , 56.0583,28.9912,4.5569 , 1.1567,0.6376,247.5116 , 15.9640,5.0177,<LOD,12.5351,0.2249,7.8572 , 0.6815,1.9165,4.7172 , 2.1649,0.3278,148.0224 , 1.4783,14.9669,4,417.799988,39.001797,-122.668930,10.000000,528667.500000,4317028.000000,
597,Mining,120.41,30.21,30.10,30.24,29.86,"Tue Apr 14, 2026 - 10:34:51",User,1.5,ppm,,,,,,Mining,,<LOD,1.4910,0.6733,137299.4219 , 2230.2593,2.9476,120.7878 , 2.9020,3.5400,<LOD,3.4484,0.1294,517.4193 , 22.0202,18.2872,473682.0312 , 5316.5234,<LOD,1.7964,0.2395,31258.7910 , 215.7392,39.3344,<LOD,2.2382,1.1921,<LOD,40.0342,0.6130,<LOD,54.8392,12.1970,158.1679 , 6.5044,3.7149,<LOD,5.8739,0.3114,32814.1914 , 149.8705,77.5085,<LOD,0.0000,0.0000,21.0787 , 2.3547,0.4290,8320.6035 , 106.9969,5.5930,<LOD,5168.7777,0.0458,<LOD,26.9708,0.5105,<LOD,1.0786,4.8603,6.5431 , 0.5956,3.0903,<LOD,7.4995,0.2639,399.0274 , 109.1459,0.1742,10.4967 , 1.1007,0.3837,<LOD,1.3612,0.5038,38.8488 , 1.1845,2.0836,<LOD,0.0000,0.0000,15855.7246 , 113.7558,5.7788,13.8880 , 2.9718,4.3094,<LOD,0.9084,0.2368,289365.1875 , 728.1095,28.0310,14.3761 , 2.3835,3.3194,356.6184 , 1.8522,20.8353,<LOD,0.0000,0.0000,2.4879 , 0.8697,0.3300,8428.3076 , 55.2142,28.4706,5.7411 , 1.1484,0.7188,226.2861 , 15.3119,4.8956,<LOD,0.0000,0.1952,8.0641 , 0.6544,2.0232,5.1020 , 2.0605,0.3429,142.4291 , 1.4198,15.5559,5,419.299988,39.001804,-122.668945,10.000000,528666.250000,4317029.000000,
598,Mining,120.47,30.26,30.03,30.02,28.66,"Tue Apr 14, 2026 - 10:37:24",User,1.5,ppm,,,,,,Mining,,<LOD,1.4489,0.6860,129756.8984 , 2028.3182,2.7915,140.0289 , 3.1133,4.1363,<LOD,3.5952,0.1412,449.2191 , 21.0397,17.6917,495629.6250 , 4623.9312,<LOD,1.8415,0.2521,29482.6172 , 205.7828,38.7876,<LOD,2.1865,1.2317,<LOD,39.5538,0.6280,<LOD,58.4802,14.5409,147.0893 , 6.4306,3.8186,<LOD,3.9682,0.2924,37632.7266 , 152.3671,93.0301,<LOD,0.0000,0.0000,49.4885 , 2.9905,0.6956,7573.8979 , 102.1172,5.3200,4905.2246 , 2910.6694,0.0529,<LOD,28.0184,0.5801,<LOD,1.0477,4.7261,5.8509 , 0.5786,3.0417,<LOD,7.9260,0.2860,333.7661 , 104.3091,0.1626,10.0195 , 1.1000,0.3839,<LOD,1.2523,0.4559,24.1077 , 1.0101,1.4299,<LOD,0.0000,0.0000,16694.0605 , 115.2797,6.3327,15.6881 , 2.8899,4.3952,<LOD,0.9070,0.2320,268198.2188 , 689.6238,26.5437,13.7847 , 2.3067,3.3401,331.8543 , 1.7529,19.8825,<LOD,0.0000,0.0000,2.1803 , 0.8644,0.3065,8237.6924 , 53.5737,29.2752,<LOD,2.5294,0.6682,229.6096 , 15.2351,5.0946,<LOD,0.0000,0.2017,6.7577 , 0.6185,1.8241,<LOD,4.5222,0.3371,129.5769 , 1.3643,14.6821,5,419.700012,39.001835,-122.669006,10.000000,528660.875000,4317032.500000,
599,Mining,120.08,30.15,30.06,30.07,29.80,"Tue Apr 14, 2026 - 10:40:28",User,1.5,ppm,,,,,,Mining,,<LOD,1.3488,0.6556,142073.5156 , 1984.5830,3.0432,92.6541 , 2.4792,3.0430,<LOD,3.1186,0.1250,415.1492 , 20.2095,18.1844,492342.5000 , 4467.1304,<LOD,1.6045,0.2251,33054.1719 , 198.4502,44.5045,<LOD,2.1309,1.3059,<LOD,38.1957,0.6364,<LOD,49.0226,10.9259,154.9647 , 5.7513,3.8258,<LOD,3.7003,0.2965,27369.3066 , 126.1227,69.1493,<LOD,0.0000,0.0000,8.8006 , 1.9414,0.3419,7199.6313 , 89.7236,5.1972,7156.2583 , 2760.1516,0.0552,<LOD,25.4978,0.5102,<LOD,1.0083,5.0613,5.7662 , 0.5580,3.2461,<LOD,6.8128,0.2664,361.1558 , 99.4361,0.1617,9.5234 , 1.0145,0.3849,<LOD,1.2015,0.4651,18.2244 , 0.8993,1.3026,<LOD,0.0000,0.0000,9614.2129 , 86.5359,3.8547,6.9027 , 2.7506,4.3771,<LOD,0.8003,0.2137,270941.3125 , 682.4001,27.3733,9.3812 , 2.2096,3.3932,364.6995 , 1.7745,23.3532,<LOD,0.0000,0.0000,1.8944 , 0.7789,0.3149,8423.8262 , 49.4887,30.3650,4.0576 , 1.0459,0.7075,230.9023 , 13.7452,5.2303,<LOD,0.0000,0.1862,6.2081 , 0.5694,1.8396,<LOD,3.0445,0.3186,134.9658 , 1.3357,16.5647,5,415.600006,39.001808,-122.668938,10.000000,528666.375000,4317029.500000,
600,Mining,120.44,30.27,30.01,30.04,30.12,"Tue Apr 14, 2026 - 10:42:49",User,1.5,ppm,,,,,,Mining,,<LOD,1.2853,0.7011,147152.2656 , 1965.1929,3.1478,68.6806 , 2.1215,2.4435,<LOD,3.0092,0.1294,403.7667 , 18.7177,18.3713,490877.4688 , 4357.9648,<LOD,1.4280,0.1982,32397.1543 , 193.8676,44.3873,<LOD,1.9834,1.3286,<LOD,37.2169,0.6119,<LOD,43.8765,9.3108,143.0119 , 5.4681,3.6700,<LOD,3.5760,0.3068,22706.3242 , 112.7181,58.6932,<LOD,0.0000,0.0000,7.4208 , 1.8294,0.3369,7385.5488 , 88.6605,5.3928,7824.3096 , 2715.2598,0.0564,<LOD,24.3351,0.4941,<LOD,0.9652,5.1907,4.2601 , 0.5292,3.2494,<LOD,6.2450,0.2588,380.8097 , 101.8257,0.1757,8.7292 , 0.9657,0.3876,<LOD,1.1869,0.5370,21.8687 , 0.9120,1.5372,<LOD,0.0000,0.0000,9356.2461 , 85.2271,3.8030,7.3313 , 2.5494,4.4182,<LOD,0.7796,0.2265,272032.0625 , 689.0248,28.0206,12.8562 , 2.0624,3.4884,351.3277 , 1.6960,23.5659,<LOD,0.0000,0.0000,4.2083 , 0.7477,0.3648,8490.0303 , 49.0264,31.2330,4.4662 , 1.0097,0.7362,220.4532 , 13.3883,5.3021,<LOD,0.0000,0.1908,6.9351 , 0.5622,2.0000,<LOD,2.5931,0.3121,132.4597 , 1.2819,16.9817,5,414.899994,39.001934,-122.669006,10.000000,528660.812500,4317043.500000,
601,Mining,120.27,30.00,30.08,30.14,30.05,"Tue Apr 14, 2026 - 10:46:32",User,1.5,ppm,,,,,,Mining,,<LOD,1.2863,0.7075,162247.7031 , 2044.9685,3.4555,31.3986 , 1.6159,1.3585,<LOD,2.8679,0.1195,440.9895 , 18.9916,19.2612,466204.5625 , 4601.6128,<LOD,1.3733,0.1878,32570.0312 , 190.2339,44.4039,<LOD,1.9453,1.2742,<LOD,36.8411,0.6140,<LOD,40.6891,7.9078,146.3765 , 5.2367,3.6179,<LOD,4.4282,0.3247,19077.3809 , 104.8736,49.1571,<LOD,0.0000,0.0000,4.2036 , 1.7561,0.2771,6918.2358 , 82.7064,5.0522,12303.4062 , 2773.3589,0.0629,<LOD,24.5991,0.4962,<LOD,0.9697,5.4089,7.0416 , 0.5408,3.5197,<LOD,6.0608,0.2597,380.2894 , 95.4316,0.1604,9.9919 , 0.9801,0.4087,<LOD,1.1675,0.5220,17.1711 , 0.8403,1.3001,<LOD,0.0000,0.0000,8046.0513 , 78.3921,3.2834,47.3436 , 2.7443,5.4948,<LOD,0.7771,0.2286,281725.5625 , 703.9392,29.0991,11.5748 , 2.0699,3.5467,366.0560 , 1.7547,24.8780,<LOD,0.0000,0.0000,2.9625 , 0.7263,0.3576,9034.9062 , 49.7385,32.9648,2.5675 , 0.9753,0.7024,259.2005 , 13.2962,5.6877,<LOD,5.7805,0.1789,10.5039 , 0.5815,2.2190,<LOD,2.5926,0.3129,134.5123 , 1.2942,17.5467,5,413.600006,39.001827,-122.668983,10.000000,528662.875000,4317031.500000,
602,Mining,122.84,32.50,30.01,30.20,30.13,"Tue Apr 14, 2026 - 10:49:06",User,1.5,ppm,,,,,,Mining,,<LOD,1.3173,0.7062,161874.8906 , 2035.0183,3.4448,21.6121 , 1.4721,1.0261,<LOD,2.8610,0.1120,423.5457 , 19.0400,18.3480,466932.7812 , 4569.4600,<LOD,1.3461,0.1700,33819.8164 , 188.5261,44.5623,<LOD,1.9939,1.2806,<LOD,36.2171,0.5798,<LOD,39.3777,6.8517,156.1471 , 5.2499,3.5900,<LOD,4.0177,0.3137,17609.1465 , 99.0941,43.7063,<LOD,0.0000,0.0000,3.7639 , 1.8157,0.2752,6510.5547 , 79.2845,4.6302,8135.7510 , 2605.2859,0.0543,<LOD,24.9878,0.4758,<LOD,0.9913,5.3188,6.5464 , 0.5501,3.4204,<LOD,5.9025,0.2333,294.1730 , 91.2783,0.1414,9.3974 , 0.9857,0.3892,<LOD,1.1837,0.5095,10.5634 , 0.7830,0.9811,<LOD,0.0000,0.0000,5637.0020 , 66.1852,2.3002,43.4511 , 2.7498,5.2155,<LOD,0.7755,0.2132,288371.5000 , 689.2306,28.8380,13.5680 , 2.0936,3.4531,373.5799 , 1.7698,24.6121,<LOD,0.0000,0.0000,4.7629 , 0.7465,0.3775,9352.9775 , 49.5848,32.9704,4.4194 , 1.0167,0.7203,245.6750 , 13.2408,5.5753,<LOD,6.2598,0.1984,11.2764 , 0.5861,2.1391,<LOD,3.3506,0.3190,133.0760 , 1.3050,17.0223,5,410.600006,39.001770,-122.668961,10.000000,528664.625000,4317025.000000,
603,Mining,123.32,32.68,30.17,30.26,30.21,"Tue Apr 14, 2026 - 10:52:51",User,1.5,ppm,,,,,,Mining,,<LOD,1.5220,0.6612,140279.7500 , 2188.5820,3.0058,88.3575 , 2.5747,2.6286,<LOD,3.4335,0.1220,527.7800 , 22.7642,18.4279,453485.1875 , 5085.1465,<LOD,1.7436,0.2146,29892.7168 , 183.7624,36.9060,<LOD,2.3096,1.1969,<LOD,40.5279,0.6312,<LOD,56.5399,12.5000,153.7995 , 5.5057,3.4422,<LOD,5.6275,0.3012,34528.0195 , 147.1108,79.9828,<LOD,0.0000,0.0000,8.3918 , 2.1672,0.3001,8726.9785 , 94.8735,5.7065,7478.2891 , 2970.3110,0.0545,<LOD,28.6043,0.5547,<LOD,1.0901,4.7337,7.6188 , 0.6062,3.0627,<LOD,7.7255,0.2611,552.3374 , 114.7568,0.1981,11.3159 , 1.1302,0.3847,<LOD,1.4174,0.5166,45.9841 , 1.2509,2.2808,<LOD,0.0000,0.0000,13033.3545 , 101.5248,4.6793,8.4048 , 3.0504,4.2487,<LOD,0.8718,0.1966,302243.0000 , 705.8659,28.8582,14.4543 , 2.4676,3.3588,369.8111 , 1.8724,20.9925,<LOD,0.0000,0.0000,4.0138 , 0.8926,0.3617,8140.8477 , 47.2904,27.0485,2.8104 , 1.1117,0.6397,223.7293 , 13.1020,4.6649,<LOD,7.1999,0.1994,10.3883 , 0.6960,2.1791,13.0712 , 2.2590,0.3861,149.6009 , 1.4575,15.7647,5,413.000000,39.001797,-122.668999,10.000000,528661.625000,4317028.000000,
604,Mining,122.95,32.52,30.18,30.09,30.16,"Tue Apr 14, 2026 - 10:55:21",User,1.5,ppm,,,,,,Mining,,<LOD,1.4278,0.6505,141648.9844 , 2583.0432,3.0339,58.4400 , 2.1949,1.9269,<LOD,3.3784,0.1238,511.4989 , 21.5311,18.4490,462119.5938 , 6685.3984,<LOD,1.5718,0.1822,30649.3027 , 206.2143,37.1724,<LOD,2.1750,1.1896,<LOD,39.9758,0.6206,<LOD,47.8910,8.4367,154.2327 , 5.6708,3.4374,<LOD,5.4879,0.3070,23215.7754 , 139.2427,53.1570,<LOD,0.0000,0.0000,<LOD,4.0367,0.2563,9032.0020 , 100.0358,5.7902,<LOD,6924.5676,0.0471,<LOD,28.6148,0.5203,<LOD,1.0839,4.9456,7.1658 , 0.5998,3.1576,<LOD,6.9419,0.2464,706.8492 , 118.0151,0.2168,10.7150 , 1.1122,0.3893,<LOD,1.3059,0.4884,52.4460 , 1.3165,2.6509,<LOD,0.0000,0.0000,13949.0342 , 107.2686,4.9252,6.6084 , 2.8588,4.1845,<LOD,0.8713,0.2136,305867.7500 , 802.9091,28.9219,13.9440 , 2.3201,3.3346,384.2701 , 2.0810,22.7371,<LOD,0.0000,0.0000,6.4965 , 0.8784,0.4126,8317.0996 , 53.5333,27.1011,2.4950 , 1.1013,0.6669,225.4468 , 13.4750,4.6623,<LOD,0.0000,0.1840,10.3120 , 0.7039,2.3363,5.6380 , 2.0689,0.3410,155.4278 , 1.5291,17.0685,6,414.299988,39.001827,-122.668961,10.000000,528664.312500,4317031.500000,
605,Mining,123.26,32.76,30.17,30.27,30.06,"Tue Apr 14, 2026 - 10:58:31",User,1.5,ppm,,,,,,Mining,,<LOD,1.4336,0.6578,138082.3438 , 2066.4583,2.9640,83.5819 , 2.4827,2.6064,<LOD,3.2145,0.1133,461.4456 , 21.6019,18.4409,469011.4688 , 4859.0728,<LOD,1.6542,0.2054,29133.4414 , 200.2649,37.3652,<LOD,2.2442,1.2800,<LOD,39.4688,0.6447,<LOD,54.2573,11.9716,177.0544 , 6.4712,4.0632,<LOD,5.8288,0.3175,32270.2266 , 141.8204,77.9456,<LOD,0.0000,0.0000,4.6347 , 1.9147,0.2853,8295.7900 , 103.2392,5.6373,7968.9976 , 2919.4250,0.0577,<LOD,39.2238,0.5905,<LOD,1.0874,5.0203,6.2424 , 0.5960,3.1362,<LOD,7.4047,0.2589,717.6240 , 117.4177,0.2274,8.8331 , 1.0771,0.3713,<LOD,1.3275,0.5080,47.9648 , 1.2684,2.5020,<LOD,0.0000,0.0000,15878.1084 , 109.8741,5.8781,<LOD,6.7834,4.3186,<LOD,0.8866,0.2321,289235.5625 , 692.9598,28.4090,11.4267 , 2.3567,3.4341,380.6400 , 1.8925,22.7537,<LOD,0.0000,0.0000,4.2052 , 0.8601,0.3661,7794.9966 , 51.3510,27.0976,3.9343 , 1.1211,0.6976,254.4649 , 14.7017,4.9309,<LOD,0.0000,0.1844,11.2553 , 0.7019,2.3632,5.7222 , 2.0603,0.3463,150.1054 , 1.4560,16.7764,7,414.399994,39.001766,-122.668968,10.000000,528663.812500,4317024.500000,
606,Mining,122.94,32.61,30.18,30.07,30.08,"Tue Apr 14, 2026 - 11:01:33",User,1.5,ppm,,,,,,Mining,,<LOD,1.3499,0.6987,157839.9531 , 2050.2319,3.3590,45.4587 , 1.9082,1.7365,<LOD,3.1684,0.1303,451.4482 , 20.2214,19.6836,474983.3750 , 4742.8535,<LOD,1.4554,0.1869,32671.7324 , 186.1469,42.2711,<LOD,2.0806,1.3124,<LOD,37.3536,0.6038,<LOD,38.8300,6.1757,159.9426 , 5.2678,3.5767,<LOD,4.1845,0.3190,15833.3525 , 95.8103,38.9624,<LOD,0.0000,0.0000,<LOD,3.1316,0.2658,5894.6343 , 76.4930,4.1558,10145.5664 , 2668.0481,0.0568,<LOD,27.4960,0.5246,<LOD,1.0173,5.2545,6.7137 , 0.5645,3.4033,<LOD,6.1855,0.2555,542.8086 , 105.5730,0.1913,10.3531 , 1.0306,0.4012,<LOD,1.2646,0.5522,4.3032 , 0.7150,0.6890,<LOD,0.0000,0.0000,5470.8369 , 65.8312,2.2093,<LOD,4.0214,4.2693,<LOD,0.8294,0.2335,286501.3125 , 692.8369,28.1060,9.4856 , 2.2003,3.5978,372.2738 , 1.8085,24.5132,<LOD,0.0000,0.0000,3.5815 , 0.7615,0.3450,8642.5605 , 47.3542,29.9418,4.4997 , 1.0358,0.7106,249.1387 , 12.9028,5.1831,<LOD,0.0000,0.2142,7.7448 , 0.5583,1.8314,4.3134 , 1.9242,0.3506,144.6020 , 1.3783,17.9326,6,418.100006,39.001835,-122.668968,10.000000,528664.062500,4317032.500000,
607,Mining,122.94,32.70,30.01,30.10,30.13,"Tue Apr 14, 2026 - 11:03:52",User,1.5,ppm,,,,,,Mining,,<LOD,1.3621,0.7177,157343.7656 , 2011.7605,3.3496,46.3270 , 1.8876,1.7618,<LOD,2.9426,0.1154,468.7581 , 20.2146,19.9078,474927.6875 , 4611.6216,<LOD,1.4722,0.1977,32187.0469 , 185.7758,41.8213,<LOD,2.0603,1.2910,<LOD,37.2083,0.6087,<LOD,38.6231,6.3314,156.5477 , 5.3167,3.5745,<LOD,3.7131,0.3077,15880.8711 , 94.2839,39.1903,<LOD,0.0000,0.0000,<LOD,3.0704,0.2523,5855.2344 , 77.0853,4.1414,8517.7305 , 2589.4177,0.0541,<LOD,31.7271,0.5329,<LOD,1.0054,5.3380,6.4646 , 0.5521,3.3708,<LOD,6.1417,0.2581,512.3251 , 101.7276,0.1808,9.9172 , 1.0049,0.3942,<LOD,1.2469,0.5392,5.5566 , 0.7098,0.7260,<LOD,0.0000,0.0000,5631.3340 , 66.0432,2.2630,<LOD,4.0367,4.3649,<LOD,0.8001,0.2211,288989.6250 , 686.4910,28.4626,13.1385 , 2.2071,3.6636,369.1240 , 1.7693,24.3751,<LOD,0.0000,0.0000,2.8614 , 0.7550,0.3407,8670.8682 , 47.6704,30.1754,3.1651 , 0.9993,0.6813,245.6049 , 13.0475,5.2059,<LOD,6.5314,0.2098,7.7178 , 0.5513,1.8451,4.4752 , 1.9043,0.3489,143.8634 , 1.3526,17.8737,6,419.399994,39.001759,-122.669167,10.000000,528646.500000,4317024.000000,
608,Mining,120.80,30.22,30.28,30.15,30.15,"Tue Apr 14, 2026 - 11:22:04",User,1.5,ppm,,,,,,Mining,,<LOD,1.1530,0.9139,74880.8906 , 1066.6117,1.6671,3.0696 , 0.8967,0.4721,<LOD,2.6986,0.1421,428.5018 , 16.9745,25.2637,600624.0000 , 2984.5327,<LOD,1.3643,0.2511,328.4791 , 37.5750,1.3672,<LOD,1.8298,1.8534,<LOD,33.2708,0.7176,<LOD,26.9314,4.1444,82.7502 , 3.7672,3.1905,7.4930 , 2.5124,0.4606,8216.7773 , 62.4292,25.6166,<LOD,0.0000,0.0000,44.6882 , 2.5819,0.8711,17748.0508 , 109.8293,13.2516,10253.8262 , 2056.2991,0.0547,<LOD,24.2616,0.5774,<LOD,0.9216,7.1054,8.3889 , 0.5118,4.5695,<LOD,5.5017,0.3415,725.3921 , 97.6784,0.2433,<LOD,1.1431,0.3763,<LOD,1.0813,0.7218,71.9262 , 1.2549,4.8598,<LOD,0.0000,0.0000,5387.5273 , 57.7491,2.4781,<LOD,3.4004,5.5197,<LOD,0.7647,0.3044,276909.8750 , 585.2795,30.8869,<LOD,3.2463,4.4236,29.1501 , 0.4902,3.2738,<LOD,0.0000,0.0000,2.1043 , 0.7282,0.5012,3969.4077 , 28.0505,17.8153,<LOD,1.1522,0.5711,99.8363 , 7.8193,3.2049,<LOD,5.9211,0.2498,2.6172 , 0.5757,2.8377,29.2478 , 2.2489,0.7089,145.9846 , 1.0899,18.3937,6,421.399994,39.001907,-122.669395,10.000000,528626.625000,4317040.000000,
609,Mining,122.82,32.66,30.08,30.03,30.05,"Tue Apr 14, 2026 - 11:24:22",User,1.5,ppm,,,,,,Mining,,<LOD,1.0705,0.9449,74002.0312 , 997.3884,1.6503,2.3582 , 0.7958,0.4422,<LOD,2.4531,0.1406,397.7636 , 15.5144,25.2985,612394.3125 , 2769.9575,<LOD,1.2573,0.2557,332.7889 , 37.1412,1.4801,<LOD,1.6660,1.8337,<LOD,31.0707,0.7086,<LOD,25.2825,4.3665,88.0839 , 3.7130,3.4521,6.0410 , 2.3263,0.4733,8144.4795 , 59.3629,27.3572,<LOD,0.0000,0.0000,44.1780 , 2.4258,0.9230,17718.4062 , 108.5390,14.2378,13366.6455 , 2024.0864,0.0602,<LOD,22.6413,0.6029,<LOD,0.8539,7.3356,7.1249 , 0.4756,4.7395,<LOD,5.0951,0.3495,650.1517 , 92.2233,0.2440,<LOD,1.0240,0.3611,<LOD,0.9665,0.6869,68.4171 , 1.1645,4.9997,<LOD,0.0000,0.0000,5088.3818 , 54.7041,2.5173,<LOD,3.1186,5.5721,<LOD,0.7020,0.3084,263467.2500 , 569.0917,31.2653,<LOD,3.4516,4.4596,31.9380 , 0.4809,3.7747,<LOD,0.0000,0.0000,2.1654 , 0.6750,0.5204,3919.5796 , 27.3013,18.8453,<LOD,1.0862,0.6093,105.2134 , 7.6648,3.4218,<LOD,5.5061,0.2590,2.2928 , 0.5352,2.9445,25.5674 , 2.0541,0.7085,134.8415 , 1.0020,18.5860,7,421.200012,39.001835,-122.669273,10.000000,528637.625000,4317032.000000,
610,Mining,120.41,30.21,30.05,30.08,30.07,"Tue Apr 14, 2026 - 11:27:37",User,1.5,ppm,,,,,,Mining,,<LOD,1.1390,0.8720,64656.2812 , 994.9088,1.4638,2.3962 , 0.8669,0.4434,<LOD,2.4703,0.1245,585.4521 , 17.3589,26.8987,607962.1875 , 2809.8584,<LOD,1.2376,0.2171,581.7710 , 45.5987,1.8329,<LOD,1.7834,1.7101,<LOD,29.7859,0.6065,<LOD,36.8183,9.0012,105.8197 , 4.4364,3.7879,<LOD,4.6387,0.4079,17421.2188 , 86.5677,55.9512,<LOD,0.0000,0.0000,49.8939 , 2.5836,0.9267,19466.0000 , 127.1383,15.2761,10638.7295 , 2145.2007,0.0586,<LOD,22.3628,0.5699,<LOD,0.8744,6.6314,5.4247 , 0.4834,4.2200,<LOD,5.4755,0.2966,1220.8783 , 117.3088,0.3841,<LOD,1.1711,0.4124,<LOD,1.0167,0.6197,67.4070 , 1.1912,4.5282,<LOD,0.0000,0.0000,10197.4717 , 76.7083,4.6970,<LOD,3.3761,5.3257,<LOD,0.7142,0.2799,262767.6562 , 574.5449,30.6761,<LOD,2.9812,4.1760,68.3988 , 0.6820,6.5509,<LOD,0.0000,0.0000,11.8822 , 0.7965,0.7465,3935.5837 , 31.4695,18.6783,<LOD,1.1568,0.6009,102.7271 , 8.8170,3.4178,<LOD,5.5851,0.2355,1.3676 , 0.5460,2.6543,21.5894 , 2.0513,0.6247,129.8692 , 1.0382,17.2158,3,397.700012,39.001572,-122.669571,10.000000,528611.937500,4317003.000000,
611,Mining,123.05,32.75,30.09,30.06,30.15,"Tue Apr 14, 2026 - 11:30:00",User,1.5,ppm,,,,,,Mining,,<LOD,1.1605,0.8716,63402.2969 , 976.9733,1.4373,1.1899 , 0.8974,0.4480,<LOD,2.3903,0.1129,564.9713 , 17.6094,26.4691,609737.7500 , 2789.5857,<LOD,1.2943,0.2308,489.2131 , 43.2373,1.7158,<LOD,1.8085,1.6891,<LOD,29.8496,0.6145,<LOD,35.9654,8.2445,107.1428 , 4.2769,3.7458,5.7321 , 2.4099,0.4370,16399.8750 , 84.1540,51.6840,<LOD,0.0000,0.0000,52.1548 , 2.6537,0.9482,19212.7520 , 121.4531,14.7900,9538.3857 , 2089.7278,0.0564,<LOD,23.1928,0.5901,<LOD,0.8830,6.5636,5.7552 , 0.4872,4.1797,<LOD,5.5835,0.3110,1178.7574 , 115.1994,0.3717,3.4832 , 0.8312,0.4029,<LOD,1.0371,0.6210,69.5246 , 1.2145,4.5889,<LOD,0.0000,0.0000,9668.0332 , 73.7493,4.3784,<LOD,3.4206,5.2282,<LOD,0.7068,0.2675,265274.7812 , 565.0717,30.3725,5.2264 , 1.8524,4.3010,65.6792 , 0.6743,6.2405,<LOD,0.0000,0.0000,9.1524 , 0.7892,0.6836,3951.6357 , 30.2924,18.3846,<LOD,1.1656,0.5915,100.7881 , 8.4695,3.3508,<LOD,5.8344,0.2498,<LOD,1.0643,2.5752,22.0377 , 2.0855,0.6265,133.6604 , 1.0536,17.3046,7,403.799988,39.001995,-122.669235,10.000000,528640.625000,4317050.000000,
612,Mining,122.75,32.58,30.00,30.04,30.13,"Tue Apr 14, 2026 - 11:34:21",User,1.5,ppm,,,,,,Mining,,<LOD,1.0342,0.8451,59090.9023 , 886.8982,1.3498,4.6483 , 1.0754,0.8033,<LOD,2.2736,0.1247,427.2272 , 15.2922,24.0206,629689.8125 , 2466.2637,<LOD,1.1880,0.2355,767.6868 , 41.6393,2.1344,<LOD,1.6484,1.7339,<LOD,29.6199,0.6474,<LOD,29.3803,6.3571,60.3128 , 3.5149,3.0124,31.8139 , 2.7256,0.6768,12538.1045 , 69.9912,41.7708,<LOD,0.0000,0.0000,35.3461 , 2.1956,0.7745,17780.3535 , 109.2937,14.2976,6014.5923 , 1871.8519,0.0495,26.4365 , 15.1378,0.6673,<LOD,0.7999,6.6237,4.4526 , 0.4464,4.2996,<LOD,4.9529,0.3144,777.0507 , 101.2147,0.2971,16.4009 , 0.9663,0.6702,<LOD,0.9668,0.6631,66.7733 , 1.1138,4.7408,<LOD,0.0000,0.0000,6249.3604 , 59.6249,3.0351,<LOD,3.0494,5.1196,<LOD,0.6512,0.2731,263075.0312 , 551.4550,31.2728,5.1071 , 1.6452,4.1362,28.6051 , 0.4474,3.3689,<LOD,0.0000,0.0000,2.5126 , 0.6580,0.5249,3085.5576 , 24.9031,15.0292,<LOD,1.0088,0.5424,71.8040 , 6.9558,2.7233,<LOD,5.3334,0.2519,<LOD,1.1614,2.7490,50.3352 , 2.3603,0.9725,99.7771 , 0.8565,14.1258,5,433.100006,39.001945,-122.669380,10.000000,528628.062500,4317044.500000,
613,Mining,123.09,32.66,30.05,30.30,30.08,"Tue Apr 14, 2026 - 11:36:41",User,1.5,ppm,,,,,,Mining,,<LOD,1.0366,0.8451,52111.0430 , 823.9382,1.1983,5.7576 , 1.1288,0.8708,<LOD,2.2897,0.1232,438.8805 , 15.3203,24.0291,655925.6250 , 2390.6907,<LOD,1.2321,0.2476,750.9768 , 43.0502,2.1402,<LOD,1.6569,1.7464,<LOD,28.4520,0.6270,<LOD,30.7139,6.8432,61.1560 , 3.6527,3.0969,30.1478 , 2.7284,0.6604,13296.5566 , 71.9527,43.8647,<LOD,0.0000,0.0000,31.4099 , 2.1517,0.7198,18752.0020 , 113.8087,14.9829,7137.3511 , 1847.3990,0.0499,21.6755 , 15.2438,0.6639,<LOD,0.8229,6.8210,4.6897 , 0.4550,4.3362,<LOD,5.1393,0.3280,860.5995 , 98.3805,0.2979,18.2703 , 1.0025,0.7026,<LOD,0.9418,0.6235,73.1824 , 1.1724,5.1215,<LOD,0.0000,0.0000,5999.4990 , 57.0530,2.9118,<LOD,3.0622,5.1550,<LOD,0.6542,0.2683,240939.1250 , 524.2205,27.9053,5.3472 , 1.6459,4.1199,29.9052 , 0.4587,3.4454,<LOD,0.0000,0.0000,<LOD,1.5121,0.4992,3273.5381 , 26.0561,15.8042,<LOD,1.0469,0.5719,83.7414 , 7.3464,2.9080,<LOD,5.4221,0.2535,<LOD,1.0504,2.8272,39.0929 , 2.2236,0.8399,110.4259 , 0.8979,15.1531,6,446.399994,39.001972,-122.669426,10.000000,528624.000000,4317047.500000,
614,Mining,120.06,30.05,30.06,30.12,29.83,"Tue Apr 14, 2026 - 11:41:07",User,1.5,ppm,,,,,,Mining,,<LOD,1.3891,0.6465,44449.0547 , 1202.8038,1.0581,4.8525 , 1.6929,0.9093,<LOD,3.2784,0.1253,670.5905 , 21.3104,19.9749,567792.8750 , 4883.3828,<LOD,2.4026,0.2405,205.2577 , 64.7637,1.3686,<LOD,2.1800,1.2761,<LOD,37.3563,0.6256,<LOD,60.2400,17.6660,113.2633 , 6.5268,3.8629,<LOD,5.6987,0.3287,42925.1719 , 166.5043,111.9718,<LOD,0.0000,0.0000,91.4616 , 3.6312,1.0748,27720.0293 , 199.9762,18.2664,<LOD,6657.3779,0.0509,<LOD,25.2336,0.5379,<LOD,1.0513,5.2512,5.0838 , 0.5604,3.1016,<LOD,7.7693,0.2599,2048.6831 , 169.8155,0.5429,44.0669 , 1.6459,0.9398,<LOD,1.2438,0.4641,61.0059 , 1.3193,2.9978,<LOD,0.0000,0.0000,25406.0215 , 137.8015,9.5888,<LOD,4.0500,3.7480,<LOD,0.9374,0.2771,281487.9375 , 702.2466,28.6081,13.9905 , 2.2206,3.1990,208.3727 , 1.3440,13.1633,<LOD,0.0000,0.0000,13.8503 , 1.0553,0.7066,3766.7903 , 43.7402,15.2880,<LOD,1.5339,0.5906,102.5955 , 12.1123,2.9591,<LOD,6.5026,0.1858,1.1368 , 0.6406,2.0424,<LOD,5.0022,0.3650,155.6554 , 1.3702,15.8696,3,455.799988,39.002495,-122.669167,10.000000,528646.437500,4317105.500000,
615,Mining,122.79,32.63,30.07,30.02,30.07,"Tue Apr 14, 2026 - 11:43:26",User,1.5,ppm,,,,,,Mining,,<LOD,1.4311,0.6705,44062.9961 , 1100.3545,1.0502,5.8324 , 1.7819,0.9381,<LOD,3.2657,0.1147,658.7164 , 21.4307,19.7001,564130.1875 , 3448.1287,2.5111 , 1.2198,0.2530,227.6603 , 66.2904,1.4203,<LOD,2.1808,1.2360,<LOD,37.1138,0.6554,<LOD,63.7285,18.9397,121.3692 , 6.6813,3.9274,<LOD,7.0327,0.3379,46542.3398 , 147.8454,120.9448,<LOD,0.0000,0.0000,67.7378 , 3.3522,0.8423,27425.8828 , 197.7117,18.0532,3196.5713 , 2712.8833,0.0518,<LOD,26.0569,0.5499,<LOD,1.0760,5.0768,5.7344 , 0.5809,3.0910,<LOD,8.3840,0.2854,2017.6708 , 162.4460,0.5269,46.0824 , 1.7251,0.9580,<LOD,1.2742,0.4755,62.7522 , 1.3586,3.0077,<LOD,0.0000,0.0000,25367.5859 , 129.3508,9.5421,<LOD,4.0820,3.6742,0.9106 , 0.6699,0.3039,281834.9688 , 623.6429,28.5527,11.4598 , 2.2446,3.1680,228.1485 , 1.3997,14.0278,<LOD,0.0000,0.0000,13.4763 , 1.1671,0.7132,3722.9146 , 43.6719,15.0824,<LOD,1.5214,0.5426,91.6773 , 12.1549,2.8707,<LOD,6.8829,0.1935,1.3457 , 0.6656,2.0420,<LOD,3.6183,0.3372,153.4698 , 1.3822,15.5910,6,423.399994,39.002010,-122.669334,10.000000,528632.375000,4317051.500000,
616,Mining,120.50,30.14,30.15,30.10,30.11,"Tue Apr 14, 2026 - 11:46:59",User,1.5,ppm,,,,,,Mining,,<LOD,1.2382,0.7336,35952.1836 , 752.2070,0.8577,14.7152 , 2.0906,2.9141,<LOD,14.0440,2.9868,387.7496 , 18.1790,18.8540,709492.9375 , 2482.1729,<LOD,3.1004,1.0290,1662.0111 , 62.3109,3.3420,<LOD,1.9471,1.4502,<LOD,28.3444,0.5905,<LOD,46.9788,12.7938,42.1554 , 4.6292,3.0405,<LOD,0.0000,0.0000,26113.1523 , 106.8754,83.7775,<LOD,41.2239,3.9173,6970.2798 , 42.9062,87.0432,15413.4189 , 131.5784,11.9682,5879.2446 , 2054.8967,0.0522,94.2110 , 18.4583,0.8255,28.4837 , 0.8799,5.5996,34.0831 , 0.7403,3.5763,<LOD,7.5040,0.4065,2372.8508 , 124.0179,0.4087,<LOD,0.0000,0.0000,<LOD,1.1274,0.5475,147.1951 , 2.4107,4.0726,487.1406 , 43.1965,8.8599,16943.8516 , 100.1736,8.4529,<LOD,3.6647,4.3799,<LOD,2.4037,1.6547,175712.0312 , 485.8025,19.0715,8.0927 , 1.9711,3.5151,31.9578 , 1.2471,12.7757,83.6943 , 9.3485,0.6520,9.6955 , 1.3164,0.7022,1980.7498 , 28.0753,9.6395,<LOD,7.3219,9.8324,49.8393 , 7.8707,1.9474,<LOD,8.6438,0.3597,<LOD,1.1131,2.6653,<LOD,0.0000,0.0000,88.2494 , 1.0253,10.7494,5,454.799988,39.001698,-122.669617,10.000000,528607.937500,4317017.000000,
617,Mining,120.57,30.03,30.16,30.12,30.26,"Tue Apr 14, 2026 - 11:49:21",User,1.5,ppm,,,,,,Mining,,2.4952 , 0.7895,0.6774,29667.7305 , 641.2321,0.7188,2.2992 , 2.1174,3.3304,<LOD,15.5991,4.1052,266.4818 , 15.9946,14.0987,758811.5000 , 2231.5854,<LOD,3.3313,1.3259,1646.8182 , 59.7454,3.4374,2.8078 , 1.1920,1.2353,<LOD,26.5020,0.5941,<LOD,44.0408,12.4290,33.5714 , 4.2929,2.9177,<LOD,0.0000,0.0000,23923.4375 , 98.6722,80.2172,<LOD,45.5252,5.1190,9540.0264 , 47.9442,123.8051,14673.0996 , 124.1339,11.7827,6928.0083 , 1923.1481,0.0527,155.9832 , 18.7968,0.9629,38.8856 , 0.9223,5.3227,44.4419 , 0.7802,3.4523,<LOD,7.6700,0.5024,2448.8259 , 116.5584,0.4086,<LOD,0.0000,0.0000,1.3591 , 0.7110,0.4934,172.8219 , 2.6227,3.9332,619.1942 , 48.2236,12.4174,16235.5938 , 94.1132,8.5475,5.1684 , 2.1936,3.5749,<LOD,3.3020,2.2003,132830.7188 , 421.0949,14.4636,6.8583 , 1.7544,2.7471,30.0246 , 1.3850,16.8507,110.8725 , 10.0020,0.7607,11.6350 , 1.3965,0.7662,1672.8975 , 24.7988,8.3633,<LOD,8.3460,13.8907,47.2743 , 7.0750,1.7566,<LOD,9.0420,0.4268,<LOD,1.1098,2.5808,<LOD,0.0000,0.0000,69.1370 , 0.9412,9.2923,4,450.700012,39.001606,-122.669716,10.000000,528599.187500,4317006.500000,
618,Mining,122.81,32.54,30.03,30.13,30.11,"Tue Apr 14, 2026 - 11:52:33",User,1.5,ppm,,,,,,Mining,,3.1363 , 0.9273,0.4629,30940.4941 , 748.8777,0.7507,<LOD,5.0601,5.4495,<LOD,27.7360,8.5489,343.5157 , 19.0861,9.9200,722956.3125 , 2487.4910,<LOD,5.5309,2.4070,1957.8351 , 69.8607,3.4715,<LOD,3.2630,0.7743,<LOD,30.4166,0.6139,<LOD,52.1311,11.9609,27.9541 , 4.9903,2.7958,<LOD,0.0000,0.0000,26244.4980 , 111.6101,77.7305,284.9142 , 46.6092,8.8885,23795.8672 , 77.4645,246.9655,16274.1748 , 142.1857,11.4155,<LOD,3113.0709,0.0441,227.0548 , 21.2046,0.9146,113.3128 , 1.5245,3.6813,118.5339 , 1.2971,2.4889,23.1056 , 5.9760,0.5149,3357.0540 , 133.6160,0.3998,<LOD,0.0000,0.0000,2.4986 , 0.8386,0.3424,365.5676 , 4.6057,4.3244,<LOD,119.6218,23.8375,20697.8711 , 114.8228,10.1628,<LOD,3.7535,2.1827,<LOD,4.6924,4.1402,150098.8594 , 463.2994,14.9738,14.4872 , 2.0596,1.8630,<LOD,3.3342,23.2742,<LOD,25.1745,1.0512,21.2088 , 2.3352,0.8811,1988.2742 , 29.8024,8.6511,<LOD,15.3410,28.8982,43.3434 , 8.3244,1.7378,32.5809 , 8.1036,0.4859,<LOD,1.7303,2.7524,<LOD,0.0000,0.0000,67.5486 , 1.1194,6.0921,6,449.600006,39.001740,-122.669586,10.000000,528610.250000,4317021.500000,
619,Mining,122.92,32.54,30.05,30.24,30.09,"Tue Apr 14, 2026 - 13:06:15",User,1.5,ppm,,,,,,Mining,,<LOD,1.1157,0.8007,53090.3086 , 939.7845,1.2492,19.9681 , 1.3454,1.2067,<LOD,2.5039,0.1228,280.3178 , 16.0111,19.8063,530895.9375 , 2824.8564,<LOD,1.1163,0.1671,840.4618 , 38.4151,1.9039,<LOD,1.7713,1.6234,<LOD,31.9007,0.6695,<LOD,43.0075,12.6995,54.1476 , 4.0883,3.0986,<LOD,3.3153,0.3615,27593.8008 , 108.8366,89.7385,<LOD,0.0000,0.0000,3.3161 , 1.5894,0.3053,5934.3560 , 74.1296,4.9542,8231.9541 , 2203.3325,0.0565,<LOD,21.6711,0.5652,<LOD,0.9022,6.4782,5.0296 , 0.4958,4.0536,<LOD,5.9299,0.2971,771.5302 , 103.8633,0.2774,10.3593 , 0.9365,0.5046,<LOD,1.0093,0.5864,44.8331 , 1.0370,3.1347,<LOD,0.0000,0.0000,12928.0439 , 87.8090,5.8556,<LOD,3.3120,4.8999,<LOD,0.6793,0.2348,352496.5000 , 626.9648,44.6240,6.3001 , 1.7876,3.9383,149.7024 , 0.9932,12.8073,<LOD,0.0000,0.0000,6.1703 , 0.6791,0.4887,6319.8306 , 36.6602,29.1621,1.8062 , 0.8093,0.6508,173.6640 , 10.5366,5.0721,<LOD,5.2717,0.1999,4.7026 , 0.5452,2.5504,<LOD,2.9827,0.3649,136.9689 , 1.1115,18.4085,5,316.600006,39.001652,-122.669525,10.000000,528616.062500,4317012.000000,
620,Mining,122.82,32.56,30.15,30.04,30.07,"Tue Apr 14, 2026 - 13:08:35",User,1.5,ppm,,,,,,Mining,,<LOD,1.0841,0.8148,60150.1602 , 963.0090,1.3967,18.6395 , 1.2428,1.2123,<LOD,2.3480,0.1267,251.1765 , 15.3316,19.8407,517556.2188 , 2800.3811,<LOD,1.0675,0.1791,1118.8730 , 35.9502,2.2772,<LOD,1.7216,1.6592,<LOD,32.6411,0.6789,<LOD,30.0714,6.2891,44.6683 , 3.4163,2.7680,<LOD,3.1684,0.3814,12035.7295 , 71.2826,39.5333,<LOD,0.0000,0.0000,<LOD,2.2154,0.2859,5704.7578 , 63.6800,4.7393,8541.7930 , 2085.6885,0.0548,<LOD,19.9806,0.4769,<LOD,0.8549,6.9840,5.1561 , 0.4672,4.3056,<LOD,4.7493,0.2613,587.7025 , 96.7597,0.2285,8.6353 , 0.8493,0.4873,<LOD,0.9974,0.6175,42.9807 , 0.9799,3.3088,<LOD,0.0000,0.0000,7714.9897 , 70.1376,3.5864,<LOD,3.1964,4.9654,<LOD,0.6567,0.2610,379086.8125 , 649.7058,48.7730,3.8426 , 1.7138,3.9044,133.8810 , 0.9021,12.5694,<LOD,0.0000,0.0000,5.4362 , 0.6380,0.5042,6708.9971 , 33.3330,30.7239,2.9579 , 0.7690,0.7017,132.2668 , 9.1110,4.9551,<LOD,5.0012,0.2093,3.3792 , 0.5020,2.5616,4.2814 , 1.5902,0.4151,136.6700 , 1.0554,19.7797,5,252.500000,39.001907,-122.669540,10.000000,528614.375000,4317040.000000,
621,Mining,120.49,30.01,30.29,30.08,30.11,"Tue Apr 14, 2026 - 13:12:42",User,1.5,ppm,,,,,,Mining,,<LOD,1.2023,0.7709,56282.3477 , 1117.0128,1.3126,4.9771 , 1.0598,0.5733,<LOD,2.6287,0.1180,309.4111 , 16.7075,18.2781,517198.7188 , 3364.5364,<LOD,1.1535,0.1554,1434.8035 , 46.4940,2.4771,<LOD,1.8359,1.4362,<LOD,37.8955,0.6627,<LOD,29.1321,4.2990,69.7042 , 4.2469,2.8926,<LOD,3.3457,0.3152,9694.9209 , 67.0442,26.0376,<LOD,0.0000,0.0000,9.1867 , 1.7940,0.3457,9456.6045 , 88.3924,6.3404,4541.3101 , 2479.1318,0.0557,<LOD,22.1348,0.4237,<LOD,0.9217,5.9106,5.5884 , 0.5082,3.7202,<LOD,5.2587,0.2585,1929.4327 , 160.6329,0.4974,8.3385 , 0.9029,0.4082,<LOD,1.0947,0.5709,46.4633 , 1.0865,2.9668,<LOD,0.0000,0.0000,30167.4863 , 143.3618,11.1862,<LOD,3.4193,4.3020,<LOD,0.7014,0.2163,360133.7812 , 665.1823,38.7626,12.8453 , 1.8856,3.6759,236.1530 , 1.2618,17.8173,<LOD,0.0000,0.0000,4.7273 , 0.6852,0.4291,8117.8379 , 40.1465,30.3294,3.5609 , 0.9103,0.7237,179.6707 , 11.1306,4.9932,<LOD,5.4703,0.1856,6.0183 , 0.5665,2.4308,10.5017 , 1.8702,0.4268,135.5918 , 1.1593,17.6249,6,291.700012,39.001892,-122.669235,10.000000,528640.937500,4317038.500000,
622,Mining,120.79,30.12,30.26,30.26,28.33,"Tue Apr 14, 2026 - 13:15:53",User,1.5,ppm,,,,,,Mining,,<LOD,1.2339,0.6974,117616.3281 , 1823.0206,2.5558,<LOD,1.4765,0.3889,<LOD,2.7290,0.1137,346.1743 , 17.4801,17.3104,454796.6875 , 4506.9434,<LOD,1.2114,0.1538,6081.5601 , 83.6968,8.3628,<LOD,1.8766,1.2834,<LOD,40.2260,0.6461,<LOD,38.8680,7.4405,100.2647 , 4.7186,3.2189,<LOD,5.6950,0.3386,17819.1367 , 98.7187,46.8048,<LOD,0.0000,0.0000,5.8487 , 1.7687,0.2940,8635.4824 , 90.4903,5.8391,16153.7900 , 2981.5637,0.0700,84.0409 , 18.4574,0.6638,<LOD,0.9425,5.5063,6.3899 , 0.5235,3.5191,<LOD,5.9122,0.2621,879.7421 , 128.4900,0.2657,8.2875 , 0.9299,0.3870,<LOD,1.1229,0.5165,43.9827 , 1.0881,2.6387,<LOD,0.0000,0.0000,13716.4570 , 105.7050,5.1421,<LOD,3.5374,3.9479,<LOD,0.7387,0.2159,355315.3125 , 776.6301,37.2063,16.4601 , 1.9623,3.4336,229.0781 , 1.3220,16.2681,<LOD,0.0000,0.0000,4.2822 , 0.7068,0.3995,7807.9619 , 44.0040,28.8865,2.2609 , 0.8990,0.6283,171.6604 , 11.6270,4.7653,<LOD,5.8820,0.1934,8.8629 , 0.5992,2.4384,22.9461 , 2.1589,0.5135,126.9962 , 1.1811,15.6849,6,360.200012,39.001709,-122.669365,10.000000,528629.312500,4317018.000000,
623,Mining,124.20,34.04,30.03,30.06,30.07,"Tue Apr 14, 2026 - 13:19:10",User,1.5,ppm,,,,,,Mining,,<LOD,4.2749,0.8796,185472.2188 , 2196.7458,1.3183,<LOD,0.1058,0.0011,<LOD,0.2310,0.0003,1423.5983 , 80.1896,22.2937,3301.7729,,<LOD,0.1751,0.0012,6699.5303 , 252.3835,3.0535,<LOD,6.7881,1.7773,<LOD,123.7949,0.6762,22.4855 , 3.7125,0.0487,163.4190 , 14.9824,2.6838,<LOD,1.5519,0.0231,<LOD,23.6298,0.2280,<LOD,0.0000,0.0000,<LOD,0.4857,0.0023,14771.3359 , 480.8512,3.7205,<LOD,16060.4590,0.0466,894.2090 , 50.3447,0.8286,<LOD,0.0032,0.0000,<LOD,0.0032,-0.0000,<LOD,2.9807,0.0353,2955.0103 , 383.8545,0.2624,<LOD,0.0428,0.0001,<LOD,3.9160,0.6617,<LOD,0.0174,0.0001,<LOD,0.0000,0.0000,38384.7344 , 1144.0354,5.6623,<LOD,12.8571,5.5248,<LOD,0.0749,0.0006,723857.5000 , 8422.7725,53.7167,19.8720 , 6.9024,4.4786,<LOD,0.0035,-0.0000,<LOD,0.0000,0.0000,<LOD,0.0851,-0.0001,21540.9199 , 769.0567,28.8721,<LOD,0.0261,-0.0000,493.3915 , 39.9056,4.7566,<LOD,2.0223,0.0085,<LOD,0.0008,-0.0000,<LOD,0.7706,0.0109,<LOD,0.0114,0.0001,5,393.100006,39.001553,-122.669495,10.000000,528618.437500,4317001.000000,
624,Mining,122.88,32.55,30.02,30.06,30.25,"Tue Apr 14, 2026 - 13:21:51",User,1.5,ppm,,,,,,Mining,,<LOD,1.0561,0.9069,58859.3398 , 921.2162,1.3847,2.3809 , 1.0596,0.6826,<LOD,2.5619,0.1454,287.1283 , 15.1675,22.8586,507949.5312 , 2715.0225,<LOD,1.1531,0.2018,1889.6271 , 44.3103,3.5326,<LOD,1.6670,1.8140,<LOD,32.2562,0.6714,<LOD,28.9232,5.5059,57.6428 , 3.5807,2.9707,8.0495 , 2.3941,0.4739,10225.2754 , 67.3961,34.1321,<LOD,0.0000,0.0000,9.2039 , 1.7461,0.4261,5093.5884 , 62.2621,4.3221,<LOD,2845.3141,0.0430,<LOD,21.6014,0.5268,<LOD,0.8979,7.2099,4.6414 , 0.4863,4.3663,<LOD,5.1852,0.3248,1060.0021 , 117.8961,0.3577,14.8303 , 0.9931,0.6447,<LOD,0.9831,0.7050,38.7065 , 1.0126,3.2376,<LOD,0.0000,0.0000,18295.3164 , 105.2157,8.2978,<LOD,3.1345,5.5788,<LOD,0.6899,0.2732,389744.9062 , 633.2996,51.9838,4.1211 , 1.6899,4.4681,313.3167 , 1.4245,29.1323,<LOD,0.0000,0.0000,5.0655 , 0.6871,0.5620,5852.8232 , 31.9245,27.1986,5.4891 , 0.9472,1.0218,136.7745 , 8.9762,4.5755,<LOD,5.2956,0.2257,3.2942 , 0.5183,2.6254,<LOD,2.2804,0.3629,138.9399 , 1.1771,23.5586,6,395.299988,39.001595,-122.669533,10.000000,528614.937500,4317005.500000,
625,Mining,120.22,30.08,30.05,30.02,30.07,"Tue Apr 14, 2026 - 13:25:27",User,1.5,ppm,,,,,,Mining,,<LOD,1.2567,0.8071,103304.3125 , 1444.9290,2.2706,1.3108 , 1.0622,0.4929,<LOD,2.7486,0.1204,396.7549 , 18.2045,21.1621,452738.3438 , 3815.1428,<LOD,1.2798,0.1794,2160.4355 , 52.6765,3.3926,<LOD,1.9388,1.5302,<LOD,36.9509,0.6428,<LOD,40.7227,5.1367,73.0189 , 4.1766,2.8286,12.0452 , 2.6553,0.4216,11403.4990 , 75.3067,30.7002,<LOD,0.0000,0.0000,5.5008 , 1.8386,0.3279,9172.3037 , 87.2545,6.1888,3209.5986 , 2260.5125,0.0482,<LOD,31.7339,0.5330,<LOD,0.9680,6.0748,7.3617 , 0.5342,3.8371,<LOD,5.7015,0.2802,873.5853 , 118.1406,0.2620,11.4110 , 0.9986,0.4682,<LOD,1.1577,0.6137,51.5485 , 1.1679,3.2351,<LOD,0.0000,0.0000,19194.9707 , 114.3917,7.1639,<LOD,3.6544,4.6929,<LOD,0.7662,0.2452,389280.2812 , 691.3248,42.6294,5.3111 , 1.9917,3.9056,222.2197 , 1.2693,16.7162,<LOD,0.0000,0.0000,4.9948 , 0.7478,0.4710,7497.6719 , 39.1907,28.1419,4.3182 , 0.9398,0.7220,202.0422 , 10.9302,4.8335,<LOD,6.3683,0.2368,7.6134 , 0.6061,2.5990,14.1139 , 2.0188,0.4661,145.4156 , 1.2240,18.2058,5,390.500000,39.001652,-122.669395,10.000000,528627.187500,4317012.000000,
626,Mining,122.96,32.62,30.05,30.07,30.22,"Tue Apr 14, 2026 - 13:28:01",User,1.5,ppm,,,,,,Mining,,<LOD,1.2041,0.8315,64509.6523 , 1103.6948,1.4798,1.4080 , 1.0409,0.5036,<LOD,2.7326,0.1262,369.7517 , 17.6440,22.1043,499333.0625 , 3269.1155,<LOD,1.2310,0.1762,2135.5791 , 51.8502,3.5221,<LOD,1.8811,1.6177,<LOD,35.1573,0.6493,<LOD,34.4816,6.2144,63.7610 , 4.0960,2.8734,10.9405 , 2.6371,0.4422,13612.8018 , 80.4663,38.9548,<LOD,0.0000,0.0000,6.0118 , 1.8370,0.3499,7946.4780 , 81.8141,5.7401,4003.5413 , 2205.4673,0.0492,<LOD,24.8519,0.5558,<LOD,0.9613,6.3425,7.3485 , 0.5322,4.0514,<LOD,5.8356,0.3054,1382.0520 , 133.1782,0.3813,10.2104 , 0.9774,0.4757,<LOD,1.1088,0.6321,51.7936 , 1.1570,3.3941,<LOD,0.0000,0.0000,17974.9961 , 107.9338,7.1212,<LOD,3.5663,5.0317,<LOD,0.7745,0.2684,380880.9688 , 656.1668,43.9124,7.8088 , 1.9515,4.2299,211.9700 , 1.2248,16.8357,<LOD,0.0000,0.0000,5.1150 , 0.7308,0.4840,7134.1060 , 37.8774,28.6380,2.8679 , 0.9128,0.7211,173.4820 , 10.6588,4.8299,<LOD,6.2389,0.2414,5.7934 , 0.5904,2.6045,7.1997 , 1.8666,0.4230,151.3001 , 1.2275,19.6229,5,397.000000,39.001625,-122.669472,10.000000,528620.250000,4317009.000000,
627,Mining,122.96,32.75,30.07,30.07,30.07,"Tue Apr 14, 2026 - 13:31:17",User,1.5,ppm,,,,,,Mining,,<LOD,1.2803,0.7572,85126.7422 , 1463.0221,1.9139,2.2729 , 1.1470,0.5473,<LOD,2.7891,0.1168,325.6925 , 17.8961,18.0470,459119.8750 , 4036.9600,<LOD,1.3240,0.1814,1139.1875 , 47.2253,2.2070,<LOD,1.9509,1.4014,<LOD,39.0240,0.6420,<LOD,37.3834,6.6415,122.7515 , 4.5600,3.5409,8.4833 , 2.5985,0.3838,15760.9463 , 90.2928,41.4899,<LOD,0.0000,0.0000,9.4896 , 1.8850,0.3374,14457.1855 , 108.6058,9.3570,6552.5376 , 2819.1570,0.0654,<LOD,25.3823,0.5282,<LOD,0.9753,5.5904,6.3094 , 0.5417,3.5949,<LOD,5.8308,0.2571,2591.7886 , 185.7833,0.6390,14.3060 , 1.0752,0.5130,<LOD,1.1615,0.5568,46.0924 , 1.1799,2.9331,<LOD,0.0000,0.0000,44366.2422 , 183.9531,16.2826,<LOD,3.6758,4.3238,<LOD,0.7876,0.2477,365781.8750 , 717.5179,39.8199,10.0649 , 1.9997,3.5546,532.1561 , 2.0993,37.5422,<LOD,0.0000,0.0000,4.7330 , 0.7714,0.4697,3588.1316 , 29.9683,14.0025,5.4723 , 1.1325,0.9917,278.6584 , 9.4892,3.5868,<LOD,5.8301,0.1873,5.9634 , 0.5999,2.3823,19.4171 , 2.1314,0.4944,123.6539 , 1.3253,19.6060,6,396.700012,39.001621,-122.669487,10.000000,528619.375000,4317008.500000,
628,Mining,120.36,30.11,30.08,30.10,28.57,"Tue Apr 14, 2026 - 13:33:35",User,1.5,ppm,,,,,,Mining,,<LOD,1.1864,0.7163,86829.9844 , 1482.3231,1.9480,8.8732 , 1.3967,0.9388,<LOD,3.0427,0.1531,323.9511 , 17.0940,18.3879,476142.8750 , 3964.3149,<LOD,1.3612,0.2091,738.8467 , 43.3007,1.7580,<LOD,1.8541,1.4008,<LOD,39.2930,0.6128,<LOD,33.0320,5.4613,142.5548 , 4.7712,4.0231,<LOD,5.6838,0.3777,12529.0010 , 79.9541,34.4843,<LOD,0.0000,0.0000,13.6002 , 1.9505,0.4431,13302.8770 , 106.0003,8.9022,5192.4014 , 2811.5820,0.0631,<LOD,23.3599,0.4657,<LOD,1.3155,5.8747,4.5726 , 0.5433,3.7008,<LOD,5.6930,0.2880,2328.1741 , 186.1582,0.6026,24.6716 , 1.2385,0.7466,<LOD,1.1080,0.5611,39.2168 , 1.2060,3.0258,<LOD,0.0000,0.0000,43763.2852 , 190.5979,16.5488,<LOD,3.5128,4.3945,<LOD,0.7861,0.2658,354951.9062 , 744.7819,39.4094,10.2151 , 1.9065,3.5856,1075.7311 , 3.2386,79.8036,<LOD,0.0000,0.0000,6.3081 , 0.8166,0.5906,2188.5569 , 26.2632,9.4462,11.6823 , 1.4178,1.7098,260.5424 , 8.6914,3.0398,<LOD,0.0000,0.2136,5.6678 , 0.5971,2.5649,11.4467 , 1.9483,0.4570,93.0286 , 1.4593,25.5272,5,396.600006,39.001617,-122.669487,10.000000,528618.937500,4317008.000000,
629,Mining,120.55,30.23,30.04,30.15,30.13,"Tue Apr 14, 2026 - 13:36:22",User,1.5,ppm,,,,,,Mining,,<LOD,1.2526,0.7374,59287.5898 , 1219.2415,1.3719,1.2960 , 1.0945,0.4991,<LOD,2.8311,0.1232,326.8394 , 17.5834,17.7384,513546.2500 , 3652.4441,<LOD,1.2416,0.1629,1753.5785 , 55.2811,2.9407,<LOD,1.9258,1.3933,<LOD,39.5667,0.6956,<LOD,39.1267,7.6246,108.0911 , 4.9179,3.4576,8.8792 , 2.5884,0.3899,18166.1484 , 92.7660,47.9687,<LOD,0.0000,0.0000,8.1915 , 1.8710,0.3352,12068.0166 , 106.7378,7.9675,8205.3574 , 2752.4834,0.0627,31.0020 , 17.4879,0.6002,<LOD,0.9785,5.7901,5.9835 , 0.5379,3.6251,<LOD,5.8034,0.2485,2437.6245 , 182.1736,0.6259,13.0101 , 1.0458,0.4949,<LOD,1.1255,0.5314,49.8520 , 1.1905,3.0932,<LOD,0.0000,0.0000,31696.4629 , 149.7980,11.6792,<LOD,3.5981,4.1986,<LOD,0.7790,0.2441,345147.2500 , 679.8716,36.5664,10.3670 , 1.9643,3.4903,489.9072 , 1.9268,34.2849,<LOD,0.0000,0.0000,7.1139 , 0.7712,0.5063,6233.2324 , 39.0623,23.4965,5.6518 , 1.1035,0.9599,232.5164 , 11.4581,4.4918,<LOD,6.0687,0.2081,6.4785 , 0.6042,2.4639,25.4749 , 2.2239,0.5509,127.8135 , 1.2955,19.2934,5,396.500000,39.001610,-122.669495,10.000000,528618.687500,4317007.000000,
630,Mining,120.47,30.04,30.26,30.12,28.56,"Tue Apr 14, 2026 - 13:52:31",User,1.5,ppm,,,,,,Mining,,<LOD,1.6703,0.5941,39331.0391 , 1252.3457,0.9161,34.9496 , 1.9737,1.0847,<LOD,3.4185,0.0891,478.1176 , 24.7311,15.6835,726487.1250 , 3902.7603,<LOD,1.6734,0.1474,29358.2363 , 241.4598,35.9757,<LOD,2.5704,1.1108,<LOD,48.3828,0.9194,<LOD,73.7854,20.3364,158.8003 , 8.3427,4.2399,6.7799 , 3.2897,0.3256,63378.7852 , 170.8073,144.5378,<LOD,0.0000,0.0000,3.2136 , 2.1056,0.2055,5838.3750 , 111.8477,3.9568,<LOD,4807.7952,0.0468,551.2906 , 30.5483,1.4638,<LOD,1.1771,4.1499,3.9028 , 0.6528,2.6816,28.5038 , 6.5637,0.2551,15283.8359 , 416.3296,3.1233,7.0118 , 1.1879,0.3139,<LOD,1.4893,0.4235,31.4793 , 1.1719,1.4361,<LOD,0.0000,0.0000,20300.7344 , 124.9215,7.1119,<LOD,4.9453,3.5280,<LOD,0.9583,0.1849,92902.8984 , 472.1968,7.4977,22.1187 , 2.7436,3.0942,311.4284 , 1.7478,15.2248,<LOD,0.0000,0.0000,4.0428 , 0.9023,0.2899,5081.7769 , 51.8848,17.0493,<LOD,2.5221,0.4938,214.6716 , 16.0404,3.5235,<LOD,7.5317,0.1622,16.1856 , 0.7937,2.1198,48.4869 , 3.1722,0.5765,116.1949 , 1.4036,11.1152,6,405.399994,39.001396,-122.668938,10.000000,528666.562500,4316983.500000,
631,Mining,122.63,32.48,30.07,30.08,30.00,"Tue Apr 14, 2026 - 13:54:53",User,1.5,ppm,,,,,,Mining,,<LOD,1.7234,0.6317,33718.8594 , 1115.5599,0.8049,46.3518 , 2.1862,1.3512,<LOD,3.5388,0.0949,475.5600 , 25.0198,15.8731,728686.0000 , 3843.3418,<LOD,1.7660,0.1632,27589.7305 , 253.0356,34.6555,<LOD,2.6227,1.1545,<LOD,45.0100,0.9196,<LOD,75.8246,22.2982,165.6589 , 9.1881,4.6052,12.6208 , 3.4877,0.3656,68792.7188 , 179.2527,161.0104,<LOD,0.0000,0.0000,3.5665 , 2.1793,0.2165,7164.4346 , 131.2783,4.8955,3657.0239 , 3266.4258,0.0564,566.2762 , 30.7482,1.5474,<LOD,1.1980,4.2441,5.4491 , 0.6704,2.8045,61.8198 , 6.9375,0.2907,14376.0684 , 379.7239,3.0328,8.0568 , 1.2284,0.3336,<LOD,1.5092,0.4331,32.5560 , 1.1951,1.4832,<LOD,0.0000,0.0000,28236.4004 , 137.3155,10.0951,<LOD,4.9967,3.5686,<LOD,0.9872,0.1943,80583.5625 , 420.3790,6.6727,18.0095 , 2.7610,3.0983,321.5974 , 1.7871,15.7396,<LOD,0.0000,0.0000,3.5561 , 0.9278,0.2936,5035.7837 , 54.7952,17.2027,<LOD,2.5769,0.5058,244.0384 , 17.4303,3.7267,<LOD,8.0284,0.1840,15.6756 , 0.7983,2.1209,56.7515 , 3.3333,0.6348,121.8721 , 1.4393,11.5685,4,404.500000,39.001411,-122.668976,10.000000,528663.500000,4316985.500000,
632,Mining,122.81,32.58,30.13,30.07,30.03,"Tue Apr 14, 2026 - 13:58:30",User,1.5,ppm,,,,,,Mining,,<LOD,1.5375,0.5735,94911.6797 , 1924.8771,2.0613,6.5995 , 1.3338,0.4757,<LOD,3.2446,0.0910,405.5852 , 22.5531,14.8322,579616.3750 , 4804.4229,<LOD,1.4543,0.1261,38832.0859 , 250.7014,47.3850,<LOD,2.3462,1.0517,<LOD,44.3603,0.8148,<LOD,66.8736,16.8040,139.2136 , 7.3604,3.7439,5.2153 , 3.0084,0.3056,49538.9805 , 165.6193,111.6820,<LOD,0.0000,0.0000,4.2630 , 2.1030,0.2303,4688.2280 , 93.3219,3.2827,9900.6270 , 3247.2869,0.0593,848.5693 , 34.0924,1.8142,<LOD,1.1199,4.1887,4.8159 , 0.6303,2.7699,<LOD,9.0673,0.2788,6396.8164 , 273.2992,1.3477,7.6312 , 1.1149,0.3137,<LOD,1.3561,0.3989,28.4765 , 1.0915,1.3980,<LOD,0.0000,0.0000,9685.9727 , 86.4495,3.5292,<LOD,4.5409,3.4018,<LOD,0.8813,0.1734,198321.2969 , 604.2433,17.1196,14.6933 , 2.4978,2.9053,305.5481 , 1.7032,15.7273,<LOD,0.0000,0.0000,3.9653 , 0.8207,0.2883,5954.7896 , 51.1205,19.5420,2.3305 , 1.0920,0.5159,183.4790 , 15.1122,3.6243,<LOD,7.6827,0.1916,19.0165 , 0.7718,2.2962,62.7541 , 3.2600,0.6844,110.9851 , 1.3302,11.2490,,,,,,,,
633,Mining,120.52,30.12,30.24,30.08,28.61,"Tue Apr 14, 2026 - 14:01:21",User,1.5,ppm,,,,,,Mining,,<LOD,1.5956,0.5856,81015.7266 , 1994.3802,1.7773,5.3026 , 1.3407,0.4370,<LOD,3.2621,0.0849,488.2834 , 23.4118,15.4739,575753.3125 , 5293.3120,<LOD,1.5147,0.1265,38632.4375 , 252.2982,45.5586,<LOD,2.4530,1.0977,<LOD,48.5580,0.8213,<LOD,67.9398,15.7870,121.1392 , 7.2302,3.4128,<LOD,7.6336,0.2970,47679.9492 , 168.1480,103.9451,<LOD,0.0000,0.0000,<LOD,3.8600,0.2045,4786.9863 , 94.8619,3.2383,15298.0693 , 3747.2529,0.0673,686.4064 , 32.8961,1.5294,<LOD,1.1579,4.1381,5.1231 , 0.6508,2.7305,<LOD,9.2879,0.2769,6767.8394 , 299.7686,1.3642,7.5098 , 1.1450,0.3059,<LOD,1.4346,0.4244,29.1123 , 1.1396,1.4082,<LOD,0.0000,0.0000,8520.4434 , 87.7263,3.0325,<LOD,4.6229,3.3124,<LOD,0.9140,0.1744,213201.0312 , 661.3800,18.0208,18.8016 , 2.5735,2.9382,308.0468 , 1.7602,15.4770,<LOD,0.0000,0.0000,3.8704 , 0.8510,0.2856,6283.6074 , 52.3245,19.8245,3.8956 , 1.1430,0.5268,191.4787 , 15.4738,3.6352,<LOD,8.0663,0.1954,17.5416 , 0.7819,2.1741,59.9805 , 3.3147,0.6532,114.0643 , 1.3805,11.1997,4,403.299988,39.001122,-122.669014,10.000000,528660.437500,4316953.000000,
634,Mining,120.39,30.23,30.06,30.05,30.05,"Tue Apr 14, 2026 - 14:03:54",User,1.5,ppm,,,,,,Mining,,<LOD,1.6264,0.5726,108453.3594 , 2460.4663,2.3367,<LOD,1.7272,0.2591,<LOD,3.4088,0.0895,472.1793 , 23.7889,14.9973,501311.0625 , 6236.3525,<LOD,1.5785,0.1329,41468.7969 , 240.8210,46.0828,<LOD,2.4431,1.0142,<LOD,44.4601,0.6458,<LOD,64.3808,12.8171,123.8094 , 6.5162,3.0891,17.8921 , 3.3744,0.3419,39807.7500 , 160.5486,81.3909,<LOD,0.0000,0.0000,3.7829 , 2.2196,0.2262,4451.4224 , 84.2146,2.8626,22403.4258 , 3889.3855,0.0750,945.7100 , 37.0338,1.7460,<LOD,1.1552,3.9786,5.7840 , 0.6527,2.6604,<LOD,8.9556,0.2654,3794.0076 , 228.2423,0.7350,8.5598 , 1.1688,0.3079,<LOD,1.4994,0.4378,29.6570 , 1.1479,1.3841,<LOD,0.0000,0.0000,2604.8777 , 53.8940,1.0505,<LOD,4.7187,3.2609,<LOD,0.9599,0.1865,267014.3750 , 702.4283,22.0138,19.3684 , 2.6267,2.8875,313.6312 , 1.8037,15.2899,<LOD,0.0000,0.0000,4.9502 , 0.8974,0.3123,6350.6406 , 48.7344,18.7572,3.6084 , 1.1488,0.5122,189.0567 , 14.1215,3.4004,<LOD,8.3546,0.2023,20.5367 , 0.8079,2.2566,60.6622 , 3.3495,0.6417,121.0966 , 1.4157,11.3226,3,405.600006,39.002121,-122.669136,10.000000,528649.187500,4317064.000000,
635,Mining,120.44,30.03,30.07,30.27,30.07,"Tue Apr 14, 2026 - 14:08:00",User,1.5,ppm,,,,,,Mining,,<LOD,1.5685,0.5915,121416.5859 , 2512.7690,2.6096,<LOD,1.6139,0.2498,<LOD,3.3492,0.0969,457.8983 , 22.8852,15.4286,475790.4375 , 6205.9727,<LOD,1.5318,0.1399,42232.0742 , 252.8524,48.3602,<LOD,2.3816,1.0768,<LOD,46.5348,0.7308,<LOD,69.9859,12.1180,130.2542 , 6.7043,3.2169,10.5769 , 3.0606,0.3131,35791.3945 , 157.7614,75.6382,<LOD,0.0000,0.0000,<LOD,3.2110,0.1992,4792.5645 , 88.6250,3.1467,23717.1621 , 3867.5979,0.0792,723.2953 , 33.0327,1.4855,<LOD,1.1063,4.1230,5.6650 , 0.6238,2.7367,<LOD,8.2225,0.2474,3834.1150 , 232.8669,0.7853,7.7944 , 1.1005,0.3051,<LOD,1.3917,0.4162,28.6861 , 1.0954,1.4139,<LOD,0.0000,0.0000,2915.2393 , 56.2345,1.1786,<LOD,4.5727,3.4317,<LOD,0.9289,0.1950,281000.2812 , 728.8988,24.3121,14.4836 , 2.5089,2.9113,296.6231 , 1.7297,15.2715,<LOD,0.0000,0.0000,3.4459 , 0.8459,0.3010,6462.3154 , 50.6550,19.6324,3.4835 , 1.0855,0.5157,171.4733 , 14.3900,3.4591,<LOD,7.6292,0.1878,18.8396 , 0.7631,2.2523,62.3761 , 3.2492,0.6728,112.9344 , 1.3387,11.2435,3,407.299988,39.014141,-122.691879,10.000000,526675.250000,4318391.000000,
636,Mining,120.24,30.04,30.02,30.14,28.84,"Tue Apr 14, 2026 - 14:11:24",User,1.5,ppm,,,,,,Mining,,<LOD,1.4833,0.5888,111378.8906 , 2214.5908,2.4092,<LOD,1.8972,0.3318,<LOD,3.0912,0.0943,395.1355 , 21.2052,14.6088,499472.3750 , 5443.4336,<LOD,1.4454,0.1421,41258.8711 , 253.8427,51.2280,<LOD,2.2467,1.0696,<LOD,46.2253,0.7957,<LOD,60.3243,14.3744,125.1608 , 6.7846,3.4893,7.8858 , 2.8691,0.3148,40233.7656 , 164.8755,92.1689,<LOD,0.0000,0.0000,<LOD,3.9272,0.2107,4651.6504 , 88.7310,3.3022,20814.6211 , 3698.2717,0.0763,630.1228 , 30.1667,1.4732,<LOD,1.0388,4.1472,4.6868 , 0.5904,2.8027,<LOD,8.0112,0.2522,3983.6243 , 235.3239,0.8814,7.1859 , 1.0380,0.3100,<LOD,1.3596,0.4443,28.3545 , 1.0415,1.4659,<LOD,0.0000,0.0000,4332.7935 , 64.8162,1.7460,<LOD,4.2495,3.2776,<LOD,0.8433,0.1820,265696.4375 , 715.8651,24.5924,17.2590 , 2.3570,2.8615,277.4830 , 1.6124,15.2127,<LOD,0.0000,0.0000,2.3091 , 0.7830,0.2869,6332.7676 , 50.9641,20.9748,2.4339 , 1.0157,0.5141,180.6220 , 14.6093,3.7708,<LOD,7.0124,0.1812,16.3622 , 0.7127,2.2347,44.6852 , 2.8337,0.5852,104.4832 , 1.2496,11.1826,,,,,,,,
637,Mining,120.56,30.27,30.14,30.05,28.88,"Tue Apr 14, 2026 - 14:14:08",User,1.5,ppm,,,,,,Mining,,<LOD,2.0240,0.6068,50510.9062 , 1610.8276,1.1470,72.6390 , 3.1790,1.9697,<LOD,4.5351,0.1126,620.2930 , 29.8122,15.8660,660552.8125 , 4870.7300,<LOD,2.2968,0.1989,27372.6367 , 257.8996,32.5502,<LOD,2.9867,1.0270,<LOD,49.8582,0.9141,<LOD,91.9948,27.5903,154.1420 , 9.5839,4.4301,25.8681 , 4.2005,0.3868,87971.3125 , 218.2773,192.5810,<LOD,0.0000,0.0000,8.9526 , 2.7141,0.2451,7452.0366 , 136.6555,4.8331,5017.0923 , 3777.7529,0.0555,620.7330 , 34.0868,1.6057,<LOD,1.3680,3.8065,6.4902 , 0.7649,2.4981,87.8536 , 8.7473,0.3188,9009.7275 , 333.5217,1.8383,45.6037 , 2.0630,0.6833,<LOD,1.7862,0.4237,32.8565 , 1.3378,1.3179,<LOD,0.0000,0.0000,28484.6094 , 147.7549,9.5610,<LOD,5.8257,3.3360,<LOD,1.1933,0.1994,115986.6406 , 521.1038,9.1956,19.7150 , 3.2344,2.9527,335.1331 , 2.0120,14.1652,<LOD,0.0000,0.0000,2.4966 , 1.1631,0.3090,5183.6836 , 60.1120,17.2504,2.7605 , 1.3243,0.4713,208.1877 , 18.1633,3.5736,<LOD,9.7582,0.1975,18.7108 , 0.9298,2.0475,65.2886 , 3.8689,0.6216,130.7803 , 1.6309,10.5349,,,,,,,,
638,Mining,120.45,30.21,30.07,30.07,30.10,"Tue Apr 14, 2026 - 14:16:51",User,1.5,ppm,,,,,,Mining,,<LOD,1.7274,0.5770,45908.9727 , 1451.5726,1.0436,39.8592 , 2.2028,1.2656,<LOD,3.4853,0.0898,462.6729 , 25.0634,14.6877,708615.1250 , 4334.4829,<LOD,1.7557,0.1571,30341.7852 , 231.7740,33.2877,<LOD,2.6149,1.0417,<LOD,51.4654,0.9178,<LOD,68.4260,15.2230,136.6498 , 7.7432,3.5705,17.3053 , 3.4599,0.3467,50168.3867 , 150.0508,103.1689,<LOD,0.0000,0.0000,8.5673 , 2.3191,0.2452,6371.9517 , 111.0972,3.8845,5243.6670 , 3354.5999,0.0511,472.0754 , 29.6249,1.1819,<LOD,1.1605,3.9629,4.7003 , 0.6455,2.5707,<LOD,9.4799,0.2670,11296.6562 , 370.3768,2.1124,22.6147 , 1.4518,0.4587,<LOD,1.4897,0.3820,29.5661 , 1.1354,1.3057,<LOD,0.0000,0.0000,16308.5674 , 114.0268,5.2015,<LOD,5.0439,3.3494,<LOD,0.9669,0.1812,118491.2891 , 523.8773,8.6931,14.4338 , 2.7567,2.8125,289.9987 , 1.6661,13.6042,<LOD,0.0000,0.0000,2.3603 , 0.9134,0.2755,5341.3135 , 50.1498,16.0364,<LOD,2.4777,0.4630,212.7023 , 15.4221,3.2364,<LOD,7.9606,0.1760,16.5086 , 0.7882,2.0430,67.2424 , 3.4737,0.6660,115.0538 , 1.3688,10.3707,,,,,,,,
639,Mining,120.03,30.00,30.11,30.11,29.81,"Tue Apr 14, 2026 - 14:19:50",User,1.5,ppm,,,,,,Mining,,<LOD,1.5998,0.6126,64838.1562 , 1629.5594,1.4461,11.3007 , 1.4468,0.5855,<LOD,3.1921,0.0873,430.9552 , 22.8828,15.1180,624585.2500 , 4463.7285,<LOD,1.5792,0.1477,38220.4766 , 260.1759,46.9281,<LOD,2.4407,1.1317,<LOD,52.2474,1.0610,<LOD,67.5584,17.0762,136.9456 , 7.8829,3.8972,10.0777 , 3.1578,0.3345,49743.0664 , 161.4842,112.7290,<LOD,0.0000,0.0000,<LOD,4.7123,0.2136,6408.8228 , 111.1859,4.3455,8322.0312 , 3353.0259,0.0569,684.1458 , 31.9872,1.5869,<LOD,1.1302,4.2343,4.4238 , 0.6378,2.8163,<LOD,9.3308,0.3022,8017.4082 , 317.2390,1.6876,7.1609 , 1.1168,0.3123,<LOD,1.4159,0.4290,30.3437 , 1.1284,1.4928,<LOD,0.0000,0.0000,8204.9102 , 84.2040,3.0579,<LOD,4.6073,3.4502,<LOD,0.8867,0.1760,183381.3906 , 613.1704,15.7755,17.2725 , 2.5359,2.9504,297.9705 , 1.6776,15.4321,<LOD,0.0000,0.0000,2.8765 , 0.8522,0.2929,6239.9014 , 55.1813,20.7150,3.5475 , 1.1134,0.5361,213.6401 , 16.5070,3.9507,<LOD,7.5841,0.1850,19.0130 , 0.7825,2.3407,54.2201 , 3.1490,0.6339,114.6753 , 1.3456,11.4905,,,,,,,,
640,Mining,120.60,30.29,30.06,30.13,28.63,"Tue Apr 14, 2026 - 14:22:42",User,1.5,ppm,,,,,,Mining,,<LOD,1.5558,0.5529,99313.5234 , 2327.1265,2.1545,<LOD,2.3002,0.3240,<LOD,3.3850,0.0962,420.0444 , 22.9228,14.5901,514854.9375 , 5989.9102,<LOD,1.4766,0.1261,39102.2031 , 239.4546,45.6102,<LOD,2.4112,1.0539,<LOD,48.7881,0.7954,<LOD,63.2216,13.5536,141.1139 , 6.6984,3.4084,8.4117 , 3.0806,0.3092,41300.9648 , 166.7645,89.4031,<LOD,0.0000,0.0000,3.7494 , 2.1057,0.2224,5847.3672 , 94.8260,3.8067,25144.5312 , 4059.9641,0.0814,1970.4375 , 47.7735,3.2352,<LOD,1.1224,4.1170,5.0030 , 0.6281,2.6838,<LOD,8.8358,0.2810,3823.6855 , 237.8147,0.7998,6.8350 , 1.0893,0.2903,<LOD,1.4262,0.4179,26.1876 , 1.0737,1.3020,<LOD,0.0000,0.0000,3348.9712 , 60.5759,1.3472,<LOD,4.5770,3.2472,<LOD,0.9073,0.1777,257670.5312 , 717.5330,22.1961,20.1509 , 2.5534,2.8878,290.5803 , 1.7124,14.8145,<LOD,0.0000,0.0000,2.7172 , 0.8110,0.2660,6321.6680 , 49.0640,19.6675,3.0502 , 1.0947,0.5046,183.7961 , 14.1629,3.5464,<LOD,7.7770,0.1899,17.7377 , 0.7582,2.1553,62.3225 , 3.2833,0.6699,109.4694 , 1.3327,10.8600,,,,,,,,
641,Mining,120.31,30.09,30.05,30.11,27.66,"Tue Apr 14, 2026 - 14:25:46",User,1.5,ppm,,,,,,Mining,,<LOD,1.6317,0.5420,94361.4844 , 2409.9331,2.0499,<LOD,1.8323,0.2857,<LOD,3.3586,0.0839,447.3295 , 24.4458,14.8243,521114.6562 , 6138.6128,<LOD,1.5939,0.1307,39900.5859 , 238.7126,43.1265,<LOD,2.5518,1.0514,<LOD,53.0717,0.8216,<LOD,64.4104,12.2127,126.5395 , 6.7612,3.1394,9.6336 , 3.2118,0.2972,38649.2422 , 154.2264,77.4452,<LOD,0.0000,0.0000,<LOD,4.6763,0.1981,6401.6533 , 99.2982,3.8557,17930.1484 , 3989.9285,0.0682,1619.5386 , 45.6960,2.5558,<LOD,1.1655,3.9423,5.1502 , 0.6488,2.5423,<LOD,8.9855,0.2595,2929.2031 , 217.1668,0.5759,11.4777 , 1.2218,0.3248,<LOD,1.4881,0.4052,28.0194 , 1.1241,1.2818,<LOD,0.0000,0.0000,4070.8279 , 67.4336,1.4807,<LOD,4.8780,3.2924,<LOD,0.9049,0.1567,265123.5938 , 727.2928,21.3594,15.6466 , 2.6982,2.8655,298.2888 , 1.7556,14.2808,<LOD,0.0000,0.0000,<LOD,2.0390,0.2508,6556.1812 , 49.9604,18.9129,2.2114 , 1.1166,0.4680,209.6260 , 14.7036,3.4940,<LOD,7.9259,0.1744,16.8625 , 0.7803,2.0219,58.6628 , 3.3432,0.6144,113.3997 , 1.3837,10.5094,,,,,,,,
642,Mining,120.58,30.26,30.04,30.11,29.57,"Tue Apr 14, 2026 - 14:54:03",User,1.5,ppm,,,,,,Mining,,<LOD,1.5064,0.6534,143551.4062 , 2618.1653,3.0785,<LOD,1.5453,0.2597,<LOD,3.0406,0.0913,452.7328 , 21.6817,16.5403,398932.7188 , 6534.2642,<LOD,1.3713,0.1283,38489.9336 , 238.7670,46.4607,<LOD,2.2367,1.1317,<LOD,44.2233,0.6844,<LOD,54.7102,10.8537,118.0276 , 5.6673,3.0004,7.5851 , 2.8778,0.3156,30274.6543 , 163.4957,68.1304,<LOD,0.0000,0.0000,4.0878 , 1.9912,0.2339,10485.8076 , 112.8849,6.6923,36876.6836 , 4110.9854,0.1030,516.5349 , 29.2934,1.2584,<LOD,1.0382,4.2796,5.5932 , 0.5878,2.8772,<LOD,7.9916,0.2974,942.7448 , 133.4662,0.2566,8.0498 , 1.0604,0.3253,<LOD,1.3484,0.4680,45.0749 , 1.2392,2.1658,<LOD,0.0000,0.0000,4711.5083 , 67.1802,1.8224,<LOD,4.2659,3.5293,<LOD,0.8625,0.1938,327687.4688 , 828.9949,31.4054,9.3891 , 2.3479,3.0297,294.0009 , 1.7761,16.5663,<LOD,0.0000,0.0000,3.7848 , 0.7924,0.3185,6171.5352 , 46.7851,19.7946,<LOD,2.4779,0.5374,186.2832 , 12.7065,3.5555,<LOD,7.3770,0.2002,22.2805 , 0.7947,2.7781,89.1542 , 3.5281,0.9032,112.9723 , 1.3261,12.2206,10,404.799988,39.002430,-122.667435,10.000000,528796.562500,4317099.000000,
643,Mining,120.32,30.29,30.06,30.13,29.84,"Tue Apr 14, 2026 - 14:57:27",User,1.5,ppm,,,,,,Mining,,<LOD,1.4572,0.5989,145421.3750 , 2699.5569,3.1157,<LOD,1.4902,0.2498,<LOD,3.1384,0.1027,471.5991 , 21.8358,16.6322,397636.5938 , 6616.6636,<LOD,1.3291,0.1268,41076.4844 , 251.4118,49.9379,<LOD,2.2175,1.0915,<LOD,45.6748,0.6968,<LOD,52.7182,10.5380,121.7388 , 5.7993,3.0814,<LOD,6.6723,0.2990,29946.3398 , 164.3668,67.5275,<LOD,0.0000,0.0000,<LOD,3.8712,0.2230,10475.8467 , 113.8287,6.7616,37521.9258 , 4223.8013,0.1032,554.5517 , 29.1176,1.3048,<LOD,1.0307,4.3175,6.2259 , 0.5863,2.9190,<LOD,7.6817,0.2886,824.7562 , 129.6766,0.2294,8.0183 , 1.0349,0.3257,<LOD,1.3294,0.4474,47.0817 , 1.2344,2.2614,<LOD,0.0000,0.0000,1541.0699 , 45.4783,0.7778,<LOD,4.3247,3.6255,<LOD,0.8515,0.1946,327218.5000 , 855.7209,31.5311,16.0874 , 2.3791,3.0962,297.0974 , 1.7720,16.7851,<LOD,0.0000,0.0000,4.4221 , 0.7818,0.3318,6431.0063 , 48.6488,20.6666,1.9594 , 1.0166,0.5459,169.2885 , 12.8969,3.5927,<LOD,7.4972,0.2184,19.8061 , 0.7597,2.6605,72.2263 , 3.2140,0.7884,115.9416 , 1.3166,12.4996,9,409.700012,39.002487,-122.667404,10.000000,528799.000000,4317105.000000,
644,Mining,122.82,32.64,30.02,30.11,30.05,"Tue Apr 14, 2026 - 15:00:49",User,1.5,ppm,,,,,,Mining,,<LOD,1.4526,0.6484,148565.5938 , 2404.2078,3.1801,<LOD,1.5027,0.2595,<LOD,3.1111,0.1021,419.9168 , 20.9165,16.3649,400208.5625 , 6061.1338,<LOD,1.3261,0.1280,41468.6055 , 255.7825,52.7575,<LOD,2.1283,1.0851,<LOD,38.9605,0.6370,<LOD,54.8638,11.7877,126.0926 , 6.0757,3.3008,<LOD,3.9271,0.2777,31797.7852 , 166.4709,74.8988,<LOD,0.0000,0.0000,<LOD,3.0398,0.2138,10749.9980 , 118.8291,7.2336,39636.2891 , 3835.7859,0.1066,564.1112 , 29.4512,1.3789,<LOD,1.1819,4.4801,5.4530 , 0.5815,2.9052,<LOD,7.6224,0.2710,787.9704 , 115.4473,0.2303,7.7669 , 1.0390,0.3327,<LOD,1.2548,0.4301,43.9175 , 1.2153,2.2163,<LOD,0.0000,0.0000,1161.5488 , 37.5736,0.6670,<LOD,4.1457,3.5723,<LOD,0.8662,0.2073,317595.0938 , 789.6501,31.7219,13.3572 , 2.2936,3.1030,290.1617 , 1.7359,16.9820,<LOD,0.0000,0.0000,4.4824 , 0.7822,0.3373,6187.3047 , 48.5245,20.7979,2.8680 , 1.0302,0.5688,176.8441 , 13.2820,3.6974,<LOD,7.2430,0.2066,14.9274 , 0.7192,2.4095,61.8094 , 3.0741,0.7331,109.5457 , 1.2919,12.4017,8,399.299988,39.002460,-122.667427,10.000000,528797.125000,4317102.000000,
645,Mining,124.43,34.30,30.06,30.01,30.06,"Tue Apr 14, 2026 - 15:03:39",User,1.5,ppm,,,,,,Mining,,<LOD,2.4316,0.6174,400539.4062 , 2137.8838,3.1388,<LOD,0.0966,0.0020,<LOD,0.0673,0.0000,952.4257 , 509.7430,16.1835,650.6348,,<LOD,0.0949,0.0007,78311.4844 , 1272.9858,49.5976,<LOD,3.6936,1.1273,<LOD,75.1116,0.6413,45.3715 , 3.5080,0.0924,204.0501 , 12.0785,3.0925,<LOD,1.3746,0.0366,<LOD,11.0094,0.1759,<LOD,0.0000,0.0000,<LOD,0.4450,0.0039,16359.3848 , 307.2633,6.6997,74601.9297 , 5652.7607,0.1012,414.0201 , 25.7715,0.7010,<LOD,0.0027,0.0000,<LOD,0.0025,-0.0000,16.1313 , 2.1058,0.0794,1741.2776 , 225.2892,0.2397,<LOD,0.0213,-0.0001,<LOD,2.1414,0.4262,<LOD,0.0062,-0.0001,<LOD,0.0000,0.0000,1687.8704 , 75.1842,0.6482,<LOD,7.1029,3.6407,<LOD,0.0565,0.0007,413919.7188 , 3560.7744,32.0050,21.6388 , 3.8825,3.0575,<LOD,0.0029,-0.0000,<LOD,0.0000,0.0000,<LOD,0.0503,0.0001,10239.3408 , 222.4008,19.9577,<LOD,0.0235,-0.0001,295.3151 , 25.5022,3.5409,<LOD,1.8440,0.0140,<LOD,0.0030,-0.0000,<LOD,0.7508,0.0209,<LOD,0.0050,-0.0000,10,399.600006,39.002457,-122.667427,10.000000,528797.312500,4317102.000000,
646,Mining,123.09,32.63,30.09,30.27,30.10,"Tue Apr 14, 2026 - 15:06:41",User,1.5,ppm,,,,,,Mining,,<LOD,1.5555,0.5925,138842.0781 , 2665.4780,2.9806,<LOD,1.5733,0.2469,<LOD,3.3179,0.0997,468.6215 , 23.0909,15.9156,398185.6250 , 6650.8193,<LOD,1.5480,0.1500,44428.3086 , 271.4008,53.2638,<LOD,2.3493,1.0603,<LOD,42.9280,0.6441,<LOD,68.6178,13.7568,131.4403 , 6.6937,3.3721,17.2227 , 3.1691,0.3539,39395.9414 , 191.3181,86.4535,<LOD,0.0000,0.0000,2.8042 , 2.0832,0.2300,11194.8906 , 126.5027,7.1389,33670.4609 , 4196.1284,0.0978,1172.3350 , 38.4038,2.1729,<LOD,1.4660,4.1593,6.4194 , 0.6402,2.9965,<LOD,8.9306,0.3288,846.4648 , 133.6628,0.2547,7.5223 , 1.0812,0.3086,<LOD,1.4234,0.4460,46.9310 , 1.2781,2.1026,<LOD,0.0000,0.0000,5773.4526 , 72.9469,2.1649,<LOD,4.5587,3.4472,<LOD,0.9046,0.1913,318535.0625 , 797.3459,30.2448,16.1001 , 2.5258,3.0125,304.8541 , 1.8227,15.9802,<LOD,0.0000,0.0000,3.0568 , 0.8523,0.3184,6523.5645 , 52.7936,20.7359,1.8525 , 1.0685,0.5184,177.3380 , 14.4607,3.6809,<LOD,9.3831,0.2241,46.9297 , 0.9965,3.9775,83.3774 , 3.5082,0.8239,117.3839 , 1.3650,11.7653,10,411.000000,39.002426,-122.667351,10.000000,528803.625000,4317098.500000,
647,Mining,122.88,32.63,30.10,30.08,30.07,"Tue Apr 14, 2026 - 15:10:30",User,1.5,ppm,,,,,,Mining,,<LOD,1.7242,0.5607,111967.8516 , 2554.4775,2.4150,<LOD,1.7442,0.2300,<LOD,3.7151,0.0958,537.4698 , 25.3774,14.9185,452271.6562 , 6715.8354,<LOD,1.6209,0.1259,40721.7422 , 246.0325,46.0384,<LOD,2.5754,0.9801,<LOD,41.4171,0.6073,<LOD,74.3660,17.3157,120.4299 , 6.4294,2.9727,47.2710 , 4.1291,0.4658,54070.2148 , 205.7269,111.7794,<LOD,0.0000,0.0000,<LOD,4.9838,0.2156,9926.8779 , 119.2185,6.0123,30781.2891 , 4222.3262,0.0897,1032.5831 , 38.5367,1.9296,<LOD,1.1813,3.6581,5.3765 , 0.6968,2.6768,<LOD,10.6819,0.3366,737.8205 , 120.5779,0.2075,8.2250 , 1.2127,0.2972,<LOD,1.5354,0.3983,47.3956 , 1.3917,1.9050,<LOD,0.0000,0.0000,6209.9971 , 72.4579,2.1787,<LOD,5.0192,3.2267,<LOD,1.0092,0.1811,284916.2812 , 703.5463,24.4871,17.3295 , 2.7566,2.7508,308.9234 , 1.8733,14.2949,<LOD,0.0000,0.0000,3.6089 , 0.9115,0.2832,5821.3687 , 47.9312,17.5339,3.9984 , 1.1986,0.4998,165.1253 , 13.7368,3.1536,<LOD,15.4645,0.2385,45.7762 , 1.0655,3.4981,112.5785 , 4.2322,0.9271,118.8310 , 1.4562,10.5416,9,411.100006,39.002422,-122.667358,10.000000,528802.812500,4317098.000000,
648,Mining,120.24,30.06,30.06,30.07,30.05,"Tue Apr 14, 2026 - 15:13:57",User,1.5,ppm,,,,,,Mining,,<LOD,1.4829,0.6004,142669.2500 , 2666.0337,3.0536,<LOD,1.5204,0.2401,<LOD,3.2808,0.1040,468.5727 , 22.0800,16.3570,405713.5312 , 6679.3682,<LOD,1.4864,0.1468,41197.4531 , 244.9648,49.0675,<LOD,2.2682,1.1089,<LOD,43.9109,0.6822,<LOD,56.0748,11.3326,118.8101 , 5.8038,3.0569,16.8567 , 3.0985,0.3574,32715.8262 , 169.3025,72.0946,<LOD,0.0000,0.0000,3.5299 , 2.0436,0.2376,9882.4902 , 109.8406,6.2795,38432.0156 , 4144.6826,0.1034,570.5314 , 29.9881,1.3167,<LOD,1.5244,4.3397,5.6318 , 0.6004,2.8037,<LOD,7.9709,0.2771,771.0776 , 129.0136,0.2385,7.5953 , 1.0572,0.3141,<LOD,1.3803,0.4686,44.5797 , 1.2516,2.1249,<LOD,0.0000,0.0000,1441.2793 , 42.1841,0.7118,<LOD,4.3394,3.4821,<LOD,0.8689,0.1853,318993.5625 , 805.8273,29.7970,13.5255 , 2.4017,3.0376,304.7560 , 1.8046,16.5972,<LOD,0.0000,0.0000,4.1194 , 0.8403,0.3404,6219.0107 , 47.3903,19.7033,4.4689 , 1.0928,0.5803,187.7704 , 12.9091,3.5612,<LOD,7.7558,0.2165,17.9678 , 0.7588,2.4497,79.7639 , 3.4066,0.8215,116.0307 , 1.3421,12.1476,7,405.799988,39.002468,-122.667404,10.000000,528798.875000,4317103.000000,
649,Mining,122.92,32.72,30.05,30.01,30.14,"Tue Apr 14, 2026 - 15:16:27",User,1.5,ppm,,,,,,Mining,,<LOD,1.5179,0.6010,136544.7031 , 2532.6401,2.9263,<LOD,1.5859,0.2628,<LOD,3.3497,0.1053,467.2152 , 22.4875,16.2154,420822.2188 , 6405.4692,<LOD,1.4993,0.1453,41735.0000 , 246.7163,49.5198,<LOD,2.2954,1.0800,<LOD,42.2684,0.6660,<LOD,57.3343,11.6189,121.9829 , 6.0303,3.0805,10.0147 , 2.9809,0.3218,33474.5000 , 163.9274,73.2375,<LOD,0.0000,0.0000,<LOD,3.8515,0.2224,10118.4092 , 113.8815,6.3964,34130.3906 , 3940.3384,0.0960,577.8067 , 30.3790,1.3255,<LOD,1.0867,4.2853,5.9586 , 0.6079,2.8026,<LOD,8.0464,0.2698,1038.9382 , 129.6138,0.2602,7.6580 , 1.0774,0.3170,<LOD,1.4285,0.4803,47.0929 , 1.2787,2.1847,<LOD,0.0000,0.0000,1492.0063 , 42.0096,0.7410,<LOD,4.4771,3.5817,<LOD,0.9114,0.2009,312085.5625 , 762.4089,28.8703,19.5241 , 2.4774,3.1092,311.4533 , 1.8036,16.7711,<LOD,0.0000,0.0000,4.6631 , 0.8571,0.3485,6560.7983 , 48.5993,20.4779,3.0760 , 1.0818,0.5555,200.4010 , 13.5711,3.6847,<LOD,9.2554,0.2243,17.3931 , 0.7660,2.4269,82.5962 , 3.4791,0.8346,120.6026 , 1.3666,12.3986,7,405.899994,39.002468,-122.667404,10.000000,528798.875000,4317103.000000,
650,Mining,122.91,32.67,30.10,30.04,30.10,"Tue Apr 14, 2026 - 15:19:51",User,1.5,ppm,,,,,,Mining,,<LOD,1.5046,0.6292,129316.6484 , 2449.3025,2.7862,<LOD,2.0148,0.3543,<LOD,3.3371,0.1114,458.6381 , 22.4052,17.1698,420815.7812 , 6302.9312,<LOD,1.4736,0.1498,35470.5273 , 221.0795,42.4642,<LOD,2.2970,1.1554,<LOD,42.1555,0.6325,<LOD,53.2323,10.2197,102.8255 , 5.4241,2.8409,11.0762 , 2.9655,0.3383,28567.7812 , 150.6282,64.1395,<LOD,0.0000,0.0000,9.3558 , 2.1861,0.2940,10198.2041 , 109.0833,6.4575,34876.3125 , 4032.0154,0.1014,401.7053 , 27.3330,1.0873,<LOD,1.2173,4.4619,6.1508 , 0.5917,2.8582,<LOD,7.7138,0.2782,701.9140 , 122.8239,0.2153,8.4725 , 1.0733,0.3366,<LOD,1.3998,0.4904,45.2972 , 1.2419,2.2045,<LOD,0.0000,0.0000,14489.7939 , 111.6539,5.0723,<LOD,4.4387,3.7342,<LOD,0.9166,0.2195,317348.5625 , 787.8257,30.1445,20.2065 , 2.4769,3.3250,283.7550 , 1.7029,16.1271,<LOD,0.0000,0.0000,3.2177 , 0.8189,0.3307,6541.4482 , 46.5453,20.8947,2.1708 , 1.0534,0.5589,148.1375 , 12.3823,3.5112,<LOD,7.4584,0.2073,9.2810 , 0.6819,2.0390,46.8705 , 2.9027,0.6183,115.8526 , 1.3205,12.4194,8,406.700012,39.002464,-122.667412,10.000000,528798.312500,4317102.500000,
651,Mining,120.45,30.18,30.05,30.09,28.06,"Tue Apr 14, 2026 - 15:22:19",User,1.5,ppm,,,,,,Mining,,<LOD,1.4909,0.6476,131744.0938 , 2553.4517,2.8363,2.2042 , 1.1398,0.3748,<LOD,3.2207,0.1029,480.3680 , 21.9087,17.2537,418648.7500 , 6441.6479,<LOD,1.4458,0.1429,35321.7266 , 226.7618,42.3358,<LOD,2.2311,1.1383,<LOD,43.9304,0.6361,<LOD,53.4283,10.2019,104.1499 , 5.5692,2.8546,7.2011 , 2.8812,0.3165,28594.6484 , 153.9161,64.2441,<LOD,0.0000,0.0000,10.7388 , 2.2297,0.3051,10145.4834 , 111.3875,6.4109,33485.8594 , 4145.8018,0.0992,421.1566 , 27.7637,1.1128,<LOD,1.5903,4.4930,4.9543 , 0.5749,2.7565,<LOD,7.5545,0.2571,715.8137 , 129.1968,0.2212,5.7783 , 1.0188,0.3001,<LOD,1.3712,0.4920,44.9590 , 1.2415,2.1809,<LOD,0.0000,0.0000,14786.1699 , 117.1176,5.1680,<LOD,4.3391,3.7520,<LOD,0.8873,0.2035,318321.5625 , 818.0184,30.2827,18.3453 , 2.4008,3.2584,284.4859 , 1.7250,16.1757,<LOD,0.0000,0.0000,3.9337 , 0.8172,0.3327,6542.0767 , 48.0951,21.0074,<LOD,2.4797,0.5492,136.7296 , 12.6457,3.4851,<LOD,7.4555,0.2056,9.6250 , 0.6863,2.0490,43.7769 , 2.8633,0.5962,115.3685 , 1.3285,12.4007,8,407.100006,39.002457,-122.667419,10.000000,528797.750000,4317102.000000,
652,Mining,122.68,32.55,30.01,30.03,30.09,"Tue Apr 14, 2026 - 15:28:42",User,1.5,ppm,,,,,,Mining,,<LOD,1.0666,0.8851,43039.1758 , 782.0363,1.0482,14.3070 , 1.2572,1.1198,<LOD,2.5027,0.1376,434.7071 , 15.6244,24.5291,527692.2500 , 2498.7793,<LOD,1.1283,0.1913,283.5663 , 24.5343,0.9242,<LOD,1.6689,1.7398,<LOD,31.0907,0.6494,<LOD,24.6148,3.8421,90.0566 , 3.8045,3.2532,<LOD,3.1600,0.3609,7164.5815 , 56.2093,23.3496,<LOD,0.0000,0.0000,5.6745 , 1.6706,0.3830,3410.1436 , 51.5876,2.9272,<LOD,2615.0532,0.0383,<LOD,20.8822,0.4687,<LOD,0.9077,6.7929,3.7512 , 0.5021,4.3606,<LOD,4.7006,0.2715,950.4326 , 109.2112,0.3169,12.0955 , 0.9701,0.6102,<LOD,0.9475,0.6217,18.8097 , 0.9375,2.2358,<LOD,0.0000,0.0000,5688.7432 , 58.8770,2.6448,56.3075 , 2.3049,7.2504,<LOD,0.6686,0.2526,400746.7188 , 597.9387,51.4728,<LOD,4.1308,4.2248,868.3221 , 2.4258,78.0361,<LOD,0.0000,0.0000,10.2018 , 0.7430,0.7069,9219.9062 , 39.0446,41.6499,12.0094 , 1.2504,1.7839,150.5255 , 10.6205,6.4218,<LOD,5.3218,0.2265,5.1483 , 0.5153,2.6121,<LOD,2.1856,0.3298,122.6011 , 1.3646,30.7556,7,409.899994,39.002453,-122.667343,10.000000,528804.250000,4317101.500000,
653,Mining,122.67,32.47,30.09,30.06,30.05,"Tue Apr 14, 2026 - 15:31:21",User,1.5,ppm,,,,,,Mining,,<LOD,1.0480,0.8794,37182.3086 , 768.4987,0.9340,9.6467 , 1.0556,0.8404,<LOD,2.4250,0.1389,427.4915 , 15.5655,24.9912,519281.8438 , 3244.1411,<LOD,1.0676,0.1832,480.1982 , 26.9711,1.2165,<LOD,1.6612,1.7789,<LOD,31.5140,0.6486,<LOD,22.4559,3.3767,84.3257 , 3.6757,3.1840,<LOD,2.9789,0.3415,6089.4990 , 52.4348,20.0527,<LOD,0.0000,0.0000,10.1221 , 1.6869,0.4707,2893.7461 , 48.3423,2.5278,<LOD,4456.5908,0.0434,<LOD,19.1280,0.4142,<LOD,0.8383,6.4475,1.3171 , 0.4550,3.9310,<LOD,4.6450,0.2934,929.2946 , 109.8188,0.3111,6.1253 , 0.8126,0.4557,<LOD,0.9454,0.6385,14.7876 , 0.7957,1.7577,<LOD,0.0000,0.0000,5771.4575 , 60.5763,2.6674,47.7517 , 2.2621,7.1283,<LOD,0.6220,0.2364,417622.8438 , 749.9343,54.2816,8.0138 , 1.6864,4.4416,570.7668 , 2.0267,52.4045,<LOD,0.0000,0.0000,7.2100 , 0.6623,0.5766,5867.3105 , 33.9649,27.2260,6.5297 , 1.0356,1.3060,91.5421 , 8.7516,4.3413,<LOD,0.0000,0.2089,2.5852 , 0.4539,2.1791,<LOD,2.1433,0.3440,87.4075 , 1.1217,22.1045,8,413.100006,39.002537,-122.667404,10.000000,528799.250000,4317110.500000,
654,Mining,123.06,32.66,30.29,30.04,30.07,"Tue Apr 14, 2026 - 15:34:50",User,1.5,ppm,,,,,,Mining,,<LOD,1.0424,0.8845,87739.6406 , 1050.9155,1.9526,2.0088 , 0.9525,0.6299,<LOD,2.5089,0.1591,402.6396 , 15.6013,25.4757,530309.8750 , 2780.0823,<LOD,1.1419,0.2253,356.8874 , 25.6368,1.1105,<LOD,1.6386,1.7463,<LOD,29.2652,0.5993,<LOD,21.5543,3.3321,107.3934 , 3.6870,3.5626,<LOD,2.9530,0.3602,5813.7695 , 49.5506,19.9115,<LOD,0.0000,0.0000,5.4512 , 1.5879,0.3960,4498.8589 , 55.6400,3.8868,4944.5718 , 1857.8618,0.0503,<LOD,19.7672,0.4740,<LOD,0.8753,7.5591,5.6812 , 0.4783,4.7239,<LOD,4.5670,0.3043,1234.1841 , 115.7318,0.3864,10.8068 , 0.8900,0.5889,<LOD,0.9602,0.6724,6.0965 , 0.7101,1.3041,<LOD,0.0000,0.0000,13590.1406 , 87.6965,6.2640,31.7493 , 2.2174,6.8182,<LOD,0.6603,0.2820,342181.5938 , 612.6016,43.8301,5.8172 , 1.6948,4.5511,626.8143 , 2.0070,59.6744,<LOD,0.0000,0.0000,6.3147 , 0.6771,0.6222,7807.0332 , 35.8326,36.9729,8.3531 , 1.0563,1.4597,145.4205 , 9.5611,5.8805,<LOD,5.0405,0.2323,3.8141 , 0.4502,2.3242,<LOD,1.9538,0.3010,155.0754 , 1.2957,31.9509,8,412.899994,39.002518,-122.667419,10.000000,528798.000000,4317108.500000,
655,Mining,5.15,5.15,,,,"Tue Apr 14, 2026 - 15:35:42",User,1.5,ppm,,,,,,Mining,,<LOD,29.3683,28.6324,,,,<LOD,7.2456,0.2122,<LOD,14.8642,0.0942,,,,953921.0625 , 1447.4741,<LOD,9.7073,0.1725,,,,<LOD,31.6704,28.0489,,,,<LOD,260.8980,10.3613,<LOD,259.5616,0.4643,<LOD,32.6765,0.3178,36887.4258 , 486.1782,64.4300,<LOD,0.0000,0.0000,<LOD,15.1954,0.2001,,,,,,,605.3199 , 129.4236,1.1539,<LOD,8.2205,4.2437,7.7534 , 2.7333,2.6781,<LOD,35.7296,0.2362,,,,18.2970 , 5.4036,0.3645,<LOD,39.2497,35.0596,51.6333 , 5.8484,2.1258,<LOD,0.0000,0.0000,,,,<LOD,52.7306,30.3092,<LOD,3.9890,0.1740,,,,<LOD,36.9294,24.9775,310.3877 , 6.9470,14.1585,<LOD,0.0000,0.0000,<LOD,5.8848,0.2901,7591.0586 , 781.6558,2.6392,<LOD,10.8805,0.5269,382.4213 , 298.8123,0.9912,<LOD,33.7570,0.1791,24.8658 , 3.6740,2.5740,70.2803 , 14.1337,0.6217,129.4734 , 5.8534,11.2152,9,412.700012,39.002510,-122.667419,10.000000,528797.562500,4317107.500000,
656,Mining,120.39,30.10,30.04,30.15,29.19,"Tue Apr 14, 2026 - 15:37:57",User,1.5,ppm,,,,,,Mining,,<LOD,1.5109,0.6049,140490.5625 , 2762.1880,3.0092,<LOD,1.6089,0.2654,<LOD,3.2951,0.1017,482.4619 , 22.3702,16.2970,397544.4375 , 6944.9497,<LOD,1.5057,0.1462,39351.5078 , 242.4803,45.5837,<LOD,2.2474,1.0445,<LOD,44.7170,0.6578,<LOD,56.3197,11.0647,123.7221 , 5.9315,3.0161,14.8511 , 3.0743,0.3411,32253.8809 , 168.7668,69.3771,<LOD,0.0000,0.0000,<LOD,3.7538,0.2150,11429.9346 , 119.5011,7.0016,38550.9727 , 4270.1001,0.1031,566.4686 , 30.1620,1.2858,<LOD,1.3219,4.2706,7.1943 , 0.6168,2.8926,<LOD,8.0951,0.2813,851.0371 , 132.2676,0.2355,9.6246 , 1.1061,0.3341,<LOD,1.4047,0.4707,48.9588 , 1.2959,2.2375,<LOD,0.0000,0.0000,756.5561 , 36.7443,0.4892,<LOD,4.4081,3.5012,<LOD,0.8866,0.1888,330298.4688 , 825.6100,30.3739,16.7720 , 2.4423,3.0578,289.1067 , 1.7583,15.4307,<LOD,0.0000,0.0000,3.7946 , 0.8472,0.3342,6509.5889 , 48.8721,19.9988,3.9316 , 1.0768,0.5498,192.7760 , 13.2950,3.5761,<LOD,7.7398,0.2092,21.8642 , 0.8026,2.6636,58.2741 , 3.1070,0.6632,123.2086 , 1.3693,12.2032,10,412.399994,39.002499,-122.667427,10.000000,528796.812500,4317106.500000,
657,Mining,122.91,32.47,30.26,30.07,30.11,"Tue Apr 14, 2026 - 15:40:33",User,1.5,ppm,,,,,,Mining,,<LOD,1.5598,0.6240,141696.3906 , 2586.5798,3.0343,<LOD,1.5765,0.2534,<LOD,3.2503,0.1007,468.6569 , 22.8082,16.3652,396520.1562 , 6648.4487,<LOD,1.4040,0.1294,38019.9961 , 233.4385,44.6602,<LOD,2.3171,1.0771,<LOD,41.9908,0.6612,<LOD,55.9169,11.0926,122.3908 , 5.8010,3.0288,15.4452 , 3.0677,0.3459,32231.4590 , 165.1582,70.4270,<LOD,0.0000,0.0000,<LOD,4.9038,0.2224,11151.3984 , 116.3056,6.9220,40190.6758 , 4034.1826,0.1059,544.9360 , 29.7616,1.2749,<LOD,1.0690,4.2447,5.4757 , 0.5993,2.7749,<LOD,7.8670,0.2635,961.3327 , 125.2450,0.2441,9.5921 , 1.1023,0.3381,<LOD,1.4120,0.4583,47.9192 , 1.2757,2.2173,<LOD,0.0000,0.0000,776.7150 , 34.8645,0.5020,<LOD,4.5061,3.5328,<LOD,0.8859,0.1938,330110.5938 , 788.9868,30.6917,15.1131 , 2.4925,3.0714,279.6583 , 1.7076,15.1818,<LOD,0.0000,0.0000,4.9328 , 0.8255,0.3378,6430.8022 , 47.6545,20.0964,3.1900 , 1.0558,0.5383,200.6928 , 13.0890,3.6408,<LOD,7.4307,0.1962,19.6970 , 0.7802,2.5647,53.6524 , 3.0199,0.6383,119.1591 , 1.3407,12.0399,10,412.200012,39.002491,-122.667435,10.000000,528796.125000,4317105.500000,
658,Mining,123.00,32.55,30.27,30.10,30.08,"Tue Apr 14, 2026 - 15:44:38",User,1.5,ppm,,,,,,Mining,,<LOD,1.0642,0.8670,46639.5859 , 803.3984,1.1217,13.3046 , 1.2482,1.1134,<LOD,2.4713,0.1371,354.0039 , 15.3768,22.6767,543475.4375 , 2463.6758,<LOD,1.1676,0.2099,275.2212 , 27.1444,1.0016,<LOD,1.6870,1.7584,<LOD,30.3341,0.6327,<LOD,26.7460,4.7216,128.4902 , 4.3836,4.0886,<LOD,2.9749,0.3275,8659.0098 , 61.1110,28.7148,<LOD,0.0000,0.0000,<LOD,2.9802,0.3254,4418.6738 , 60.3391,3.7730,<LOD,2588.6254,0.0380,<LOD,20.1260,0.4520,<LOD,0.9268,7.3755,5.6113 , 0.5082,4.6651,<LOD,4.8523,0.2901,1432.6754 , 129.6721,0.4676,13.2557 , 0.9860,0.6452,<LOD,0.9777,0.6552,<LOD,1.1673,1.0136,<LOD,0.0000,0.0000,12183.4648 , 83.3661,5.5394,133.8100 , 2.6068,9.8135,<LOD,0.6848,0.2758,371730.5625 , 590.7462,48.0844,7.4102 , 1.6926,4.2480,806.9649 , 2.3222,73.5414,<LOD,0.0000,0.0000,10.4571 , 0.7484,0.7201,9384.8672 , 42.5936,44.2276,12.2289 , 1.2073,1.7065,155.9137 , 11.5111,6.9477,<LOD,5.2908,0.2293,2.6819 , 0.4552,2.1267,<LOD,1.9180,0.2592,156.3547 , 1.4144,33.9771,10,412.000000,39.002480,-122.667450,10.000000,528795.250000,4317104.500000,
659,Mining,120.13,30.27,30.01,30.06,29.79,"Tue Apr 14, 2026 - 15:47:59",User,1.5,ppm,,,,,,Mining,,<LOD,1.0254,0.8900,40138.3438 , 745.3337,0.9854,2.9480 , 0.9550,0.6752,<LOD,2.3744,0.1499,341.9310 , 14.5577,22.7513,552409.5000 , 2264.4644,<LOD,0.9919,0.1782,140.6502 , 19.0085,0.6567,<LOD,1.6013,1.7487,<LOD,29.3381,0.5825,<LOD,19.6217,2.8730,87.3691 , 3.6314,3.3629,<LOD,2.7369,0.3244,4954.3311 , 44.5499,17.0632,<LOD,0.0000,0.0000,<LOD,2.1730,0.3118,1686.9049 , 37.4462,1.6892,<LOD,2422.1655,0.0339,<LOD,17.7238,0.3944,<LOD,0.8535,7.7150,6.0508 , 0.4659,4.8126,<LOD,4.1609,0.2646,738.1534 , 102.3997,0.2770,11.6245 , 0.8786,0.6032,<LOD,0.9127,0.6272,<LOD,1.0132,0.8388,<LOD,0.0000,0.0000,4641.1655 , 54.4895,2.2835,66.8170 , 2.2458,7.6212,<LOD,0.6251,0.2652,384625.6562 , 592.2526,50.5401,4.9641 , 1.5960,4.1566,549.6314 , 1.7680,52.7590,<LOD,0.0000,0.0000,8.9718 , 0.6488,0.6484,9251.9668 , 37.5657,43.7627,7.4305 , 0.9780,1.3208,150.1833 , 10.2004,6.7489,<LOD,4.7295,0.2147,2.7559 , 0.4166,2.1265,<LOD,1.6808,0.2329,172.6397 , 1.2714,32.9314,9,412.000000,39.002472,-122.667450,10.000000,528795.250000,4317103.500000,
660,Mining,122.79,32.69,30.01,30.01,30.08,"Tue Apr 14, 2026 - 15:51:23",User,1.5,ppm,,,,,,Mining,,<LOD,1.0829,0.8512,26383.8379 , 621.9938,0.6976,38.3748 , 1.6355,2.1009,<LOD,2.5362,0.1399,624.7729 , 16.8510,27.7051,576192.6250 , 2431.8037,<LOD,1.2620,0.2373,135.1831 , 21.9439,0.7352,<LOD,1.7188,1.7233,<LOD,29.1865,0.6461,<LOD,35.4794,8.7078,102.1644 , 4.3986,3.8163,<LOD,3.3013,0.3947,16096.0225 , 81.9222,54.0445,<LOD,0.0000,0.0000,2.7145 , 1.6576,0.3668,587.2608 , 31.3869,0.8698,<LOD,2988.0520,0.0382,<LOD,20.6210,0.5012,<LOD,0.9521,7.9153,6.7792 , 0.5080,4.7068,<LOD,5.1700,0.2742,789.9242 , 99.3588,0.2906,13.0315 , 0.9818,0.6190,<LOD,0.9892,0.6364,<LOD,1.5218,0.7609,<LOD,0.0000,0.0000,3352.3005 , 45.3747,1.7385,197.7481 , 2.8923,11.8866,<LOD,0.7003,0.2788,363216.5938 , 585.6422,47.0394,4.8750 , 1.7361,4.2525,430.0547 , 1.6681,38.7872,<LOD,0.0000,0.0000,8.4289 , 0.7364,0.6214,10778.9854 , 45.9290,51.2295,5.4471 , 0.9791,1.0727,145.8536 , 12.3916,7.6601,<LOD,5.6358,0.2541,1.8067 , 0.4446,1.9687,<LOD,1.8186,0.2262,213.0443 , 1.4189,33.3227,9,411.799988,39.002468,-122.667450,10.000000,528794.812500,4317103.000000,
661,Mining,120.20,30.10,30.05,30.01,30.04,"Tue Apr 14, 2026 - 15:53:39",User,1.5,ppm,,,,,,Mining,,<LOD,1.0696,0.8916,28129.7070 , 680.5568,0.7388,36.6366 , 1.6112,2.0494,<LOD,2.4027,0.1261,648.9593 , 16.4839,28.5466,555234.2500 , 2459.5242,<LOD,1.2811,0.2468,131.0847 , 22.0462,0.7297,<LOD,1.6862,1.7821,<LOD,30.4719,0.6319,<LOD,34.4314,8.1743,97.9243 , 4.4226,3.8102,<LOD,3.2920,0.3955,15155.5801 , 80.0141,51.3306,<LOD,0.0000,0.0000,3.4773 , 1.6427,0.3665,604.0557 , 31.7808,0.8840,6530.5869 , 1949.0874,0.0486,<LOD,19.7081,0.4552,<LOD,0.9463,7.8912,7.0323 , 0.5082,4.7530,<LOD,5.0820,0.2708,899.2365 , 108.6697,0.3171,12.7733 , 0.9768,0.6182,<LOD,0.9843,0.6770,1.6500 , 0.6313,0.8295,<LOD,0.0000,0.0000,3608.4192 , 49.2611,1.8516,203.1521 , 2.8329,12.2426,<LOD,0.6884,0.2759,377467.6875 , 614.0599,49.9198,8.6343 , 1.7030,4.4144,439.3477 , 1.6925,40.1484,<LOD,0.0000,0.0000,8.3164 , 0.7433,0.6356,10395.7061 , 45.7503,49.8597,5.7966 , 0.9880,1.1035,162.5670 , 12.4450,7.6293,<LOD,5.4470,0.2390,2.0529 , 0.4487,2.0080,<LOD,1.8107,0.2262,205.3854 , 1.4068,33.0461,8,411.799988,39.002464,-122.667450,10.000000,528794.812500,4317102.500000,
662,Mining,104.84,30.21,30.16,30.05,14.42,"Tue Apr 14, 2026 - 15:56:32",User,1.5,ppm,,,,,,Mining,,<LOD,1.4088,0.6347,145805.8906 , 3411.0073,3.1196,<LOD,1.5949,0.3323,<LOD,3.0398,0.1022,398.4666 , 20.8478,16.7138,433238.0312 , 7382.6016,<LOD,1.3815,0.1458,25917.9707 , 209.0118,33.4642,<LOD,2.1680,1.1902,<LOD,60.8672,0.6683,<LOD,56.2861,13.4183,124.2030 , 5.8140,3.4242,21.6491 , 3.1060,0.4124,34782.0391 , 207.8021,85.4753,<LOD,0.0000,0.0000,8.0463 , 2.0899,0.2946,9878.9307 , 114.0827,6.6788,25795.0898 , 5171.8950,0.0831,469.5825 , 27.5801,1.3006,<LOD,1.0256,4.5780,4.7200 , 0.5783,3.0230,<LOD,7.6321,0.2703,853.0300 , 177.9032,0.2349,7.9406 , 1.0362,0.3475,<LOD,1.2900,0.4780,46.1889 , 1.2322,2.3695,<LOD,0.0000,0.0000,4100.8921 , 90.2394,1.7027,<LOD,4.1726,3.8264,<LOD,0.8398,0.2031,311876.8438 , 1133.7505,30.9668,12.3897 , 2.2811,3.2043,225.2277 , 1.5794,13.7005,<LOD,0.0000,0.0000,4.2361 , 0.7936,0.3553,6012.6265 , 48.9377,21.0599,2.8750 , 1.0012,0.5581,199.9599 , 12.7938,3.8928,<LOD,7.3643,0.2241,19.8088 , 0.7600,2.8190,75.5470 , 3.2690,0.8650,117.8462 , 1.3204,12.6892,9,411.399994,39.002468,-122.667465,10.000000,528794.125000,4317103.000000,
663,Mining,123.07,32.66,30.18,30.09,30.14,"Tue Apr 14, 2026 - 15:58:58",User,1.5,ppm,,,,,,Mining,,<LOD,1.3746,0.6104,121992.1953 , 2106.2651,2.6300,<LOD,1.5525,0.3245,<LOD,2.9297,0.0966,370.6955 , 20.0239,15.7223,470845.2188 , 5255.5034,<LOD,1.4285,0.1589,30198.0137 , 202.8811,38.4219,<LOD,2.1297,1.1653,<LOD,40.4988,0.6894,<LOD,54.6526,12.7303,117.1879 , 5.7752,3.3077,14.8946 , 2.9267,0.3729,33352.2148 , 149.2173,80.1328,<LOD,0.0000,0.0000,3.3496 , 1.9217,0.2482,11097.6445 , 115.9287,7.3878,26363.7539 , 3481.3550,0.0843,473.3655 , 27.2207,1.2793,<LOD,1.0175,4.6037,4.3067 , 0.5708,3.0023,<LOD,7.5601,0.2801,817.4199 , 115.8180,0.2279,6.8139 , 0.9974,0.3278,<LOD,1.2112,0.4228,49.9663 , 1.2309,2.4900,<LOD,0.0000,0.0000,4768.5845 , 63.2365,1.9393,<LOD,4.0805,3.7217,<LOD,0.8273,0.2028,292382.8125 , 717.4111,28.3464,14.4850 , 2.2261,3.0897,238.9548 , 1.4558,14.2757,<LOD,0.0000,0.0000,2.5991 , 0.7851,0.3378,6470.6104 , 46.3809,22.2980,2.1785 , 0.9806,0.5467,199.2649 , 13.1234,4.0346,<LOD,7.1588,0.2155,21.6342 , 0.7658,2.9455,72.3368 , 3.1598,0.8286,119.5061 , 1.2507,12.7727,9,411.200012,39.002476,-122.667465,10.000000,528793.500000,4317104.000000,
664,Mining,124.11,33.75,30.25,30.07,30.04,"Tue Apr 14, 2026 - 16:01:25",User,1.5,ppm,,,,,,Mining,,<LOD,2.5515,0.5930,388981.0625 , 2160.2466,2.7629,<LOD,0.0705,0.0011,<LOD,0.2010,0.0004,1001.8502 , 42.7895,16.0240,2063.2935,,<LOD,0.0993,0.0007,64687.3320 , 1105.1642,37.0668,<LOD,3.9442,1.1248,<LOD,80.5609,0.6681,46.4112 , 3.5656,0.0872,233.6520 , 14.6256,3.3415,<LOD,1.2808,0.0292,<LOD,11.5692,0.1783,<LOD,0.0000,0.0000,<LOD,0.4435,0.0031,20858.5312 , 395.4672,7.6369,78698.3828 , 5789.2041,0.0984,507.9427 , 27.8075,0.7211,<LOD,0.0028,0.0000,<LOD,0.0025,-0.0000,6.3266 , 1.8482,0.0567,1796.5859 , 234.9862,0.2327,<LOD,0.0311,-0.0002,<LOD,2.3030,0.4321,<LOD,0.0114,0.0000,<LOD,0.0000,0.0000,8040.7573 , 174.1380,1.9572,<LOD,10.0409,3.7756,<LOD,0.0719,0.0010,419433.7188 , 3633.3748,29.7946,28.9569 , 4.1780,3.1084,<LOD,0.0029,-0.0000,<LOD,0.0000,0.0000,<LOD,0.0492,-0.0000,13220.1182 , 288.0754,23.6381,<LOD,0.0236,-0.0001,395.1420 , 32.3433,4.1981,<LOD,1.9886,0.0152,<LOD,0.0028,-0.0000,<LOD,0.7147,0.0173,<LOD,0.0093,0.0002,11,410.600006,39.002483,-122.667473,10.000000,528793.375000,4317105.000000,
665,Mining,0.32,0.32,,,,"Tue Apr 14, 2026 - 16:15:45",User,1.5,ppm,,,,,,Mining,,<LOD,750000.0469,1.5625,,,,<LOD,750000.0469,0.0000,<LOD,750000.0000,0.0000,,,,1000000.0000,,<LOD,750000.0469,0.0000,,,,<LOD,750000.0469,-0.0000,,,,<LOD,750000.0469,0.0000,<LOD,750000.0469,0.0000,<LOD,750000.0469,0.0000,<LOD,750000.0469,0.0000,<LOD,0.0000,0.0000,<LOD,750000.0000,0.0000,,,,,,,<LOD,750000.0469,-0.0000,<LOD,750000.0469,-0.0002,<LOD,750000.0000,-0.0002,<LOD,750000.0469,-0.0004,,,,<LOD,750000.0469,0.0000,<LOD,750000.0469,1.2499,<LOD,750000.0469,0.0000,<LOD,0.0000,0.0000,,,,<LOD,750000.0000,0.9374,<LOD,750000.0469,0.0000,,,,<LOD,750000.0469,0.3125,<LOD,750000.0469,0.0000,<LOD,0.0000,0.0000,<LOD,750000.0469,0.0000,<LOD,750000.0469,0.0000,<LOD,750000.0469,0.0000,<LOD,750000.0469,0.0000,<LOD,0.0000,0.0000,<LOD,750000.0469,0.0000,<LOD,750000.0469,0.0000,<LOD,750000.0469,0.0000,11,438.200012,39.000698,-122.662926,10.000000,529187.687500,4316908.000000,
666,Mining,30.16,28.96,,,,"Tue Apr 14, 2026 - 16:19:15",User,1.5,ppm,,,,,,Mining,,529.4781 , 449.7668,12.1889,,,,27.1355 , 10.8152,0.2323,<LOD,31.3522,0.0702,,,,105799.2578 , 16200.4443,<LOD,12.4223,0.0912,,,,<LOD,34.1555,4.8860,,,,<LOD,491.3868,237.9340,8765.0557 , 109.2265,22.8928,1702.7787 , 64.3205,1.5951,874799.7500 , 732.6816,1599.9587,<LOD,0.0000,0.0000,<LOD,23.0381,0.1469,,,,,,,2878.0991 , 124.6354,11.2133,4272.9165 , 25.9018,50.8524,<LOD,5.7765,0.8211,1087.8945 , 155.7037,0.8464,,,,<LOD,18.4590,0.4199,<LOD,44.5186,6.1169,<LOD,1.8712,0.0241,<LOD,0.0000,0.0000,,,,<LOD,60.6439,5.6945,<LOD,7.3664,0.1209,,,,137.6912 , 30.3305,6.7441,<LOD,2.5499,0.1472,<LOD,0.0000,0.0000,<LOD,17.6622,-0.9572,<LOD,440.0621,1.5207,<LOD,3.8970,-0.0315,<LOD,329.3926,1.5581,<LOD,0.0000,0.1857,<LOD,4.2525,0.2704,<LOD,25.4805,0.2029,<LOD,3.4719,0.4093,9,439.200012,39.000744,-122.662949,10.000000,529185.937500,4316913.000000,
669,Mining,30.20,29.90,,,,"Tue Apr 14, 2026 - 17:07:38",User,1.5,ppm,,,,,,Mining,,528.8613 , 449.2431,12.3596,,,,<LOD,19.3486,0.2631,49.2005 , 21.9935,0.0966,,,,118438.2656 , 15271.4346,<LOD,13.1693,0.1102,,,,<LOD,32.8798,4.9329,,,,<LOD,472.5914,233.9601,8736.0527 , 105.7541,22.5102,1659.1615 , 61.7960,1.5845,862074.1875 , 604.3173,1577.2476,<LOD,0.0000,0.0000,<LOD,22.4865,0.1505,,,,,,,2746.0986 , 120.6633,10.8966,4166.8706 , 24.8268,50.3436,<LOD,4.9507,0.7617,1217.0994 , 148.7308,0.8240,,,,173.7227 , 16.5788,0.7353,<LOD,34.6915,5.9959,<LOD,1.6163,-0.0124,<LOD,0.0000,0.0000,,,,<LOD,58.2390,5.6605,<LOD,7.7561,0.1319,,,,<LOD,63.5138,6.4820,<LOD,2.3192,0.1307,<LOD,0.0000,0.0000,<LOD,16.8019,-0.9628,210.3933 , 86.6171,1.6228,<LOD,2.5446,-0.0170,<LOD,217.7803,1.4974,<LOD,0.0000,0.1846,<LOD,4.2982,0.2858,<LOD,24.0926,0.1950,<LOD,3.4909,0.4320,,,,,,,,
670,Mining,120.21,30.03,30.05,30.06,30.07,"Wed Apr 15, 2026 - 09:34:33",User,1.5,ppm,,,,,,Mining,,<LOD,1.0552,0.9789,41728.3203 , 736.6413,1.0135,50.3148 , 1.6803,2.6879,<LOD,2.3834,0.1442,205.6271 , 14.5688,21.7112,569623.1875 , 2336.4031,<LOD,1.2333,0.2625,454.8284 , 28.6054,1.4263,<LOD,1.6468,1.9177,<LOD,30.1832,0.6732,<LOD,22.7752,3.7504,50.5111 , 3.2499,2.8190,<LOD,3.1178,0.4035,6459.0610 , 52.0881,22.6116,<LOD,0.0000,0.0000,5.3256 , 1.5721,0.4387,5941.2300 , 62.1250,5.1421,2841.9692 , 1680.6383,0.0417,<LOD,18.4814,0.4184,<LOD,0.8435,7.5875,5.5221 , 0.4662,4.7931,<LOD,4.4842,0.2883,357.8483 , 80.1367,0.1770,8.3890 , 0.8346,0.5183,<LOD,0.9650,0.7315,52.6874 , 1.0364,4.2270,<LOD,0.0000,0.0000,2841.6650 , 43.0564,1.5353,275.7073 , 3.0095,15.9075,<LOD,0.6351,0.2701,361437.1250 , 583.0969,47.7307,10.7103 , 1.6759,4.7959,18.5363 , 0.3828,2.5847,<LOD,0.0000,0.0000,4.4411 , 0.6686,0.5549,7336.8481 , 32.4562,35.0276,1.9832 , 0.6999,0.6344,137.9129 , 9.0241,5.5294,<LOD,0.0000,0.2325,5.1996 , 0.5271,3.1283,<LOD,2.1317,0.3665,145.0523 , 1.0066,20.4734,8,392.399994,39.003422,-122.668221,10.000000,528727.937500,4317208.500000,
671,Mining,120.61,30.22,30.08,30.09,30.22,"Wed Apr 15, 2026 - 09:36:58",User,1.5,ppm,,,,,,Mining,,<LOD,1.0418,0.9656,42192.8516 , 745.4896,1.0236,33.8018 , 1.4274,1.9472,<LOD,2.3565,0.1462,229.8787 , 14.5218,22.1319,565147.6250 , 2371.4993,<LOD,1.1331,0.2296,459.6494 , 28.4942,1.3788,<LOD,1.6366,1.9206,<LOD,30.9699,0.6964,<LOD,18.9632,2.6375,41.1386 , 3.1919,2.6078,<LOD,2.9929,0.3839,4492.8838 , 43.1955,15.6643,<LOD,0.0000,0.0000,5.7287 , 1.5480,0.4395,5723.0430 , 61.5759,4.8765,4030.4929 , 1726.4734,0.0440,<LOD,17.9048,0.3964,<LOD,0.8201,7.6112,5.4884 , 0.4488,4.7266,<LOD,4.4051,0.3030,428.4120 , 80.2465,0.1772,7.6749 , 0.8039,0.4978,<LOD,0.9541,0.7236,52.2727 , 1.0072,4.1530,<LOD,0.0000,0.0000,2925.8083 , 43.7579,1.5564,284.8248 , 3.0122,16.2022,<LOD,0.6294,0.2750,366437.9375 , 588.2686,47.7717,14.7909 , 1.6754,4.8943,13.8268 , 0.3404,2.1189,<LOD,0.0000,0.0000,4.9966 , 0.6408,0.5542,7198.3481 , 32.2222,33.6532,<LOD,1.6029,0.5946,120.6771 , 8.9012,5.2029,<LOD,0.0000,0.2280,5.3712 , 0.5157,3.1121,<LOD,2.0417,0.3474,142.4512 , 0.9764,19.9856,7,391.700012,39.003464,-122.668243,10.000000,528725.750000,4317213.500000,
672,Mining,120.36,30.21,30.16,30.11,29.88,"Wed Apr 15, 2026 - 09:40:24",User,1.5,ppm,,,,,,Mining,,<LOD,1.4247,0.6393,149348.2344 , 2585.2156,3.1953,<LOD,1.6017,0.3036,<LOD,3.1835,0.1069,474.1341 , 21.2170,17.5650,391504.2500 , 6469.1875,<LOD,1.4634,0.1557,37204.4648 , 229.3508,45.1277,<LOD,2.1971,1.2062,<LOD,45.3108,0.7102,<LOD,48.9971,8.7631,123.0489 , 5.6393,3.1516,12.4957 , 2.9530,0.3525,24065.0039 , 140.0784,54.4950,<LOD,0.0000,0.0000,2.8787 , 1.9756,0.2417,7923.0796 , 96.3352,5.1383,34338.2578 , 3915.9983,0.0966,375.7251 , 26.5930,1.0376,1.1730 , 0.7110,4.7273,6.5085 , 0.5994,3.0986,<LOD,7.5336,0.2990,943.9729 , 130.2426,0.2426,9.9475 , 1.0797,0.3599,<LOD,1.3449,0.5137,46.3956 , 1.2476,2.3404,<LOD,0.0000,0.0000,839.6727 , 37.2954,0.5289,<LOD,4.1971,3.8066,<LOD,0.8848,0.2158,344977.2500 , 854.3122,33.3041,16.5745 , 2.3173,3.2876,278.4675 , 1.6938,16.3001,<LOD,0.0000,0.0000,2.5870 , 0.8059,0.3350,7058.1304 , 49.5102,22.7739,4.2223 , 1.0567,0.5973,197.1455 , 12.9910,3.9920,<LOD,7.5764,0.2248,24.1306 , 0.7998,3.0112,95.6796 , 3.5691,0.9804,126.5711 , 1.3523,13.4765,6,376.700012,39.003342,-122.668266,10.000000,528724.187500,4317199.500000,
673,Mining,122.78,32.52,30.06,30.09,30.11,"Wed Apr 15, 2026 - 09:42:43",User,1.5,ppm,,,,,,Mining,,<LOD,1.4232,0.6892,150939.1875 , 2366.6519,3.2302,<LOD,1.4888,0.2977,<LOD,3.0057,0.1086,422.2174 , 20.5812,17.6203,397834.6875 , 5896.9355,<LOD,1.3732,0.1563,37282.7227 , 232.6291,47.5848,<LOD,2.1466,1.2380,<LOD,42.1529,0.7147,<LOD,51.4276,9.4412,123.0431 , 5.7080,3.2678,13.4469 , 2.8372,0.3709,24469.2734 , 137.4275,58.5010,<LOD,0.0000,0.0000,<LOD,2.9629,0.2339,7764.1387 , 97.3210,5.3031,35442.5938 , 3685.5671,0.0992,411.5242 , 26.0905,1.1432,<LOD,1.0071,4.7964,5.8625 , 0.5699,3.1947,<LOD,7.1757,0.3041,772.5889 , 119.2843,0.2326,8.4337 , 1.0071,0.3563,<LOD,1.2788,0.4976,44.7826 , 1.1832,2.3966,<LOD,0.0000,0.0000,885.7177 , 35.5282,0.5602,<LOD,4.0880,3.8638,<LOD,0.8373,0.2196,336017.3750 , 824.4296,33.9259,8.6192 , 2.2400,3.2682,264.8582 , 1.5844,16.3526,<LOD,0.0000,0.0000,4.5492 , 0.7881,0.3821,6861.0103 , 49.2349,23.3528,4.8650 , 1.0067,0.6215,179.0971 , 13.0136,4.0346,<LOD,8.1991,0.2458,23.6713 , 0.7608,3.1073,92.5492 , 3.3818,1.0026,123.2042 , 1.2814,13.7972,7,391.000000,39.003403,-122.668282,10.000000,528723.000000,4317206.500000,
674,Mining,123.03,32.57,30.29,30.03,30.14,"Wed Apr 15, 2026 - 09:51:52",User,1.5,ppm,,,,,,Mining,,<LOD,1.4677,0.6629,140493.8281 , 2331.4268,3.0122,<LOD,1.5788,0.2880,<LOD,3.2840,0.1132,480.2355 , 21.8161,18.1959,414424.0938 , 5930.3022,<LOD,1.3704,0.1354,36638.0195 , 222.2857,44.5817,<LOD,2.2230,1.1959,<LOD,41.8701,0.6788,<LOD,49.0013,8.6603,129.8241 , 5.6672,3.1410,16.2270 , 3.0605,0.3760,23497.8320 , 130.6309,53.6682,<LOD,0.0000,0.0000,<LOD,4.3046,0.2329,7417.2104 , 94.1797,4.8422,29462.7422 , 3563.0247,0.0883,353.7958 , 26.5455,1.0202,<LOD,1.5842,4.7234,6.2022 , 0.6063,3.1550,<LOD,7.3708,0.2788,879.3211 , 120.4041,0.2308,9.3511 , 1.0774,0.3556,<LOD,1.3574,0.5097,44.1931 , 1.2317,2.2705,<LOD,0.0000,0.0000,1919.5399 , 45.1240,0.8936,<LOD,4.2916,3.8535,<LOD,0.8945,0.2169,336636.4375 , 783.0471,32.4331,12.5208 , 2.3712,3.3465,293.1162 , 1.7091,17.3264,<LOD,0.0000,0.0000,3.7980 , 0.7918,0.3381,6798.1074 , 47.3821,22.0554,3.7609 , 1.0629,0.6034,187.5134 , 12.8841,3.8511,<LOD,7.7198,0.2313,26.7920 , 0.8239,3.1944,145.0661 , 4.2076,1.3513,120.4792 , 1.3324,13.3717,7,405.500000,39.003368,-122.668137,10.000000,528735.000000,4317203.000000,
675,Mining,120.27,30.04,30.08,30.07,30.08,"Wed Apr 15, 2026 - 09:54:14",User,1.5,ppm,,,,,,Mining,,<LOD,1.4763,0.7014,146338.5469 , 2424.4407,3.1389,<LOD,1.4811,0.2720,<LOD,2.9275,0.0992,462.6934 , 21.2430,17.9484,403568.4062 , 5926.7383,<LOD,1.3538,0.1463,35927.0781 , 217.8258,44.1639,<LOD,2.2075,1.2373,<LOD,45.0181,0.7191,<LOD,45.4851,8.1132,119.6111 , 5.3730,3.0632,10.2507 , 2.8076,0.3492,21749.4043 , 125.1451,50.3305,<LOD,0.0000,0.0000,<LOD,3.0181,0.2344,7486.7280 , 91.5405,4.9303,26324.0625 , 3632.7021,0.0852,325.1874 , 25.0197,0.9832,<LOD,1.0190,4.7388,5.6567 , 0.5758,3.1472,<LOD,6.9791,0.2821,932.3558 , 131.8934,0.2514,9.3820 , 1.0320,0.3614,<LOD,1.2860,0.4732,43.8685 , 1.1815,2.3055,<LOD,0.0000,0.0000,2067.9011 , 49.1673,0.9658,<LOD,4.2170,3.9091,<LOD,0.8233,0.2044,347044.7812 , 833.0555,34.1168,14.8406 , 2.3233,3.3541,296.8904 , 1.6865,17.9297,<LOD,0.0000,0.0000,4.0170 , 0.7778,0.3596,6818.8101 , 46.7276,22.3959,3.8359 , 1.0200,0.6157,179.5456 , 12.3697,3.8687,<LOD,10.2821,0.2571,25.2508 , 0.7793,3.1588,117.8220 , 3.7336,1.1751,123.0135 , 1.3006,13.8918,7,394.299988,39.003433,-122.668205,10.000000,528729.062500,4317210.000000,
676,Mining,120.09,30.11,30.14,30.00,29.84,"Wed Apr 15, 2026 - 09:57:49",User,1.5,ppm,,,,,,Mining,,<LOD,1.1478,0.7192,137325.9688 , 1597.3906,2.9456,<LOD,1.4108,0.4053,<LOD,2.6016,0.1199,278.4178 , 16.5480,18.1638,481646.2812 , 3749.9810,<LOD,1.2042,0.1766,2149.4998 , 52.8916,3.5966,<LOD,1.7944,1.4038,<LOD,35.5181,0.6682,<LOD,39.0829,8.8516,112.9174 , 4.6162,3.6101,7.3070 , 2.4445,0.3985,18760.4668 , 95.5322,54.7585,<LOD,0.0000,0.0000,25.1597 , 2.2097,0.5566,5958.8037 , 75.1020,4.5108,9932.0518 , 2255.4324,0.0532,101.1221 , 18.3232,0.7651,<LOD,0.8987,6.0548,7.6732 , 0.5025,3.9434,<LOD,5.8590,0.2937,656.9990 , 102.0057,0.2202,9.5606 , 0.9272,0.4475,<LOD,1.0485,0.5374,53.0232 , 1.1016,3.3015,<LOD,0.0000,0.0000,1297.9916 , 35.7835,0.7577,<LOD,3.4012,4.3793,<LOD,0.7038,0.2257,333794.4375 , 688.2834,36.7437,9.3663 , 1.8600,3.6540,16.6965 , 0.3971,1.9198,<LOD,0.0000,0.0000,5.5116 , 0.7123,0.4782,7432.3784 , 40.4227,30.2841,<LOD,1.0968,0.4701,206.7712 , 11.3208,5.2313,<LOD,6.2623,0.2548,6.0099 , 0.5695,2.5342,68.5375 , 2.8013,1.0039,137.0262 , 1.0661,15.2955,6,394.600006,39.003433,-122.668205,10.000000,528729.625000,4317210.000000,
677,Mining,120.39,30.11,30.04,30.22,30.02,"Wed Apr 15, 2026 - 10:00:10",User,1.5,ppm,,,,,,Mining,,<LOD,1.1958,0.7522,139009.7500 , 1651.9397,2.9805,<LOD,1.3603,0.3716,<LOD,2.6365,0.1199,300.1722 , 16.8916,18.1899,469300.5000 , 3900.2461,<LOD,1.1855,0.1671,2473.9011 , 57.6544,4.0039,<LOD,1.8286,1.3995,<LOD,35.4666,0.6611,<LOD,57.5621,10.0570,121.3672 , 4.8494,3.6814,6.1414 , 2.4082,0.3787,21500.6992 , 103.2570,61.5978,<LOD,0.0000,0.0000,28.5873 , 2.2687,0.5762,6151.8599 , 78.5945,4.5847,12714.3086 , 2378.7212,0.0580,171.8777 , 19.6564,0.8906,<LOD,0.9010,5.9169,6.9612 , 0.4985,3.7636,<LOD,6.0026,0.2897,617.1232 , 99.5164,0.2077,7.3173 , 0.8877,0.3992,<LOD,1.0820,0.5505,52.2867 , 1.0993,3.1765,<LOD,0.0000,0.0000,1231.2139 , 35.1542,0.7257,<LOD,3.4758,4.4048,<LOD,0.7332,0.2428,338167.0625 , 697.5007,36.8305,8.7693 , 1.8878,3.6034,19.3127 , 0.4164,2.0537,<LOD,0.0000,0.0000,5.4252 , 0.7014,0.4516,7692.0659 , 42.7682,30.9604,<LOD,1.4068,0.4938,180.8645 , 11.7216,5.1592,<LOD,6.2727,0.2499,6.9382 , 0.5738,2.5104,85.8511 , 3.0135,1.1368,139.6415 , 1.0771,15.0577,6,394.799988,39.003433,-122.668198,10.000000,528730.250000,4317210.000000,
678,Mining,120.50,30.10,30.04,30.21,30.15,"Wed Apr 15, 2026 - 10:04:17",User,1.5,ppm,,,,,,Mining,,<LOD,1.0336,0.8754,96697.2656 , 1086.6168,2.1258,17.0162 , 1.0659,1.1689,<LOD,3.5766,0.3019,265.3027 , 14.7112,21.3779,532747.3750 , 2724.9443,<LOD,1.3606,0.3022,827.5865 , 32.8860,1.9019,<LOD,1.6318,1.7567,<LOD,30.3024,0.6484,<LOD,21.7004,3.3164,92.4304 , 3.6422,3.4034,<LOD,0.0000,0.0000,6049.7930 , 50.1686,20.2330,<LOD,11.6604,0.6619,328.2934 , 9.8062,5.3716,5629.5522 , 61.9625,4.6734,3498.8174 , 1706.4735,0.0427,<LOD,19.0128,0.4311,<LOD,0.8463,7.2352,6.3573 , 0.4648,4.5047,<LOD,4.5119,0.2859,472.9832 , 83.9745,0.1914,<LOD,0.0000,0.0000,<LOD,0.9641,0.6832,53.1133 , 1.1049,3.9619,52.9601 , 10.7436,0.8207,2441.9238 , 40.7010,1.3204,200.8295 , 2.7787,12.3457,<LOD,0.7887,0.3740,342830.2500 , 599.5638,42.4439,8.7383 , 1.6583,4.3768,16.6909 , 0.4210,2.8075,105.1681 , 5.4826,0.7438,6.0621 , 0.7001,0.5677,7344.6299 , 33.8401,33.5047,<LOD,1.8536,1.3074,164.5654 , 9.3831,5.4925,<LOD,0.0000,0.2227,4.8981 , 0.5214,2.9233,<LOD,0.0000,0.0000,137.4660 , 0.9787,18.5131,7,394.799988,39.003433,-122.668205,10.000000,528729.500000,4317210.000000,
679,Mining,120.53,30.27,30.08,30.06,30.12,"Wed Apr 15, 2026 - 10:06:46",User,1.5,ppm,,,,,,Mining,,<LOD,1.0375,0.8808,98399.4453 , 1119.3623,2.1610,15.7051 , 1.0272,1.1254,<LOD,3.6918,0.3357,257.6537 , 14.7275,21.3357,532814.9375 , 2748.2778,<LOD,1.3414,0.3045,816.6890 , 32.8177,1.9128,<LOD,1.6527,1.8070,<LOD,31.0453,0.6492,<LOD,21.2024,3.2856,95.7180 , 3.6210,3.4044,<LOD,0.0000,0.0000,5817.7583 , 48.6550,19.5981,<LOD,11.5866,0.6796,334.8112 , 9.7509,5.5252,5449.3569 , 61.0968,4.5646,3468.5847 , 1747.3575,0.0428,<LOD,18.3314,0.4146,<LOD,0.8337,7.2447,6.3089 , 0.4611,4.5847,<LOD,4.5828,0.3107,525.8571 , 87.9939,0.2023,<LOD,0.0000,0.0000,<LOD,0.9711,0.6925,51.7243 , 1.0946,3.9742,54.9275 , 10.6644,0.8389,2516.0056 , 42.2674,1.3598,198.8376 , 2.7839,12.3583,<LOD,0.8056,0.4018,341480.3438 , 615.5452,42.4545,9.1017 , 1.6645,4.4054,17.3764 , 0.4202,2.9035,110.6288 , 5.4917,0.7761,6.0493 , 0.6889,0.5687,7242.5063 , 33.5478,33.1479,<LOD,1.8818,1.4283,164.3489 , 9.2931,5.4367,<LOD,0.0000,0.2344,6.0256 , 0.5210,3.0359,<LOD,0.0000,0.0000,139.2863 , 0.9724,18.8786,7,394.399994,39.003441,-122.668205,10.000000,528729.625000,4317211.000000,
680,Mining,120.59,30.23,30.04,30.04,30.28,"Wed Apr 15, 2026 - 10:13:30",User,1.5,ppm,,,,,,Mining,,<LOD,0.9280,0.9187,8423.3311 , 374.4937,0.3213,<LOD,1.1951,0.4881,<LOD,2.0679,0.1387,<LOD,29.6445,17.3168,645993.6250 , 1820.9753,<LOD,0.8858,0.1740,<LOD,15.7540,0.2286,<LOD,1.4914,1.9277,<LOD,25.9703,0.6149,<LOD,15.1835,2.0586,25.8755 , 2.9734,2.3613,<LOD,2.5316,0.3378,3207.3472 , 34.6150,12.2741,<LOD,0.0000,0.0000,2.9628 , 1.3558,0.3701,434.6227 , 23.2436,0.7526,3544.3809 , 1504.0940,0.0407,<LOD,15.2012,0.3463,<LOD,0.8234,9.6608,10.8377 , 0.4452,5.9243,<LOD,3.8190,0.2826,224.8722 , 66.8181,0.1463,13.8562 , 0.8281,0.6575,<LOD,0.8581,0.7028,1.3411 , 0.3825,0.5384,<LOD,0.0000,0.0000,2077.1792 , 35.4338,1.2633,<LOD,2.7254,5.5759,<LOD,0.5498,0.2524,321144.9062 , 519.8174,43.6713,3.5794 , 1.4706,4.4117,0.5826 , 0.2029,0.9198,<LOD,0.0000,0.0000,<LOD,0.8247,0.3403,14521.0293 , 42.4248,73.7232,<LOD,0.7755,0.4389,135.3481 , 11.2588,10.1922,<LOD,4.2067,0.2066,<LOD,0.5370,1.9250,<LOD,1.5525,0.2421,234.2767 , 1.1378,33.5728,6,413.100006,39.003437,-122.668037,10.000000,528743.625000,4317210.500000,
681,Mining,122.88,32.49,30.07,30.14,30.18,"Wed Apr 15, 2026 - 10:16:07",User,1.5,ppm,,,,,,Mining,,<LOD,1.0886,0.9907,8553.5947 , 369.0114,0.3245,<LOD,1.2518,0.5369,<LOD,2.0709,0.1317,<LOD,23.0319,17.2025,647471.4375 , 1892.9138,<LOD,0.9504,0.1902,<LOD,15.6434,0.2172,<LOD,1.6198,1.9625,<LOD,25.4079,0.6024,<LOD,16.4680,2.3231,24.3551 , 3.0200,2.3633,<LOD,2.6673,0.3559,3358.6272 , 36.3464,12.8522,<LOD,0.0000,0.0000,3.6214 , 1.4090,0.3808,384.5677 , 23.0702,0.7112,<LOD,2401.2574,0.0356,<LOD,15.3689,0.3359,<LOD,0.8394,9.4915,10.4777 , 0.4563,5.8961,<LOD,4.0035,0.2929,182.3310 , 63.1349,0.1321,12.6790 , 0.8338,0.6319,<LOD,0.8737,0.7262,1.0686 , 0.3940,0.5321,<LOD,0.0000,0.0000,2207.4773 , 35.8594,1.3269,<LOD,2.7484,5.6654,<LOD,0.5611,0.2514,322742.0312 , 522.0125,44.0210,<LOD,2.1947,4.3119,0.6459 , 0.2095,0.9303,<LOD,0.0000,0.0000,<LOD,0.8666,0.3545,14199.6924 , 42.9937,72.3107,<LOD,0.8132,0.4583,137.8999 , 11.3696,10.0567,<LOD,4.3147,0.2061,<LOD,0.5769,1.9438,<LOD,1.5496,0.2286,233.3635 , 1.1685,33.5154,5,415.899994,39.003395,-122.667961,10.000000,528750.437500,4317206.000000,
682,Mining,120.20,30.06,30.03,30.05,30.06,"Wed Apr 15, 2026 - 10:21:33",User,1.5,ppm,,,,,,Mining,,<LOD,0.9869,0.9626,21697.7383 , 538.0312,0.6033,<LOD,1.7798,0.9909,<LOD,2.2734,0.1532,142.6099 , 13.3211,20.3608,604205.0000 , 1991.9768,<LOD,1.0186,0.2099,32.7316 , 14.7300,0.4475,<LOD,1.5566,1.9384,<LOD,27.6127,0.6096,<LOD,16.2786,2.1742,47.2053 , 3.0921,2.6521,<LOD,2.7532,0.3666,3460.6296 , 37.0023,12.9054,<LOD,0.0000,0.0000,7.9017 , 1.5617,0.4557,1155.8943 , 30.9909,1.3308,<LOD,2234.7155,0.0341,<LOD,16.6806,0.3836,<LOD,0.8224,8.3265,6.3890 , 0.4481,5.1569,<LOD,4.0224,0.2864,577.2725 , 86.3655,0.2285,41.9025 , 1.2366,1.3508,<LOD,0.9080,0.7281,2.1892 , 0.5270,0.8375,<LOD,0.0000,0.0000,4409.6587 , 50.8199,2.3289,<LOD,2.8563,5.6608,<LOD,0.6094,0.2846,352937.8438 , 550.1556,48.0470,<LOD,3.6869,4.4370,258.5049 , 1.1635,27.2011,<LOD,0.0000,0.0000,3.0156 , 0.5916,0.5428,10761.4199 , 37.4985,53.5322,3.5340 , 0.7883,0.9492,92.6870 , 9.9598,7.4844,<LOD,4.6843,0.2353,<LOD,0.8646,2.1116,<LOD,1.6911,0.2634,155.8688 , 1.0886,27.6846,5,417.399994,39.003407,-122.667953,10.000000,528750.875000,4317207.000000,
683,Mining,120.07,30.24,30.00,30.00,29.83,"Wed Apr 15, 2026 - 10:23:48",User,1.5,ppm,,,,,,Mining,,<LOD,0.9601,0.9327,19705.1621 , 518.1383,0.5579,<LOD,1.7538,0.9513,<LOD,2.2661,0.1513,123.7407 , 13.2219,20.4216,621369.2500 , 1944.3687,<LOD,1.0399,0.2166,47.4718 , 14.2698,0.4618,<LOD,1.5305,1.9157,<LOD,27.6167,0.6039,<LOD,13.6930,1.5058,43.3040 , 3.0200,2.6345,<LOD,2.7098,0.3505,2254.8367 , 30.7170,8.6433,<LOD,0.0000,0.0000,<LOD,2.9046,0.3945,790.8057 , 26.9463,1.0233,<LOD,2160.4631,0.0319,<LOD,16.8082,0.3808,<LOD,0.8304,8.4801,6.3867 , 0.4506,5.2030,<LOD,4.0968,0.3054,564.8665 , 87.2961,0.2303,39.4392 , 1.2178,1.2966,<LOD,0.8855,0.7094,1.7211 , 0.5117,0.7870,<LOD,0.0000,0.0000,4687.6191 , 52.3506,2.4524,<LOD,2.8288,5.6714,<LOD,0.5999,0.2785,339374.9688 , 545.1324,45.5417,<LOD,2.2808,4.4460,228.8742 , 1.1018,24.3686,<LOD,0.0000,0.0000,3.0872 , 0.5997,0.5495,10502.7578 , 36.1472,52.1642,3.1702 , 0.7612,0.8850,95.9275 , 9.6601,7.3413,<LOD,0.0000,0.2242,<LOD,0.5858,2.0412,<LOD,1.6282,0.2459,156.6228 , 1.0860,27.4548,5,417.500000,39.003414,-122.667961,10.000000,528750.437500,4317208.000000,
684,Mining,122.76,32.51,30.10,30.06,30.09,"Wed Apr 15, 2026 - 10:27:24",User,1.5,ppm,,,,,,Mining,,<LOD,1.0020,0.9375,15678.1006 , 474.9123,0.4667,<LOD,1.4882,0.6118,<LOD,2.3779,0.1505,110.7406 , 13.5804,19.5622,630926.6875 , 2017.3472,<LOD,1.0342,0.1930,<LOD,33.1292,0.3978,<LOD,1.5786,1.8764,<LOD,26.4661,0.5630,<LOD,20.2369,3.0431,34.2662 , 3.0094,2.3113,<LOD,2.7808,0.3330,5255.1802 , 46.0727,18.3017,<LOD,0.0000,0.0000,5.1819 , 1.5331,0.4335,798.9630 , 28.5116,0.9919,<LOD,2385.3933,0.0355,<LOD,17.8467,0.3995,<LOD,0.8156,7.5215,5.4784 , 0.4449,4.7096,<LOD,4.3353,0.2882,360.3957 , 77.1134,0.1748,23.6721 , 1.0390,0.8465,<LOD,0.9237,0.7123,2.0337 , 0.4765,0.6395,<LOD,0.0000,0.0000,4718.7354 , 50.9752,2.3557,<LOD,2.9815,5.6977,<LOD,0.6026,0.2481,332395.7500 , 534.4623,41.9303,<LOD,2.8982,4.3865,150.4535 , 0.9147,15.2365,<LOD,0.0000,0.0000,1.7018 , 0.5690,0.4244,9153.6562 , 34.8255,42.9858,<LOD,1.0235,0.6303,68.2477 , 9.3391,5.9562,<LOD,0.0000,0.2224,<LOD,0.5706,1.7475,<LOD,1.7096,0.2444,142.7239 , 1.0345,22.5247,4,417.299988,39.003448,-122.668007,10.000000,528746.812500,4317211.500000,
685,Mining,122.90,32.50,30.28,30.06,30.06,"Wed Apr 15, 2026 - 10:30:46",User,1.5,ppm,,,,,,Mining,,<LOD,0.8722,1.0095,11300.8105 , 383.6153,0.3897,<LOD,0.7463,0.2422,<LOD,1.9622,0.1424,<LOD,23.9661,18.1807,641964.3125 , 1641.3942,<LOD,0.8414,0.1793,<LOD,15.3783,0.2992,<LOD,1.3674,2.0052,<LOD,25.1785,0.6341,<LOD,8.1481,0.6739,23.5856 , 2.6722,2.3895,<LOD,2.4446,0.3574,600.8409 , 16.4679,3.0246,<LOD,0.0000,0.0000,11.2490 , 1.4873,0.5267,53.5536 , 16.9103,0.4114,<LOD,1834.5958,0.0294,<LOD,14.3818,0.3417,<LOD,0.7586,9.3911,6.6797 , 0.4087,5.6880,<LOD,3.5089,0.2875,155.1874 , 59.4909,0.1252,<LOD,0.7112,0.2737,<LOD,0.7781,0.7135,3.3414 , 0.4097,0.7473,<LOD,0.0000,0.0000,898.3501 , 25.9190,0.7208,<LOD,2.5552,5.9620,<LOD,0.5178,0.2551,334380.9062 , 499.6741,48.5281,<LOD,2.1279,4.5533,<LOD,0.3308,0.9286,<LOD,0.0000,0.0000,<LOD,0.6311,0.2904,10349.2529 , 33.4783,55.7759,<LOD,0.7818,0.5074,80.8951 , 9.0153,7.6655,<LOD,3.9184,0.2034,<LOD,0.6811,2.0110,<LOD,1.4345,0.2344,171.0105 , 0.9539,27.5150,6,417.200012,39.003437,-122.667961,10.000000,528750.687500,4317210.500000,
686,Mining,120.46,30.08,30.25,30.04,28.59,"Wed Apr 15, 2026 - 10:33:30",User,1.5,ppm,,,,,,Mining,,<LOD,0.8836,1.0201,10779.3574 , 400.1039,0.3774,<LOD,0.7333,0.2200,<LOD,2.0416,0.1531,<LOD,24.2903,18.1700,648377.0625 , 1685.5906,<LOD,0.8391,0.1762,<LOD,15.3287,0.2943,<LOD,1.4836,2.0625,<LOD,26.6792,0.6333,<LOD,8.2134,0.6813,25.4204 , 2.6631,2.3632,<LOD,2.3979,0.3396,545.5974 , 16.0207,2.8238,<LOD,0.0000,0.0000,9.6671 , 1.4961,0.5703,28.9735 , 16.5803,0.3875,<LOD,1927.4687,0.0290,<LOD,14.8167,0.3591,<LOD,0.7677,9.4999,7.3527 , 0.4149,5.8057,<LOD,3.5124,0.2858,172.2075 , 63.1177,0.1264,<LOD,0.7277,0.2834,<LOD,0.7869,0.7182,3.9026 , 0.4163,0.7825,<LOD,0.0000,0.0000,869.6033 , 27.2330,0.7076,<LOD,3.5424,6.0339,<LOD,0.5140,0.2492,328913.5000 , 528.1570,47.5615,<LOD,2.0303,4.5338,<LOD,0.2789,0.8713,<LOD,0.0000,0.0000,<LOD,0.7748,0.3220,10007.4434 , 33.1827,53.9618,<LOD,0.7685,0.4841,79.3311 , 8.9211,7.4190,<LOD,0.0000,0.2119,<LOD,0.5029,1.9112,<LOD,1.4684,0.2474,180.5584 , 0.9864,28.9967,6,416.799988,39.003433,-122.667969,10.000000,528750.125000,4317210.000000,
687,Mining,112.76,30.10,30.03,30.09,22.54,"Wed Apr 15, 2026 - 10:38:01",User,1.5,ppm,,,,,,Mining,,<LOD,0.9808,1.0377,20025.2148 , 606.8983,0.5700,<LOD,1.3149,0.5540,<LOD,2.1042,0.1409,98.3704 , 13.0532,20.8493,600961.5625 , 2285.8264,<LOD,0.9460,0.1944,113.7202 , 14.6819,0.5509,<LOD,1.5185,1.9989,<LOD,32.2297,0.6182,<LOD,8.4850,0.6371,29.1303 , 2.7977,2.2965,<LOD,2.5724,0.3410,515.8246 , 16.2061,2.5164,<LOD,0.0000,0.0000,7.4735 , 1.5120,0.4556,140.4454 , 19.1374,0.4793,5772.6006 , 1915.7081,0.0457,<LOD,16.1983,0.3742,<LOD,0.7842,8.5445,7.0095 , 0.4261,5.2834,<LOD,3.7974,0.2912,338.0446 , 84.2120,0.1581,20.4129 , 0.9379,0.8308,<LOD,1.0514,0.8211,3.2755 , 0.4414,0.7285,<LOD,0.0000,0.0000,2159.4790 , 43.9041,1.2728,<LOD,2.8351,6.1053,<LOD,0.5733,0.2716,360505.5938 , 657.7025,49.5379,<LOD,2.5506,4.7078,50.3707 , 0.5276,6.1729,<LOD,0.0000,0.0000,1.3888 , 0.5174,0.4221,9009.2227 , 34.2228,44.8821,<LOD,0.8677,0.5423,83.6164 , 8.8901,6.3070,<LOD,4.5779,0.2402,<LOD,0.8650,2.0074,<LOD,1.6992,0.2843,157.2779 , 0.9876,24.6566,6,417.100006,39.003437,-122.667969,10.000000,528749.562500,4317210.500000,
688,Mining,120.28,30.02,30.02,30.04,30.20,"Wed Apr 15, 2026 - 10:40:18",User,1.5,ppm,,,,,,Mining,,<LOD,0.8897,0.9929,20200.1641 , 485.4931,0.5711,<LOD,1.2281,0.5730,<LOD,1.9805,0.1396,76.1236 , 12.0658,20.5935,622702.5625 , 1965.0999,<LOD,0.9011,0.1971,171.0428 , 15.0833,0.6602,<LOD,1.4055,1.9974,<LOD,25.5136,0.5923,<LOD,7.8043,0.5988,30.1802 , 2.7108,2.4480,<LOD,2.4955,0.3586,475.8494 , 15.2427,2.4854,<LOD,0.0000,0.0000,8.6109 , 1.4605,0.4809,263.1467 , 19.9743,0.5920,<LOD,2439.6442,0.0361,<LOD,15.2202,0.3687,<LOD,0.7427,8.5821,5.8037 , 0.4074,5.3990,<LOD,3.6845,0.3078,297.4178 , 67.8518,0.1552,15.9887 , 0.8429,0.7493,<LOD,0.8443,0.8026,2.8339 , 0.4215,0.7307,<LOD,0.0000,0.0000,1910.5012 , 34.5971,1.2033,<LOD,2.6120,6.0021,<LOD,0.5316,0.2595,344131.1875 , 548.0740,49.0506,<LOD,2.1082,4.7159,44.8104 , 0.4865,5.8852,<LOD,0.0000,0.0000,0.9301 , 0.4848,0.4070,8866.2520 , 32.2993,46.6173,<LOD,0.8431,0.5728,75.3053 , 8.4994,6.5127,<LOD,4.1963,0.2249,0.8316 , 0.3573,2.1114,<LOD,1.7208,0.3267,142.7195 , 0.9127,23.8340,4,417.399994,39.003445,-122.667976,10.000000,528749.250000,4317211.500000,
689,Mining,122.63,32.50,30.05,30.02,30.06,"Wed Apr 15, 2026 - 10:44:06",User,1.5,ppm,,,,,,Mining,,<LOD,1.0454,0.9465,25068.4902 , 576.4655,0.6665,<LOD,1.7143,0.7877,<LOD,2.4424,0.1524,323.2393 , 14.9147,24.1916,604180.0000 , 2184.8022,<LOD,1.1128,0.2156,29.2963 , 16.0564,0.4655,<LOD,1.6331,1.8548,<LOD,27.2387,0.5883,<LOD,19.6643,2.7599,58.7545 , 3.3365,2.8455,<LOD,2.9170,0.3542,4783.1357 , 45.1485,16.8566,<LOD,0.0000,0.0000,13.2688 , 1.7634,0.5571,1529.6344 , 35.1933,1.5954,2932.9785 , 1642.5919,0.0427,<LOD,17.8938,0.3847,<LOD,0.8923,8.3818,8.4320 , 0.4859,5.2086,<LOD,4.5095,0.3073,716.2438 , 92.3151,0.2609,32.4231 , 1.1934,1.0788,<LOD,0.9757,0.7389,2.4971 , 0.5600,0.8108,<LOD,0.0000,0.0000,8189.0215 , 66.0460,3.9604,<LOD,3.0443,5.5880,<LOD,0.6415,0.2757,340660.3750 , 549.3793,44.2620,<LOD,2.4488,4.3571,281.7877 , 1.2797,28.0958,<LOD,0.0000,0.0000,4.0920 , 0.6460,0.5573,10893.5020 , 39.3088,52.2572,2.4152 , 0.8383,0.9193,102.5687 , 10.4098,7.4116,<LOD,0.0000,0.2272,<LOD,1.0269,2.0401,<LOD,1.8519,0.2772,187.8246 , 1.2387,30.6340,8,417.299988,39.003418,-122.668030,10.000000,528744.250000,4317208.500000,
690,Mining,123.01,32.76,30.04,30.10,30.11,"Wed Apr 15, 2026 - 10:46:41",User,1.5,ppm,,,,,,Mining,,<LOD,1.0750,0.9740,24551.1094 , 595.6114,0.6532,<LOD,2.0223,1.0493,<LOD,2.5018,0.1531,324.0092 , 15.0918,23.8754,606925.2500 , 2533.1807,<LOD,1.1416,0.2177,32.4268 , 17.2486,0.4737,<LOD,1.6489,1.8325,<LOD,27.8344,0.5703,<LOD,21.5146,3.2109,70.6435 , 3.6490,3.0391,<LOD,2.9323,0.3443,5703.3311 , 49.6192,19.5233,<LOD,0.0000,0.0000,13.2401 , 1.7818,0.5466,1708.5017 , 38.5112,1.7140,<LOD,3262.4963,0.0395,<LOD,19.2655,0.4349,<LOD,0.8993,8.0510,8.3514 , 0.4952,5.1223,<LOD,4.5882,0.2998,823.1553 , 97.7391,0.2748,49.8710 , 1.4133,1.4542,<LOD,0.9944,0.7459,2.7512 , 0.5971,0.8755,<LOD,0.0000,0.0000,9033.0723 , 71.3348,4.2605,<LOD,3.0853,5.5728,<LOD,0.6772,0.2989,337552.2500 , 596.2514,42.8583,4.3838 , 1.6674,4.5017,340.3094 , 1.4384,32.7663,<LOD,0.0000,0.0000,5.6659 , 0.6917,0.6349,11423.7285 , 43.9315,53.9869,4.1300 , 0.9007,1.0209,93.6029 , 11.1994,7.6069,<LOD,0.0000,0.2406,1.1010 , 0.4401,2.1453,<LOD,1.8969,0.2797,185.4997 , 1.2752,30.5294,8,417.200012,39.003422,-122.667992,10.000000,528747.687500,4317208.500000,
691,Mining,122.87,32.62,30.02,30.13,30.10,"Wed Apr 15, 2026 - 11:01:01",User,1.5,ppm,,,,,,Mining,,<LOD,1.4489,0.6516,148293.7500 , 2301.6287,3.1536,<LOD,1.5365,0.2705,<LOD,3.1202,0.1012,667.1321 , 21.9515,19.3879,480557.9375 , 5548.7734,<LOD,1.3991,0.1402,31527.3574 , 204.2390,39.1641,<LOD,2.1915,1.1775,<LOD,37.3348,0.5996,<LOD,55.2704,11.9001,118.4047 , 5.7485,3.1966,14.5508 , 3.0260,0.3670,32394.6348 , 147.3678,75.4758,<LOD,0.0000,0.0000,<LOD,2.9533,0.2243,9062.9287 , 104.6369,5.9441,24855.9746 , 3278.6841,0.0784,468.9462 , 27.9897,1.2383,<LOD,1.0630,4.6112,6.1692 , 0.5993,3.0583,<LOD,7.7915,0.2812,581.2495 , 106.3832,0.1954,7.8800 , 1.0516,0.3358,<LOD,1.3109,0.4780,40.8581 , 1.1796,2.0653,<LOD,0.0000,0.0000,355.9844 , 28.3788,0.3747,<LOD,4.1604,3.6312,<LOD,0.8629,0.2001,263473.5312 , 676.5798,24.0146,16.1031 , 2.3076,3.2081,268.0057 , 1.5849,15.5106,<LOD,0.0000,0.0000,4.4392 , 0.8072,0.3467,6814.0371 , 48.1636,23.1028,2.9192 , 1.0250,0.5540,181.8108 , 13.2910,4.0495,<LOD,8.0167,0.2492,19.1124 , 0.7543,2.6385,137.9099 , 4.0984,1.2815,128.4096 , 1.3333,13.3736,7,414.200012,39.003830,-122.668076,10.000000,528740.437500,4317254.000000,
692,Mining,120.31,30.08,30.08,30.09,28.56,"Wed Apr 15, 2026 - 11:03:21",User,1.5,ppm,,,,,,Mining,,<LOD,1.4297,0.6388,148786.9844 , 2473.7634,3.1700,<LOD,1.4897,0.2708,<LOD,3.1197,0.1070,644.1948 , 21.7733,19.1175,458839.3125 , 5903.3423,<LOD,1.4195,0.1521,31483.5508 , 209.2271,39.8171,<LOD,2.1717,1.1655,<LOD,41.2760,0.6514,<LOD,54.4835,12.1848,114.6249 , 5.7132,3.2161,18.5110 , 3.0385,0.3899,32510.2637 , 158.0906,77.3221,<LOD,0.0000,0.0000,<LOD,3.9242,0.2306,9493.0781 , 107.1049,6.3110,30880.0977 , 3696.5024,0.0896,507.7527 , 28.1255,1.3166,<LOD,1.0360,4.6292,5.8529 , 0.5814,3.0363,<LOD,7.5786,0.2756,668.4480 , 112.2554,0.1967,7.2663 , 1.0109,0.3268,<LOD,1.2898,0.4657,39.8421 , 1.1449,2.0452,<LOD,0.0000,0.0000,326.6814 , 29.9507,0.3694,<LOD,4.1675,3.7208,<LOD,0.8170,0.1845,278129.8438 , 755.3476,26.2416,15.7686 , 2.2852,3.1682,257.7783 , 1.5683,15.2335,<LOD,0.0000,0.0000,3.2598 , 0.7905,0.3373,6809.6484 , 49.5162,23.6519,1.9149 , 0.9826,0.5357,173.4948 , 13.2552,4.1119,<LOD,7.5768,0.2340,18.0930 , 0.7302,2.5984,138.2484 , 4.0349,1.3041,125.5123 , 1.3104,13.2937,7,414.100006,39.003784,-122.668098,10.000000,528738.625000,4317249.000000,
693,Mining,123.03,32.59,30.05,30.26,30.13,"Wed Apr 15, 2026 - 11:10:33",User,1.5,ppm,,,,,,Mining,,<LOD,1.5155,0.6270,137663.1562 , 2387.0745,2.9415,<LOD,1.5090,0.2429,<LOD,3.2225,0.1021,646.7275 , 22.8658,18.3446,459444.3125 , 5870.7168,<LOD,1.4657,0.1456,37101.8906 , 230.6359,44.7998,<LOD,2.2749,1.1114,<LOD,40.0247,0.6485,<LOD,57.0271,12.1767,133.6128 , 6.2443,3.3170,9.3187 , 2.9232,0.3243,34547.9375 , 156.7529,77.4223,<LOD,0.0000,0.0000,<LOD,3.1471,0.2147,10871.2803 , 118.5112,6.9145,28538.7793 , 3593.0718,0.0853,553.5385 , 29.4979,1.3262,<LOD,1.0648,4.3478,5.2267 , 0.5960,2.8335,<LOD,7.9358,0.2704,770.8763 , 115.3932,0.2193,7.0239 , 1.0446,0.3124,<LOD,1.3762,0.4638,42.3962 , 1.2048,2.0305,<LOD,0.0000,0.0000,698.5497 , 33.1070,0.4869,<LOD,4.3530,3.4895,<LOD,0.8793,0.1960,281406.9062 , 705.2383,25.6350,10.5535 , 2.3918,3.0017,291.4948 , 1.6812,16.0202,<LOD,0.0000,0.0000,4.1395 , 0.8298,0.3387,6822.1118 , 50.2563,22.1646,2.6529 , 1.0422,0.5403,188.7991 , 13.9899,3.9189,<LOD,7.8169,0.2244,18.7552 , 0.7581,2.5067,102.7530 , 3.6916,0.9853,117.2311 , 1.3148,12.2135,6,411.899994,39.003819,-122.668098,10.000000,528738.562500,4317252.500000,
694,Mining,120.18,30.01,30.05,30.10,30.02,"Wed Apr 15, 2026 - 11:12:51",User,1.5,ppm,,,,,,Mining,,<LOD,1.5482,0.6295,138898.8906 , 2634.9321,2.9682,<LOD,1.5561,0.2521,<LOD,3.1540,0.0904,725.5978 , 23.5324,18.7942,442723.8750 , 6514.3037,<LOD,1.5092,0.1439,36760.4023 , 231.0605,43.0833,<LOD,2.3055,1.0964,<LOD,42.3089,0.6325,<LOD,58.3720,11.9291,127.6491 , 6.1694,3.1708,11.5140 , 3.0383,0.3268,34844.7188 , 165.1586,75.5996,<LOD,0.0000,0.0000,2.7101 , 2.0145,0.2186,10730.0596 , 117.4386,6.6189,32119.3340 , 3950.6042,0.0915,546.0157 , 29.9604,1.2788,<LOD,1.2750,4.3048,6.5893 , 0.6200,2.8553,<LOD,8.1965,0.2717,681.1711 , 121.9871,0.2114,5.5807 , 1.0410,0.2887,<LOD,1.3670,0.4382,42.9331 , 1.2437,2.0010,<LOD,0.0000,0.0000,763.4220 , 35.6868,0.4967,<LOD,4.4380,3.5045,<LOD,0.9288,0.2112,293492.9375 , 751.2171,26.1470,16.9288 , 2.4505,3.0573,299.8541 , 1.7611,15.9235,<LOD,0.0000,0.0000,3.2997 , 0.8369,0.3140,6754.9019 , 50.4788,21.3202,3.8870 , 1.0950,0.5536,189.3112 , 13.8841,3.7875,<LOD,7.7245,0.2038,19.6491 , 0.7816,2.4798,105.9598 , 3.8066,0.9766,122.8389 , 1.3717,12.2463,7,412.399994,39.003811,-122.668098,10.000000,528738.312500,4317252.000000,
695,Mining,122.91,32.67,30.15,30.00,30.09,"Wed Apr 15, 2026 - 11:20:51",User,1.5,ppm,,,,,,Mining,,<LOD,1.4848,0.6157,136127.7031 , 2354.8179,2.9039,<LOD,1.4965,0.2455,<LOD,3.1719,0.1023,547.2192 , 22.1109,17.2553,494387.8125 , 5663.6445,<LOD,1.3618,0.1298,35728.3906 , 221.6108,43.0171,<LOD,2.2475,1.1124,<LOD,39.2022,0.6248,<LOD,55.2716,11.6819,129.4042 , 6.1049,3.2334,11.9845 , 2.9355,0.3376,32946.7070 , 146.3790,73.7363,<LOD,0.0000,0.0000,<LOD,4.0223,0.2169,9583.2529 , 110.5734,6.1092,25988.4805 , 3480.2478,0.0809,552.7526 , 29.0335,1.3112,<LOD,1.0442,4.3521,4.9714 , 0.5862,2.8532,<LOD,7.7398,0.2692,1114.9656 , 132.5524,0.2944,7.8604 , 1.0399,0.3205,<LOD,1.3114,0.4287,37.7185 , 1.1364,1.8562,<LOD,0.0000,0.0000,498.9226 , 31.3362,0.4271,<LOD,4.2806,3.4507,<LOD,0.8634,0.1960,254157.3594 , 671.9955,22.4254,15.8720 , 2.3828,3.0694,265.0762 , 1.5579,14.6969,<LOD,0.0000,0.0000,3.8563 , 0.7805,0.3140,7470.5225 , 51.0614,24.0865,3.0813 , 1.0159,0.5314,185.2784 , 14.1441,4.1186,<LOD,7.3314,0.2033,18.0636 , 0.7340,2.4410,94.2542 , 3.5271,0.9294,118.5125 , 1.2815,12.1174,5,412.399994,39.003796,-122.668106,10.000000,528737.562500,4317250.000000,
696,Mining,120.30,30.01,30.04,30.18,30.07,"Wed Apr 15, 2026 - 11:23:21",User,1.5,ppm,,,,,,Mining,,<LOD,1.9234,0.6612,148301.7656 , 2358.3525,3.1559,<LOD,1.4439,0.2581,<LOD,2.9584,0.0979,537.9097 , 21.5678,17.3916,479822.6875 , 5555.9692,<LOD,1.2756,0.1249,34597.8086 , 221.8554,43.6194,<LOD,2.2340,1.1693,<LOD,39.6009,0.6635,<LOD,53.8587,12.1404,128.4441 , 6.1366,3.4235,6.8844 , 2.7250,0.3189,32659.4355 , 150.1372,76.7517,<LOD,0.0000,0.0000,<LOD,2.8920,0.2057,9202.5469 , 109.0105,6.1425,27439.4297 , 3453.9502,0.0842,543.9608 , 28.1944,1.3513,<LOD,1.0072,4.4518,4.7239 , 0.5673,2.9388,<LOD,7.4203,0.2661,1424.6807 , 145.2777,0.3715,6.7660 , 0.9831,0.3146,<LOD,1.2760,0.4274,37.7885 , 1.1107,1.9481,<LOD,0.0000,0.0000,620.4605 , 32.6664,0.4818,<LOD,4.1971,3.5297,<LOD,0.7819,0.1735,256412.4375 , 691.1772,23.7254,10.9415 , 2.2988,2.9914,249.8891 , 1.4977,14.5915,<LOD,0.0000,0.0000,4.6261 , 0.7529,0.3303,7559.4126 , 52.0267,25.5660,3.3478 , 0.9818,0.5456,196.7774 , 14.2891,4.4150,<LOD,6.8629,0.1951,17.2619 , 0.7087,2.4946,93.4660 , 3.4230,0.9594,116.5780 , 1.2452,12.4292,6,412.799988,39.003792,-122.668114,10.000000,528737.125000,4317249.500000,
697,Mining,120.44,30.22,30.29,30.08,29.85,"Wed Apr 15, 2026 - 11:27:36",User,1.5,ppm,,,,,,Mining,,<LOD,1.4411,0.6013,128603.9531 , 2313.4688,2.7449,<LOD,1.4390,0.2331,<LOD,2.8370,0.0843,624.5851 , 21.9923,18.1368,516148.5312 , 5592.5537,<LOD,1.3464,0.1311,31624.4922 , 200.6104,38.5841,<LOD,2.1951,1.1013,<LOD,38.7236,0.5956,<LOD,55.3451,12.2272,114.6784 , 5.5344,3.0011,4.9420 , 2.7577,0.3073,33972.7539 , 147.5907,77.8563,<LOD,0.0000,0.0000,<LOD,2.6916,0.1945,8213.3945 , 98.7310,5.3306,28399.0391 , 3558.6145,0.0835,570.4761 , 29.0438,1.3708,<LOD,1.0210,4.3071,4.1900 , 0.5738,2.8366,<LOD,7.7644,0.2786,826.2450 , 119.4462,0.2316,6.7340 , 1.0039,0.3091,<LOD,1.2902,0.4313,33.0865 , 1.0654,1.6803,<LOD,0.0000,0.0000,518.4213 , 31.5318,0.4295,<LOD,4.2430,3.5758,<LOD,0.7953,0.1729,242873.9531 , 672.2762,21.3591,13.3162 , 2.3170,3.0101,247.4611 , 1.4889,14.0066,<LOD,0.0000,0.0000,3.9701 , 0.7706,0.3162,6787.8389 , 46.8812,22.5538,1.8368 , 0.9674,0.4982,174.8928 , 12.9684,3.9059,<LOD,7.1539,0.1996,17.2719 , 0.7133,2.3912,95.0899 , 3.5039,0.9474,118.8165 , 1.2633,12.1884,5,406.500000,39.003811,-122.668137,10.000000,528735.000000,4317252.000000,
698,Mining,123.10,32.60,30.19,30.10,30.21,"Wed Apr 15, 2026 - 11:30:41",User,1.5,ppm,,,,,,Mining,,<LOD,1.7027,0.6613,132426.4062 , 2189.3015,2.8281,<LOD,1.4780,0.2555,<LOD,2.9457,0.0910,619.6024 , 22.5516,18.3805,506396.4375 , 5273.0811,<LOD,1.2982,0.1218,33106.4453 , 211.0792,41.5803,<LOD,2.2983,1.1754,<LOD,37.9689,0.6260,<LOD,57.1236,13.2394,119.2006 , 5.8584,3.2227,13.0912 , 2.9579,0.3547,35862.0508 , 151.5397,84.2506,<LOD,0.0000,0.0000,<LOD,3.5477,0.2139,8541.8730 , 103.8808,5.6991,23749.8809 , 3312.0972,0.0769,607.2280 , 29.7033,1.4607,<LOD,1.0448,4.4790,3.8667 , 0.5819,2.8834,<LOD,7.7892,0.2680,837.5278 , 118.4855,0.2481,6.3385 , 1.0045,0.3092,<LOD,1.3358,0.4470,36.0888 , 1.1267,1.8675,<LOD,0.0000,0.0000,698.9018 , 32.2283,0.4948,<LOD,4.3509,3.6180,<LOD,0.8037,0.1750,249561.8281 , 659.6048,22.7724,14.2722 , 2.3868,3.0852,273.6758 , 1.5801,15.6893,<LOD,0.0000,0.0000,3.5427 , 0.7508,0.3025,6724.1143 , 47.9151,22.8733,4.0931 , 1.0366,0.5718,179.8638 , 13.4394,4.0028,<LOD,7.0830,0.1959,17.8778 , 0.7306,2.4966,79.3306 , 3.3207,0.8525,116.4473 , 1.2782,12.4872,5,406.600006,39.003819,-122.668144,10.000000,528734.687500,4317252.500000,
699,Mining,122.85,32.52,30.07,30.05,30.21,"Wed Apr 15, 2026 - 11:33:57",User,1.5,ppm,,,,,,Mining,,<LOD,1.7811,0.5499,97370.0391 , 2570.5190,2.0949,<LOD,1.6708,0.2022,<LOD,3.6524,0.0900,646.5766 , 26.9239,16.0225,544374.5625 , 6511.2368,<LOD,1.5543,0.1118,31086.9434 , 193.1673,29.9436,<LOD,2.7170,1.0083,<LOD,43.5958,0.5529,<LOD,62.9474,10.2898,96.7446 , 5.4551,2.2258,14.6330 , 3.4019,0.3001,35549.5352 , 136.7794,64.4467,<LOD,0.0000,0.0000,<LOD,3.1502,0.1701,8691.6973 , 103.8402,4.5108,20920.3242 , 3838.7532,0.0681,497.5584 , 31.4633,1.0453,<LOD,1.1396,3.4906,2.9266 , 0.6300,2.2340,<LOD,8.8919,0.2342,711.4866 , 123.2470,0.1754,7.3733 , 1.1617,0.2643,<LOD,1.5279,0.3595,40.4677 , 1.2755,1.5705,<LOD,0.0000,0.0000,278.8967 , 33.0064,0.3363,<LOD,5.2403,3.2362,<LOD,0.9680,0.1607,253148.5000 , 663.4970,17.7235,20.2031 , 2.9043,2.8487,271.2125 , 1.6574,12.0426,<LOD,0.0000,0.0000,4.3937 , 0.8916,0.2712,5881.6763 , 42.2180,15.2955,<LOD,2.5354,0.4186,155.9416 , 12.3461,2.6825,<LOD,8.3432,0.1742,15.8453 , 0.8020,1.9229,95.1570 , 3.9602,0.7774,117.3076 , 1.3897,9.7470,6,407.500000,39.003826,-122.668129,10.000000,528735.562500,4317253.500000,
700,Mining,122.75,32.49,30.12,30.00,30.14,"Wed Apr 15, 2026 - 11:37:53",User,1.5,ppm,,,,,,Mining,,<LOD,1.5147,0.6432,141452.5000 , 2316.7908,3.0183,<LOD,1.5520,0.2597,<LOD,3.3139,0.1100,540.3066 , 22.3980,17.6113,469986.5000 , 5698.7910,<LOD,1.4057,0.1361,33746.7344 , 221.8205,43.3561,<LOD,2.2449,1.1051,<LOD,37.5307,0.6168,<LOD,61.1081,14.9718,123.0682 , 6.1108,3.4209,10.7258 , 2.9707,0.3419,40119.0000 , 176.6244,95.9526,<LOD,0.0000,0.0000,<LOD,2.7821,0.1988,10828.4707 , 118.2759,7.2979,31767.2734 , 3599.3755,0.0914,536.3584 , 29.1846,1.3936,<LOD,1.0737,4.4767,5.1002 , 0.6032,2.9437,<LOD,8.2587,0.2784,750.2977 , 113.5458,0.2305,8.2391 , 1.0811,0.3407,<LOD,1.3629,0.4665,39.6824 , 1.1939,2.0087,<LOD,0.0000,0.0000,1571.4749 , 40.2351,0.8096,<LOD,4.3534,3.5906,<LOD,0.8885,0.2034,261037.1719 , 693.3974,24.7365,12.8977 , 2.3988,3.0979,280.5564 , 1.6744,16.0456,<LOD,0.0000,0.0000,3.9642 , 0.8073,0.3299,6783.4614 , 50.3360,23.6391,3.6190 , 1.0576,0.5657,171.5933 , 13.8018,4.1047,<LOD,7.2774,0.1973,19.0915 , 0.7657,2.5961,80.2768 , 3.4103,0.8580,121.6706 , 1.3446,12.8807,6,408.100006,39.003830,-122.668121,10.000000,528736.250000,4317254.000000,
701,Mining,120.29,30.25,30.07,30.17,29.80,"Wed Apr 15, 2026 - 13:37:03",User,1.5,ppm,,,,,,Mining,,11.7131 , 1.2310,0.8219,138767.2812 , 3158.4829,2.9789,<LOD,1.6013,0.2286,<LOD,3.3228,0.0905,491.7090 , 22.8900,14.9055,368420.2500 , 8166.4575,<LOD,1.5115,0.1295,46251.2773 , 297.6824,53.7545,<LOD,2.3104,0.9750,<LOD,47.6508,0.6723,<LOD,63.4700,13.1526,136.3326 , 6.7872,3.2383,22.2969 , 3.3506,0.3586,39506.0859 , 226.0033,83.2700,<LOD,0.0000,0.0000,<LOD,5.0869,0.2139,11716.2363 , 132.4716,7.1898,58782.2109 , 5259.1978,0.1390,698.0406 , 33.1030,1.4555,<LOD,1.3923,3.9480,5.7153 , 0.6278,2.5955,<LOD,8.7177,0.2647,916.3413 , 140.6585,0.2422,7.7245 , 1.1117,0.2957,<LOD,1.9158,0.4498,43.1706 , 1.2977,1.9181,<LOD,0.0000,0.0000,614.5214 , 37.3673,0.4516,<LOD,4.4724,3.1569,<LOD,0.9198,0.1804,326569.9062 , 907.0715,30.0378,21.3978 , 2.5095,2.8535,297.8014 , 1.9584,15.0271,<LOD,0.0000,0.0000,3.3746 , 0.8485,0.2920,6334.0771 , 54.7955,19.3063,4.9494 , 1.1355,0.5346,175.1780 , 14.4777,3.4331,<LOD,8.7637,0.2045,19.1164 , 0.8015,2.3108,70.5840 , 3.4325,0.7127,112.7536 , 1.4098,10.9599,9,400.299988,39.002483,-122.670341,10.000000,528545.000000,4317104.000000,
702,Mining,120.54,30.19,30.10,30.10,30.15,"Wed Apr 15, 2026 - 13:39:40",User,1.5,ppm,,,,,,Mining,,8.9021 , 1.2011,0.7814,135994.0625 , 2976.8735,2.9218,<LOD,1.5907,0.2208,<LOD,3.3658,0.0919,482.3844 , 23.0493,15.1135,376792.7500 , 7696.0679,<LOD,1.5645,0.1378,46065.3125 , 292.1956,53.5238,<LOD,2.3432,1.0057,<LOD,46.4619,0.6811,<LOD,64.0981,13.3826,141.1577 , 7.0153,3.3367,19.9054 , 3.3129,0.3482,40106.4453 , 213.6669,84.5461,<LOD,0.0000,0.0000,<LOD,3.0880,0.1972,11982.1553 , 135.5712,7.3643,49960.4180 , 4887.5312,0.1237,678.6296 , 32.8398,1.4316,<LOD,1.4437,3.9605,5.7922 , 0.6306,2.6040,<LOD,8.6991,0.2564,991.0169 , 138.7662,0.2518,7.3312 , 1.1149,0.2949,<LOD,1.4448,0.4385,44.0209 , 1.3024,1.9371,<LOD,0.0000,0.0000,674.6052 , 36.9443,0.4700,<LOD,4.5175,3.2155,<LOD,0.9734,0.2046,328938.7188 , 860.5246,30.3485,18.7662 , 2.5264,2.8859,299.8671 , 1.9161,15.0979,<LOD,0.0000,0.0000,2.9195 , 0.8626,0.2936,6389.4595 , 55.0663,19.5504,4.1181 , 1.1239,0.5201,193.6563 , 15.0136,3.5599,<LOD,12.2741,0.2147,19.1445 , 0.8053,2.3207,65.9807 , 3.3730,0.6846,112.4988 , 1.3994,10.9467,10,400.500000,39.002483,-122.670349,10.000000,528544.312500,4317104.000000,
703,Mining,122.95,32.55,30.24,30.04,30.12,"Wed Apr 15, 2026 - 13:43:57",User,1.5,ppm,,,,,,Mining,,6.3630 , 1.0993,0.7474,137345.9375 , 2705.0339,2.9495,<LOD,1.5259,0.2269,<LOD,3.3159,0.1020,418.5826 , 21.4822,14.9218,386409.3125 , 7073.8174,<LOD,1.3975,0.1252,44862.4688 , 284.8299,55.3847,<LOD,2.2341,1.0554,<LOD,41.4138,0.6450,<LOD,61.6548,14.1008,146.6101 , 6.7058,3.4972,14.1527 , 3.0588,0.3380,39862.8438 , 213.3973,89.9338,<LOD,0.0000,0.0000,<LOD,4.5601,0.2233,11653.5381 , 130.1145,7.6101,59418.5586 , 4692.4126,0.1400,686.8859 , 31.7942,1.5285,<LOD,1.0542,3.9931,4.2818 , 0.5912,2.6148,<LOD,8.5425,0.2908,820.2855 , 121.0973,0.2282,8.1311 , 1.0845,0.3184,<LOD,1.3420,0.4329,43.1091 , 1.2374,2.0031,<LOD,0.0000,0.0000,647.4617 , 34.1220,0.4816,<LOD,4.2293,3.2182,<LOD,0.9273,0.2086,310847.6250 , 835.8867,29.9904,12.1646 , 2.3493,2.8360,281.6617 , 1.8053,15.2001,<LOD,0.0000,0.0000,3.9115 , 0.8056,0.3062,6083.3921 , 52.1081,19.8282,2.2878 , 1.0431,0.5098,174.2119 , 14.0687,3.5611,<LOD,10.1707,0.2350,18.3136 , 0.7676,2.4063,119.8816 , 3.9864,1.0838,107.9964 , 1.3290,11.2239,7,399.799988,39.002525,-122.670380,10.000000,528541.125000,4317108.500000,
704,Mining,120.42,30.02,30.11,30.11,30.18,"Wed Apr 15, 2026 - 13:46:44",User,1.5,ppm,,,,,,Mining,,6.2128 , 1.1588,0.7465,141590.9062 , 2865.4849,3.0381,<LOD,1.5444,0.2299,<LOD,3.1477,0.0865,459.0238 , 22.9058,15.3197,386773.2500 , 7189.8896,<LOD,1.4776,0.1324,46934.3750 , 291.6873,56.9149,<LOD,2.3293,1.0228,<LOD,44.7891,0.6668,<LOD,72.9417,14.4875,145.1826 , 6.8780,3.5004,22.8751 , 3.3054,0.3739,41270.9844 , 216.2511,90.7453,<LOD,0.0000,0.0000,4.0972 , 2.1163,0.2323,12194.6895 , 133.6739,7.8046,44856.2148 , 4659.8257,0.1161,723.4837 , 32.8103,1.5567,<LOD,1.0842,3.9740,5.9528 , 0.6139,2.6642,<LOD,8.8476,0.2938,746.9603 , 126.1708,0.2160,6.1454 , 1.0645,0.2896,<LOD,1.4093,0.4286,46.6203 , 1.2946,2.0770,<LOD,0.0000,0.0000,533.5979 , 35.0282,0.4425,<LOD,4.5151,3.3175,<LOD,0.9127,0.1936,316708.6875 , 850.2305,30.1968,18.9758 , 2.5206,2.9595,295.4236 , 1.8674,15.4335,<LOD,0.0000,0.0000,3.6771 , 0.8361,0.3058,6249.3975 , 53.2672,19.9135,2.1945 , 1.0783,0.5113,181.4352 , 14.4638,3.5919,<LOD,8.6966,0.2166,16.8721 , 0.7729,2.2961,90.6664 , 3.6578,0.8671,112.0496 , 1.3697,11.2770,10,395.299988,39.002514,-122.670387,10.000000,528540.500000,4317107.000000,
705,Mining,122.71,32.48,30.17,30.01,30.05,"Wed Apr 15, 2026 - 13:50:05",User,1.5,ppm,,,,,,Mining,,8.8670 , 1.2474,0.7830,120998.2969 , 2605.8320,2.6040,<LOD,1.6260,0.2274,<LOD,3.4258,0.0924,463.5518 , 23.7876,14.9506,432245.7500 , 6890.1479,<LOD,1.5847,0.1368,46318.4531 , 272.4197,53.7189,<LOD,2.4446,1.0180,<LOD,41.9120,0.6454,<LOD,81.0888,13.8901,130.9959 , 6.6912,3.1614,18.3488 , 3.3467,0.3445,41269.0625 , 189.3217,86.8063,<LOD,0.0000,0.0000,<LOD,3.5800,0.2194,11625.4160 , 129.4238,7.1488,42368.5977 , 4367.6460,0.1089,719.2211 , 33.8160,1.4943,<LOD,1.8176,4.0584,5.6742 , 0.6298,2.5983,<LOD,8.8702,0.2528,1126.3528 , 134.3991,0.2758,6.8529 , 1.1258,0.2909,<LOD,1.4861,0.4302,48.9498 , 1.3540,2.0718,<LOD,0.0000,0.0000,892.9085 , 36.4719,0.5380,<LOD,4.7041,3.2385,<LOD,0.9755,0.1934,294544.7812 , 740.3837,26.2628,15.3965 , 2.6137,2.8549,311.9797 , 1.8799,15.5591,<LOD,0.0000,0.0000,3.3913 , 0.8849,0.3032,6395.0371 , 51.9341,19.5014,<LOD,2.5349,0.4918,181.5962 , 14.5520,3.4869,19.6467 , 6.1858,0.2582,18.9440 , 0.8244,2.3559,143.4159 , 4.4846,1.1718,118.5163 , 1.4249,11.3559,10,395.399994,39.002514,-122.670395,10.000000,528540.375000,4317107.000000,
706,Mining,120.43,30.25,30.17,30.26,29.75,"Wed Apr 15, 2026 - 13:52:20",User,1.5,ppm,,,,,,Mining,,9.0123 , 1.2390,0.7820,121025.4375 , 2712.8342,2.6047,<LOD,1.5394,0.2085,<LOD,3.4190,0.0969,469.5634 , 23.6178,14.9406,432052.8750 , 7033.0820,<LOD,1.4948,0.1282,45888.3008 , 275.6183,53.3364,<LOD,2.4021,0.9908,<LOD,43.9994,0.6549,<LOD,64.1906,13.8752,131.9533 , 6.7208,3.1519,16.7195 , 3.2323,0.3384,41353.2070 , 192.0985,87.2167,<LOD,0.0000,0.0000,4.0140 , 2.2043,0.2352,11562.8555 , 130.3399,7.1151,42486.1367 , 4553.2563,0.1091,738.0415 , 33.2693,1.5239,<LOD,1.6273,4.0797,5.8284 , 0.6307,2.6474,<LOD,8.7890,0.2688,1080.8528 , 137.7751,0.2663,6.2694 , 1.0872,0.2857,<LOD,1.5006,0.4453,48.6978 , 1.3351,2.0970,<LOD,0.0000,0.0000,928.9852 , 38.3611,0.5492,<LOD,4.6814,3.2633,<LOD,0.9544,0.1970,295063.3438 , 771.1418,26.3496,17.5781 , 2.5994,2.8663,314.4145 , 1.8671,15.7164,<LOD,0.0000,0.0000,3.8308 , 0.8509,0.3016,6337.0713 , 52.1566,19.3391,3.8095 , 1.1366,0.5380,169.1582 , 14.4883,3.4077,<LOD,11.9976,0.2357,19.4560 , 0.8087,2.3860,144.1927 , 4.3797,1.1763,118.3707 , 1.3972,11.4015,10,395.399994,39.002514,-122.670387,10.000000,528540.500000,4317107.000000,
707,Mining,120.55,30.09,30.24,30.19,30.03,"Wed Apr 15, 2026 - 14:10:40",User,1.5,ppm,,,,,,Mining,,4.0196 , 1.1718,0.6796,116051.6328 , 2695.4636,2.5080,<LOD,1.6367,0.2348,<LOD,3.5728,0.1003,474.7587 , 23.7948,14.8924,410642.2188 , 7181.5991,<LOD,1.5565,0.1312,42678.8555 , 255.2289,47.2570,<LOD,2.4344,0.9994,<LOD,44.5850,0.6539,<LOD,64.7605,12.3944,135.6619 , 6.5528,3.1104,18.3969 , 3.3172,0.3354,38247.8477 , 179.1275,77.6146,<LOD,0.0000,0.0000,3.2786 , 2.1551,0.2136,10101.7686 , 118.8833,5.9794,41917.1875 , 4530.6318,0.1091,644.8394 , 32.5303,1.3351,<LOD,1.1045,3.8078,4.9916 , 0.6170,2.4928,<LOD,8.7167,0.2546,952.7188 , 135.4694,0.2461,7.0107 , 1.1120,0.2824,<LOD,1.4953,0.4322,41.0980 , 1.2517,1.7454,<LOD,0.0000,0.0000,2851.6384 , 54.5507,1.1202,<LOD,4.6818,3.1705,<LOD,0.9773,0.1946,328157.6250 , 774.1739,28.7580,17.7565 , 2.6162,2.8457,283.8227 , 1.7680,13.9026,<LOD,0.0000,0.0000,2.9739 , 0.8585,0.2806,6315.8926 , 50.2170,18.5251,<LOD,2.2732,0.4570,186.5335 , 14.0926,3.3493,<LOD,8.2963,0.2023,18.8703 , 0.8012,2.2305,127.4704 , 4.2463,1.0436,111.1487 , 1.3648,10.4321,11,396.200012,39.002514,-122.670349,10.000000,528544.125000,4317107.000000,
708,Mining,120.41,30.26,30.27,30.05,29.83,"Wed Apr 15, 2026 - 14:13:22",User,1.5,ppm,,,,,,Mining,,4.4474 , 1.1487,0.7004,125317.8516 , 2777.6670,2.6994,<LOD,1.5836,0.2292,<LOD,3.4117,0.1015,447.4382 , 23.1113,14.9538,410113.0625 , 7092.8135,<LOD,1.4705,0.1295,43986.2500 , 268.1622,50.9527,<LOD,2.3982,1.0456,<LOD,45.2908,0.6537,<LOD,61.7452,13.1286,137.8166 , 6.6432,3.2656,16.7042 , 3.1765,0.3403,39178.9453 , 190.6797,82.9756,<LOD,0.0000,0.0000,<LOD,3.6845,0.2098,10429.8975 , 121.9735,6.4325,41076.9609 , 4598.9341,0.1084,617.8564 , 31.1101,1.3584,<LOD,1.3479,3.9839,6.1775 , 0.6044,2.6487,<LOD,8.6530,0.2836,1006.2783 , 140.7191,0.2596,9.6477 , 1.1220,0.3191,<LOD,1.4622,0.4434,42.1766 , 1.2304,1.8588,<LOD,0.0000,0.0000,2283.0061 , 52.1305,0.9865,<LOD,4.5816,3.2737,<LOD,0.9061,0.1813,318169.0000 , 814.0590,28.9610,15.3580 , 2.5389,2.8632,290.4432 , 1.7805,14.7726,<LOD,0.0000,0.0000,2.1592 , 0.8088,0.2740,6397.9536 , 51.2736,19.4572,<LOD,2.5766,0.4830,208.1245 , 14.4037,3.5850,<LOD,10.0959,0.2263,18.2257 , 0.7735,2.2890,115.5059 , 3.9661,1.0054,108.7330 , 1.3275,10.7368,10,396.600006,39.002518,-122.670349,10.000000,528543.875000,4317107.500000,
709,Mining,120.16,30.26,30.10,30.09,29.71,"Wed Apr 15, 2026 - 14:16:16",User,1.5,ppm,,,,,,Mining,,6.6892 , 1.0797,0.7718,130556.2109 , 2642.0120,2.8135,<LOD,1.5062,0.2490,<LOD,3.1231,0.0983,409.4394 , 20.9546,15.1970,401502.3750 , 6664.0742,<LOD,1.4204,0.1407,42212.6758 , 270.4067,53.0604,<LOD,2.1831,1.0782,<LOD,44.0791,0.6632,<LOD,59.5404,14.1685,136.0065 , 6.4892,3.4435,21.4795 , 3.1230,0.3829,38754.9023 , 200.3903,89.3570,<LOD,0.0000,0.0000,<LOD,2.8547,0.2079,10787.0078 , 123.6712,7.1704,45858.7891 , 4574.3696,0.1175,673.5507 , 30.7298,1.5353,<LOD,1.4758,4.3122,5.9098 , 0.5882,2.8334,<LOD,8.0077,0.2666,843.2006 , 133.7013,0.2502,7.8385 , 1.0447,0.3215,<LOD,1.2830,0.4218,41.4566 , 1.1896,2.0073,<LOD,0.0000,0.0000,985.6587 , 39.4256,0.5912,<LOD,4.1279,3.2764,<LOD,0.8795,0.2045,320027.0000 , 860.5480,31.5551,11.5595 , 2.2950,2.8951,278.8193 , 1.7316,15.4705,<LOD,0.0000,0.0000,2.6716 , 0.7862,0.3039,6455.3027 , 52.0741,21.3543,3.2093 , 1.0245,0.5359,185.2924 , 14.1147,3.8028,<LOD,8.6315,0.2301,17.2755 , 0.7354,2.4037,107.6921 , 3.7218,1.0278,107.9462 , 1.2868,11.5131,8,396.799988,39.002518,-122.670357,10.000000,528543.250000,4317107.500000,
710,Mining,120.67,30.26,30.02,30.25,30.14,"Wed Apr 15, 2026 - 14:19:37",User,1.5,ppm,,,,,,Mining,,4.8905 , 1.1251,0.7350,133274.2344 , 2661.1157,2.8675,<LOD,1.5597,0.2391,<LOD,3.4156,0.1074,442.1316 , 22.5261,15.5090,400465.0938 , 6736.5859,<LOD,1.4445,0.1324,45701.3281 , 279.0746,55.7556,<LOD,2.3220,1.0688,<LOD,43.7629,0.6684,<LOD,81.2988,13.8428,126.1802 , 6.6015,3.3293,21.6426 , 3.2372,0.3748,38841.9609 , 195.8915,86.3190,<LOD,0.0000,0.0000,<LOD,3.7969,0.2227,11684.8389 , 128.9476,7.5450,41199.5859 , 4417.1001,0.1094,691.8358 , 31.8951,1.5098,<LOD,1.0777,4.1308,4.8952 , 0.6026,2.6868,<LOD,8.4557,0.2793,911.4031 , 131.6004,0.2494,8.4218 , 1.0944,0.3210,<LOD,1.3674,0.4211,40.0648 , 1.2129,1.8915,<LOD,0.0000,0.0000,617.3642 , 34.9134,0.4634,<LOD,4.4534,3.3748,<LOD,0.9292,0.2049,318795.1875 , 823.5493,30.6237,16.5897 , 2.4794,2.9905,302.1428 , 1.8349,16.1217,<LOD,0.0000,0.0000,3.4938 , 0.8166,0.3053,6449.9653 , 53.0619,20.8318,3.2717 , 1.0755,0.5370,167.2566 , 14.3283,3.6615,<LOD,12.5487,0.2352,18.5762 , 0.7680,2.3918,97.1393 , 3.7017,0.9285,110.5532 , 1.3410,11.5056,10,397.100006,39.002514,-122.670364,10.000000,528542.687500,4317107.000000,
711,Mining,120.54,30.29,30.12,30.03,29.18,"Wed Apr 15, 2026 - 14:23:19",User,1.5,ppm,,,,,,Mining,,1.8696 , 0.9852,0.6913,141752.6875 , 2500.1179,3.0438,<LOD,1.5047,0.2888,<LOD,2.9128,0.0982,421.6228 , 20.5521,16.1127,430227.6562 , 5883.0049,<LOD,1.3038,0.1357,41331.6172 , 254.2694,53.8744,<LOD,2.1739,1.1709,<LOD,45.4243,0.7278,<LOD,54.2019,12.8453,118.0032 , 6.0301,3.3616,11.9612 , 2.8007,0.3509,33707.9648 , 170.1591,81.2327,<LOD,0.0000,0.0000,<LOD,2.6930,0.2158,8105.2290 , 103.8103,5.6744,28656.7715 , 3983.5747,0.0917,585.4658 , 28.4723,1.4409,<LOD,0.9965,4.5051,4.5212 , 0.5567,2.9200,<LOD,7.3872,0.2703,1665.4733 , 170.4786,0.4312,9.9364 , 1.0321,0.3610,<LOD,1.2576,0.4400,32.9512 , 1.0575,1.7891,<LOD,0.0000,0.0000,7127.7251 , 83.5909,2.8305,<LOD,4.0654,3.4862,<LOD,0.8059,0.1955,299252.2188 , 821.7155,30.1925,17.9193 , 2.2686,3.1056,287.8772 , 1.6765,17.0893,<LOD,0.0000,0.0000,1.6234 , 0.7144,0.2849,6318.2319 , 49.4930,21.9969,3.3554 , 0.9889,0.5743,165.2783 , 13.3213,3.8540,<LOD,7.0829,0.2170,15.9504 , 0.6845,2.4092,69.0324 , 3.0674,0.8003,107.0829 , 1.2351,12.3687,9,397.600006,39.002522,-122.670364,10.000000,528542.812500,4317108.000000,
712,Mining,120.43,30.14,30.05,30.13,29.19,"Wed Apr 15, 2026 - 14:25:45",User,1.5,ppm,,,,,,Mining,,2.4213 , 0.9900,0.6899,141592.9688 , 2514.7671,3.0383,<LOD,1.5138,0.2931,<LOD,3.0600,0.1036,399.4917 , 20.3808,15.4913,427785.6562 , 6069.6875,<LOD,1.3244,0.1333,41571.0156 , 262.2885,53.6841,<LOD,2.1061,1.0714,<LOD,43.3324,0.7002,<LOD,56.7701,13.7799,113.9649 , 6.2401,3.3260,15.7581 , 2.9197,0.3641,36661.0352 , 182.6103,87.5432,<LOD,0.0000,0.0000,<LOD,2.7132,0.2055,7888.5913 , 106.2567,5.4807,35325.0898 , 4098.5869,0.1028,614.5750 , 29.2669,1.4897,<LOD,0.9871,4.3031,4.6841 , 0.5537,2.8401,<LOD,7.4617,0.2451,1710.3480 , 163.8138,0.4250,7.1607 , 0.9981,0.3203,<LOD,1.2487,0.4282,31.9831 , 1.0497,1.6825,<LOD,0.0000,0.0000,7728.8511 , 84.0742,3.0263,<LOD,4.0598,3.4408,<LOD,0.8175,0.1882,292026.1250 , 800.6287,29.0249,21.9449 , 2.2780,3.1041,289.0585 , 1.7069,16.7611,<LOD,0.0000,0.0000,3.9204 , 0.7573,0.3194,5863.1353 , 49.4402,20.3228,<LOD,2.3055,0.5235,152.3355 , 13.4258,3.5883,<LOD,7.3312,0.2221,16.0720 , 0.6923,2.3448,69.4937 , 3.1226,0.7908,104.3371 , 1.2434,11.9127,8,397.799988,39.002514,-122.670364,10.000000,528542.562500,4317107.000000,
713,Mining,123.22,32.77,30.20,30.24,30.01,"Wed Apr 15, 2026 - 14:28:17",User,1.5,ppm,,,,,,Mining,,4.4106 , 1.1261,0.7261,149705.0625 , 2854.8293,3.2028,<LOD,1.6024,0.2487,<LOD,3.3757,0.1001,483.3895 , 22.9237,15.9403,371864.1562 , 7197.9551,<LOD,1.5454,0.1452,43915.9492 , 269.9185,52.5625,<LOD,2.3444,1.0753,<LOD,45.3013,0.6922,<LOD,62.0281,13.3774,127.6774 , 6.3133,3.2346,8.2985 , 2.9775,0.3028,38686.5938 , 205.6595,84.8768,<LOD,0.0000,0.0000,5.0614 , 2.1306,0.2397,7299.3906 , 101.0632,4.7560,42982.0859 , 4453.6411,0.1120,625.8510 , 31.4750,1.4022,<LOD,1.6310,4.1265,7.0136 , 0.6226,2.7682,<LOD,8.4751,0.2665,1066.1901 , 143.5313,0.2863,8.0489 , 1.1016,0.3116,<LOD,1.4181,0.4489,32.0518 , 1.1378,1.5597,<LOD,0.0000,0.0000,471.0361 , 33.6802,0.4079,<LOD,4.4840,3.3688,<LOD,0.9454,0.2069,335631.3750 , 859.9248,31.8727,19.3823 , 2.5110,3.0391,300.0845 , 1.8858,15.8327,<LOD,0.0000,0.0000,2.4097 , 0.8351,0.2908,6390.6162 , 51.6463,20.3029,2.8464 , 1.0833,0.5188,168.3768 , 13.7012,3.5680,<LOD,7.8228,0.2020,18.0275 , 0.7597,2.2511,61.7400 , 3.2336,0.6793,112.8776 , 1.3771,11.4804,9,398.100006,39.002518,-122.670364,10.000000,528542.562500,4317107.500000,
714,Mining,120.78,30.30,30.29,30.07,28.93,"Wed Apr 15, 2026 - 14:30:44",User,1.5,ppm,,,,,,Mining,,3.1453 , 1.0617,0.7105,158434.8906 , 2869.0386,3.3843,<LOD,1.6069,0.2535,<LOD,3.3927,0.1067,468.5827 , 21.9997,16.1108,369539.1875 , 7047.0273,<LOD,1.4358,0.1318,43310.6953 , 275.5534,54.2264,<LOD,2.2314,1.0714,<LOD,45.2479,0.6855,<LOD,63.1087,14.8893,125.2041 , 6.2829,3.2869,13.3925 , 3.0730,0.3400,41125.9648 , 222.7813,94.4062,<LOD,0.0000,0.0000,<LOD,5.1275,0.2394,7080.5083 , 100.7734,4.8156,41011.1484 , 4452.0957,0.1099,698.0875 , 32.2098,1.5780,<LOD,1.3123,4.2364,6.2667 , 0.6147,2.8164,<LOD,8.6885,0.2950,1374.1179 , 157.8295,0.3509,9.9489 , 1.1350,0.3482,<LOD,1.3635,0.4584,32.8133 , 1.1485,1.6623,<LOD,0.0000,0.0000,1085.3005 , 41.2662,0.6299,<LOD,4.3205,3.4683,<LOD,0.9267,0.2056,328551.4688 , 889.7145,32.4251,19.1236 , 2.4083,3.0828,307.0123 , 1.9309,16.7368,<LOD,0.0000,0.0000,4.6515 , 0.8300,0.3250,6418.8101 , 52.1646,21.1820,4.3585 , 1.0971,0.5627,175.6886 , 13.8101,3.7273,<LOD,13.0399,0.2345,18.7314 , 0.7625,2.3757,65.5862 , 3.2668,0.7290,115.2952 , 1.3905,12.1077,8,398.399994,39.002518,-122.670364,10.000000,528542.687500,4317107.500000,
715,Mining,123.08,32.64,30.24,30.06,30.14,"Wed Apr 15, 2026 - 14:34:56",User,1.5,ppm,,,,,,Mining,,3.8399 , 1.0205,0.7496,146473.6719 , 2473.6885,3.1390,<LOD,1.4961,0.2978,<LOD,3.0226,0.1045,394.4794 , 20.5464,15.9944,404201.8125 , 6078.9917,<LOD,1.3232,0.1380,43894.4531 , 264.6165,57.4419,<LOD,2.1254,1.1122,<LOD,42.3985,0.7146,<LOD,54.8705,13.0528,127.5212 , 6.0274,3.4063,14.2377 , 2.8545,0.3600,34071.7578 , 178.0697,82.0501,<LOD,0.0000,0.0000,<LOD,3.1004,0.2185,7291.2148 , 98.3089,5.1610,41473.8555 , 4059.4143,0.1105,563.5421 , 28.3943,1.4160,<LOD,0.9927,4.3940,4.9716 , 0.5592,2.9076,<LOD,7.4927,0.2749,1353.8414 , 150.0943,0.3723,6.7983 , 0.9833,0.3221,<LOD,1.2781,0.4583,35.1840 , 1.0817,1.8625,<LOD,0.0000,0.0000,461.3203 , 31.8816,0.4245,<LOD,4.0833,3.5343,<LOD,0.8293,0.2043,312648.9375 , 825.0669,31.8119,13.7043 , 2.2655,3.0969,289.1254 , 1.7134,17.1148,<LOD,0.0000,0.0000,4.3049 , 0.7615,0.3376,6334.6099 , 49.4153,21.8921,2.2423 , 0.9774,0.5531,154.2196 , 13.0912,3.7600,<LOD,6.9724,0.2075,16.7952 , 0.6964,2.4579,57.4818 , 2.9109,0.7119,106.1004 , 1.2447,12.2768,9,399.500000,39.002525,-122.670380,10.000000,528541.687500,4317108.500000,
716,Mining,120.29,30.08,30.01,30.17,29.43,"Wed Apr 15, 2026 - 14:37:24",User,1.5,ppm,,,,,,Mining,,2.1359 , 0.9678,0.7028,150326.3125 , 2603.4680,3.2194,<LOD,1.4802,0.2748,<LOD,3.0857,0.1058,438.7739 , 20.2508,16.4304,391114.1250 , 6397.4668,<LOD,1.3796,0.1454,43317.0352 , 267.4402,56.8265,<LOD,2.1029,1.1472,<LOD,43.3931,0.6950,<LOD,55.2627,12.7361,117.0222 , 5.8878,3.3476,7.6071 , 2.7512,0.3235,33344.7109 , 186.1496,80.4671,<LOD,0.0000,0.0000,<LOD,4.4269,0.2317,7446.2271 , 98.1753,5.2638,45698.1719 , 4292.4487,0.1178,554.1019 , 28.8080,1.4008,<LOD,1.0161,4.4740,5.0157 , 0.5677,2.9017,<LOD,7.6269,0.2808,1303.4443 , 150.5741,0.3505,6.8391 , 0.9937,0.3190,<LOD,1.2141,0.4306,35.6912 , 1.1116,1.9005,<LOD,0.0000,0.0000,453.0279 , 32.8753,0.4223,<LOD,4.0108,3.6033,<LOD,0.8221,0.1917,319008.8750 , 877.6187,32.6536,20.0487 , 2.2298,3.1679,286.2562 , 1.7646,17.0423,<LOD,0.0000,0.0000,3.0126 , 0.7680,0.3214,6153.7241 , 49.3268,21.4270,2.7816 , 1.0034,0.5650,166.9201 , 12.9181,3.7848,<LOD,7.1024,0.2084,16.0535 , 0.7029,2.4215,63.2936 , 3.0485,0.7553,108.7522 , 1.2841,12.4837,8,399.899994,39.002525,-122.670380,10.000000,528541.375000,4317108.500000,
717,Mining,122.89,32.50,30.04,30.16,30.19,"Wed Apr 15, 2026 - 14:40:10",User,1.5,ppm,,,,,,Mining,,2.5861 , 1.0270,0.6724,122847.8359 , 2144.2371,2.6448,<LOD,1.6036,0.2870,<LOD,3.1488,0.0995,382.9522 , 20.9579,14.7781,479607.6250 , 5195.9653,<LOD,1.3760,0.1309,38226.7656 , 235.9156,49.4320,<LOD,2.1834,1.0436,<LOD,40.5521,0.6968,<LOD,62.4743,16.2019,113.4585 , 6.1451,3.3190,9.8765 , 2.9098,0.3302,44071.1719 , 175.6398,105.3534,<LOD,0.0000,0.0000,<LOD,4.6753,0.2175,6784.9102 , 98.2215,4.7424,21311.3457 , 3449.5330,0.0756,771.1425 , 31.9946,1.7513,<LOD,1.0419,4.2383,3.3680 , 0.5821,2.7460,<LOD,8.0949,0.2450,1373.8171 , 145.4196,0.3683,9.6564 , 1.0945,0.3510,<LOD,1.2439,0.3827,31.8303 , 1.0884,1.6430,<LOD,0.0000,0.0000,2093.0591 , 46.0839,1.0076,<LOD,4.2079,3.3465,<LOD,0.8485,0.1866,275980.9062 , 697.5533,26.5890,16.4147 , 2.3319,2.9179,277.1438 , 1.6216,15.5583,<LOD,0.0000,0.0000,3.0699 , 0.7748,0.2977,5720.7759 , 46.1511,19.7933,2.8874 , 1.0289,0.5356,177.8340 , 13.3066,3.6292,<LOD,6.9331,0.1800,15.9992 , 0.7182,2.2940,63.2186 , 3.1246,0.7251,100.4036 , 1.2396,11.1568,8,400.200012,39.002529,-122.670380,10.000000,528541.250000,4317109.000000,
718,Mining,123.08,32.74,30.09,30.11,30.14,"Wed Apr 15, 2026 - 14:42:39",User,1.5,ppm,,,,,,Mining,,<LOD,2.5669,0.6526,130522.4062 , 2449.9260,2.8052,<LOD,1.5493,0.2731,<LOD,3.1278,0.0983,410.7203 , 21.7745,15.1136,439994.0625 , 6093.0874,<LOD,1.4235,0.1406,39109.3320 , 247.9362,48.8848,<LOD,2.2434,1.0380,<LOD,41.9488,0.6780,<LOD,60.2300,14.7133,110.3113 , 6.3403,3.3050,10.5168 , 2.8892,0.3258,41070.5898 , 185.9731,94.8114,<LOD,0.0000,0.0000,<LOD,3.2293,0.2065,7273.7676 , 102.8138,4.9162,35695.8711 , 4046.0703,0.1006,757.2982 , 31.7078,1.6698,<LOD,1.0305,4.1575,4.2019 , 0.5758,2.6992,<LOD,8.0096,0.2566,1736.9152 , 163.1410,0.4310,7.7134 , 1.0431,0.3190,<LOD,1.3558,0.4332,33.1229 , 1.0859,1.6467,<LOD,0.0000,0.0000,3223.6121 , 55.7586,1.3650,<LOD,4.3591,3.4035,<LOD,0.8616,0.1942,293058.0625 , 758.4993,27.8692,18.4916 , 2.4180,2.9689,288.5555 , 1.6967,15.8356,<LOD,0.0000,0.0000,3.3846 , 0.7928,0.3096,6274.7378 , 50.0939,20.9458,1.8608 , 1.0021,0.5097,205.3654 , 14.1602,3.8798,<LOD,7.2855,0.1998,16.6359 , 0.7149,2.2784,69.8564 , 3.1934,0.7571,102.6607 , 1.2520,11.1658,8,399.200012,39.002525,-122.670380,10.000000,528541.250000,4317108.500000,
719,Mining,123.07,32.58,30.19,30.17,30.13,"Wed Apr 15, 2026 - 14:46:31",User,1.5,ppm,,,,,,Mining,,2.6949 , 1.0812,0.7031,142330.6719 , 2676.2822,3.0518,<LOD,1.5808,0.2775,<LOD,3.1996,0.1003,448.0612 , 22.3767,15.9590,385828.5000 , 6859.8438,<LOD,1.3594,0.1249,42658.7852 , 273.7305,52.3937,<LOD,2.3104,1.1032,<LOD,43.6885,0.7096,<LOD,58.7976,13.1720,125.3395 , 6.6000,3.3430,6.5691 , 2.8177,0.3010,36764.3398 , 194.6283,82.9539,<LOD,0.0000,0.0000,<LOD,4.1452,0.2188,6967.9272 , 103.3620,4.6744,50647.1016 , 4433.0635,0.1252,536.1719 , 28.9915,1.2998,<LOD,1.3841,4.2772,5.6336 , 0.5923,2.7799,<LOD,8.0818,0.2737,1032.2394 , 135.2868,0.2799,8.0681 , 1.0627,0.3227,<LOD,1.3891,0.4539,35.5372 , 1.1487,1.7797,<LOD,0.0000,0.0000,425.7594 , 31.9404,0.4022,<LOD,4.4370,3.5111,<LOD,0.8841,0.1996,324906.7812 , 841.4413,31.2602,13.3019 , 2.4403,3.0041,290.5736 , 1.7926,15.9204,<LOD,0.0000,0.0000,5.8359 , 0.8113,0.3396,6597.1636 , 54.2846,21.5502,5.1419 , 1.0697,0.5681,172.8298 , 14.4914,3.7797,<LOD,7.4923,0.2059,16.5860 , 0.7260,2.2811,55.5117 , 3.0135,0.6552,112.8656 , 1.3271,11.8450,8,400.500000,39.002529,-122.670380,10.000000,528541.375000,4317109.000000,
720,Mining,120.63,30.31,30.12,30.04,30.16,"Wed Apr 15, 2026 - 14:49:28",User,1.5,ppm,,,,,,Mining,,2.4277 , 1.0036,0.7145,141310.5625 , 2419.0615,3.0317,<LOD,1.5011,0.2935,<LOD,2.9504,0.1004,387.8418 , 20.6169,15.8897,419126.6562 , 5958.2393,<LOD,1.3432,0.1437,41695.6602 , 260.0399,55.2329,<LOD,2.1322,1.1059,<LOD,42.2048,0.7265,<LOD,55.9917,14.0781,121.0801 , 6.1308,3.4221,4.9054 , 2.6404,0.3113,37077.8516 , 185.2232,90.6522,<LOD,0.0000,0.0000,2.9273 , 1.8774,0.2421,6666.0137 , 97.0037,4.8136,42158.8008 , 4062.9136,0.1118,494.6030 , 26.9878,1.3320,<LOD,0.9905,4.4167,4.4348 , 0.5528,2.8609,<LOD,7.4516,0.2605,958.1459 , 129.3108,0.2790,8.6320 , 1.0123,0.3458,<LOD,1.2755,0.4510,31.8411 , 1.0466,1.7369,<LOD,0.0000,0.0000,1022.5547 , 37.6935,0.6373,<LOD,4.1203,3.5730,<LOD,0.8101,0.1967,302162.1250 , 806.2932,30.7051,11.9307 , 2.2673,3.0567,282.6840 , 1.6753,16.7740,<LOD,0.0000,0.0000,2.2823 , 0.7370,0.3026,6108.8149 , 49.0007,21.4205,3.2488 , 0.9900,0.5696,185.4957 , 13.4820,3.8728,<LOD,7.0175,0.2129,13.5446 , 0.6611,2.2318,53.2041 , 2.8326,0.6822,101.6993 , 1.2157,11.8999,8,400.899994,39.002537,-122.670380,10.000000,528541.375000,4317110.000000,
721,Mining,123.01,32.50,30.15,30.15,30.21,"Wed Apr 15, 2026 - 15:30:39",User,1.5,ppm,,,,,,Mining,,3.1305 , 1.0670,0.6814,137771.1719 , 2657.0977,2.9551,<LOD,1.5608,0.2517,<LOD,3.3511,0.1034,419.9657 , 21.7621,14.9767,429630.2188 , 6533.9712,<LOD,1.4319,0.1304,44716.4531 , 270.5916,54.0122,<LOD,2.2627,1.0525,<LOD,44.4990,0.7100,<LOD,60.5331,13.2318,141.8496 , 6.5747,3.3700,31.2086 , 3.4328,0.4229,37510.4453 , 183.3072,82.9125,<LOD,0.0000,0.0000,3.0348 , 2.0982,0.2318,14261.4170 , 139.6523,9.0194,35292.3594 , 4210.0630,0.1007,645.7661 , 31.2820,1.4401,<LOD,1.0683,4.0754,4.6032 , 0.6085,2.7512,<LOD,8.2573,0.2665,1092.9176 , 141.2079,0.2935,6.8326 , 1.0583,0.3005,<LOD,1.3467,0.4236,41.7733 , 1.2283,1.9546,<LOD,0.0000,0.0000,4112.5532 , 63.2651,1.6514,<LOD,4.3388,3.3341,<LOD,0.9260,0.2047,287661.5938 , 771.5984,26.8288,20.1907 , 2.4203,2.9626,300.1489 , 1.7969,16.0211,<LOD,0.0000,0.0000,3.2887 , 0.8076,0.2988,5827.3774 , 49.5606,18.7496,3.1669 , 1.0802,0.5399,149.7982 , 13.5720,3.3125,<LOD,8.9792,0.2536,25.7498 , 0.8288,2.8096,219.7572 , 5.0907,1.7467,103.2374 , 1.3008,11.0227,10,404.200012,39.002789,-122.670326,10.000000,528546.062500,4317137.500000,
722,Mining,122.89,32.59,30.07,30.13,30.10,"Wed Apr 15, 2026 - 15:33:18",User,1.5,ppm,,,,,,Mining,,<LOD,2.5452,0.6525,135239.0312 , 2625.7295,2.9015,<LOD,1.6708,0.2774,<LOD,3.2706,0.0935,415.6266 , 22.3874,15.0534,437697.2500 , 6465.9165,<LOD,1.4869,0.1337,44860.3594 , 269.5220,53.8146,<LOD,2.3302,1.0634,<LOD,43.6085,0.6737,<LOD,62.1649,13.3757,137.1446 , 6.6490,3.3481,31.3240 , 3.5212,0.4236,38335.4531 , 181.5792,84.0460,<LOD,0.0000,0.0000,<LOD,3.0788,0.2005,12169.4072 , 131.0931,7.7012,31288.0430 , 4104.7256,0.0936,644.2852 , 31.8602,1.4339,<LOD,1.0874,3.9999,4.1393 , 0.6190,2.7031,<LOD,8.6090,0.2805,1242.0157 , 144.0704,0.3078,9.0065 , 1.1239,0.3233,<LOD,1.3841,0.4265,41.5432 , 1.2474,1.9229,<LOD,0.0000,0.0000,4291.7915 , 64.0893,1.6861,<LOD,4.4382,3.2928,<LOD,0.9302,0.1974,286832.1562 , 759.0555,26.4240,12.4426 , 2.4612,2.8843,308.1135 , 1.8330,16.2318,<LOD,0.0000,0.0000,1.6416 , 0.8090,0.2733,5853.5547 , 49.3703,18.5785,3.0508 , 1.0964,0.5323,158.9815 , 13.7621,3.3160,<LOD,9.6331,0.2729,26.3519 , 0.8508,2.8204,289.2350 , 5.8454,2.1861,108.0608 , 1.3447,11.2705,8,404.299988,39.002800,-122.670326,10.000000,528545.750000,4317139.000000,
723,Mining,122.95,32.74,30.04,30.07,30.10,"Wed Apr 15, 2026 - 15:36:14",User,1.5,ppm,,,,,,Mining,,<LOD,1.7093,0.6344,137317.8438 , 2547.3223,2.9515,<LOD,1.4821,0.2571,<LOD,3.0522,0.0979,356.8418 , 20.1868,14.7615,424703.1250 , 6224.9658,<LOD,1.2990,0.1223,45724.7734 , 274.9512,59.0072,<LOD,2.1455,1.1066,<LOD,45.5921,0.7813,<LOD,58.5210,14.0812,135.6799 , 6.2986,3.4859,20.6553 , 3.0657,0.3839,37457.5781 , 189.9200,88.2240,<LOD,0.0000,0.0000,<LOD,4.0234,0.2242,13509.1934 , 133.4064,9.1483,39569.7148 , 4271.3740,0.1087,610.8986 , 29.5652,1.4630,<LOD,1.0131,4.1687,3.2949 , 0.5743,2.7846,<LOD,7.7385,0.2545,810.2928 , 128.2106,0.2482,6.8027 , 1.0101,0.3126,<LOD,1.2544,0.4269,35.9049 , 1.1355,1.8648,<LOD,0.0000,0.0000,2942.8262 , 55.7337,1.3271,<LOD,4.0466,3.3592,<LOD,0.8401,0.1920,290155.6875 , 805.2689,28.8901,15.0473 , 2.2473,2.9420,301.5243 , 1.7847,17.1594,<LOD,0.0000,0.0000,4.0460 , 0.7579,0.3107,5907.6309 , 48.5548,20.0328,5.0902 , 1.0598,0.5974,166.9697 , 13.2576,3.5830,<LOD,7.5938,0.2272,21.7000 , 0.7584,2.6785,123.1350 , 3.8795,1.1613,93.7695 , 1.2273,11.1058,10,404.399994,39.002808,-122.670334,10.000000,528545.437500,4317140.000000,
724,Mining,122.78,32.62,30.07,30.05,30.04,"Wed Apr 15, 2026 - 15:38:33",User,1.5,ppm,,,,,,Mining,,<LOD,2.4837,0.6539,129357.9375 , 2395.1306,2.7867,<LOD,1.5186,0.2664,<LOD,3.0965,0.0971,342.2731 , 21.1740,14.5004,438208.9375 , 5950.0112,<LOD,1.3026,0.1184,44900.8828 , 262.9995,56.8809,<LOD,2.2308,1.0642,<LOD,43.6607,0.7558,<LOD,58.6441,13.5384,127.5756 , 6.1716,3.3419,18.5312 , 3.0720,0.3709,36956.0391 , 176.9692,85.6386,<LOD,0.0000,0.0000,<LOD,3.7153,0.2122,13225.0156 , 130.4531,8.7994,35369.1055 , 4029.2185,0.1012,603.3555 , 29.8508,1.4313,<LOD,1.0215,4.1046,4.0232 , 0.5835,2.7918,<LOD,7.9016,0.2636,888.4785 , 127.9684,0.2614,6.6754 , 1.0156,0.3046,<LOD,1.2917,0.4036,37.2074 , 1.1444,1.8549,<LOD,0.0000,0.0000,3207.1387 , 55.7343,1.4019,<LOD,4.2562,3.3186,<LOD,0.8401,0.1840,290168.8438 , 759.8651,28.3371,15.8792 , 2.3742,2.9430,305.1369 , 1.7687,17.1229,<LOD,0.0000,0.0000,2.9052 , 0.7445,0.2828,5849.2451 , 47.1402,19.5114,2.2515 , 1.0304,0.5434,159.7825 , 13.0453,3.4663,<LOD,7.5062,0.2132,21.7188 , 0.7691,2.6629,127.3608 , 3.9722,1.1748,93.6565 , 1.2339,10.9838,8,404.500000,39.002811,-122.670334,10.000000,528545.187500,4317140.500000,
725,Mining,122.75,32.46,30.00,30.10,30.19,"Wed Apr 15, 2026 - 15:41:08",User,1.5,ppm,,,,,,Mining,,3.8521 , 1.0294,0.7091,135240.8594 , 2480.6714,2.9084,<LOD,1.5398,0.2734,<LOD,3.0758,0.0946,369.6183 , 20.5692,14.8020,427027.5000 , 6159.0029,<LOD,1.3633,0.1281,45543.7070 , 274.8167,58.0586,<LOD,2.1663,1.0804,<LOD,44.8700,0.7971,<LOD,76.2236,13.7557,136.2652 , 6.3819,3.4050,23.1245 , 3.1860,0.3942,36861.8711 , 184.4063,85.7252,<LOD,0.0000,0.0000,<LOD,2.7314,0.1852,13960.8262 , 137.4939,9.3229,39623.5273 , 4161.0186,0.1086,617.2224 , 30.3608,1.4585,<LOD,1.0181,4.1477,4.7829 , 0.5798,2.8192,<LOD,8.0194,0.2689,798.9651 , 125.5109,0.2489,6.1804 , 1.0205,0.3031,<LOD,1.2333,0.3942,38.7441 , 1.1665,1.9139,<LOD,0.0000,0.0000,2765.0115 , 52.8328,1.2510,<LOD,4.1237,3.3593,<LOD,0.8588,0.1919,290240.6562 , 778.8215,28.5444,17.6265 , 2.2986,2.9759,298.2407 , 1.7815,16.8044,<LOD,0.0000,0.0000,4.6579 , 0.7971,0.3277,6018.3062 , 49.2157,20.0912,<LOD,2.5386,0.5253,160.0249 , 13.4934,3.5306,<LOD,7.6633,0.2197,20.3584 , 0.7659,2.5997,121.9900 , 3.9410,1.1411,96.0485 , 1.2548,11.1195,9,404.700012,39.002819,-122.670334,10.000000,528545.000000,4317141.000000,
726,Mining,122.87,32.51,30.07,30.09,30.20,"Wed Apr 15, 2026 - 15:47:28",User,1.5,ppm,,,,,,Mining,,<LOD,2.2832,0.6421,135987.9844 , 2895.1108,2.9279,<LOD,1.5197,0.2362,<LOD,3.2093,0.0937,415.0622 , 21.9848,14.9758,395131.5312 , 7285.1270,<LOD,1.4897,0.1393,48922.5469 , 296.4286,58.3897,<LOD,2.2704,1.0445,<LOD,47.4846,0.7254,<LOD,59.6769,12.5354,135.2179 , 6.5060,3.2282,19.3235 , 3.1984,0.3611,36596.1758 , 200.0954,79.2723,<LOD,0.0000,0.0000,<LOD,3.5220,0.2079,12402.6025 , 132.0739,7.8335,47147.0820 , 4854.7334,0.1242,660.8270 , 31.5721,1.4277,<LOD,1.0594,3.9641,4.8934 , 0.6025,2.6693,<LOD,8.8509,0.3376,902.6138 , 137.8451,0.2503,5.8925 , 1.0273,0.2794,<LOD,1.3209,0.4011,40.0432 , 1.2033,1.8425,<LOD,0.0000,0.0000,11152.7637 , 104.4119,3.9819,<LOD,4.3407,3.2640,<LOD,0.8813,0.1821,304008.7500 , 844.4479,28.6856,19.7864 , 2.4419,2.9729,304.0355 , 1.8856,15.9748,<LOD,0.0000,0.0000,2.2791 , 0.8112,0.2860,5742.3936 , 50.0616,17.9748,1.9360 , 1.0482,0.5045,164.1705 , 13.5398,3.2395,<LOD,9.4097,0.2296,24.2027 , 0.8121,2.6521,108.0944 , 3.8375,0.9831,99.8007 , 1.3020,10.6485,10,404.700012,39.002827,-122.670334,10.000000,528545.187500,4317142.000000,
727,Mining,120.56,30.14,30.08,30.12,29.29,"Wed Apr 15, 2026 - 15:51:20",User,1.5,ppm,,,,,,Mining,,4.1961 , 1.1495,0.7065,137496.7344 , 2947.7041,2.9527,<LOD,1.6013,0.2443,3.9481 , 2.4208,0.1104,503.2990 , 23.5484,15.7572,389480.4062 , 7401.5669,<LOD,1.5113,0.1366,47206.1953 , 283.8998,55.4540,<LOD,2.3767,1.0269,<LOD,47.8596,0.7081,<LOD,62.1401,13.2783,148.6460 , 6.5379,3.2968,82.9422 , 4.4243,0.6613,39178.7227 , 204.6777,83.7024,<LOD,0.0000,0.0000,<LOD,3.6576,0.2231,11605.7031 , 126.6796,7.2304,42246.4453 , 4740.3530,0.1116,752.3195 , 33.3226,1.5566,<LOD,1.5697,4.0290,6.5941 , 0.6415,2.8518,<LOD,8.6561,0.2816,861.3364 , 140.9753,0.2500,7.9109 , 1.1018,0.3061,<LOD,1.4561,0.4423,46.0724 , 1.3111,2.0710,<LOD,0.0000,0.0000,3772.5706 , 64.2428,1.4696,<LOD,4.5972,3.3076,<LOD,0.9797,0.2024,320063.0625 , 852.5584,29.7760,19.0940 , 2.5697,2.9698,363.6752 , 2.1094,18.5237,<LOD,0.0000,0.0000,3.1338 , 0.8442,0.3034,5702.0078 , 48.7042,17.5278,4.5522 , 1.1559,0.5843,152.3807 , 13.2288,3.1080,12.6905 , 5.8388,0.2521,34.6007 , 0.9191,3.2216,133.8819 , 4.2397,1.1444,106.8760 , 1.3801,11.3830,9,404.399994,39.002838,-122.670341,10.000000,528544.875000,4317143.000000,
728,Mining,120.15,30.18,30.17,30.06,29.74,"Wed Apr 15, 2026 - 15:54:02",User,1.5,ppm,,,,,,Mining,,4.0077 , 1.1840,0.6780,131586.6406 , 2945.8010,2.8309,<LOD,1.6293,0.2484,<LOD,3.3757,0.0957,482.5107 , 24.1359,14.9989,406469.0000 , 7340.3765,<LOD,1.4692,0.1251,46742.8867 , 287.1836,53.4103,<LOD,2.4743,1.0120,<LOD,58.0684,1.0463,<LOD,62.2632,12.8780,143.1858 , 6.9821,3.2862,32.8307 , 3.5385,0.4097,38900.7617 , 194.7356,80.8376,<LOD,0.0000,0.0000,<LOD,4.4803,0.2080,14760.7217 , 147.9322,8.8871,37919.5000 , 4705.5630,0.1052,710.0583 , 32.8373,1.4605,<LOD,1.2716,3.9277,5.0338 , 0.6239,2.6253,<LOD,8.6849,0.2760,1221.2588 , 154.3715,0.2997,8.0820 , 1.1108,0.3019,<LOD,1.5276,0.4417,40.9519 , 1.2392,1.8015,<LOD,0.0000,0.0000,4651.3091 , 70.5480,1.7368,<LOD,4.7622,3.2311,<LOD,0.9288,0.1879,309433.4375 , 822.7076,27.9591,20.1937 , 2.6541,2.8704,329.1986 , 1.9479,16.3881,<LOD,0.0000,0.0000,4.3606 , 0.8441,0.3030,6108.3735 , 52.7154,18.4103,2.6639 , 1.1022,0.5149,168.7178 , 14.5253,3.2966,<LOD,8.1749,0.2105,27.6677 , 0.8581,2.7389,117.0895 , 4.0217,1.0009,109.5634 , 1.3685,10.9657,9,404.100006,39.002842,-122.670341,10.000000,528544.875000,4317143.500000,
729,Mining,123.35,33.05,30.10,30.03,30.17,"Wed Apr 15, 2026 - 15:57:13",User,1.5,ppm,,,,,,Mining,,5.4305 , 1.1721,0.7241,139816.5938 , 2861.0044,3.0019,<LOD,1.6567,0.2387,<LOD,3.3590,0.0955,495.9175 , 23.5672,15.5310,380597.4062 , 7306.9893,<LOD,1.5612,0.1429,47715.4844 , 290.3306,56.0256,<LOD,2.3579,0.9891,<LOD,46.1011,0.7118,<LOD,62.5364,13.1483,133.9379 , 6.7125,3.2254,38.3423 , 3.6673,0.4454,39103.4219 , 203.3976,83.4020,<LOD,0.0000,0.0000,<LOD,3.5557,0.2105,12678.7666 , 135.5654,7.8650,42914.2852 , 4591.6118,0.1133,1032.5352 , 37.4108,1.9237,1.8051 , 0.7503,4.1460,5.3445 , 0.6386,2.7666,<LOD,8.7477,0.2841,1073.3058 , 142.7251,0.2822,11.8011 , 1.1954,0.3543,<LOD,1.4478,0.4295,48.2646 , 1.3333,2.1239,<LOD,0.0000,0.0000,4677.3716 , 67.8112,1.7730,<LOD,4.6297,3.3174,<LOD,0.9558,0.2037,322759.5938 , 828.8519,30.2303,22.3014 , 2.5920,2.9837,332.0011 , 1.9958,16.9045,<LOD,0.0000,0.0000,2.9911 , 0.8674,0.3118,6103.8110 , 52.1529,18.8250,3.7450 , 1.1317,0.5492,161.7084 , 14.1422,3.3281,<LOD,12.4279,0.2334,37.2284 , 0.9504,3.3766,111.6415 , 3.9759,0.9891,114.9735 , 1.4061,11.5548,8,404.299988,39.002838,-122.670341,10.000000,528544.562500,4317143.000000,
730,Mining,123.64,33.42,30.06,30.04,30.12,"Wed Apr 15, 2026 - 16:00:57",User,1.5,ppm,,,,,,Mining,,2.5828 , 2.1939,0.6772,395698.2812 , 2265.0852,3.0089,<LOD,0.0688,0.0010,<LOD,0.1444,0.0002,886.3625 , 474.4150,15.0370,614.5477,,<LOD,0.1313,0.0013,90884.1641 , 1513.5504,58.4860,<LOD,3.6028,1.0290,<LOD,78.6803,0.7105,58.0729 , 3.9500,0.1106,238.4881 , 13.5826,3.3283,<LOD,1.3489,0.0337,<LOD,11.0497,0.1694,<LOD,0.0000,0.0000,<LOD,0.4032,0.0025,18045.0586 , 343.3091,7.5136,90541.8203 , 6004.7930,0.1164,428.3376 , 26.5383,0.7070,<LOD,0.0025,0.0000,<LOD,0.0024,-0.0000,20.0498 , 2.2942,0.0897,1538.5411 , 225.3177,0.2389,<LOD,0.0207,-0.0001,<LOD,2.1712,0.4245,<LOD,0.0108,0.0000,<LOD,0.0000,0.0000,9615.4277 , 196.7131,2.5503,<LOD,6.8818,3.2301,<LOD,0.0748,0.0014,381647.8750 , 3406.2668,29.5096,17.2509 , 3.8135,2.8379,<LOD,0.0018,-0.0000,<LOD,0.0000,0.0000,<LOD,0.0677,0.0001,9485.6318 , 218.0102,18.3804,<LOD,0.0204,-0.0001,277.4726 , 26.4733,3.3025,<LOD,1.8478,0.0133,<LOD,0.0030,-0.0000,<LOD,0.7458,0.0197,<LOD,0.0089,0.0001,8,404.000000,39.002838,-122.670334,10.000000,528545.000000,4317143.000000,
731,Mining,120.06,30.16,30.17,30.16,29.57,"Wed Apr 15, 2026 - 16:04:16",User,1.5,ppm,,,,,,Mining,,2.9298 , 1.0872,0.6647,141486.7344 , 2981.5745,3.0370,<LOD,1.5835,0.2475,<LOD,3.2662,0.0940,462.4948 , 22.4861,15.0927,388967.6562 , 7338.1401,<LOD,1.4788,0.1332,47814.3008 , 295.6384,56.8141,<LOD,2.3200,1.0408,<LOD,48.7113,0.7253,<LOD,61.5146,13.1610,129.8849 , 6.7344,3.2714,49.3035 , 3.8137,0.5001,38518.6211 , 206.2490,82.9652,<LOD,0.0000,0.0000,<LOD,3.5999,0.2092,13000.5645 , 137.8498,8.1556,41162.4062 , 4754.0518,0.1110,641.5464 , 31.5293,1.4070,<LOD,1.3395,3.9984,5.0110 , 0.6167,2.7007,<LOD,8.5242,0.2774,834.3173 , 140.1974,0.2439,7.2543 , 1.0761,0.2978,<LOD,1.3951,0.4281,40.2678 , 1.2221,1.8365,<LOD,0.0000,0.0000,3594.0415 , 63.9501,1.4376,<LOD,4.4214,3.2376,<LOD,0.9144,0.1924,316591.5000 , 865.9232,29.7531,19.5670 , 2.4701,2.8968,324.0869 , 1.9707,16.7604,<LOD,0.0000,0.0000,3.0304 , 0.8229,0.2926,5927.5703 , 52.4945,18.6455,2.4098 , 1.0806,0.5203,179.9552 , 14.2805,3.4225,<LOD,10.4146,0.2243,29.7249 , 0.8667,2.9293,99.6759 , 3.7705,0.9237,105.1186 , 1.3474,11.0307,10,403.399994,39.002842,-122.670334,10.000000,528545.187500,4317143.500000,
732,Mining,30.06,29.76,,,,"Wed Apr 15, 2026 - 16:22:07",User,1.5,ppm,,,,,,Mining,,550.5931 , 467.6873,12.4332,,,,26.0727 , 11.2782,0.2498,<LOD,40.3475,0.0835,,,,108515.8516 , 15971.3223,<LOD,12.9631,0.0986,,,,<LOD,47.1374,5.0229,,,,<LOD,619.0348,235.5911,8855.2305 , 108.6391,22.8515,1725.7458 , 64.7166,1.6036,871936.0625 , 671.6038,1581.3149,<LOD,0.0000,0.0000,<LOD,36.3069,0.1655,,,,,,,2891.7495 , 125.2924,11.1557,4248.2256 , 25.8608,50.3357,<LOD,5.0557,0.7293,1033.2893 , 155.8214,0.8558,,,,<LOD,19.2957,0.4533,<LOD,36.9183,5.9874,<LOD,2.1325,-0.0318,<LOD,0.0000,0.0000,,,,<LOD,60.7894,5.8065,9.4277 , 5.8245,0.1759,,,,153.4478 , 30.4056,6.8059,<LOD,2.5344,0.1442,<LOD,0.0000,0.0000,<LOD,18.4624,-1.0383,<LOD,329.9160,1.4676,<LOD,1.8448,0.0011,54.3323 , 51.6182,1.5401,<LOD,0.0000,0.1818,<LOD,4.4873,0.3016,<LOD,23.7764,0.1751,<LOD,3.5205,0.4258,8,437.200012,39.000771,-122.662964,10.000000,529184.437500,4316916.000000,
739,Mining,30.05,30.05,,,,"Wed Apr 15, 2026 - 17:05:37",User,1.5,ppm,,,,,,Mining,,524.1108 , 445.2112,12.4122,,,,<LOD,16.7538,0.2461,<LOD,24.5859,0.0580,,,,118578.8750 , 14989.8818,<LOD,17.6110,0.1183,,,,<LOD,31.9880,4.9549,,,,<LOD,457.9131,235.6424,8834.4033 , 102.7579,22.9832,1629.2617 , 59.5362,1.5814,861685.4375 , 557.4374,1591.6096,<LOD,0.0000,0.0000,<LOD,38.3069,0.1519,,,,,,,2835.5464 , 117.8507,11.1767,4189.9297 , 24.1268,51.1329,<LOD,4.8042,0.7755,1383.0618 , 145.3790,0.8876,,,,47.6690 , 13.5417,0.5321,<LOD,38.8722,6.2030,12.7790 , 2.3045,0.0973,<LOD,0.0000,0.0000,,,,<LOD,57.0025,5.9001,<LOD,6.8572,0.1202,,,,99.7710 , 28.2884,6.7334,<LOD,2.3413,0.1429,<LOD,0.0000,0.0000,<LOD,18.4281,-1.2118,103.7444 , 81.8957,1.5562,<LOD,3.9279,-0.0377,75.4335 , 49.7462,1.5948,<LOD,69.2354,0.1631,<LOD,4.2888,0.3088,<LOD,22.7033,0.1814,<LOD,3.0258,0.4008,,,,,,,,
740,Mining,120.06,30.15,30.24,30.16,29.51,"Wed Apr 15, 2026 - 17:52:21",User,1.5,ppm,,,,,,Mining,,<LOD,1.5043,0.5976,138732.0156 , 2752.6577,2.9804,<LOD,1.5777,0.2524,<LOD,3.3258,0.0999,413.5431 , 21.7465,15.0360,409120.1250 , 6829.1426,<LOD,1.4586,0.1326,47425.8008 , 289.0407,58.1394,<LOD,2.2499,1.0502,<LOD,46.1089,0.7277,<LOD,61.8628,13.6559,133.6506 , 6.6639,3.3585,7.3592 , 2.9405,0.3030,38950.4141 , 200.1535,86.6687,<LOD,0.0000,0.0000,<LOD,3.5342,0.2054,12591.4785 , 134.7789,8.1492,39461.4883 , 4478.4434,0.1089,652.2922 , 31.6959,1.4618,<LOD,1.0790,4.0855,5.3061 , 0.6080,2.7023,<LOD,8.5510,0.2837,1012.0036 , 139.2237,0.2730,6.9494 , 1.0687,0.3003,<LOD,1.3282,0.4161,40.4201 , 1.2167,1.8828,<LOD,0.0000,0.0000,4567.6094 , 67.9376,1.8185,<LOD,4.3167,3.3201,<LOD,0.9133,0.1956,300310.2812 , 818.9577,28.6960,11.3456 , 2.3778,2.8504,287.0605 , 1.8025,15.3566,<LOD,0.0000,0.0000,3.0365 , 0.8149,0.2947,5885.1465 , 50.8517,18.9603,1.8191 , 1.0488,0.5012,163.8145 , 13.9217,3.3968,<LOD,7.8346,0.2076,18.2915 , 0.7719,2.3729,93.1585 , 3.6684,0.8955,105.5725 , 1.3249,11.0433,5,394.200012,39.002949,-122.670357,10.000000,528542.937500,4317155.500000,
741,Mining,122.84,32.65,30.07,30.06,30.06,"Wed Apr 15, 2026 - 17:54:45",User,1.5,ppm,,,,,,Mining,,<LOD,1.8172,0.6261,138885.3594 , 2735.7371,2.9844,<LOD,1.5112,0.2448,<LOD,3.1767,0.0977,404.1405 , 21.4131,14.9083,409655.5312 , 6772.6089,<LOD,1.3855,0.1281,48147.6367 , 294.6309,59.6855,<LOD,2.2296,1.0584,<LOD,45.2412,0.7160,<LOD,60.2112,13.8538,136.1539 , 6.7624,3.4535,11.8490 , 2.9470,0.3264,38719.3984 , 200.4971,87.1382,<LOD,0.0000,0.0000,<LOD,3.7520,0.1997,12602.2236 , 135.7287,8.2594,42703.4727 , 4531.0820,0.1148,632.7388 , 30.5112,1.4475,<LOD,1.0517,4.1457,4.8558 , 0.5907,2.7198,<LOD,8.2816,0.2836,886.8758 , 138.3885,0.2716,6.4911 , 1.0339,0.3009,<LOD,1.3231,0.4233,40.0975 , 1.1947,1.9241,<LOD,0.0000,0.0000,4514.9775 , 67.1972,1.8199,<LOD,4.2803,3.3655,<LOD,0.8693,0.1900,296039.3438 , 820.5801,28.5514,15.3850 , 2.3626,2.8970,290.4177 , 1.7867,15.7234,<LOD,0.0000,0.0000,5.3841 , 0.8167,0.3353,5902.9331 , 51.4097,19.2232,4.1284 , 1.0596,0.5495,171.6634 , 14.0974,3.4812,<LOD,7.1603,0.1850,17.7900 , 0.7459,2.3694,95.4653 , 3.5896,0.9181,105.6669 , 1.2968,11.2365,7,391.799988,39.002785,-122.670578,10.000000,528524.250000,4317137.000000,
742,Mining,120.59,30.23,30.17,30.09,30.10,"Thu Apr 16, 2026 - 09:18:24",User,1.5,ppm,,,,,,Mining,,<LOD,1.5923,0.5779,135579.1250 , 2965.1523,2.9153,<LOD,1.5362,0.2045,<LOD,3.4180,0.0970,442.7585 , 23.3457,14.9850,393321.8438 , 7487.2251,<LOD,1.4843,0.1262,50979.9922 , 298.3618,59.1618,<LOD,2.4102,1.0425,<LOD,47.4769,0.7058,<LOD,62.6435,12.8407,134.4948 , 6.7249,3.2571,6.9918 , 2.9895,0.2881,38831.0469 , 203.7474,81.2692,<LOD,0.0000,0.0000,<LOD,3.3987,0.1922,12689.6562 , 133.9673,7.8123,43069.0859 , 4805.1294,0.1149,675.9937 , 32.6360,1.4211,<LOD,1.6520,4.0126,7.1865 , 0.6367,2.7186,<LOD,8.6542,0.2675,837.0363 , 136.4052,0.2370,7.0622 , 1.0943,0.2892,<LOD,1.4381,0.4228,41.7356 , 1.2640,1.8515,<LOD,0.0000,0.0000,6635.4678 , 81.5055,2.4036,<LOD,4.6032,3.2471,<LOD,0.9376,0.1898,310010.4062 , 830.3973,28.4976,17.5493 , 2.5711,2.9042,307.2663 , 1.9114,15.4456,<LOD,0.0000,0.0000,3.4830 , 0.8385,0.2901,5998.1143 , 51.3588,18.1833,3.7499 , 1.1133,0.5197,182.4739 , 14.0962,3.3302,<LOD,7.8143,0.1898,20.0587 , 0.8027,2.3538,83.8892 , 3.5960,0.7918,113.5274 , 1.3918,11.0796,7,392.100006,39.002888,-122.670326,10.000000,528546.125000,4317148.500000,
743,Mining,123.07,32.65,30.17,30.14,30.11,"Thu Apr 16, 2026 - 09:20:47",User,1.5,ppm,,,,,,Mining,,<LOD,1.6051,0.5862,135505.0000 , 2802.7007,2.9125,<LOD,1.5953,0.2304,<LOD,3.2477,0.0876,440.5157 , 23.3224,14.9431,399153.0312 , 7140.2891,<LOD,1.5048,0.1307,49749.2734 , 296.7560,58.5861,<LOD,2.4111,1.0401,<LOD,45.4822,0.7128,<LOD,63.2928,13.3581,152.0722 , 6.9944,3.3957,8.1954 , 3.0333,0.2992,40120.0352 , 201.4063,85.2319,<LOD,0.0000,0.0000,3.1712 , 2.0669,0.2115,12437.9531 , 136.3440,7.7579,41456.7852 , 4543.8755,0.1117,715.1602 , 33.1111,1.4951,<LOD,1.1058,3.9371,5.3919 , 0.6231,2.6093,<LOD,8.9691,0.2983,833.8821 , 127.5010,0.2282,7.5998 , 1.1107,0.3005,<LOD,1.4473,0.4273,39.6328 , 1.2345,1.7782,<LOD,0.0000,0.0000,6472.8975 , 77.3407,2.3786,<LOD,4.6077,3.2476,<LOD,0.9467,0.1999,306210.7812 , 796.0566,28.3587,12.6230 , 2.5483,2.8250,310.5926 , 1.8998,15.7485,<LOD,0.0000,0.0000,3.1819 , 0.8396,0.2892,5977.9351 , 51.8410,18.3581,2.7643 , 1.1040,0.5117,170.6996 , 14.3600,3.3031,<LOD,7.8447,0.1928,19.9661 , 0.7983,2.3517,80.8056 , 3.5499,0.7794,110.0236 , 1.3731,10.9882,7,392.700012,39.002903,-122.670357,10.000000,528543.125000,4317150.500000,
744,Mining,120.49,30.19,30.10,30.08,28.63,"Thu Apr 16, 2026 - 09:23:43",User,1.5,ppm,,,,,,Mining,,<LOD,1.5757,0.5947,141314.8438 , 3054.4473,3.0331,<LOD,1.6208,0.2415,<LOD,3.5266,0.1055,453.9453 , 22.9102,15.2100,394480.2188 , 7552.5938,<LOD,1.5209,0.1352,44992.8516 , 282.1331,52.9650,<LOD,2.3521,1.0405,<LOD,51.7207,0.7978,<LOD,72.5910,13.3710,133.6525 , 6.5675,3.2702,24.1655 , 3.3848,0.3772,38925.3281 , 209.9920,83.5907,<LOD,0.0000,0.0000,<LOD,3.0168,0.1948,13784.0547 , 138.8818,8.5220,42443.6133 , 4859.5522,0.1133,640.9285 , 32.1124,1.4060,<LOD,1.1014,3.9676,5.3550 , 0.6231,2.6479,<LOD,8.9078,0.2968,1057.0818 , 145.2947,0.2594,8.4251 , 1.1250,0.3121,<LOD,1.4290,0.4388,40.9909 , 1.2546,1.8616,<LOD,0.0000,0.0000,2431.3093 , 56.1735,1.0628,<LOD,4.5199,3.3041,<LOD,0.9530,0.1983,312690.0938 , 872.1910,28.9634,14.9130 , 2.5009,2.8744,304.5513 , 1.9261,15.6971,<LOD,0.0000,0.0000,3.7269 , 0.8562,0.3077,5859.8960 , 50.6458,18.2452,3.0919 , 1.0992,0.5169,147.9831 , 13.5243,3.2107,<LOD,8.1959,0.2130,20.8859 , 0.8096,2.4461,111.3048 , 3.9865,0.9891,106.7720 , 1.3678,10.9050,7,391.500000,39.002880,-122.670395,10.000000,528540.125000,4317148.000000,
745,Mining,120.51,30.03,30.30,30.12,30.06,"Thu Apr 16, 2026 - 09:26:33",User,1.5,ppm,,,,,,Mining,,<LOD,1.9305,0.6042,137583.2656 , 2948.8140,2.9514,<LOD,1.6079,0.2284,<LOD,3.3843,0.0918,491.5862 , 23.5597,14.9745,390134.5312 , 7536.0508,<LOD,1.5584,0.1350,49235.7812 , 288.7303,55.7001,<LOD,2.3682,0.9648,<LOD,46.1382,0.6973,<LOD,63.2823,12.8129,153.7457 , 6.9365,3.3333,23.7134 , 3.4014,0.3626,39598.5312 , 198.3016,80.9773,<LOD,0.0000,0.0000,<LOD,4.6110,0.2011,12461.3281 , 134.2151,7.4925,42346.8164 , 4611.9199,0.1109,692.7274 , 32.9593,1.4188,<LOD,1.7017,3.9017,4.9278 , 0.6282,2.5394,<LOD,8.9688,0.2873,731.2656 , 126.1104,0.2105,7.3169 , 1.1076,0.2874,<LOD,1.4650,0.4254,38.4090 , 1.2326,1.6931,<LOD,0.0000,0.0000,1468.8733 , 43.8937,0.7114,<LOD,4.6517,3.2437,<LOD,0.9701,0.2007,318310.6250 , 802.2754,28.4705,21.4606 , 2.5896,2.8660,322.9218 , 1.9464,15.7818,<LOD,0.0000,0.0000,1.7584 , 0.8374,0.2647,5982.3301 , 50.9740,17.6642,3.9468 , 1.1301,0.5192,167.3342 , 14.0841,3.1708,<LOD,7.9951,0.1927,24.0598 , 0.8339,2.4759,83.4225 , 3.6115,0.7756,109.3207 , 1.3786,10.6684,7,393.899994,39.002869,-122.670425,10.000000,528537.625000,4317146.500000,
746,Mining,123.65,33.32,30.14,30.10,30.09,"Thu Apr 16, 2026 - 09:29:47",User,1.5,ppm,,,,,,Mining,,<LOD,2.4153,0.6000,397797.3125 , 2274.8176,2.9569,<LOD,0.0598,0.0007,<LOD,0.0333,-0.0000,948.1846 , 507.4753,15.4495,610.8093,,<LOD,0.1652,0.0020,91479.8672 , 1520.7126,58.1331,<LOD,3.6511,1.0849,<LOD,79.7523,0.7372,61.9154 , 4.1005,0.1151,245.7680 , 14.2318,3.4454,<LOD,1.4215,0.0363,<LOD,11.3795,0.1737,<LOD,0.0000,0.0000,<LOD,0.4644,0.0039,20400.7051 , 378.9312,8.3595,94194.0781 , 5997.4097,0.1172,470.2739 , 27.8610,0.7465,<LOD,0.0039,0.0000,<LOD,0.0037,-0.0000,21.6788 , 2.3746,0.0930,1786.8114 , 224.5654,0.2427,<LOD,0.0254,-0.0001,<LOD,2.1855,0.4393,<LOD,0.0203,0.0002,<LOD,0.0000,0.0000,5608.5249 , 135.5228,1.5783,<LOD,6.9343,3.3761,<LOD,0.0625,0.0008,376204.1562 , 3370.6931,28.5122,31.4933 , 3.8791,3.0053,<LOD,0.0029,-0.0001,<LOD,0.0000,0.0000,<LOD,0.0796,-0.0002,9858.9785 , 226.5076,18.8651,<LOD,0.0338,0.0001,279.4335 , 27.5608,3.3749,<LOD,1.9550,0.0145,<LOD,0.0021,-0.0000,<LOD,0.7648,0.0201,<LOD,0.0078,-0.0000,7,391.100006,39.002869,-122.670372,10.000000,528542.250000,4317146.500000,
747,Mining,120.09,30.08,30.06,30.12,29.83,"Thu Apr 16, 2026 - 09:32:52",User,1.5,ppm,,,,,,Mining,,<LOD,1.5172,0.5959,138452.1250 , 2910.2922,2.9718,<LOD,1.5335,0.2367,<LOD,3.3743,0.1039,417.7203 , 21.8709,14.8798,401974.1562 , 7252.7124,<LOD,1.4329,0.1293,46690.1680 , 287.4248,56.0649,<LOD,2.2869,1.0688,<LOD,47.8128,0.7329,<LOD,61.0569,13.4324,138.3325 , 6.6155,3.3398,22.3202 , 3.2412,0.3727,38572.6289 , 204.3886,84.3375,<LOD,0.0000,0.0000,3.0213 , 2.0424,0.2232,11766.0693 , 129.4926,7.4818,45642.4219 , 4760.6377,0.1179,632.8545 , 31.1286,1.4188,<LOD,1.0611,3.9600,5.7846 , 0.6081,2.7268,<LOD,8.4391,0.2793,749.5159 , 131.4550,0.2232,6.6467 , 1.0522,0.2939,<LOD,1.3154,0.3988,34.5624 , 1.1463,1.6499,<LOD,0.0000,0.0000,2678.5498 , 56.0680,1.1506,<LOD,4.3638,3.3475,<LOD,0.9165,0.1982,305578.1875 , 849.6131,28.6350,17.6194 , 2.4159,2.9072,299.2516 , 1.8567,15.7353,<LOD,0.0000,0.0000,3.8983 , 0.8121,0.3006,5901.6870 , 50.4686,18.5726,2.8651 , 1.0637,0.5183,170.9231 , 13.7584,3.3496,<LOD,7.8778,0.2121,21.2279 , 0.7783,2.4464,111.7051 , 3.8785,1.0088,105.7753 , 1.3234,11.0022,7,387.600006,39.002880,-122.670380,10.000000,528541.250000,4317148.000000,
748,Mining,33.07,30.12,2.95,,,"Thu Apr 16, 2026 - 09:33:34",User,1.5,ppm,,,,,,Mining,,<LOD,12.0078,30.9451,,,,<LOD,1.8376,0.2370,6.2192 , 2.8829,0.1169,,,,889304.8750 , 1550.2711,<LOD,1.8712,0.1564,47511.1445 , 1240.4723,48.7164,<LOD,8.1703,29.0311,,,,<LOD,90.5832,13.7201,161.8180 , 35.5776,3.2394,13.4111 , 3.5656,0.3208,44849.2852 , 140.9116,85.5918,<LOD,0.0000,0.0000,<LOD,5.6714,0.2187,11156.0078 , 655.2957,6.8812,,,,748.8980 , 35.7493,1.4460,<LOD,1.7365,4.1292,6.6144 , 0.7306,2.7729,<LOD,10.0380,0.2792,,,,9.3984 , 1.2757,0.3055,<LOD,8.8022,35.8600,37.2695 , 1.3723,1.7067,<LOD,0.0000,0.0000,,,,<LOD,14.0596,31.6351,<LOD,1.1479,0.2097,,,,<LOD,9.8571,26.3003,332.7292 , 1.9059,15.9709,<LOD,0.0000,0.0000,2.6137 , 1.0067,0.3072,5434.5498 , 241.7138,16.1633,3.7753 , 1.2804,0.5337,131.7431 , 70.2159,2.8580,<LOD,9.1954,0.2050,24.3845 , 0.9398,2.5512,147.7169 , 4.7410,1.0851,117.5388 , 1.5237,11.2858,7,388.000000,39.002865,-122.670364,10.000000,528542.687500,4317146.000000,
749,Mining,120.42,30.10,30.12,30.07,30.13,"Thu Apr 16, 2026 - 09:35:54",User,1.5,ppm,,,,,,Mining,,<LOD,1.5052,0.5500,128452.8438 , 2646.6326,2.7618,<LOD,1.5894,0.2429,<LOD,3.3607,0.0980,446.0477 , 22.5374,15.0541,433756.1562 , 6649.0386,<LOD,1.5854,0.1507,47351.0742 , 282.2387,55.9926,<LOD,2.3230,1.0350,<LOD,45.2730,0.7195,<LOD,96.9300,13.8019,144.0253 , 7.0099,3.4265,14.7597 , 3.1367,0.3325,39937.0508 , 185.8617,85.7194,<LOD,0.0000,0.0000,3.2558 , 2.0597,0.2171,11895.2715 , 133.2620,7.4521,34441.9453 , 4263.1973,0.0980,665.7032 , 31.9273,1.4443,<LOD,1.4848,4.0933,6.6434 , 0.6290,2.7770,<LOD,8.6934,0.2800,970.7020 , 131.3778,0.2489,7.2882 , 1.0875,0.2991,<LOD,1.4087,0.4348,38.3753 , 1.2033,1.7547,<LOD,0.0000,0.0000,2998.2085 , 55.5960,1.2419,<LOD,4.4426,3.2346,<LOD,0.9197,0.1906,292023.1875 , 762.6882,26.6337,18.1142 , 2.4836,2.9012,315.0391 , 1.8458,16.1418,<LOD,0.0000,0.0000,2.1502 , 0.8511,0.2949,6083.9575 , 51.7155,18.9191,2.4717 , 1.0906,0.5183,159.2629 , 14.4136,3.3488,<LOD,7.8687,0.2011,22.7717 , 0.8102,2.5284,132.9193 , 4.1879,1.1242,110.8022 , 1.3510,11.2086,6,388.200012,39.002857,-122.670403,10.000000,528539.250000,4317145.500000,
750,Mining,120.32,30.00,30.09,30.04,30.19,"Thu Apr 16, 2026 - 09:40:23",User,1.5,ppm,,,,,,Mining,,<LOD,1.6542,0.5964,130911.7344 , 2803.1108,2.8124,<LOD,1.6706,0.2347,<LOD,3.4981,0.0984,466.2496 , 24.0248,15.2528,422108.9062 , 7070.8086,<LOD,1.5545,0.1344,49549.0547 , 285.5914,57.0784,<LOD,2.4410,1.0131,<LOD,47.2126,0.7353,<LOD,63.9911,13.1481,143.5336 , 6.8334,3.2652,14.5660 , 3.2322,0.3276,39756.8477 , 189.6067,82.7665,<LOD,0.0000,0.0000,4.9933 , 2.1587,0.2237,11864.6289 , 131.1142,7.2735,34875.3242 , 4417.7808,0.0989,687.2062 , 33.1233,1.4390,<LOD,1.8126,4.0235,5.7639 , 0.6415,2.6555,<LOD,9.0918,0.2963,856.4587 , 133.3093,0.2374,10.3977 , 1.1911,0.3333,<LOD,1.4652,0.4182,41.1205 , 1.2701,1.8133,<LOD,0.0000,0.0000,3701.9241 , 61.5086,1.4352,<LOD,4.6939,3.1918,<LOD,0.9754,0.2010,298334.0000 , 776.4073,26.7187,15.9425 , 2.6338,2.9023,338.0517 , 1.9721,16.7874,<LOD,0.0000,0.0000,4.1938 , 0.8826,0.3136,5877.5361 , 49.9914,17.6619,2.9753 , 1.1470,0.5319,168.0918 , 14.0363,3.1848,<LOD,8.0474,0.1951,23.8030 , 0.8453,2.5473,124.8477 , 4.1904,1.0452,111.8231 , 1.4020,11.1685,7,390.200012,39.002872,-122.670395,10.000000,528540.250000,4317147.000000,
751,Mining,120.40,30.25,30.07,30.03,30.05,"Thu Apr 16, 2026 - 09:42:48",User,1.5,ppm,,,,,,Mining,,<LOD,1.6483,0.5822,130574.9766 , 2861.0537,2.8057,<LOD,1.6380,0.2246,4.0555 , 2.4582,0.1056,499.0664 , 24.0907,15.2257,416222.9688 , 7230.0928,<LOD,1.5362,0.1307,47866.0352 , 280.4623,54.3008,<LOD,2.4556,1.0130,<LOD,47.0195,0.7164,<LOD,63.9116,13.1131,137.1457 , 6.8116,3.2181,15.5701 , 3.2423,0.3287,40113.8984 , 191.3641,82.5256,<LOD,0.0000,0.0000,<LOD,3.8257,0.2047,12885.2520 , 135.7301,7.7316,36985.8164 , 4515.8125,0.1024,679.2114 , 32.8526,1.4152,1.6578 , 0.7506,4.0390,6.5779 , 0.6315,2.6600,<LOD,8.9292,0.2780,981.1215 , 135.9815,0.2470,9.9812 , 1.1684,0.3194,<LOD,1.5278,0.4503,43.6849 , 1.2860,1.8694,<LOD,0.0000,0.0000,3583.0022 , 60.7722,1.3793,<LOD,4.7498,3.2725,<LOD,0.9914,0.1945,302569.3438 , 780.3641,26.8304,19.1600 , 2.6366,2.8735,336.3814 , 1.9649,16.4776,<LOD,0.0000,0.0000,2.7992 , 0.8537,0.2854,6009.7842 , 50.6449,17.8856,<LOD,2.7710,0.5038,158.7505 , 14.0532,3.1726,<LOD,8.5202,0.2187,24.3931 , 0.8503,2.5643,151.8109 , 4.5060,1.2013,117.5682 , 1.4187,11.3330,7,397.899994,39.002880,-122.670372,10.000000,528541.687500,4317148.000000,
752,Mining,120.45,30.13,30.13,30.04,30.15,"Thu Apr 16, 2026 - 09:51:37",User,1.5,ppm,,,,,,Mining,,<LOD,1.5124,0.5860,106863.6875 , 2363.4612,2.3129,<LOD,1.4566,0.2033,<LOD,3.1464,0.0935,414.4800 , 22.1399,15.2037,489399.0938 , 6366.9409,<LOD,1.4118,0.1300,45069.1289 , 275.2812,56.0786,<LOD,2.3028,1.0719,<LOD,43.3914,0.7492,<LOD,61.8608,14.6113,138.9037 , 6.9920,3.5563,<LOD,5.9438,0.2863,40741.4961 , 184.3436,92.4426,<LOD,0.0000,0.0000,<LOD,2.8620,0.1954,7085.6880 , 106.6532,4.8217,50157.2188 , 4494.2622,0.1246,717.2737 , 31.9514,1.5935,<LOD,1.0681,4.2002,5.7621 , 0.6066,2.8405,<LOD,8.3006,0.2638,764.7925 , 117.5113,0.2195,7.2057 , 1.0564,0.3075,<LOD,1.3652,0.4282,15.0611 , 0.8819,0.9282,<LOD,0.0000,0.0000,5519.4600 , 68.8112,2.1621,<LOD,4.3949,3.3392,<LOD,0.8644,0.1825,245665.8594 , 709.8594,22.4256,11.8242 , 2.4261,2.8875,285.5436 , 1.7091,15.4147,<LOD,0.0000,0.0000,3.9910 , 0.7953,0.2966,6662.2349 , 54.0377,21.8646,2.0628 , 1.0132,0.4897,199.4505 , 15.2493,3.9517,<LOD,7.8198,0.2164,18.9896 , 0.7235,2.2262,137.6732 , 4.1604,1.2059,113.1393 , 1.3193,11.6666,4,393.000000,39.002350,-122.670349,10.000000,528543.937500,4317089.000000,
753,Mining,120.36,30.27,30.13,30.10,29.86,"Thu Apr 16, 2026 - 09:54:32",User,1.5,ppm,,,,,,Mining,,<LOD,1.4610,0.5914,112015.3594 , 2417.4121,2.4201,<LOD,1.4050,0.1842,<LOD,3.0661,0.0905,374.7748 , 21.0556,14.7492,494760.5000 , 6246.1494,<LOD,1.3969,0.1299,44979.2812 , 271.8907,57.4475,<LOD,2.2370,1.0999,<LOD,44.6768,0.7334,<LOD,62.0060,14.9180,138.1689 , 6.7361,3.5840,6.3255 , 2.8810,0.3108,40181.9648 , 186.4446,93.7117,<LOD,0.0000,0.0000,<LOD,2.8172,0.1920,7260.8135 , 104.9907,5.0370,42233.7500 , 4444.7202,0.1118,712.8574 , 31.9605,1.6196,<LOD,1.0543,4.1751,4.5942 , 0.5990,2.8257,<LOD,8.3979,0.2807,766.9145 , 124.4021,0.2285,6.8481 , 1.0461,0.3079,<LOD,1.3034,0.4211,16.8659 , 0.9077,1.0227,<LOD,0.0000,0.0000,5238.9004 , 70.5329,2.1073,<LOD,4.2346,3.3771,<LOD,0.8569,0.1843,244102.6562 , 741.1940,22.8429,13.5250 , 2.3300,2.8819,274.4793 , 1.6848,15.2886,<LOD,0.0000,0.0000,2.9357 , 0.7747,0.2823,6450.4229 , 52.0623,21.7334,2.0535 , 1.0091,0.4961,184.9839 , 14.5414,3.8899,<LOD,7.7925,0.2190,17.8527 , 0.7183,2.2365,146.6629 , 4.2800,1.3006,106.5444 , 1.2929,11.4579,4,390.000000,39.002396,-122.670158,10.000000,528560.500000,4317094.000000,
754,Mining,120.55,30.20,30.17,30.07,30.11,"Thu Apr 16, 2026 - 09:57:02",User,1.5,ppm,,,,,,Mining,,<LOD,1.5337,0.5978,108675.2344 , 2389.4956,2.3500,<LOD,1.4875,0.2142,<LOD,3.0048,0.0834,430.2639 , 21.9703,14.9385,486747.7812 , 6282.4199,<LOD,1.4724,0.1387,44154.6641 , 263.2600,53.4969,<LOD,2.3239,1.0880,<LOD,41.8339,0.6510,<LOD,60.7956,13.5957,136.3516 , 6.6791,3.3842,15.9013 , 3.1205,0.3507,38906.2305 , 173.9576,86.3348,<LOD,0.0000,0.0000,<LOD,3.4323,0.2095,7479.2676 , 105.6950,4.9192,41131.4102 , 4327.0093,0.1090,694.2791 , 31.8652,1.5271,<LOD,1.0490,4.0570,4.3432 , 0.6055,2.8405,<LOD,8.3267,0.2710,803.9913 , 123.8250,0.2301,6.7982 , 1.0585,0.3028,<LOD,1.3597,0.4198,24.9954 , 1.0163,1.2890,<LOD,0.0000,0.0000,6172.4536 , 73.3401,2.3250,<LOD,4.3721,3.2870,<LOD,0.8654,0.1825,257572.3906 , 717.5587,23.1797,16.4402 , 2.4213,2.8625,308.2308 , 1.7730,16.3946,<LOD,0.0000,0.0000,4.4033 , 0.8314,0.3193,6301.6133 , 51.0851,20.2951,<LOD,2.2376,0.4955,174.9231 , 14.3334,3.6216,<LOD,7.8910,0.2165,35.0997 , 0.8744,3.1927,96.0388 , 3.6619,0.9180,106.8997 , 1.3074,11.3420,5,389.399994,39.002285,-122.670250,10.000000,528552.875000,4317082.000000,
755,Mining,120.51,30.24,30.06,30.06,30.15,"Thu Apr 16, 2026 - 09:59:36",User,1.5,ppm,,,,,,Mining,,<LOD,1.4557,0.5943,113084.5938 , 2331.2393,2.4427,<LOD,1.4010,0.2084,<LOD,2.9617,0.0913,357.8761 , 20.8955,14.6332,483018.7500 , 6070.9541,<LOD,1.3449,0.1299,43923.3398 , 263.4995,56.2628,<LOD,2.2495,1.1307,<LOD,40.2584,0.6434,<LOD,59.4652,14.7597,142.7808 , 6.6038,3.6304,9.6082 , 2.8517,0.3287,40077.7734 , 182.4195,93.9950,<LOD,0.0000,0.0000,<LOD,3.3064,0.2025,7439.0273 , 103.7804,5.1675,45326.0898 , 4318.4185,0.1167,696.2993 , 30.7025,1.6074,<LOD,1.0229,4.2414,4.4307 , 0.5885,2.9316,<LOD,8.0713,0.2807,724.5651 , 120.9388,0.2344,7.1498 , 1.0123,0.3116,<LOD,1.2942,0.4200,22.5929 , 0.9548,1.2619,<LOD,0.0000,0.0000,5892.9761 , 70.9974,2.3294,<LOD,4.2215,3.4013,<LOD,0.8128,0.1786,252272.6094 , 724.7276,23.8550,13.6162 , 2.3215,2.8958,289.2801 , 1.6857,16.1985,<LOD,0.0000,0.0000,1.7549 , 0.7312,0.2650,6301.2563 , 50.9628,21.5177,2.0965 , 0.9923,0.5181,176.5287 , 14.1201,3.8499,<LOD,6.9254,0.1862,30.0901 , 0.8036,3.0205,81.7936 , 3.3301,0.8526,103.1246 , 1.2444,11.4368,5,389.399994,39.002361,-122.670212,10.000000,528556.312500,4317090.500000,
756,Mining,120.52,30.08,30.07,30.27,30.10,"Thu Apr 16, 2026 - 10:02:10",User,1.5,ppm,,,,,,Mining,,<LOD,1.4481,0.5990,110816.9062 , 2204.7441,2.3944,<LOD,1.4637,0.2124,<LOD,3.3064,0.1061,396.9631 , 21.1814,15.4882,504490.3438 , 5757.0625,<LOD,1.4039,0.1317,45053.6016 , 264.6092,58.2273,<LOD,2.2197,1.1133,<LOD,40.0059,0.6684,<LOD,61.9850,14.9838,134.7839 , 6.6427,3.5956,14.1626 , 3.0866,0.3590,40359.8516 , 176.9860,95.2806,<LOD,0.0000,0.0000,<LOD,3.5787,0.2205,6126.1499 , 96.6443,4.3737,37889.7344 , 4021.9646,0.1036,686.9024 , 31.7218,1.6062,<LOD,1.0690,4.2954,4.9267 , 0.6084,2.9208,<LOD,8.2951,0.2693,642.6419 , 115.6629,0.2218,6.8085 , 1.0554,0.3143,<LOD,1.2708,0.4117,13.8769 , 0.8788,0.9294,<LOD,0.0000,0.0000,2276.1018 , 47.3330,1.0685,<LOD,4.2349,3.4761,<LOD,0.8875,0.1946,243846.4375 , 693.6872,22.9495,17.4563 , 2.3536,3.0551,291.4612 , 1.7177,16.3877,<LOD,0.0000,0.0000,4.0181 , 0.7944,0.3048,6402.2656 , 50.4116,21.7298,2.5725 , 1.0374,0.5260,173.9601 , 14.2281,3.8379,<LOD,8.3305,0.2518,19.6930 , 0.7335,2.3512,217.7062 , 5.0538,1.8186,110.6418 , 1.3171,12.0553,3,391.000000,39.002403,-122.670128,10.000000,528563.500000,4317095.000000,
757,Mining,120.52,30.19,30.03,30.13,30.17,"Thu Apr 16, 2026 - 10:04:39",User,1.5,ppm,,,,,,Mining,,<LOD,1.4648,0.5719,102962.3516 , 2211.6973,2.2293,<LOD,1.4266,0.1951,<LOD,3.1275,0.0892,410.6863 , 21.4027,14.8554,527016.2500 , 5709.9141,<LOD,1.4300,0.1288,45128.6602 , 259.1926,56.0138,<LOD,2.2434,1.0616,<LOD,40.8208,0.6310,<LOD,62.8819,14.5935,130.4148 , 6.6809,3.4987,12.6399 , 3.1019,0.3419,40553.0195 , 168.4911,91.7375,<LOD,0.0000,0.0000,<LOD,2.9609,0.1891,6180.7871 , 96.8957,4.2432,29771.4707 , 3964.6375,0.0892,688.1555 , 32.0024,1.5477,<LOD,1.0905,4.2228,3.6292 , 0.6090,2.7416,<LOD,8.5649,0.2783,596.9988 , 115.2136,0.1979,4.6659 , 1.0120,0.2724,<LOD,1.3003,0.4030,18.8372 , 0.9649,1.0975,<LOD,0.0000,0.0000,2446.5933 , 50.5121,1.1044,<LOD,4.2931,3.3509,<LOD,0.8608,0.1723,236849.4531 , 686.1343,21.2339,18.1918 , 2.3761,2.9080,293.4493 , 1.7085,15.7868,<LOD,0.0000,0.0000,1.9327 , 0.7739,0.2590,6289.8994 , 49.9157,20.6236,3.7778 , 1.0698,0.5279,184.5797 , 14.2944,3.7333,<LOD,9.0430,0.2800,18.9613 , 0.7425,2.2639,305.5242 , 5.9029,2.3382,109.0609 , 1.3151,11.4590,5,391.700012,39.002342,-122.670250,10.000000,528552.750000,4317088.000000,
758,Mining,122.74,32.49,30.09,30.04,30.12,"Thu Apr 16, 2026 - 10:07:11",User,1.5,ppm,,,,,,Mining,,<LOD,1.4650,0.5858,100902.2109 , 2126.6799,2.1880,<LOD,1.4066,0.1962,<LOD,3.0303,0.0915,383.4551 , 21.1596,14.7536,529888.0625 , 5548.1724,<LOD,1.3666,0.1283,43419.2227 , 259.4840,54.3251,<LOD,2.2338,1.0777,<LOD,43.3380,0.7662,<LOD,60.2823,14.5328,129.2135 , 6.7348,3.4595,6.9305 , 2.8483,0.3135,39972.0469 , 163.9272,91.6784,<LOD,0.0000,0.0000,<LOD,2.7342,0.1834,6481.4829 , 100.8432,4.4612,32202.6113 , 3926.0454,0.0940,706.2034 , 31.1271,1.5871,<LOD,1.0427,4.2386,4.4768 , 0.5884,2.8216,<LOD,8.1368,0.2703,639.1614 , 114.0007,0.2071,7.1576 , 1.0304,0.3086,<LOD,1.2940,0.4083,12.6634 , 0.8298,0.8489,<LOD,0.0000,0.0000,4907.7524 , 64.6311,1.9563,<LOD,4.2339,3.3075,<LOD,0.8251,0.1738,233235.7969 , 669.4979,21.1072,10.6577 , 2.3292,2.8279,276.3737 , 1.6019,15.1536,<LOD,0.0000,0.0000,3.5493 , 0.7658,0.2883,6355.6484 , 50.6037,20.9928,2.1721 , 0.9869,0.4903,183.0736 , 14.5500,3.7649,<LOD,7.8021,0.2270,17.7938 , 0.6955,2.1781,145.1320 , 4.1639,1.2748,107.1629 , 1.2544,11.3712,6,394.500000,39.002388,-122.670296,10.000000,528548.812500,4317093.500000,
759,Mining,120.34,30.02,30.11,30.08,28.93,"Thu Apr 16, 2026 - 10:10:00",User,1.5,ppm,,,,,,Mining,,<LOD,1.5095,0.5809,101341.1875 , 2306.4255,2.1974,<LOD,1.4808,0.1997,<LOD,3.2616,0.0965,386.1875 , 21.8514,14.6303,515478.2500 , 6135.0400,<LOD,1.4013,0.1229,44695.9883 , 269.1658,55.0959,<LOD,2.3283,1.0984,<LOD,43.9830,0.7263,<LOD,63.2828,14.7554,159.3380 , 7.1375,3.7331,14.0710 , 3.1242,0.3444,41183.4805 , 177.5661,92.6952,<LOD,0.0000,0.0000,<LOD,3.0256,0.2077,6594.1704 , 103.1917,4.4787,39688.9727 , 4336.7949,0.1065,702.4148 , 32.2420,1.5662,<LOD,1.0934,4.2430,4.3949 , 0.6092,2.7419,<LOD,8.6070,0.2775,695.1456 , 122.0073,0.2204,7.7319 , 1.0805,0.3090,<LOD,1.3678,0.4279,12.4760 , 0.8613,0.8270,<LOD,0.0000,0.0000,4192.5732 , 62.5541,1.6874,<LOD,4.3888,3.3315,<LOD,0.8946,0.1870,237476.4375 , 701.5018,21.2651,19.0631 , 2.4421,2.9357,277.2590 , 1.6764,14.8337,<LOD,0.0000,0.0000,2.2977 , 0.7663,0.2553,6584.7832 , 52.4659,21.3024,2.5736 , 1.0339,0.4891,202.9707 , 15.0944,3.8734,<LOD,8.8467,0.2414,18.0147 , 0.7223,2.1351,153.0566 , 4.4142,1.3045,107.1075 , 1.3023,11.0846,6,397.600006,39.002377,-122.670303,10.000000,528548.375000,4317092.000000,
760,Mining,120.51,30.14,30.10,30.14,30.13,"Thu Apr 16, 2026 - 10:12:33",User,1.5,ppm,,,,,,Mining,,<LOD,1.5261,0.6229,108754.2500 , 2278.6072,2.3523,<LOD,1.5599,0.2332,<LOD,3.3676,0.1040,417.6585 , 21.8431,15.4044,502214.8125 , 5918.1714,<LOD,1.3938,0.1225,45829.6289 , 272.6295,56.4590,<LOD,2.2781,1.0915,<LOD,42.5829,0.6979,<LOD,61.4944,13.7530,137.3350 , 7.0562,3.5659,42.2211 , 3.7195,0.4943,38779.7656 , 168.4940,87.1385,<LOD,0.0000,0.0000,<LOD,3.0737,0.2043,6648.0303 , 104.1021,4.5175,32420.9434 , 4025.8091,0.0947,622.4284 , 31.0624,1.4376,<LOD,1.1014,4.2900,5.0089 , 0.6168,2.8090,<LOD,8.5230,0.2860,637.9338 , 118.8005,0.2141,8.7439 , 1.1089,0.3284,<LOD,1.3297,0.4214,20.5701 , 0.9955,1.1711,<LOD,0.0000,0.0000,4520.7832 , 63.4564,1.7912,<LOD,4.3472,3.4025,<LOD,0.8928,0.1828,251367.3594 , 700.1323,22.7993,15.4378 , 2.4136,2.9879,352.8973 , 1.9109,18.9133,<LOD,0.0000,0.0000,3.9823 , 0.8004,0.2967,6434.8438 , 52.3883,20.8362,3.0686 , 1.1018,0.5610,201.2678 , 15.1207,3.8198,<LOD,9.3589,0.2999,18.0379 , 0.7398,2.2435,437.6613 , 6.9645,3.2342,105.3024 , 1.3388,11.8137,6,401.899994,39.002354,-122.670280,10.000000,528550.437500,4317089.500000,
761,Mining,120.76,30.26,30.30,30.06,28.64,"Thu Apr 16, 2026 - 10:15:06",User,1.5,ppm,,,,,,Mining,,<LOD,1.5964,0.6296,108478.5859 , 2440.9819,2.3456,<LOD,1.5518,0.2019,<LOD,3.1961,0.0879,448.8100 , 22.8393,15.6183,493830.6875 , 6407.3320,<LOD,1.5027,0.1352,46192.6328 , 273.2158,56.5109,<LOD,2.3684,1.0885,<LOD,43.9542,0.6828,<LOD,63.7868,14.2323,131.1124 , 6.8935,3.4788,40.0903 , 3.7511,0.4775,40109.5391 , 180.6684,89.3230,<LOD,0.0000,0.0000,<LOD,4.6279,0.2291,6681.3506 , 102.4782,4.4935,38117.3281 , 4392.2119,0.1039,673.7360 , 32.4939,1.5103,<LOD,1.1244,4.2295,5.8920 , 0.6358,2.8354,<LOD,8.6362,0.2676,670.4856 , 124.5203,0.2176,9.5906 , 1.1567,0.3388,<LOD,1.4424,0.4608,20.3825 , 1.0077,1.1390,<LOD,0.0000,0.0000,4624.4438 , 66.5360,1.8117,<LOD,4.5414,3.4431,<LOD,0.9433,0.2013,252222.0156 , 732.1024,22.7383,15.4333 , 2.5079,2.9765,335.8518 , 1.9153,17.7403,<LOD,0.0000,0.0000,3.1306 , 0.8328,0.2929,6563.7378 , 52.2411,20.9961,2.9127 , 1.1119,0.5403,195.6763 , 14.8741,3.7918,<LOD,12.7195,0.3396,19.6273 , 0.7686,2.2960,495.6000 , 7.5445,3.5768,111.3773 , 1.3825,11.8444,6,405.399994,39.002350,-122.670235,10.000000,528554.312500,4317089.000000,
762,Mining,120.26,30.08,30.28,30.02,29.88,"Thu Apr 16, 2026 - 10:19:34",User,1.5,ppm,,,,,,Mining,,<LOD,1.5422,0.5888,115499.9844 , 2667.6877,2.5070,<LOD,1.5486,0.2288,<LOD,3.3960,0.1012,455.0713 , 22.5594,15.3114,438148.8750 , 6948.2207,<LOD,1.5327,0.1425,53829.3945 , 308.6413,64.9466,<LOD,2.3230,1.0513,<LOD,46.2444,0.6997,<LOD,62.0632,13.3415,133.7017 , 6.8382,3.2844,13.4917 , 3.1085,0.3303,38698.5273 , 194.2025,83.7160,<LOD,0.0000,0.0000,<LOD,3.0185,0.2029,10248.9873 , 124.1753,6.6286,41710.6055 , 4834.7002,0.1172,689.0163 , 32.3153,1.4757,<LOD,1.4361,4.1374,5.9482 , 0.6202,2.7304,<LOD,8.4549,0.2654,855.9367 , 141.2629,0.2647,6.5936 , 1.0744,0.2947,<LOD,1.3999,0.4354,41.2763 , 1.2342,1.8820,<LOD,0.0000,0.0000,19144.2539 , 134.9159,6.7548,<LOD,4.4828,3.3844,<LOD,0.9406,0.2022,273593.7812 , 784.8254,25.6296,17.8226 , 2.4783,2.9312,295.2696 , 1.8150,15.3650,<LOD,0.0000,0.0000,3.1552 , 0.8475,0.3063,6196.6704 , 52.4650,19.3222,2.4927 , 1.0731,0.5102,166.6976 , 14.4607,3.4154,<LOD,8.1692,0.2202,18.4960 , 0.7793,2.3503,114.2964 , 3.9667,1.0189,109.6493 , 1.3456,11.1114,6,403.299988,39.002331,-122.670258,10.000000,528552.000000,4317087.000000,
763,Mining,120.03,30.00,30.14,30.06,29.83,"Thu Apr 16, 2026 - 10:22:04",User,1.5,ppm,,,,,,Mining,,<LOD,1.5565,0.5969,119535.6406 , 2735.4441,2.5976,<LOD,1.5166,0.2311,<LOD,3.3600,0.1036,432.2810 , 22.6812,15.3080,417935.2500 , 7091.5522,<LOD,1.4281,0.1290,53693.1992 , 313.5509,65.7214,<LOD,2.3581,1.0813,<LOD,45.8315,0.6693,<LOD,60.2414,12.9230,127.1688 , 6.5572,3.2283,11.7415 , 3.0164,0.3242,37317.4336 , 200.7373,81.8830,<LOD,0.0000,0.0000,<LOD,3.9472,0.2120,13387.0029 , 137.6095,8.6764,45632.5195 , 5026.6011,0.1266,617.5366 , 30.9691,1.3912,<LOD,1.0668,4.0315,5.1851 , 0.6049,2.7071,<LOD,8.2022,0.2623,774.4432 , 140.9318,0.2562,6.2323 , 1.0457,0.2914,<LOD,1.3927,0.4278,43.5758 , 1.2445,2.0010,<LOD,0.0000,0.0000,22764.8613 , 151.8052,8.1640,<LOD,4.4694,3.3065,<LOD,0.9147,0.1986,280936.0625 , 820.8244,27.1502,20.0674 , 2.5105,3.0013,281.9572 , 1.7889,15.0086,<LOD,0.0000,0.0000,3.4502 , 0.8095,0.2999,6098.8335 , 51.8133,19.3055,2.3527 , 1.0510,0.5108,164.9684 , 13.9774,3.4173,<LOD,7.7310,0.2056,18.9285 , 0.7763,2.4291,83.7318 , 3.5080,0.8315,105.5635 , 1.3155,10.9445,6,400.000000,39.002327,-122.670197,10.000000,528557.375000,4317086.500000,
764,Mining,120.33,30.05,30.06,30.13,30.09,"Thu Apr 16, 2026 - 10:25:02",User,1.5,ppm,,,,,,Mining,,<LOD,1.7156,0.5729,121609.8281 , 3025.7380,2.6196,<LOD,1.7223,0.2404,<LOD,3.6141,0.0963,540.9166 , 25.0551,15.0547,416523.4062 , 7794.3052,<LOD,1.5522,0.1225,46786.2461 , 279.2849,50.7724,<LOD,2.5124,0.9571,<LOD,48.1158,0.6678,<LOD,65.8870,12.9432,156.8472 , 7.2591,3.3073,28.6185 , 3.6064,0.3737,41450.9453 , 193.1731,81.5336,<LOD,0.0000,0.0000,<LOD,3.8272,0.1921,9060.1807 , 119.4517,5.3181,39046.1289 , 4843.9976,0.1054,674.2395 , 33.4089,1.3599,<LOD,1.2780,3.8030,5.7656 , 0.6521,2.5104,<LOD,9.3238,0.2812,1137.3870 , 147.6891,0.2607,9.3058 , 1.1856,0.3018,<LOD,1.5537,0.4215,44.2904 , 1.3244,1.8186,<LOD,0.0000,0.0000,5433.2949 , 75.0462,1.8842,<LOD,4.8672,3.0847,<LOD,0.9893,0.1872,310058.8125 , 792.8417,26.3220,20.7234 , 2.7307,2.8022,307.9276 , 1.8846,14.3774,<LOD,0.0000,0.0000,3.8409 , 0.8798,0.2842,6688.7808 , 54.8567,19.1076,4.3136 , 1.1608,0.5011,178.9623 , 15.2467,3.3815,<LOD,8.3910,0.1946,21.9699 , 0.8471,2.3313,88.2288 , 3.7762,0.7776,119.0659 , 1.4317,10.6397,7,404.000000,39.002254,-122.670174,10.000000,528559.125000,4317078.500000,
765,Mining,123.01,32.62,30.10,30.15,30.14,"Thu Apr 16, 2026 - 10:27:51",User,1.5,ppm,,,,,,Mining,,<LOD,1.6815,0.5517,121514.9219 , 2931.0503,2.6219,<LOD,1.7020,0.2186,<LOD,3.6548,0.0942,554.9036 , 25.2143,15.3761,408228.1250 , 7717.0928,<LOD,1.5996,0.1247,51386.3047 , 294.3035,56.0943,<LOD,2.5358,0.9839,<LOD,47.6703,0.7039,<LOD,66.1297,12.2815,146.5208 , 7.1789,3.1862,12.5278 , 3.3285,0.3046,39925.5039 , 192.1660,78.2691,<LOD,0.0000,0.0000,3.2473 , 2.2729,0.2133,11405.4219 , 132.2248,6.6582,39794.5352 , 4772.0508,0.1085,690.0908 , 34.4600,1.3663,1.2562 , 0.7837,3.8639,5.8885 , 0.6516,2.4842,<LOD,9.2910,0.2674,858.4392 , 135.2768,0.2305,8.4090 , 1.1950,0.2935,<LOD,1.5445,0.4188,46.7632 , 1.3663,1.8762,<LOD,0.0000,0.0000,9708.7178 , 94.3292,3.1969,<LOD,4.8930,3.1410,<LOD,1.0174,0.1907,308360.8125 , 774.0895,26.6471,22.3367 , 2.7485,2.8634,306.9159 , 1.9180,14.3889,<LOD,0.0000,0.0000,4.0991 , 0.9093,0.2920,6598.2832 , 54.4271,18.6995,<LOD,2.6235,0.4655,171.6193 , 15.1162,3.2826,<LOD,9.1130,0.2073,21.1343 , 0.8627,2.3146,102.2889 , 4.0613,0.8620,120.9319 , 1.4704,10.7728,6,402.899994,39.002312,-122.670197,10.000000,528557.375000,4317085.000000,
766,Mining,120.37,30.21,30.07,30.04,30.05,"Thu Apr 16, 2026 - 10:31:04",User,1.5,ppm,,,,,,Mining,,<LOD,1.5374,0.5665,118773.4141 , 2825.3696,2.5758,<LOD,1.5427,0.2078,<LOD,3.4570,0.1035,489.2975 , 22.7482,15.2228,394956.4688 , 7409.1577,<LOD,1.4403,0.1243,47038.2773 , 290.1664,54.4333,<LOD,2.3466,1.0442,<LOD,48.7526,0.7268,<LOD,61.0528,12.7025,130.3607 , 6.8295,3.2315,22.1105 , 3.2840,0.3643,38231.3242 , 198.3220,80.6277,<LOD,0.0000,0.0000,<LOD,3.0438,0.1922,10962.7930 , 128.5038,6.7660,47230.6875 , 5009.2983,0.1236,671.7276 , 31.9604,1.4195,<LOD,1.4442,3.9886,5.8038 , 0.6136,2.6381,<LOD,8.5430,0.2778,1115.3708 , 151.3054,0.2891,9.0483 , 1.1244,0.3196,<LOD,1.3681,0.4013,47.6560 , 1.2939,2.0635,<LOD,0.0000,0.0000,12542.5020 , 111.3175,4.3031,<LOD,4.4661,3.2421,<LOD,0.9815,0.2214,321019.7812 , 845.4514,29.8300,24.2830 , 2.5064,2.9319,298.8735 , 1.8469,15.1915,<LOD,0.0000,0.0000,3.8662 , 0.8278,0.3014,6014.9277 , 52.4950,18.4207,2.0626 , 1.0650,0.4974,167.0127 , 14.3360,3.3095,<LOD,7.8785,0.2018,19.9894 , 0.7977,2.4286,113.1852 , 3.9317,0.9876,109.1593 , 1.3436,10.8504,7,405.299988,39.002296,-122.670219,10.000000,528555.625000,4317083.000000,
767,Mining,122.89,32.64,30.12,30.03,30.10,"Thu Apr 16, 2026 - 10:33:37",User,1.5,ppm,,,,,,Mining,,<LOD,1.5930,0.5829,123236.4844 , 2719.4854,2.6662,<LOD,1.6458,0.2412,<LOD,3.4261,0.0960,495.2253 , 23.5562,15.5733,405739.5312 , 7160.2363,<LOD,1.6368,0.1517,52309.1602 , 304.8829,62.3652,<LOD,2.3940,1.0333,<LOD,45.5400,0.7136,<LOD,65.3805,14.1611,153.1283 , 7.0750,3.5051,14.8183 , 3.3207,0.3509,41636.4062 , 209.1277,89.0154,<LOD,0.0000,0.0000,<LOD,4.6838,0.2230,11624.5410 , 131.4174,7.3714,44503.7695 , 4769.9644,0.1202,668.5674 , 32.7536,1.4508,<LOD,1.6962,4.0577,6.5842 , 0.6420,2.7127,36.9067 , 7.3560,0.5308,1228.7292 , 150.8590,0.3255,8.1992 , 1.1425,0.3113,<LOD,1.4255,0.4181,45.8931 , 1.3207,2.0147,<LOD,0.0000,0.0000,14561.6670 , 114.6335,5.1232,<LOD,4.6299,3.3324,<LOD,0.9598,0.1958,296677.9062 , 791.3475,27.9294,18.4659 , 2.5706,2.9286,308.1404 , 1.9105,15.6290,<LOD,0.0000,0.0000,3.3117 , 0.8999,0.3195,6314.8452 , 53.3918,19.5457,3.0834 , 1.1242,0.5211,187.7981 , 14.7711,3.5420,<LOD,14.2477,0.2539,20.7619 , 0.8264,2.4566,83.2188 , 3.6412,0.8031,112.8766 , 1.4003,11.1490,7,406.899994,39.002346,-122.670258,10.000000,528552.125000,4317088.500000,
768,Mining,120.17,30.25,30.10,30.11,29.71,"Thu Apr 16, 2026 - 10:36:51",User,1.5,ppm,,,,,,Mining,,<LOD,1.5564,0.6087,124223.2266 , 2740.9453,2.6929,<LOD,1.5342,0.2184,4.3175 , 2.4110,0.1121,460.5847 , 22.5442,15.4824,420818.8125 , 7000.7808,<LOD,1.4630,0.1310,57875.7852 , 327.4623,71.4144,<LOD,2.3078,1.0491,<LOD,48.4777,0.7699,<LOD,62.0159,13.4178,128.0813 , 6.7465,3.2885,15.4395 , 3.1495,0.3429,38903.9570 , 205.8602,85.4637,<LOD,0.0000,0.0000,<LOD,3.0221,0.2065,10989.9697 , 126.9014,7.2535,40329.9336 , 4892.1865,0.1184,648.3292 , 31.8974,1.4485,<LOD,1.4453,4.1754,4.8025 , 0.6134,2.6776,<LOD,8.3615,0.2587,872.4644 , 143.0500,0.2729,7.5618 , 1.0923,0.3074,<LOD,1.3849,0.4311,43.9733 , 1.2730,2.0201,<LOD,0.0000,0.0000,24718.4141 , 157.4238,8.9235,<LOD,4.4303,3.3169,<LOD,0.9669,0.2042,273095.9375 , 804.2363,26.5075,21.0087 , 2.4842,2.9940,295.4510 , 1.8538,15.6091,<LOD,0.0000,0.0000,3.6247 , 0.8323,0.3073,6134.1118 , 53.0230,19.5504,2.9129 , 1.0856,0.5269,168.6570 , 14.3846,3.4838,<LOD,8.0827,0.2179,18.9418 , 0.7899,2.4288,103.6872 , 3.8369,0.9628,110.0191 , 1.3592,11.2975,7,408.000000,39.002342,-122.670364,10.000000,528543.062500,4317088.000000,
769,Mining,123.06,32.71,30.03,30.11,30.21,"Thu Apr 16, 2026 - 10:39:50",User,1.5,ppm,,,,,,Mining,,<LOD,1.6415,0.6153,115657.0078 , 2575.5564,2.5140,<LOD,1.5179,0.2382,<LOD,3.3326,0.1042,447.7654 , 22.3608,15.2561,435880.0938 , 6751.0889,<LOD,1.4727,0.1403,54004.8867 , 308.1273,66.7658,<LOD,2.3321,1.0770,<LOD,45.8296,0.7311,<LOD,60.5163,13.4651,128.7061 , 6.6647,3.3169,26.1162 , 3.3017,0.3979,38216.6797 , 194.5362,84.8323,<LOD,0.0000,0.0000,<LOD,3.9062,0.2100,9564.4873 , 118.2268,6.3578,44305.3789 , 4801.9023,0.1239,638.6873 , 31.0191,1.4414,<LOD,1.0582,4.0606,5.7404 , 0.6059,2.7896,<LOD,8.1613,0.2605,837.0699 , 141.4738,0.2807,6.2938 , 1.0418,0.2957,<LOD,1.3630,0.4157,37.0271 , 1.1603,1.7629,<LOD,0.0000,0.0000,24040.4180 , 150.0454,8.6566,<LOD,4.4402,3.3567,<LOD,0.9110,0.2022,269458.4688 , 777.3170,25.9293,19.5498 , 2.4652,2.9389,280.4245 , 1.7432,15.0362,<LOD,0.0000,0.0000,3.4852 , 0.8211,0.3099,6070.4814 , 51.9296,19.5842,2.1251 , 1.0330,0.5046,162.9644 , 14.1523,3.4782,<LOD,7.4884,0.1970,20.0993 , 0.7697,2.4563,81.7211 , 3.4540,0.8254,104.3087 , 1.2931,10.9338,7,406.399994,39.002323,-122.670372,10.000000,528542.187500,4317086.000000,
770,Mining,123.18,32.68,30.14,30.19,30.17,"Thu Apr 16, 2026 - 10:42:37",User,1.5,ppm,,,,,,Mining,,<LOD,1.7842,0.6262,96948.6484 , 2494.2676,2.1165,<LOD,1.7743,0.2460,4.8484 , 2.6202,0.1084,490.2580 , 25.4841,15.4302,489175.8750 , 6600.0601,<LOD,1.5337,0.1177,53817.1055 , 293.3169,58.6989,<LOD,2.6457,1.0806,<LOD,53.3941,0.8881,<LOD,64.9079,12.0914,138.4356 , 7.4262,3.2351,35.4642 , 3.8319,0.4162,38985.2031 , 164.6306,76.2281,<LOD,0.0000,0.0000,<LOD,4.7454,0.2173,11455.4980 , 134.4687,6.7073,23037.9219 , 4340.6533,0.0827,643.8257 , 33.3485,1.3081,<LOD,1.6759,3.9508,7.1379 , 0.6742,2.6551,<LOD,9.4740,0.3012,648.4495 , 130.5226,0.2051,11.3045 , 1.2398,0.3251,<LOD,1.6014,0.4517,52.4809 , 1.4153,2.0961,<LOD,0.0000,0.0000,15264.9502 , 116.6622,4.9440,<LOD,5.0656,3.3958,<LOD,1.0393,0.1900,262016.1875 , 716.2068,21.9084,20.2675 , 2.8188,3.0054,307.2690 , 1.8157,14.4258,<LOD,0.0000,0.0000,3.1205 , 0.8732,0.2768,6365.0610 , 53.1018,17.9653,2.7938 , 1.1673,0.4975,187.7150 , 15.4580,3.2668,<LOD,11.8246,0.2545,21.3145 , 0.8674,2.4046,239.7346 , 5.5950,1.6809,119.1486 , 1.4256,10.7233,4,408.299988,39.002266,-122.670197,10.000000,528557.687500,4317080.000000,
771,Mining,123.02,32.70,30.16,30.04,30.12,"Thu Apr 16, 2026 - 10:45:03",User,1.5,ppm,,,,,,Mining,,<LOD,1.6862,0.5742,94751.6094 , 2433.6448,2.0669,<LOD,1.6989,0.2314,<LOD,3.7349,0.1017,495.6810 , 25.1036,15.5571,494534.0312 , 6675.0151,<LOD,1.7194,0.1489,49915.6055 , 273.9615,55.0904,<LOD,2.5860,1.0652,<LOD,48.6707,0.7933,<LOD,65.1261,12.2768,134.4930 , 6.9890,3.2134,41.7210 , 3.9773,0.4511,39002.0078 , 166.5257,77.8148,<LOD,0.0000,0.0000,<LOD,4.1320,0.2128,10931.8711 , 126.1372,6.4519,32057.6172 , 4426.7876,0.0956,660.3704 , 33.7888,1.3551,<LOD,1.7670,4.0232,7.2332 , 0.6768,2.6937,<LOD,9.3653,0.2898,631.3865 , 121.7377,0.1937,7.3514 , 1.1688,0.2898,<LOD,1.5484,0.4357,50.5884 , 1.4057,2.0726,<LOD,0.0000,0.0000,11934.2959 , 100.4613,3.9349,<LOD,4.9291,3.2901,<LOD,1.0360,0.2015,257778.9062 , 698.1653,21.5186,17.4850 , 2.7560,2.9632,306.7754 , 1.8290,14.6696,<LOD,0.0000,0.0000,1.8222 , 0.9201,0.2883,6060.3525 , 49.9858,17.4965,3.2654 , 1.1761,0.5083,186.1723 , 14.5121,3.2226,<LOD,14.2030,0.2892,19.8610 , 0.8549,2.3489,351.0228 , 6.6479,2.3761,118.4637 , 1.4319,10.8679,4,402.799988,39.002335,-122.670303,10.000000,528548.250000,4317087.500000,
772,Mining,120.63,30.29,30.16,30.10,30.08,"Thu Apr 16, 2026 - 10:56:11",User,1.5,ppm,,,,,,Mining,,<LOD,1.1803,0.7519,123728.2734 , 1502.9189,2.6594,3.9947 , 1.0712,0.5847,<LOD,2.5141,0.1124,283.0917 , 16.3503,17.5058,534258.6250 , 3409.3999,<LOD,1.1229,0.1538,10617.2773 , 100.4541,15.5939,<LOD,1.7946,1.3862,<LOD,35.4748,0.6882,<LOD,34.7975,6.7663,89.3701 , 4.4958,3.2491,7.6892 , 2.4430,0.3998,14730.3184 , 82.4608,41.9350,<LOD,0.0000,0.0000,<LOD,3.2348,0.2689,5473.2432 , 69.5909,4.2075,6074.8540 , 2130.6133,0.0467,87.6165 , 17.8644,0.7030,<LOD,0.9318,6.3766,6.9296 , 0.5184,4.0853,<LOD,5.4740,0.2705,805.9438 , 110.9995,0.2686,10.9089 , 0.9640,0.4849,<LOD,1.0107,0.4879,46.3826 , 1.0660,3.0170,<LOD,0.0000,0.0000,754.1582 , 30.7582,0.5578,21.3029 , 2.3485,4.9042,<LOD,0.6926,0.2213,289868.1562 , 634.3899,30.9765,5.8939 , 1.8216,3.4204,165.1998 , 1.0560,13.0554,<LOD,0.0000,0.0000,11.9934 , 0.7707,0.6278,12444.9570 , 51.5591,49.9135,2.5386 , 0.8335,0.6343,261.0534 , 13.6848,7.9308,<LOD,5.7797,0.2175,14.1030 , 0.6296,3.1787,42.9305 , 2.4055,0.7432,183.1981 , 1.2753,21.7435,8,404.500000,39.003040,-122.670631,10.000000,528519.125000,4317165.500000,
773,Mining,120.46,30.22,30.06,30.01,30.17,"Thu Apr 16, 2026 - 11:00:16",User,1.5,ppm,,,,,,Mining,,<LOD,1.2986,0.7269,120673.3203 , 1696.6362,2.5849,6.4243 , 1.1784,0.6845,<LOD,2.6187,0.1150,295.1262 , 16.1150,16.9327,570863.4375 , 4388.3936,<LOD,1.2111,0.1687,4410.8613 , 69.2169,6.2878,<LOD,1.7732,1.3423,<LOD,36.4410,0.6722,<LOD,32.1250,5.2811,82.1138 , 4.6973,3.2935,7.7761 , 2.4896,0.3898,11971.7832 , 77.9090,32.2909,<LOD,0.0000,0.0000,2.2985 , 1.6334,0.2714,5118.3838 , 69.4532,3.6696,<LOD,4630.7516,0.0383,<LOD,37.2286,0.5438,<LOD,0.9856,6.8519,10.3448 , 0.5458,4.3416,<LOD,5.2918,0.2448,1284.7178 , 130.0453,0.3496,13.5930 , 1.0290,0.5222,<LOD,1.0411,0.5157,59.2581 , 1.1822,3.5722,<LOD,0.0000,0.0000,1782.9240 , 40.0308,0.9002,42.8385 , 2.4055,5.2833,<LOD,0.7253,0.2306,269284.6250 , 670.7581,26.1284,11.8422 , 1.8130,3.3943,94.8259 , 0.8195,7.4904,<LOD,0.0000,0.0000,13.1938 , 0.8211,0.6691,11318.4238 , 52.2987,42.6245,2.2552 , 0.8138,0.5681,425.1663 , 14.1663,7.8507,<LOD,5.6649,0.1962,14.0360 , 0.6576,3.2600,35.3483 , 2.3243,0.6517,234.8208 , 1.4411,24.7193,7,404.700012,39.003048,-122.670631,10.000000,528519.250000,4317166.500000,
774,Mining,120.25,30.11,30.07,30.04,28.53,"Thu Apr 16, 2026 - 11:02:49",User,1.5,ppm,,,,,,Mining,,<LOD,1.1265,0.7237,151994.8906 , 1899.1492,3.2317,7.9356 , 1.2019,0.8038,<LOD,2.5936,0.1278,315.1245 , 15.9246,17.7622,519566.4062 , 4694.8159,<LOD,1.1498,0.1722,3778.3792 , 63.6570,5.8964,<LOD,1.7387,1.3815,<LOD,35.0684,0.6489,<LOD,31.0781,5.6208,75.8994 , 4.4747,3.1416,9.8229 , 2.4123,0.4162,12102.0273 , 80.6460,34.4856,<LOD,0.0000,0.0000,4.4348 , 1.6182,0.3066,6151.6143 , 73.2199,4.6250,<LOD,5016.6500,0.0400,<LOD,22.9036,0.5242,<LOD,0.9789,7.6643,12.9291 , 0.5484,4.9519,<LOD,5.0628,0.2534,1085.9442 , 121.6596,0.3214,16.5516 , 1.0563,0.6226,<LOD,1.0122,0.5212,73.0884 , 1.2616,4.5523,<LOD,0.0000,0.0000,1089.1498 , 34.1319,0.6783,75.9717 , 2.5098,6.3889,<LOD,0.7180,0.2562,283996.7812 , 746.8602,29.9454,12.9707 , 1.7806,3.5102,88.9440 , 0.7793,7.4442,<LOD,0.0000,0.0000,20.3720 , 0.8724,0.9063,16285.6436 , 70.7989,65.4875,3.1506 , 0.8082,0.6339,332.5434 , 15.2559,10.2510,<LOD,5.3726,0.2004,25.1781 , 0.7302,4.5497,27.9915 , 2.1058,0.6071,291.8398 , 1.6406,31.4406,7,404.700012,39.003052,-122.670631,10.000000,528519.125000,4317167.000000,
775,Mining,120.28,30.05,30.05,30.09,29.79,"Thu Apr 16, 2026 - 11:05:24",User,1.5,ppm,,,,,,Mining,,<LOD,1.4073,0.7700,143553.2031 , 1691.4705,3.0612,7.6382 , 1.2051,0.7747,<LOD,2.5342,0.1161,319.6097 , 16.0022,18.2049,523258.0312 , 4068.8064,<LOD,1.2087,0.1812,4382.7139 , 67.0723,6.7280,<LOD,1.7391,1.3976,<LOD,34.2642,0.6447,<LOD,32.2307,5.7735,85.7532 , 4.4939,3.2379,9.1211 , 2.4661,0.4138,12322.9189 , 78.8084,35.0307,<LOD,0.0000,0.0000,<LOD,2.9789,0.2741,6159.8486 , 72.3862,4.6305,<LOD,4109.9974,0.0384,<LOD,26.8218,0.5454,<LOD,0.9956,7.5380,12.7861 , 0.5591,4.9100,<LOD,5.3671,0.2751,1088.8691 , 120.9704,0.3284,15.2321 , 1.0498,0.5859,<LOD,0.9853,0.4981,71.6563 , 1.2659,4.4385,<LOD,0.0000,0.0000,1257.2721 , 35.0497,0.7460,67.2892 , 2.4765,6.2524,<LOD,0.7009,0.2303,289220.9375 , 683.0633,30.5982,8.5695 , 1.7752,3.5114,98.1254 , 0.8246,8.1110,<LOD,0.0000,0.0000,16.6282 , 0.8600,0.8122,15838.6973 , 63.3162,63.4684,2.1005 , 0.8065,0.6040,348.4165 , 15.0638,10.0840,<LOD,5.8738,0.2283,25.6465 , 0.7464,4.5491,38.0393 , 2.3233,0.7035,288.1932 , 1.5926,31.0769,7,404.799988,39.003048,-122.670631,10.000000,528519.125000,4317166.500000,
776,Mining,120.23,30.06,30.03,30.08,30.06,"Thu Apr 16, 2026 - 11:08:29",User,1.5,ppm,,,,,,Mining,,<LOD,1.1776,0.7538,138684.2812 , 1586.7113,2.9612,19.4216 , 1.4165,1.1329,<LOD,2.7070,0.1246,356.5585 , 16.8197,19.0384,530774.1250 , 3736.5200,<LOD,1.2272,0.1752,7148.7222 , 87.0215,10.6108,<LOD,1.8254,1.4508,<LOD,34.3166,0.6730,<LOD,35.2876,6.6443,77.5434 , 4.7124,3.2199,13.5749 , 2.6308,0.4439,14388.8584 , 84.2428,40.5395,<LOD,0.0000,0.0000,2.3974 , 1.7040,0.2967,6133.8877 , 75.4377,4.6167,<LOD,3552.4413,0.0375,40.8306 , 17.1975,0.6181,<LOD,0.9849,6.7899,8.4548 , 0.5813,4.8824,<LOD,5.7036,0.2863,1046.9886 , 116.9436,0.3171,12.8789 , 1.0325,0.5316,<LOD,1.0237,0.5056,55.6824 , 1.1777,3.5318,<LOD,0.0000,0.0000,1261.7167 , 34.5853,0.7528,74.3860 , 2.6031,6.5299,<LOD,0.7359,0.2375,283437.0000 , 635.9006,29.7899,11.9051 , 1.8665,3.6693,170.9786 , 1.1017,13.3916,<LOD,0.0000,0.0000,14.8379 , 0.8443,0.7206,14810.7900 , 59.9680,59.1104,3.6474 , 0.8895,0.6863,310.1906 , 15.3407,9.3549,<LOD,6.0974,0.2317,62.8809 , 0.9622,7.2368,29.1836 , 2.2411,0.6163,217.1771 , 1.4138,24.8487,5,405.000000,39.003052,-122.670631,10.000000,528519.125000,4317167.000000,
777,Mining,124.17,34.00,30.04,30.05,30.08,"Thu Apr 16, 2026 - 11:11:47",User,1.5,ppm,,,,,,Mining,,<LOD,2.7319,0.7836,450077.5938 , 1789.9412,3.8309,<LOD,0.0851,0.0016,<LOD,0.0905,0.0001,1290.5674 , 45.5784,20.6869,2368.0879,,<LOD,0.1279,0.0015,62706.3750 , 890.9084,38.5080,<LOD,4.2893,1.5521,<LOD,71.5406,0.6147,24.2289 , 2.6483,0.0590,246.7675 , 12.4307,3.4359,<LOD,1.2404,0.0336,<LOD,11.3362,0.2090,<LOD,0.0000,0.0000,<LOD,0.3744,0.0032,8120.2983 , 172.8663,3.3724,23417.5703 , 4488.1196,0.0558,647.1223 , 27.5881,0.8538,<LOD,0.0033,-0.0000,<LOD,0.0054,0.0001,<LOD,2.3834,0.0415,2045.9897 , 232.9767,0.2721,<LOD,0.0342,0.0002,<LOD,2.5169,0.5966,<LOD,0.0203,0.0003,<LOD,0.0000,0.0000,2337.1582 , 79.9193,0.7600,110.8562 , 68.2569,6.5922,<LOD,0.0478,0.0005,430149.7500 , 3221.1885,31.9593,29.2244 , 4.3464,3.8818,<LOD,0.0024,-0.0000,<LOD,0.0000,0.0000,<LOD,0.0662,0.0002,16040.7793 , 286.0791,30.8061,<LOD,0.0278,0.0001,387.6097 , 29.0686,5.1199,<LOD,1.5420,0.0112,<LOD,0.0017,-0.0000,<LOD,0.6305,0.0165,<LOD,0.0066,-0.0000,7,405.500000,39.003056,-122.670631,10.000000,528519.250000,4317167.500000,
778,Mining,120.49,30.23,30.09,30.05,30.12,"Thu Apr 16, 2026 - 11:14:45",User,1.5,ppm,,,,,,Mining,,<LOD,1.1705,0.7433,198567.5469 , 1777.0914,4.1808,17.9870 , 1.3789,1.0909,<LOD,2.6216,0.1192,372.9814 , 17.0470,19.8315,471080.2812 , 3979.6465,<LOD,1.2486,0.1851,3104.5547 , 56.1719,4.7367,<LOD,1.8349,1.4651,<LOD,33.3576,0.6057,<LOD,36.3978,4.9497,95.9072 , 4.3629,3.2818,15.5415 , 2.6386,0.4520,10586.8945 , 72.0244,29.6004,<LOD,0.0000,0.0000,<LOD,4.1530,0.2862,4421.9395 , 61.4011,3.3055,3730.8835 , 1903.6633,0.0418,28.0186 , 16.8327,0.5747,<LOD,0.9623,6.6929,9.9822 , 0.5380,4.3366,<LOD,5.5338,0.2913,935.1201 , 109.2432,0.2707,13.0717 , 1.0076,0.5182,<LOD,1.0724,0.5585,54.2394 , 1.1464,3.4597,<LOD,0.0000,0.0000,1319.8641 , 34.6601,0.7451,51.3794 , 2.5296,6.0365,<LOD,0.7265,0.2385,293015.5312 , 642.5172,29.8871,9.0096 , 1.8753,3.7042,119.1143 , 0.9120,9.6133,<LOD,0.0000,0.0000,10.1732 , 0.7884,0.6079,11900.5986 , 49.8008,46.2719,3.3570 , 0.8324,0.6188,280.4615 , 12.9352,7.5275,<LOD,5.9696,0.2252,15.6823 , 0.6578,3.3896,33.0402 , 2.2831,0.6487,206.8271 , 1.3477,23.3416,8,405.399994,39.003059,-122.670631,10.000000,528519.125000,4317167.500000,
779,Mining,120.64,30.17,30.30,30.14,30.03,"Thu Apr 16, 2026 - 11:17:16",User,1.5,ppm,,,,,,Mining,,<LOD,1.2723,0.7260,197984.0469 , 2097.5530,4.1684,23.0309 , 1.4766,1.1252,<LOD,2.7661,0.1152,388.6548 , 18.4603,18.9733,444927.4062 , 4776.6333,<LOD,1.2615,0.1643,3205.0950 , 62.0901,4.5291,<LOD,1.9506,1.3556,<LOD,37.2563,0.6280,<LOD,41.9946,6.1759,94.8083 , 4.8744,3.2004,12.8207 , 2.6498,0.3981,14637.7031 , 88.3913,37.4838,<LOD,0.0000,0.0000,2.8798 , 1.7295,0.2705,4398.5776 , 67.0571,3.0739,10904.1162 , 2374.6174,0.0538,26.6368 , 17.3149,0.5528,<LOD,0.9827,6.0146,9.8895 , 0.5516,3.9301,<LOD,6.0923,0.2973,958.0355 , 119.1777,0.2661,11.0888 , 1.0063,0.4478,<LOD,1.1627,0.5428,54.1609 , 1.1751,3.1219,<LOD,0.0000,0.0000,1633.2999 , 39.5834,0.8101,45.1700 , 2.6947,5.5706,<LOD,0.7783,0.2402,308152.0000 , 710.2683,29.3823,10.9233 , 2.0358,3.6058,132.9781 , 0.9914,9.5867,<LOD,0.0000,0.0000,12.6411 , 0.8267,0.5953,11822.6807 , 55.4151,42.5521,3.8652 , 0.8707,0.5839,298.1354 , 14.2034,7.0625,<LOD,6.2130,0.2128,17.1602 , 0.6823,3.1617,30.6781 , 2.3034,0.5764,201.4873 , 1.3868,20.7212,7,405.299988,39.003052,-122.670639,10.000000,528518.812500,4317167.000000,
780,Mining,120.48,30.06,30.20,30.17,30.05,"Thu Apr 16, 2026 - 11:20:01",User,1.5,ppm,,,,,,Mining,,<LOD,1.2430,0.7212,158429.6406 , 1965.3771,3.3578,12.1333 , 1.2519,0.7805,<LOD,2.6816,0.1091,401.9197 , 18.3212,19.4990,532782.0625 , 4612.8730,<LOD,1.2521,0.1634,19435.2617 , 141.1089,26.3319,<LOD,1.9359,1.3952,<LOD,34.4238,0.5829,<LOD,37.8137,6.9413,135.6190 , 4.8224,3.5400,10.6696 , 2.6697,0.4091,16298.8594 , 95.0784,43.1931,<LOD,0.0000,0.0000,5.6122 , 1.8589,0.3142,3771.4351 , 61.6483,2.8647,<LOD,4377.6826,0.0390,<LOD,24.6920,0.5071,<LOD,0.9606,5.6597,5.3761 , 0.5494,3.8582,<LOD,6.3543,0.3261,1020.1357 , 115.6129,0.2747,8.1131 , 0.9358,0.3906,<LOD,1.1205,0.5239,9.4264 , 0.7267,0.9559,<LOD,0.0000,0.0000,2589.5276 , 46.1253,1.2078,60.2751 , 2.7303,6.0629,<LOD,0.7415,0.2164,255815.2812 , 668.4641,24.9704,10.0185 , 2.0077,3.6489,258.7678 , 1.4273,18.5770,<LOD,0.0000,0.0000,4.3208 , 0.7012,0.3761,7014.2280 , 41.4343,26.2265,3.7699 , 0.9285,0.6677,214.2142 , 11.3355,4.6688,<LOD,6.7763,0.2558,31.4058 , 0.7319,3.7881,105.5663 , 3.3804,1.2555,137.7904 , 1.2462,17.2997,7,405.799988,39.003052,-122.670647,10.000000,528518.250000,4317167.000000,
781,Mining,120.22,30.16,30.12,30.10,29.84,"Thu Apr 16, 2026 - 11:22:26",User,1.5,ppm,,,,,,Mining,,<LOD,1.2030,0.7981,181935.3281 , 1840.3107,3.8486,6.3354 , 1.0515,0.6213,<LOD,2.5722,0.1204,365.3014 , 17.0979,19.9534,488661.5625 , 3990.7085,<LOD,1.1256,0.1580,22278.1914 , 144.2621,32.3657,<LOD,1.8359,1.4810,<LOD,34.3326,0.6173,<LOD,33.7526,5.9538,131.6000 , 4.5849,3.6464,3.7121 , 2.3364,0.3735,12685.4160 , 79.1081,36.0151,<LOD,0.0000,0.0000,5.5576 , 1.7167,0.3252,3389.9180 , 56.3767,2.7956,8175.9761 , 2252.1187,0.0525,<LOD,23.2417,0.5180,<LOD,0.8902,5.8163,5.9309 , 0.5157,4.0921,<LOD,5.4024,0.2798,910.8067 , 113.6333,0.2812,7.2683 , 0.8622,0.3965,<LOD,1.0708,0.5633,10.1553 , 0.6902,1.0508,<LOD,0.0000,0.0000,2306.5142 , 43.8215,1.1669,53.2975 , 2.5460,6.1714,<LOD,0.6980,0.2289,270630.1250 , 664.8949,28.8185,9.9542 , 1.8879,3.7949,260.0986 , 1.3561,20.3189,<LOD,0.0000,0.0000,4.3191 , 0.6450,0.3909,7705.2085 , 41.7490,30.7845,2.8234 , 0.8637,0.6927,215.3163 , 11.2658,5.3245,<LOD,5.9906,0.2389,28.7693 , 0.6748,3.8651,78.5639 , 2.8774,1.0870,131.9413 , 1.1636,18.2426,6,405.600006,39.003017,-122.670654,10.000000,528517.375000,4317163.000000,
782,Mining,120.59,30.28,30.08,30.08,30.15,"Thu Apr 16, 2026 - 11:27:23",User,1.5,ppm,,,,,,Mining,,<LOD,1.4514,0.6304,95362.7656 , 2099.5522,2.0998,<LOD,1.3696,0.2024,<LOD,2.9744,0.0924,341.4507 , 20.7206,15.3009,517936.7188 , 5786.0112,<LOD,1.3432,0.1304,47998.7969 , 269.1833,62.2873,<LOD,2.1872,1.1280,<LOD,44.6713,0.7818,<LOD,56.7536,12.7721,117.5475 , 6.0597,3.3301,20.1589 , 3.1392,0.4003,33752.0703 , 162.6268,80.0985,<LOD,0.0000,0.0000,<LOD,2.7624,0.1990,8745.0186 , 107.3939,6.0920,36488.4766 , 4388.6724,0.1167,627.1147 , 30.4106,1.4945,<LOD,1.0399,4.4318,3.8201 , 0.5892,2.9631,<LOD,7.7671,0.2729,490.5671 , 121.3155,0.2181,5.0800 , 0.9823,0.2946,<LOD,1.2764,0.4349,34.3450 , 1.1134,1.8186,<LOD,0.0000,0.0000,37151.5977 , 180.2572,14.0322,<LOD,4.1530,3.4689,<LOD,0.8442,0.1954,215106.4531 , 682.4922,20.8982,10.8929 , 2.3019,3.0285,251.9387 , 1.5637,14.7815,<LOD,0.0000,0.0000,1.6778 , 0.7384,0.2767,5121.9370 , 43.4240,17.4191,3.3808 , 1.0169,0.5493,165.9258 , 12.4378,3.2530,<LOD,7.7515,0.2354,19.4519 , 0.7480,2.6164,149.5439 , 4.2388,1.3828,93.2837 , 1.1983,10.8668,7,405.899994,39.003040,-122.670677,10.000000,528515.500000,4317165.500000,
783,Mining,120.61,30.05,30.32,30.06,30.18,"Thu Apr 16, 2026 - 11:31:04",User,1.5,ppm,,,,,,Mining,,<LOD,1.4353,0.6198,93325.7422 , 2110.5381,2.0606,<LOD,1.4021,0.2030,<LOD,3.0591,0.0984,323.6440 , 20.5355,15.0289,525709.3125 , 5726.7402,<LOD,1.3201,0.1267,49946.1758 , 272.9132,64.2671,<LOD,2.2214,1.1823,<LOD,46.2350,0.7804,<LOD,91.0657,12.6429,123.0855 , 6.1022,3.3526,20.5347 , 3.1315,0.4007,33235.8867 , 158.9424,78.0532,<LOD,0.0000,0.0000,<LOD,2.8325,0.2084,8801.6064 , 107.3514,6.0951,29073.0352 , 4370.4834,0.1059,603.7316 , 29.9042,1.4457,<LOD,1.0253,4.3352,3.6469 , 0.5831,2.9263,<LOD,7.9636,0.3019,415.1929 , 126.7188,0.2199,7.5727 , 1.0360,0.3301,<LOD,1.2721,0.4350,33.0753 , 1.0827,1.7330,<LOD,0.0000,0.0000,40092.1406 , 191.9281,15.0720,<LOD,4.1551,3.5163,<LOD,0.8681,0.2094,212461.3125 , 692.3672,20.5712,14.7786 , 2.3076,3.0796,249.4881 , 1.5402,14.5362,<LOD,0.0000,0.0000,2.8035 , 0.7484,0.2957,5148.7910 , 43.2629,17.2881,1.8856 , 0.9865,0.5196,161.2027 , 12.3940,3.2000,<LOD,7.3187,0.2103,19.2351 , 0.7405,2.5836,132.8299 , 4.0172,1.2515,93.2813 , 1.1885,10.7759,7,406.299988,39.003056,-122.670685,10.000000,528514.625000,4317167.000000,
784,Mining,122.79,32.51,30.14,30.06,30.08,"Thu Apr 16, 2026 - 11:33:52",User,1.5,ppm,,,,,,Mining,,<LOD,1.5456,0.6461,94215.8594 , 2488.4172,2.0968,<LOD,1.5037,0.2037,<LOD,3.1906,0.0933,401.8730 , 22.0584,15.7190,496819.6562 , 6856.7139,<LOD,1.4483,0.1322,57402.3047 , 308.5043,69.1349,<LOD,2.3091,1.1343,<LOD,54.2982,0.8600,<LOD,88.2045,10.9748,109.8525 , 6.0615,2.9604,14.3099 , 3.1471,0.3505,31284.9922 , 167.6863,67.8108,<LOD,0.0000,0.0000,<LOD,3.8860,0.2130,8134.1255 , 104.7310,5.3213,29421.4375 , 5236.5146,0.1207,784.1765 , 34.0013,1.5867,<LOD,1.2090,4.2503,5.0187 , 0.6146,2.8951,<LOD,8.4436,0.3135,450.3965 , 150.0133,0.2536,9.1410 , 1.1071,0.3269,<LOD,1.3720,0.4549,32.7988 , 1.1225,1.6052,<LOD,0.0000,0.0000,76882.1172 , 300.2732,27.8071,<LOD,4.4468,3.6424,<LOD,0.8541,0.1698,198556.6562 , 719.2004,18.7038,17.8253 , 2.4566,3.1404,252.2330 , 1.6365,13.6752,<LOD,0.0000,0.0000,2.7252 , 0.8064,0.2916,4807.8203 , 43.3648,14.9803,<LOD,2.4929,0.4857,136.3789 , 12.1010,2.7291,<LOD,7.9440,0.2153,28.0298 , 0.8439,2.9100,134.5622 , 4.2059,1.1866,95.7336 , 1.2524,10.2162,8,406.500000,39.003067,-122.670692,10.000000,528514.062500,4317168.500000,
785,Mining,120.37,30.13,30.07,30.09,30.08,"Thu Apr 16, 2026 - 11:36:29",User,1.5,ppm,,,,,,Mining,,<LOD,1.5529,0.6411,93752.1641 , 2515.8000,2.0935,<LOD,1.4143,0.1951,4.0350 , 2.2834,0.1124,390.1131 , 22.4552,15.9655,482507.8125 , 7117.1211,<LOD,1.3950,0.1328,58323.3438 , 328.6905,73.0566,<LOD,2.3267,1.1292,<LOD,55.2201,0.9262,<LOD,75.8225,11.7790,108.4148 , 6.0923,3.0525,12.9994 , 3.0164,0.3491,32545.9473 , 184.2017,73.1737,<LOD,0.0000,0.0000,<LOD,2.8446,0.2057,8596.7705 , 108.5702,5.8377,43961.9766 , 5661.0791,0.1489,773.3209 , 33.0336,1.6326,<LOD,1.0564,4.3078,5.7445 , 0.6082,2.9857,<LOD,8.1258,0.3040,438.5219 , 151.7189,0.2707,7.5071 , 1.0417,0.3126,<LOD,1.3766,0.4502,33.2700 , 1.1070,1.6822,<LOD,0.0000,0.0000,81364.6641 , 325.3633,30.7903,<LOD,4.5086,3.6717,<LOD,0.8752,0.1812,191529.0312 , 728.7703,18.8012,12.9341 , 2.4801,3.1321,260.4631 , 1.6835,14.5459,<LOD,0.0000,0.0000,2.9190 , 0.7820,0.2991,5016.1304 , 45.5106,16.2151,1.8687 , 1.0068,0.5069,147.7405 , 12.4617,2.9662,<LOD,7.4755,0.2068,24.4939 , 0.7958,2.7846,81.7332 , 3.4248,0.8537,96.0933 , 1.2424,10.6295,7,407.100006,39.003071,-122.670692,10.000000,528514.312500,4317169.000000,
786,Mining,122.85,32.58,30.03,30.10,30.14,"Thu Apr 16, 2026 - 11:40:08",User,1.5,ppm,,,,,,Mining,,<LOD,1.4570,0.6057,95824.1562 , 2451.0303,2.1164,<LOD,1.4390,0.2086,<LOD,3.2799,0.1071,416.2289 , 21.4806,15.9043,488093.9375 , 6936.4790,<LOD,1.3737,0.1297,50040.9141 , 296.2908,62.2636,<LOD,2.2720,1.1733,<LOD,52.1419,0.9224,53.0306 , 38.0780,12.3784,108.0968 , 6.2788,3.1472,15.3270 , 3.0652,0.3631,33809.6875 , 179.7149,76.5116,<LOD,0.0000,0.0000,<LOD,3.4031,0.2247,8285.7129 , 109.0869,5.5598,53310.6055 , 5324.9233,0.1520,865.9557 , 34.0115,1.7764,<LOD,1.0530,4.2957,4.8944 , 0.6059,2.9698,<LOD,8.0098,0.3205,506.6681 , 139.0990,0.2529,7.2395 , 1.0444,0.3163,<LOD,1.3314,0.4543,33.8856 , 1.1152,1.7160,<LOD,0.0000,0.0000,57156.8672 , 248.2486,20.8930,<LOD,4.3011,3.6104,<LOD,0.9106,0.2142,205520.4844 , 716.0390,19.4609,19.4842 , 2.3840,3.1444,268.7000 , 1.6831,14.9653,<LOD,0.0000,0.0000,3.4993 , 0.7813,0.3055,5162.1421 , 46.4848,16.8240,3.1049 , 1.0296,0.5338,154.3820 , 12.9095,3.0915,<LOD,8.9856,0.2648,29.5484 , 0.8331,3.0802,202.9406 , 4.8330,1.6942,102.4834 , 1.2633,11.1264,8,407.399994,39.003075,-122.670692,10.000000,528514.187500,4317169.500000,
787,Mining,123.26,32.91,30.16,30.14,30.05,"Thu Apr 16, 2026 - 11:43:03",User,1.5,ppm,,,,,,Mining,,<LOD,1.5215,0.6295,102861.1250 , 2494.7883,2.2589,<LOD,1.4549,0.2087,<LOD,3.1875,0.0986,425.4961 , 22.0516,15.9618,481835.5312 , 6787.1035,<LOD,1.4291,0.1365,50516.4922 , 287.9200,62.2580,<LOD,2.2500,1.0749,<LOD,51.2216,0.8727,<LOD,84.3730,12.3977,114.5555 , 6.1260,3.1508,13.6081 , 3.0546,0.3505,34325.1055 , 178.3748,76.9646,<LOD,0.0000,0.0000,<LOD,3.0271,0.2206,8429.8848 , 106.5585,5.6047,43106.7148 , 5050.5205,0.1322,818.2502 , 33.6418,1.6966,<LOD,1.0612,4.2296,4.8171 , 0.6110,2.9307,<LOD,8.2557,0.3002,581.5906 , 137.7904,0.2453,7.4170 , 1.0515,0.3123,<LOD,1.3619,0.4514,33.1797 , 1.1205,1.6791,<LOD,0.0000,0.0000,50174.6641 , 228.5856,18.1279,<LOD,4.3851,3.5401,<LOD,0.8534,0.1785,220740.5156 , 730.8398,20.8561,13.9428 , 2.4223,3.0612,271.8248 , 1.6934,14.9747,<LOD,0.0000,0.0000,3.1501 , 0.7992,0.3051,5256.3511 , 45.4314,16.9595,3.6620 , 1.0490,0.5387,147.6584 , 12.5452,3.0653,<LOD,10.9762,0.2638,28.4958 , 0.8310,2.9825,186.4922 , 4.7042,1.5657,99.4572 , 1.2595,10.8383,8,407.600006,39.003075,-122.670692,10.000000,528513.875000,4317169.500000,
788,Mining,122.95,32.74,30.10,30.04,30.07,"Thu Apr 16, 2026 - 11:46:46",User,1.5,ppm,,,,,,Mining,,<LOD,1.7012,0.6436,77745.8516 , 2496.8411,1.7481,<LOD,1.6151,0.2173,<LOD,3.3529,0.0874,435.5867 , 24.1781,15.5355,507295.3438 , 7581.2515,<LOD,1.6441,0.1458,47659.8125 , 277.6318,53.1998,<LOD,2.5255,1.1142,<LOD,60.1148,1.0445,95.1476 , 41.2684,11.4917,117.9376 , 6.4710,3.0119,13.6589 , 3.3227,0.3348,34437.9805 , 173.3183,70.5918,<LOD,0.0000,0.0000,<LOD,3.2261,0.1957,7209.0557 , 103.1259,4.4181,48176.4570 , 5775.8730,0.1479,1356.2133 , 42.9899,2.2596,<LOD,1.1500,4.0106,4.9642 , 0.6634,2.7887,<LOD,9.3181,0.3604,575.1069 , 151.8232,0.2581,7.3107 , 1.1332,0.2922,<LOD,1.5480,0.4781,29.4939 , 1.1389,1.3892,<LOD,0.0000,0.0000,77467.5234 , 289.3675,25.8422,<LOD,4.8168,3.4674,<LOD,0.9678,0.1912,191396.3438 , 686.9142,16.4793,13.7393 , 2.6646,3.0165,290.7597 , 1.8154,14.5433,<LOD,0.0000,0.0000,1.9599 , 0.8765,0.2796,5098.5884 , 45.6630,15.0522,2.2133 , 1.1039,0.4808,157.4237 , 12.9890,2.8071,<LOD,10.9799,0.2694,37.4376 , 0.9514,3.1786,266.7643 , 5.8240,1.9378,107.3441 , 1.3726,10.5294,7,407.600006,39.003078,-122.670700,10.000000,528513.187500,4317170.000000,
789,Mining,120.06,30.24,30.01,30.08,29.73,"Thu Apr 16, 2026 - 11:50:26",User,1.5,ppm,,,,,,Mining,,<LOD,1.6929,0.5770,77554.9766 , 2581.1987,1.7276,<LOD,1.6000,0.2015,<LOD,3.3960,0.0846,486.0623 , 24.8689,15.1686,527494.3750 , 7505.4897,<LOD,1.5627,0.1237,46656.0117 , 265.1935,48.7991,<LOD,2.5257,1.0032,<LOD,58.3621,0.8962,136.1056 , 41.8219,11.2055,118.1871 , 6.5603,2.8207,14.1552 , 3.3282,0.3156,35428.4609 , 159.4869,67.9780,<LOD,0.0000,0.0000,<LOD,3.2600,0.1930,7525.6636 , 106.5277,4.3294,35718.4180 , 5445.8188,0.1169,903.4561 , 37.0815,1.5919,<LOD,1.1549,3.8045,5.0194 , 0.6620,2.6116,<LOD,8.8300,0.2863,574.6956 , 149.3220,0.2239,6.7410 , 1.1189,0.2678,<LOD,1.4870,0.3973,28.0310 , 1.1170,1.2512,<LOD,0.0000,0.0000,58508.1367 , 240.0145,18.0422,<LOD,4.9423,3.3349,<LOD,0.9364,0.1652,202724.2500 , 694.6208,16.1126,12.1022 , 2.7126,2.8400,289.8241 , 1.7567,13.5613,<LOD,0.0000,0.0000,2.4600 , 0.8512,0.2544,5333.3916 , 46.0938,14.7168,2.0613 , 1.1022,0.4501,153.2012 , 13.3138,2.6856,<LOD,12.2719,0.2362,33.1950 , 0.9134,2.7667,186.8910 , 5.0039,1.3558,104.0816 , 1.3446,9.6756,7,407.200012,39.003082,-122.670708,10.000000,528513.000000,4317170.000000,
790,Mining,120.66,30.29,30.07,30.07,30.23,"Thu Apr 16, 2026 - 11:53:04",User,1.5,ppm,,,,,,Mining,,<LOD,1.5665,0.5957,131921.5625 , 2854.9312,2.8487,<LOD,1.5383,0.2215,<LOD,3.3401,0.1013,452.9579 , 22.9474,15.4407,391516.1562 , 7306.3398,<LOD,1.4706,0.1353,53860.0938 , 319.0191,64.7141,<LOD,2.3337,1.0345,<LOD,45.0541,0.6606,<LOD,60.8056,13.1352,135.0444 , 6.8135,3.3067,14.5910 , 3.0655,0.3314,38191.2344 , 208.0556,82.3957,<LOD,0.0000,0.0000,<LOD,4.1373,0.2082,11564.7695 , 130.8070,7.4215,47282.0898 , 4948.5898,0.1277,630.5556 , 31.0394,1.3918,<LOD,1.2461,4.0422,5.3501 , 0.6124,2.7217,<LOD,8.2977,0.2653,967.0084 , 145.1413,0.2847,9.2586 , 1.1037,0.3220,<LOD,1.3948,0.4225,39.9906 , 1.2175,1.8552,<LOD,0.0000,0.0000,20574.9062 , 141.8739,7.2378,<LOD,4.4872,3.2681,<LOD,0.8912,0.1847,295831.0000 , 828.2316,28.3587,20.0475 , 2.5286,2.9990,332.9068 , 1.9998,17.2733,<LOD,0.0000,0.0000,2.4775 , 0.8120,0.2894,6254.9082 , 53.9160,19.5346,3.7540 , 1.0988,0.5526,176.2561 , 14.5130,3.4962,<LOD,7.5936,0.1960,26.5836 , 0.8338,2.7748,78.3542 , 3.4185,0.7811,108.1270 , 1.3548,11.3462,7,407.100006,39.003090,-122.670700,10.000000,528513.750000,4317171.000000,
791,Mining,122.95,32.53,30.10,30.10,30.22,"Thu Apr 16, 2026 - 11:55:25",User,1.5,ppm,,,,,,Mining,,<LOD,1.6064,0.6069,135743.5000 , 2973.7478,2.9281,<LOD,1.5351,0.2251,<LOD,2.9230,0.0743,455.7717 , 23.2948,15.3759,385071.4375 , 7516.3472,<LOD,1.4632,0.1296,53659.0195 , 319.0194,64.1790,<LOD,2.3587,1.0201,<LOD,46.6660,0.6693,<LOD,61.5142,13.0276,146.7335 , 6.8195,3.3993,10.6244 , 3.0239,0.3119,38554.8984 , 214.8452,82.6742,<LOD,0.0000,0.0000,<LOD,2.8680,0.1819,11555.3545 , 129.3490,7.3695,45937.9727 , 5048.1143,0.1255,654.1035 , 31.8508,1.4217,1.3128 , 0.7294,4.0582,5.4223 , 0.6152,2.6658,<LOD,8.5642,0.2810,765.7506 , 144.1929,0.2589,6.5269 , 1.0637,0.2890,<LOD,1.4561,0.4473,42.0769 , 1.2437,1.8919,<LOD,0.0000,0.0000,19595.8359 , 141.9108,6.8598,<LOD,4.5984,3.3577,<LOD,0.8703,0.1768,300743.6250 , 852.9666,28.7373,20.8463 , 2.5690,2.9964,327.3571 , 2.0159,16.8578,<LOD,0.0000,0.0000,3.7977 , 0.8310,0.3029,6304.8257 , 53.4579,19.4605,2.2388 , 1.0783,0.5149,187.2357 , 14.3692,3.5130,<LOD,7.8906,0.2050,24.0521 , 0.8250,2.6255,74.3941 , 3.4023,0.7488,105.3121 , 1.3591,11.0335,6,407.500000,39.003090,-122.670692,10.000000,528514.062500,4317171.000000,
792,Mining,120.55,30.25,30.06,30.06,30.18,"Thu Apr 16, 2026 - 12:54:28",User,1.5,ppm,,,,,,Mining,,<LOD,1.0947,0.8356,131092.4844 , 1443.2249,2.8329,42.0676 , 1.6178,2.0656,<LOD,2.4873,0.1324,499.0540 , 16.6585,25.2451,501428.5000 , 3506.9341,<LOD,1.1534,0.1933,733.7433 , 39.2391,1.8656,<LOD,1.7200,1.6491,<LOD,36.8527,0.8548,<LOD,32.8935,7.1248,110.3415 , 4.0098,3.6686,8.1861 , 2.3643,0.4451,13896.0039 , 81.2129,44.4308,<LOD,0.0000,0.0000,<LOD,2.7592,0.3069,13297.5479 , 100.0222,10.3436,14351.7588 , 2339.4624,0.0692,<LOD,20.3379,0.4653,<LOD,0.8224,6.1094,5.3583 , 0.4694,4.1459,<LOD,5.4151,0.3249,138.1041 , 76.2847,0.1243,7.8879 , 0.8487,0.4499,<LOD,0.9953,0.6179,63.0058 , 1.1439,4.3369,<LOD,0.0000,0.0000,17771.9551 , 105.4282,7.8566,25.0582 , 2.2827,6.1006,<LOD,0.6617,0.2377,302656.8438 , 664.3318,36.1222,5.0454 , 1.7644,4.2118,19.1107 , 0.3973,2.3180,<LOD,0.0000,0.0000,5.1379 , 0.6625,0.4843,3604.5181 , 27.9223,16.7806,<LOD,1.0075,0.4913,104.7430 , 7.7646,3.1330,<LOD,5.8244,0.2639,7.4464 , 0.5727,3.0842,27.9040 , 2.0862,0.6643,98.1773 , 0.8931,13.0664,7,401.600006,39.003357,-122.670708,10.000000,528512.625000,4317200.500000,
793,Mining,120.49,30.28,30.04,30.08,30.09,"Thu Apr 16, 2026 - 12:57:04",User,1.5,ppm,,,,,,Mining,,<LOD,1.0959,0.8458,129983.3906 , 1411.5471,2.8101,39.1219 , 1.5067,1.9034,<LOD,2.4886,0.1403,502.8632 , 16.6272,25.4087,501602.7812 , 3410.6704,<LOD,1.1343,0.1979,712.8975 , 39.6720,1.8346,<LOD,1.7245,1.6765,<LOD,36.4645,0.8564,<LOD,31.0599,6.6596,108.6043 , 4.0534,3.6233,8.0184 , 2.2921,0.4420,13101.1172 , 76.2972,41.5419,<LOD,0.0000,0.0000,<LOD,3.2339,0.3079,13384.3838 , 101.2012,10.3237,12736.1260 , 2259.0432,0.0662,<LOD,19.8210,0.4634,<LOD,0.8012,6.1345,5.1948 , 0.4552,4.1164,<LOD,5.2156,0.3228,134.3361 , 75.7359,0.1256,5.1348 , 0.7763,0.3965,<LOD,1.0032,0.6347,66.9406 , 1.1429,4.5790,<LOD,0.0000,0.0000,17277.4746 , 102.1152,7.5714,20.3383 , 2.2593,5.9873,<LOD,0.6594,0.2504,306444.6562 , 651.6250,36.3392,5.9276 , 1.7653,4.2644,19.4792 , 0.3881,2.3417,<LOD,0.0000,0.0000,5.6133 , 0.6561,0.5066,3589.2637 , 28.2200,16.6107,<LOD,1.2106,0.5149,109.8489 , 7.9018,3.1425,<LOD,5.4828,0.2467,7.3456 , 0.5601,3.1130,30.1707 , 2.0590,0.6842,98.9813 , 0.8694,13.1090,9,403.000000,39.003365,-122.670677,10.000000,528515.250000,4317201.500000,
794,Mining,120.10,30.22,30.01,30.04,29.83,"Thu Apr 16, 2026 - 12:59:30",User,1.5,ppm,,,,,,Mining,,<LOD,1.0335,0.8664,126839.8281 , 1358.9510,2.7421,20.6310 , 1.1895,1.2253,<LOD,2.2941,0.1279,391.8891 , 15.3562,24.4409,512524.9375 , 3328.5928,<LOD,1.0585,0.1855,386.4196 , 30.7051,1.2266,<LOD,1.6366,1.7446,<LOD,30.4559,0.5835,<LOD,23.7983,3.9455,68.3290 , 3.4188,2.9514,<LOD,4.3901,0.4077,7390.9082 , 56.7411,24.2903,<LOD,0.0000,0.0000,<LOD,3.6245,0.3243,9500.6836 , 81.0812,7.4953,14569.5381 , 2190.7896,0.0661,<LOD,18.4997,0.4047,<LOD,0.7894,6.4934,4.6218 , 0.4399,4.1932,<LOD,4.6767,0.2988,102.1191 , 71.6270,0.1120,3.3245 , 0.7119,0.3592,<LOD,0.9556,0.6636,43.4759 , 0.9375,3.2920,<LOD,0.0000,0.0000,11943.0117 , 85.4615,5.3520,41.7747 , 2.2274,6.9560,<LOD,0.6256,0.2447,312988.1562 , 662.1234,37.4818,5.4868 , 1.6694,4.3958,13.9092 , 0.3418,1.9684,<LOD,0.0000,0.0000,3.1873 , 0.5890,0.4252,2938.4768 , 23.7630,13.7963,<LOD,0.9789,0.4901,64.5054 , 6.5174,2.4636,<LOD,5.4683,0.2625,3.7302 , 0.4854,2.5468,52.3793 , 2.3617,0.9625,98.6810 , 0.8530,13.7605,8,403.200012,39.003357,-122.670685,10.000000,528514.500000,4317200.500000,
795,Mining,122.97,32.73,30.06,30.08,30.10,"Thu Apr 16, 2026 - 13:02:04",User,1.5,ppm,,,,,,Mining,,<LOD,1.1507,0.8590,129530.6094 , 1446.2822,2.7952,53.5074 , 1.7871,2.4054,<LOD,2.5499,0.1300,581.9767 , 17.6148,26.3860,495807.3125 , 3586.7261,<LOD,1.3174,0.2368,480.8335 , 37.9716,1.4393,<LOD,1.8111,1.7044,<LOD,32.8142,0.6661,<LOD,35.2170,7.8221,109.1386 , 4.2369,3.5579,35.2192 , 2.9285,0.6435,15857.9316 , 86.5578,48.8446,<LOD,0.0000,0.0000,2.3808 , 1.6304,0.3167,11855.2979 , 99.5884,8.9437,13879.9688 , 2291.1035,0.0656,<LOD,21.0033,0.4736,<LOD,0.8765,6.3620,6.2406 , 0.4900,4.1114,<LOD,5.8219,0.3529,157.8028 , 72.4816,0.1134,7.7095 , 0.8624,0.4353,<LOD,1.0548,0.6466,66.6196 , 1.1929,4.4006,<LOD,0.0000,0.0000,16020.4316 , 98.0722,6.8239,64.6552 , 2.5353,7.3471,<LOD,0.6864,0.2418,311758.1250 , 652.8334,35.9749,6.0222 , 1.8443,4.2871,22.5054 , 0.4269,2.5031,<LOD,0.0000,0.0000,3.2290 , 0.6974,0.4581,3405.7751 , 28.5262,15.3166,1.5228 , 0.7282,0.5369,104.6438 , 8.0623,2.9171,<LOD,5.9048,0.2539,7.6091 , 0.5885,3.0388,45.3241 , 2.4010,0.8280,127.6185 , 1.0111,15.5245,8,402.899994,39.003353,-122.670692,10.000000,528513.937500,4317200.500000,
796,Mining,120.55,30.05,30.23,30.10,30.17,"Thu Apr 16, 2026 - 13:04:54",User,1.5,ppm,,,,,,Mining,,<LOD,1.1111,0.8482,133389.7812 , 1404.4302,2.8720,10.2439 , 1.0698,0.8053,<LOD,2.4819,0.1337,459.4000 , 16.6038,24.5105,510906.5625 , 3325.8491,<LOD,1.0449,0.1615,196.7797 , 33.1463,1.0634,<LOD,1.7552,1.7001,<LOD,29.9364,0.5557,<LOD,30.9065,6.2775,85.2217 , 3.8130,3.2924,13.9398 , 2.4617,0.4890,12320.3555 , 74.4011,39.0043,<LOD,0.0000,0.0000,2.0814 , 1.5433,0.3094,13238.5732 , 98.4319,10.1520,9484.7363 , 2093.0903,0.0567,<LOD,19.4771,0.4245,<LOD,0.8222,6.2264,5.3005 , 0.4652,4.1461,<LOD,5.2685,0.3187,114.6937 , 70.4996,0.1090,5.9055 , 0.8024,0.4078,<LOD,1.0149,0.6332,60.7035 , 1.1157,4.1985,<LOD,0.0000,0.0000,10478.1006 , 79.5988,4.6445,26.2943 , 2.3062,6.1444,<LOD,0.6670,0.2482,305467.5938 , 640.2013,35.6805,4.1887 , 1.7743,4.1847,16.8892 , 0.3772,2.1294,<LOD,0.0000,0.0000,4.4128 , 0.6262,0.4583,3481.3816 , 27.3287,16.1391,<LOD,1.1585,0.5044,90.1388 , 7.5480,2.9609,<LOD,5.4322,0.2321,7.2839 , 0.5623,3.0298,22.7365 , 1.9803,0.6067,106.6838 , 0.9102,13.9238,7,402.500000,39.003353,-122.670700,10.000000,528513.375000,4317200.500000,
797,Mining,120.67,30.23,30.07,30.15,28.11,"Thu Apr 16, 2026 - 13:07:31",User,1.5,ppm,,,,,,Mining,,<LOD,1.0388,0.8995,142466.7969 , 1384.4658,3.0498,9.7342 , 1.1021,0.9631,<LOD,2.9343,0.2166,359.1205 , 15.1155,23.9246,540378.3125 , 3186.4797,<LOD,1.0972,0.2066,160.7642 , 30.8572,1.1062,<LOD,1.6402,1.8048,<LOD,29.0552,0.5798,<LOD,28.3892,6.0528,87.8882 , 3.4886,3.4453,8.8388 , 2.2833,0.4878,11173.3779 , 69.6098,38.4512,<LOD,0.0000,0.0000,143.9911 , 3.6575,2.3645,13946.9941 , 94.4371,11.5567,14948.9268 , 2108.1282,0.0644,<LOD,19.2248,0.4742,<LOD,0.7964,6.6837,4.6338 , 0.4471,4.3681,<LOD,4.9443,0.3319,196.4854 , 68.0387,0.1162,10.0512 , 0.8676,0.5543,<LOD,0.9291,0.6413,63.1998 , 1.1234,4.7162,<LOD,0.0000,0.0000,7155.8965 , 65.9491,3.5246,55.1486 , 2.2628,7.4669,<LOD,0.6872,0.2955,264804.1250 , 619.3380,32.2666,5.4820 , 1.6527,4.3999,15.3098 , 0.3747,2.4117,<LOD,0.0000,0.0000,4.0980 , 0.6292,0.5138,3769.4827 , 26.2408,18.7645,<LOD,1.2831,0.8704,97.3322 , 7.1766,3.3791,<LOD,0.0000,0.2303,5.1534 , 0.5366,3.1598,19.3946 , 1.9580,0.6949,109.4590 , 0.8960,15.4893,9,401.899994,39.003353,-122.670708,10.000000,528512.937500,4317200.500000,
798,Mining,120.40,30.04,30.10,30.08,27.78,"Thu Apr 16, 2026 - 13:10:29",User,1.5,ppm,,,,,,Mining,,<LOD,1.0617,0.8544,115835.9453 , 1285.6826,2.5013,16.5789 , 1.0742,1.1228,<LOD,3.6326,0.2994,425.2457 , 15.6273,23.7283,586657.8750 , 3011.7163,<LOD,1.1902,0.2194,203.2314 , 32.6005,1.1051,<LOD,1.6825,1.7305,<LOD,30.1893,0.6065,<LOD,31.8722,7.3419,80.7242 , 3.7370,3.3823,<LOD,0.0000,0.0000,14133.0840 , 77.4299,47.1230,33.4722 , 7.3942,0.6658,328.7726 , 8.7308,4.7228,12600.5996 , 95.5709,10.1923,9562.1904 , 2069.5930,0.0570,<LOD,19.1122,0.4523,<LOD,0.8398,6.7297,5.0107 , 0.4663,4.2824,<LOD,5.1703,0.3206,225.3930 , 73.2775,0.1213,<LOD,0.0000,0.0000,<LOD,0.9411,0.5977,59.2089 , 1.1467,4.1667,<LOD,14.4661,0.6843,12421.1836 , 86.4021,5.8253,63.5013 , 2.3360,7.3079,<LOD,0.7739,0.3321,243553.6406 , 585.4381,28.4361,6.6267 , 1.6847,4.1619,15.9169 , 0.4198,2.6685,21.9587 , 4.4786,0.4283,4.4447 , 0.6328,0.4550,3530.4363 , 27.2386,17.2358,<LOD,1.7661,1.1912,90.8614 , 7.5611,3.1494,<LOD,0.0000,0.2255,5.5922 , 0.5454,3.0203,<LOD,0.0000,0.0000,118.4964 , 0.9382,15.8415,7,401.500000,39.003353,-122.670708,10.000000,528512.625000,4317200.000000,
799,Mining,120.16,30.10,30.06,30.15,29.85,"Thu Apr 16, 2026 - 13:13:02",User,1.5,ppm,,,,,,Mining,,<LOD,1.0867,0.8491,130929.1875 , 1438.5175,2.8261,31.8807 , 1.4860,1.7195,<LOD,2.4500,0.1314,486.8809 , 16.3976,25.0530,515736.4375 , 3435.0771,<LOD,1.1691,0.2039,1076.6296 , 44.6127,2.4379,<LOD,1.7144,1.6944,<LOD,34.7619,0.7577,<LOD,32.8529,7.3253,109.2216 , 4.1278,3.6579,30.8748 , 2.7698,0.6284,14485.8691 , 81.4692,46.2273,<LOD,0.0000,0.0000,<LOD,2.7153,0.2924,13857.3799 , 104.6363,10.7808,12543.6260 , 2296.3469,0.0661,<LOD,20.1957,0.4744,<LOD,0.8206,6.2303,5.2895 , 0.4635,4.1366,<LOD,5.4760,0.3437,211.2433 , 80.6217,0.1434,11.3804 , 0.8986,0.5183,<LOD,0.9825,0.6202,62.7200 , 1.1275,4.3096,<LOD,0.0000,0.0000,18421.5664 , 106.8637,8.1457,22.3909 , 2.2445,6.0437,<LOD,0.6681,0.2519,288014.5938 , 646.1105,33.9800,4.1866 , 1.7402,4.2116,21.8268 , 0.4113,2.5431,<LOD,0.0000,0.0000,2.5846 , 0.6386,0.4359,3622.1494 , 28.8878,16.9142,<LOD,1.0969,0.5058,114.3483 , 8.1143,3.2207,<LOD,5.7103,0.2591,6.6939 , 0.5611,3.0250,80.4334 , 2.7948,1.2251,110.6220 , 0.9270,14.3541,8,401.600006,39.003349,-122.670708,10.000000,528512.937500,4317200.000000,
800,Mining,120.37,30.19,30.03,30.02,30.13,"Thu Apr 16, 2026 - 13:15:51",User,1.5,ppm,,,,,,Mining,,<LOD,1.0649,0.8487,135266.4062 , 1465.9188,2.9187,51.4779 , 1.7736,2.6873,<LOD,2.5378,0.1528,409.3722 , 15.9834,24.4250,489842.0000 , 3559.8069,<LOD,1.2297,0.2435,296.6745 , 31.2370,1.1360,<LOD,1.6870,1.7072,<LOD,35.1782,0.7513,<LOD,28.3387,5.6625,74.3794 , 3.5859,2.9817,21.0693 , 2.5253,0.5605,10818.5713 , 69.6656,35.0074,<LOD,0.0000,0.0000,32.6448 , 2.1284,0.7530,8561.8311 , 81.4850,6.7402,17268.2539 , 2361.9314,0.0724,<LOD,18.8839,0.4280,<LOD,0.7620,5.8064,2.3704 , 0.4245,3.7427,<LOD,5.1771,0.3506,130.0329 , 78.6465,0.1302,19.9848 , 1.0012,0.6993,<LOD,0.9597,0.6152,34.3927 , 0.8551,2.5861,<LOD,0.0000,0.0000,14536.0244 , 96.5450,6.3933,23.8149 , 2.2333,6.2678,<LOD,0.6492,0.2593,320316.5312 , 697.2417,38.3020,<LOD,3.2438,4.2549,18.4539 , 0.3804,2.3555,<LOD,0.0000,0.0000,1.2505 , 0.6174,0.3943,2121.5452 , 22.0557,10.1016,<LOD,0.9824,0.5018,59.8868 , 6.1733,1.9760,<LOD,0.0000,0.2358,3.6743 , 0.4744,2.3698,30.4596 , 2.0643,0.7273,58.9039 , 0.6991,9.0044,7,402.100006,39.003349,-122.670708,10.000000,528512.750000,4317200.000000,
801,Mining,122.85,32.50,30.04,30.11,30.20,"Thu Apr 16, 2026 - 13:18:36",User,1.5,ppm,,,,,,Mining,,<LOD,1.0785,0.8595,140126.4531 , 1401.9453,3.0168,36.5983 , 1.4744,1.8663,<LOD,2.3241,0.1256,478.8012 , 16.1366,25.0097,503728.2188 , 3327.6543,<LOD,1.1766,0.2197,688.7297 , 39.4460,1.8891,<LOD,1.6879,1.6861,<LOD,34.2292,0.8139,<LOD,32.3385,7.5441,116.9307 , 4.0633,3.8514,37.7140 , 2.8315,0.6984,14610.1895 , 80.7912,48.0418,<LOD,0.0000,0.0000,<LOD,2.1091,0.2637,13521.8027 , 101.1145,10.8279,12573.8906 , 2188.4561,0.0666,<LOD,19.6524,0.4773,<LOD,0.8050,6.3754,5.9038 , 0.4584,4.3088,<LOD,5.3597,0.3486,215.6128 , 78.1697,0.1510,5.7188 , 0.7819,0.4153,<LOD,0.9730,0.6247,64.0649 , 1.1195,4.5218,<LOD,0.0000,0.0000,18525.4824 , 103.5659,8.3980,27.2655 , 2.2300,6.1766,<LOD,0.6413,0.2476,291466.6250 , 632.4149,35.4709,<LOD,4.2325,4.1646,27.5311 , 0.4414,3.1081,<LOD,0.0000,0.0000,3.2989 , 0.6423,0.4696,3456.1768 , 27.8252,16.7305,<LOD,1.0296,0.5168,107.5479 , 7.7782,3.1934,<LOD,5.5054,0.2562,7.0971 , 0.5542,3.1404,57.5057 , 2.4559,1.0056,110.8452 , 0.9167,14.8943,5,402.100006,39.003345,-122.670708,10.000000,528512.750000,4317199.500000,
802,Mining,123.03,32.74,30.11,30.09,30.09,"Thu Apr 16, 2026 - 13:21:12",User,1.5,ppm,,,,,,Mining,,<LOD,1.1428,0.8244,135293.8594 , 1472.5785,2.9055,43.4113 , 1.6289,1.9858,<LOD,2.5137,0.1276,494.7852 , 16.9979,23.5620,519664.1250 , 3479.3987,<LOD,1.2620,0.2185,80.4253 , 32.9868,0.8360,<LOD,1.7601,1.5567,<LOD,30.3793,0.5656,<LOD,37.6505,9.2819,100.6019 , 4.3453,3.5450,13.4982 , 2.4953,0.4694,19171.6602 , 93.4386,58.7809,<LOD,0.0000,0.0000,<LOD,2.1834,0.2973,10925.3838 , 98.3569,8.2363,9942.1943 , 2213.2209,0.0599,<LOD,20.4748,0.4704,<LOD,0.8237,5.7161,4.5100 , 0.4675,3.8444,<LOD,5.7219,0.3224,109.4918 , 73.5608,0.1172,7.1183 , 0.8356,0.4104,<LOD,1.0263,0.5936,49.3991 , 1.0300,3.2749,<LOD,0.0000,0.0000,20131.9297 , 108.7424,8.4602,41.5006 , 2.4042,6.2348,<LOD,0.6642,0.2335,280717.6562 , 619.2810,31.4442,<LOD,3.4674,3.8895,23.3992 , 0.4273,2.5173,<LOD,0.0000,0.0000,2.5406 , 0.6602,0.4053,2985.7295 , 28.2343,13.6661,<LOD,1.1282,0.4618,81.4914 , 7.8828,2.6060,<LOD,0.0000,0.2201,7.3522 , 0.5514,2.7052,14.7388 , 1.8628,0.5076,93.1766 , 0.8719,11.7743,7,401.899994,39.003349,-122.670708,10.000000,528512.750000,4317200.000000,
803,Mining,122.90,32.58,30.16,30.11,30.05,"Thu Apr 16, 2026 - 13:23:51",User,1.5,ppm,,,,,,Mining,,<LOD,1.1502,0.8532,150452.3594 , 1467.7162,3.2183,51.2504 , 1.7347,2.3346,<LOD,2.3872,0.1167,510.3469 , 16.9712,24.1610,508004.5312 , 3388.7520,<LOD,1.2238,0.2097,135.6816 , 34.5159,0.9849,<LOD,1.7553,1.5815,<LOD,30.3044,0.6135,<LOD,38.1618,9.7851,106.6731 , 4.3091,3.7842,24.3755 , 2.6990,0.5628,19473.1445 , 95.0940,62.0431,<LOD,0.0000,0.0000,3.6384 , 1.6070,0.3232,13149.2207 , 104.4479,10.2640,8976.2842 , 2097.3987,0.0581,<LOD,20.6197,0.4895,<LOD,0.8349,6.0132,5.5233 , 0.4756,4.0661,<LOD,5.7326,0.3252,120.1541 , 70.9340,0.1190,6.3103 , 0.8302,0.4137,<LOD,0.9906,0.5609,65.8121 , 1.1727,4.3780,<LOD,0.0000,0.0000,15952.4229 , 94.9981,7.0453,35.8932 , 2.3660,6.1146,<LOD,0.6627,0.2351,278991.5938 , 611.6066,32.4999,6.6154 , 1.7976,4.0209,27.5602 , 0.4587,2.9568,<LOD,0.0000,0.0000,4.0436 , 0.6709,0.4529,3665.5569 , 29.9977,17.2854,<LOD,1.0425,0.5005,105.3620 , 8.3783,3.2479,<LOD,5.4601,0.2234,6.9885 , 0.5781,3.0019,15.2190 , 1.8782,0.5204,103.4095 , 0.9204,13.3327,7,401.700012,39.003345,-122.670715,10.000000,528512.375000,4317199.500000,
804,Mining,122.91,32.73,30.02,30.03,30.13,"Thu Apr 16, 2026 - 13:31:05",User,1.5,ppm,,,,,,Mining,,<LOD,1.5190,0.6149,136863.2812 , 2603.8975,2.9329,<LOD,1.5425,0.2523,<LOD,3.1724,0.0963,470.7824 , 22.0790,15.9450,421777.1250 , 6543.1689,<LOD,1.3964,0.1285,42910.3750 , 257.2050,51.5208,<LOD,2.2715,1.0817,<LOD,42.6327,0.6642,<LOD,78.2145,12.6256,120.3345 , 6.1992,3.1358,14.7592 , 3.0387,0.3417,35470.0234 , 174.7143,78.4698,<LOD,0.0000,0.0000,<LOD,3.3850,0.2104,6265.5190 , 94.4749,4.1491,38977.6445 , 4149.0527,0.1049,522.1202 , 29.1179,1.2649,<LOD,1.0434,4.1630,5.2664 , 0.5842,2.7383,<LOD,8.0843,0.2700,1380.5249 , 146.4668,0.3298,7.4444 , 1.0531,0.3092,<LOD,1.3522,0.4356,32.0170 , 1.0878,1.5694,<LOD,0.0000,0.0000,2353.3579 , 49.8105,1.0319,<LOD,4.3392,3.3862,<LOD,0.8809,0.1931,305821.1562 , 780.0270,28.3564,19.7976 , 2.4270,3.0378,301.8033 , 1.7802,16.2944,<LOD,0.0000,0.0000,4.3420 , 0.8017,0.3121,6291.2075 , 49.5954,20.0465,<LOD,2.0494,0.4942,173.7634 , 13.6222,3.5523,<LOD,7.6899,0.2114,19.5239 , 0.7502,2.3996,85.5875 , 3.4843,0.8540,112.2627 , 1.3214,11.7643,8,402.399994,39.003464,-122.670631,10.000000,528518.937500,4317212.500000,
805,Mining,122.78,32.55,30.07,30.02,30.14,"Thu Apr 16, 2026 - 13:33:28",User,1.5,ppm,,,,,,Mining,,<LOD,1.5216,0.6431,141959.3750 , 2535.8904,3.0414,<LOD,1.5161,0.2446,<LOD,3.2534,0.1038,457.7942 , 21.8974,16.2591,410463.1875 , 6360.6812,<LOD,1.4810,0.1481,42084.5664 , 256.8778,52.2900,<LOD,2.2612,1.1166,<LOD,41.7093,0.6629,<LOD,64.9616,13.2694,119.0595 , 6.1791,3.2401,10.2784 , 2.9293,0.3248,36189.6406 , 180.7053,82.8518,<LOD,0.0000,0.0000,<LOD,2.8351,0.1990,6113.1704 , 93.5405,4.1991,38437.6445 , 4048.4417,0.1045,483.0193 , 28.4852,1.2456,<LOD,1.4649,4.3659,5.5882 , 0.5974,2.8390,<LOD,7.9645,0.2576,1037.3533 , 139.5463,0.3037,7.1648 , 1.0488,0.3136,<LOD,1.3520,0.4537,31.8615 , 1.1027,1.6404,<LOD,0.0000,0.0000,1328.7905 , 40.6940,0.7048,<LOD,4.3070,3.4680,<LOD,0.8723,0.1908,314118.3125 , 795.7101,30.2631,16.2308 , 2.3969,3.0684,292.2019 , 1.7630,16.2884,<LOD,0.0000,0.0000,4.2740 , 0.8332,0.3377,6440.5483 , 50.0947,21.1669,3.0470 , 1.0408,0.5367,173.4197 , 13.6536,3.7169,<LOD,7.6730,0.2154,17.9096 , 0.7378,2.3685,94.1479 , 3.6048,0.9347,111.4108 , 1.3203,11.9730,9,404.200012,39.003460,-122.670616,10.000000,528520.687500,4317212.000000,
806,Mining,122.84,32.56,30.13,30.08,30.07,"Thu Apr 16, 2026 - 13:36:21",User,1.5,ppm,,,,,,Mining,,<LOD,1.5881,0.6102,133116.7188 , 2557.1731,2.8560,<LOD,1.6674,0.2731,<LOD,3.3173,0.0974,477.4964 , 23.2446,15.9482,410068.2812 , 6693.0181,<LOD,1.4317,0.1253,39028.6836 , 256.2618,47.4287,<LOD,2.3617,1.0559,<LOD,40.8778,0.6519,<LOD,63.6167,14.6369,102.5241 , 6.5281,3.1328,11.3081 , 3.0751,0.3259,42287.8398 , 199.0891,94.7437,<LOD,0.0000,0.0000,<LOD,4.1626,0.2149,6589.8848 , 102.3317,4.3852,45452.5156 , 4242.4097,0.1147,1013.4456 , 36.6660,1.9965,<LOD,1.5857,4.2339,6.3611 , 0.6201,2.7606,<LOD,8.8083,0.2901,1265.2468 , 141.5395,0.3255,9.7611 , 1.1420,0.3375,<LOD,1.4447,0.4533,33.1498 , 1.1420,1.5979,<LOD,0.0000,0.0000,820.4204 , 34.9018,0.5200,<LOD,4.5693,3.4040,<LOD,0.9275,0.1991,312214.4375 , 774.4679,29.2115,17.9372 , 2.5448,3.0200,293.2160 , 1.7977,15.4913,<LOD,0.0000,0.0000,4.2124 , 0.8228,0.3036,6757.9824 , 53.6311,21.7615,2.5514 , 1.0663,0.5083,184.7968 , 14.8357,3.8322,<LOD,8.1529,0.2210,18.0108 , 0.7623,2.2811,101.9556 , 3.8080,0.9488,121.2865 , 1.3920,11.9915,10,403.899994,39.003468,-122.670631,10.000000,528518.937500,4317213.000000,
807,Mining,85.36,30.06,30.06,25.24,,"Thu Apr 16, 2026 - 13:38:34",User,1.5,ppm,,,,,,Mining,,<LOD,2.0474,0.6243,,,,<LOD,1.9600,0.2648,<LOD,4.1669,0.1092,528.7222 , 29.9083,16.3184,886828.1250 , 716.0265,<LOD,1.7824,0.1378,43996.0195 , 271.7620,48.6032,<LOD,3.0655,1.0988,,,,<LOD,76.1096,16.5723,119.8988 , 8.0029,3.4422,9.8476 , 3.6147,0.3220,52934.3906 , 150.0900,108.0865,<LOD,0.0000,0.0000,<LOD,5.6457,0.2236,6790.6147 , 119.4354,4.6293,,,,743.3099 , 36.3283,1.5679,<LOD,1.3385,4.3091,6.0018 , 0.7447,2.7844,<LOD,10.6823,0.2895,,,,10.6685 , 1.3549,0.3355,<LOD,1.7976,0.4301,35.5364 , 1.3817,1.6745,<LOD,0.0000,0.0000,,,,<LOD,5.8374,3.3758,<LOD,1.1200,0.2028,,,,17.2496 , 3.2532,3.0235,327.9958 , 1.9507,16.2341,<LOD,0.0000,0.0000,5.0305 , 1.0238,0.3310,7173.8042 , 59.3700,22.4932,2.7589 , 1.2957,0.5290,204.6687 , 17.8070,4.0160,<LOD,9.5384,0.2156,18.4286 , 0.9121,2.3092,117.6667 , 4.4879,0.9481,129.2371 , 1.6162,12.3288,9,403.399994,39.003475,-122.670647,10.000000,528518.062500,4317214.000000,
808,Mining,123.15,32.94,30.06,30.08,30.07,"Thu Apr 16, 2026 - 13:41:18",User,1.5,ppm,,,,,,Mining,,<LOD,1.6382,0.6025,141904.5625 , 2926.6042,3.0353,<LOD,1.6990,0.2521,<LOD,3.6773,0.1057,538.5366 , 24.3242,16.3373,387959.5312 , 7539.6216,<LOD,1.5908,0.1365,45878.3086 , 275.2328,51.2638,<LOD,2.4337,1.0377,<LOD,45.6798,0.6743,<LOD,62.5766,11.8719,133.5445 , 6.8161,3.1320,13.7584 , 3.2890,0.3276,36566.7383 , 185.2307,74.6591,<LOD,0.0000,0.0000,<LOD,4.5173,0.2113,6371.2676 , 100.3327,3.9712,38455.5156 , 4386.6855,0.1028,669.5377 , 33.4180,1.3792,1.5728 , 0.7773,4.1037,6.4826 , 0.6514,2.6698,<LOD,9.7301,0.3665,1071.9030 , 139.4157,0.2600,8.1364 , 1.1543,0.3032,<LOD,1.5066,0.4582,32.5787 , 1.1944,1.5191,<LOD,0.0000,0.0000,980.0223 , 39.2285,0.5494,<LOD,4.7208,3.3554,<LOD,1.0171,0.2107,331627.8125 , 806.1098,29.3459,11.5180 , 2.6119,2.9364,332.4608 , 1.9927,16.4314,<LOD,0.0000,0.0000,4.4274 , 0.8948,0.3107,7011.9531 , 55.3554,20.6624,4.5009 , 1.1655,0.5371,167.7941 , 14.9572,3.5429,<LOD,8.9027,0.2222,22.0223 , 0.8239,2.3605,103.0136 , 3.9648,0.9052,122.4858 , 1.4625,11.7013,10,400.500000,39.003510,-122.670700,10.000000,528513.562500,4317217.500000,
809,Mining,120.01,30.14,30.26,30.04,29.57,"Thu Apr 16, 2026 - 13:43:57",User,1.5,ppm,,,,,,Mining,,<LOD,1.5271,0.6109,136722.5781 , 2678.3000,2.9267,<LOD,1.6481,0.2886,<LOD,3.1770,0.0914,481.0421 , 22.3421,16.0701,427442.2812 , 6721.1841,<LOD,1.4401,0.1297,42319.2695 , 250.4541,50.1751,<LOD,2.2672,1.0539,<LOD,42.9094,0.6333,<LOD,59.0265,12.1122,109.1674 , 5.9912,3.0027,11.4933 , 3.0506,0.3267,35020.0234 , 173.1248,76.4498,<LOD,0.0000,0.0000,4.6009 , 2.0792,0.2328,5885.0850 , 90.2237,3.8738,37001.8516 , 4179.2207,0.1005,613.3259 , 31.1427,1.3723,<LOD,1.0918,4.1948,5.4214 , 0.6085,2.7191,<LOD,8.3462,0.2822,1145.9536 , 140.1325,0.2822,7.5611 , 1.0782,0.3080,<LOD,1.3809,0.4477,32.7911 , 1.1370,1.6127,<LOD,0.0000,0.0000,1397.5795 , 42.6732,0.7049,<LOD,4.3788,3.3852,<LOD,0.8845,0.1850,304690.8438 , 785.2848,27.7192,15.2585 , 2.4329,2.9857,312.2427 , 1.8404,16.6419,<LOD,0.0000,0.0000,3.6130 , 0.8124,0.2987,6345.6333 , 48.5642,19.8692,3.0745 , 1.0890,0.5417,168.6370 , 13.2954,3.4833,<LOD,7.8266,0.2072,15.4770 , 0.7326,2.1621,127.6195 , 4.1059,1.1242,117.5853 , 1.3729,12.0748,11,400.299988,39.003513,-122.670700,10.000000,528513.437500,4317218.000000,
810,Mining,123.00,32.74,30.09,30.09,30.08,"Thu Apr 16, 2026 - 13:46:25",User,1.5,ppm,,,,,,Mining,,<LOD,1.4723,0.6259,148998.4531 , 2470.5991,3.1822,<LOD,1.6138,0.2982,<LOD,3.2715,0.1061,448.9359 , 21.7616,16.6778,420767.8125 , 6112.0840,<LOD,1.4897,0.1519,45076.3594 , 265.6337,56.6885,<LOD,2.2220,1.1191,<LOD,39.9923,0.6497,<LOD,71.4052,13.2751,109.0278 , 6.1833,3.1682,14.8555 , 3.0478,0.3571,35840.9805 , 174.7136,82.6917,<LOD,0.0000,0.0000,<LOD,4.9879,0.2382,6296.2617 , 95.3252,4.3651,33046.7344 , 3781.4128,0.0953,495.6375 , 28.6151,1.2727,<LOD,1.0725,4.4156,5.4851 , 0.6007,2.8888,<LOD,8.1689,0.2882,993.7584 , 128.0959,0.2758,8.0106 , 1.0684,0.3302,<LOD,1.3803,0.4962,32.1496 , 1.1198,1.6981,<LOD,0.0000,0.0000,2807.8523 , 51.1426,1.2239,<LOD,4.3011,3.6179,<LOD,0.9122,0.2152,298060.6250 , 756.4163,28.7914,15.0907 , 2.3846,3.1668,313.1906 , 1.8138,17.5846,<LOD,0.0000,0.0000,2.7723 , 0.8137,0.3155,6199.0356 , 49.5442,20.5978,4.8514 , 1.0898,0.5966,176.0852 , 13.7211,3.6754,<LOD,8.0945,0.2432,18.2252 , 0.7414,2.4235,150.3667 , 4.2923,1.3413,117.4385 , 1.3485,12.7046,10,400.100006,39.003517,-122.670700,10.000000,528513.437500,4317218.500000,
811,Mining,120.47,30.12,30.07,30.12,30.16,"Thu Apr 16, 2026 - 13:49:45",User,1.5,ppm,,,,,,Mining,,<LOD,1.3376,0.6379,157495.7031 , 2318.7800,3.3652,12.5928 , 1.3523,0.7144,<LOD,2.8947,0.0990,406.8972 , 19.6565,16.8838,419310.1250 , 5424.2158,<LOD,1.3980,0.1599,35623.7969 , 229.4804,49.0465,<LOD,2.0442,1.1786,<LOD,40.6851,0.6825,<LOD,55.1472,13.6668,99.0081 , 5.7306,3.3378,7.8619 , 2.7347,0.3428,33798.7344 , 169.1429,86.7779,<LOD,0.0000,0.0000,4.2177 , 1.8930,0.2572,7063.4146 , 95.1548,5.2167,26659.9707 , 3531.5901,0.0864,430.8177 , 26.4263,1.2731,<LOD,1.0038,4.6604,4.0658 , 0.5586,3.0014,<LOD,7.4174,0.2735,786.6203 , 123.1619,0.2539,7.9388 , 1.0163,0.3585,<LOD,1.1967,0.4568,38.8396 , 1.1459,2.1833,<LOD,0.0000,0.0000,2879.5076 , 53.3982,1.3521,<LOD,5.9748,3.9406,<LOD,0.8365,0.2212,306972.1875 , 801.0362,32.5299,16.9789 , 2.1707,3.2550,280.1608 , 1.6618,17.7399,<LOD,0.0000,0.0000,2.7122 , 0.7634,0.3330,7683.2588 , 53.2089,28.3662,4.4015 , 1.0306,0.6371,218.8952 , 14.2095,4.9720,<LOD,6.7978,0.2044,11.4451 , 0.6651,2.3118,67.2480 , 3.0772,0.8270,112.6329 , 1.2714,13.5118,10,400.000000,39.003513,-122.670700,10.000000,528513.125000,4317218.000000,
812,Mining,123.25,32.97,30.07,30.08,30.13,"Thu Apr 16, 2026 - 13:52:17",User,1.5,ppm,,,,,,Mining,,<LOD,1.3474,0.6527,156790.5312 , 2221.1914,3.3498,13.0047 , 1.3358,0.7308,<LOD,2.8844,0.1031,390.3907 , 19.6507,16.9217,418575.6250 , 5313.2798,<LOD,1.3493,0.1554,35671.1953 , 224.3064,49.2640,<LOD,2.0914,1.2538,<LOD,38.9694,0.6947,<LOD,53.6616,13.3889,96.4649 , 5.5505,3.3006,5.5169 , 2.6309,0.3306,32692.3418 , 162.5851,84.1975,<LOD,0.0000,0.0000,<LOD,3.5916,0.2305,6832.6177 , 91.4843,5.0766,30965.5117 , 3457.5066,0.0933,415.5841 , 25.7273,1.2457,<LOD,0.9856,4.7023,4.6452 , 0.5516,3.0687,<LOD,7.3853,0.2935,828.1109 , 114.6073,0.2465,8.0923 , 0.9952,0.3591,<LOD,1.2234,0.4825,39.3004 , 1.1296,2.2223,<LOD,0.0000,0.0000,2883.8169 , 50.8167,1.3566,<LOD,4.1808,3.9483,<LOD,0.7993,0.2069,305494.7188 , 772.2591,32.3862,16.5173 , 2.1779,3.2998,281.6715 , 1.6371,17.9780,<LOD,0.0000,0.0000,2.7293 , 0.7415,0.3305,7586.6289 , 51.7593,28.1437,4.4135 , 1.0060,0.6377,208.9080 , 13.7409,4.9016,<LOD,6.6530,0.2040,11.5707 , 0.6549,2.3416,65.5929 , 2.9955,0.8170,114.5287 , 1.2570,13.7863,9,400.000000,39.003510,-122.670700,10.000000,528513.125000,4317217.500000,
813,Mining,123.05,32.66,30.11,30.07,30.21,"Thu Apr 16, 2026 - 13:55:19",User,1.5,ppm,,,,,,Mining,,<LOD,1.6235,0.6541,152024.5000 , 2894.4263,3.2472,<LOD,1.7312,0.2820,<LOD,3.5578,0.1074,496.0006 , 23.5789,16.7762,367990.9375 , 7569.9199,<LOD,1.5580,0.1419,45792.7461 , 272.0514,53.0168,<LOD,2.3763,1.0918,<LOD,45.9680,0.7189,<LOD,66.6646,10.7912,131.5059 , 6.1450,3.0939,11.1896 , 3.1291,0.3204,31620.8457 , 181.2015,67.1663,<LOD,0.0000,0.0000,<LOD,5.2535,0.2352,6118.6284 , 91.7286,3.9472,47231.4375 , 4448.8560,0.1188,506.4006 , 30.5584,1.1885,<LOD,1.5934,4.2110,6.6232 , 0.6413,2.8191,<LOD,8.5313,0.2888,1013.1711 , 133.2499,0.2502,10.8416 , 1.1805,0.3451,<LOD,1.4496,0.4663,37.7208 , 1.2372,1.7963,<LOD,0.0000,0.0000,2989.8406 , 55.5863,1.1997,<LOD,4.5944,3.5068,<LOD,0.9711,0.2065,336719.7812 , 853.3382,31.0847,17.3276 , 2.5719,3.1641,329.8042 , 2.0264,17.3669,<LOD,0.0000,0.0000,3.2814 , 0.8658,0.3120,6511.7563 , 50.9127,19.7860,3.7797 , 1.1401,0.5582,184.8831 , 13.4906,3.5091,<LOD,14.0363,0.2379,25.2486 , 0.8500,2.7220,97.1084 , 3.8365,0.9144,124.5989 , 1.4687,12.5438,10,400.399994,39.003506,-122.670708,10.000000,528512.562500,4317217.000000,
814,Mining,123.10,32.74,30.05,30.12,30.19,"Thu Apr 16, 2026 - 13:57:48",User,1.5,ppm,,,,,,Mining,,<LOD,1.4284,0.6661,165944.8438 , 2646.6199,3.5411,<LOD,1.5618,0.3104,<LOD,2.9715,0.0999,449.7963 , 20.9382,17.3543,364678.6875 , 6537.0708,<LOD,1.3662,0.1459,45924.7031 , 281.9586,59.9598,<LOD,2.1350,1.1680,<LOD,42.9986,0.7125,<LOD,53.4706,12.0374,125.8412 , 5.9659,3.3426,15.7305 , 2.9073,0.3705,31880.0547 , 185.0651,76.3122,<LOD,0.0000,0.0000,3.6525 , 1.9420,0.2522,6367.7441 , 92.1616,4.5580,46247.1406 , 4195.3140,0.1197,505.1260 , 27.7163,1.3085,<LOD,1.0099,4.4594,6.9889 , 0.5857,3.1544,<LOD,7.3654,0.2689,1010.1814 , 131.8937,0.2799,10.2411 , 1.0568,0.3703,<LOD,1.3047,0.4988,34.1931 , 1.0941,1.8542,<LOD,0.0000,0.0000,3363.5359 , 57.4227,1.4576,<LOD,4.1325,3.7929,<LOD,0.8292,0.2032,326221.8750 , 885.9979,33.6434,16.2696 , 2.2868,3.2947,325.6857 , 1.9265,19.3015,<LOD,0.0000,0.0000,3.4773 , 0.7699,0.3349,6451.4663 , 51.4155,22.2034,3.4863 , 1.0320,0.6089,164.1031 , 13.1829,3.8418,<LOD,7.4179,0.2333,27.6145 , 0.7905,3.1384,96.7155 , 3.4839,1.0061,120.8532 , 1.3497,13.7634,10,400.500000,39.003502,-122.670708,10.000000,528512.562500,4317217.000000,
815,Mining,120.81,30.25,30.10,30.28,30.18,"Thu Apr 16, 2026 - 14:02:01",User,1.5,ppm,,,,,,Mining,,<LOD,1.3104,0.7397,179213.4062 , 2252.1436,3.7967,15.5357 , 1.3816,0.8748,<LOD,2.9796,0.1230,435.3830 , 18.9232,19.1080,426938.2812 , 5390.7310,<LOD,1.3071,0.1624,20260.1191 , 157.6272,26.7691,<LOD,1.9763,1.3316,<LOD,37.4598,0.6196,<LOD,42.8589,8.5162,119.9820 , 5.1459,3.3294,24.1567 , 2.9698,0.4646,21097.8730 , 118.9445,54.1723,<LOD,0.0000,0.0000,5.0285 , 1.8472,0.2848,4517.2393 , 72.0711,3.2982,27161.1309 , 3116.0320,0.0854,223.6141 , 22.0591,0.9005,0.9976 , 0.6564,5.3925,6.4562 , 0.5511,3.5037,<LOD,6.6931,0.3120,6125.7310 , 262.1230,1.3658,11.0620 , 1.0162,0.4195,<LOD,1.2092,0.5651,23.3885 , 0.9097,1.5512,<LOD,0.0000,0.0000,3860.3125 , 57.3554,1.6248,5.2373 , 2.5432,4.4460,<LOD,0.8196,0.2432,302381.1875 , 768.9910,30.2995,11.5127 , 2.0624,3.5341,255.5054 , 1.4908,17.3048,<LOD,0.0000,0.0000,4.0936 , 0.7284,0.3658,6920.0498 , 45.8499,25.2783,2.7692 , 0.9310,0.6097,157.7583 , 11.9108,4.2420,<LOD,6.5858,0.2211,23.3743 , 0.7041,3.1293,67.2434 , 2.9443,0.8717,131.5674 , 1.2646,15.6852,8,407.700012,39.003639,-122.670654,10.000000,528517.125000,4317232.000000,
816,Mining,123.08,32.74,30.09,30.09,30.16,"Thu Apr 16, 2026 - 14:04:32",User,1.5,ppm,,,,,,Mining,,<LOD,1.3756,0.7322,184966.5469 , 2254.9624,3.9249,10.6293 , 1.3147,0.7091,<LOD,3.0324,0.1181,425.8207 , 19.9245,18.8928,397377.9688 , 5370.9863,<LOD,1.4060,0.1750,28388.4922 , 192.3682,38.0098,<LOD,2.0726,1.3118,<LOD,38.5348,0.6562,<LOD,46.0297,9.3079,133.6019 , 5.5069,3.5779,17.8428 , 2.9201,0.4193,22928.3164 , 128.4752,58.6022,<LOD,0.0000,0.0000,5.5165 , 1.9042,0.2830,5096.4438 , 77.4742,3.7456,21244.2617 , 3052.1914,0.0776,300.4884 , 24.1592,1.0277,<LOD,1.0698,5.1966,6.3179 , 0.5717,3.4411,<LOD,6.9414,0.3034,4348.1519 , 226.7869,1.0104,9.9122 , 1.0363,0.4045,<LOD,1.2229,0.5164,26.5519 , 1.0092,1.7492,<LOD,0.0000,0.0000,4721.8613 , 62.7037,1.9743,6.5611 , 2.6941,4.4842,<LOD,0.8468,0.2428,321922.9375 , 785.8735,33.5764,13.3138 , 2.1860,3.5701,332.0597 , 1.7909,21.9832,<LOD,0.0000,0.0000,4.8695 , 0.7911,0.4043,7322.7329 , 48.9199,26.7826,5.8085 , 1.0568,0.7312,163.9935 , 12.6434,4.4801,<LOD,6.7047,0.2135,21.6045 , 0.7187,3.0036,69.6399 , 3.0621,0.8796,127.7324 , 1.3285,16.0602,8,406.700012,39.003639,-122.670662,10.000000,528516.687500,4317232.000000,
817,Mining,120.23,30.05,30.17,30.01,30.00,"Thu Apr 16, 2026 - 14:06:55",User,1.5,ppm,,,,,,Mining,,<LOD,1.1439,0.7940,147450.1562 , 1520.1333,3.1538,98.1792 , 2.2535,4.0226,<LOD,2.8965,0.1698,1045.5153 , 19.3506,32.2803,503341.8125 , 3404.1152,<LOD,1.4003,0.2703,<LOD,50.4742,0.6732,<LOD,1.7917,1.5580,<LOD,30.9737,0.5771,<LOD,37.9200,9.5545,147.0235 , 5.0521,4.6214,<LOD,3.2259,0.3510,19624.6309 , 94.8322,61.1636,<LOD,0.0000,0.0000,122.2466 , 3.5499,1.8086,6359.8608 , 76.1698,5.1008,6580.0435 , 2107.7090,0.0522,<LOD,22.9122,0.6006,<LOD,0.8819,6.5450,6.6842 , 0.5306,4.9001,<LOD,5.6586,0.3142,326.4229 , 82.3146,0.1529,5.1930 , 0.8158,0.3936,<LOD,1.0432,0.5918,50.3333 , 1.0723,3.3800,<LOD,0.0000,0.0000,12797.7480 , 88.9297,5.6125,186.7405 , 2.9850,10.5026,<LOD,0.6890,0.2415,292858.2500 , 637.3359,33.7748,13.5149 , 1.8469,4.1122,22.3346 , 0.4396,2.6568,<LOD,0.0000,0.0000,2.0819 , 0.6770,0.3783,8518.0410 , 46.9094,39.5622,<LOD,1.3726,0.7701,222.9121 , 12.5386,6.9165,<LOD,0.0000,0.2111,62.6150 , 0.9053,7.5831,<LOD,2.4305,0.3848,157.6618 , 1.1036,18.3820,9,406.500000,39.003647,-122.670662,10.000000,528516.437500,4317233.000000,
818,Mining,120.40,30.12,30.09,30.04,30.15,"Thu Apr 16, 2026 - 14:09:40",User,1.5,ppm,,,,,,Mining,,<LOD,1.3824,0.7340,105966.2031 , 1511.2378,2.3149,73.6955 , 2.1957,2.4621,<LOD,3.6192,0.1692,1188.6356 , 23.2984,28.6838,508208.5938 , 3744.3689,<LOD,1.5940,0.2255,142.5452 , 38.5220,0.8738,<LOD,2.1438,1.4026,<LOD,32.5411,0.6022,<LOD,64.2530,24.2499,145.3797 , 6.7732,4.7585,9.0404 , 2.7812,0.3897,53032.1484 , 170.7566,154.5914,<LOD,0.0000,0.0000,160.5372 , 4.4678,1.8528,5332.3428 , 92.3381,4.2012,5756.1528 , 2613.8269,0.0596,<LOD,26.4247,0.7126,<LOD,1.0018,5.1495,4.6296 , 0.6474,4.4727,<LOD,8.4295,0.3274,310.5372 , 93.9736,0.1801,<LOD,1.2540,0.2928,<LOD,1.1906,0.4850,41.1969 , 1.1255,2.2619,<LOD,0.0000,0.0000,34210.2461 , 145.3604,14.0099,287.8753 , 3.8614,11.1557,<LOD,0.8693,0.2479,277433.4688 , 614.1517,30.6610,9.6885 , 2.2054,3.6348,27.3439 , 0.5411,2.5218,<LOD,0.0000,0.0000,2.8719 , 0.7847,0.3274,7188.6377 , 54.6931,31.7700,<LOD,1.5907,0.6741,196.1237 , 15.3375,5.7050,<LOD,0.0000,0.2211,118.1809 , 1.3021,9.7715,5.1989 , 2.1067,0.4293,148.7416 , 1.2114,13.9733,9,406.000000,39.003654,-122.670662,10.000000,528516.562500,4317233.500000,
819,Mining,123.03,32.52,30.19,30.11,30.21,"Thu Apr 16, 2026 - 14:12:20",User,1.5,ppm,,,,,,Mining,,<LOD,1.6343,0.9263,238799.7812 , 1736.7637,5.0103,45.2978 , 1.5762,2.3047,<LOD,2.3783,0.1412,310.2740 , 14.8887,21.6305,445028.4062 , 3900.0969,<LOD,1.2053,0.2471,6641.8042 , 75.6599,10.9933,<LOD,1.6457,1.7168,<LOD,28.9616,0.5701,<LOD,28.1080,4.6709,112.9082 , 3.9918,3.6996,11.3020 , 2.2696,0.4773,8362.8555 , 61.7804,27.6808,<LOD,0.0000,0.0000,13.1173 , 1.7376,0.4732,3035.2473 , 50.0573,2.7266,19423.9434 , 2134.2148,0.0717,<LOD,20.5421,0.5214,<LOD,0.8088,6.7786,5.8541 , 0.4630,4.6153,<LOD,4.7096,0.3061,2347.3862 , 149.2465,0.6749,7.5667 , 0.7854,0.4511,<LOD,0.9692,0.6614,11.4883 , 0.6191,1.2417,<LOD,0.0000,0.0000,2818.4119 , 43.0858,1.4801,17.5458 , 2.1033,5.7473,<LOD,0.6243,0.2471,265330.4062 , 668.9788,31.0130,9.2347 , 1.6591,4.1992,107.9384 , 0.8077,10.4774,<LOD,0.0000,0.0000,4.0895 , 0.6306,0.4638,7134.4551 , 38.5568,32.6395,1.8399 , 0.7015,0.6217,202.0597 , 9.9987,5.6441,<LOD,5.2971,0.2534,27.1879 , 0.6104,4.3463,57.8838 , 2.4025,1.0264,131.7036 , 1.0241,19.0575,8,404.500000,39.003651,-122.670662,10.000000,528516.437500,4317233.500000,
820,Mining,120.60,30.16,30.16,30.06,30.22,"Thu Apr 16, 2026 - 14:14:43",User,1.5,ppm,,,,,,Mining,,<LOD,1.0867,0.8796,239260.9219 , 1758.0044,5.0176,40.8462 , 1.5820,2.0583,<LOD,2.5184,0.1414,325.6264 , 15.3317,21.6951,449972.7188 , 3887.3713,<LOD,1.2238,0.2275,7254.8135 , 78.0827,11.5596,<LOD,1.6779,1.6809,<LOD,29.6989,0.5548,<LOD,29.0420,4.5931,119.2607 , 4.0596,3.7436,11.0683 , 2.3739,0.4669,8535.5732 , 63.4735,27.2429,<LOD,0.0000,0.0000,12.6154 , 1.8104,0.4554,3223.9949 , 51.1079,2.7964,9922.4346 , 1969.3295,0.0552,<LOD,21.7805,0.5278,<LOD,0.8393,6.6319,5.7063 , 0.5162,5.2068,<LOD,5.0881,0.3242,1935.3700 , 141.7958,0.5586,8.0413 , 0.8318,0.4520,<LOD,0.9781,0.6351,13.6076 , 0.6703,1.3276,<LOD,0.0000,0.0000,3405.3660 , 47.4953,1.6841,20.6814 , 2.1735,5.8271,<LOD,0.6727,0.2584,268071.2188 , 655.4592,30.3786,7.2781 , 1.6972,4.1386,117.4099 , 0.8686,10.9373,<LOD,0.0000,0.0000,4.1741 , 0.6500,0.4483,7234.2964 , 38.0174,31.9657,<LOD,1.7806,0.6015,216.5441 , 10.0876,5.6130,<LOD,5.6697,0.2594,76.7659 , 0.9305,8.9133,71.0851 , 2.6766,1.1400,132.5726 , 1.0610,18.6241,9,404.200012,39.003651,-122.670662,10.000000,528516.437500,4317233.500000,
821,Mining,120.56,30.27,30.04,30.11,30.14,"Thu Apr 16, 2026 - 14:17:49",User,1.5,ppm,,,,,,Mining,,<LOD,1.0959,0.8998,115051.9922 , 1254.5142,2.4931,114.3578 , 2.3205,5.0738,<LOD,2.8568,0.1963,1188.5542 , 18.6436,37.8624,546669.0625 , 2935.2351,<LOD,1.4257,0.3315,651.6384 , 31.8883,1.6462,<LOD,1.6850,1.7014,<LOD,30.8916,0.6353,<LOD,27.1233,5.2206,134.7032 , 4.3758,4.4136,<LOD,2.9693,0.3483,10060.1943 , 64.8060,33.0552,<LOD,0.0000,0.0000,96.7928 , 3.1148,1.6443,4193.5889 , 57.6056,3.5813,7530.9331 , 1968.9220,0.0528,<LOD,21.4029,0.5601,<LOD,0.8048,6.5510,3.5881 , 0.4866,4.9482,<LOD,4.5490,0.2625,326.9176 , 82.3128,0.1671,6.3587 , 0.7909,0.4388,<LOD,0.9254,0.5666,36.0787 , 0.9023,2.7966,<LOD,0.0000,0.0000,10284.4238 , 77.8213,4.7029,291.5450 , 3.1457,15.0448,<LOD,0.6832,0.2819,296189.4062 , 611.9778,35.3115,9.6461 , 1.7066,4.3414,39.6005 , 0.5185,4.4161,<LOD,0.0000,0.0000,1.3389 , 0.6629,0.4034,6735.9697 , 38.7416,33.1928,<LOD,1.2210,0.7669,186.7861 , 10.4046,5.9801,<LOD,0.0000,0.2265,58.5859 , 0.8329,7.7544,6.8879 , 1.7090,0.5062,131.0089 , 0.9765,17.6372,10,404.399994,39.003662,-122.670654,10.000000,528517.250000,4317234.500000,
822,Mining,122.83,32.56,30.10,30.07,30.10,"Thu Apr 16, 2026 - 14:20:33",User,1.5,ppm,,,,,,Mining,,<LOD,1.4433,0.7972,93848.7344 , 1344.7592,2.0666,171.5823 , 3.3148,5.6169,<LOD,3.6405,0.1708,1704.3523 , 26.5683,37.6636,543534.3125 , 3691.1431,<LOD,1.8515,0.3008,887.4086 , 52.2502,2.0134,<LOD,2.2685,1.5667,<LOD,30.3963,0.6071,<LOD,66.9138,26.8529,110.5637 , 6.5391,4.5205,5.2371 , 2.8145,0.3968,56238.0898 , 182.4475,173.3345,<LOD,0.0000,0.0000,63.2588 , 3.2148,0.9531,5024.1963 , 91.7515,4.1919,<LOD,4196.9348,0.0521,<LOD,27.0645,0.7678,<LOD,1.0223,5.3333,3.0197 , 0.6223,4.1139,<LOD,8.8873,0.3619,627.6216 , 99.2267,0.2495,3.6129 , 0.9717,0.3518,<LOD,1.2925,0.5741,35.3244 , 1.0745,2.0932,<LOD,0.0000,0.0000,35268.1719 , 142.9890,15.2450,378.0608 , 4.3198,14.1669,<LOD,0.9099,0.2747,255613.7656 , 588.3109,29.3210,13.9813 , 2.3469,4.1758,39.0711 , 0.6202,3.2881,<LOD,0.0000,0.0000,2.0759 , 0.8429,0.3192,5287.9180 , 50.0208,25.3189,<LOD,1.6486,0.5506,155.6621 , 14.0079,4.7681,<LOD,0.0000,0.2470,76.6495 , 1.1146,7.1638,27.7246 , 2.5105,0.6090,125.2076 , 1.1605,12.7798,8,404.899994,39.003666,-122.670647,10.000000,528518.125000,4317235.000000,
823,Mining,122.99,32.75,30.05,30.00,30.19,"Thu Apr 16, 2026 - 14:23:15",User,1.5,ppm,,,,,,Mining,,<LOD,1.1467,0.9241,124435.2656 , 1268.4369,2.6880,112.5105 , 2.3180,4.9808,<LOD,2.9006,0.1989,1346.3234 , 19.2666,41.0353,524353.6250 , 2974.5859,<LOD,1.3966,0.3123,254.8362 , 26.1695,1.0288,<LOD,1.6835,1.7093,<LOD,29.7055,0.6028,<LOD,26.0804,4.7011,127.5145 , 4.2760,4.3522,<LOD,3.0195,0.3537,8915.4473 , 61.5088,29.1385,<LOD,0.0000,0.0000,104.9997 , 3.2435,1.7523,4690.1270 , 58.5863,3.9424,5941.0000 , 1881.6564,0.0500,<LOD,21.5699,0.5486,<LOD,0.8261,6.7663,5.1586 , 0.4895,4.9262,<LOD,4.7402,0.2929,314.6427 , 77.9151,0.1544,5.6146 , 0.7882,0.4278,<LOD,0.9478,0.6021,38.8303 , 0.9392,2.9820,<LOD,0.0000,0.0000,9682.5342 , 74.3331,4.4237,307.5618 , 3.1886,15.6846,<LOD,0.6902,0.2819,311216.2500 , 610.3803,37.4321,10.0727 , 1.7155,4.4517,46.3536 , 0.5578,5.0163,<LOD,0.0000,0.0000,3.0626 , 0.6735,0.4390,7702.9048 , 40.3032,37.6257,<LOD,1.3734,0.8095,195.1601 , 10.6493,6.6072,<LOD,0.0000,0.2379,46.6739 , 0.7781,6.6364,2.7666 , 1.6517,0.4640,140.7572 , 1.0184,18.8117,10,404.100006,39.003674,-122.670654,10.000000,528517.437500,4317236.000000,
824,Mining,123.10,32.70,30.09,30.15,30.16,"Thu Apr 16, 2026 - 14:26:19",User,1.5,ppm,,,,,,Mining,,<LOD,1.2206,0.8322,103710.6406 , 1347.5665,2.2585,73.9387 , 2.0770,3.0258,<LOD,3.5417,0.2278,1339.3308 , 21.7326,36.3303,566306.5000 , 3781.3962,<LOD,1.4827,0.2732,397.7055 , 38.5672,1.3262,<LOD,1.8977,1.5995,<LOD,29.6523,0.6019,<LOD,48.0005,15.5744,130.2416 , 5.8671,4.6691,<LOD,3.5027,0.3767,31735.9336 , 131.5518,100.0137,<LOD,0.0000,0.0000,222.4536 , 4.7699,2.9215,5200.8540 , 81.1930,4.3604,<LOD,4488.5006,0.0474,<LOD,23.8608,0.6674,<LOD,0.9225,6.2522,6.0373 , 0.5375,4.4242,<LOD,6.6064,0.3417,185.1500 , 79.2915,0.1488,4.2453 , 0.8671,0.3971,<LOD,1.0471,0.5442,38.9236 , 1.0274,2.5682,<LOD,0.0000,0.0000,21258.5059 , 111.0810,9.3831,348.1039 , 3.6943,14.9905,<LOD,0.8076,0.2914,258203.3594 , 617.6925,29.7254,12.1880 , 1.9669,4.2855,30.4136 , 0.5217,3.3047,<LOD,0.0000,0.0000,2.0110 , 0.7170,0.3767,8497.8438 , 55.4808,40.9383,<LOD,1.5752,0.9222,177.1806 , 14.5452,6.9404,<LOD,0.0000,0.2272,38.6440 , 0.7923,5.1427,37.3591 , 2.4812,0.8256,159.0365 , 1.1654,17.7650,10,403.399994,39.003681,-122.670654,10.000000,528517.000000,4317236.500000,
825,Mining,120.40,30.12,30.08,30.07,30.13,"Thu Apr 16, 2026 - 14:28:47",User,1.5,ppm,,,,,,Mining,,<LOD,1.2885,0.8183,106245.2734 , 1389.6887,2.3134,69.5767 , 2.0876,2.8089,<LOD,3.6224,0.2206,1394.9441 , 22.9089,36.0968,549074.1250 , 3633.4810,<LOD,1.5034,0.2594,538.7526 , 42.5513,1.5382,<LOD,2.0207,1.6075,<LOD,31.4208,0.6237,<LOD,52.0713,17.6713,120.7688 , 6.0704,4.6032,<LOD,3.8485,0.3772,36237.5820 , 139.8816,113.3867,<LOD,0.0000,0.0000,177.9362 , 4.4283,2.3379,5131.0552 , 84.0180,4.2918,<LOD,4124.5195,0.0465,<LOD,24.2660,0.6655,<LOD,0.9398,5.9741,5.3926 , 0.5471,4.2271,<LOD,6.8741,0.3146,252.6719 , 83.1803,0.1544,6.0011 , 0.9223,0.4153,<LOD,1.1106,0.5410,37.0607 , 1.0281,2.4049,<LOD,0.0000,0.0000,21081.8379 , 113.3727,9.2402,356.6979 , 3.8890,14.7975,<LOD,0.8283,0.2832,269967.0312 , 627.0194,31.1792,16.4684 , 2.0853,4.2695,31.2832 , 0.5352,3.2146,<LOD,0.0000,0.0000,1.9178 , 0.7317,0.3652,7681.1577 , 55.1150,37.2050,<LOD,1.5342,0.8143,152.6331 , 14.5794,6.3429,<LOD,0.0000,0.2259,38.1654 , 0.8072,4.9331,60.0710 , 2.8418,1.0038,155.6406 , 1.1760,16.9404,10,402.899994,39.003693,-122.670654,10.000000,528516.937500,4317238.000000,
826,Mining,120.31,30.27,30.10,30.13,29.81,"Thu Apr 16, 2026 - 14:33:48",User,1.5,ppm,,,,,,Mining,,<LOD,1.3288,0.6590,146706.3906 , 2306.0330,3.1383,5.6337 , 1.1154,0.4991,<LOD,2.9670,0.1143,369.7581 , 19.2900,16.8273,427983.2812 , 5761.5376,<LOD,1.3330,0.1585,41069.2031 , 250.1602,56.8908,<LOD,2.0479,1.2450,<LOD,38.7338,0.6677,<LOD,50.6644,12.0965,106.8631 , 5.4827,3.2657,6.1538 , 2.5954,0.3350,29326.7871 , 161.0219,75.6387,<LOD,0.0000,0.0000,<LOD,3.1960,0.2388,3449.9341 , 69.0058,2.8036,51993.8242 , 3982.0029,0.1277,368.1876 , 24.7132,1.1588,<LOD,0.9622,4.7061,3.2689 , 0.5344,3.0132,<LOD,6.8933,0.2657,746.0694 , 118.6199,0.2534,5.5837 , 0.9197,0.3194,<LOD,1.1936,0.4757,20.8709 , 0.9090,1.4029,<LOD,0.0000,0.0000,1925.3671 , 44.2238,0.9905,<LOD,3.9068,3.9363,<LOD,0.7926,0.2083,289075.5000 , 807.9566,30.2535,10.8118 , 2.1202,3.2208,288.1297 , 1.6886,18.6901,<LOD,0.0000,0.0000,2.7625 , 0.7241,0.3258,6146.0630 , 46.8554,22.5774,4.2047 , 0.9751,0.6263,178.1873 , 12.4926,4.0085,<LOD,6.9623,0.2336,14.8901 , 0.6403,2.3823,90.9984 , 3.3087,1.0342,101.2683 , 1.2020,13.0449,10,403.200012,39.003696,-122.670654,10.000000,528517.375000,4317238.500000,
827,Mining,122.78,32.47,30.09,30.13,30.09,"Thu Apr 16, 2026 - 14:36:30",User,1.5,ppm,,,,,,Mining,,<LOD,1.3469,0.6772,141705.3438 , 2183.9280,3.0354,3.1689 , 1.0855,0.4362,<LOD,2.9031,0.1057,379.3405 , 19.3725,16.9846,444370.7812 , 5424.0142,<LOD,1.3277,0.1524,41376.6094 , 241.6568,56.9781,<LOD,2.0442,1.2351,<LOD,37.8568,0.6592,<LOD,51.5419,12.2159,102.0055 , 5.4851,3.2690,7.3735 , 2.6747,0.3454,30245.4609 , 154.8124,77.4912,<LOD,0.0000,0.0000,<LOD,3.9883,0.2401,3438.1411 , 68.3078,2.7736,40564.7148 , 3679.1545,0.1083,363.4340 , 24.9570,1.1565,<LOD,0.9849,4.7800,4.7509 , 0.5542,3.1547,<LOD,7.1330,0.2812,810.6761 , 117.3994,0.2586,6.3983 , 0.9552,0.3343,<LOD,1.1806,0.4636,22.8860 , 0.9440,1.4830,<LOD,0.0000,0.0000,1799.6364 , 42.3604,0.9381,<LOD,3.9254,3.9673,<LOD,0.8092,0.2150,287911.0625 , 760.7114,29.9461,16.6892 , 2.1543,3.3480,297.7099 , 1.6882,19.0949,<LOD,0.0000,0.0000,2.8668 , 0.7301,0.3256,6189.4976 , 46.3573,22.8111,4.0303 , 0.9946,0.6316,174.1138 , 12.5374,4.0454,<LOD,6.8424,0.2185,15.3954 , 0.6574,2.4349,83.6921 , 3.2447,0.9679,104.2110 , 1.2210,13.2718,10,403.500000,39.003696,-122.670647,10.000000,528517.812500,4317238.500000,
828,Mining,123.39,33.07,30.07,30.05,30.20,"Thu Apr 16, 2026 - 14:39:31",User,1.5,ppm,,,,,,Mining,,<LOD,1.4534,0.6053,136308.5156 , 2439.5286,2.9198,12.6164 , 1.3596,0.6544,<LOD,2.9359,0.0926,448.5371 , 21.4069,16.2369,444237.0312 , 6058.7388,<LOD,1.3494,0.1345,40518.6133 , 238.9356,49.5179,<LOD,2.2285,1.1278,<LOD,40.6852,0.6416,<LOD,52.6524,10.9130,123.9863 , 5.9394,3.2203,9.0383 , 2.7993,0.3240,30174.8555 , 150.3622,68.3880,<LOD,0.0000,0.0000,<LOD,4.3881,0.2254,3518.0269 , 71.8427,2.5636,36307.7305 , 3879.9697,0.1011,289.8338 , 24.2816,0.9352,<LOD,0.9984,4.3134,5.6097 , 0.5625,2.8807,<LOD,7.3235,0.2554,887.3759 , 126.7054,0.2532,7.9223 , 1.0163,0.3240,<LOD,1.2995,0.4327,22.9592 , 0.9473,1.2876,<LOD,0.0000,0.0000,5524.4370 , 68.4897,2.1076,<LOD,6.1443,3.7340,<LOD,0.8210,0.1887,294071.4375 , 750.0309,27.3472,16.5273 , 2.3498,3.0659,305.6979 , 1.7199,17.3510,<LOD,0.0000,0.0000,4.8424 , 0.7686,0.3207,6781.7549 , 48.8545,21.9754,<LOD,2.3537,0.5250,192.1761 , 13.4106,3.8823,<LOD,7.2688,0.2113,16.2641 , 0.6810,2.2393,102.3476 , 3.5743,1.0052,111.8733 , 1.2734,12.3995,10,403.500000,39.003700,-122.670647,10.000000,528518.125000,4317239.000000,
829,Mining,87.87,30.40,30.29,27.18,,"Thu Apr 16, 2026 - 14:41:49",User,1.5,ppm,,,,,,Mining,,<LOD,1.8263,0.5890,,,,17.4382 , 1.6301,0.6780,<LOD,3.7149,0.1042,465.8251 , 27.2318,16.1279,905073.6875 , 586.2505,<LOD,1.6743,0.1456,47109.4375 , 242.7065,49.8554,<LOD,2.8878,1.1773,,,,<LOD,60.7174,10.7695,128.7787 , 6.8802,3.1485,12.0673 , 3.3679,0.3315,34913.6367 , 124.2862,68.7155,<LOD,0.0000,0.0000,5.0052 , 2.2973,0.2389,3720.0872 , 82.4112,2.6241,,,,315.7932 , 27.7715,0.9147,<LOD,1.2172,4.3376,5.4443 , 0.6818,2.8439,<LOD,8.5653,0.2433,,,,7.5522 , 1.1698,0.3004,<LOD,1.6399,0.4255,25.0056 , 1.1602,1.3581,<LOD,0.0000,0.0000,,,,7.6805 , 3.6876,3.8415,<LOD,1.0034,0.1962,,,,18.7576 , 2.9999,3.0874,334.0682 , 1.8323,17.3793,<LOD,0.0000,0.0000,4.8465 , 0.9349,0.3253,7377.6763 , 52.2533,22.0707,3.7942 , 1.2214,0.5667,199.4210 , 15.6044,3.8535,<LOD,8.3965,0.1987,16.1743 , 0.8021,2.1785,118.4250 , 4.1904,0.9825,119.3980 , 1.4704,12.3924,9,403.200012,39.003704,-122.670639,10.000000,528518.562500,4317239.000000,
830,Mining,120.33,30.24,30.10,30.11,29.88,"Thu Apr 16, 2026 - 14:44:15",User,1.5,ppm,,,,,,Mining,,<LOD,1.3922,0.6551,143951.0469 , 2387.4106,3.0832,8.7405 , 1.1935,0.5733,<LOD,2.8403,0.1007,403.9436 , 20.2610,16.9042,427242.1250 , 5898.6592,<LOD,1.3446,0.1556,41429.9023 , 253.0529,55.7834,<LOD,2.0998,1.1745,<LOD,39.6460,0.6421,<LOD,51.3987,12.1543,122.3835 , 5.8375,3.4478,8.4423 , 2.6712,0.3433,30762.9395 , 164.7371,76.8356,<LOD,0.0000,0.0000,2.4130 , 1.8032,0.2408,3599.8589 , 71.7836,2.8434,45774.1719 , 4046.6863,0.1183,309.6591 , 23.7577,1.0465,<LOD,0.9741,4.6364,4.9637 , 0.5495,3.0819,<LOD,7.1743,0.2861,950.0442 , 128.3946,0.2783,5.5731 , 0.9282,0.3140,<LOD,1.2484,0.4712,23.0993 , 0.9363,1.4500,<LOD,0.0000,0.0000,4839.6113 , 65.9300,2.0512,<LOD,5.4371,3.9501,<LOD,0.7833,0.1994,293157.9375 , 812.1223,30.0748,14.3649 , 2.2283,3.2359,292.4863 , 1.6981,18.2577,<LOD,0.0000,0.0000,3.4362 , 0.7385,0.3310,6705.7139 , 49.9234,23.9221,3.9854 , 0.9831,0.6107,175.0403 , 13.1669,4.1410,<LOD,6.7805,0.2137,16.3121 , 0.6585,2.4271,80.0831 , 3.1654,0.9166,111.7309 , 1.2464,13.4178,10,402.799988,39.003708,-122.670631,10.000000,528519.250000,4317239.500000,
831,Mining,123.20,32.81,30.09,30.17,30.13,"Thu Apr 16, 2026 - 14:47:49",User,1.5,ppm,,,,,,Mining,,<LOD,1.4579,0.6327,136561.9531 , 2507.6646,2.9250,10.5839 , 1.3360,0.6007,<LOD,3.0907,0.0988,450.3333 , 21.4336,16.7757,428477.5625 , 6477.9956,<LOD,1.4118,0.1419,40675.3125 , 246.8538,50.7064,<LOD,2.2152,1.1535,<LOD,41.2856,0.6631,<LOD,53.9915,11.0942,118.2017 , 5.8519,3.1652,16.9880 , 3.0659,0.3749,30807.8340 , 164.0235,71.1920,<LOD,0.0000,0.0000,<LOD,3.7195,0.2237,3735.9893 , 73.4917,2.7325,49272.3359 , 4202.7017,0.1219,314.7905 , 25.4014,0.9923,<LOD,1.0500,4.4585,5.5799 , 0.5866,2.9054,<LOD,7.7414,0.2844,732.9949 , 119.2216,0.2235,6.8371 , 1.0228,0.3158,<LOD,1.3446,0.4837,24.3025 , 1.0033,1.3886,<LOD,0.0000,0.0000,4017.2747 , 60.1107,1.6198,<LOD,4.2903,3.7789,<LOD,0.8531,0.1949,297356.8750 , 791.1382,28.2324,18.9311 , 2.3601,3.2188,317.8565 , 1.8453,18.3060,<LOD,0.0000,0.0000,4.9241 , 0.8018,0.3352,6637.9243 , 49.3325,21.8953,3.0535 , 1.0411,0.5694,180.8337 , 13.2345,3.8285,<LOD,7.7440,0.2312,14.8267 , 0.6882,2.1929,119.8317 , 3.8942,1.1468,116.0648 , 1.3403,13.0061,8,402.899994,39.003712,-122.670631,10.000000,528519.250000,4317240.000000,
832,Mining,120.36,30.04,30.12,30.04,30.16,"Thu Apr 16, 2026 - 14:50:43",User,1.5,ppm,,,,,,Mining,,<LOD,1.3651,0.6772,153094.1875 , 2365.8389,3.2723,2.8309 , 1.0874,0.4306,3.6807 , 2.1346,0.1235,418.3656 , 19.7906,17.3613,411564.4062 , 5844.6479,<LOD,1.3647,0.1599,43682.0352 , 261.9966,59.5773,<LOD,2.0555,1.2118,<LOD,39.5806,0.6763,<LOD,51.2763,11.9671,126.5366 , 5.8717,3.5077,8.9335 , 2.7021,0.3501,29905.0215 , 163.4757,75.3197,<LOD,0.0000,0.0000,<LOD,2.6745,0.2277,3511.0469 , 71.0395,2.8234,45168.3320 , 3908.0728,0.1168,348.9135 , 24.6483,1.1143,<LOD,1.0181,4.7518,5.2273 , 0.5487,3.0704,<LOD,7.2877,0.3019,708.2020 , 118.7760,0.2463,7.2404 , 0.9665,0.3392,<LOD,1.2437,0.5041,23.4265 , 0.9361,1.4604,<LOD,0.0000,0.0000,2388.2305 , 48.0339,1.1426,<LOD,3.9744,3.9596,<LOD,0.8498,0.2207,301867.8438 , 816.9605,31.5344,16.3174 , 2.1771,3.3273,300.8379 , 1.7426,18.9862,<LOD,0.0000,0.0000,2.8882 , 0.7443,0.3325,6451.9722 , 49.3395,23.2794,2.0429 , 0.9584,0.5810,175.4089 , 13.0541,4.0805,<LOD,7.0852,0.2327,14.3466 , 0.6457,2.3242,93.9759 , 3.3748,1.0367,107.7316 , 1.2433,13.3473,7,402.799988,39.003712,-122.670631,10.000000,528519.250000,4317240.000000,
833,Mining,123.13,32.71,30.06,30.14,30.22,"Thu Apr 16, 2026 - 14:53:40",User,1.5,ppm,,,,,,Mining,,<LOD,1.6587,0.6524,51381.6602 , 1314.0985,1.1553,25.3372 , 1.7010,0.9496,<LOD,3.3663,0.1056,408.3999 , 21.7519,15.5416,682600.8750 , 3872.8362,<LOD,1.4794,0.1396,13477.6113 , 138.7889,16.0603,<LOD,2.3207,1.1593,<LOD,44.0498,0.8294,<LOD,80.9577,15.4203,68.9733 , 5.9976,3.3315,26.4075 , 3.4125,0.4185,41866.5078 , 137.0309,95.9978,<LOD,0.0000,0.0000,4.8583 , 2.1257,0.2532,7950.4956 , 102.4335,4.9099,10517.7471 , 2933.0366,0.0549,428.0392 , 27.7124,1.2001,<LOD,1.1170,4.5885,5.8859 , 0.6247,2.9880,<LOD,8.4500,0.2567,1543.8823 , 151.2143,0.3873,7.9203 , 1.0984,0.3274,<LOD,1.3615,0.4499,27.3638 , 1.0578,1.4258,<LOD,0.0000,0.0000,11790.6973 , 90.0238,4.0165,13.8622 , 3.0131,3.9557,<LOD,0.8751,0.1800,173044.0469 , 550.9268,13.7098,20.3684 , 2.4372,3.1187,238.5291 , 1.4529,13.0411,<LOD,0.0000,0.0000,4.7596 , 0.8259,0.3122,4182.2090 , 37.3309,13.8719,2.8609 , 1.0491,0.5134,141.0444 , 11.2552,2.7477,<LOD,7.6316,0.2011,10.8474 , 0.6872,1.9521,96.4546 , 3.7122,0.9456,112.3913 , 1.2696,11.3322,9,403.200012,39.003712,-122.670631,10.000000,528519.125000,4317240.000000,
834,Mining,124.09,33.71,30.04,30.17,30.17,"Thu Apr 16, 2026 - 14:55:57",User,1.5,ppm,,,,,,Mining,,<LOD,6.5075,0.6138,351273.3438 , 3068.2402,1.1643,<LOD,0.1943,0.0013,<LOD,0.4917,0.0005,2181.4924 , 121.3971,15.5829,3157.5012,,<LOD,0.3204,0.0015,65832.4844 , 1830.1495,16.3519,<LOD,10.2400,1.2164,<LOD,187.6497,0.8214,58.8072 , 6.5963,0.0556,359.3823 , 36.0504,3.4954,<LOD,2.8278,0.0282,<LOD,28.3021,0.2117,<LOD,0.0000,0.0000,<LOD,0.9617,0.0032,32336.0020 , 907.6656,5.2648,59859.5078 , 9988.6553,0.0560,1818.8314 , 91.1877,0.9287,<LOD,0.0063,0.0000,<LOD,0.0063,-0.0000,<LOD,4.7273,0.0325,7387.7339 , 629.8321,0.3901,<LOD,0.1005,0.0003,<LOD,5.9109,0.4541,<LOD,0.0097,-0.0001,<LOD,0.0000,0.0000,40131.4531 , 1007.3406,4.0769,<LOD,32.5599,3.8949,<LOD,0.1653,0.0012,416005.9062 , 5296.4497,13.7770,53.7805 , 10.4280,3.0876,<LOD,0.0068,-0.0000,<LOD,0.0000,0.0000,<LOD,0.1559,-0.0001,18915.8457 , 658.1186,14.5559,<LOD,0.0526,-0.0000,627.8881 , 64.9519,2.8463,<LOD,4.0275,0.0125,<LOD,0.0148,0.0001,<LOD,1.3880,0.0128,<LOD,0.0154,-0.0000,9,403.399994,39.003708,-122.670631,10.000000,528519.250000,4317239.500000,
835,Mining,122.80,32.62,30.02,30.09,30.07,"Thu Apr 16, 2026 - 14:59:46",User,1.5,ppm,,,,,,Mining,,<LOD,1.5285,0.6080,135735.7500 , 2418.4778,2.9127,5.4154 , 1.2921,0.4647,<LOD,3.5632,0.1164,478.0489 , 22.4195,16.0025,411754.5000 , 6117.6621,<LOD,1.5665,0.1553,39599.6680 , 256.7532,48.4745,<LOD,2.2981,1.0804,<LOD,41.3163,0.6770,<LOD,63.9370,15.4847,111.8234 , 6.7384,3.2659,11.0704 , 3.0240,0.3264,43642.5117 , 189.9165,98.7543,<LOD,0.0000,0.0000,33.3866 , 2.8361,0.4787,3955.4287 , 84.3788,2.8396,29763.4414 , 3782.8848,0.0891,685.0433 , 31.6679,1.5548,<LOD,1.0967,4.2240,7.3996 , 0.6192,2.8277,<LOD,8.5769,0.2688,731.2647 , 118.3076,0.2227,8.1505 , 1.1036,0.3253,<LOD,1.4091,0.4650,30.1167 , 1.1077,1.5079,<LOD,0.0000,0.0000,2075.2742 , 45.8460,0.9461,<LOD,4.4613,3.5365,<LOD,0.9497,0.2125,324117.9375 , 754.9384,30.8927,16.9656 , 2.4519,3.0130,301.8576 , 1.7729,16.0710,<LOD,0.0000,0.0000,3.3846 , 0.8478,0.3118,6524.0664 , 53.4253,21.4155,2.8634 , 1.1250,0.5736,170.3304 , 14.9269,3.7621,<LOD,8.6586,0.2252,13.2299 , 0.7051,2.0089,95.9295 , 3.6971,0.9274,125.1245 , 1.3851,12.4057,8,403.600006,39.003700,-122.670631,10.000000,528519.437500,4317239.000000,
836,Mining,120.48,30.13,30.00,30.13,30.22,"Thu Apr 16, 2026 - 15:02:35",User,1.5,ppm,,,,,,Mining,,<LOD,1.6362,0.6137,129701.2891 , 2539.9849,2.7909,5.2688 , 1.3340,0.4477,<LOD,3.6358,0.1097,483.0960 , 24.0172,16.0207,406719.8438 , 6522.4912,<LOD,1.6065,0.1481,40062.5430 , 249.9539,49.3182,<LOD,2.4982,1.1316,<LOD,44.6306,0.7408,<LOD,69.7921,17.6185,123.7238 , 6.4957,3.3649,9.1277 , 3.0890,0.3099,49656.8438 , 219.2706,112.2214,<LOD,0.0000,0.0000,25.8401 , 2.7473,0.4030,4292.1377 , 82.5869,3.0551,34749.1328 , 4187.7480,0.0984,803.5318 , 34.2145,1.7393,<LOD,1.7439,4.2073,6.1510 , 0.6366,2.6873,<LOD,9.2855,0.2732,1069.7726 , 138.4285,0.2907,7.8515 , 1.1459,0.3176,<LOD,1.5136,0.4731,30.5485 , 1.1561,1.4894,<LOD,0.0000,0.0000,3973.9734 , 61.0713,1.5845,<LOD,4.7666,3.5340,<LOD,0.9812,0.2069,320477.6875 , 782.8464,30.6836,10.0458 , 2.5954,2.9400,296.4294 , 1.8348,15.3347,<LOD,0.0000,0.0000,4.0135 , 0.8824,0.3105,7084.5396 , 53.3516,23.2030,3.6971 , 1.1627,0.5562,169.8124 , 14.5146,3.9652,<LOD,8.2062,0.2105,14.8384 , 0.7478,2.0431,95.5739 , 3.8207,0.9007,122.6786 , 1.4287,11.8480,8,403.799988,39.003700,-122.670631,10.000000,528519.000000,4317239.000000,
837,Mining,123.38,32.85,30.17,30.29,30.07,"Thu Apr 16, 2026 - 15:05:33",User,1.5,ppm,,,,,,Mining,,<LOD,1.5699,0.5877,65971.1172 , 1675.8651,1.4522,<LOD,1.7350,0.2927,<LOD,3.4405,0.0974,437.5028 , 22.7476,15.0460,655841.6250 , 4643.8008,<LOD,1.4695,0.1221,27102.6348 , 192.4918,30.0147,<LOD,2.3952,1.0826,<LOD,49.9427,0.9586,<LOD,63.0492,13.1685,107.5660 , 6.3166,3.2014,31.4140 , 3.6371,0.4209,39884.7930 , 138.7652,84.1172,<LOD,0.0000,0.0000,<LOD,3.0738,0.1946,7188.5830 , 100.3053,4.2895,14733.8857 , 3296.9189,0.0610,399.6019 , 28.2758,1.0779,<LOD,1.1270,4.0894,4.6095 , 0.6318,2.6832,<LOD,8.8776,0.2777,2403.5059 , 176.2345,0.4879,7.8201 , 1.1233,0.3025,<LOD,1.3702,0.3990,24.7970 , 1.0536,1.2340,<LOD,0.0000,0.0000,5675.6733 , 67.8625,1.9904,<LOD,4.5731,3.4009,<LOD,0.9130,0.1738,174910.6719 , 573.2325,13.2002,19.2009 , 2.5303,2.9537,276.5518 , 1.6078,13.9708,<LOD,0.0000,0.0000,3.6040 , 0.8267,0.2787,4537.9131 , 40.6297,13.9573,2.3177 , 1.0754,0.4803,173.0861 , 12.3061,2.8076,<LOD,8.4667,0.2195,13.1145 , 0.7216,1.9123,142.7695 , 4.4012,1.1764,105.6657 , 1.3012,10.4473,10,404.100006,39.003696,-122.670631,10.000000,528519.000000,4317238.500000,
838,Mining,120.75,30.09,30.25,30.25,30.16,"Thu Apr 16, 2026 - 15:07:52",User,1.5,ppm,,,,,,Mining,,<LOD,1.6579,0.6225,67578.1406 , 1765.9363,1.4854,<LOD,1.6915,0.2695,<LOD,3.5028,0.0987,435.3743 , 23.5185,15.1770,648079.8125 , 4934.2461,<LOD,1.4784,0.1209,27529.4707 , 194.5555,30.4151,<LOD,2.4590,1.0757,<LOD,50.8543,0.9547,<LOD,63.6419,13.0670,105.9582 , 6.3198,3.1767,29.5442 , 3.6284,0.4095,39231.4258 , 140.8170,82.4345,<LOD,0.0000,0.0000,<LOD,3.0759,0.1883,7182.4253 , 100.7581,4.2909,18266.7402 , 3504.9846,0.0669,431.6970 , 29.0577,1.1092,<LOD,1.1262,3.9703,4.0764 , 0.6354,2.6472,<LOD,8.8771,0.2688,2235.7690 , 179.1856,0.4799,6.3745 , 1.1041,0.2854,<LOD,1.4553,0.4277,24.0323 , 1.0608,1.2149,<LOD,0.0000,0.0000,5570.0620 , 68.4450,1.9456,<LOD,4.6895,3.3498,<LOD,0.9485,0.1855,177926.6094 , 587.9633,13.4217,18.9990 , 2.6184,2.9920,280.2354 , 1.6395,14.1376,<LOD,0.0000,0.0000,3.4151 , 0.8283,0.2726,4618.1567 , 40.8746,14.0995,3.1007 , 1.0996,0.4917,181.9558 , 12.4414,2.8534,<LOD,8.6544,0.2245,13.4997 , 0.7303,1.9184,139.5308 , 4.4108,1.1550,103.5890 , 1.3099,10.3411,10,404.600006,39.003696,-122.670639,10.000000,528518.687500,4317238.500000,
839,Mining,120.24,30.28,30.04,30.10,29.82,"Thu Apr 16, 2026 - 15:28:22",User,1.5,ppm,,,,,,Mining,,<LOD,1.4916,0.6097,139719.2344 , 2622.2637,2.9930,<LOD,2.3577,0.3505,<LOD,3.1136,0.0988,406.1273 , 21.6664,15.4157,425213.1250 , 6393.3833,<LOD,1.3752,0.1331,33844.7031 , 231.6980,43.5593,<LOD,2.2885,1.1387,<LOD,42.0443,0.6491,<LOD,61.9364,16.2924,94.8965 , 5.9024,3.1407,35.8431 , 3.3936,0.4590,43731.9141 , 208.2655,106.3694,<LOD,0.0000,0.0000,18.1341 , 2.3965,0.3628,6586.7490 , 97.0580,4.6150,42528.4141 , 4341.4019,0.1114,5179.6875 , 70.2466,8.4675,<LOD,0.9983,4.0380,4.0935 , 0.5676,2.7376,<LOD,8.3802,0.2909,905.6321 , 134.9237,0.2706,7.8019 , 1.0379,0.3206,<LOD,1.3539,0.4509,25.8538 , 0.9987,1.3595,<LOD,0.0000,0.0000,1591.9711 , 45.0449,0.8345,<LOD,4.3453,3.5248,<LOD,0.8489,0.1886,294256.0938 , 809.9101,28.5525,15.1341 , 2.3874,2.9959,270.1111 , 1.6762,14.9765,<LOD,0.0000,0.0000,3.3772 , 0.7651,0.2913,5139.4331 , 44.9785,17.9356,<LOD,2.4073,0.5134,124.1852 , 12.2668,3.1582,<LOD,9.5086,0.2515,23.6017 , 0.7594,2.6149,171.0068 , 4.4411,1.4755,102.8894 , 1.2505,11.0537,10,406.799988,39.004005,-122.670624,10.000000,528519.437500,4317272.500000,
840,Mining,80.85,30.27,30.11,20.47,,"Thu Apr 16, 2026 - 15:30:25",User,1.5,ppm,,,,,,Mining,,<LOD,2.3763,0.6317,,,,<LOD,1.9616,0.2812,<LOD,4.5328,0.1361,486.3415 , 32.2615,15.6714,875572.7500 , 735.8671,<LOD,1.7580,0.1418,48552.5312 , 263.9944,57.4619,<LOD,3.3803,1.1210,,,,<LOD,78.9495,20.0429,140.1894 , 7.5544,3.7302,8.1153 , 3.5019,0.3218,60138.6211 , 153.3385,130.1142,<LOD,0.0000,0.0000,109.6733 , 4.6420,0.9889,6410.8970 , 108.6496,4.7108,,,,970.1907 , 38.4256,1.9890,<LOD,1.3286,4.3769,5.4536 , 0.7414,2.8397,<LOD,10.5112,0.2574,,,,10.5894 , 1.3582,0.3559,<LOD,1.9844,0.4379,28.5763 , 1.3130,1.4641,<LOD,0.0000,0.0000,,,,<LOD,6.4243,3.4594,<LOD,1.1699,0.2313,,,,19.9139 , 3.5431,2.9875,337.8763 , 1.9585,17.2132,<LOD,0.0000,0.0000,4.2792 , 0.9855,0.3142,6750.3184 , 53.7139,22.3798,2.7046 , 1.4738,0.6930,196.0433 , 16.1870,4.0059,<LOD,9.5226,0.2287,18.1610 , 0.8872,2.3002,117.2880 , 4.4762,1.0021,119.4896 , 1.5663,12.1142,9,406.700012,39.004005,-122.670624,10.000000,528520.000000,4317272.500000,
841,Mining,120.50,30.10,30.18,30.11,30.11,"Thu Apr 16, 2026 - 15:32:37",User,1.5,ppm,,,,,,Mining,,<LOD,1.4402,0.6076,152790.0938 , 2567.7937,3.2669,<LOD,1.5696,0.2732,<LOD,3.5881,0.1293,425.1506 , 21.2572,15.9163,383594.2500 , 6442.9497,<LOD,1.3932,0.1346,42476.9844 , 271.3981,57.1698,<LOD,2.2171,1.1414,<LOD,39.6653,0.6501,<LOD,65.0428,18.1609,125.4157 , 6.3378,3.5796,6.6898 , 2.8260,0.3133,47595.3789 , 242.1371,117.2546,<LOD,0.0000,0.0000,84.5936 , 3.6864,0.9286,6304.4321 , 96.1589,4.6476,49833.6836 , 4313.5952,0.1243,746.2435 , 31.8171,1.7779,<LOD,1.1166,4.2968,5.0546 , 0.5919,2.7704,<LOD,8.5269,0.2744,1131.8617 , 133.3699,0.3095,8.0727 , 1.0802,0.3417,<LOD,1.3287,0.4657,25.7550 , 1.0593,1.4274,<LOD,0.0000,0.0000,1036.9722 , 37.2787,0.6408,<LOD,4.2185,3.5409,<LOD,0.9052,0.2070,306914.6250 , 834.1247,31.7585,12.9982 , 2.3165,3.0105,293.2163 , 1.8415,16.7260,<LOD,0.0000,0.0000,3.9092 , 0.7841,0.3046,6199.5469 , 50.9775,22.0219,3.1780 , 1.1845,0.6834,167.9839 , 13.6599,3.8817,<LOD,7.4699,0.2105,14.6731 , 0.6973,2.1460,91.2809 , 3.5915,0.9578,107.9432 , 1.3230,11.9201,10,406.700012,39.004002,-122.670616,10.000000,528520.625000,4317272.000000,
842,Mining,120.56,30.26,30.08,30.10,28.62,"Thu Apr 16, 2026 - 15:35:13",User,1.5,ppm,,,,,,Mining,,<LOD,1.3673,0.6206,142657.2656 , 2427.4563,3.0561,<LOD,1.5499,0.3162,<LOD,2.9754,0.1025,427.2797 , 20.2993,16.6722,428399.8750 , 5916.1748,<LOD,1.3893,0.1545,40198.5898 , 256.9165,54.9407,<LOD,2.1021,1.1611,<LOD,39.9803,0.6417,<LOD,58.6412,15.9955,119.9924 , 6.1028,3.4781,23.7174 , 3.0675,0.4243,39880.1055 , 197.8930,100.7185,<LOD,0.0000,0.0000,32.0356 , 2.5903,0.5060,6719.7188 , 97.4983,4.9885,42333.3164 , 4106.4111,0.1114,614.0881 , 28.8612,1.5753,<LOD,1.0151,4.6496,5.5634 , 0.5677,3.0212,<LOD,7.9314,0.3006,988.1390 , 133.6245,0.2952,9.5362 , 1.0417,0.3682,<LOD,1.2535,0.4690,27.6085 , 1.0117,1.5799,<LOD,0.0000,0.0000,1293.4620 , 41.0770,0.7570,<LOD,4.0199,3.6531,<LOD,0.7941,0.1868,289267.1250 , 810.4553,29.9291,15.8765 , 2.2241,3.1713,279.9479 , 1.6849,16.9393,<LOD,0.0000,0.0000,2.2380 , 0.7523,0.3111,6288.0264 , 50.0387,22.8351,2.7027 , 1.0350,0.6157,162.7413 , 13.4678,3.9697,<LOD,7.2880,0.2303,15.1481 , 0.6745,2.3378,122.8935 , 3.8036,1.2318,113.0482 , 1.2726,12.9108,10,406.700012,39.004002,-122.670609,10.000000,528521.187500,4317272.000000,
843,Mining,120.50,30.05,30.10,30.25,30.10,"Thu Apr 16, 2026 - 15:37:42",User,1.5,ppm,,,,,,Mining,,<LOD,1.4049,0.6609,141850.6719 , 2412.8684,3.0402,<LOD,1.5603,0.3049,<LOD,3.1138,0.1046,407.5630 , 20.2312,16.5119,410917.0000 , 6195.7969,<LOD,1.3850,0.1428,41139.5977 , 259.3279,55.0361,<LOD,2.0916,1.1506,<LOD,38.9094,0.6430,<LOD,58.6396,14.4902,127.2272 , 6.1242,3.5396,9.0302 , 2.8414,0.3371,37127.2266 , 194.1980,91.7473,<LOD,0.0000,0.0000,4.0702 , 2.0018,0.2570,6156.5684 , 92.8285,4.5206,52759.5664 , 4193.1108,0.1287,474.2964 , 27.7806,1.3188,<LOD,1.1731,4.5673,4.8671 , 0.5786,2.9260,<LOD,7.9520,0.2852,1600.1534 , 151.2749,0.4131,7.5257 , 1.0289,0.3336,<LOD,1.2174,0.4416,27.8511 , 1.0464,1.5940,<LOD,0.0000,0.0000,739.8898 , 34.1298,0.5350,<LOD,4.0594,3.7773,<LOD,0.8454,0.1989,299831.8438 , 813.5472,30.6625,19.1356 , 2.2431,3.2540,287.7081 , 1.7659,17.2341,<LOD,0.0000,0.0000,2.7473 , 0.7653,0.3076,6114.9360 , 49.0416,21.6775,3.9268 , 1.0416,0.5891,183.2701 , 13.3102,3.9087,<LOD,7.5024,0.2272,14.8119 , 0.6908,2.2857,81.5810 , 3.3706,0.9013,106.9468 , 1.2903,12.4495,11,406.500000,39.004009,-122.670601,10.000000,528521.625000,4317273.000000,
844,Mining,120.61,30.23,30.08,30.12,30.18,"Thu Apr 16, 2026 - 15:40:15",User,1.5,ppm,,,,,,Mining,,<LOD,1.4686,0.6283,143942.8438 , 2513.6804,3.0795,<LOD,1.5356,0.2501,<LOD,3.1822,0.1007,443.4775 , 21.4748,16.3748,407773.3750 , 6412.8730,<LOD,1.5058,0.1558,41791.9688 , 252.6279,52.3523,<LOD,2.2017,1.1091,<LOD,39.8230,0.6339,<LOD,58.1629,12.9199,115.8682 , 5.9473,3.2080,7.5410 , 2.8679,0.3163,35211.9805 , 180.3577,81.4480,<LOD,0.0000,0.0000,3.4878 , 1.9706,0.2304,6179.6631 , 91.2777,4.2591,44862.0469 , 4079.2114,0.1143,489.8984 , 28.5361,1.2611,<LOD,1.1209,4.3672,4.9961 , 0.5886,2.7960,<LOD,8.1873,0.2960,1352.2858 , 141.4149,0.3377,8.7990 , 1.0774,0.3375,<LOD,1.3270,0.4597,29.0661 , 1.0720,1.5558,<LOD,0.0000,0.0000,613.2468 , 32.8272,0.4661,<LOD,4.2743,3.6344,<LOD,0.8825,0.2028,310227.3125 , 793.1786,30.0140,17.6336 , 2.3620,3.1411,292.3856 , 1.7721,16.5398,<LOD,0.0000,0.0000,2.4723 , 0.8140,0.3132,6232.4717 , 48.3372,20.6734,3.4718 , 1.0523,0.5556,182.6207 , 13.1779,3.7042,<LOD,7.3156,0.1984,15.2115 , 0.7072,2.2132,84.2483 , 3.4549,0.8738,111.6111 , 1.3205,12.1434,11,406.100006,39.004013,-122.670601,10.000000,528521.750000,4317273.500000,
845,Mining,120.30,30.11,30.06,30.08,28.85,"Thu Apr 16, 2026 - 15:42:41",User,1.5,ppm,,,,,,Mining,,<LOD,1.5957,0.6419,138834.7344 , 2641.1326,2.9737,2.9137 , 1.1770,0.4023,<LOD,3.2157,0.1025,426.5572 , 21.8296,15.6566,421575.6875 , 6516.7671,<LOD,1.4907,0.1519,41686.3906 , 260.3684,51.3228,<LOD,2.2407,1.0673,<LOD,41.6490,0.6058,<LOD,58.8419,13.4688,141.5904 , 6.5930,3.5306,7.6822 , 2.8522,0.3122,38056.4844 , 186.3551,86.4195,<LOD,0.0000,0.0000,11.7078 , 2.2098,0.2985,6267.8228 , 96.9424,4.2691,38120.8867 , 4219.6357,0.1032,456.0418 , 27.5378,1.2008,<LOD,1.0458,4.1800,4.5961 , 0.5836,2.7169,<LOD,8.0154,0.2667,1080.5868 , 141.0863,0.2889,7.7230 , 1.0461,0.3163,<LOD,1.3198,0.4214,25.5041 , 1.0260,1.3820,<LOD,0.0000,0.0000,1409.6340 , 43.2318,0.7355,<LOD,4.3220,3.4189,<LOD,0.8588,0.1873,304971.9062 , 806.9788,28.8775,18.0820 , 2.4137,3.0501,299.3700 , 1.7742,16.4107,<LOD,0.0000,0.0000,2.8468 , 0.8044,0.3032,6173.3413 , 50.4798,20.2537,4.1175 , 1.0693,0.5678,184.1664 , 13.9654,3.6762,<LOD,7.5092,0.2088,14.9637 , 0.6923,2.1094,103.7262 , 3.6862,0.9904,110.9465 , 1.3064,11.8119,9,405.700012,39.004017,-122.670601,10.000000,528521.625000,4317274.000000,
846,Mining,123.27,32.98,30.10,30.07,30.12,"Thu Apr 16, 2026 - 15:45:11",User,1.5,ppm,,,,,,Mining,,<LOD,1.5103,0.5910,143173.9219 , 2606.8350,3.0631,17.9941 , 1.5343,0.7536,<LOD,3.4328,0.1098,439.3468 , 22.3761,15.7568,410593.9375 , 6528.3364,<LOD,1.5062,0.1455,41943.2500 , 261.3130,51.7740,<LOD,2.3293,1.1134,<LOD,40.7759,0.6266,<LOD,62.4877,14.6726,132.6354 , 6.5547,3.4511,10.6202 , 2.9900,0.3233,40883.1562 , 196.8720,92.8227,<LOD,0.0000,0.0000,24.5904 , 2.5836,0.3986,6365.1582 , 97.8430,4.3269,39261.2227 , 4128.1318,0.1052,447.7312 , 28.0433,1.2018,<LOD,1.0777,4.1712,5.7350 , 0.6045,2.7400,<LOD,8.5663,0.2861,1087.0251 , 133.7106,0.2809,6.6357 , 1.0548,0.3017,<LOD,1.3982,0.4561,26.0504 , 1.0553,1.3709,<LOD,0.0000,0.0000,1159.4531 , 39.4495,0.6545,<LOD,4.4506,3.4941,<LOD,0.9104,0.1979,307562.4062 , 787.6202,29.2383,17.8265 , 2.4654,3.0449,295.4846 , 1.7955,15.9977,<LOD,0.0000,0.0000,3.4648 , 0.8142,0.2920,6144.0132 , 50.4058,20.1675,3.2011 , 1.1019,0.5619,154.0027 , 13.7569,3.5237,<LOD,7.6991,0.2062,14.3171 , 0.7037,2.0428,119.1470 , 3.9821,1.0878,107.6833 , 1.3213,11.3962,10,405.399994,39.004017,-122.670601,10.000000,528521.437500,4317274.000000,
847,Mining,123.02,32.76,30.06,30.06,30.14,"Thu Apr 16, 2026 - 15:48:10",User,1.5,ppm,,,,,,Mining,,<LOD,1.2143,0.7589,180315.7656 , 1873.2401,3.8311,38.6838 , 1.5059,1.6841,<LOD,3.6923,0.2349,580.4741 , 18.4853,23.1338,434443.9688 , 4304.9883,<LOD,1.4653,0.2546,19978.6152 , 139.1351,28.5471,<LOD,1.8860,1.4621,<LOD,34.0195,0.6091,<LOD,32.2083,5.6939,134.9217 , 4.5677,3.6386,<LOD,0.0000,0.0000,12634.1758 , 81.2664,35.3600,<LOD,12.0391,0.5303,239.0911 , 9.5681,3.3503,7162.5454 , 77.5422,5.3575,14604.0049 , 2502.9756,0.0667,<LOD,23.6971,0.5296,<LOD,0.9149,5.5180,5.0795 , 0.5215,3.7055,<LOD,5.4002,0.2746,861.3410 , 111.5663,0.2709,<LOD,0.0000,0.0000,<LOD,1.1052,0.5628,38.3054 , 1.1018,2.6314,48.4235 , 10.9459,0.6202,8680.5850 , 76.9986,3.6468,11.4342 , 2.4218,4.9239,<LOD,0.8212,0.2936,312404.2500 , 716.5432,34.3813,5.8574 , 1.9225,3.6780,228.7693 , 1.3035,17.9315,68.3012 , 5.2473,0.4822,4.4229 , 0.7331,0.4266,7203.5815 , 42.0591,28.8383,4.5849 , 1.3612,1.2578,170.9797 , 10.8478,4.8770,<LOD,0.0000,0.2256,15.2086 , 0.6184,3.0328,<LOD,0.0000,0.0000,116.6366 , 1.1108,16.0053,8,405.000000,39.004021,-122.670593,10.000000,528522.187500,4317274.500000,
848,Mining,122.81,32.58,30.07,30.11,30.05,"Thu Apr 16, 2026 - 15:51:01",User,1.5,ppm,,,,,,Mining,,<LOD,1.2336,0.7493,170492.1719 , 1823.1882,3.6255,41.8230 , 1.6117,1.7325,<LOD,3.6613,0.2070,556.2018 , 18.5559,22.1891,464421.6250 , 4115.9253,<LOD,1.4168,0.2124,20002.2480 , 138.2165,27.6871,<LOD,1.9008,1.4165,<LOD,34.3459,0.5961,<LOD,34.1690,5.7747,145.9292 , 4.7532,3.7242,<LOD,0.0000,0.0000,13221.6572 , 83.0032,35.8363,17.8359 , 8.1099,0.5316,212.0379 , 9.3395,2.8216,7374.2861 , 79.4953,5.3568,5549.6187 , 2280.1338,0.0514,<LOD,24.1452,0.4948,<LOD,0.9529,5.4060,4.9594 , 0.5417,3.6172,<LOD,5.6389,0.2659,892.0199 , 115.2280,0.2761,<LOD,0.0000,0.0000,<LOD,1.1222,0.5549,36.3534 , 1.1184,2.4464,31.3063 , 10.7593,0.5359,9720.8496 , 81.2695,3.9471,9.1116 , 2.4433,4.7660,<LOD,0.8255,0.2678,299251.5312 , 672.7685,31.6147,13.6620 , 1.9791,3.7678,246.4478 , 1.3755,18.5687,51.6169 , 5.3700,0.4426,5.3404 , 0.7322,0.3998,7377.1147 , 41.7211,28.5353,4.8628 , 1.3774,1.1817,188.5092 , 11.1912,4.8944,<LOD,0.0000,0.2174,13.1890 , 0.6251,2.7777,<LOD,0.0000,0.0000,117.7003 , 1.1560,15.8503,7,404.899994,39.004021,-122.670601,10.000000,528521.875000,4317274.500000,
849,Mining,120.64,30.28,30.07,30.06,28.43,"Thu Apr 16, 2026 - 15:53:59",User,1.5,ppm,,,,,,Mining,,<LOD,1.1273,0.7568,151549.8281 , 1753.6486,3.2363,45.1802 , 1.7481,2.1030,<LOD,3.3850,0.2140,563.1165 , 17.3896,23.6545,510200.1562 , 3971.3135,<LOD,1.3519,0.2329,16437.7207 , 127.6280,25.3716,<LOD,1.7787,1.5094,<LOD,34.4321,0.6279,<LOD,37.5709,8.5230,140.1650 , 4.7138,4.0142,<LOD,3.2784,0.3349,18054.3027 , 97.7293,54.3665,<LOD,0.0000,0.0000,181.7333 , 4.3306,2.4667,7066.7832 , 78.6066,5.6726,15745.8105 , 2620.2266,0.0694,<LOD,22.9205,0.5459,<LOD,0.9101,5.9486,4.3583 , 0.5119,3.8923,<LOD,5.4764,0.2671,656.4753 , 108.5016,0.2476,9.3718 , 0.9374,0.4787,<LOD,1.0445,0.5837,32.8608 , 1.0073,2.4283,<LOD,0.0000,0.0000,11382.7773 , 90.4623,5.0552,15.4589 , 2.2999,5.1796,<LOD,0.7731,0.2738,259623.0938 , 679.0523,29.3023,10.1108 , 1.8269,3.8725,218.4115 , 1.2613,17.9733,<LOD,0.0000,0.0000,3.9525 , 0.7095,0.4335,7714.7476 , 43.2995,33.2416,3.6814 , 1.1351,1.1521,170.3196 , 11.2760,5.5047,<LOD,0.0000,0.2274,13.2827 , 0.6021,3.0155,34.0962 , 2.3759,0.7699,122.2423 , 1.1272,17.2770,7,404.899994,39.004017,-122.670593,10.000000,528522.625000,4317274.000000,
850,Mining,120.48,30.16,30.05,30.12,30.15,"Thu Apr 16, 2026 - 15:56:30",User,1.5,ppm,,,,,,Mining,,<LOD,1.1482,0.7630,152511.7812 , 1589.5308,3.2581,39.3145 , 1.6069,1.8762,<LOD,3.0376,0.1819,585.8082 , 17.6413,23.9696,518807.9062 , 3514.4746,<LOD,1.2934,0.2258,16719.8789 , 128.0397,25.8696,<LOD,1.7855,1.4714,<LOD,32.2169,0.6275,<LOD,36.3472,8.4157,138.0257 , 4.7501,3.9918,<LOD,3.1607,0.3293,17571.3379 , 90.5840,53.0240,<LOD,0.0000,0.0000,162.5609 , 4.0043,2.2434,7018.0933 , 78.8101,5.6533,6749.1196 , 2213.7224,0.0555,<LOD,22.5254,0.5578,<LOD,0.8843,5.9820,3.8317 , 0.4963,3.8923,<LOD,5.4763,0.2921,621.2850 , 100.1754,0.2388,7.8928 , 0.8813,0.4481,<LOD,1.0280,0.5462,30.4283 , 0.9545,2.3067,<LOD,0.0000,0.0000,13175.7783 , 90.6058,5.8354,16.3741 , 2.3289,5.1683,<LOD,0.7160,0.2533,257582.0156 , 617.8638,29.1635,10.0679 , 1.8476,3.8483,209.3592 , 1.1828,17.3225,<LOD,0.0000,0.0000,3.4941 , 0.6776,0.4182,7669.9429 , 42.4239,33.1595,4.5280 , 1.0850,1.1208,193.4647 , 11.5177,5.6428,<LOD,0.0000,0.2166,13.7173 , 0.5851,3.0299,32.2137 , 2.2715,0.7451,121.8000 , 1.0830,17.1907,7,405.000000,39.004017,-122.670586,10.000000,528523.062500,4317274.000000,
851,Mining,30.02,30.02,,,,"Thu Apr 16, 2026 - 16:15:15",User,1.5,ppm,,,,,,Mining,,519.6826 , 441.4528,12.2414,,,,<LOD,17.5433,0.2472,<LOD,38.5556,0.0782,,,,115130.0078 , 15561.6006,<LOD,12.3198,0.0938,,,,<LOD,33.2686,4.9272,,,,<LOD,479.7654,236.3291,8802.0684 , 107.2473,22.8921,1653.6150 , 62.6950,1.5861,865391.0625 , 630.0168,1591.3055,<LOD,0.0000,0.0000,<LOD,21.8198,0.1382,,,,,,,2786.7993 , 122.6531,11.0721,4195.7681 , 25.2683,50.7580,<LOD,5.0954,0.7876,1292.6893 , 152.9220,0.9105,,,,42.2839 , 14.1059,0.5211,<LOD,35.0406,5.9410,<LOD,1.6878,-0.0125,<LOD,0.0000,0.0000,,,,<LOD,59.0922,5.7482,<LOD,7.4938,0.1302,,,,126.4208 , 29.5665,6.7694,<LOD,2.8990,0.1714,<LOD,0.0000,0.0000,<LOD,18.4227,-1.0802,<LOD,313.9059,1.4371,<LOD,2.5097,-0.0159,59.6980 , 51.1049,1.5509,<LOD,0.0000,0.2057,<LOD,4.2867,0.2826,<LOD,24.5295,0.1967,<LOD,3.5202,0.4484,6,440.700012,39.000793,-122.662979,10.000000,529183.000000,4316918.500000,
856,Mining,30.08,29.19,,,,"Fri Apr 17, 2026 - 08:25:46",User,1.5,ppm,,,,,,Mining,,520.5569 , 442.1949,12.3013,,,,<LOD,17.4041,0.2211,<LOD,40.6607,0.0810,,,,120563.9688 , 15538.9072,<LOD,13.0811,0.1066,,,,<LOD,33.4382,4.9549,,,,<LOD,478.1786,233.6341,8850.1885 , 108.7706,22.8053,1689.3451 , 63.1492,1.6220,859850.2500 , 704.2787,1577.4215,<LOD,0.0000,0.0000,<LOD,22.1388,0.1433,,,,,,,2845.1699 , 123.2762,11.1108,4141.2485 , 25.0597,50.2853,<LOD,7.3199,0.8442,1368.3954 , 151.2325,0.8848,,,,67.6987 , 14.6010,0.5614,<LOD,40.0187,6.1720,<LOD,3.6420,-0.0727,<LOD,0.0000,0.0000,,,,<LOD,59.0328,5.5878,<LOD,7.6734,0.1380,,,,103.2509 , 29.5475,6.7008,<LOD,2.1980,0.1149,<LOD,0.0000,0.0000,<LOD,17.9050,-1.0498,<LOD,471.8007,1.5151,<LOD,3.0457,-0.0217,<LOD,193.4261,1.4596,<LOD,0.0000,0.2145,<LOD,4.3523,0.2960,<LOD,24.8989,0.2042,<LOD,3.4085,0.4253,4,431.500000,39.000725,-122.662971,10.000000,529183.312500,4316911.000000,
857,Mining,120.45,30.08,30.20,30.06,30.11,"Fri Apr 17, 2026 - 09:12:20",User,1.5,ppm,,,,,,Mining,,<LOD,1.4478,0.6562,129320.1484 , 2342.3794,2.7830,<LOD,1.4991,0.2816,<LOD,3.1225,0.1059,414.0161 , 20.7594,16.4147,443867.0000 , 5938.7935,<LOD,1.3426,0.1349,41502.7422 , 250.2394,53.2506,<LOD,2.1528,1.1400,<LOD,41.5210,0.6815,<LOD,54.8812,12.1990,122.7636 , 6.0714,3.4001,13.6407 , 2.9235,0.3581,32018.5762 , 161.8502,76.2062,<LOD,0.0000,0.0000,2.6778 , 1.9119,0.2366,6196.1587 , 91.8866,4.3666,39480.1836 , 4001.4187,0.1072,386.5909 , 26.3011,1.1309,<LOD,1.0255,4.4622,3.9245 , 0.5749,2.9175,<LOD,7.3793,0.2490,938.2650 , 131.1700,0.2778,6.0984 , 0.9914,0.3112,<LOD,1.2949,0.4693,22.7419 , 0.9742,1.3633,<LOD,0.0000,0.0000,3411.5632 , 56.6696,1.4590,<LOD,4.1223,3.5984,<LOD,0.8552,0.2068,295585.0000 , 778.5057,29.0347,18.1865 , 2.3009,3.2015,291.4702 , 1.7090,17.2404,<LOD,0.0000,0.0000,3.8372 , 0.7613,0.3165,6014.1714 , 47.5248,20.5907,3.9061 , 1.0306,0.5827,180.3852 , 13.1467,3.7330,<LOD,7.0792,0.2028,19.5411 , 0.7176,2.5155,74.3530 , 3.2400,0.8374,102.0660 , 1.2473,12.0311,7,400.100006,39.004051,-122.670601,10.000000,528521.875000,4317278.000000,
858,Mining,123.04,32.70,30.11,30.13,30.10,"Fri Apr 17, 2026 - 09:15:31",User,1.5,ppm,,,,,,Mining,,<LOD,1.3880,0.6246,131010.9844 , 2190.7366,2.8168,<LOD,1.5182,0.3031,4.8101 , 2.2631,0.1257,408.6702 , 20.2819,16.3766,453118.7812 , 5530.4331,<LOD,1.2666,0.1245,40342.1875 , 238.8416,52.5966,<LOD,2.1331,1.1710,<LOD,39.1699,0.6677,<LOD,53.6230,11.9859,125.8231 , 5.8795,3.4061,13.1182 , 2.8897,0.3628,31250.0527 , 152.9568,75.7736,<LOD,0.0000,0.0000,<LOD,2.7215,0.2132,5807.2905 , 87.3237,4.1656,35015.0703 , 3672.3030,0.0994,380.2304 , 25.9243,1.1330,<LOD,1.0168,4.5853,3.6796 , 0.5664,2.9516,<LOD,7.2471,0.2515,1056.5032 , 127.9930,0.2941,6.9743 , 0.9949,0.3252,<LOD,1.2584,0.4601,23.7283 , 0.9695,1.4231,<LOD,0.0000,0.0000,2530.0325 , 48.5234,1.1692,<LOD,4.0655,3.6769,<LOD,0.8928,0.2199,292233.7188 , 739.6857,28.9882,13.3142 , 2.2281,3.1017,287.6615 , 1.6595,17.4016,<LOD,0.0000,0.0000,3.7821 , 0.7315,0.3090,6008.0444 , 45.7607,20.8643,2.7577 , 0.9945,0.5664,160.9611 , 12.6367,3.6715,<LOD,7.1988,0.2178,19.4426 , 0.7120,2.5753,72.1767 , 3.1825,0.8381,100.2283 , 1.2224,12.1253,7,398.000000,39.003979,-122.670639,10.000000,528518.312500,4317269.500000,
859,Mining,120.22,30.17,30.08,30.11,29.86,"Fri Apr 17, 2026 - 09:18:47",User,1.5,ppm,,,,,,Mining,,<LOD,1.3871,0.6543,138092.3438 , 2278.9937,2.9649,<LOD,1.5131,0.3042,<LOD,3.0664,0.1105,375.6382 , 19.9182,16.3696,444555.2500 , 5490.6880,<LOD,1.3393,0.1451,43210.7031 , 245.1324,56.5778,<LOD,2.0736,1.1494,<LOD,41.6079,0.6813,<LOD,50.4141,10.6641,117.8935 , 5.6628,3.2600,14.4329 , 2.8730,0.3728,27619.7656 , 142.8324,66.9254,<LOD,0.0000,0.0000,2.4178 , 1.8047,0.2306,6225.2563 , 87.7716,4.4606,27536.8242 , 3617.6216,0.0872,388.7931 , 25.8588,1.1321,<LOD,1.0021,4.6110,4.8829 , 0.5669,3.0808,<LOD,7.0110,0.2583,1122.6523 , 135.5930,0.3001,8.5165 , 1.0148,0.3534,<LOD,1.2316,0.4606,25.3941 , 0.9936,1.5491,<LOD,0.0000,0.0000,1820.2755 , 45.7387,0.9269,<LOD,3.9983,3.7038,<LOD,0.8331,0.2124,301639.6562 , 777.9888,30.4034,13.4397 , 2.2065,3.1861,307.3487 , 1.7141,18.8689,<LOD,0.0000,0.0000,3.1013 , 0.7482,0.3257,6580.6909 , 47.2020,22.7506,4.6887 , 1.0321,0.6345,154.2314 , 12.6688,3.8538,<LOD,6.4475,0.1810,16.3696 , 0.6809,2.4434,56.2296 , 2.8964,0.7225,103.2147 , 1.2318,12.7679,7,398.100006,39.004063,-122.670609,10.000000,528520.687500,4317279.000000,
860,Mining,122.70,32.46,30.06,30.07,30.11,"Fri Apr 17, 2026 - 09:21:13",User,1.5,ppm,,,,,,Mining,,<LOD,1.3107,0.6250,133634.5625 , 2161.5784,2.8729,<LOD,1.4560,0.2968,<LOD,2.7476,0.0928,381.3582 , 19.2072,16.4417,452931.5938 , 5309.6450,<LOD,1.2345,0.1296,41994.2266 , 243.7614,55.8343,<LOD,2.0463,1.2159,<LOD,40.0171,0.6845,<LOD,49.6703,10.8871,118.1621 , 5.7305,3.2932,16.6040 , 2.8792,0.3936,27440.0430 , 139.6965,67.7954,<LOD,0.0000,0.0000,3.7834 , 1.8288,0.2498,6004.4634 , 87.9922,4.3805,30776.6152 , 3561.1345,0.0925,390.4365 , 25.3870,1.1481,<LOD,0.9813,4.6739,3.8502 , 0.5471,3.0218,<LOD,7.1335,0.2921,1137.1642 , 129.7948,0.2995,7.4210 , 0.9754,0.3436,<LOD,1.2017,0.4717,25.5632 , 0.9634,1.5482,<LOD,0.0000,0.0000,1976.2899 , 45.4627,0.9966,<LOD,3.8474,3.6842,<LOD,0.7869,0.2025,296183.4688 , 755.4675,30.1448,18.3195 , 2.1423,3.2482,299.3487 , 1.6592,18.7691,<LOD,0.0000,0.0000,4.1753 , 0.7207,0.3328,6322.0747 , 46.7848,22.3019,2.5722 , 0.9794,0.5996,157.4729 , 12.7433,3.8352,<LOD,6.5401,0.1959,15.5066 , 0.6618,2.4313,52.5664 , 2.7965,0.7080,102.3378 , 1.2044,12.8762,7,397.799988,39.004044,-122.670601,10.000000,528521.875000,4317277.000000,
861,Mining,122.92,32.72,30.06,30.03,30.11,"Fri Apr 17, 2026 - 09:24:05",User,1.5,ppm,,,,,,Mining,,<LOD,1.3436,0.6428,122724.0156 , 1967.7827,2.6462,<LOD,1.4466,0.3105,<LOD,2.8005,0.0977,323.0407 , 19.1615,15.6933,487561.9375 , 4807.1958,<LOD,1.2242,0.1285,41004.7383 , 232.0674,55.2379,<LOD,2.0352,1.1652,<LOD,39.4724,0.7177,<LOD,52.6797,11.7073,112.4225 , 5.6546,3.3282,5.2545 , 2.6127,0.3266,29070.8320 , 136.4129,72.9092,<LOD,0.0000,0.0000,<LOD,4.4749,0.2413,5766.0371 , 85.5705,4.2858,24643.9551 , 3290.7402,0.0819,490.4841 , 26.8856,1.3236,<LOD,0.9706,4.6319,2.6492 , 0.5404,2.9756,<LOD,6.8812,0.2531,927.2733 , 125.2503,0.2895,5.5839 , 0.9298,0.3144,<LOD,1.1828,0.4441,29.0480 , 0.9997,1.7158,<LOD,0.0000,0.0000,1926.0591 , 43.8852,0.9911,<LOD,3.8967,3.6969,<LOD,0.7621,0.1871,278344.5625 , 701.2114,28.2051,11.6584 , 2.1393,3.1265,278.2606 , 1.5542,17.5998,<LOD,0.0000,0.0000,3.0637 , 0.6993,0.3089,6409.2095 , 45.8413,22.9932,2.8339 , 0.9692,0.5947,188.5184 , 12.9015,4.1053,<LOD,6.5367,0.1978,14.8426 , 0.6613,2.4425,54.7719 , 2.8237,0.7284,98.9579 , 1.1712,12.4696,7,396.299988,39.004028,-122.670624,10.000000,528520.000000,4317275.000000,
862,Mining,122.82,32.56,30.10,30.05,30.11,"Fri Apr 17, 2026 - 09:26:45",User,1.5,ppm,,,,,,Mining,,<LOD,1.8997,0.6882,134364.5625 , 2200.4941,2.8876,1.4633 , 1.0136,0.3767,<LOD,3.0141,0.1168,341.1096 , 18.8874,15.8880,448206.8750 , 5490.2686,<LOD,1.2766,0.1438,40986.7461 , 246.0142,56.8377,<LOD,1.9843,1.1477,<LOD,39.0623,0.6789,<LOD,59.7586,13.0858,120.9485 , 5.6923,3.4913,11.8715 , 2.7294,0.3674,31581.9258 , 161.4743,81.4179,<LOD,0.0000,0.0000,8.0592 , 1.9254,0.2939,5449.8687 , 84.0211,4.1751,44569.3867 , 3882.2034,0.1157,398.8635 , 25.1577,1.2173,<LOD,0.9654,4.6951,3.4791 , 0.5414,3.0592,<LOD,7.1807,0.2859,879.7838 , 123.1706,0.2755,5.5187 , 0.9217,0.3173,<LOD,1.1730,0.4544,26.3586 , 0.9700,1.6241,<LOD,0.0000,0.0000,1468.1016 , 40.6254,0.8244,<LOD,3.8111,3.6669,<LOD,0.7830,0.1998,285288.1562 , 778.2316,29.8398,13.5878 , 2.1030,3.1461,282.3099 , 1.6357,18.1349,<LOD,0.0000,0.0000,2.7438 , 0.7079,0.3149,5656.1060 , 44.7729,20.9276,3.1370 , 0.9771,0.6162,153.6594 , 12.1544,3.7055,<LOD,6.4048,0.1949,17.9456 , 0.6772,2.6323,65.0718 , 2.9547,0.8200,92.3547 , 1.1564,12.1551,6,398.500000,39.004025,-122.670593,10.000000,528522.312500,4317275.000000,
863,Mining,120.08,30.17,30.02,30.05,29.84,"Fri Apr 17, 2026 - 09:29:29",User,1.5,ppm,,,,,,Mining,,<LOD,1.4243,0.6499,113540.3438 , 2120.2302,2.4537,<LOD,1.4248,0.2498,<LOD,2.9767,0.1015,387.5859 , 20.5506,16.3836,473068.9375 , 5635.8765,<LOD,1.3209,0.1376,37082.1484 , 236.1314,49.0515,<LOD,2.1666,1.1905,<LOD,37.8061,0.6298,<LOD,55.6689,13.5841,121.0289 , 6.0851,3.4938,10.5014 , 2.8246,0.3523,35025.5742 , 165.4671,86.6280,<LOD,0.0000,0.0000,<LOD,3.8710,0.2325,5573.2246 , 89.1337,4.0772,48323.1172 , 4007.3804,0.1200,322.9570 , 24.6692,1.0793,<LOD,0.9895,4.4970,4.3799 , 0.5591,3.0175,<LOD,7.4851,0.2653,993.8406 , 127.3028,0.2928,6.8768 , 0.9927,0.3292,<LOD,1.2686,0.4609,20.1982 , 0.9108,1.2499,<LOD,0.0000,0.0000,1952.4999 , 43.9339,0.9650,<LOD,4.1235,3.7115,<LOD,0.8176,0.1983,277104.0000 , 737.2936,27.3747,14.8515 , 2.2759,3.1950,293.9318 , 1.6816,17.8079,<LOD,0.0000,0.0000,3.4024 , 0.7432,0.3146,5778.6646 , 46.6045,20.5910,<LOD,2.3058,0.5460,173.2207 , 13.0589,3.7444,<LOD,7.0887,0.2144,20.2168 , 0.7100,2.6011,73.2165 , 3.1757,0.8478,105.2920 , 1.2422,12.5916,5,396.000000,39.003990,-122.670609,10.000000,528520.750000,4317271.000000,
864,Mining,123.24,33.02,30.08,30.03,30.11,"Fri Apr 17, 2026 - 09:32:18",User,1.5,ppm,,,,,,Mining,,<LOD,1.3712,0.6311,117062.2031 , 2114.8286,2.5262,<LOD,1.4072,0.2691,<LOD,2.7971,0.0931,388.1132 , 20.0247,16.3822,465781.4688 , 5666.8716,<LOD,1.2855,0.1359,37175.8398 , 237.0216,50.1321,<LOD,2.1159,1.1942,<LOD,37.2678,0.6469,<LOD,54.6591,13.6085,123.0493 , 5.9973,3.5205,14.1782 , 2.8623,0.3773,34669.3633 , 167.5281,87.1845,<LOD,0.0000,0.0000,<LOD,3.5627,0.2258,5393.7202 , 87.1251,4.0220,55061.4961 , 4044.4199,0.1315,286.9227 , 23.7730,1.0398,<LOD,0.9947,4.6261,3.8176 , 0.5581,3.0295,<LOD,7.3858,0.2717,955.5695 , 121.4905,0.2808,5.0521 , 0.9400,0.3075,<LOD,1.2423,0.4644,20.9052 , 0.9174,1.3217,<LOD,0.0000,0.0000,1840.2935 , 42.5194,0.9493,<LOD,3.9976,3.6513,<LOD,0.7823,0.1906,274632.4375 , 738.0447,27.5216,14.2358 , 2.2106,3.1629,292.3241 , 1.6748,18.0386,<LOD,0.0000,0.0000,3.9561 , 0.7338,0.3250,5891.9458 , 46.3765,21.1748,2.8925 , 0.9798,0.5811,186.9024 , 13.0185,3.8745,<LOD,6.8179,0.2064,20.2168 , 0.7013,2.6424,70.9924 , 3.0994,0.8417,102.0917 , 1.2179,12.5620,5,388.799988,39.004025,-122.670570,10.000000,528524.187500,4317275.000000,
865,Mining,122.68,32.50,30.00,30.11,30.07,"Fri Apr 17, 2026 - 09:36:19",User,1.5,ppm,,,,,,Mining,,<LOD,1.3867,0.6038,122431.7344 , 2284.7107,2.6355,<LOD,1.4458,0.2580,<LOD,2.9801,0.0970,398.7026 , 20.4162,15.8877,454759.8125 , 5975.7817,<LOD,1.3416,0.1355,38082.5508 , 243.9868,49.3497,<LOD,2.1577,1.1634,<LOD,38.6279,0.6371,<LOD,57.8271,14.3572,134.2279 , 6.3142,3.5607,6.8411 , 2.7582,0.3209,37818.3633 , 178.4081,91.0785,<LOD,0.0000,0.0000,<LOD,3.1541,0.2142,5574.4932 , 90.6163,3.9888,49807.0586 , 4127.6733,0.1226,361.0790 , 25.3601,1.1195,<LOD,1.0089,4.3246,4.3197 , 0.5692,2.8766,<LOD,7.8659,0.2815,1362.2898 , 138.8168,0.3453,5.5854 , 0.9725,0.3009,<LOD,1.2355,0.4287,20.8101 , 0.9340,1.2498,<LOD,0.0000,0.0000,974.3776 , 36.1642,0.6126,<LOD,4.0629,3.5173,<LOD,0.8130,0.1864,281718.8750 , 749.4238,27.3180,14.8123 , 2.2524,3.0730,291.0273 , 1.6955,16.9406,<LOD,0.0000,0.0000,3.5798 , 0.7532,0.3071,5856.8008 , 47.6690,20.2888,3.1805 , 1.0002,0.5531,172.6675 , 13.3185,3.6677,<LOD,7.1299,0.2069,17.0017 , 0.6860,2.3025,77.9566 , 3.2571,0.8521,101.8439 , 1.2361,11.8155,8,394.899994,39.004040,-122.670563,10.000000,528525.062500,4317276.500000,
866,Mining,123.17,32.74,30.22,30.12,30.09,"Fri Apr 17, 2026 - 09:38:49",User,1.5,ppm,,,,,,Mining,,<LOD,1.4444,0.6179,124463.2188 , 2241.4866,2.6774,<LOD,1.4238,0.2480,<LOD,3.0594,0.1025,406.0992 , 21.0234,15.9135,457151.9375 , 5776.7803,<LOD,1.4019,0.1485,38846.8008 , 242.8540,50.1459,<LOD,2.2250,1.1654,<LOD,38.0284,0.6295,<LOD,57.8361,14.4250,133.7639 , 6.3371,3.5981,11.0981 , 2.8464,0.3433,37925.2617 , 173.5424,90.9954,<LOD,0.0000,0.0000,<LOD,3.7337,0.2182,5676.6313 , 90.8157,4.0573,43155.4570 , 3929.7214,0.1115,360.7139 , 25.2452,1.1150,<LOD,1.0127,4.3747,3.2059 , 0.5620,2.7982,<LOD,7.8561,0.2813,1228.4651 , 133.9994,0.3249,5.2575 , 0.9660,0.2976,<LOD,1.3246,0.4669,21.1611 , 0.9381,1.2656,<LOD,0.0000,0.0000,905.4688 , 35.2299,0.5903,<LOD,4.2091,3.5788,<LOD,0.8379,0.1998,283122.5000 , 732.2137,27.4546,18.2033 , 2.3333,3.1190,293.8638 , 1.6833,17.0341,<LOD,0.0000,0.0000,2.7364 , 0.7627,0.3047,5882.3438 , 47.6044,20.3865,3.3376 , 1.0038,0.5589,178.0343 , 13.3837,3.7208,<LOD,7.0073,0.2003,17.9951 , 0.6933,2.3615,82.7956 , 3.3133,0.8852,103.6395 , 1.2370,11.9236,8,394.799988,39.004032,-122.670593,10.000000,528522.437500,4317275.500000,
867,Mining,120.31,30.07,30.06,30.03,30.15,"Fri Apr 17, 2026 - 09:43:23",User,1.5,ppm,,,,,,Mining,,<LOD,1.0191,0.9672,93877.3359 , 1059.5947,2.0766,40.6152 , 1.4069,2.0863,<LOD,2.3208,0.1464,275.6234 , 14.3259,23.3064,515076.0312 , 2766.1431,<LOD,1.2001,0.2686,120.5315 , 18.3019,0.6401,<LOD,1.5889,1.8891,<LOD,28.4783,0.5719,<LOD,19.7487,3.0026,60.6062 , 3.3084,2.9525,<LOD,2.9040,0.3763,5008.4521 , 45.1668,17.5444,<LOD,0.0000,0.0000,33.8267 , 2.1058,0.8031,1663.8264 , 36.1167,1.6829,<LOD,2801.0466,0.0372,<LOD,19.5229,0.4966,<LOD,0.7973,7.5008,6.6216 , 0.4341,4.6572,<LOD,4.2928,0.2921,275.6485 , 72.9236,0.1421,<LOD,0.8906,0.3155,<LOD,0.9177,0.6988,17.1948 , 0.6380,1.5904,<LOD,0.0000,0.0000,1329.1498 , 32.6109,0.8405,96.5352 , 2.3446,9.3501,<LOD,0.6459,0.3002,372946.8125 , 639.8091,48.9251,6.9729 , 1.6085,4.6624,3.3086 , 0.2446,1.1263,<LOD,0.0000,0.0000,3.2761 , 0.6108,0.4620,8329.2090 , 35.9633,39.7928,<LOD,0.8920,0.4742,120.4144 , 9.3374,6.0265,<LOD,4.7992,0.2275,<LOD,0.9393,1.9366,<LOD,2.0324,0.3522,150.0902 , 0.9862,20.7365,7,395.399994,39.004318,-122.670708,10.000000,528512.375000,4317307.500000,
868,Mining,120.22,30.08,30.03,30.02,30.09,"Fri Apr 17, 2026 - 09:45:48",User,1.5,ppm,,,,,,Mining,,<LOD,1.0183,0.9093,85996.7734 , 1010.3864,1.9185,42.7727 , 1.4292,2.1678,<LOD,2.4499,0.1640,263.5058 , 14.7079,23.1891,508442.3750 , 2676.1528,<LOD,1.2031,0.2700,88.9148 , 17.6745,0.5947,<LOD,1.6223,1.8581,<LOD,28.0427,0.5691,<LOD,19.6155,2.9591,61.5601 , 3.3053,2.9566,<LOD,2.8397,0.3597,4971.1763 , 44.8257,17.4046,<LOD,0.0000,0.0000,26.4172 , 1.9874,0.7050,1489.9626 , 34.7179,1.5494,6168.1021 , 1740.2346,0.0467,<LOD,19.5391,0.4974,<LOD,0.8012,7.5855,6.4358 , 0.4328,4.6286,<LOD,4.3442,0.3011,278.6523 , 72.9081,0.1451,<LOD,0.8654,0.2971,<LOD,0.9757,0.7520,14.7121 , 0.6135,1.4442,<LOD,0.0000,0.0000,1310.4490 , 32.1029,0.8332,76.4957 , 2.3387,8.6433,<LOD,0.6587,0.3077,382061.1875 , 620.4109,50.4983,<LOD,3.7081,4.5606,2.3643 , 0.2327,1.0189,<LOD,0.0000,0.0000,2.6060 , 0.6009,0.4351,8402.9756 , 35.4280,39.9470,<LOD,0.8991,0.4865,140.6941 , 9.4174,6.1598,<LOD,4.9720,0.2444,<LOD,0.8976,1.8796,<LOD,2.0965,0.3751,151.8629 , 0.9864,20.9081,7,395.799988,39.004322,-122.670708,10.000000,528512.250000,4317308.000000,
869,Mining,120.48,30.29,30.05,30.06,27.99,"Fri Apr 17, 2026 - 09:48:16",User,1.5,ppm,,,,,,Mining,,<LOD,1.7604,0.7341,136371.1406 , 1996.8201,2.9275,51.3577 , 1.9271,1.9434,<LOD,3.0278,0.1284,377.9893 , 17.9319,17.6630,441856.4688 , 4828.8569,<LOD,1.4893,0.2121,10597.2119 , 104.1747,13.7177,<LOD,1.9212,1.2960,<LOD,41.6756,0.6573,<LOD,45.5654,6.6165,115.5052 , 4.7748,3.2965,16.7423 , 2.8244,0.4204,15853.7100 , 95.1151,40.2822,<LOD,0.0000,0.0000,7.1167 , 1.9204,0.3164,4283.3237 , 64.8070,3.0072,14944.8213 , 2875.7371,0.0625,141.1028 , 20.5677,0.7405,<LOD,1.5264,5.6001,7.6808 , 0.5543,3.6248,<LOD,6.2980,0.2881,902.0983 , 127.4586,0.2498,8.4129 , 0.9668,0.3823,<LOD,1.2375,0.5414,37.7351 , 1.0605,2.2695,<LOD,0.0000,0.0000,3616.2969 , 58.6555,1.4928,<LOD,3.6417,4.0653,<LOD,0.8064,0.2340,361570.5938 , 792.9799,36.4956,18.4434 , 2.0093,3.4772,207.3123 , 1.2897,14.4001,<LOD,0.0000,0.0000,4.4345 , 0.7888,0.4096,8619.0088 , 45.8171,30.6820,2.5539 , 0.9185,0.5989,198.9090 , 11.9566,5.0712,<LOD,6.4395,0.2122,15.1906 , 0.6613,2.7626,35.1935 , 2.4660,0.6134,139.6596 , 1.2514,16.0785,6,396.700012,39.004311,-122.670731,10.000000,528510.375000,4317306.500000,
870,Mining,120.52,30.22,30.07,30.07,28.68,"Fri Apr 17, 2026 - 09:50:42",User,1.5,ppm,,,,,,Mining,,<LOD,1.2498,0.7553,118330.9375 , 1583.3381,2.5596,38.1240 , 1.6524,1.6337,<LOD,2.7141,0.1202,343.5253 , 17.8580,18.9200,479048.1562 , 3718.1228,<LOD,1.3383,0.1999,15021.5586 , 124.1517,20.8403,<LOD,1.9335,1.4437,<LOD,37.5649,0.6753,<LOD,37.7526,7.4625,99.7323 , 4.7769,3.3299,12.9356 , 2.6043,0.4177,17003.9258 , 90.5252,46.2709,<LOD,0.0000,0.0000,5.4594 , 1.7372,0.3027,4844.4072 , 69.4285,3.6257,6007.9165 , 2294.0312,0.0470,176.6920 , 20.1455,0.8438,<LOD,0.9177,5.7105,6.6688 , 0.5133,3.7352,<LOD,5.8947,0.2856,842.2427 , 115.4523,0.2563,8.4173 , 0.9212,0.4051,<LOD,1.1416,0.5642,37.9432 , 1.0071,2.4037,<LOD,0.0000,0.0000,3043.9705 , 50.4791,1.3892,<LOD,3.6564,4.4900,<LOD,0.7375,0.2304,346180.0000 , 691.7620,37.4047,12.6085 , 1.9967,3.7339,212.6039 , 1.2258,15.6997,<LOD,0.0000,0.0000,4.8538 , 0.7344,0.4317,8329.6357 , 44.5735,32.1324,<LOD,2.1247,0.6115,203.3084 , 12.2602,5.4059,<LOD,5.7665,0.1985,12.8312 , 0.6138,2.7658,35.5227 , 2.3384,0.6450,136.0197 , 1.1732,16.8690,6,396.899994,39.004322,-122.670708,10.000000,528512.500000,4317308.000000,
871,Mining,120.32,30.08,30.05,30.14,29.11,"Fri Apr 17, 2026 - 09:53:28",User,1.5,ppm,,,,,,Mining,,<LOD,1.0174,0.9595,123882.2188 , 1163.2491,2.6801,143.4460 , 2.5049,6.9754,<LOD,2.8382,0.2288,1054.5438 , 17.2642,39.5895,535939.3125 , 2722.7930,<LOD,1.4627,0.4118,115.4829 , 24.1397,0.9121,<LOD,1.5993,1.9026,<LOD,27.0635,0.6025,<LOD,30.1369,7.9104,118.5593 , 4.1562,4.7196,<LOD,2.8330,0.3755,13973.1992 , 74.5511,51.9636,<LOD,0.0000,0.0000,85.0043 , 2.8830,1.6639,5113.1074 , 60.1613,4.8618,8971.9346 , 1829.2271,0.0547,<LOD,19.2956,0.5518,<LOD,0.8191,7.9796,6.3018 , 0.4542,5.0955,<LOD,4.8452,0.3422,779.7031 , 95.4580,0.3024,8.0011 , 0.8068,0.5387,<LOD,0.9269,0.7131,44.9375 , 0.9439,3.7167,<LOD,0.0000,0.0000,7862.6938 , 65.5810,4.1322,217.3071 , 2.7581,13.9515,<LOD,0.6914,0.3441,292782.7188 , 591.7861,39.7436,7.0744 , 1.6159,4.7817,42.8419 , 0.5192,5.1958,<LOD,0.0000,0.0000,2.3152 , 0.6828,0.5061,8365.0479 , 40.9759,46.0971,<LOD,1.1392,0.7856,301.5218 , 11.2477,8.6400,<LOD,0.0000,0.2553,15.0238 , 0.5690,4.1321,6.2533 , 1.6228,0.5408,161.4000 , 1.0477,23.4358,7,397.399994,39.004333,-122.670723,10.000000,528510.625000,4317309.000000,
872,Mining,120.17,30.03,30.00,30.08,29.17,"Fri Apr 17, 2026 - 09:55:55",User,1.5,ppm,,,,,,Mining,,<LOD,1.2993,0.8356,82947.8438 , 1234.7722,1.8156,143.2946 , 2.8678,5.2814,<LOD,3.4672,0.1957,1398.6323 , 22.7970,36.9998,606820.2500 , 3155.6504,<LOD,1.6987,0.3190,409.4761 , 33.8096,1.2114,<LOD,2.0522,1.6693,<LOD,31.3462,0.5571,<LOD,40.4918,8.7756,137.2769 , 5.0387,4.0597,<LOD,3.4826,0.3285,20188.4004 , 95.8686,57.8123,<LOD,0.0000,0.0000,134.2006 , 3.9690,1.8211,5192.0396 , 70.6549,3.9343,6806.0684 , 2157.4993,0.0485,<LOD,24.2709,0.5412,<LOD,0.9694,6.2815,5.6190 , 0.5354,3.9856,<LOD,6.2149,0.3109,697.9409 , 102.7850,0.2330,9.7590 , 0.9962,0.4711,<LOD,1.1807,0.6186,42.7854 , 1.0752,2.6745,<LOD,0.0000,0.0000,13381.1309 , 90.0711,5.4220,275.0761 , 3.5869,12.7995,<LOD,0.8218,0.2749,251587.5625 , 580.5662,25.8058,10.3863 , 2.0880,4.3008,82.4280 , 0.7920,6.8946,<LOD,0.0000,0.0000,4.5398 , 0.8221,0.4475,9182.8965 , 47.4697,39.0540,<LOD,1.4596,0.7268,346.0862 , 13.6254,7.3871,<LOD,0.0000,0.1985,19.1191 , 0.6909,3.4973,8.1464 , 2.0278,0.4879,169.0319 , 1.2299,18.8277,7,395.899994,39.004326,-122.670731,10.000000,528510.500000,4317308.000000,
873,Mining,120.58,30.18,30.29,30.06,30.05,"Fri Apr 17, 2026 - 09:58:41",User,1.5,ppm,,,,,,Mining,,<LOD,1.2292,0.8368,100036.8906 , 1239.4850,2.1757,150.0546 , 2.7959,5.7698,<LOD,3.2236,0.1935,1562.2480 , 22.5725,41.4915,572683.6250 , 2937.0857,<LOD,1.6180,0.3313,698.9157 , 36.7279,1.6537,<LOD,1.9353,1.6536,<LOD,30.3374,0.5671,<LOD,38.7056,9.0867,125.5483 , 4.8225,4.0712,<LOD,3.2583,0.3277,19620.7285 , 92.0425,59.5100,<LOD,0.0000,0.0000,73.7151 , 3.0290,1.2069,5290.5830 , 69.9602,4.1975,<LOD,2818.0756,0.0378,<LOD,23.5522,0.5778,<LOD,0.9115,6.3712,4.9905 , 0.4975,3.9580,<LOD,5.7284,0.2919,549.3122 , 94.2048,0.2096,5.8187 , 0.8621,0.4013,<LOD,1.1125,0.6143,41.2370 , 1.0157,2.7785,<LOD,0.0000,0.0000,11477.0059 , 82.3974,4.9347,246.7554 , 3.3628,12.6024,<LOD,0.7795,0.2857,279023.9062 , 584.3267,30.9037,8.3231 , 1.9906,4.3961,76.5791 , 0.7340,6.7676,<LOD,0.0000,0.0000,<LOD,1.7916,0.3696,7894.9722 , 44.2440,35.9648,<LOD,1.2949,0.6695,238.4644 , 12.3297,6.5091,<LOD,0.0000,0.2250,7.8164 , 0.5712,2.6795,24.1383 , 2.1664,0.6363,158.3654 , 1.1487,18.8123,7,395.600006,39.004333,-122.670723,10.000000,528510.625000,4317309.000000,
874,Mining,122.95,32.72,30.09,30.03,30.11,"Fri Apr 17, 2026 - 10:01:19",User,1.5,ppm,,,,,,Mining,,<LOD,1.1304,0.8742,150860.4688 , 1416.1014,3.2285,133.0950 , 2.6050,5.6745,<LOD,3.0547,0.1991,1681.5367 , 21.5450,46.4086,487895.2812 , 3265.5283,<LOD,1.5183,0.3341,402.3467 , 30.1299,1.2775,<LOD,1.7723,1.7172,<LOD,29.9671,0.5911,<LOD,31.8274,6.6161,116.1634 , 4.5218,4.4679,<LOD,3.1260,0.3446,12599.2207 , 75.6803,40.5132,<LOD,0.0000,0.0000,105.3758 , 3.3643,1.7082,6098.8057 , 67.7729,4.9808,5244.9053 , 1899.9305,0.0486,44.9473 , 16.3171,0.6811,<LOD,0.8559,6.4408,4.9419 , 0.4841,4.2924,<LOD,5.1988,0.3010,442.4249 , 85.5875,0.1873,8.1893 , 0.8809,0.4836,<LOD,1.0187,0.6353,51.2882 , 1.0962,3.7147,<LOD,0.0000,0.0000,8497.6094 , 70.7565,3.8803,251.0912 , 3.1342,13.5801,<LOD,0.7537,0.3102,317956.2500 , 632.3283,38.1957,12.2698 , 1.8197,4.5948,114.1462 , 0.8674,10.6651,<LOD,0.0000,0.0000,3.8075 , 0.7370,0.4784,7155.2915 , 42.7517,36.2456,<LOD,2.0849,0.9006,163.9675 , 10.9937,6.4389,<LOD,0.0000,0.2286,18.8235 , 0.6480,4.0322,12.9862 , 1.9079,0.5637,124.7833 , 1.0408,17.5414,7,395.600006,39.004333,-122.670723,10.000000,528511.250000,4317309.000000,
875,Mining,122.98,32.77,30.03,30.09,30.09,"Fri Apr 17, 2026 - 10:03:47",User,1.5,ppm,,,,,,Mining,,<LOD,1.1116,0.8574,148056.9219 , 1567.8455,3.1680,123.1928 , 2.5620,5.2045,<LOD,2.9941,0.1851,1589.3749 , 21.4392,43.8424,498068.3125 , 4065.3821,<LOD,1.5346,0.3304,439.5171 , 31.1584,1.3228,<LOD,1.7339,1.6673,<LOD,30.3662,0.6025,<LOD,30.3725,5.7372,116.2686 , 4.5431,4.3337,<LOD,3.0610,0.3188,11167.9600 , 76.3495,35.1096,<LOD,0.0000,0.0000,103.3665 , 3.3722,1.6517,6182.7100 , 69.7533,4.9284,<LOD,4353.4830,0.0429,20.5860 , 15.9550,0.6174,<LOD,0.8615,6.3463,4.6956 , 0.4862,4.2037,<LOD,5.3264,0.3191,457.7036 , 85.8100,0.1863,8.2404 , 0.8875,0.4752,<LOD,0.9884,0.6048,49.6461 , 1.0955,3.5502,<LOD,0.0000,0.0000,7644.6577 , 68.2035,3.4409,234.7988 , 3.0573,12.7504,<LOD,0.7348,0.2843,315922.1875 , 730.8991,36.9004,9.9838 , 1.7687,4.3766,117.5593 , 0.9050,10.7866,<LOD,0.0000,0.0000,4.0424 , 0.7519,0.4905,7113.3433 , 44.7763,34.8127,<LOD,1.9139,0.8749,166.4107 , 10.9851,6.1816,<LOD,0.0000,0.2089,18.0315 , 0.6466,3.8803,18.9695 , 2.0317,0.6178,121.6033 , 1.0629,17.0038,7,395.700012,39.004337,-122.670715,10.000000,528511.500000,4317309.500000,
876,Mining,120.44,30.06,30.12,30.15,28.31,"Fri Apr 17, 2026 - 10:06:29",User,1.5,ppm,,,,,,Mining,,<LOD,1.3973,0.7391,103829.1953 , 1611.8302,2.2719,206.7276 , 3.5223,6.3537,<LOD,3.9497,0.2009,1722.5206 , 26.3272,36.5191,489991.0312 , 3935.6118,<LOD,1.9300,0.3268,456.6133 , 46.4958,1.3598,<LOD,2.2044,1.4595,<LOD,35.6248,0.6168,<LOD,62.6049,21.9636,127.1658 , 7.0096,4.6346,4.3624 , 2.6653,0.3546,48554.7383 , 167.5902,138.2713,<LOD,0.0000,0.0000,165.5239 , 4.5582,1.9100,5293.7656 , 94.3387,4.1264,7109.6587 , 2771.9221,0.0584,<LOD,24.2939,0.5718,<LOD,0.9948,5.0546,3.8913 , 0.5422,3.1307,<LOD,8.0290,0.2913,345.8636 , 99.6350,0.1765,<LOD,1.2490,0.2873,<LOD,1.2300,0.5127,37.2452 , 1.0917,2.0751,<LOD,0.0000,0.0000,25788.8418 , 135.2529,10.3864,396.1570 , 4.3204,14.0758,<LOD,0.9324,0.2807,306507.0000 , 677.4127,33.9067,14.5756 , 2.3149,4.0471,33.4663 , 0.5800,2.8716,<LOD,0.0000,0.0000,1.8283 , 0.8474,0.2954,8994.2061 , 61.5830,38.5089,<LOD,1.6100,0.6843,271.0725 , 17.4135,6.9514,<LOD,0.0000,0.1971,6.9725 , 0.6089,2.0626,<LOD,2.9195,0.3609,137.5825 , 1.1787,13.0914,7,395.799988,39.004333,-122.670715,10.000000,528511.812500,4317309.000000,
877,Mining,120.28,30.14,30.06,30.01,30.07,"Fri Apr 17, 2026 - 10:08:58",User,1.5,ppm,,,,,,Mining,,<LOD,1.3310,0.7410,97075.5781 , 1415.1904,2.1312,182.9480 , 3.2423,5.9752,<LOD,3.3973,0.1636,1442.2085 , 24.0034,34.0648,525860.5000 , 3486.0603,<LOD,1.7768,0.3051,394.2017 , 42.0390,1.2463,<LOD,2.0882,1.4470,<LOD,34.1766,0.6590,<LOD,59.1391,20.8443,125.1532 , 6.4462,4.5387,<LOD,3.5353,0.3022,44581.5430 , 150.8359,132.1772,<LOD,0.0000,0.0000,100.0712 , 3.6245,1.3331,5180.1914 , 88.7598,4.1480,4790.1489 , 2474.4661,0.0547,<LOD,23.4176,0.5645,<LOD,0.9673,5.3654,3.9230 , 0.5257,3.3053,<LOD,7.5380,0.2858,298.2435 , 94.4780,0.1818,<LOD,1.2108,0.2996,<LOD,1.1539,0.4967,38.8272 , 1.0493,2.2285,<LOD,0.0000,0.0000,25355.8965 , 126.3730,10.5549,349.0515 , 4.0066,13.4419,<LOD,0.8423,0.2588,285652.6875 , 624.9440,32.0476,11.4797 , 2.1843,3.9507,26.5309 , 0.5131,2.4993,<LOD,0.0000,0.0000,2.1025 , 0.7966,0.3057,8143.0928 , 55.2555,36.0586,<LOD,1.3518,0.5386,239.7455 , 15.7062,6.4813,<LOD,0.0000,0.1861,4.5977 , 0.5755,2.0352,<LOD,2.4915,0.2887,141.2764 , 1.1567,14.1368,7,396.200012,39.004333,-122.670715,10.000000,528511.687500,4317309.000000,
878,Mining,120.67,30.24,30.21,30.11,30.11,"Fri Apr 17, 2026 - 10:13:29",User,1.5,ppm,,,,,,Mining,,<LOD,1.7402,0.6794,128064.8125 , 2042.3246,2.7615,34.5966 , 1.7172,1.3424,<LOD,2.9986,0.1128,357.3403 , 19.0363,15.9302,483020.5000 , 4940.1045,<LOD,1.4012,0.1691,38675.7031 , 245.8376,54.6822,<LOD,2.0207,1.1814,<LOD,39.0061,0.7061,<LOD,56.7365,15.9949,114.7286 , 6.2216,3.6393,13.2708 , 2.8017,0.3814,39221.8086 , 171.8569,102.9645,<LOD,0.0000,0.0000,10.6160 , 2.0438,0.3267,6610.0449 , 98.3077,5.0576,25877.7832 , 3532.4241,0.0901,472.6010 , 26.2111,1.3939,<LOD,0.9772,4.6825,3.6554 , 0.5432,3.0045,<LOD,7.4763,0.2772,1965.9572 , 167.6912,0.5529,8.5142 , 1.0023,0.3676,<LOD,1.1449,0.4257,29.6238 , 1.0061,1.7340,<LOD,0.0000,0.0000,16458.6816 , 112.8893,6.7210,7.8550 , 2.6130,3.9610,<LOD,0.7866,0.1975,252412.8594 , 699.2758,26.6579,12.0065 , 2.1066,3.1016,272.3035 , 1.5622,17.2081,<LOD,0.0000,0.0000,3.2436 , 0.7497,0.3287,6034.2847 , 48.7542,22.9389,2.3649 , 0.9757,0.5967,145.8227 , 13.4775,3.9709,<LOD,6.6809,0.2089,9.6030 , 0.6181,2.1100,57.7505 , 2.8689,0.7611,101.6281 , 1.1855,12.5771,5,396.700012,39.004341,-122.670715,10.000000,528511.625000,4317310.000000,
879,Mining,123.07,32.56,30.22,30.17,30.12,"Fri Apr 17, 2026 - 10:16:07",User,1.5,ppm,,,,,,Mining,,<LOD,1.4455,0.6312,137637.4844 , 2386.5632,2.9622,36.4832 , 1.9181,1.3039,<LOD,3.3384,0.1089,487.7224 , 21.1240,16.6342,420379.8438 , 6012.9893,<LOD,1.6462,0.1830,38556.6055 , 253.8048,50.0006,<LOD,2.1769,1.1305,<LOD,41.2391,0.6817,<LOD,62.2693,15.2961,118.9906 , 6.4648,3.4590,18.5678 , 3.1699,0.3833,40785.9961 , 194.8976,98.1223,<LOD,0.0000,0.0000,18.0866 , 2.4215,0.3663,6681.9082 , 101.2345,4.7359,33433.4102 , 3967.1641,0.1016,487.3221 , 28.6511,1.3212,<LOD,1.0871,4.4755,5.2396 , 0.6002,2.8387,<LOD,8.3689,0.2788,1188.9713 , 139.5055,0.3229,10.3424 , 1.1397,0.3720,<LOD,1.2720,0.4364,31.2523 , 1.1228,1.6744,<LOD,0.0000,0.0000,12663.3848 , 102.7927,4.8132,4.8212 , 2.8054,3.7552,<LOD,0.9321,0.2243,300659.8438 , 776.4753,30.2728,18.7853 , 2.3026,3.0938,298.9286 , 1.8008,17.1503,<LOD,0.0000,0.0000,2.7842 , 0.8559,0.3227,6109.3794 , 50.9710,21.3471,3.6851 , 1.1079,0.6009,162.8684 , 14.0106,3.7817,<LOD,7.4303,0.2025,10.5468 , 0.6819,2.0019,70.4049 , 3.3165,0.7974,116.3651 , 1.3609,12.7261,6,397.600006,39.004345,-122.670715,10.000000,528511.812500,4317310.500000,
880,Mining,120.09,30.06,30.06,30.15,29.82,"Fri Apr 17, 2026 - 10:18:52",User,1.5,ppm,,,,,,Mining,,<LOD,1.3695,0.6350,109706.4375 , 1990.9980,2.3754,10.9429 , 1.3108,0.6387,<LOD,3.1865,0.1161,381.7507 , 19.6899,15.9960,489287.7500 , 5064.4697,<LOD,1.3281,0.1382,33878.8477 , 210.5396,43.1099,<LOD,2.0933,1.1777,<LOD,39.2852,0.6443,<LOD,52.7486,11.6790,100.3355 , 5.5761,3.0839,12.7263 , 2.8695,0.3609,30695.7539 , 138.7876,73.5710,<LOD,0.0000,0.0000,10.1174 , 2.0995,0.3060,5819.6069 , 86.6036,4.0660,26562.3848 , 3452.8276,0.0831,430.7160 , 26.5013,1.1948,<LOD,1.0075,4.5711,2.6337 , 0.5478,2.7873,<LOD,7.2600,0.2615,577.1202 , 106.8969,0.1876,7.7010 , 0.9971,0.3310,<LOD,1.2058,0.4390,27.0594 , 1.0012,1.5561,<LOD,0.0000,0.0000,2812.4529 , 51.1239,1.2468,<LOD,6.3316,3.8497,<LOD,0.8292,0.1984,292759.3750 , 711.3837,28.1588,13.5020 , 2.1814,3.1013,242.5587 , 1.4560,14.6247,<LOD,0.0000,0.0000,2.1263 , 0.7189,0.2807,6225.3721 , 45.1202,21.4235,3.8354 , 1.0007,0.5740,155.2447 , 12.5803,3.7076,<LOD,7.3302,0.2272,8.1573 , 0.6114,1.8882,163.1867 , 4.2537,1.5095,102.2883 , 1.1820,11.6862,7,397.500000,39.004349,-122.670723,10.000000,528510.937500,4317310.500000,
881,Mining,120.09,30.12,30.15,30.04,29.78,"Fri Apr 17, 2026 - 10:21:45",User,1.5,ppm,,,,,,Mining,,<LOD,1.3451,0.6263,111695.6250 , 1987.1044,2.4167,10.9479 , 1.2664,0.6366,<LOD,2.9540,0.1058,366.2867 , 19.4897,15.9784,489386.9375 , 4983.6641,<LOD,1.3424,0.1502,32908.5117 , 209.3556,42.4696,<LOD,2.0737,1.1827,<LOD,38.8122,0.6304,<LOD,51.9044,12.0715,96.0648 , 5.5436,3.0601,8.9408 , 2.7083,0.3417,31097.4688 , 138.8226,75.8209,<LOD,0.0000,0.0000,7.3240 , 1.9586,0.2817,6144.0254 , 89.1306,4.3260,25946.6914 , 3428.0811,0.0823,451.0619 , 26.1604,1.2430,<LOD,0.9803,4.6119,4.3208 , 0.5432,2.9431,<LOD,6.9073,0.2394,649.5666 , 109.4834,0.1999,6.6805 , 0.9555,0.3230,<LOD,1.2136,0.4565,28.6089 , 0.9832,1.6209,<LOD,0.0000,0.0000,2961.7197 , 52.3478,1.3151,<LOD,6.4754,3.8896,<LOD,0.7891,0.1932,291283.7500 , 715.9980,28.4159,13.6229 , 2.1657,3.1301,235.7675 , 1.4072,14.4452,<LOD,0.0000,0.0000,2.5528 , 0.7264,0.3048,6294.0986 , 45.2185,21.8948,2.2418 , 0.9433,0.5422,143.3449 , 12.5435,3.7041,<LOD,6.9386,0.2165,7.7819 , 0.5958,1.9048,139.6678 , 3.9024,1.3512,106.3727 , 1.1687,12.0926,7,397.200012,39.004356,-122.670731,10.000000,528510.062500,4317311.500000,
882,Mining,123.01,32.76,30.04,30.13,30.08,"Fri Apr 17, 2026 - 10:25:20",User,1.5,ppm,,,,,,Mining,,<LOD,1.4790,0.5897,125232.5078 , 2292.3750,2.6892,<LOD,1.6176,0.3116,<LOD,3.0797,0.0937,384.8284 , 21.3232,14.8161,503186.0000 , 5624.5752,<LOD,1.3862,0.1309,38050.5547 , 241.4411,47.3749,<LOD,2.2532,1.0834,<LOD,45.6532,0.8638,<LOD,60.5488,14.5354,118.9565 , 6.5257,3.4355,10.3183 , 2.9605,0.3353,40100.1758 , 168.2166,92.6012,<LOD,0.0000,0.0000,<LOD,2.7513,0.1931,5920.2148 , 95.5813,4.0659,26483.7441 , 3703.3442,0.0872,527.5299 , 28.7762,1.3392,<LOD,1.0395,4.1609,3.5373 , 0.5851,2.7472,<LOD,8.8594,0.3544,4955.3813 , 246.4979,1.0896,7.0426 , 1.0329,0.3078,<LOD,1.2836,0.3955,26.2246 , 1.0228,1.4009,<LOD,0.0000,0.0000,8223.9492 , 81.0774,3.0737,<LOD,4.2938,3.3867,<LOD,0.8407,0.1810,240167.7969 , 672.2440,21.8683,17.6240 , 2.3771,2.9384,277.8640 , 1.6283,15.3591,<LOD,0.0000,0.0000,2.0525 , 0.7554,0.2695,5898.5186 , 48.4300,19.7265,3.1234 , 1.0248,0.5253,205.8893 , 14.1067,3.7433,<LOD,7.1635,0.1883,17.7612 , 0.7225,2.3078,74.8417 , 3.2993,0.7945,103.6130 , 1.2518,11.2136,5,401.200012,39.004372,-122.670700,10.000000,528512.625000,4317313.500000,
883,Mining,87.43,30.06,30.06,27.31,,"Fri Apr 17, 2026 - 10:27:18",User,1.5,ppm,,,,,,Mining,,<LOD,1.8332,0.6068,,,,<LOD,2.2636,0.3337,<LOD,3.3811,0.0863,432.2521 , 26.3861,15.2645,893037.1875 , 628.9362,<LOD,1.5957,0.1326,48794.9609 , 255.7909,53.9164,<LOD,2.7440,1.0688,,,,<LOD,65.8985,13.5968,143.8613 , 7.2345,3.4198,<LOD,7.9847,0.2990,42346.7539 , 132.1026,86.3805,<LOD,0.0000,0.0000,<LOD,3.1796,0.1970,7132.2837 , 110.3463,4.8461,,,,586.0753 , 31.9920,1.3161,<LOD,1.2069,4.2553,4.5617 , 0.6821,2.8374,<LOD,9.1796,0.2681,,,,8.6126 , 1.1886,0.3111,<LOD,1.6103,0.4180,26.3026 , 1.1761,1.4103,<LOD,0.0000,0.0000,,,,<LOD,5.2925,3.4356,<LOD,0.9283,0.1681,,,,23.9854 , 2.9470,3.0401,305.2228 , 1.7563,15.9084,<LOD,0.0000,0.0000,4.3193 , 0.9083,0.3122,6744.6577 , 51.8163,20.9092,4.7054 , 1.2064,0.5556,188.3176 , 15.5590,3.6993,<LOD,8.3295,0.1965,19.6483 , 0.8387,2.3830,86.4274 , 3.7574,0.7933,109.8824 , 1.4196,11.4930,5,402.600006,39.004341,-122.670670,10.000000,528515.562500,4317310.000000,
884,Mining,122.81,32.56,30.12,30.06,30.07,"Fri Apr 17, 2026 - 10:29:45",User,1.5,ppm,,,,,,Mining,,<LOD,1.4466,0.6003,132032.8438 , 2349.9719,2.8381,<LOD,1.5202,0.2753,<LOD,3.0194,0.0936,394.5745 , 20.8414,15.1471,439539.9062 , 5806.8955,<LOD,1.3866,0.1357,43474.1172 , 265.0955,55.1172,<LOD,2.1826,1.0786,<LOD,41.3406,0.6858,<LOD,57.8669,13.2048,114.1866 , 6.4158,3.2579,8.2291 , 2.8547,0.3223,35929.5000 , 170.1078,83.8545,<LOD,0.0000,0.0000,<LOD,3.1108,0.2029,6978.4766 , 102.9902,4.8346,33256.6562 , 3847.9775,0.0961,648.2622 , 30.6292,1.5076,<LOD,1.0194,4.2896,5.1709 , 0.5746,2.8546,<LOD,8.2691,0.3163,824.4039 , 127.5061,0.2613,6.2971 , 0.9990,0.2981,<LOD,1.2658,0.4096,26.0687 , 1.0046,1.4068,<LOD,0.0000,0.0000,647.5901 , 33.8855,0.4943,<LOD,4.1613,3.3702,<LOD,0.8084,0.1711,299186.8125 , 758.7365,29.0791,16.9943 , 2.3124,2.9581,280.2525 , 1.6702,15.9466,<LOD,0.0000,0.0000,2.1613 , 0.7555,0.2797,6254.4644 , 50.9872,21.0843,<LOD,2.3207,0.5046,174.6811 , 14.2092,3.7534,<LOD,7.1802,0.1964,17.5960 , 0.7138,2.3337,78.8272 , 3.3354,0.8383,101.9472 , 1.2495,11.4196,5,403.200012,39.004440,-122.670815,10.000000,528502.937500,4317321.000000,
885,Mining,120.49,30.11,30.07,30.07,30.24,"Fri Apr 17, 2026 - 10:33:02",User,1.5,ppm,,,,,,Mining,,<LOD,1.6166,0.6102,135078.2812 , 2658.7229,2.8958,<LOD,1.7088,0.2739,<LOD,3.5508,0.1069,489.1161 , 23.6873,16.0525,416370.9375 , 6772.0713,<LOD,1.5944,0.1484,45620.4766 , 269.1001,54.0169,<LOD,2.4149,1.0678,<LOD,43.8493,0.6775,<LOD,62.7799,13.1194,125.6442 , 6.5885,3.2552,13.2967 , 3.1880,0.3337,38056.5352 , 184.2014,82.2841,<LOD,0.0000,0.0000,<LOD,5.0407,0.2259,6515.7051 , 98.8507,4.2680,35763.6367 , 4176.7944,0.0986,551.6367 , 30.8975,1.2926,<LOD,1.6651,4.2414,6.7024 , 0.6386,2.7933,<LOD,8.9978,0.3088,1259.4313 , 146.6343,0.3144,10.0004 , 1.1678,0.3366,<LOD,1.4887,0.4654,28.3970 , 1.1134,1.4189,<LOD,0.0000,0.0000,722.4871 , 35.7382,0.4867,<LOD,4.6414,3.3820,<LOD,0.9512,0.1958,311744.0000 , 782.1132,28.6653,17.3085 , 2.5887,3.0170,319.0057 , 1.9001,16.6068,<LOD,0.0000,0.0000,4.0692 , 0.8854,0.3243,6809.2056 , 52.4091,21.0938,2.9808 , 1.1106,0.5268,204.0013 , 14.6407,3.7905,<LOD,8.5913,0.2338,20.1502 , 0.7881,2.3422,143.1916 , 4.4064,1.2089,123.8484 , 1.4357,12.2652,6,407.000000,39.004410,-122.670700,10.000000,528512.625000,4317317.500000,
886,Mining,122.87,32.74,30.03,30.04,30.06,"Fri Apr 17, 2026 - 10:35:49",User,1.5,ppm,,,,,,Mining,,<LOD,1.6251,0.5862,133871.1406 , 2720.9414,2.8707,<LOD,1.6521,0.2546,<LOD,3.4127,0.0986,532.3601 , 24.1196,16.0122,401879.1250 , 7028.2358,<LOD,1.5945,0.1491,44714.4844 , 265.0188,51.2083,<LOD,2.4285,1.0253,<LOD,44.5760,0.6926,<LOD,61.6618,12.6938,128.1415 , 6.5658,3.1386,21.0248 , 3.3044,0.3603,37971.7148 , 181.9804,79.5671,<LOD,0.0000,0.0000,<LOD,4.9308,0.2202,6471.9741 , 98.6704,4.1125,38602.5078 , 4259.2959,0.1027,569.7249 , 30.7284,1.2826,<LOD,1.5232,4.1114,7.8195 , 0.6387,2.8080,<LOD,8.5890,0.2718,1070.1908 , 134.3127,0.2602,9.0798 , 1.1367,0.3199,<LOD,1.4942,0.4456,30.5379 , 1.1244,1.4604,<LOD,0.0000,0.0000,820.2855 , 36.3248,0.5037,<LOD,4.6894,3.2850,<LOD,0.9702,0.2106,325799.0625 , 781.8026,29.3270,18.4510 , 2.6187,2.9443,324.3759 , 1.8940,16.3700,<LOD,0.0000,0.0000,3.3611 , 0.8706,0.3087,6730.4619 , 52.4035,20.3122,3.4093 , 1.1049,0.5239,173.6636 , 14.3919,3.5387,<LOD,9.1367,0.2177,22.1657 , 0.7962,2.3995,100.0751 , 3.8013,0.9050,124.8372 , 1.4200,12.0028,5,405.899994,39.004349,-122.670532,10.000000,528527.375000,4317311.000000,
887,Mining,123.05,32.64,30.24,30.08,30.09,"Fri Apr 17, 2026 - 10:39:45",User,1.5,ppm,,,,,,Mining,,<LOD,1.3861,0.6636,125023.0000 , 2094.2163,2.6938,<LOD,1.4456,0.2873,<LOD,3.0017,0.1090,386.1056 , 19.7853,16.4684,453883.3750 , 5278.2197,<LOD,1.3075,0.1422,38593.4531 , 226.6141,50.3442,<LOD,2.0697,1.1650,<LOD,38.4766,0.6426,<LOD,50.2711,10.9868,118.7353 , 5.5961,3.2591,9.2943 , 2.7383,0.3476,28501.2676 , 139.9334,69.4854,<LOD,0.0000,0.0000,4.7806 , 1.9073,0.2635,6208.0513 , 87.4304,4.4343,32648.6992 , 3547.9304,0.0938,422.9072 , 25.9815,1.1886,<LOD,0.9847,4.6016,4.8952 , 0.5517,3.0192,<LOD,7.1512,0.2825,1005.6832 , 125.0560,0.2797,6.7933 , 0.9640,0.3275,<LOD,1.2191,0.4576,22.3740 , 0.9278,1.3836,<LOD,0.0000,0.0000,372.2814 , 29.4300,0.3966,<LOD,3.9523,3.6587,<LOD,0.7925,0.1932,305594.5625 , 743.8232,30.6261,14.9513 , 2.1941,3.2035,280.8074 , 1.5892,17.3161,<LOD,0.0000,0.0000,4.0321 , 0.7429,0.3364,6551.8735 , 46.3203,22.8228,2.7922 , 0.9749,0.5793,134.2035 , 12.4231,3.7748,<LOD,6.9315,0.2154,11.0095 , 0.6179,2.0642,84.3327 , 3.2627,0.9412,109.7325 , 1.2225,12.9900,7,413.299988,39.004345,-122.670792,10.000000,528505.312500,4317310.500000,
888,Mining,120.20,30.00,30.04,30.10,30.06,"Fri Apr 17, 2026 - 10:42:47",User,1.5,ppm,,,,,,Mining,,<LOD,1.3570,0.6468,106679.3906 , 1864.3875,2.3154,<LOD,2.4631,0.3655,<LOD,2.8171,0.0971,361.4292 , 19.3451,15.9663,491840.9062 , 4806.0396,<LOD,1.2647,0.1342,30351.9707 , 199.8292,40.1966,<LOD,2.0592,1.1804,<LOD,37.9351,0.6592,<LOD,52.6895,12.6150,109.9889 , 5.5852,3.2831,23.8897 , 3.0496,0.4364,32246.3027 , 141.9672,80.9537,<LOD,0.0000,0.0000,<LOD,2.6287,0.2155,5917.6733 , 87.2693,4.2828,29402.6133 , 3382.1287,0.0877,479.6113 , 26.7859,1.3259,<LOD,0.9757,4.6134,4.2512 , 0.5453,3.0039,<LOD,7.2016,0.2705,909.5844 , 120.4132,0.2676,6.3426 , 0.9435,0.3174,<LOD,1.1936,0.4461,21.3931 , 0.8998,1.3309,<LOD,0.0000,0.0000,525.8495 , 30.9556,0.4636,<LOD,3.9384,3.7548,<LOD,0.7360,0.1660,293938.0938 , 703.9636,29.3231,14.4993 , 2.1540,3.1380,232.6088 , 1.4057,14.5920,<LOD,0.0000,0.0000,2.2192 , 0.6948,0.2857,6576.9727 , 45.2594,23.4017,2.1607 , 0.9221,0.5260,154.9626 , 12.6254,3.9566,<LOD,6.9604,0.2195,8.2805 , 0.5903,1.8970,84.3042 , 3.2663,0.9533,104.6977 , 1.1690,12.2116,6,412.700012,39.004341,-122.670776,10.000000,528506.000000,4317310.000000,
889,Mining,120.48,30.18,30.13,30.08,28.00,"Fri Apr 17, 2026 - 10:49:03",User,1.5,ppm,,,,,,Mining,,<LOD,1.5659,0.5943,129492.3047 , 2867.8970,2.7953,<LOD,1.6687,0.2550,<LOD,3.4590,0.0989,493.6415 , 23.1079,15.8657,400696.0000 , 7192.7524,<LOD,1.5425,0.1360,42197.2891 , 262.6160,48.8537,<LOD,2.3580,1.0596,<LOD,49.5664,0.7024,<LOD,62.0056,12.3660,120.3024 , 6.2860,3.0577,13.6168 , 3.2008,0.3294,37263.6406 , 192.2424,79.3238,<LOD,0.0000,0.0000,5.7707 , 2.2102,0.2430,10742.8594 , 121.3483,6.6056,31850.6602 , 4646.9067,0.0992,499.0146 , 30.3197,1.2036,<LOD,1.2699,4.1444,6.4673 , 0.6419,2.7516,<LOD,8.5526,0.2606,1013.0546 , 149.0562,0.2605,8.2991 , 1.1429,0.3153,<LOD,1.4661,0.4697,44.2889 , 1.3128,2.0050,<LOD,0.0000,0.0000,18634.1230 , 139.3761,6.3008,<LOD,4.5586,3.4270,<LOD,0.9653,0.2023,319715.5625 , 846.6944,29.7847,16.2690 , 2.5140,2.9529,292.5248 , 1.8473,15.1203,<LOD,0.0000,0.0000,4.4220 , 0.8802,0.3232,6493.7036 , 50.9614,19.8213,4.6080 , 1.1503,0.5509,177.5632 , 13.8543,3.4919,<LOD,8.0855,0.2030,18.4509 , 0.8043,2.3601,75.9381 , 3.5332,0.7629,119.6310 , 1.4198,11.6363,7,408.700012,39.004536,-122.671059,10.000000,528482.000000,4317331.500000,
890,Mining,122.93,32.79,30.03,30.04,30.07,"Fri Apr 17, 2026 - 10:51:33",User,1.5,ppm,,,,,,Mining,,<LOD,1.5194,0.6275,144276.8594 , 2715.4072,3.0956,<LOD,1.6221,0.2722,<LOD,3.3150,0.1024,452.8884 , 21.9736,15.9587,391175.0312 , 6730.1147,<LOD,1.5292,0.1502,44523.4688 , 267.0609,53.3393,<LOD,2.2884,1.1238,<LOD,45.4965,0.6987,<LOD,58.0450,11.8654,127.8714 , 6.2168,3.1887,16.6358 , 3.1302,0.3531,34035.1875 , 178.7815,74.8446,<LOD,0.0000,0.0000,3.4735 , 2.0509,0.2317,10926.5996 , 120.0883,6.9518,33731.2148 , 4212.1865,0.0990,582.5099 , 30.5353,1.3339,<LOD,1.0690,4.1016,5.4476 , 0.6061,2.7571,<LOD,8.1999,0.2811,934.2546 , 139.3717,0.2681,9.4561 , 1.1054,0.3322,<LOD,1.3849,0.4677,43.0594 , 1.2466,2.0346,<LOD,0.0000,0.0000,6205.6514 , 77.0345,2.3137,<LOD,4.3424,3.4640,<LOD,0.8876,0.1882,325838.8438 , 827.8711,31.1809,17.2511 , 2.4136,3.0507,301.8745 , 1.8285,16.3155,<LOD,0.0000,0.0000,1.8131 , 0.8247,0.2993,6405.8232 , 50.2024,20.2140,3.4456 , 1.0869,0.5535,169.3928 , 13.5253,3.5393,<LOD,7.7454,0.2087,19.1259 , 0.7767,2.4797,84.7495 , 3.5215,0.8491,108.0080 , 1.3267,11.4721,7,408.700012,39.004532,-122.671051,10.000000,528482.687500,4317331.000000,
891,Mining,122.82,32.50,30.07,30.14,30.11,"Fri Apr 17, 2026 - 10:53:59",User,1.5,ppm,,,,,,Mining,,<LOD,1.6125,0.6227,89337.1875 , 1942.2197,1.9657,<LOD,1.6237,0.2557,<LOD,3.2480,0.0908,420.5723 , 23.0084,15.2808,457150.9688 , 5387.8218,<LOD,1.4978,0.1336,37592.3711 , 249.6409,45.0881,<LOD,2.3976,1.0807,<LOD,38.7865,0.5910,<LOD,65.1668,15.0017,127.2266 , 7.0428,3.4555,16.4433 , 3.2376,0.3521,42894.8555 , 169.2584,95.1943,<LOD,0.0000,0.0000,8.4851 , 2.2242,0.2604,9794.4482 , 125.3382,6.2512,23263.4902 , 3708.4385,0.0809,568.8107 , 30.7023,1.3624,<LOD,1.1166,4.1668,5.1527 , 0.6293,2.7577,<LOD,8.8614,0.2780,1059.8304 , 132.3938,0.2805,6.9049 , 1.0996,0.3041,<LOD,1.4468,0.4490,39.0836 , 1.2197,1.8116,<LOD,0.0000,0.0000,15737.0410 , 109.3437,5.4979,<LOD,4.5970,3.4107,<LOD,0.8994,0.1816,315209.9375 , 704.4446,29.9128,20.9475 , 2.5709,3.0532,278.2787 , 1.6685,14.6375,<LOD,0.0000,0.0000,3.8116 , 0.8460,0.3070,6055.8730 , 50.6627,19.3755,2.3923 , 1.0942,0.5168,158.1239 , 14.6055,3.4323,<LOD,7.8396,0.1982,20.3333 , 0.8019,2.4642,120.9480 , 4.0935,1.0722,106.4934 , 1.3133,10.8674,7,408.799988,39.004532,-122.671043,10.000000,528483.000000,4317331.000000,
892,Mining,124.68,34.51,30.02,30.07,30.08,"Fri Apr 17, 2026 - 10:56:31",User,1.5,ppm,,,,,,Mining,,<LOD,3.6620,0.6583,307491.2500 , 2265.8125,2.2338,<LOD,0.0139,0.0000,<LOD,0.3028,0.0007,1126.3690 , 48.3682,15.8787,1750.4883,,<LOD,0.0851,0.0004,74253.4844 , 1406.2601,38.8622,<LOD,4.3690,1.1492,<LOD,92.0010,0.6536,43.4328 , 3.9370,0.0777,227.3870 , 16.9346,3.4262,<LOD,1.4926,0.0291,<LOD,13.9103,0.1890,<LOD,0.0000,0.0000,<LOD,0.4508,0.0025,17114.8984 , 381.7812,5.8508,49524.5391 , 6684.5972,0.0847,610.1751 , 34.1820,0.7746,<LOD,0.0044,0.0000,<LOD,0.0038,0.0000,<LOD,3.8610,0.0455,2813.6143 , 302.9845,0.3129,<LOD,0.0150,-0.0000,<LOD,2.5758,0.4491,<LOD,0.0123,-0.0001,<LOD,0.0000,0.0000,55381.9375 , 952.5558,11.3964,<LOD,8.2384,3.5179,<LOD,0.0765,0.0008,478292.1250 , 3902.2878,36.4026,35.2159 , 4.5825,3.0904,<LOD,0.0083,0.0001,<LOD,0.0000,0.0000,<LOD,0.0446,0.0001,11017.1113 , 273.6212,18.0670,<LOD,0.0371,0.0001,317.9683 , 33.2966,3.3003,<LOD,1.9576,0.0108,<LOD,0.0018,-0.0000,<LOD,0.6957,0.0120,<LOD,0.0046,-0.0000,6,408.700012,39.004532,-122.671043,10.000000,528483.312500,4317331.000000,
893,Mining,120.42,30.04,30.10,30.17,28.91,"Fri Apr 17, 2026 - 10:59:16",User,1.5,ppm,,,,,,Mining,,<LOD,1.4439,0.6523,148753.3438 , 2735.7795,3.2065,<LOD,1.5289,0.2640,<LOD,3.3642,0.1209,438.8179 , 21.1617,16.9697,371383.0312 , 6726.9888,<LOD,1.4671,0.1584,42841.4922 , 278.1073,55.5770,<LOD,2.1631,1.1500,<LOD,47.1914,0.7176,<LOD,56.0082,12.5138,117.5352 , 5.9833,3.3197,20.4407 , 3.0972,0.3958,32731.8691 , 195.5237,78.3013,<LOD,0.0000,0.0000,6.7289 , 2.0684,0.2769,9255.5352 , 110.3665,6.3734,39566.8398 , 4618.3286,0.1181,489.1691 , 28.3041,1.2899,1.0852 , 0.7006,4.5875,5.2180 , 0.5840,2.9363,<LOD,7.7344,0.2797,1185.1693 , 160.6969,0.3482,9.2470 , 1.0774,0.3610,<LOD,1.3224,0.4914,41.6894 , 1.2028,2.1505,<LOD,0.0000,0.0000,23111.3848 , 159.5331,8.6682,<LOD,4.1373,3.6006,<LOD,0.9044,0.2257,323106.0312 , 924.1759,33.9899,16.8098 , 2.3167,3.2421,300.3038 , 1.8852,17.7825,<LOD,0.0000,0.0000,4.0043 , 0.8268,0.3634,6232.6973 , 51.4852,21.5761,2.3779 , 1.0429,0.5833,174.5311 , 13.2492,3.8380,<LOD,7.3245,0.2137,19.6322 , 0.7589,2.7079,73.2494 , 3.2626,0.8325,111.7861 , 1.3374,12.8066,8,408.899994,39.004532,-122.671043,10.000000,528483.125000,4317331.000000,
894,Mining,120.11,30.21,30.07,30.10,29.73,"Fri Apr 17, 2026 - 11:01:43",User,1.5,ppm,,,,,,Mining,,<LOD,1.3577,0.6395,150012.0000 , 2464.0459,3.2336,<LOD,1.3941,0.2577,3.5843 , 2.1582,0.1260,383.0252 , 20.1890,17.0137,383069.9062 , 5929.5352,<LOD,1.3696,0.1610,43347.4922 , 274.5414,60.3794,<LOD,2.1131,1.2298,<LOD,43.6836,0.7240,<LOD,54.8474,14.3049,125.7211 , 6.0118,3.6235,19.6739 , 2.9187,0.4106,35291.9570 , 195.5815,90.3646,<LOD,0.0000,0.0000,10.8054 , 2.0957,0.3371,9173.9990 , 109.4327,6.7799,36491.6172 , 4226.5283,0.1127,498.5220 , 26.8593,1.3890,<LOD,0.9827,4.6563,5.4103 , 0.5550,3.0944,<LOD,7.4279,0.2903,1106.3116 , 143.3954,0.3243,7.3144 , 0.9783,0.3465,<LOD,1.2594,0.4957,38.7597 , 1.1208,2.1574,<LOD,0.0000,0.0000,19692.0664 , 139.3840,7.9489,<LOD,4.0014,3.7582,<LOD,0.8481,0.2178,313892.8750 , 878.3392,34.9501,12.0423 , 2.2175,3.2830,286.9402 , 1.7377,17.9955,<LOD,0.0000,0.0000,3.6383 , 0.7684,0.3638,6161.6899 , 49.8502,22.7053,3.4992 , 1.0067,0.6318,167.9277 , 13.0535,4.0033,<LOD,7.1158,0.2358,16.3876 , 0.6895,2.6018,71.7432 , 3.0795,0.8660,105.0631 , 1.2360,12.8703,5,409.200012,39.004539,-122.671043,10.000000,528483.312500,4317332.000000,
895,Mining,120.22,30.03,30.01,30.07,30.11,"Fri Apr 17, 2026 - 11:04:18",User,1.5,ppm,,,,,,Mining,,<LOD,1.4030,0.6954,125172.4453 , 2171.8403,2.7191,<LOD,1.5147,0.3011,<LOD,2.9560,0.1023,422.0431 , 20.0736,17.3558,390363.7188 , 5667.8379,<LOD,1.3983,0.1586,31309.5430 , 211.0726,41.6819,<LOD,2.0534,1.1639,<LOD,41.6892,0.6908,<LOD,54.3907,13.0181,100.2146 , 5.3474,3.1833,23.2906 , 3.1074,0.4379,32756.6309 , 168.1231,82.6511,<LOD,0.0000,0.0000,20.4079 , 2.3651,0.4170,7410.9717 , 94.6264,5.2645,36999.5156 , 3915.4231,0.1068,437.1124 , 26.6940,1.2688,<LOD,1.1965,4.7793,4.9312 , 0.5713,3.1076,<LOD,7.8705,0.3355,1263.3975 , 142.3875,0.3362,8.2557 , 1.0276,0.3631,<LOD,1.2720,0.5120,38.8343 , 1.1409,2.1386,<LOD,0.0000,0.0000,10701.9238 , 96.4142,4.1706,<LOD,3.9754,3.7790,<LOD,0.8288,0.2112,357440.1562 , 854.7570,38.6374,10.9851 , 2.1879,3.2342,276.5430 , 1.6584,17.3442,<LOD,0.0000,0.0000,3.5391 , 0.7834,0.3583,4871.9775 , 40.3337,17.5943,2.7587 , 1.0322,0.6271,144.6801 , 11.1391,3.2137,<LOD,7.3569,0.2369,20.7846 , 0.7441,2.8985,84.9451 , 3.3526,0.9688,110.4163 , 1.2619,13.1537,6,409.200012,39.004536,-122.671036,10.000000,528483.750000,4317331.500000,
896,Mining,122.90,32.59,30.17,30.08,30.06,"Fri Apr 17, 2026 - 11:06:49",User,1.5,ppm,,,,,,Mining,,<LOD,1.5263,0.5931,90473.2578 , 1868.4446,1.9995,<LOD,1.6506,0.2643,<LOD,3.4645,0.1063,464.8720 , 22.6503,16.0140,416121.5312 , 5146.7896,<LOD,1.5298,0.1429,29168.0234 , 225.6344,35.9170,<LOD,2.3851,1.1534,<LOD,40.0867,0.6391,<LOD,66.8583,16.7720,104.8535 , 6.8933,3.3602,28.9275 , 3.5047,0.4244,47437.9453 , 179.0223,109.3900,<LOD,0.0000,0.0000,18.1251 , 2.4899,0.3464,10354.6416 , 130.3712,6.7038,18410.7266 , 3488.8652,0.0718,411.6130 , 27.9552,1.1996,<LOD,1.5605,4.3656,5.5362 , 0.6264,2.7838,<LOD,9.0388,0.2863,1115.7722 , 132.4413,0.2849,8.9453 , 1.1389,0.3351,<LOD,1.4133,0.4582,43.0046 , 1.2663,2.0064,<LOD,0.0000,0.0000,11417.8047 , 94.4828,4.1130,<LOD,4.5502,3.6238,<LOD,0.9091,0.1861,367117.5000 , 735.2111,37.0893,20.4361 , 2.5043,3.0949,269.2850 , 1.6391,14.4648,<LOD,0.0000,0.0000,1.8256 , 0.8287,0.2869,6584.0098 , 52.6977,21.8334,3.1112 , 1.1187,0.5506,179.5885 , 15.2732,3.8647,<LOD,7.8965,0.2066,16.7603 , 0.7764,2.3443,102.8108 , 3.8557,0.9764,119.1329 , 1.3537,11.7809,7,410.500000,39.004612,-122.670982,10.000000,528488.625000,4317340.000000,
897,Mining,122.86,32.51,30.05,30.10,30.20,"Fri Apr 17, 2026 - 11:09:21",User,1.5,ppm,,,,,,Mining,,<LOD,1.4638,0.6245,123529.1953 , 2304.4851,2.6611,<LOD,1.4820,0.2430,<LOD,3.1335,0.1007,424.9917 , 21.0174,15.7516,447768.6562 , 5873.1187,<LOD,1.3749,0.1339,42436.2656 , 253.4451,53.3979,<LOD,2.1755,1.0838,<LOD,40.8273,0.6587,<LOD,56.5499,12.4494,120.4623 , 6.1905,3.2977,12.1760 , 2.9493,0.3457,34001.2617 , 163.2119,78.8675,<LOD,0.0000,0.0000,<LOD,4.4887,0.2298,9581.6387 , 113.1099,6.4144,35364.0859 , 3925.1448,0.0991,524.6315 , 28.8253,1.3150,<LOD,1.0558,4.4685,6.0000 , 0.5895,2.9043,<LOD,7.6764,0.2570,681.0577 , 111.7840,0.1995,6.9765 , 1.0323,0.3192,<LOD,1.3049,0.4436,43.3487 , 1.2122,2.1441,<LOD,0.0000,0.0000,5133.0889 , 66.8036,2.0444,<LOD,4.1642,3.4151,<LOD,0.8722,0.2036,293328.1562 , 751.6169,28.3926,15.5028 , 2.3124,2.9976,299.0563 , 1.7282,17.0477,<LOD,0.0000,0.0000,3.5998 , 0.7872,0.3224,6270.1724 , 49.0119,20.9741,2.7455 , 1.0445,0.5675,184.9117 , 13.6689,3.7768,<LOD,7.7036,0.2278,10.9422 , 0.6883,2.1333,135.9158 , 4.0747,1.2524,115.1480 , 1.3127,12.5964,7,405.299988,39.004734,-122.670906,10.000000,528495.187500,4317353.500000,
898,Mining,120.01,30.08,30.04,30.06,29.83,"Fri Apr 17, 2026 - 11:11:41",User,1.5,ppm,,,,,,Mining,,<LOD,1.5762,0.6397,135250.5156 , 2552.5000,2.9049,<LOD,1.6283,0.2596,<LOD,3.2535,0.0943,477.0015 , 22.8690,16.4508,424591.5312 , 6313.1562,<LOD,1.4821,0.1353,41992.1094 , 247.9413,51.2102,<LOD,2.3658,1.1354,<LOD,44.3708,0.6857,<LOD,61.6049,13.2859,129.7520 , 6.0669,3.2374,9.1546 , 3.0501,0.3221,38167.8164 , 181.6386,85.6109,<LOD,0.0000,0.0000,13.4975 , 2.3680,0.3101,9494.6338 , 110.2570,6.1847,27570.7129 , 3977.5557,0.0872,533.8304 , 30.2037,1.3043,<LOD,1.1172,4.2870,5.6194 , 0.6206,2.7586,<LOD,8.5400,0.2804,853.3654 , 126.3911,0.2276,8.5627 , 1.1216,0.3280,<LOD,1.4218,0.4665,42.7580 , 1.2790,2.0430,<LOD,0.0000,0.0000,5014.0415 , 69.5105,1.9494,<LOD,4.5094,3.5333,<LOD,0.8878,0.1816,308769.3438 , 785.0765,29.3554,16.9314 , 2.5038,3.1068,297.2388 , 1.8002,16.0976,<LOD,0.0000,0.0000,3.1492 , 0.8328,0.3065,6319.4209 , 47.7157,20.3234,4.7792 , 1.1518,0.5934,180.6555 , 13.2369,3.6133,<LOD,7.9902,0.2131,11.4073 , 0.7266,2.0582,120.8220 , 4.0848,1.0982,121.3735 , 1.3981,12.3444,7,400.899994,39.004532,-122.670990,10.000000,528487.625000,4317331.000000,
899,Mining,120.47,30.25,30.01,30.03,28.98,"Fri Apr 17, 2026 - 11:14:13",User,1.5,ppm,,,,,,Mining,,<LOD,1.5173,0.6315,129858.6719 , 2555.8098,2.7910,<LOD,1.5574,0.2564,<LOD,3.3969,0.1145,441.1864 , 22.0971,16.2797,433842.0938 , 6376.5444,<LOD,1.4079,0.1352,42262.1875 , 260.8905,51.0545,<LOD,2.2893,1.1323,<LOD,44.0650,0.6702,<LOD,56.5986,11.9850,129.3652 , 6.4838,3.2769,10.1402 , 2.9351,0.3294,33595.2695 , 166.0443,74.9378,<LOD,0.0000,0.0000,<LOD,5.0058,0.2340,9694.1963 , 117.5213,6.2591,34087.5859 , 4141.8213,0.0971,542.4595 , 29.2967,1.3020,<LOD,1.0606,4.3225,5.7960 , 0.5885,2.7756,<LOD,8.1024,0.2962,663.0176 , 123.7637,0.2113,9.5630 , 1.0909,0.3436,<LOD,1.3804,0.4689,44.8054 , 1.2277,2.1197,<LOD,0.0000,0.0000,4875.8647 , 68.6065,1.8826,<LOD,4.4098,3.6350,<LOD,0.9113,0.2109,302537.8750 , 790.7112,28.4086,15.9979 , 2.4320,3.1271,312.4525 , 1.7936,17.1389,<LOD,0.0000,0.0000,3.2647 , 0.7976,0.3150,6580.6592 , 51.3748,20.9937,1.8896 , 1.0445,0.5459,200.0280 , 14.3661,3.7864,<LOD,7.9866,0.2356,11.0734 , 0.6948,2.0905,154.0974 , 4.2953,1.3371,120.4216 , 1.3465,12.6189,7,405.899994,39.004581,-122.671066,10.000000,528480.812500,4317336.500000,
900,Mining,122.82,32.52,30.04,30.14,30.12,"Fri Apr 17, 2026 - 11:18:15",User,1.5,ppm,,,,,,Mining,,<LOD,1.2366,0.7173,126974.7578 , 1749.6519,2.7311,4.4261 , 1.2314,0.6357,<LOD,2.6752,0.1051,552.7765 , 19.1237,22.1315,471354.9375 , 4505.3838,<LOD,1.2793,0.1652,1009.4217 , 49.9570,2.0328,<LOD,1.9314,1.3893,<LOD,32.7929,0.5509,<LOD,47.7316,11.9263,125.0012 , 5.1718,3.7428,10.9054 , 2.7039,0.4073,27315.4219 , 126.4243,75.9964,<LOD,0.0000,0.0000,<LOD,3.1021,0.2531,11940.3516 , 113.7409,8.2784,29694.7715 , 2926.3342,0.0863,281.0926 , 22.7162,1.0843,<LOD,0.9302,5.1902,6.0513 , 0.5291,3.4965,<LOD,7.5100,0.4126,502.2354 , 91.8959,0.1712,17.0711 , 1.1167,0.5397,<LOD,1.1457,0.5537,46.1587 , 1.1070,2.7143,<LOD,0.0000,0.0000,2691.7944 , 46.3256,1.2709,<LOD,3.7401,4.5581,<LOD,0.7411,0.2085,323148.6250 , 715.1505,33.7933,9.5365 , 2.0275,3.7509,48.6238 , 0.6301,3.9296,<LOD,0.0000,0.0000,5.6556 , 0.7567,0.4439,3928.1372 , 34.5170,15.9509,1.9443 , 0.7845,0.4601,124.4649 , 9.8205,3.0527,<LOD,6.9060,0.2573,6.9652 , 0.5994,2.3241,96.1270 , 3.3014,1.1624,102.7490 , 1.0160,11.3740,9,405.700012,39.004570,-122.671066,10.000000,528481.000000,4317335.000000,
901,Mining,122.70,32.58,30.02,30.09,30.01,"Fri Apr 17, 2026 - 11:20:39",User,1.5,ppm,,,,,,Mining,,<LOD,1.2777,0.7358,130305.8047 , 1841.2855,2.7978,6.0282 , 1.2956,0.7007,<LOD,2.7908,0.1121,560.9695 , 19.5542,22.1306,466943.8125 , 4757.8555,<LOD,1.2661,0.1588,979.3739 , 48.6499,2.0091,<LOD,1.9627,1.3720,<LOD,33.0824,0.5374,<LOD,48.1683,11.9773,118.7449 , 4.9710,3.6409,16.4105 , 2.8224,0.4364,27671.1035 , 130.1702,76.0644,<LOD,0.0000,0.0000,<LOD,3.9513,0.2656,12156.3291 , 111.8132,8.3347,33677.6445 , 3084.7788,0.0932,291.5314 , 22.9953,1.0939,<LOD,0.9452,5.2739,6.9288 , 0.5353,3.5172,<LOD,7.3571,0.3779,527.0847 , 94.3684,0.1764,18.9443 , 1.1579,0.5693,<LOD,1.1783,0.5621,47.6862 , 1.1234,2.7454,<LOD,0.0000,0.0000,3829.2495 , 53.6141,1.6549,<LOD,3.8017,4.4907,<LOD,0.7961,0.2403,318873.9688 , 731.4689,32.8427,10.2062 , 2.0731,3.7630,52.6674 , 0.6555,4.1522,<LOD,0.0000,0.0000,6.4722 , 0.7652,0.4539,3562.0405 , 32.4762,14.3974,1.4026 , 0.7831,0.4493,123.2695 , 9.2565,2.8497,<LOD,7.0113,0.2609,6.5892 , 0.6013,2.2904,100.3214 , 3.3677,1.1871,105.4168 , 1.0357,11.4995,9,405.799988,39.004566,-122.671066,10.000000,528481.000000,4317335.000000,
902,Mining,120.27,30.07,30.01,30.03,29.57,"Fri Apr 17, 2026 - 11:23:55",User,1.5,ppm,,,,,,Mining,,<LOD,1.2971,0.7413,119795.7969 , 1652.5142,2.5889,3.7318 , 1.1260,0.5180,<LOD,2.7899,0.1093,537.5771 , 19.8164,22.0865,472711.5000 , 4186.2632,<LOD,1.2850,0.1595,661.5279 , 47.9553,1.6203,<LOD,1.9897,1.3745,<LOD,33.2164,0.5565,<LOD,51.9139,14.1110,112.4567 , 5.2779,3.6339,9.4680 , 2.7293,0.3983,31935.0918 , 133.6298,89.7401,<LOD,0.0000,0.0000,<LOD,3.8725,0.2661,11350.0332 , 115.6488,7.9859,17485.8770 , 2669.7861,0.0667,144.0008 , 20.5299,0.8802,<LOD,0.9768,5.5601,6.2687 , 0.5380,3.5172,<LOD,7.7101,0.3888,935.2692 , 113.9789,0.2694,9.2076 , 1.0014,0.4129,<LOD,1.2010,0.5716,48.1588 , 1.1395,2.7696,<LOD,0.0000,0.0000,4994.9258 , 60.1543,2.1267,<LOD,3.8807,4.5668,<LOD,0.7824,0.2243,335554.9688 , 698.2535,35.9370,7.4664 , 2.1077,3.7824,36.2887 , 0.5659,3.0529,<LOD,0.0000,0.0000,5.0169 , 0.7506,0.4122,3309.3384 , 32.8205,13.5747,<LOD,1.7637,0.4330,124.4316 , 9.6902,2.7544,<LOD,6.9469,0.2499,8.3530 , 0.6264,2.4277,70.5352 , 3.0232,0.9360,142.7473 , 1.1770,14.5172,9,405.799988,39.004562,-122.671066,10.000000,528481.437500,4317334.500000,
903,Mining,120.19,30.23,30.08,30.06,29.82,"Fri Apr 17, 2026 - 11:26:41",User,1.5,ppm,,,,,,Mining,,<LOD,1.2892,0.7386,118035.0625 , 1681.2709,2.5561,7.4196 , 1.1412,0.5947,<LOD,2.9726,0.1294,515.4132 , 19.7098,21.8704,454435.6562 , 4358.8965,<LOD,1.2355,0.1529,623.3886 , 44.6023,1.4660,<LOD,2.0044,1.4141,<LOD,32.8075,0.5390,<LOD,51.6149,14.5830,102.8844 , 5.2088,3.5870,6.9605 , 2.6148,0.3790,32693.9863 , 138.4840,92.4476,<LOD,0.0000,0.0000,<LOD,2.5364,0.2385,9269.9502 , 105.3195,6.6022,24706.3594 , 2883.1238,0.0789,135.7789 , 19.9379,0.8672,<LOD,0.9171,5.0533,4.1594 , 0.5103,3.2677,<LOD,7.5883,0.3853,1100.7570 , 121.0033,0.3043,6.1867 , 0.9209,0.3609,<LOD,1.2079,0.5844,41.4962 , 1.0528,2.4304,<LOD,0.0000,0.0000,5174.7578 , 61.5302,2.2016,<LOD,3.8798,4.6160,<LOD,0.7943,0.2361,349840.1250 , 730.7849,38.0078,14.9828 , 2.1330,3.9484,52.4717 , 0.6520,4.1555,<LOD,0.0000,0.0000,5.3442 , 0.7240,0.3993,2947.4998 , 31.9030,12.3632,<LOD,1.2819,0.4144,115.7288 , 9.3517,2.5868,<LOD,6.7316,0.2433,7.5478 , 0.5920,2.2544,61.3189 , 2.8379,0.8549,94.7926 , 0.9852,10.6261,6,405.700012,39.004559,-122.671074,10.000000,528480.687500,4317334.000000,
904,Mining,120.08,30.07,30.09,30.12,29.80,"Fri Apr 17, 2026 - 11:29:54",User,1.5,ppm,,,,,,Mining,,<LOD,1.3647,0.7376,128718.0547 , 1856.6780,2.7679,3.7881 , 1.1407,0.5007,<LOD,2.8906,0.1102,557.2817 , 20.5117,21.2360,473183.2812 , 4688.1094,<LOD,1.3162,0.1574,2569.1245 , 72.0851,4.0753,<LOD,2.0718,1.3413,<LOD,35.2382,0.5957,<LOD,53.0761,14.0049,153.7581 , 6.0053,4.1867,31.6435 , 3.2448,0.5324,32831.5703 , 143.4933,89.4633,<LOD,0.0000,0.0000,<LOD,4.0283,0.2597,13304.9570 , 129.5045,9.1270,25564.2090 , 3042.6394,0.0820,295.1966 , 23.8105,1.1331,<LOD,1.0397,5.9436,8.6208 , 0.5619,3.6104,<LOD,8.3784,0.4594,999.9172 , 123.0406,0.2977,8.7410 , 1.0141,0.3976,<LOD,1.2425,0.5483,52.2516 , 1.1992,2.8689,<LOD,0.0000,0.0000,8477.5186 , 77.8385,3.3784,<LOD,4.7423,4.4908,<LOD,0.8204,0.2325,308110.4688 , 712.8805,31.7864,16.0761 , 2.2035,3.7433,77.3965 , 0.8046,5.6459,<LOD,0.0000,0.0000,5.1687 , 0.7715,0.4101,4564.1997 , 40.3974,18.2511,<LOD,1.4810,0.4459,137.9705 , 11.4497,3.4335,<LOD,7.4601,0.2711,8.4472 , 0.6468,2.4237,126.2147 , 3.7802,1.3770,194.1863 , 1.4144,18.7168,8,405.799988,39.004559,-122.671066,10.000000,528481.250000,4317334.000000,
905,Mining,120.33,30.03,30.07,30.05,30.18,"Fri Apr 17, 2026 - 11:32:18",User,1.5,ppm,,,,,,Mining,,<LOD,1.3069,0.7425,123535.0234 , 1774.8699,2.6609,6.1306 , 1.2272,0.6054,<LOD,2.9567,0.1175,560.7645 , 19.6607,21.4628,479259.5938 , 4596.1304,<LOD,1.3534,0.1692,2351.9839 , 66.3209,3.8727,<LOD,1.9741,1.3339,<LOD,33.4359,0.5708,<LOD,53.6161,14.6239,131.1523 , 5.4332,3.8825,23.7998 , 3.0846,0.4886,33240.3086 , 144.0472,92.2877,<LOD,0.0000,0.0000,<LOD,3.0727,0.2468,12757.5791 , 120.6849,8.9081,29239.6777 , 3038.3540,0.0876,309.9716 , 23.9027,1.1682,<LOD,0.9997,5.5598,6.3237 , 0.5452,3.4411,<LOD,8.4307,0.4706,1077.5297 , 119.9389,0.3047,11.0352 , 1.0561,0.4389,<LOD,1.1540,0.5163,48.7289 , 1.1639,2.7427,<LOD,0.0000,0.0000,7453.6157 , 71.6217,3.0482,<LOD,4.5114,4.5008,<LOD,0.8208,0.2350,305233.3750 , 699.8784,31.8659,12.3671 , 2.0933,3.6895,69.9963 , 0.7669,5.2396,<LOD,0.0000,0.0000,5.2033 , 0.7831,0.4242,4247.2671 , 36.6912,17.1978,<LOD,1.5244,0.4416,123.5291 , 10.3911,3.2081,<LOD,7.3269,0.2653,7.8481 , 0.6334,2.3636,139.0075 , 3.9178,1.5031,148.1238 , 1.2414,15.0765,8,406.100006,39.004555,-122.671059,10.000000,528481.812500,4317333.500000,
906,Mining,122.84,32.64,30.07,30.07,30.06,"Fri Apr 17, 2026 - 11:35:40",User,1.5,ppm,,,,,,Mining,,<LOD,1.1982,0.7344,63504.0039 , 1086.4119,1.4338,<LOD,1.5047,0.3554,<LOD,2.6049,0.1118,324.7556 , 17.4336,19.0232,584190.6875 , 3001.6379,<LOD,1.1594,0.1518,1590.8475 , 52.4838,2.7858,<LOD,1.9005,1.4835,<LOD,34.3198,0.6784,<LOD,47.3011,13.2442,64.2471 , 4.8067,3.3647,10.8033 , 2.6308,0.4308,28551.3418 , 110.9147,84.9229,<LOD,0.0000,0.0000,<LOD,2.3720,0.2318,4501.5552 , 75.2775,3.5210,6946.5688 , 2193.5710,0.0496,<LOD,24.0986,0.5971,<LOD,0.8766,5.3099,<LOD,0.7047,3.1497,<LOD,6.5168,0.2984,1127.1385 , 124.3621,0.3534,3.4037 , 0.8171,0.3207,<LOD,1.0616,0.5139,17.2232 , 0.7389,1.2793,<LOD,0.0000,0.0000,5532.2295 , 60.5896,2.4096,<LOD,3.5809,4.5674,<LOD,0.7155,0.2175,302281.4375 , 608.9627,32.5240,6.3766 , 1.9295,3.6596,34.7890 , 0.5308,3.1781,<LOD,0.0000,0.0000,1.7855 , 0.6243,0.3070,1051.7358 , 22.2530,5.0413,<LOD,1.0133,0.3818,75.4382 , 6.8587,1.4961,<LOD,6.4846,0.2536,2.1359 , 0.4798,1.6966,121.1329 , 3.5089,1.4704,60.3275 , 0.7911,8.0596,8,406.100006,39.004551,-122.671051,10.000000,528482.562500,4317333.000000,
907,Mining,120.29,30.07,30.11,30.02,30.09,"Fri Apr 17, 2026 - 11:38:14",User,1.5,ppm,,,,,,Mining,,<LOD,1.2854,0.7641,64054.3320 , 1102.3392,1.4452,8.2895 , 1.1442,0.6486,<LOD,2.6947,0.1136,318.5957 , 18.2641,18.3919,577140.1875 , 3000.2427,<LOD,1.1199,0.1346,1545.8152 , 55.0862,2.8293,<LOD,1.9845,1.4514,<LOD,33.3076,0.6869,<LOD,56.4371,21.0109,69.3085 , 5.1691,3.6038,16.4773 , 2.7903,0.4683,44897.7500 , 138.8727,139.2742,<LOD,0.0000,0.0000,<LOD,2.3914,0.2238,4892.1006 , 82.8653,3.9955,8351.1904 , 2287.3037,0.0520,29.2524 , 17.2260,0.7869,<LOD,0.8846,5.0266,<LOD,0.8619,3.1251,<LOD,7.4845,0.3261,1193.4875 , 122.0257,0.3698,6.5913 , 0.9114,0.3799,<LOD,1.0504,0.4489,24.8439 , 0.8530,1.6441,<LOD,0.0000,0.0000,5462.6113 , 59.3279,2.4845,<LOD,6.0019,4.6242,<LOD,0.7426,0.2235,290517.1875 , 601.2642,32.4860,10.7851 , 2.0405,3.6846,52.9194 , 0.6408,4.3359,<LOD,0.0000,0.0000,1.5736 , 0.6102,0.2786,1139.1630 , 25.2652,5.8886,<LOD,1.2194,0.4156,64.8232 , 7.4519,1.6099,<LOD,6.5786,0.2502,2.8174 , 0.5136,1.8118,133.2841 , 3.6607,1.5400,66.6716 , 0.8436,8.5408,8,405.899994,39.004551,-122.671051,10.000000,528482.562500,4317333.000000,
908,Mining,53.57,30.03,23.54,,,"Fri Apr 17, 2026 - 11:40:17",User,1.5,ppm,,,,,,Mining,,<LOD,6.7828,37.0392,,,,<LOD,1.9937,0.4527,<LOD,3.3385,0.1115,,,,944528.6250 , 376.4327,<LOD,1.5635,0.1689,2117.2971 , 84.8276,3.1106,<LOD,7.3506,38.0611,,,,<LOD,59.0969,14.2664,185.3643 , 8.2928,4.6110,108.9624 , 4.9919,0.9658,39142.0000 , 122.1097,95.8353,<LOD,0.0000,0.0000,<LOD,4.6591,0.2708,10275.1133 , 150.2438,6.9888,,,,147.9369 , 23.2022,0.8833,<LOD,1.1532,5.3359,6.6451 , 0.6535,3.5687,26.4625 , 6.7702,0.5378,,,,19.4000 , 1.3336,0.5243,<LOD,7.8636,45.2093,52.2127 , 1.3748,2.8679,<LOD,0.0000,0.0000,,,,<LOD,12.5844,40.7589,<LOD,0.9529,0.2376,,,,<LOD,8.7955,33.2943,132.3974 , 1.1246,8.7310,<LOD,0.0000,0.0000,7.0311 , 0.9416,0.4744,2796.4575 , 45.9891,11.4482,2.3363 , 1.0214,0.5299,153.4707 , 13.6967,2.7242,<LOD,9.1300,0.3087,14.4563 , 0.7992,2.8380,160.5829 , 4.4968,1.4957,123.2100 , 1.2919,13.0916,8,405.500000,39.004551,-122.671051,10.000000,528482.437500,4317333.000000,
909,Mining,2.11,2.11,,,,"Fri Apr 17, 2026 - 11:40:22",User,1.5,ppm,,,,,,Mining,,<LOD,175.3714,34.5433,,,,<LOD,42.8643,0.3328,<LOD,177.9503,0.3332,,,,956088.8125 , 8078.7690,<LOD,65.1459,0.3329,,,,<LOD,204.8474,42.2163,,,,<LOD,2223.2697,19.8581,<LOD,838.6201,0.2784,<LOD,10.6941,-0.0019,43666.3711 , 3282.3113,109.9994,<LOD,0.0000,0.0000,<LOD,43.1075,-0.0006,,,,,,,<LOD,556.9238,0.3325,<LOD,41.2961,6.6645,<LOD,21.7052,2.5490,<LOD,243.1126,0.3321,,,,<LOD,41.1064,0.3241,<LOD,203.9959,43.4214,<LOD,54.5228,1.3276,<LOD,0.0000,0.0000,,,,<LOD,324.8401,36.9005,<LOD,31.8329,0.3326,,,,<LOD,223.7599,28.5382,130.8844 , 29.4675,8.6635,<LOD,0.0000,0.0000,<LOD,34.1455,0.1685,<LOD,6644.3188,1.5496,<LOD,31.7742,0.3322,<LOD,3602.5734,1.3108,<LOD,273.2931,0.3324,<LOD,37.4824,2.3325,<LOD,84.4632,0.3320,113.9736 , 32.9373,12.3316,8,405.500000,39.004551,-122.671051,10.000000,528482.437500,4317333.000000,
910,Mining,122.93,32.56,30.17,30.04,30.16,"Fri Apr 17, 2026 - 11:43:33",User,1.5,ppm,,,,,,Mining,,<LOD,1.3150,0.8105,136371.1406 , 1624.4271,2.9224,4.8980 , 1.2034,0.6411,<LOD,2.7243,0.1136,614.7910 , 20.0668,24.4014,481112.6250 , 4136.5859,<LOD,1.2661,0.1693,1094.5435 , 51.3407,2.1889,<LOD,1.9814,1.4443,<LOD,31.4946,0.5959,<LOD,49.9722,14.2362,104.6160 , 5.3069,3.8648,23.9828 , 2.9731,0.5182,31704.1094 , 132.8685,93.4484,<LOD,0.0000,0.0000,<LOD,2.8806,0.2619,9927.0488 , 108.3900,7.3113,22467.8516 , 2572.5107,0.0750,118.7255 , 19.5619,0.8721,<LOD,0.9601,5.6905,6.8119 , 0.5430,3.7907,<LOD,7.4397,0.3962,1820.5667 , 138.1784,0.4875,14.2484 , 1.0829,0.5295,<LOD,1.2238,0.6316,53.1370 , 1.1850,3.2310,<LOD,0.0000,0.0000,5317.5752 , 57.9505,2.3311,<LOD,3.8786,4.8483,<LOD,0.7837,0.2492,306461.6250 , 660.3895,33.3993,12.7353 , 2.1213,4.1029,119.4621 , 0.9563,9.1631,<LOD,0.0000,0.0000,6.8667 , 0.7721,0.4959,2320.5251 , 31.0638,10.7487,3.1299 , 0.8630,0.5831,118.1955 , 9.1056,2.5184,<LOD,6.7520,0.2580,10.6848 , 0.6445,2.8100,76.7464 , 3.0403,1.0355,113.3751 , 1.0949,13.7316,6,405.200012,39.004559,-122.671043,10.000000,528482.875000,4317334.000000,
911,Mining,122.85,32.52,30.13,30.12,30.08,"Fri Apr 17, 2026 - 11:46:23",User,1.5,ppm,,,,,,Mining,,<LOD,1.2897,0.7916,128331.8672 , 1560.0288,2.7629,6.7882 , 1.1639,0.6192,<LOD,2.8975,0.1254,640.9048 , 20.0033,24.6394,471043.2500 , 4039.5718,<LOD,1.3502,0.1875,1023.0978 , 53.8281,2.1758,<LOD,1.9975,1.5041,<LOD,30.7576,0.5880,<LOD,53.8779,17.0032,98.2449 , 5.5746,3.9032,22.5124 , 2.9838,0.5099,37321.8672 , 145.0118,111.6195,<LOD,0.0000,0.0000,<LOD,3.2149,0.2699,10040.7852 , 114.8112,7.5619,21476.4434 , 2556.4880,0.0733,139.2410 , 20.1408,0.9526,<LOD,1.3738,5.8937,6.6190 , 0.5436,3.6943,<LOD,7.9999,0.4375,1600.6305 , 128.5616,0.4349,7.8470 , 0.9747,0.4150,<LOD,1.1777,0.5926,53.0421 , 1.1824,3.1544,<LOD,0.0000,0.0000,4224.3706 , 51.9846,1.9367,<LOD,3.8427,4.8168,<LOD,0.8081,0.2545,320789.7812 , 659.9963,36.0291,9.0223 , 2.0911,4.0280,56.8812 , 0.6790,4.6155,<LOD,0.0000,0.0000,4.7256 , 0.7675,0.4448,2757.2622 , 33.3912,12.4614,2.3174 , 0.8156,0.5032,114.2463 , 9.8220,2.6940,<LOD,7.0357,0.2734,8.4982 , 0.6288,2.5803,88.6417 , 3.2230,1.1359,131.1200 , 1.1339,14.2570,8,404.899994,39.004559,-122.671043,10.000000,528483.312500,4317334.000000,
912,Mining,120.37,30.04,30.13,30.13,30.07,"Fri Apr 17, 2026 - 12:41:07",User,1.5,ppm,,,,,,Mining,,<LOD,1.6425,0.5661,126905.5938 , 2634.8943,2.7292,<LOD,1.6964,0.2551,<LOD,3.5442,0.0949,513.7419 , 24.4628,15.4286,418141.5625 , 6836.2427,<LOD,1.5247,0.1215,41488.0547 , 260.3348,48.0336,<LOD,2.5158,1.0493,<LOD,41.7286,0.6207,<LOD,69.6457,15.6357,133.2609 , 6.8093,3.2354,18.5873 , 3.4053,0.3433,47473.6133 , 205.8953,100.5935,<LOD,0.0000,0.0000,6.0449 , 2.2883,0.2375,8360.8242 , 114.1990,5.2509,33984.1367 , 4232.6562,0.0974,433.8727 , 29.4499,1.1433,<LOD,1.1552,3.8689,6.5327 , 0.6525,2.5936,<LOD,9.3813,0.2633,950.6613 , 132.7289,0.2570,5.4071 , 1.1146,0.2733,<LOD,1.5334,0.4452,32.8706 , 1.1958,1.4860,<LOD,0.0000,0.0000,8732.1768 , 85.5164,3.0383,<LOD,4.7954,3.2548,<LOD,0.9825,0.1906,305627.2812 , 744.6100,27.5305,23.6172 , 2.6908,2.9510,302.7343 , 1.8655,14.8506,<LOD,0.0000,0.0000,5.1242 , 0.8808,0.2984,6424.8828 , 51.4745,19.5433,2.8727 , 1.1433,0.4945,202.4281 , 14.7900,3.5643,<LOD,8.4672,0.2043,14.5282 , 0.7646,1.9493,92.8305 , 3.8656,0.8402,116.7380 , 1.4295,10.9779,8,403.399994,39.004822,-122.671173,10.000000,528471.500000,4317363.000000,
913,Mining,120.46,30.21,30.10,30.02,30.13,"Fri Apr 17, 2026 - 12:43:37",User,1.5,ppm,,,,,,Mining,,<LOD,1.5678,0.6002,127910.5469 , 2488.0244,2.7486,<LOD,1.5977,0.2435,<LOD,3.3919,0.1012,459.2970 , 22.6981,15.3401,439042.4688 , 6294.4604,<LOD,1.4706,0.1314,38352.9648 , 241.9840,46.4915,<LOD,2.3200,1.0286,<LOD,41.2352,0.6364,<LOD,65.3423,15.6733,125.9641 , 6.3089,3.2488,13.4779 , 3.1215,0.3341,44767.5742 , 194.8233,100.3300,<LOD,0.0000,0.0000,5.4201 , 2.1380,0.2418,7964.7305 , 106.4308,5.2138,32800.8281 , 4047.2024,0.0953,514.8771 , 29.4159,1.2989,<LOD,1.0965,4.0817,5.6752 , 0.6148,2.6843,<LOD,8.7107,0.2618,1033.4978 , 131.2432,0.2667,8.2233 , 1.1117,0.3174,<LOD,1.4165,0.4393,33.4695 , 1.1495,1.6048,<LOD,0.0000,0.0000,8363.0156 , 83.6221,3.0429,<LOD,4.4665,3.2701,<LOD,0.9254,0.1957,291933.3438 , 741.1653,27.0893,13.7291 , 2.4755,2.8631,295.4412 , 1.7718,15.5050,<LOD,0.0000,0.0000,2.6716 , 0.8123,0.2812,5968.6880 , 48.1765,19.3721,2.6567 , 1.0840,0.5178,172.0648 , 13.5623,3.4850,<LOD,7.8088,0.2013,12.9508 , 0.7180,1.9971,85.7291 , 3.5885,0.8397,110.6740 , 1.3414,11.2625,5,402.299988,39.004845,-122.671112,10.000000,528476.812500,4317365.500000,
914,Mining,120.10,30.00,30.09,30.25,29.76,"Fri Apr 17, 2026 - 12:46:07",User,1.5,ppm,,,,,,Mining,,<LOD,1.4519,0.6134,139102.0312 , 2536.2563,2.9884,<LOD,1.4494,0.2364,<LOD,3.1581,0.1052,396.6067 , 21.0216,15.5719,415862.4375 , 6242.5171,<LOD,1.3645,0.1352,41621.0273 , 261.5824,53.3074,<LOD,2.2116,1.1273,<LOD,43.3754,0.6834,<LOD,57.0676,13.1543,125.9846 , 6.2467,3.3974,8.3305 , 2.8209,0.3239,35646.8711 , 183.1933,84.2050,<LOD,0.0000,0.0000,<LOD,4.7474,0.2345,8156.9438 , 106.5707,5.6006,37617.4805 , 4193.4883,0.1061,529.7740 , 28.6556,1.3482,<LOD,1.0204,4.2565,4.3452 , 0.5751,2.8209,<LOD,7.7072,0.2618,900.9964 , 128.5475,0.2471,6.9830 , 1.0150,0.3163,<LOD,1.2912,0.4336,34.3628 , 1.1102,1.7976,<LOD,0.0000,0.0000,8410.7119 , 88.0630,3.2371,<LOD,4.1900,3.4663,<LOD,0.8521,0.1968,304685.6562 , 821.1801,30.3500,15.5046 , 2.3222,3.0217,282.0298 , 1.7169,16.2826,<LOD,0.0000,0.0000,3.0684 , 0.7664,0.3067,6207.4229 , 49.9313,21.0845,3.3322 , 1.0242,0.5589,186.9588 , 13.6723,3.8094,<LOD,7.3895,0.2151,16.5801 , 0.7147,2.3836,70.3801 , 3.1974,0.7914,104.1831 , 1.2638,11.7588,8,397.399994,39.004795,-122.671143,10.000000,528474.375000,4317360.000000,
915,Mining,120.53,30.10,30.27,30.16,28.20,"Fri Apr 17, 2026 - 12:48:49",User,1.5,ppm,,,,,,Mining,,<LOD,1.4473,0.6043,135555.2500 , 2622.4131,2.9157,<LOD,1.5308,0.2709,<LOD,3.0670,0.0959,416.3525 , 21.1540,15.6051,417416.5625 , 6388.1577,<LOD,1.4796,0.1537,41240.0039 , 259.8805,52.7214,<LOD,2.2135,1.1193,<LOD,44.6551,0.6711,<LOD,60.4888,14.9796,131.8615 , 6.2583,3.4396,12.5749 , 2.9475,0.3434,41146.1016 , 203.3948,96.8180,<LOD,0.0000,0.0000,4.1404 , 1.9574,0.2341,8333.0576 , 107.4205,5.7048,35050.2227 , 4354.1426,0.1018,477.9331 , 27.7970,1.2897,<LOD,1.0483,4.3292,5.3837 , 0.5892,2.8492,<LOD,8.1224,0.2719,818.6849 , 135.2658,0.2487,7.0920 , 1.0270,0.3132,<LOD,1.2764,0.4198,35.8201 , 1.1396,1.8226,<LOD,0.0000,0.0000,8872.4229 , 93.5887,3.3967,<LOD,4.2128,3.4802,<LOD,0.8027,0.1660,303770.7500 , 837.1968,30.1733,16.5094 , 2.3309,3.0194,282.0026 , 1.7290,15.8254,<LOD,0.0000,0.0000,2.2482 , 0.7996,0.3075,6038.5679 , 48.6359,20.3637,4.2611 , 1.0532,0.5671,156.7272 , 13.2109,3.5569,<LOD,7.1528,0.1945,16.5525 , 0.7225,2.3409,78.4140 , 3.3268,0.8306,110.4731 , 1.2983,11.8560,7,397.399994,39.004795,-122.671150,10.000000,528474.125000,4317360.000000,
916,Mining,124.15,33.95,30.05,30.08,30.07,"Fri Apr 17, 2026 - 12:51:19",User,1.5,ppm,,,,,,Mining,,<LOD,2.6258,0.5902,391912.6562 , 2196.1201,2.8120,<LOD,0.0849,0.0014,<LOD,0.2613,0.0007,943.1934 , 504.8065,15.5130,816.4215,,<LOD,0.0462,-0.0001,86784.4453 , 1451.8584,50.8336,<LOD,4.0089,1.0864,<LOD,79.7930,0.6504,51.5870 , 3.8478,0.0945,239.1749 , 14.7878,3.3442,<LOD,1.4712,0.0359,<LOD,11.8330,0.1742,<LOD,0.0000,0.0000,<LOD,0.4759,0.0035,14060.1758 , 292.8758,5.4148,75485.9297 , 5939.9141,0.0972,442.2788 , 27.8603,0.6965,<LOD,0.0049,-0.0000,<LOD,0.0041,-0.0000,15.5558 , 2.2144,0.0752,2065.7776 , 246.5501,0.2583,<LOD,0.0193,-0.0001,<LOD,2.3555,0.4243,<LOD,0.0133,-0.0001,<LOD,0.0000,0.0000,10499.5020 , 212.2337,2.5228,<LOD,7.6921,3.4588,<LOD,0.0780,0.0011,405129.0000 , 3542.1360,29.0569,21.7703 , 4.2467,2.9988,<LOD,0.0073,0.0001,<LOD,0.0000,0.0000,<LOD,0.0136,0.0001,11189.7363 , 253.8348,19.8198,<LOD,0.0420,0.0002,342.8231 , 30.3053,3.5902,<LOD,2.0605,0.0150,<LOD,0.0027,-0.0000,<LOD,0.7397,0.0173,<LOD,0.0014,-0.0000,9,397.799988,39.004803,-122.671150,10.000000,528474.125000,4317361.000000,
917,Mining,122.97,32.65,30.16,30.05,30.11,"Fri Apr 17, 2026 - 12:53:52",User,1.5,ppm,,,,,,Mining,,<LOD,1.6260,0.5568,121350.6719 , 2477.9011,2.6147,<LOD,1.7392,0.2787,<LOD,3.4544,0.0915,468.3741 , 24.3516,15.1058,438357.4062 , 6383.2998,<LOD,1.5013,0.1195,34918.8398 , 243.8555,43.1090,<LOD,2.5067,1.0444,<LOD,40.5016,0.6328,<LOD,75.5370,20.9013,112.5266 , 6.6910,3.2918,30.7427 , 3.6760,0.4092,60800.7461 , 240.4441,138.6016,<LOD,0.0000,0.0000,5.9397 , 2.2027,0.2258,7526.8096 , 111.2473,5.0300,34207.1328 , 4220.6411,0.0981,440.5354 , 28.9554,1.2682,<LOD,1.1298,3.8561,4.8387 , 0.6266,2.4887,<LOD,10.0124,0.2698,1012.0931 , 131.2843,0.2737,5.7552 , 1.1228,0.2818,<LOD,1.4882,0.4201,32.3091 , 1.1750,1.4609,<LOD,0.0000,0.0000,8751.8994 , 84.5144,3.2050,<LOD,4.8088,3.2829,<LOD,0.9581,0.1845,285704.9688 , 729.6260,26.6633,15.2087 , 2.6600,2.8598,268.0237 , 1.7437,13.3627,<LOD,0.0000,0.0000,2.2112 , 0.8197,0.2444,5611.3438 , 48.7356,18.4684,<LOD,2.6819,0.4584,183.3039 , 14.2191,3.4388,<LOD,7.9053,0.1806,13.1043 , 0.7492,1.8846,72.4018 , 3.5515,0.7238,102.8448 , 1.3501,9.9359,8,397.700012,39.004803,-122.671150,10.000000,528473.937500,4317361.000000,
918,Mining,122.81,32.52,30.05,30.12,30.12,"Fri Apr 17, 2026 - 12:56:23",User,1.5,ppm,,,,,,Mining,,<LOD,1.5204,0.5920,121020.4766 , 2263.5015,2.6090,<LOD,1.6110,0.2668,<LOD,3.3175,0.0975,449.3982 , 22.2170,15.3480,455000.3438 , 5788.8867,<LOD,1.4615,0.1308,38536.4609 , 243.7610,48.4981,<LOD,2.3200,1.0903,<LOD,38.3851,0.6169,<LOD,68.5170,18.2280,132.3213 , 6.6215,3.5380,14.4290 , 3.1459,0.3434,50357.1016 , 201.2700,116.3078,<LOD,0.0000,0.0000,3.0623 , 2.0640,0.2246,7829.7876 , 107.5036,5.3243,28716.7793 , 3815.8965,0.0898,465.8626 , 28.4878,1.2895,<LOD,1.5235,4.2739,5.8995 , 0.6176,2.7244,<LOD,9.0508,0.2718,795.0754 , 121.1061,0.2465,5.7750 , 1.0676,0.2942,<LOD,1.3539,0.4203,33.4438 , 1.1436,1.6040,<LOD,0.0000,0.0000,10531.8145 , 89.4773,3.9095,<LOD,4.4120,3.3716,<LOD,0.9113,0.1915,278500.1250 , 697.8314,26.5125,13.9665 , 2.4292,2.8922,300.7217 , 1.7676,15.8587,<LOD,0.0000,0.0000,3.3127 , 0.8167,0.2895,6862.1860 , 51.3640,22.8116,1.8655 , 1.0710,0.5084,205.6812 , 14.6991,4.0907,<LOD,7.7612,0.2007,12.2455 , 0.7123,1.9734,85.5859 , 3.5805,0.8457,116.2824 , 1.3631,11.7431,7,398.000000,39.004803,-122.671150,10.000000,528474.125000,4317361.000000,
919,Mining,120.34,30.09,30.10,30.06,30.09,"Fri Apr 17, 2026 - 12:58:52",User,1.5,ppm,,,,,,Mining,,<LOD,1.5210,0.6107,126711.0469 , 2339.8027,2.7313,<LOD,1.5827,0.2797,<LOD,3.1564,0.0946,424.5953 , 21.9198,15.3200,444138.0938 , 5832.1655,<LOD,1.4389,0.1362,36791.7969 , 248.6355,46.9182,<LOD,2.2655,1.0632,<LOD,40.7583,0.6609,<LOD,66.1099,17.9576,123.7978 , 6.6654,3.4713,9.7709 , 2.9453,0.3224,48704.7070 , 204.8912,115.1919,<LOD,0.0000,0.0000,<LOD,4.0973,0.2098,7301.6338 , 108.2279,5.0576,29065.8730 , 3926.7915,0.0927,437.7007 , 27.3301,1.2566,<LOD,1.0523,4.0708,4.4433 , 0.5898,2.6756,<LOD,8.5729,0.2545,900.8204 , 127.3394,0.2623,5.8479 , 1.0384,0.2990,<LOD,1.3385,0.4223,31.1179 , 1.0877,1.5550,<LOD,0.0000,0.0000,13777.2812 , 105.6009,5.1109,<LOD,4.3229,3.2978,<LOD,0.8925,0.2002,285193.2812 , 735.4722,27.8032,15.9200 , 2.4142,2.9486,280.5869 , 1.6913,15.2959,<LOD,0.0000,0.0000,2.9201 , 0.7937,0.2897,5707.5645 , 48.9464,19.4741,1.8933 , 1.0228,0.5016,181.0707 , 14.1022,3.5964,<LOD,7.2600,0.1882,12.2617 , 0.6898,1.9951,70.0499 , 3.2709,0.7563,105.9016 , 1.2879,11.2164,8,398.100006,39.004803,-122.671143,10.000000,528474.687500,4317361.000000,
920,Mining,123.01,32.69,30.13,30.13,30.06,"Fri Apr 17, 2026 - 13:01:36",User,1.5,ppm,,,,,,Mining,,<LOD,1.5577,0.6336,130909.7188 , 2448.9609,2.8179,<LOD,1.6035,0.2708,<LOD,3.3238,0.1029,469.7527 , 22.5966,16.1276,417299.5000 , 6262.2119,<LOD,1.4894,0.1427,38826.8633 , 254.6859,48.7442,<LOD,2.3230,1.1062,<LOD,40.8322,0.6654,<LOD,66.2137,17.5152,127.0597 , 6.7505,3.5591,11.1336 , 2.9936,0.3257,47985.9297 , 212.5366,110.7107,<LOD,0.0000,0.0000,6.6697 , 2.1188,0.2548,7732.3149 , 108.9956,5.2389,36770.7930 , 4129.9741,0.1049,442.3961 , 27.5833,1.2395,<LOD,1.0828,4.1903,6.0366 , 0.6069,2.7521,<LOD,8.8565,0.2838,877.5734 , 125.6623,0.2576,7.7191 , 1.0828,0.3183,<LOD,1.4012,0.4596,33.3040 , 1.1368,1.6437,<LOD,0.0000,0.0000,13061.2549 , 102.1832,4.7612,<LOD,4.4755,3.5360,<LOD,0.8953,0.1928,298432.3438 , 752.5432,28.9538,14.5482 , 2.4641,3.0330,298.0594 , 1.7791,15.8837,<LOD,0.0000,0.0000,3.1069 , 0.8202,0.3019,6293.3022 , 51.5758,21.0314,4.1796 , 1.0898,0.5535,200.9192 , 14.6000,3.8779,<LOD,7.4756,0.1953,13.7647 , 0.7107,2.0645,57.3618 , 3.0945,0.6619,114.4195 , 1.3406,11.6957,7,398.500000,39.004799,-122.671143,10.000000,528474.250000,4317360.500000,
921,Mining,120.28,30.15,30.09,30.02,30.02,"Fri Apr 17, 2026 - 13:04:12",User,1.5,ppm,,,,,,Mining,,<LOD,1.5153,0.6228,142383.9062 , 2611.6052,3.0561,<LOD,1.5933,0.2723,<LOD,3.3617,0.1049,436.3673 , 22.0402,15.9228,398266.0312 , 6458.4424,<LOD,1.4668,0.1379,42054.1680 , 259.1635,52.1377,<LOD,2.2985,1.1320,<LOD,43.8385,0.6851,<LOD,62.1608,14.3473,130.3566 , 6.3148,3.3638,5.7672 , 2.8805,0.2990,40401.8789 , 198.5421,92.1403,<LOD,0.0000,0.0000,5.2753 , 2.0889,0.2448,7761.8140 , 104.1739,5.2204,33165.6914 , 4138.4067,0.0981,454.2835 , 28.3864,1.2184,<LOD,1.0765,4.1622,4.9954 , 0.5987,2.6843,<LOD,8.2553,0.2529,974.4537 , 135.9885,0.2706,6.5148 , 1.0558,0.3014,<LOD,1.3453,0.4389,33.3050 , 1.1377,1.6562,<LOD,0.0000,0.0000,6962.4443 , 80.1027,2.6392,<LOD,4.3905,3.5523,<LOD,0.9231,0.2066,319931.8438 , 814.3788,31.2646,13.7780 , 2.4134,3.0289,294.5796 , 1.8050,16.0655,<LOD,0.0000,0.0000,2.6159 , 0.8045,0.2894,6338.4453 , 50.1159,20.8288,2.6724 , 1.0682,0.5316,187.7274 , 13.7756,3.7469,<LOD,7.5072,0.1961,12.9896 , 0.7076,2.0485,58.7143 , 3.1423,0.6775,109.3885 , 1.3352,11.5849,6,398.700012,39.004807,-122.671143,10.000000,528474.375000,4317361.500000,
922,Mining,120.35,30.06,30.05,30.06,30.18,"Fri Apr 17, 2026 - 13:07:33",User,1.5,ppm,,,,,,Mining,,<LOD,1.6548,0.5889,128745.2109 , 2647.7717,2.7693,<LOD,1.6693,0.2586,<LOD,3.3471,0.0911,482.5067 , 24.4044,15.5275,413073.1562 , 6831.4658,<LOD,1.5098,0.1284,38342.2891 , 254.8588,45.4816,<LOD,2.4795,1.0351,<LOD,42.5962,0.6562,<LOD,69.6678,17.3114,125.5990 , 6.8408,3.3503,12.0436 , 3.1485,0.3159,50190.1211 , 219.6865,109.6337,<LOD,0.0000,0.0000,<LOD,4.8256,0.2120,7559.8608 , 110.1568,4.8783,38099.2734 , 4366.8892,0.1057,463.7348 , 29.0080,1.2252,<LOD,1.1252,3.9650,6.0976 , 0.6282,2.5845,<LOD,9.4409,0.2855,907.4661 , 129.5623,0.2477,7.2810 , 1.1226,0.2993,<LOD,1.4911,0.4290,32.1720 , 1.1574,1.4939,<LOD,0.0000,0.0000,11667.5557 , 98.7778,4.0614,<LOD,4.7996,3.3296,<LOD,0.9473,0.1923,303520.6562 , 759.7552,27.9158,16.0445 , 2.6653,2.9339,297.7775 , 1.8282,14.8708,<LOD,0.0000,0.0000,4.2617 , 0.8540,0.2952,6032.5508 , 50.8205,19.0123,3.6852 , 1.1083,0.5039,209.1455 , 14.6723,3.5871,<LOD,8.1353,0.2030,12.3893 , 0.7218,1.8619,73.9851 , 3.4785,0.7328,115.1395 , 1.3883,11.0171,6,398.600006,39.004807,-122.671150,10.000000,528473.812500,4317361.500000,
923,Mining,122.84,32.47,30.05,30.22,30.10,"Fri Apr 17, 2026 - 13:12:29",User,1.5,ppm,,,,,,Mining,,<LOD,1.5189,0.6614,131657.2812 , 2430.4370,2.8556,<LOD,1.4206,0.2404,<LOD,2.9242,0.0945,382.3692 , 20.7033,15.8882,424256.9375 , 6045.5762,<LOD,1.3492,0.1389,48552.5938 , 287.6678,63.8764,<LOD,2.1743,1.1488,<LOD,42.9029,0.6726,<LOD,54.9134,12.4791,117.0156 , 6.0691,3.2923,16.9355 , 2.9826,0.3810,33240.9375 , 178.2816,80.0016,<LOD,0.0000,0.0000,10.2561 , 2.0685,0.2938,7171.3828 , 99.7016,5.1303,32708.0703 , 4334.3755,0.1119,478.0985 , 27.6405,1.2841,<LOD,1.0102,4.3936,4.5868 , 0.5749,2.9678,<LOD,7.6841,0.2918,863.7781 , 145.7677,0.3167,6.4888 , 0.9899,0.3162,<LOD,1.2992,0.4652,31.9945 , 1.0728,1.7447,<LOD,0.0000,0.0000,38458.9258 , 196.1410,14.6856,<LOD,4.1518,3.6108,<LOD,0.7946,0.1804,275865.7500 , 791.4609,28.7701,13.0087 , 2.2842,3.0778,283.2563 , 1.7182,16.8720,<LOD,0.0000,0.0000,3.2424 , 0.7595,0.3174,5518.7319 , 47.6762,19.2851,2.8052 , 1.0210,0.5791,151.7653 , 12.8830,3.4516,<LOD,6.8951,0.1959,20.1239 , 0.7343,2.6544,82.5471 , 3.3323,0.9028,101.1110 , 1.2429,11.9253,7,399.399994,39.004868,-122.671219,10.000000,528467.750000,4317368.000000,
924,Mining,123.09,32.75,30.08,30.25,30.01,"Fri Apr 17, 2026 - 13:15:03",User,1.5,ppm,,,,,,Mining,,<LOD,1.4055,0.6278,135260.8281 , 2383.9995,2.9279,<LOD,1.4369,0.2524,<LOD,2.9311,0.0977,365.9276 , 20.2599,15.6505,425331.6875 , 5803.7578,<LOD,1.3480,0.1431,47340.6797 , 278.6977,62.7980,<LOD,2.1266,1.1340,<LOD,42.6518,0.6863,<LOD,55.5087,13.3891,125.8850 , 6.1201,3.4183,19.6909 , 2.9935,0.3968,35004.6523 , 178.8875,84.9756,<LOD,0.0000,0.0000,13.4801 , 2.1942,0.3407,7720.9658 , 102.2304,5.5289,27484.9590 , 4111.7666,0.1017,479.4935 , 27.1609,1.3018,<LOD,1.0002,4.4349,4.4700 , 0.5685,2.9845,<LOD,7.5191,0.2741,970.8799 , 144.4748,0.3245,7.7114 , 1.0058,0.3369,<LOD,1.2519,0.4453,32.5385 , 1.0661,1.7744,<LOD,0.0000,0.0000,34591.4688 , 181.4507,13.2979,<LOD,4.0430,3.5051,<LOD,0.8126,0.1957,278607.7500 , 778.6638,29.2322,15.0369 , 2.2511,3.0963,286.7336 , 1.6947,17.0860,<LOD,0.0000,0.0000,3.0520 , 0.7535,0.3194,5948.8599 , 48.5486,20.8496,3.0570 , 1.0196,0.5937,162.6178 , 13.1685,3.6937,<LOD,7.3782,0.2329,21.6424 , 0.7377,2.7631,93.7675 , 3.4422,0.9942,102.1635 , 1.2286,12.0459,5,392.299988,39.004894,-122.671082,10.000000,528479.812500,4317371.000000,
925,Mining,120.38,30.17,30.07,30.10,30.04,"Fri Apr 17, 2026 - 13:17:49",User,1.5,ppm,,,,,,Mining,,<LOD,1.6294,0.5951,129083.1016 , 2516.2134,2.7892,<LOD,1.6657,0.2474,<LOD,3.4409,0.0957,492.7950 , 23.8535,15.4801,455710.2500 , 6078.9697,<LOD,1.5858,0.1405,30041.2734 , 234.9917,36.9057,<LOD,2.4360,1.0428,<LOD,42.9004,0.6348,<LOD,74.4052,21.1118,127.6205 , 7.2864,3.6923,27.6729 , 3.5438,0.3995,59784.3789 , 231.8596,136.8347,<LOD,0.0000,0.0000,23.6564 , 2.6691,0.3721,6887.2817 , 111.0740,4.5977,13009.6348 , 4023.8948,0.0784,208.7939 , 24.6155,0.9433,<LOD,1.1265,3.9054,3.7723 , 0.6290,2.5382,<LOD,9.8751,0.2802,1748.0754 , 178.2286,0.4760,7.6764 , 1.1486,0.3108,<LOD,1.4370,0.4140,27.9017 , 1.1139,1.3393,<LOD,0.0000,0.0000,49871.8086 , 211.9678,17.5511,<LOD,4.6803,3.2872,<LOD,0.9047,0.1685,246568.8750 , 701.6780,23.2003,20.6193 , 2.6194,2.9596,279.3875 , 1.7453,14.1066,<LOD,0.0000,0.0000,2.9276 , 0.8615,0.2827,5699.3755 , 51.8298,19.1407,2.4595 , 1.1308,0.5098,201.3335 , 15.1652,3.6827,<LOD,7.8365,0.1868,18.4058 , 0.7803,2.1711,43.8354 , 3.0439,0.5589,107.0846 , 1.3497,10.4514,8,391.399994,39.004826,-122.671150,10.000000,528473.500000,4317363.500000,
926,Mining,123.15,32.71,30.20,30.14,30.10,"Fri Apr 17, 2026 - 13:21:02",User,1.5,ppm,,,,,,Mining,,<LOD,1.6112,0.6292,132538.6719 , 2470.1072,2.8615,<LOD,1.6266,0.2562,<LOD,3.3300,0.0953,452.7363 , 23.1598,15.5427,443140.7188 , 6051.6646,<LOD,1.5607,0.1453,29463.7090 , 231.3603,36.8893,<LOD,2.3850,1.0792,<LOD,41.5125,0.6480,<LOD,72.5677,21.3279,135.6477 , 7.1937,3.7832,31.3430 , 3.5244,0.4218,58969.5352 , 235.3649,137.7024,<LOD,0.0000,0.0000,19.9107 , 2.5435,0.3559,6785.7856 , 109.1155,4.6192,19161.5137 , 4044.0583,0.0884,195.7739 , 23.8521,0.9388,<LOD,1.0796,3.9444,4.6311 , 0.6051,2.6055,<LOD,9.4725,0.2662,1839.4648 , 174.2952,0.4963,6.7662 , 1.1071,0.3078,<LOD,1.3664,0.4019,29.0712 , 1.0952,1.3968,<LOD,0.0000,0.0000,46998.7266 , 202.0039,16.8184,<LOD,4.5764,3.3921,<LOD,0.9258,0.1932,253786.7344 , 698.1194,24.3802,19.4784 , 2.5580,3.0396,276.4200 , 1.7166,14.2825,<LOD,0.0000,0.0000,3.2540 , 0.8505,0.2956,5762.8560 , 51.2142,19.6251,<LOD,2.4765,0.4953,214.1998 , 15.0402,3.8083,<LOD,7.8393,0.2002,17.0426 , 0.7513,2.1449,39.9436 , 2.9073,0.5437,106.0744 , 1.3192,10.5922,9,392.000000,39.004826,-122.671158,10.000000,528473.062500,4317363.500000,
927,Mining,122.97,32.69,30.13,30.06,30.09,"Fri Apr 17, 2026 - 13:24:11",User,1.5,ppm,,,,,,Mining,,<LOD,1.4707,0.6129,138828.4844 , 2484.2080,2.9936,<LOD,1.5813,0.2636,<LOD,3.3072,0.1069,470.4999 , 21.7745,16.5101,407836.0312 , 6110.7344,<LOD,1.4511,0.1422,37976.8164 , 248.0461,47.5771,<LOD,2.2344,1.1156,<LOD,43.8261,0.6873,<LOD,60.0284,13.8205,124.8476 , 6.3865,3.4219,22.0628 , 3.2242,0.3954,38211.3398 , 186.1913,88.7027,<LOD,0.0000,0.0000,34.2299 , 2.7638,0.4912,8376.6172 , 109.0261,5.6214,24560.7109 , 3995.9827,0.0918,468.3199 , 28.3729,1.2561,<LOD,1.7343,4.5072,5.5968 , 0.6140,2.9448,<LOD,8.2116,0.2793,1287.6719 , 153.7879,0.3546,9.2210 , 1.1037,0.3484,<LOD,1.3752,0.4832,33.5492 , 1.1649,1.7763,<LOD,0.0000,0.0000,28313.9062 , 160.9259,10.1972,<LOD,4.2837,3.5242,<LOD,0.8868,0.1986,306176.8438 , 786.4350,30.5914,19.2069 , 2.3889,3.1340,318.3448 , 1.8541,17.8494,<LOD,0.0000,0.0000,3.1022 , 0.8072,0.3124,6474.7251 , 51.0357,21.6967,6.5178 , 1.1842,0.6839,233.0109 , 14.3942,4.1011,<LOD,7.3983,0.2003,21.3609 , 0.7771,2.6217,75.0082 , 3.3680,0.8195,111.9979 , 1.3405,12.3570,10,392.500000,39.004833,-122.671165,10.000000,528472.625000,4317364.500000,
928,Mining,120.34,30.11,30.03,30.11,30.09,"Fri Apr 17, 2026 - 13:26:51",User,1.5,ppm,,,,,,Mining,,<LOD,1.4409,0.6165,140923.9531 , 2541.5564,3.0398,<LOD,1.5091,0.2585,<LOD,3.2193,0.1086,442.9206 , 21.1853,16.2457,402382.9688 , 6197.3081,<LOD,1.4298,0.1483,37794.9570 , 251.8548,48.5630,<LOD,2.1837,1.1165,<LOD,44.9246,0.7098,<LOD,59.4288,14.6965,124.5304 , 6.3722,3.5170,17.6344 , 3.0420,0.3778,39311.5039 , 198.2969,93.7527,<LOD,0.0000,0.0000,35.1283 , 2.7323,0.5140,8633.3164 , 110.4607,5.9263,29029.8574 , 4213.8184,0.1007,455.9760 , 27.4110,1.2697,<LOD,1.0522,4.4580,5.5708 , 0.5953,2.9730,<LOD,8.1263,0.2922,1518.4702 , 166.5886,0.4138,7.8645 , 1.0509,0.3384,<LOD,1.3440,0.4833,32.2539 , 1.1175,1.7462,<LOD,0.0000,0.0000,29135.5723 , 168.8615,10.7858,<LOD,4.1978,3.5622,<LOD,0.8670,0.2038,302883.5000 , 818.7809,31.0535,20.9576 , 2.3397,3.1530,317.0474 , 1.8536,18.1717,<LOD,0.0000,0.0000,3.9225 , 0.8029,0.3352,6498.0107 , 51.9065,22.4182,5.5275 , 1.1389,0.6774,214.9870 , 14.2640,4.1491,<LOD,7.3912,0.2149,20.8485 , 0.7511,2.6236,72.1598 , 3.2432,0.8150,110.5746 , 1.3130,12.5107,9,393.100006,39.004837,-122.671173,10.000000,528472.062500,4317365.000000,
929,Mining,122.86,32.62,30.06,30.10,30.08,"Fri Apr 17, 2026 - 13:30:06",User,1.5,ppm,,,,,,Mining,,<LOD,1.5277,0.6187,151107.2969 , 2660.3267,3.2285,<LOD,1.5224,0.2455,<LOD,3.4203,0.1130,474.9920 , 22.4190,16.3396,410790.5625 , 6566.4790,<LOD,1.4481,0.1395,31057.2695 , 221.0658,37.7165,<LOD,2.3011,1.1052,<LOD,42.6594,0.6598,<LOD,60.5959,14.0517,137.1399 , 6.3859,3.5007,28.7492 , 3.3522,0.4204,38917.6211 , 189.6899,88.8303,<LOD,0.0000,0.0000,25.0750 , 2.5939,0.4168,8003.4258 , 106.0115,5.2123,34102.0273 , 4052.0000,0.1009,429.4497 , 27.5198,1.1754,<LOD,1.0658,4.2258,5.8743 , 0.6038,2.8386,<LOD,8.2501,0.2728,1775.1677 , 166.4270,0.4297,6.9159 , 1.0466,0.3080,<LOD,1.3500,0.4315,24.2778 , 1.0248,1.3288,<LOD,0.0000,0.0000,15548.2559 , 115.5189,5.4574,<LOD,4.4364,3.5553,<LOD,0.8922,0.1952,300334.6562 , 783.2161,28.2843,18.8008 , 2.4566,3.0949,287.1276 , 1.7501,15.7995,<LOD,0.0000,0.0000,3.2396 , 0.7978,0.2978,6491.2275 , 50.2077,21.2794,3.6307 , 1.0928,0.5734,235.9197 , 14.1429,4.0326,<LOD,7.6582,0.2116,18.7732 , 0.7333,2.3145,63.6479 , 3.1991,0.7271,108.8712 , 1.3076,11.5691,10,393.899994,39.004841,-122.671173,10.000000,528471.937500,4317365.000000,
930,Mining,122.97,32.73,30.08,30.14,30.02,"Fri Apr 17, 2026 - 13:32:42",User,1.5,ppm,,,,,,Mining,,<LOD,1.5135,0.6072,149165.0312 , 2566.9121,3.1868,<LOD,1.5304,0.2523,<LOD,3.3067,0.1072,483.3993 , 22.6129,16.6926,420783.6875 , 6351.9204,<LOD,1.4360,0.1395,31308.2949 , 221.4550,38.0774,<LOD,2.2874,1.0879,<LOD,41.2554,0.6509,<LOD,59.7793,13.8807,134.6448 , 6.4491,3.5105,22.1989 , 3.2000,0.3894,38775.6211 , 182.5243,88.5407,<LOD,0.0000,0.0000,21.3823 , 2.4821,0.3849,7865.7305 , 105.8415,5.1304,32557.0879 , 3897.6101,0.0979,430.0816 , 27.4211,1.1852,<LOD,1.0644,4.2958,5.6148 , 0.5989,2.8390,<LOD,8.2300,0.2808,1718.3557 , 160.1189,0.4193,7.3183 , 1.0523,0.3168,<LOD,1.4127,0.4769,25.0717 , 1.0290,1.3696,<LOD,0.0000,0.0000,15048.5381 , 110.2817,5.2848,<LOD,4.4852,3.6540,<LOD,0.8952,0.2034,294553.0625 , 752.8981,27.5816,14.7071 , 2.4590,3.0943,286.2971 , 1.7156,15.7690,<LOD,0.0000,0.0000,4.0310 , 0.8047,0.3143,6338.9053 , 49.8242,20.8735,4.2755 , 1.0886,0.5803,250.6230 , 14.3197,4.0656,<LOD,7.5940,0.2116,18.4659 , 0.7268,2.3129,66.1820 , 3.2055,0.7429,111.4137 , 1.3031,11.7561,9,394.700012,39.004841,-122.671173,10.000000,528471.750000,4317365.000000,
931,Mining,120.45,30.29,30.05,30.06,30.05,"Fri Apr 17, 2026 - 13:35:45",User,1.5,ppm,,,,,,Mining,,<LOD,1.4217,0.6122,126977.1484 , 2236.4304,2.7392,<LOD,1.4754,0.2487,<LOD,3.0946,0.1036,398.0569 , 20.8231,15.9845,454087.2812 , 5470.1904,<LOD,1.3884,0.1441,41526.8242 , 237.3043,52.7623,<LOD,2.1868,1.1477,<LOD,41.8004,0.6805,<LOD,54.7853,12.2130,133.3467 , 5.8704,3.3988,10.0683 , 2.8467,0.3394,33371.0352 , 155.4110,78.3619,<LOD,0.0000,0.0000,26.0669 , 2.4652,0.4285,7852.2915 , 97.8659,5.3691,22574.3262 , 3637.8420,0.0827,389.4701 , 26.1421,1.1290,<LOD,1.0380,4.5357,5.9749 , 0.5911,3.0703,<LOD,7.4942,0.2619,1647.2767 , 162.6542,0.4336,8.4442 , 1.0423,0.3439,<LOD,1.2897,0.4519,28.7891 , 1.0506,1.6000,<LOD,0.0000,0.0000,14511.5967 , 109.3805,5.3779,<LOD,4.1763,3.6074,<LOD,0.8346,0.1953,289501.9062 , 736.5329,28.4766,16.0232 , 2.3090,3.1210,311.1572 , 1.7227,18.0483,<LOD,0.0000,0.0000,3.5508 , 0.7791,0.3263,6216.0576 , 45.7096,20.9713,3.9181 , 1.0838,0.6362,186.4944 , 12.7983,3.7793,<LOD,6.8828,0.1911,20.5639 , 0.7346,2.6187,82.5055 , 3.3395,0.8900,109.7904 , 1.2718,12.5723,9,395.100006,39.004833,-122.671173,10.000000,528471.625000,4317364.500000,
932,Mining,122.77,32.55,30.03,30.10,30.09,"Fri Apr 17, 2026 - 13:38:21",User,1.5,ppm,,,,,,Mining,,<LOD,1.4171,0.6345,122589.8672 , 2031.4440,2.6459,<LOD,1.3820,0.2326,<LOD,3.0707,0.1087,382.6609 , 20.3514,15.9240,478122.3750 , 4989.5215,<LOD,1.2323,0.1206,34604.4336 , 206.9947,44.2833,<LOD,2.1503,1.1561,<LOD,38.9805,0.6635,<LOD,53.3951,12.2959,111.6839 , 5.3963,3.1521,9.5776 , 2.7707,0.3413,32757.0605 , 144.4031,78.8388,<LOD,0.0000,0.0000,24.1133 , 2.3537,0.4165,7236.3813 , 91.5592,4.9873,20782.0527 , 3319.6572,0.0788,380.1925 , 25.4637,1.1343,<LOD,0.9931,4.4410,3.1763 , 0.5595,2.9274,<LOD,7.2279,0.2550,1728.1189 , 153.4279,0.4351,6.5589 , 0.9744,0.3198,<LOD,1.2298,0.4252,27.2708 , 1.0001,1.5510,<LOD,0.0000,0.0000,14111.8633 , 101.8735,5.2524,<LOD,4.0712,3.5489,<LOD,0.8191,0.2000,280644.5312 , 687.0422,27.4035,12.8892 , 2.2510,3.0749,295.9465 , 1.6182,17.6718,<LOD,0.0000,0.0000,2.7934 , 0.7011,0.2857,5788.5732 , 42.2748,20.0703,2.4888 , 1.0276,0.6092,184.3946 , 12.0338,3.6835,<LOD,6.4703,0.1791,21.1728 , 0.7210,2.7016,69.1495 , 3.0881,0.8090,100.6918 , 1.1994,12.0970,10,395.600006,39.004826,-122.671173,10.000000,528471.625000,4317363.500000,
933,Mining,120.09,30.06,30.14,30.08,29.81,"Fri Apr 17, 2026 - 13:43:44",User,1.5,ppm,,,,,,Mining,,<LOD,1.4644,0.5808,102052.4219 , 2119.4026,2.2064,<LOD,1.5606,0.2518,<LOD,3.2259,0.0982,310.3896 , 20.6327,13.5809,538543.7500 , 5510.5674,<LOD,1.3674,0.1214,40790.4961 , 241.4085,50.6306,<LOD,2.2473,1.0887,<LOD,43.8055,0.8033,<LOD,62.1384,14.7278,115.4356 , 6.1451,3.1960,40.3054 , 3.6335,0.4855,40621.9688 , 165.2441,93.1097,<LOD,0.0000,0.0000,4.2333 , 2.0857,0.2319,11060.8242 , 121.0358,7.2553,31863.1309 , 3847.3330,0.0917,625.4415 , 30.7372,1.4752,<LOD,1.0670,4.1820,4.6054 , 0.6042,2.7975,<LOD,8.5017,0.2846,996.9069 , 129.8682,0.2820,7.8156 , 1.0751,0.3178,<LOD,1.2835,0.3980,34.5064 , 1.1352,1.6963,<LOD,0.0000,0.0000,3604.0896 , 56.2249,1.5017,<LOD,4.2267,3.2999,<LOD,0.8558,0.1738,222780.6406 , 650.6368,19.9273,13.6880 , 2.3190,2.7844,275.0963 , 1.6287,15.0209,<LOD,0.0000,0.0000,3.2540 , 0.7805,0.2885,5632.7559 , 45.2750,18.5736,2.1854 , 1.0487,0.5190,134.3402 , 12.8217,3.2205,<LOD,8.6733,0.2646,15.0941 , 0.7290,2.2194,365.7937 , 6.3383,2.7778,100.8345 , 1.2589,10.8853,9,397.799988,39.005173,-122.671196,10.000000,528469.500000,4317402.000000,
934,Mining,120.17,30.08,30.00,30.03,30.06,"Fri Apr 17, 2026 - 13:46:30",User,1.5,ppm,,,,,,Mining,,<LOD,1.7454,0.5169,79144.5078 , 2474.9731,1.7228,<LOD,1.5914,0.1938,<LOD,3.3411,0.0748,341.2458 , 24.2017,11.7455,563590.7500 , 6599.7124,<LOD,1.4475,0.0966,38786.8398 , 220.2099,37.3065,<LOD,2.6241,0.9255,<LOD,46.7407,0.6020,<LOD,62.9204,10.3557,102.2449 , 5.7846,2.2796,111.5168 , 5.1168,0.6827,36844.3555 , 137.6598,65.9082,<LOD,0.0000,0.0000,<LOD,3.1407,0.1597,7685.6309 , 102.7669,4.0569,26395.6836 , 4324.1973,0.0781,549.8507 , 31.7339,1.0798,<LOD,1.0853,3.1782,1.0340 , 0.6018,2.0426,<LOD,8.8298,0.2287,731.6245 , 134.2340,0.1930,4.3177 , 1.0599,0.2187,<LOD,1.4840,0.3313,21.5039 , 1.0133,0.9272,<LOD,0.0000,0.0000,1804.5818 , 49.2176,0.7425,<LOD,4.9416,2.8099,<LOD,0.9125,0.1420,237892.1719 , 675.1007,16.5252,15.2181 , 2.7231,2.4049,246.1250 , 1.5641,10.7240,<LOD,0.0000,0.0000,3.4982 , 0.8168,0.2226,5206.3965 , 41.9232,13.3856,<LOD,1.8525,0.3630,138.3195 , 12.3011,2.3808,<LOD,9.2041,0.2117,12.4477 , 0.7217,1.5656,280.7383 , 5.9844,1.7743,89.4147 , 1.2515,7.8613,8,399.700012,39.005180,-122.671204,10.000000,528468.750000,4317403.000000,
935,Mining,120.35,30.12,30.02,30.12,28.00,"Fri Apr 17, 2026 - 13:49:26",User,1.5,ppm,,,,,,Mining,,<LOD,1.5337,0.5615,90905.6484 , 2056.2317,1.9700,2.7503 , 1.1935,0.3738,<LOD,3.1776,0.0900,232.1198 , 19.8268,11.8860,569012.1250 , 5312.9033,<LOD,1.4707,0.1327,29772.0293 , 200.2829,35.2314,<LOD,2.2194,1.0393,<LOD,41.0746,0.6257,<LOD,63.8985,15.0379,112.3758 , 5.7257,2.9213,72.3301 , 4.2421,0.6249,42785.4023 , 158.2545,95.5738,<LOD,0.0000,0.0000,9.6848 , 2.2059,0.2627,9609.3564 , 111.2376,6.0024,24361.4395 , 3704.1570,0.0768,596.3299 , 30.4907,1.4032,<LOD,1.0517,3.9565,3.7336 , 0.5948,2.6500,<LOD,8.6533,0.2687,778.7501 , 125.5709,0.2300,6.1576 , 1.0535,0.2882,<LOD,1.2519,0.3685,40.4496 , 1.2020,1.8400,<LOD,0.0000,0.0000,4389.9556 , 62.8848,1.6900,<LOD,4.1449,3.1083,<LOD,0.8450,0.1616,221546.5781 , 649.9145,18.6087,9.9716 , 2.2497,2.5352,252.4595 , 1.5451,13.3496,<LOD,0.0000,0.0000,2.4427 , 0.8062,0.2783,5040.5830 , 41.5673,16.3403,<LOD,2.0515,0.4785,145.5917 , 12.0405,2.9715,<LOD,7.8498,0.2043,14.8621 , 0.7451,2.1868,195.9476 , 4.8858,1.5724,100.9455 , 1.2518,10.3062,9,405.299988,39.005199,-122.671181,10.000000,528470.875000,4317405.000000,
936,Mining,122.95,32.61,30.05,30.10,30.19,"Fri Apr 17, 2026 - 13:52:02",User,1.5,ppm,,,,,,Mining,,2.0664 , 1.0065,0.6006,94218.3672 , 1982.9800,2.0423,<LOD,1.6286,0.2776,<LOD,2.9363,0.0784,244.3584 , 19.9928,11.9984,548900.4375 , 5210.7407,<LOD,1.3619,0.1166,34600.3125 , 210.3784,41.4434,<LOD,2.2091,1.0105,<LOD,39.8580,0.6710,<LOD,62.6095,14.6024,107.0952 , 5.5671,2.8655,105.6049 , 4.7193,0.7938,41518.9805 , 156.3125,92.9582,<LOD,0.0000,0.0000,<LOD,4.3212,0.2061,9279.1650 , 106.7815,5.8849,26805.7578 , 3588.3152,0.0819,635.4414 , 30.8787,1.4575,<LOD,1.0523,4.0596,2.9249 , 0.5849,2.6147,<LOD,8.3064,0.2477,848.3688 , 120.0509,0.2411,8.0890 , 1.0851,0.3140,<LOD,1.2499,0.3616,42.9419 , 1.2219,1.9589,<LOD,0.0000,0.0000,4651.7793 , 60.8184,1.7961,<LOD,4.1585,3.0769,<LOD,0.8343,0.1650,232266.5156 , 627.8933,20.0023,9.1661 , 2.2587,2.5214,265.9298 , 1.5772,14.1447,<LOD,0.0000,0.0000,2.8951 , 0.7776,0.2774,4995.7163 , 40.8848,16.2756,<LOD,2.5513,0.4935,139.3203 , 11.7520,2.9390,<LOD,8.1617,0.2272,16.0233 , 0.7538,2.2927,231.4120 , 5.1993,1.8236,101.3593 , 1.2517,10.5429,7,402.799988,39.005161,-122.671196,10.000000,528469.937500,4317401.000000,
937,Mining,120.32,30.14,30.01,30.09,30.08,"Fri Apr 17, 2026 - 13:54:29",User,1.5,ppm,,,,,,Mining,,<LOD,2.6482,0.6034,92527.7031 , 2034.9753,2.0019,<LOD,1.6888,0.2960,<LOD,3.3626,0.0980,290.4289 , 21.4425,12.6918,564913.1250 , 5299.4312,<LOD,1.4543,0.1265,38929.2109 , 228.1130,45.5839,<LOD,2.3337,1.0191,<LOD,38.3689,0.5812,<LOD,62.5517,13.6086,103.2618 , 5.7575,2.7297,39.1598 , 3.6885,0.4590,39728.5820 , 151.8638,86.2832,<LOD,0.0000,0.0000,<LOD,4.6093,0.2055,9167.5557 , 110.2823,5.7380,25148.5879 , 3612.1792,0.0771,588.4424 , 30.7623,1.3493,<LOD,1.0653,3.9349,3.4692 , 0.5961,2.5781,<LOD,8.3659,0.2443,873.4861 , 120.4366,0.2307,7.1535 , 1.0816,0.2948,<LOD,1.3613,0.3905,40.8715 , 1.2097,1.8196,<LOD,0.0000,0.0000,1092.1261 , 37.7779,0.6207,<LOD,4.3975,3.0965,<LOD,0.9081,0.1807,219966.3594 , 627.5764,18.3394,11.0846 , 2.4123,2.6127,284.3134 , 1.6507,14.7439,<LOD,0.0000,0.0000,<LOD,1.7397,0.2505,5553.3408 , 42.9307,17.1575,<LOD,1.5405,0.4596,128.9719 , 12.3796,2.9271,<LOD,9.3815,0.2842,14.5570 , 0.7495,2.1481,490.4965 , 7.3650,3.4517,97.6809 , 1.2653,10.2366,9,401.200012,39.005150,-122.671188,10.000000,528470.375000,4317399.500000,
938,Mining,122.90,32.63,30.08,30.02,30.17,"Fri Apr 17, 2026 - 13:57:03",User,1.5,ppm,,,,,,Mining,,<LOD,2.5285,0.6157,101113.5547 , 2040.2178,2.1809,<LOD,1.6621,0.2850,<LOD,3.4139,0.1045,320.1342 , 21.6270,13.3290,553994.4375 , 5198.7188,<LOD,1.4281,0.1255,39942.3789 , 235.6151,48.4025,<LOD,2.3642,1.0757,<LOD,38.2659,0.6170,<LOD,63.4393,14.7484,109.8491 , 6.0084,2.9548,50.1598 , 3.8869,0.5284,41920.1406 , 158.1415,93.6458,<LOD,0.0000,0.0000,<LOD,3.2185,0.2057,10154.9883 , 116.8527,6.5260,23246.3574 , 3487.0708,0.0751,680.1727 , 31.7912,1.5234,<LOD,1.0767,4.1295,4.8444 , 0.6079,2.7607,<LOD,8.5667,0.2666,856.5748 , 119.5594,0.2423,7.9597 , 1.1013,0.3156,<LOD,1.3574,0.3974,43.2934 , 1.2398,1.9684,<LOD,0.0000,0.0000,1537.1642 , 40.5252,0.7755,<LOD,4.4573,3.2926,<LOD,0.9052,0.1803,219103.8750 , 621.1548,18.9088,9.8333 , 2.4119,2.6688,286.5715 , 1.6537,15.1081,<LOD,0.0000,0.0000,3.7283 , 0.8193,0.3025,5727.3149 , 44.9012,18.3338,<LOD,2.4039,0.4990,154.8465 , 13.0383,3.2358,<LOD,14.7673,0.3771,17.6247 , 0.7770,2.3824,606.9251 , 8.0945,4.2933,107.3436 , 1.2994,11.0675,8,402.799988,39.005142,-122.671158,10.000000,528472.937500,4317398.500000,
939,Mining,122.74,32.51,30.08,30.05,30.10,"Fri Apr 17, 2026 - 13:59:40",User,1.5,ppm,,,,,,Mining,,<LOD,1.8757,0.6107,103334.3828 , 1971.9688,2.2309,5.0443 , 1.2511,0.4704,<LOD,3.1538,0.0989,289.4713 , 20.1025,13.3724,533948.1875 , 5141.5898,<LOD,1.4833,0.1511,34071.5273 , 221.1507,42.8807,<LOD,2.2200,1.1117,<LOD,36.5556,0.6116,<LOD,61.6761,15.5272,120.4038 , 6.0739,3.2314,101.6174 , 4.5769,0.8149,41800.2070 , 161.3038,98.3376,<LOD,0.0000,0.0000,24.6760 , 2.5596,0.4112,9163.4873 , 111.8461,6.1129,30250.7520 , 3529.4563,0.0876,541.1212 , 28.8039,1.3855,<LOD,1.0379,4.2773,5.1152 , 0.5870,2.8749,<LOD,8.6024,0.3137,1103.0580 , 124.7899,0.2925,8.2513 , 1.0753,0.3362,<LOD,1.2725,0.4084,42.8152 , 1.2053,2.0535,<LOD,0.0000,0.0000,3216.2056 , 51.0296,1.3694,<LOD,4.1641,3.3650,<LOD,0.8573,0.1876,235743.2031 , 630.5801,21.3659,9.8626 , 2.2527,2.7226,267.8047 , 1.5700,14.9680,<LOD,0.0000,0.0000,2.9035 , 0.8127,0.3162,5443.6450 , 44.7284,18.5600,<LOD,2.4213,0.5525,140.1179 , 12.7517,3.2770,<LOD,8.1676,0.2482,15.0832 , 0.7313,2.3475,236.9283 , 5.1568,1.9556,114.1793 , 1.2814,11.9386,3,402.200012,39.005150,-122.671257,10.000000,528464.437500,4317399.500000,
